chrom,pos,beta,F,p,LOD,n
chr01,131685,0.0005999999999999995,0.3136163982430453,0.5773097129935534,0.23859113561756987,70
chr01,131821,0.00020882352941176485,0.03955429901957169,0.84295685793841,0.074194651755728,69
chr01,200772,-0.000918650793650793,0.7612518978080679,0.3859631344754684,0.41345417527249034,71
chr01,200779,0.0010236928104575159,0.9268702762801588,0.339088675761977,0.46968671372001497,70
chr01,222996,-0.0016112689393939395,2.3657915491653365,0.12902876687930867,0.8893134532344283,65
chr01,223269,-0.0016112689393939395,2.3657915491653365,0.12902876687930867,0.8893134532344283,65
chr01,238341,0.0006336805555555555,0.3373406049959567,0.5633464037213796,0.24922447377778598,68
chr01,238503,0.0006908271908271914,0.41795959512887326,0.5201330737987154,0.2838855297829602,70
chr01,238526,0.0006107954545454545,0.28519005570436384,0.5951989208090483,0.22533786490690239,65
chr01,243020,0.0004673202614379081,0.1927586517601568,0.6620224118269786,0.1791273078895595,70
chr01,244975,-0.0005874403815580288,0.3087728551825962,0.5802315149539334,0.2363986864280646,71
chr01,251624,0.0005874403815580287,0.3087728551825962,0.5802315149539334,0.2363986864280646,71
chr01,351727,0.00047058823529411744,0.18416463201953331,0.6692159984056019,0.17443368525862527,68
chr01,378870,0.0005428571428571426,0.25650992685475515,0.6141663417414203,0.2117139879523924,70
chr01,409030,0.0005351307189542479,0.24900269656118162,0.6193887069991519,0.20803671717855832,70
chr01,409188,0.001026267281105991,0.8724884766927593,0.3537781971353281,0.45126893557436587,66
chr01,412390,-0.0007433155080213902,0.4498225051717835,0.5047954651521408,0.29688455524618806,67
chr01,412674,-0.0005331932773109241,0.24030533393061385,0.6255871722386507,0.20371216513216966,69
chr01,415635,-0.0005835497835497838,0.2798330839692764,0.5985852985502615,0.22287395377865837,68
chr01,460564,0.00037142857142857154,0.12174115702829522,0.7282317687694881,0.1377303790956519,70
chr01,475305,-0.00040953654188948294,0.13656808974248627,0.7129181684941485,0.14696031728840014,67
chr01,476636,-0.0002957516339869278,0.07707287826245321,0.7821463645617942,0.10671196896878166,70
chr01,476659,-0.0004181240063593005,0.15608598927768794,0.6940046346174855,0.15863762928278358,71
chr01,494511,-0.00046590909090909094,0.1859337156813289,0.6677069574769925,0.17541409841362937,69
chr01,545840,-0.000789014821272886,0.5221637114388112,0.4724730134790792,0.32562299230144237,68
chr01,553844,0.0008914473684210526,0.6927752276078663,0.4081356635667269,0.3891954542012209,70
chr01,556600,-0.000697635135135135,0.4171966171223625,0.5205453824134427,0.28354140165285924,69
chr01,572004,0.000804924242424242,0.5041172203363528,0.48031652542296355,0.31847247108216803,65
chr01,572024,-0.000804924242424242,0.5041172203363528,0.48031652542296355,0.31847247108216803,65
chr01,592304,0.0008317307692307687,0.6167892269963047,0.43493140402491304,0.3615792331662732,71
chr01,611254,0.001161483253588516,1.2190486878527114,0.27338297700015607,0.5632285315570269,71
chr01,611258,-0.0011614832535885161,1.2190486878527114,0.27338297700015607,0.5632285315570269,71
chr01,611281,0.001161483253588516,1.2190486878527114,0.27338297700015607,0.5632285315570269,71
chr01,611393,0.001161483253588516,1.2190486878527114,0.27338297700015607,0.5632285315570269,71
chr01,639463,0.0009595238095238097,0.725197479413583,0.39766980754352543,0.40047738088980356,65
chr01,642128,0.0011388888888888883,1.0088777566573797,0.31895442933455426,0.49627136240457403,66
chr01,643414,0.0010580808080808083,0.9722808800942911,0.3276595495675274,0.4845771701035554,69
chr01,679690,-0.001397619047619047,1.7879280423827897,0.1855703921752167,0.7314913144353701,71
chr01,684439,0.001397619047619047,1.7879280423827897,0.1855703921752167,0.7314913144353701,71
chr01,684464,0.001397619047619047,1.7879280423827897,0.1855703921752167,0.7314913144353701,71
chr01,709138,-0.0014512605042016804,1.8292229892567489,0.1807665412654149,0.7428819515625988,69
chr01,722292,-0.0014999999999999998,1.7984321028444403,0.184717238273232,0.7334925732246069,65
chr01,732608,-0.0014428571428571426,1.8554218156529143,0.17764932487712032,0.7504364386260937,70
chr01,764433,-0.0018142857142857142,3.0143354990490594,0.08706025292712259,1.0601800754660762,70
chr01,855655,0.0015666666666666663,2.2616333110409026,0.1371777817591952,0.8627162242033675,71
chr01,855789,0.0014571428571428572,1.9232099168161831,0.17003274597480802,0.7694674314061212,70
chr01,903574,0.001306818181818182,1.4908307833427725,0.22636702455627183,0.6451868376263916,69
chr01,906860,0.0012769607843137248,1.4661373910950644,0.23014775613439278,0.6379932549790092,70
chr01,925316,-0.0009439338235294112,0.8096360797831239,0.3716011071027556,0.4299230007927623,66
chr01,954863,0.0011047619047619046,0.9526430560885621,0.3327804624522829,0.4778421790707286,65
chr01,964194,-0.0007190860215053761,0.42317224176152557,0.5176512494717598,0.28596273338076456,67
chr01,1021452,-0.0010069615069615073,0.8882730435060626,0.3492821776387206,0.45682357396907547,70
chr01,1026340,0.0007127288578901481,0.4270717128843264,0.515699688751889,0.28760313070958904,68
chr01,1048089,0.000986922406277245,0.8010592844601502,0.37402940316503486,0.42709425573965515,68
chr01,1096028,0.0013596491228070177,1.5520806680627377,0.21723295697693748,0.6630742861391966,68
chr01,1096036,0.0013596491228070177,1.5520806680627377,0.21723295697693748,0.6630742861391966,68
chr01,1125870,-0.0020427631578947376,3.855630368859239,0.053669812756233774,1.270269919881146,70
chr01,1125872,0.0020427631578947376,3.855630368859239,0.053669812756233774,1.270269919881146,70
chr01,1139517,-0.002004914004914006,3.781354351339422,0.05596418134768549,1.2520898447808808,70
chr01,1164849,-0.002202702702702703,4.007390648567117,0.049611412776521015,1.3044184054509942,65
chr01,1205428,-0.002040747028862479,3.7261954356026066,0.05779938998391222,1.238076745109208,69
chr01,1206984,0.0023727106227106214,4.668617312281626,0.03440973391192813,1.4633186857350164,67
chr01,1207368,-0.0021584249084249077,3.873822731184584,0.05331282309085762,1.2731683195324546,67
chr01,1237179,-0.0019040529363110001,3.3256336242161697,0.07260252694577195,1.1390482633287449,70
chr01,1237241,0.002019758064516129,3.778011179552053,0.05600966303767375,1.251737040102534,71
chr01,1308414,-0.0019413919413919405,3.1155511836803695,0.0822454546198315,1.0848880944487824,67
chr01,1310641,-0.002019758064516129,3.778011179552053,0.05600966303767375,1.251737040102534,71
chr01,1310850,-0.002019758064516129,3.778011179552053,0.05600966303767375,1.251737040102534,71
chr01,1369076,0.0023333333333333335,4.627003765465303,0.035253970673048994,1.4527919611043951,66
chr01,1394356,-0.0018089285714285711,2.781480189940408,0.10009836229509118,0.9995730279354984,68
chr01,1401980,-0.002103950103950104,3.2858981657857673,0.07479875399733137,1.1261056365819357,63
chr01,1446475,-0.0018320070733863839,2.868712475923482,0.095031967091872,1.022130281065686,68
chr01,1456038,-0.0018803571428571426,3.032580809300751,0.08626743255584082,1.064153127004697,68
chr01,1517611,0.0020066170388751024,3.635031648412287,0.060801918919674666,1.2160827140977415,70
chr01,1560405,-0.001654605263157895,2.444540084328233,0.12257669432656922,0.9115920949686375,70
chr01,1560447,-0.001654605263157895,2.444540084328233,0.12257669432656922,0.9115920949686375,70
chr01,1569992,0.0016474358974358973,2.0952363448683897,0.1527169815694633,0.8161126683014035,65
chr01,1653991,-0.0014552631578947364,1.800919331607828,0.18420001594388125,0.7347103365477511,68
chr01,1704109,0.0012407407407407404,1.0652158175002808,0.30624086693436514,0.5139368544613813,61
chr01,1884958,-0.0012013184584178497,1.07386642879745,0.3041643748187254,0.5168916539440185,63
chr01,1913773,0.0016090225563909768,2.0678018805468823,0.1553101944985922,0.808800036420995,66
chr01,1987026,0.0017048387096774186,2.650008047287935,0.10810747446716827,0.9661442782240565,71
chr01,1994535,0.0016656495204882302,2.4305127193044718,0.12377658409100085,0.9073615068661756,68
chr01,1994595,0.0019027777777777775,3.1025784738885283,0.0829446092681358,1.0812118343675148,66
chr01,2022653,0.0017522746071133158,2.735675890931296,0.10273936918669759,0.9882631051444575,70
chr01,2086633,-0.0015833333333333329,2.234293141298924,0.13960474833829972,0.8550998099216597,70
chr01,2108744,-0.0015246710526315794,2.0952679280720345,0.15235059327867317,0.8171558502227168,70
chr01,2120416,0.0016714743589743596,2.5605322697535255,0.11413082433501902,0.9425970459350494,71
chr01,2120420,-0.001671474358974359,2.5605322697535198,0.11413082433501902,0.9425970459350494,71
chr01,2139637,-0.001671474358974359,2.5605322697535198,0.11413082433501902,0.9425970459350494,71
chr01,2168473,0.0020383986928104564,3.8009895014361765,0.055347486451661015,1.2569020973681064,70
chr01,2224895,-0.0016163101604278072,2.1798304433193625,0.14465835855499187,0.8396564671702856,67
chr01,2224903,-0.0016163101604278072,2.1798304433193625,0.14465835855499187,0.8396564671702856,67
chr01,2224907,-0.0016163101604278072,2.1798304433193625,0.14465835855499187,0.8396564671702856,67
chr01,2236918,-0.001530252100840336,2.0808324751733513,0.1538175451611516,0.8129941240138967,69
chr01,2298034,-0.0015999999999999996,2.3323635568194265,0.13134769010772776,0.8815775603525094,70
chr01,2298264,-0.0015999999999999996,2.3323635568194265,0.13134769010772776,0.8815775603525094,70
chr01,2327205,0.0017436868686868687,2.7046116753865377,0.10474281745907671,0.9798757482646545,69
chr01,2362289,-0.0017861111111111107,2.9687534977791166,0.08936636531290376,1.0488259052257458,71
chr01,2362398,-0.0017861111111111107,2.9687534977791166,0.08936636531290376,1.0488259052257458,71
chr01,2362914,-0.0018428571428571422,3.0808276613122776,0.0837240572249573,1.0771497341351122,70
chr01,2363350,-0.001691176470588235,2.4675041980222625,0.12100449163724004,0.9171985085507967,68
chr01,2387165,-0.001661319073083779,2.2965124940165054,0.1345130451808617,0.8712355953988603,67
chr01,2435235,-0.0013576850094876656,1.4289201701028167,0.23642106854862252,0.6263138241245407,65
chr01,2446840,-0.0011316017316017311,1.0883756170356658,0.3006376776434415,0.5219565920550647,68
chr01,2449842,0.001160353535353535,1.1713562695145956,0.28300264529836183,0.5482095049947476,69
chr01,2502358,0.0015103174603174592,2.097012662805931,0.1521161626473748,0.8178246388355968,71
chr01,2502602,-0.0013964646464646457,1.7024676271372747,0.19642946245788104,0.7067933718278714,69
chr01,2514066,0.0013999999999999998,1.7714750718819459,0.18764516844524612,0.7266626134762253,70
chr01,2541995,0.0014508928571428574,1.7967900552575835,0.18476750877914236,0.7333743967443693,67
chr01,2561595,-0.0014909539473684215,1.9916186313208908,0.16273084796183768,0.7885301125227736,70
chr01,2594237,-0.0014702886247877757,1.8760699990275598,0.175354687471793,0.7560826203389404,69
chr01,2617554,0.0015861244019138745,2.308643492946783,0.13322548272815,0.8754126974650428,71
chr01,2681870,0.0015861244019138745,2.308643492946783,0.13322548272815,0.8754126974650428,71
chr01,2724856,0.001792869269949066,2.8217072251065964,0.09765503544121039,1.0103053580294867,69
chr01,2759021,-0.001494768962510898,1.8966968425059925,0.17310156087629847,0.761699016024623,68
chr01,2771991,-0.0015861244019138747,2.308643492946783,0.13322548272815,0.8754126974650428,71
chr01,2804731,-0.0013147186147186142,1.4820360368691454,0.22779112212258823,0.6424632060176904,68
chr01,2880380,-0.0011768907563025205,1.2090351713328962,0.275458552114079,0.5599437396155955,69
chr01,2880570,-0.001176470588235294,1.1731378103649364,0.28269860981991374,0.5486763271632034,68
chr01,2888149,-0.0013412698412698402,1.643298666646872,0.20416413223560467,0.6900205528484317,71
chr01,2918935,0.0013412698412698402,1.643298666646872,0.20416413223560467,0.6900205528484317,71
chr01,2986574,-0.0012647058823529414,1.4548331124603175,0.23187354531082321,0.6347487976358722,71
chr01,2986650,0.0014313725490196065,1.8637299337177784,0.176694612673168,0.7527766917042313,70
chr01,2986692,-0.0014313725490196067,1.8637299337177784,0.176694612673168,0.7527766917042313,70
chr01,3020530,0.0012003968253968247,1.310026717345928,0.2563446808144992,0.5911756897971275,71
chr01,3024746,0.0010857142857142856,1.0544447069435825,0.3081246060558474,0.5112736186334811,70
chr01,3109321,-0.0007391098484848482,0.42434817147291987,0.5171446084446136,0.28638799874744253,65
chr01,3109439,-0.000622678396871945,0.29463441816277275,0.589211932162158,0.22972846681971423,64
chr01,3142756,-0.0010245098039215685,0.8656496069130191,0.3556052108679457,0.44903188371247116,67
chr01,3148811,0.0009076797385620906,0.7220013311641881,0.3984699840636462,0.3996043875589449,70
chr01,3150873,-0.0008623015873015869,0.6698482844979868,0.415922128441205,0.3809879731088461,71
chr01,3168912,0.0008025210084033608,0.5541774958174122,0.45921889595224674,0.33798024988066216,69
chr01,3168913,0.0008025210084033608,0.5541774958174122,0.45921889595224674,0.33798024988066216,69
chr01,3173634,-0.0009411764705882351,0.7578720732035497,0.3871507145092873,0.4121199348838429,68
chr01,3182315,0.0008623015873015869,0.6698482844979868,0.415922128441205,0.3809879731088461,71
chr01,3196956,0.001036168132942326,0.832505088970461,0.3650834555525929,0.4376078474803388,64
chr01,3205286,-0.001180952380952381,1.114847584107328,0.2950629000478998,0.5300853934054278,65
chr01,3205336,-0.001180952380952381,1.114847584107328,0.2950629000478998,0.5300853934054278,65
chr01,3206508,0.0005490196078431369,0.2640333248468362,0.6090284050803949,0.21536245140326649,70
chr01,3208844,-0.0011045606229143489,0.8546620914001255,0.3590672189359363,0.44482424200587134,60
chr01,3209970,-0.0007532679738562085,0.5031015320451845,0.48056546994173577,0.318247437761233,70
chr01,3209973,-0.0006445378151260498,0.36198030968312517,0.5494389399340737,0.2600805644290974,69
chr01,3261071,-0.0011290322580645158,0.9771467315438924,0.32687395584887646,0.48561968107674386,62
chr01,3311194,0.0007594696969696966,0.44476263251443704,0.5072679154711477,0.29476260579710484,65
chr01,3317296,0.0007798573975044564,0.4917004204828097,0.48567268709976974,0.3136563193710801,67
chr01,3317362,0.0007798573975044564,0.4917004204828097,0.48567268709976974,0.3136563193710801,67
chr01,3317364,0.0007798573975044564,0.4917004204828097,0.48567268709976974,0.3136563193710801,67
chr01,3375937,0.0004719864176570453,0.18925265979779646,0.6649374642435996,0.1772191971194552,69
chr01,3415469,-0.000677083333333333,0.38291526429186423,0.5381771386026625,0.26907475471345516,68
chr01,3415539,-0.000881313131313131,0.659931681628075,0.41946114524358835,0.3773082617430776,69
chr01,3415542,-0.000881313131313131,0.659931681628075,0.41946114524358835,0.3773082617430776,69
chr01,3460759,0.0008059523809523806,0.5844456771872999,0.44718166621822464,0.3495160101830724,71
chr01,3494445,0.0010874684608915056,1.0263490363228251,0.3146089810328285,0.5022288838827039,70
chr01,3494448,0.0010874684608915056,1.0263490363228251,0.3146089810328285,0.5022288838827039,70
chr01,3500916,0.0008717948717948716,0.5941360544581901,0.44366050290112435,0.35294923284669505,66
chr01,3518130,0.0010862369337979094,0.9882939659569544,0.3237365655664002,0.48980824490741265,69
chr01,3518244,0.0010862369337979094,0.9882939659569544,0.3237365655664002,0.48980824490741265,69
chr01,3518254,0.0010862369337979094,0.9882939659569544,0.3237365655664002,0.48980824490741265,69
chr01,3518265,0.0009642857142857142,0.7831073431452568,0.3793109700652596,0.4210045968703327,70
chr01,3518273,0.0009642857142857142,0.7831073431452568,0.3793109700652596,0.4210045968703327,70
chr01,3527044,0.0009074074074074073,0.6602014653652419,0.4194100349540093,0.3773611826617695,68
chr01,3527270,0.0009482142857142854,0.7294424641663554,0.39615335437267574,0.4021366623945303,68
chr01,3527810,0.0008750000000000001,0.5495128304071011,0.4613154651214364,0.33600198587662367,64
chr01,3527960,0.0011732142857142855,1.1280132877405649,0.29207038789808726,0.5345124725518616,68
chr01,3612807,-0.0009655172413793107,0.8134846063991182,0.37022969740290257,0.43152874792530704,71
chr01,3632156,-0.0010589700996677743,0.9694943591417206,0.32824641973409974,0.4838000021713208,71
chr01,3632242,-0.0010589700996677743,0.9694943591417206,0.32824641973409974,0.4838000021713208,71
chr01,3633132,0.0011199633699633697,0.9855029270654979,0.3244696892252267,0.4888258671750582,68
chr01,3643575,0.0013562271062271059,1.4969679431526135,0.2255554180295423,0.6467467363247632,67
chr01,3674026,-0.001023809523809524,0.886205028127382,0.3498401550951682,0.45613034312672335,70
chr01,3674087,-0.0010589700996677743,0.9694943591417206,0.32824641973409974,0.4838000021713208,71
chr01,3677857,-0.0015074999999999997,1.696310363766734,0.1975124870664857,0.7044054423532742,65
chr01,3700888,0.0011852720450281423,1.1252091632862116,0.2927251901256479,0.5335399032517487,67
chr01,3701234,-0.0011852720450281423,1.1252091632862116,0.2927251901256479,0.5335399032517487,67
chr01,3725862,-0.0007906403940886703,0.5433801257798575,0.46353451822081215,0.33391791952458294,71
chr01,3768060,0.0007678571428571428,0.4947903480753215,0.4841997491208926,0.3149754399158477,70
chr01,3815710,0.0007906403940886703,0.5433801257798575,0.46353451822081215,0.33391791952458294,71
chr01,3849711,0.0007035323801513879,0.4238926866745739,0.5171951945247482,0.2863455189832142,70
chr01,3903997,-0.0009059233449477351,0.684343255060213,0.4110318357120597,0.3861245393438222,69
chr01,3908382,0.0007961672473867595,0.5189795366879275,0.47378324906020486,0.32442029812849593,69
chr01,3911561,-0.000894449116904962,0.680433907128217,0.4123216776321833,0.3847638317556325,70
chr01,4077264,-0.0012982142857142856,1.4044804579125707,0.24022455504894774,0.6193826023568653,68
chr01,4083738,0.0013294871794871793,1.5278447651161304,0.22075220327623468,0.6560949531368687,69
chr01,4085989,0.0013049450549450544,1.3809363884536117,0.24422851126469694,0.6122036378434412,67
chr01,4221914,0.0013899193548387093,1.7390118758196815,0.19162432227202428,0.7175493681273432,71
chr01,4224510,-0.0013523430592396108,1.513833286872037,0.2229223927250091,0.651846304115338,68
chr01,4239563,-0.0013899193548387093,1.7390118758196815,0.19162432227202428,0.7175493681273432,71
chr01,4243262,0.0016307017543859652,2.2709407800857004,0.13659162288863927,0.8645759349502302,68
chr01,4243396,0.0014151193633952254,1.6917176501567694,0.19789785709876023,0.7035589084475823,68
chr01,4243408,-0.0014151193633952256,1.6917176501567694,0.19789785709876023,0.7035589084475823,68
chr01,4257776,0.0016220159151193636,2.2158487901515795,0.14136279947801042,0.8496648628659391,68
chr01,4259313,-0.0013899193548387093,1.7390118758196815,0.19162432227202428,0.7175493681273432,71
chr01,4303915,0.0017076023391812867,2.256488110303282,0.13805158787106797,0.8599585937354977,65
chr01,4323227,0.001523573200992555,2.0797467543161536,0.15385506198089163,0.812888210471422,70
chr01,4330305,-0.0015128205128205126,1.9836664151931942,0.16362836374583783,0.7861414124580544,69
chr01,4363434,-0.0013910714285714281,1.5917249154480073,0.21152062981311526,0.6746472690592733,68
chr01,4557571,-0.0013849137931034481,1.6322190218650552,0.20580557731309318,0.686542860071743,69
chr01,4562341,0.001445833333333333,1.8242474973392035,0.18128622233208302,0.7416352008273713,70
chr01,4581813,-0.0014958333333333327,1.987151403071954,0.16319636950926178,0.7872895068544117,70
chr01,4635257,-0.002198717948717948,3.8135720368088317,0.0552846191745014,1.2573956776782163,65
chr01,4679409,0.002096153846153846,3.158945189059606,0.08049717757129768,1.0942193467961054,63
chr01,4679805,-0.0020990525409130055,3.8301246282200814,0.054445965466489214,1.2640342966347204,70
chr01,4683048,0.0020024916943521594,3.596902740525474,0.062074234898050806,1.207088624678793,71
chr01,4719487,0.002130952380952381,4.0698004128101894,0.047605810179974804,1.3223400393989944,70
chr01,4719520,0.002130952380952381,4.0698004128101894,0.047605810179974804,1.3223400393989944,70
chr01,4733553,-0.00200249169435216,3.596902740525474,0.062074234898050806,1.207088624678793,71
chr01,4822449,-0.0020899470899470893,3.7005691917151933,0.058643858166192046,1.2317774652910718,69
chr01,4822470,-0.0020899470899470893,3.7005691917151933,0.058643858166192046,1.2317774652910718,69
chr01,4822988,-0.0017644230769230762,2.525441784791278,0.11695171619023505,0.9319934008195112,66
chr01,4838027,-0.002077380952380952,3.798225729897298,0.055433842412369316,1.2562250171200895,70
chr01,4907940,-0.00231869918699187,5.023497623328221,0.02822543367468714,1.5493593765570548,71
chr01,4933977,0.0025475302889095995,5.5043655883836236,0.022078254153620257,1.6560352715871374,66
chr01,4943132,0.002541023166023166,5.351173502830114,0.023985366855948095,1.620053634617493,65
chr01,5032950,-0.0027019810508182598,6.590323867459083,0.012458052378676072,1.9045498475089024,70
chr01,5107957,-0.002597701149425288,6.356036422039898,0.014012761124325241,1.8534762813516965,71
chr01,5128035,0.0027560344827586205,6.99484132214203,0.010173673661130487,1.9925221972573781,69
chr01,5292447,-0.002363306451612903,5.279246285591193,0.024618417363109223,1.6087398698677875,71
chr01,5307288,-0.0027038019451812558,6.75778270018207,0.01150501026794173,1.9391129893979067,68
chr01,5323756,0.0024454887218045107,5.019807245250649,0.02853749988456205,1.5445840772584867,66
chr01,5324001,0.0025078577336641846,5.94580429946488,0.01736980219152257,1.7602051272995554,70
chr01,5424752,-0.0025482142857142856,5.5953932310660655,0.02095466993279055,1.6787191755601143,68
chr01,5452710,-0.002386383731211318,5.011143774057288,0.028562532141638737,1.5442032938708539,68
chr01,5536885,-0.0021842342342342337,4.1334797617725645,0.046130508030259455,1.3360117625275798,67
chr01,5622762,-0.002363306451612903,5.279246285591193,0.024618417363109223,1.6087398698677875,71
chr01,5657677,0.002363306451612903,5.279246285591193,0.024618417363109223,1.6087398698677875,71
chr01,5708172,-0.0021958333333333326,4.431735852607531,0.038973560898513226,1.4092299121974512,70
chr01,5708183,-0.0021958333333333326,4.431735852607531,0.038973560898513226,1.4092299121974512,70
chr01,5722865,-0.0022124999999999996,4.488089678704676,0.03778839666467049,1.4226415345042138,70
chr01,5744219,-0.0023060483870967737,5.008192118322616,0.02845843980779901,1.545788913156759,71
chr01,5781012,0.002194548872180451,4.097779288765267,0.047117460924313855,1.3268181209431649,66
chr01,5783622,0.002021718146718147,3.4529442503603978,0.06781275313233176,1.168688623328229,65
chr01,5786211,0.0023475609756097556,5.158743128964382,0.026252686122903067,1.5808262538324245,71
chr01,5811063,-0.002235492010092515,4.559165509597677,0.03634847023442661,1.4395138621839607,70
chr01,5811325,-0.0024394221808014907,5.081531558812365,0.027612988440654223,1.5588865889039503,66
chr01,5811332,-0.0024394221808014907,5.081531558812365,0.027612988440654223,1.5588865889039503,66
chr01,5811505,-0.0023446428571428563,4.7485220802276045,0.032898163602564964,1.4828283439810814,68
chr01,5811543,-0.0023446428571428563,4.7485220802276045,0.032898163602564964,1.4828283439810814,68
chr01,5811570,-0.0023446428571428563,4.7485220802276045,0.032898163602564964,1.4828283439810814,68
chr01,5830177,-0.002426111111111111,4.372143151819471,0.0408469884975641,1.38883995693087,61
chr01,5842700,-0.0022791666666666663,4.427682488619043,0.03923287388957965,1.406349877731503,67
chr01,5842715,0.0022791666666666668,4.427682488619043,0.03923287388957965,1.406349877731503,67
chr01,5842743,0.0022791666666666668,4.427682488619043,0.03923287388957965,1.406349877731503,67
chr01,5842749,-0.002093269230769231,3.667230672680397,0.05996357311814379,1.2221124962497403,66
chr01,5856442,-0.0024034749034749035,4.716283194111045,0.03365081932990877,1.4730043571123275,65
chr01,5917134,0.0025998185117967333,5.947327100768106,0.017480339461285188,1.7574501377924916,67
chr01,5971838,-0.002754166666666666,7.193454312845931,0.00917639457845059,2.037327920350962,70
chr01,6100532,-0.0028154706430568496,6.758013454977805,0.011574429375773703,1.9365004106824852,66
chr01,6177444,-0.0030934385382059802,9.252288981515262,0.0033242758102526087,2.478302950621525,71
chr01,6223276,0.002946013289036544,8.288018922004408,0.005309560632658039,2.2749414153981746,71
chr01,6223342,0.002946013289036544,8.288018922004408,0.005309560632658039,2.2749414153981746,71
chr01,6274611,-0.0024519704433497535,5.6065733985502995,0.02070134531962772,1.6840014301032042,71
chr01,6314269,-0.002494827586206896,5.534871692836582,0.021586163436003922,1.6658245390753597,69
chr01,6323806,0.0024446428571428566,5.232057587788074,0.02538738273388381,1.595382069619428,68
chr01,6372763,0.00235070306038048,5.082635222388962,0.027391583860116933,1.5623828548646426,70
chr01,6372795,0.00235070306038048,5.082635222388962,0.027391583860116933,1.5623828548646426,70
chr01,6384075,-0.0019749999999999998,3.504558241632693,0.06563184058587504,1.1828854161745825,68
chr01,6406964,0.002240418118466899,4.419558622215781,0.039290728208459996,1.405709921964852,69
chr01,6407181,0.0023561816652649284,5.021651251443621,0.0283015711741134,1.5481894537581598,70
chr01,6424595,0.0023504310344827587,5.000592985194089,0.02867305581072754,1.5425260199584452,69
chr01,6424597,0.0023504310344827587,5.000592985194089,0.02867305581072754,1.5425260199584452,69
chr01,6424598,0.0023504310344827587,5.000592985194089,0.02867305581072754,1.5425260199584452,69
chr01,6465476,0.0023475609756097556,5.158743128964382,0.026252686122903067,1.5808262538324245,71
chr01,6478827,-0.002005036630036629,3.3182960632710676,0.07311452723294048,1.135996323859103,67
chr01,6478828,0.002005036630036629,3.3182960632710676,0.07311452723294048,1.135996323859103,67
chr01,6478867,0.0021251105216622455,3.827600147558563,0.05464856719777411,1.2624212201050857,68
chr01,6525609,-0.002078832752613241,3.7966477730288393,0.05554511330499475,1.2553541429882455,69
chr01,6535725,0.0018902116402116401,3.077106308768937,0.08397424598109011,1.075853887072151,69
chr01,6559278,0.0017620967741935481,2.8384470797118504,0.09655147844276946,1.0152410717072624,71
chr01,6559330,0.0017620967741935481,2.8384470797118504,0.09655147844276946,1.0152410717072624,71
chr01,6559374,-0.0017620967741935481,2.8384470797118504,0.09655147844276946,1.0152410717072624,71
chr01,6559386,-0.0017620967741935481,2.8384470797118504,0.09655147844276946,1.0152410717072624,71
chr01,6559391,-0.0017620967741935481,2.8384470797118504,0.09655147844276946,1.0152410717072624,71
chr01,6559395,-0.0017620967741935481,2.8384470797118504,0.09655147844276946,1.0152410717072624,71
chr01,6559399,-0.0017620967741935481,2.8384470797118504,0.09655147844276946,1.0152410717072624,71
chr01,6559496,-0.0017583333333333327,2.7340580979714617,0.10283913198646932,0.9878415976755939,70
chr01,6559545,-0.0017583333333333327,2.7340580979714617,0.10283913198646932,0.9878415976755939,70
chr01,6559581,-0.0017583333333333327,2.7340580979714617,0.10283913198646932,0.9878415976755939,70
chr01,6578657,-0.0016819685690653435,2.5397688651047092,0.11564902544333786,0.9368580226111652,70
chr01,6596198,0.0016336206896551725,2.3039888193682443,0.1337469479059791,0.8737161197569425,69
chr01,6603644,-0.0018739388794567066,3.083694543997706,0.08365064095092291,1.077530727022178,69
chr01,6690604,0.0016641025641025643,2.412729751637435,0.12506359050393182,0.9028691071309556,69
chr01,6696689,0.0016416666666666665,2.4078950129700907,0.12536666790268686,0.9018179170154493,70
chr01,6719470,0.001414673046251993,1.8240344024322117,0.1812467317761939,0.7417298158431013,71
chr01,6722621,0.0014136029411764707,1.6142739866733966,0.20849135050158937,0.680911957512045,66
chr01,6722661,0.0014136029411764707,1.6142739866733966,0.20849135050158937,0.680911957512045,66
chr01,6722703,0.0013500948766603416,1.4301656645626821,0.2362191826677215,0.626684837508002,65
chr01,6774813,-0.0012499999999999996,1.2396127386090539,0.2697757354068746,0.5689971149042832,65
chr01,6788720,0.0014572192513368988,1.7672622025645062,0.1883683247938053,0.724992124493271,67
chr01,6788816,0.0014387254901960774,1.842976582775556,0.17909082539597218,0.746926661956447,70
chr01,6788878,0.0014387254901960774,1.842976582775556,0.17909082539597218,0.746926661956447,70
chr01,6795329,0.001327600327600328,1.583513238889806,0.21255889762361146,0.672520710936996,70
chr01,6795473,0.0014443561208267097,1.9097559538985434,0.1714481600222739,0.7658671713624589,71
chr01,6845564,0.0014443561208267097,1.9097559538985434,0.1714481600222739,0.7658671713624589,71
chr01,6895391,-0.0014303030303030304,1.756869882307062,0.18958536753422908,0.7221951851644652,68
chr01,6895408,0.0014303030303030309,1.756869882307062,0.18958536753422908,0.7221951851644652,68
chr01,6908419,0.001327600327600328,1.583513238889806,0.21255889762361146,0.672520710936996,70
chr01,6928008,0.00126302729528536,1.4157107459367866,0.2382484121397458,0.6229699851334741,70
chr01,6928113,0.00126302729528536,1.4157107459367866,0.2382484121397458,0.6229699851334741,70
chr01,6928293,0.001387019230769231,1.7430341727130438,0.19111776319907461,0.71869894611703,71
chr01,6928336,0.001387019230769231,1.7430341727130438,0.19111776319907461,0.71869894611703,71
chr01,6928384,0.001387019230769231,1.7430341727130438,0.19111776319907461,0.71869894611703,71
chr01,6945738,0.00126302729528536,1.4157107459367866,0.2382484121397458,0.6229699851334741,70
chr01,6950473,-0.00126302729528536,1.4157107459367866,0.2382484121397458,0.6229699851334741,70
chr01,6953669,-0.00126302729528536,1.4157107459367866,0.2382484121397458,0.6229699851334741,70
chr01,6980495,0.001261987794245859,1.33986767966245,0.25122926525366723,0.599929771790403,68
chr01,6980535,0.001261987794245859,1.33986767966245,0.25122926525366723,0.599929771790403,68
chr01,6993528,0.0013231907894736845,1.5661799123024556,0.21505082619583374,0.6674588846067399,70
chr01,6996386,-0.0014657939189189186,1.911974501629748,0.1713355422043554,0.7661525367303454,69
chr01,7001122,0.0010741063644289452,1.023280836865966,0.31543626499614724,0.5010883782793885,68
chr01,7001246,0.0013231907894736845,1.5661799123024556,0.21505082619583374,0.6674588846067399,70
chr01,7047321,-0.0016398026315789479,2.435413924199547,0.12326487810745787,0.9091606494137899,70
chr01,7091993,0.001885630498533724,2.931784847675234,0.09184931957661942,1.0369240566169,64
chr01,7101501,0.0016486607142857143,2.259256150403371,0.13766110842658472,0.8611887378942185,67
chr01,7121045,-0.0018619047619047623,2.985286909382215,0.08870118991498907,1.0520705541248976,68
chr01,7128077,0.0018892857142857144,3.127124149802832,0.08169170751725098,1.0878220262372305,67
chr01,7141794,0.001984375,3.0581165634040577,0.0852841247797319,1.0691318030905328,64
chr01,7149808,0.0006945564516129031,0.38408647185095046,0.5377324836276947,0.269433727640147,63
chr01,7149814,0.0006945564516129031,0.38408647185095046,0.5377324836276947,0.269433727640147,63
chr01,7194814,-0.0009126984126984126,0.7513117543846781,0.38906550204254786,0.40997727584433913,71
chr01,7194861,0.0009126984126984126,0.7513117543846781,0.38906550204254786,0.40997727584433913,71
chr01,7195241,-0.0009142857142857142,0.7326830602817859,0.3950211003976085,0.40337970553430647,70
chr01,7201067,0.0009126984126984126,0.7513117543846781,0.38906550204254786,0.40997727584433913,71
chr01,7208505,0.0007761437908496727,0.5363370773221166,0.4664715406744381,0.33117484731957064,70
chr01,7208726,-0.0003836805555555556,0.13234687503271717,0.7171738193676669,0.144375572862904,68
chr01,7219371,0.0006831550802139037,0.3826136707864629,0.5383694237734058,0.26891961346381077,67
chr01,7219408,0.0006831550802139037,0.3826136707864629,0.5383694237734058,0.26891961346381077,67
chr01,7246074,0.0008344537815126047,0.6055366370277165,0.4392127482877667,0.3573250628414788,69
chr01,7260433,0.000703125,0.3767939352832771,0.5415698415972356,0.26634552820877,64
chr01,7260478,0.000703125,0.3767939352832771,0.5415698415972356,0.26634552820877,64
chr01,7329338,-0.0009815126050420166,0.8270656488266698,0.3663823780836687,0.4360654227909398,69
chr01,7338891,0.0008740259740259741,0.6416485805791209,0.42598878316508026,0.3706018362814237,68
chr01,7338905,0.0008740259740259741,0.6416485805791209,0.42598878316508026,0.3706018362814237,68
chr01,7491240,-0.000856349206349206,0.6605441878787007,0.4191633077919583,0.37761674110286053,71
chr01,7491461,0.0008366013071895419,0.612373570443919,0.4366122057305659,0.3599041275198316,70
chr01,7502036,-0.0006818181818181819,0.3889366147435985,0.5350083986834413,0.2716394002717734,68
chr01,7522215,-0.0007706925675675674,0.511511011024958,0.4769703953349632,0.3215085759738594,69
chr01,7522295,-0.0006768092105263159,0.40158671595563616,0.5283968199884087,0.2770398047320794,70
chr01,7565985,-0.0007070707070707071,0.43293311526234435,0.5128076836341815,0.2900454762058415,69
chr01,7569397,-0.0007936974789915962,0.5351009265639542,0.4670210237736028,0.33066356846312034,69
chr01,7569440,-0.0007936974789915962,0.5351009265639542,0.4670210237736028,0.33066356846312034,69
chr01,7584658,-0.0010151515151515151,0.819412912279099,0.36874705846666633,0.4332714354118565,66
chr01,7603852,-0.0004126838235294118,0.13160895690881738,0.7179649853381493,0.1438967354864336,66
chr01,7626037,0.00030757575757575737,0.07508562751940229,0.7849968992361025,0.10513205872902773,63
chr01,7722772,-3.6541889483066224e-05,0.0010907049132071556,0.9737552015086102,0.011550209442148277,67
chr01,7723094,-0.00020000000000000004,0.03474996089064985,0.852675588745302,0.06921617025813041,70
chr01,7754520,1.7063492063491928e-05,0.0002597764448388145,0.9871871012314278,0.0056005278454886965,71
chr01,7760158,-0.00017316017316017302,0.024802295640357946,0.8753415220995311,0.05782247014898342,68
chr01,7770667,0.0002116013071895422,0.039253262526418156,0.8435388781726303,0.07389489625596549,70
chr01,7770724,0.0002116013071895422,0.039253262526418156,0.8435388781726303,0.07389489625596549,70
chr01,7802540,-5.166931637519615e-06,2.3781430846566396e-05,0.9961231068649156,0.0016869855439305224,71
chr01,7804970,-0.0001191646191646194,0.012429271557588802,0.9115588842913772,0.04021527182873052,70
chr01,7805088,0.00026689189189189183,0.06147830997611277,0.8049328261500759,0.09424036118444139,69
chr01,7823330,5.166931637519542e-06,2.3781430846566396e-05,0.9961231068649156,0.0016869855439305224,71
chr01,7823335,5.166931637519542e-06,2.3781430846566396e-05,0.9961231068649156,0.0016869855439305224,71
chr01,7823338,5.166931637519542e-06,2.3781430846566396e-05,0.9961231068649156,0.0016869855439305224,71
chr01,7823359,8.169934640522628e-06,5.782750073539666e-05,0.9939548593160579,0.0026333387365968007,70
chr01,7925030,-0.0007915360501567398,0.47927042271767056,0.491423637933184,0.3085439573857637,62
chr01,7978480,-0.00029166666666666675,0.0780087859385188,0.7809148130459396,0.10739633903165254,66
chr01,7997169,0.0014809027777777776,1.872340005777397,0.17584752929406763,0.7548637292605493,68
chr01,8004034,-0.0012448165869218496,1.403937870658932,0.2401304297580103,0.619552801881291,71
chr01,8008297,-0.0012888392857142857,1.3728924427258642,0.2455925741726277,0.6097847688199861,67
chr01,8008474,-0.001369791666666666,1.5858415010968514,0.2123567804646515,0.672933867607747,68
chr01,8008820,-0.0012362817362817366,1.3478556714249779,0.24971274928171944,0.6025592838346752,70
chr01,8022953,0.0008777589134125635,0.6960988295705482,0.4070625954738154,0.3903388026209577,69
chr01,8028059,-0.0012448165869218496,1.403937870658932,0.2401304297580103,0.619552801881291,71
chr01,8028069,-0.0011060855263157897,1.0908949987280991,0.29997181019067026,0.5229195561265769,70
chr01,8065425,0.00178523166023166,2.504222371625949,0.11854925193175536,0.9261011821576257,65
chr01,8097357,-0.0013061403508771933,1.4886089814981736,0.22677411322015903,0.6444065226507906,68
chr01,8097394,-0.001271616541353383,1.3702529679142188,0.24610872493150673,0.6088729896192565,66
chr01,8097528,-0.0017228070175438598,2.514254824322024,0.11760101021995542,0.9295889475535221,68
chr01,8097722,0.0017208333333333331,2.6425508230081856,0.10866253342891814,0.9639201737604857,70
chr01,8125775,0.0017223230490018154,2.4820741058083433,0.12000537229963348,0.9207993113868693,67
chr01,8147787,-0.0013115079365079365,1.2947643899980665,0.2595499419121258,0.5857790639812254,64
chr01,8147932,-0.0016075268817204301,2.287800997559658,0.13502848413502935,0.8695746078175852,70
chr01,8187373,0.0011485411140583555,1.1573011892423295,0.2859428462421418,0.5437207642210893,68
chr01,8230276,0.0014812030075187967,1.7714048285609867,0.18793051953242595,0.7260026856354211,66
chr01,8243575,0.0015875000000000002,2.2101154456111938,0.14173059350241224,0.8485363942467056,70
chr01,8286119,0.001556244830438379,2.1389528186244853,0.14820654783961698,0.8291326085847927,70
chr01,8288390,0.0012415413533834589,1.2195302082099073,0.2735875411668278,0.5629036837271273,66
chr01,8288481,0.0012415413533834589,1.2195302082099073,0.2735875411668278,0.5629036837271273,66
chr01,8288484,0.0012415413533834589,1.2195302082099073,0.2735875411668278,0.5629036837271273,66
chr01,8288508,0.0012415413533834589,1.2195302082099073,0.2735875411668278,0.5629036837271273,66
chr01,8306217,0.0015291666666666667,2.045879459811187,0.15719789053765434,0.8035532861210594,70
chr01,8306295,0.0015291666666666667,2.045879459811187,0.15719789053765434,0.8035532861210594,70
chr01,8313270,-0.0014754310344827588,1.880167924771064,0.17489041576872574,0.7572339897940827,69
chr01,8348070,-0.001604166666666666,2.275050599691267,0.13610320047314634,0.8661316622214672,70
chr01,8348190,-0.001604166666666666,2.275050599691267,0.13610320047314634,0.8661316622214672,70
chr01,8351473,0.0015041666666666667,1.9787884586742952,0.16407203094708106,0.784965446007294,70
chr01,8358357,0.001691602316602317,2.2422731429949008,0.13927720937746588,0.8561199435284993,65
chr01,8363471,0.0013056133056133055,1.3132296521396103,0.25628647580482905,0.5912743108594687,63
chr01,8371337,-0.0018156498673740054,2.8369374477884493,0.09684358025604578,1.013929163295748,68
chr01,8371353,-0.0016881868131868125,2.3916910140695835,0.12683690624730426,0.8967543596448722,67
chr01,8371373,-0.0016512820512820517,2.384582589884887,0.12724810934081812,0.8953486617137955,69
chr01,8417102,0.0016365131578947375,2.3859714658202784,0.12707021767615362,0.8959562261142592,70
chr01,8431155,0.0014088345864661654,1.586097424618907,0.21245835953565154,0.6727261761829408,66
chr01,8504560,-0.0019395161290322578,3.1792200461639974,0.07924944202779018,1.1010037868402405,67
chr01,8544384,-0.001585453100158983,2.3142288261232853,0.13276459851052033,0.8769177135310062,71
chr01,8549576,-0.0016186868686868686,2.278790531187215,0.13585589749888752,0.8669215041313965,69
chr01,8573307,-0.0017932773109243694,2.862615943126688,0.09530627384279289,1.0208785095859927,69
chr01,8584568,-0.0018999999999999998,3.2831439083772724,0.07441017167175867,1.1283676935001903,70
chr01,8584604,-0.001898809523809523,3.374110125546623,0.07053533231028401,1.1515932832418068,71
chr01,8584610,-0.0018999999999999998,3.2831439083772724,0.07441017167175867,1.1283676935001903,70
chr01,8584639,-0.0018999999999999998,3.2831439083772724,0.07441017167175867,1.1283676935001903,70
chr01,8620563,-0.0017543778801843324,2.69767365242879,0.10539974977886969,0.9771604201461016,66
chr01,8632375,0.0020714285714285713,3.8642192848907615,0.05347244329693154,1.2718699713862465,69
chr01,8707204,-0.0018832720588235292,3.0018656528204604,0.08798541222070168,1.0555893269091516,66
chr01,8728601,0.0018222689075630249,2.948671647232192,0.09056775936047592,1.043026376537005,69
chr01,8860718,-0.0021011466011466025,4.090780843820367,0.04705287691757414,1.3274138176941077,70
chr01,8891511,0.002252380952380953,4.621598260658564,0.035241332905699974,1.4529476739647822,68
chr01,8912293,0.0018435708435708444,3.121033014295496,0.08177544472950397,1.0873770853192226,70
chr01,8916567,0.001952305246422894,3.5709308994357074,0.06300100029571461,1.2006525549994287,71
chr01,8916763,-0.0017223587223587232,2.824852358300958,0.09740378007683533,1.0114241885561361,70
chr01,8916766,-0.0017223587223587232,2.824852358300958,0.09740378007683533,1.0114241885561361,70
chr01,8924806,-0.0017399193548387096,2.3831219069671543,0.1278245987234047,0.8933855619691907,63
chr01,8924838,-0.0017399193548387096,2.3831219069671543,0.1278245987234047,0.8933855619691907,63
chr01,9028813,0.0018099567099567105,2.8323453436097528,0.09710856047918798,1.0127424837377066,68
chr01,9075663,-0.0015331069609507647,2.0474882831143626,0.1571053173495897,0.8038091156824659,69
chr01,9075749,-0.0015331069609507647,2.0474882831143626,0.1571053173495897,0.8038091156824659,69
chr01,9131130,0.001980524642289349,3.68045442633311,0.05919209897481929,1.2277362595040864,71
chr01,9151688,0.001204769736842106,1.2726531431942674,0.2632341523480752,0.579657765460444,70
chr01,9164490,0.0011427203065134098,1.030017974976329,0.31403638164733055,0.5030200352599243,65
chr01,9174375,0.0011505376344086023,1.0806415222221557,0.30240556939480057,0.519410214708013,67
chr01,9177366,0.0013016826923076933,1.5305401413377295,0.22022530901269155,0.6571327719540178,71
chr01,9177452,0.0013016826923076933,1.5305401413377295,0.22022530901269155,0.6571327719540178,71
chr01,9192007,-0.0014472128378378378,1.8167583150963107,0.18223947546550323,0.7393575432801491,69
chr01,9234479,-0.0009230769230769235,0.7602706617521201,0.38631211260058085,0.4130616745807197,70
chr01,9241098,-0.0010833333333333335,0.9420967451897151,0.3353372472226589,0.4745182051012926,67
chr01,9246973,-0.00108974358974359,1.0316436747196054,0.31337328322261004,0.503938032256669,70
chr01,9252411,0.0007474137931034485,0.48293704824764555,0.4894980564156961,0.3102490282522919,69
chr01,9275351,-0.0011359649122807023,1.0616172324681912,0.30660774187625395,0.5134168833639409,68
chr01,9287568,0.0010750000000000002,1.029827148355366,0.3137445681140751,0.5034237844224736,71
chr01,9300640,-0.0010750000000000002,1.029827148355366,0.3137445681140751,0.5034237844224736,71
chr01,9377708,-0.000956081081081081,0.7806187297124672,0.3801113452930138,0.4200891676907163,69
chr01,9377823,-0.0005450450450450448,0.24385728404691387,0.6230985577697805,0.20544325396647234,67
chr01,9397161,0.0010327635327635326,0.8715291429604163,0.35404116845050215,0.4509462346088758,66
chr01,9397207,0.0010327635327635326,0.8715291429604163,0.35404116845050215,0.4509462346088758,66
chr01,9397225,-0.0010481481481481483,0.9208630891916447,0.3408044969602442,0.46749468329461497,67
chr01,9397285,0.0010481481481481483,0.9208630891916447,0.3408044969602442,0.46749468329461497,67
chr01,9407647,0.0007375478927203066,0.4066329394377361,0.5259943840707508,0.27901889269056473,65
chr01,9428034,-0.0004995173745173746,0.18987093904759753,0.6645134631999519,0.1774962157231804,65
chr01,9434412,0.00046332046332046335,0.1625664970689715,0.6881696357305163,0.16230449376915268,65
chr01,9439774,-0.0006679487179487181,0.3715868887999913,0.5442023189331625,0.26423961195403645,69
chr01,9466626,0.0003289473684210528,0.08720080547823547,0.7687076007632425,0.11423882472855373,67
chr01,9466654,0.0003289473684210528,0.08720080547823547,0.7687076007632425,0.11423882472855373,67
chr01,9466820,0.00011466165413533819,0.01052064639967581,0.9186248016462641,0.03686183338716887,66
chr01,9478906,-0.0006588089330024816,0.3736749329406023,0.5430460920412419,0.2651633072994864,70
chr01,9516454,0.0001627450980392156,0.02031254993509359,0.8871297756900197,0.0520128438171751,64
chr01,9516496,0.0001627450980392156,0.02031254993509359,0.8871297756900197,0.0520128438171751,64
chr01,9555969,-0.00028947368421052623,0.06585550009688591,0.7982927777978742,0.09783779979912123,66
chr01,9584705,-0.00016853448275862067,0.023692616563971425,0.8781323097835466,0.056440043228554074,69
chr01,9614320,-0.00017493692178301116,0.02617494920402178,0.8719535548366094,0.059506647424507834,70
chr01,9614326,-0.00032723577235772356,0.09339117408710433,0.7608295206469773,0.11871264485434825,71
chr01,9625578,-0.00032723577235772356,0.09339117408710433,0.7608295206469773,0.11871264485434825,71
chr01,9628359,-0.00029575596816976135,0.07019067304857322,0.7918850442832589,0.1013378591390136,68
chr01,9628383,-0.0005245009074410161,0.22791373987210334,0.6346764989599079,0.1974475826077252,67
chr01,9629227,0.00032723577235772356,0.09339117408710433,0.7608295206469773,0.11871264485434825,71
chr01,9680261,-0.0003060897435897439,0.08289442707078037,0.7742756615549166,0.11110439205833965,71
chr01,9698168,-0.0003527164685908318,0.10418975520699376,0.7478637228001965,0.12617753292151268,69
chr01,9698271,-0.0003527164685908318,0.10418975520699376,0.7478637228001965,0.12617753292151268,69
chr01,9714835,0.0003060897435897439,0.08289442707078037,0.7742756615549166,0.11110439205833965,71
chr01,9715036,0.00016294458229942137,0.02309018908976448,0.8796727171381815,0.05567887737113031,70
chr01,9780646,0.000437965260545906,0.16497693005315728,0.6858905119105699,0.1637452048006237,70
chr01,9897171,0.0003405103668261561,0.1031094503856194,0.7491002111281069,0.12546008052642824,71
chr01,9897214,0.0003405103668261561,0.1031094503856194,0.7491002111281069,0.12546008052642824,71
chr01,9901996,0.0003405103668261561,0.1031094503856194,0.7491002111281069,0.12546008052642824,71
chr01,9901997,0.0003405103668261561,0.1031094503856194,0.7491002111281069,0.12546008052642824,71
chr01,9953575,0.0003405103668261561,0.1031094503856194,0.7491002111281069,0.12546008052642824,71
chr01,9969187,-0.000818433179723502,0.5371210343822146,0.46630419630422826,0.33133067628136337,66
chr01,9977282,0.0009330400782013682,0.6597950826220932,0.4197402279001623,0.3770194060140668,64
chr01,9977298,0.0009330400782013682,0.6597950826220932,0.4197402279001623,0.3770194060140668,64
chr01,10050044,-0.0012929252782193962,1.52192883249656,0.22151367758302495,0.6545994526669113,71
chr01,10050059,0.001292925278219396,1.52192883249656,0.22151367758302495,0.6545994526669113,71
chr01,10156881,0.001811677631578948,2.9491892299586975,0.09047216476168096,1.0434850180307658,70
chr01,10185940,-0.0020025641025641027,3.504738646154761,0.06555875526856779,1.1833693007562713,69
chr01,10185946,-0.0020025641025641027,3.504738646154761,0.06555875526856779,1.1833693007562713,69
chr01,10230006,-0.0020012195121951216,3.6737964076360017,0.059416345099389575,1.2260940666351183,71
chr01,10230013,0.0020012195121951216,3.6737964076360017,0.059416345099389575,1.2260940666351183,71
chr01,10244168,0.0017647058823529412,2.6452365186098152,0.10910195571607809,0.962167464360437,62
chr01,10244198,0.0017142857142857135,2.5638668155250555,0.11449749101536454,0.9412040299190356,63
chr01,10244677,0.0019690766550522643,3.350077271874988,0.07165000460878858,1.144783777331237,69
chr01,10313380,0.0017443229604709846,2.821282882492901,0.0976113127809997,1.0104998463328105,70
chr01,10321578,0.0021178861788617893,3.784619291170249,0.05598702631742498,1.251912598913833,68
chr01,10394012,0.002044665012406947,3.8397264227125016,0.05415235888366921,1.2663826207035163,70
chr01,10420364,0.002077220077220077,3.4255766844391617,0.06888304123655731,1.1618876867126826,65
chr01,10486902,-0.002278716216216216,4.733613390144452,0.03311031013909965,1.4800367512603514,69
chr01,10489689,0.0018680555555555555,3.0663793222451248,0.08457345462586473,1.072765929142597,68
chr01,10516511,0.001972039473684211,3.567186308075599,0.06319786676422354,1.1992975810239803,70
chr01,10545704,-0.0018676470588235303,3.253664777685971,0.07562905888795432,1.121311303839133,71
chr01,10561506,-0.002014705882352941,3.562401863514789,0.06350041790122825,1.1972234165725881,68
chr01,10561601,-0.0018533613445378151,3.0312478230429485,0.08626546518145548,1.0641630314327875,69
chr01,10638184,-0.0017015873015873016,2.6837522116274006,0.10592918676334122,0.9749843618581743,71
chr01,10682142,0.0017130252100840333,2.5729287667343375,0.11341030523578507,0.9453474806839197,69
chr01,10744673,0.0017015873015873016,2.6837522116274006,0.10592918676334122,0.9749843618581743,71
chr01,10748216,0.001641414141414142,2.374574325623414,0.12803527546580168,0.8926703598089747,69
chr01,10763542,0.0017308377896613197,2.526356689505275,0.11681105494450998,0.9325160538485829,67
chr01,10858351,0.001914884135472371,3.101532163993106,0.0829218012677056,1.0813312725197064,67
chr01,10858382,0.001914884135472371,3.101532163993106,0.0829218012677056,1.0813312725197064,67
chr01,10872366,0.0012916666666666664,1.4559770444763271,0.2318785457281795,0.634739432055826,68
chr01,10891779,-0.0013823529411764704,1.6211041307611034,0.20740423690670426,0.6831823759778013,68
chr01,10891825,-0.0013823529411764704,1.6211041307611034,0.20740423690670426,0.6831823759778013,68
chr01,10917515,-0.0014292279411764698,1.6481559363986984,0.20383866598104042,0.6907134315688835,66
chr01,10918352,0.0013320197044334975,1.4220133240822834,0.23761631022411986,0.6241237522547286,64
chr01,10932849,-0.0012258064516129032,1.2909218211556133,0.2599258596436784,0.5851505110266056,69
chr01,11073471,0.0012384868421052636,1.3681748962201723,0.2462092764432511,0.6086955881544193,70
chr01,11073507,-0.0012384868421052636,1.3681748962201723,0.2462092764432511,0.6086955881544193,70
chr01,11073926,-0.0010416666666666667,0.7662005443088669,0.3848857212284381,0.4146682003804011,62
chr01,11102212,-0.0011818181818181812,1.1988741474490372,0.2774673794146982,0.5567880675788975,69
chr01,11103191,0.0011376689189189185,1.102462296689834,0.2974989795940634,0.5265145195402302,69
chr01,11103468,0.0010381944444444442,0.9592495814181686,0.33095256484059965,0.48023424883532395,68
chr01,11103477,-0.0010381944444444442,0.9592495814181686,0.33095256484059965,0.48023424883532395,68
chr01,11119532,0.001061464690496948,0.9388192220534303,0.33611910158589586,0.47350680595473027,68
chr01,11119538,0.001061464690496948,0.9388192220534303,0.33611910158589586,0.47350680595473027,68
chr01,11119556,0.001061464690496948,0.9388192220534303,0.33611910158589586,0.47350680595473027,68
chr01,11119615,-0.0010105574324324321,0.8770755212467961,0.352367465792525,0.45300419696557087,69
chr01,11161920,0.0010712341197822138,0.9333691909257144,0.337569859935128,0.47163633647825093,67
chr01,11185305,0.0010024038461538467,0.8995327405842433,0.3462170637970631,0.46065153111608975,71
chr01,11185847,0.0009635627530364374,0.6799557632466295,0.41276317714347177,0.38429905333022335,64
chr01,11228673,0.001095595595595595,0.9014193472293361,0.3460877271546565,0.4608138012361082,64
chr01,11228674,0.001095595595595595,0.9014193472293361,0.3460877271546565,0.4608138012361082,64
chr01,11272754,0.0010024038461538467,0.8995327405842433,0.3462170637970631,0.46065153111608975,71
chr01,11273840,0.0010482456140350875,0.864670808796587,0.35598434649811006,0.4485690985972329,65
chr01,11277599,-0.0008321708805579779,0.5805538409568491,0.44880962181517703,0.3479378410200671,68
chr01,11277701,0.0009299660441426143,0.737477298333415,0.3935321834886215,0.4050197447789459,69
chr01,11280259,0.0010024038461538467,0.8995327405842433,0.3462170637970631,0.46065153111608975,71
chr01,11280262,0.0010378289473684209,0.9404133832456738,0.33560828998038394,0.47416732004754053,70
chr01,11280265,0.0010378289473684209,0.9404133832456738,0.33560828998038394,0.47416732004754053,70
chr01,11304054,0.001204159592529711,1.251302236001407,0.267298537865845,0.5730034168459022,69
chr01,11305984,0.0007964912280701756,0.5256680817506411,0.47099659149684237,0.3269822357574503,68
chr01,11345233,-0.0003359788359788357,0.09199993915725253,0.7626991260261977,0.11764675126726759,62
chr01,11359110,-0.0005749999999999999,0.28094727367408145,0.5978597515852846,0.2234006826607595,68
chr01,11401335,0.0008174182139699381,0.5591835972621532,0.4572455826551768,0.33985048145077595,68
chr01,11401419,0.0008431451612903229,0.629890077665938,0.4301165692103619,0.3664138269692163,71
chr01,11441819,-0.0008242349048800662,0.586901184934912,0.4462711757995209,0.3504011628916535,70
chr01,11441912,0.0008431451612903229,0.629890077665938,0.4301165692103619,0.3664138269692163,71
chr01,11443689,-0.0008431451612903229,0.629890077665938,0.4301165692103619,0.3664138269692163,71
chr01,11447939,0.0009958333333333332,0.8637585389550234,0.355976570024216,0.4485785858587457,70
chr01,11487288,0.00010683760683760672,0.010841224841582522,0.9173987739692928,0.0374418446037818,66
chr01,11516164,-0.0008527164685908316,0.6216966736334265,0.43319852531137026,0.36331303046367136,69
chr01,11542476,-0.00044166666666666654,0.1681896708092144,0.6830149753526841,0.16556977414901417,70
chr01,11542589,-0.000611206896551724,0.3170926436431684,0.5752397884201965,0.24015108212845973,69
chr01,11675624,0.0014144736842105266,1.7667636476561916,0.1882256161125008,0.7253212726236299,70
chr01,11706459,0.0013750000000000001,1.5814403731917765,0.21305277704057637,0.6715128006067425,67
chr01,11767703,-0.0013890253890253897,1.7098212826962524,0.195412338662187,0.7090480176708669,70
chr01,11767724,-0.0013890253890253897,1.7098212826962524,0.195412338662187,0.7090480176708669,70
chr01,11767762,-0.0013890253890253897,1.7098212826962524,0.195412338662187,0.7090480176708669,70
chr01,11798869,0.0014852195945945941,1.9746811048864237,0.16457180192972537,0.7836445756572293,69
chr01,11811724,0.0016501501501501505,2.087196334473803,0.15357362246151554,0.813683371564613,64
chr01,11811896,-0.0016501501501501505,2.087196334473803,0.15357362246151554,0.813683371564613,64
chr01,11815938,-0.0016572580645161292,2.281848860637518,0.13574215735489117,0.8672852528321947,67
chr01,11822703,0.0016305555555555554,2.1569810894074872,0.146821525721318,0.8332102671947776,66
chr01,11828615,0.0014622416534181243,1.9586969331487627,0.16613258725680444,0.7795451714155424,71
chr01,11902056,-0.001498355263157895,1.9900276863743689,0.16289645995659466,0.7880883536167332,70
chr01,11905265,0.0014565033783783782,1.9696518955884899,0.16510262482295338,0.7822460222122938,69
chr01,11925713,-0.0016743679163034007,2.5540131848945937,0.11479147580884279,0.9400903606020771,68
chr01,11939262,0.0016472291149710512,2.432225526350093,0.12350633884417664,0.9083107520852812,70
chr01,11939430,0.0016472291149710512,2.432225526350093,0.12350633884417664,0.9083107520852812,70
chr01,11952099,-0.0016782682512733447,2.461647925598574,0.12136742853922008,0.9158978495346283,69
chr01,11968696,-0.0014763157894736845,1.856263160186881,0.17768807552080412,0.7503417163099516,68
chr01,11995716,0.0011920498084291192,1.1614736894825777,0.2852694935145342,0.5447446689552006,65
chr01,12026882,-0.0013356582388840456,1.4991388038794395,0.22515641717109325,0.6475156707206815,68
chr01,12026917,-0.0013356582388840456,1.4991388038794395,0.22515641717109325,0.6475156707206815,68
chr01,12026918,-0.0013356582388840456,1.4991388038794395,0.22515641717109325,0.6475156707206815,68
chr01,12027194,-0.001482597623089983,1.9404034806858084,0.1682296238510835,0.7740975261228884,69
chr01,12027210,-0.001482597623089983,1.9404034806858084,0.1682296238510835,0.7740975261228884,69
chr01,12037878,0.001494333042720139,1.9337384983697519,0.16902129764353552,0.7720585683668059,68
chr01,12038367,-0.001574028122415219,2.2243545493209487,0.14047415411778869,0.8524035743822548,70
chr01,12051702,-0.0014006410256410264,1.7783253631522553,0.1867407438028066,0.7287609156972523,71
chr01,12051758,-0.0014006410256410264,1.7783253631522553,0.1867407438028066,0.7287609156972523,71
chr01,12068868,-0.0014407894736842106,1.83600473729877,0.1799043746759614,0.7449582759288769,70
chr01,12085996,0.001614176570458404,2.282489249925854,0.13554397137624297,0.8679197938802896,69
chr01,12086018,0.001614176570458404,2.282489249925854,0.13554397137624297,0.8679197938802896,69
chr01,12140449,-0.0014407894736842106,1.83600473729877,0.1799043746759614,0.7449582759288769,70
chr01,12196245,0.001955574912891987,3.3133433300275676,0.07318616948341737,1.1355709829381289,69
chr01,12196479,0.0017548359966358294,2.69593327119494,0.10522178433862091,0.9778943377617613,70
chr01,12198146,-0.0019159544159544155,2.951426737737585,0.09063682371121423,1.0426953223510034,66
chr01,12198551,-0.0019294871794871792,2.872263723213408,0.09505610968587706,1.0220199638318086,65
chr01,12198568,-0.0019294871794871792,2.872263723213408,0.09505610968587706,1.0220199638318086,65
chr01,12241450,0.0014761904761904758,1.8640898555892278,0.17665338943329473,0.752878025378556,70
chr01,12241559,-0.0017069597069597068,2.368986879849044,0.12854830588436397,0.8909336424744114,68
chr01,12306139,-0.0020128205128205124,3.156627265243063,0.08044719488678438,1.0944890947151058,65
chr01,12326133,-0.0015,1.9261146496815271,0.16971502056016627,0.7702797189214892,70
chr01,12355785,0.00142773261065944,1.6867208376779326,0.198553147657018,0.7021232236882966,68
chr01,12359381,0.0014694229112833764,1.8516875967024546,0.17808041151174195,0.749383849431917,70
chr01,12363159,0.0012703488372093025,1.403819810881156,0.2401500006839103,0.6195174077882151,71
chr01,12363266,0.0012703488372093025,1.403819810881156,0.2401500006839103,0.6195174077882151,71
chr01,12363418,0.0014694229112833764,1.8516875967024546,0.17808041151174195,0.749383849431917,70
chr01,12363419,0.0014694229112833764,1.8516875967024546,0.17808041151174195,0.749383849431917,70
chr01,12384740,0.0012703488372093025,1.403819810881156,0.2401500006839103,0.6195174077882151,71
chr01,12417317,-0.0014549718574108819,1.6844171858526493,0.1989253436085569,0.7013098830988732,67
chr01,12434221,-0.001437388193202147,1.7030481914058984,0.19635412951169193,0.7069599606768228,69
chr01,12486365,0.001234006734006734,1.3052139371496245,0.25721189516163584,0.5897089506638223,71
chr01,12493893,-0.0015999999999999996,2.019432419432422,0.1601514723574015,0.7954690642823604,66
chr01,12493930,-0.0013846153846153847,1.5367830534900004,0.21955434721360084,0.6584579593694896,67
chr01,12493948,-0.0013846153846153847,1.5367830534900004,0.21955434721360084,0.6584579593694896,67
chr01,12530015,-0.0014405594405594404,1.7510730499224414,0.19017411464247844,0.7208485969306067,70
chr01,12611434,-0.0015420393559928446,1.9894654211235039,0.1630228256257483,0.787751583637213,69
chr01,12611698,-0.0014793621013133207,1.7696572628153933,0.18807317351533293,0.7256731471669641,67
chr01,12617304,-0.0012513416815742395,1.3606823895627722,0.2475545537114448,0.6063290805077615,69
chr01,12649944,0.0016311111111111114,2.222601006945043,0.1406281929885764,0.8519276036977941,70
chr01,12650071,0.0014111111111111102,1.6900886274451163,0.19791535557782627,0.7035205090578619,71
chr01,12653963,0.00109527972027972,0.9855695298654439,0.32434721246762754,0.48898983016825315,70
chr01,12654034,0.00109527972027972,0.9855695298654439,0.32434721246762754,0.48898983016825315,70
chr01,12660499,-0.0013179785330948125,1.426328645608299,0.23657560039620304,0.6260300490560183,69
chr01,12661778,-0.0009547619047619052,0.7508240731435473,0.38940280147186523,0.4096009283696703,67
chr01,12689845,-0.0005307692307692308,0.24731279491670966,0.6207326958696482,0.20709537840742756,64
chr01,12735413,0.0012188644688644692,1.1961730287641053,0.2780636421813913,0.5558557929849969,68
chr01,12848587,-0.0011355311355311355,1.049663180104922,0.30932521177434236,0.5095846810694138,68
chr01,12851467,-0.0013141025641025643,1.3843965706441521,0.24357989315583073,0.6133585643637702,68
chr01,12851507,-0.0013141025641025643,1.3843965706441521,0.24357989315583073,0.6133585643637702,68
chr01,12930892,-0.0015297157622739018,2.011347548856187,0.1606933216590561,0.7940021719416233,70
chr01,12955242,-0.0013293189368770765,1.5401532526420871,0.21879780013973407,0.6599570488467298,71
chr01,12955431,-0.0015147584973166373,1.8985797291601574,0.17282218647831052,0.7624005046430732,69
chr01,12993768,-0.0017808586762075138,2.6507222873025915,0.1081966670074253,0.9657861174418179,69
chr01,13016943,-0.001967261904761905,2.9329649961889124,0.0916293779371899,1.0379652618073858,66
chr01,13016963,-0.001967261904761905,2.9329649961889124,0.0916293779371899,1.0379652618073858,66
chr01,13056378,-0.0014423076923076917,1.5768104119544664,0.2138579922265427,0.6698745148014807,65
chr01,13122568,-0.0017202380952380954,2.557327503720426,0.11442051273077301,0.9414961104451409,70
chr01,13147722,0.0022785365853658537,4.163653803443357,0.045430315926372145,1.3426542430532358,66
chr01,13160305,0.00155836236933798,2.0663617467616278,0.1552344906349582,0.8090117790297738,69
chr01,13162656,-0.0015446428571428568,1.9802197965239094,0.16405928153376034,0.7849991946904881,68
chr01,13162664,-0.0015446428571428568,1.9802197965239094,0.16405928153376034,0.7849991946904881,68
chr01,13202855,-0.0015595238095238101,2.0588418570254463,0.15597678739305543,0.8069400289353407,69
chr01,13208439,0.0016666666666666668,2.3935599445070452,0.12647760603579064,0.8979863633105525,70
chr01,13217273,-0.0018273809523809527,2.946181622600654,0.09063322287157213,1.042712576440319,70
chr01,13353605,0.0010088888888888892,0.8334969496479621,0.3644888898628351,0.43831570505465034,70
chr01,13388265,0.0009791304347826087,0.789609523225769,0.37730556366943335,0.4233067907356092,71
chr01,13397811,0.0007204995693367792,0.43238540026379474,0.5130405481568495,0.2898483090697511,70
chr01,13397915,0.0007473544973544977,0.45464298481298276,0.5024581621983988,0.2989000944702996,69
chr01,13415361,-0.0008121047877145441,0.529388481693101,0.469437368820686,0.3284223420347054,68
chr01,13471583,0.0006253229974160206,0.328023425820295,0.5687142744320788,0.2451058710457333,70
chr01,13471715,0.0006123481781376524,0.2781941797102866,0.5997697143036445,0.2220154679577586,64
chr01,13806665,-0.00016341463414634155,0.023266185059543015,0.879212062956463,0.055906361940926186,71
chr01,13822518,-0.00016341463414634155,0.023266185059543015,0.879212062956463,0.055906361940926186,71
chr01,13822816,-4.999999999999976e-05,0.00224642389137877,0.9623361825069229,0.016673185028201205,70
chr01,13878919,-0.0007846846846846853,0.4941563599228436,0.48458928109489496,0.3146261964981904,67
chr01,13889977,0.0004384615384615389,0.16227972739051427,0.6883487782314939,0.16219145408977167,69
chr01,13890116,0.0006564102564102566,0.363236698247082,0.5487487070605137,0.26062649001569166,69
chr01,13904108,0.0005854838709677421,0.30230260473907017,0.5842178441326393,0.23342518223068573,71
chr01,13904164,0.0005854838709677421,0.30230260473907017,0.5842178441326393,0.23342518223068573,71
chr01,13904423,0.0005854838709677421,0.30230260473907017,0.5842178441326393,0.23342518223068573,71
chr01,13939666,0.0004354838709677421,0.15739599874098673,0.6928452928919793,0.15936372923249584,68
chr01,13963530,-0.0006406120760959475,0.3539455276343633,0.5538627489714577,0.2565978431222571,70
chr01,13969760,0.0006551282051282057,0.35812586297928384,0.5515667427972752,0.25840192787518984,69
chr01,14001697,-0.0010260416666666666,0.8876374006239882,0.3495542476550815,0.45648541611556376,68
chr01,14001985,0.0011201754385964915,1.060075490359251,0.3069564483010311,0.5129232388689899,68
chr01,14121912,-0.0005888888888888893,0.2715009756009157,0.6041249772489918,0.21887320820834966,66
chr01,14141834,-0.0007073170731707322,0.4242753405365448,0.5170067251140087,0.28650380765865274,70
chr01,14148911,-0.0015500000000000002,2.03177437484426,0.1586829160166856,0.7994698273665308,69
chr01,14148959,-0.0013461538461538465,1.5699435584092787,0.21463626964538793,0.6682968882605576,68
chr01,14149022,-0.0013461538461538465,1.5699435584092787,0.21463626964538793,0.6682968882605576,68
chr01,14169783,-0.0017987179487179493,2.879560909296808,0.09435185794284129,1.0252495434441578,69
chr01,14170065,0.001566997518610422,2.174185508435453,0.14495873081033914,0.838755622126418,70
chr01,14233812,-0.0015941586748038365,2.172467483607788,0.14525456530108258,0.8378702089967676,68
chr01,14233831,0.0015941586748038359,2.172467483607788,0.14525456530108258,0.8378702089967676,68
chr01,14233883,-0.0015941586748038365,2.172467483607788,0.14525456530108258,0.8378702089967676,68
chr01,14233904,-0.0015941586748038365,2.172467483607788,0.14525456530108258,0.8378702089967676,68
chr01,14251062,-0.0016521381578947375,2.4514667636224527,0.1220572718614694,0.9134363413165935,70
chr01,14268186,0.001400492610837439,1.5672218852679207,0.21531330217687464,0.6669291383903762,64
chr01,14277346,0.001682010135135135,2.50394127261155,0.11827125397703724,0.9271207985350783,69
chr01,14308480,-0.0009576612903225809,0.8147709523382812,0.3698538165186468,0.4319698954575808,71
chr01,14313528,0.0010333333333333336,0.8850684984074615,0.3503546755902158,0.45549208233914856,66
chr01,14321191,-0.0009083191850594234,0.707727860160875,0.40319172407774573,0.3944883908091944,69
chr01,14328568,0.0008684210526315791,0.6010924561434848,0.4409730636160877,0.35558793815161327,67
chr01,14334310,0.0009022556390977446,0.6294086021608648,0.4305038475001618,0.36602296281515206,66
chr01,14334327,0.0006785714285714287,0.3657583100611786,0.5474976385613421,0.2616177496604288,65
chr01,14334483,-0.0009022556390977448,0.6294086021608648,0.4305038475001618,0.36602296281515206,66
chr01,14335988,0.0005788288288288289,0.2713632666375646,0.6041889279539545,0.21882723764029535,67
chr01,14340587,0.001061705989110708,0.998848733899161,0.3212953827663778,0.49309551551132674,67
chr01,14366904,0.0009576612903225809,0.8147709523382813,0.3698538165186468,0.4319698954575808,71
chr01,14366920,0.0009576612903225809,0.8147709523382813,0.3698538165186468,0.4319698954575808,71
chr01,14366930,-0.0009576612903225809,0.8147709523382813,0.3698538165186468,0.4319698954575808,71
chr01,14366940,0.0009576612903225809,0.8147709523382813,0.3698538165186468,0.4319698954575808,71
chr01,14366958,-0.0009576612903225809,0.8147709523382813,0.3698538165186468,0.4319698954575808,71
chr01,14371878,0.000863110008271299,0.6517140101351684,0.4223153815995906,0.37436310038382725,70
chr01,14376451,-0.0005714285714285716,0.2574233017392943,0.6136398884545476,0.2120864176825194,66
chr01,14377487,0.0009315004659832248,0.6762691660187838,0.4139277891504505,0.38307541614678403,66
chr01,14474536,-0.0008124999999999999,0.4940413744327233,0.4847609807029285,0.3144723445913359,64
chr01,14477050,0.0007086580086580089,0.4226145101133439,0.5178918072674015,0.2857609592016508,68
chr01,14477116,0.00037847222222222194,0.12354458412221375,0.7263411177289907,0.13885936999617485,68
chr01,14477117,0.00037847222222222194,0.12354458412221375,0.7263411177289907,0.13885936999617485,68
chr01,14477119,0.00037847222222222194,0.12354458412221375,0.7263411177289907,0.13885936999617485,68
chr01,14477138,0.00037847222222222194,0.12354458412221375,0.7263411177289907,0.13885936999617485,68
chr01,14477151,0.00037847222222222194,0.12354458412221375,0.7263411177289907,0.13885936999617485,68
chr01,14512084,0.0008281249999999998,0.522610924062103,0.4724484351324756,0.3256455851642086,64
chr01,14512153,0.0008281249999999998,0.522610924062103,0.4724484351324756,0.3256455851642086,64
chr01,14548652,0.0005348075348075347,0.24844537060357952,0.6197803225369511,0.20776221633371458,70
chr01,14579624,0.0010413602941176463,0.8891177732818336,0.34926245428340774,0.45684809851335745,66
chr01,14775776,0.0004911330049261078,0.21792355429179427,0.6422629703275293,0.19228711651308183,64
chr01,14968061,-0.0003000000000000002,0.07911148630823703,0.7793592414037293,0.10826231049650813,70
chr01,14968107,-0.00016503267973856206,0.0236103114802227,0.8783357031545271,0.056339463407667274,70
chr01,14975246,-9.5238095238095e-05,0.006803467573795807,0.9345282480318708,0.029407566645821073,64
chr01,14975473,6.178160919540262e-05,0.0029218305542955355,0.9570632216110246,0.0190593726830148,65
chr01,15002687,0.000330065359477124,0.09999437802991654,0.7528050123014108,0.12331749796603124,70
chr01,15002719,0.000330065359477124,0.09999437802991654,0.7528050123014108,0.12331749796603124,70
chr01,15015471,0.00014234449760765536,0.017996328826937694,0.8936741752585033,0.048820791807686566,71
chr01,15015693,-8.84520884520884e-05,0.00715374805756143,0.9328439538238336,0.030190998977185825,70
chr01,15028742,0.00014488636363636337,0.016062687707864058,0.8995508851248541,0.045974264776595705,65
chr01,15044359,-0.0004901719901719905,0.20978236688894675,0.6483983411277482,0.18815810492775883,70
chr01,15127607,0.0002487373737373738,0.053196653430667484,0.8182942098647374,0.08709052181998096,69
chr01,15134545,0.0003802521008403362,0.12208044825492013,0.727884749090838,0.13793738002250666,69
chr01,15134553,0.0003802521008403362,0.12208044825492013,0.727884749090838,0.13793738002250666,69
chr01,15348742,-0.0004259740259740259,0.15292608317645598,0.6970142021654568,0.15675837274955065,68
chr01,15348743,-0.0004259740259740259,0.15292608317645598,0.6970142021654568,0.15675837274955065,68
chr01,15348787,-0.0004259740259740259,0.15292608317645598,0.6970142021654568,0.15675837274955065,68
chr01,15355140,0.00040604575163398667,0.14315499086755387,0.7063430998935311,0.15098429300573854,70
chr01,15368043,-0.00038990461049284595,0.13568828133907485,0.7137333690092248,0.1464639983001014,71
chr01,15376330,-0.0002761904761904762,0.06323934389825486,0.802228757600239,0.09570177386366929,68
chr02,34602,0.0012670250896057351,1.3190729061125892,0.25496759774368605,0.5935150078611426,67
chr02,34662,0.0012670250896057351,1.3190729061125892,0.25496759774368605,0.5935150078611426,67
chr02,41239,0.0014445773524720885,1.9041153384539014,0.17207348900005526,0.7642860353544664,71
chr02,293525,0.0014250217959895376,1.6954652704010287,0.19740808364714763,0.7046350674137501,68
chr02,293547,0.0014250217959895376,1.6954652704010287,0.19740808364714763,0.7046350674137501,68
chr02,293575,0.0014250217959895376,1.6954652704010287,0.19740808364714763,0.7046350674137501,68
chr02,293599,0.0014250217959895376,1.6954652704010287,0.19740808364714763,0.7046350674137501,68
chr02,293658,0.0013281105990783412,1.408940223963917,0.2396196603077674,0.6204775518382829,66
chr02,293685,0.0013154121863799284,1.4220595769882027,0.23739991452872686,0.6245194417407746,67
chr02,293721,0.001377777777777778,1.5132252513804987,0.22315017774487594,0.6514027628965503,66
chr02,293730,0.0013154121863799284,1.4220595769882027,0.23739991452872686,0.6245194417407746,67
chr02,293739,0.0013154121863799284,1.4220595769882027,0.23739991452872686,0.6245194417407746,67
chr02,293756,0.0013154121863799284,1.4220595769882027,0.23739991452872686,0.6245194417407746,67
chr02,298597,0.0013510101010101008,1.5957105119359125,0.21089038965218074,0.6759432107589707,69
chr02,298649,0.0013510101010101008,1.5957105119359125,0.21089038965218074,0.6759432107589707,69
chr02,298747,0.0013510101010101008,1.5957105119359125,0.21089038965218074,0.6759432107589707,69
chr02,298796,0.0013510101010101008,1.5957105119359125,0.21089038965218074,0.6759432107589707,69
chr02,298809,0.0013510101010101008,1.5957105119359125,0.21089038965218074,0.6759432107589707,69
chr02,365421,0.0020616071428571437,3.584536693354573,0.06277256797523662,1.2022301043481347,67
chr02,479673,-0.0028382961124896605,7.914066452659916,0.006407147788441044,2.1933352583767687,70
chr02,479705,0.0028382961124896605,7.914066452659916,0.006407147788441044,2.1933352583767687,70
chr02,496658,-0.0023821684587813628,5.01852653753689,0.028502598199152723,1.545115549390663,67
chr02,605711,-0.0025953525641025654,6.51448755469501,0.012917028810389457,1.8888373717625677,71
chr02,605934,-0.0025049342105263168,5.9680936533182845,0.017169500621167018,1.7652423362092335,70
chr02,605967,-0.0025049342105263168,5.9680936533182845,0.017169500621167018,1.7652423362092335,70
chr02,613501,0.0026365131578947386,6.560801954422225,0.012647493034541142,1.8979955511019353,70
chr02,613645,0.0026365131578947386,6.560801954422225,0.012647493034541142,1.8979955511019353,70
chr02,626720,-0.0025138888888888884,5.653757904824409,0.020322937004352757,1.6920135290351679,68
chr02,699643,-0.0024275184275184287,5.5999372327223425,0.02081615512322698,1.6815994843821012,70
chr02,699656,-0.0024275184275184287,5.5999372327223425,0.02081615512322698,1.6815994843821012,70
chr02,708343,-0.0024684343434343437,5.6414852460926905,0.020409537848072288,1.6901668293017844,69
chr02,749046,-0.0019542483660130714,3.5361568311521716,0.06432780320382381,1.1916012795144078,70
chr02,781760,-0.0013017676767676772,1.4908052056446166,0.2263709644277607,0.6451792788860664,69
chr02,781800,-0.0013017676767676772,1.4908052056446166,0.2263709644277607,0.6451792788860664,69
chr02,790959,-0.0016393581081081087,2.3712020405652803,0.12830175649868936,0.8917673979316462,69
chr02,798479,-0.0016437381404174574,2.2033160482605205,0.14270060724416758,0.8455741787968455,65
chr02,798522,-0.0016437381404174574,2.2033160482605205,0.14270060724416758,0.8455741787968455,65
chr02,799153,-0.0014687500000000004,1.7440698917483033,0.19140143813321606,0.7180548033879446,65
chr02,815683,-0.0016535626535626546,2.4885153142744043,0.11932097560788997,0.9232832043596653,70
chr02,815747,-0.0016535626535626546,2.4885153142744043,0.11932097560788997,0.9232832043596653,70
chr02,815781,-0.0016535626535626546,2.4885153142744043,0.11932097560788997,0.9232832043596653,70
chr02,815782,-0.0014904610492845797,2.0372808394448003,0.15799385600244592,0.8013598013754244,71
chr02,815792,-0.0014904610492845797,2.0372808394448003,0.15799385600244592,0.8013598013754244,71
chr02,875975,-0.0015247747747747747,1.9474393748601027,0.16761238484337188,0.7756938945934727,67
chr02,891708,-0.0015861244019138756,2.3086434929467883,0.13322548272815,0.8754126974650428,71
chr02,891709,0.001586124401913875,2.3086434929467825,0.13322548272815,0.8754126974650428,71
chr02,999288,-0.001493464052287581,1.9894086713631498,0.16296095033088434,0.7879164513480026,70
chr02,1030609,-0.0010847039473684216,1.0282617256040607,0.31416184060910723,0.502846567288832,70
chr02,1059038,-0.001129435483870968,1.1385283756277842,0.2896826894465147,0.5380774561337446,71
chr02,1062044,-0.001129435483870968,1.1385283756277842,0.2896826894465147,0.5380774561337446,71
chr02,1070851,-0.00046250000000000024,0.19874139686910872,0.6571977074153456,0.18230396023789092,68
chr02,1070859,-0.00046250000000000024,0.19874139686910872,0.6571977074153456,0.18230396023789092,68
chr02,1070873,-0.00046250000000000024,0.19874139686910872,0.6571977074153456,0.18230396023789092,68
chr02,1125865,-0.0012028862478777594,1.260953820290349,0.2654784161713985,0.575970781997577,69
chr02,1125880,-0.0011824561403508778,1.179009951791576,0.28150770463929164,0.550509714359565,68
chr02,1150692,-0.0007666666666666668,0.4715186255729715,0.49476989595506704,0.3055967326854607,66
chr02,1156677,-0.0012395644283121601,1.2548024560815523,0.2667591895118574,0.5738806107580431,67
chr02,1171577,-0.0011555004135649304,1.1624045808630916,0.28477718297119187,0.5454948103535555,70
chr02,1201285,-0.0010346846846846845,0.8752545801080421,0.35296756768219983,0.45226519779558316,67
chr02,1220743,0.0010657894736842111,1.0079536404764733,0.3189528706476736,0.49627348474777755,70
chr02,1220758,0.0010657894736842111,1.0079536404764733,0.3189528706476736,0.49627348474777755,70
chr02,1225379,-0.0009279233870967745,0.630205001024092,0.4303575397047861,0.36617058395311297,63
chr02,1225462,-0.0009279233870967745,0.630205001024092,0.4303575397047861,0.36617058395311297,63
chr02,1254732,0.0010743243243243245,0.9968616836736041,0.3216634354333797,0.4925983040095526,69
chr02,1274986,-0.0009066985645933014,0.7377925364305965,0.3933431613411713,0.4052283960671418,71
chr02,1334890,-0.00100871839581517,0.8993325458097977,0.3464202749040929,0.4603966980020039,68
chr02,1335591,-0.0010878378378378379,1.0225440707976596,0.3155543044886019,0.5009258912207956,69
chr02,1335786,-0.0009066985645933014,0.7377925364305965,0.3933431613411713,0.4052283960671418,71
chr02,1335891,0.0009066985645933014,0.7377925364305965,0.3933431613411713,0.4052283960671418,71
chr02,1345013,-0.0009609507640067917,0.800015222161277,0.3742907269346818,0.42679093241265564,69
chr02,1394126,0.0005503685503685508,0.30462572066934523,0.5828063653124285,0.23447571358535743,70
chr02,1394259,0.0007094594594594596,0.5020192397382707,0.48107220511510695,0.31778973458329124,69
chr02,1401153,-0.0005912162162162164,0.3103683095256346,0.5793106580114024,0.23708848138707977,69
chr02,1401199,-0.0005912162162162164,0.3103683095256346,0.5793106580114024,0.23708848138707977,69
chr02,1401271,-0.0005912162162162164,0.3103683095256346,0.5793106580114024,0.23708848138707977,69
chr02,1413221,0.0014006410256410264,1.7783253631522558,0.18674074380280567,0.7287609156972545,71
chr02,1451309,-0.001612664473684211,2.352704539634028,0.12970565274295065,0.887041096378717,70
chr02,1469197,-0.0012267857142857143,1.2819568476181817,0.26169510151175934,0.5822044065398019,67
chr02,1546271,0.0009253472222222218,0.7264291621232242,0.3971253757055869,0.40107236129470225,68
chr02,1547180,-0.0012410873440285213,1.2955384493512483,0.2592077488507746,0.5863520196500921,67
chr02,1547209,-0.0012410873440285213,1.2955384493512483,0.2592077488507746,0.5863520196500921,67
chr02,1547287,0.001115546218487395,1.0883312095437971,0.30059086893701903,0.5220242161326671,69
chr02,1555265,-0.0009649769585253458,0.77940086450076,0.3806285472026969,0.4194986426709862,66
chr02,1593592,-0.0011284722222222225,1.071479786400302,0.30438934680054675,0.5165705513321446,68
chr02,1621844,-0.0009501633986928103,0.791467900135907,0.37679323676664267,0.423896901158586,70
chr02,1624748,-0.001119949494949495,1.0895711938200654,0.30031788379834834,0.5224188049849092,69
chr02,1651241,-0.0009571428571428573,0.8042005205863458,0.37300437276183285,0.4282860768904996,70
chr02,1660547,-0.0011504201680672265,1.1518571194630767,0.28701107008869,0.5421013520962712,69
chr02,1660661,-0.001,0.8784973792725255,0.3519306510390635,0.4535429070851437,70
chr02,1665358,-0.0011504201680672265,1.1518571194630767,0.28701107008869,0.5421013520962712,69
chr02,1693934,-0.0013032591414944366,1.5469020556925666,0.21780233977671115,0.6619374590767708,71
chr02,1696228,-0.0014810606060606066,1.9270862932154802,0.16967627707382973,0.7703788733931332,69
chr02,1708518,-0.0014485294117647048,1.8983125787513162,0.172784816653341,0.762494423508664,70
chr02,1715990,0.0017428571428571426,2.7852716164896254,0.09973283423878541,1.0011618388683194,70
chr02,1717093,-0.0017757575757575762,2.7346380070343685,0.10294283645232032,0.987403869516783,68
chr02,1718182,-0.0016094771241830057,2.320820337223596,0.13229004393548047,0.8784728393089756,70
chr02,1723094,-0.001790783410138249,2.719431870715395,0.10403383797215793,0.9828253794091008,66
chr02,1736310,0.001765625,2.7633569866875187,0.10111764655334243,0.9951730468622337,69
chr02,1745680,0.001719015280135824,2.5813770168420587,0.11283065758527172,0.9475728807507623,69
chr02,1761098,0.0016440033783783783,2.3456702761246455,0.13033989034064325,0.8849226487268975,69
chr02,1769725,0.0013935483870967744,1.5585742436583134,0.21642186513266548,0.6646988645138964,66
chr02,1775207,0.0017121212121212128,2.1469230418390857,0.14807679071685118,0.8295130066610544,62
chr02,1775214,-0.0017121212121212126,2.1469230418390857,0.14807679071685118,0.8295130066610544,62
chr02,1776480,-0.0015861378205128207,2.297269753994112,0.13416965818001286,0.8723456866623224,71
chr02,1783925,0.001639494333042721,2.3129935914890623,0.13307346982020776,0.875908518974188,68
chr02,1783928,0.001639494333042721,2.3129935914890623,0.13307346982020776,0.875908518974188,68
chr02,1794326,0.0017084821428571429,2.4436760160434017,0.1228553682240761,0.9106058620641809,67
chr02,1794478,0.0014834465195246182,1.970941500599766,0.1649663195585192,0.7826047147131839,69
chr02,1794506,0.0014103618421052635,1.8321727245007826,0.18035338899381725,0.7438756925056649,70
chr02,1798095,0.001556818181818182,2.1083503677972537,0.1511641031502309,0.8205513282440493,69
chr02,1798116,0.0016262626262626267,2.337296720049217,0.1310163340679616,0.8826745566086209,69
chr02,1798213,0.0014791154791154797,1.9450451155582615,0.16766128724129944,0.7755672038122351,70
chr02,1798295,0.0014791154791154797,1.9450451155582615,0.16766128724129944,0.7755672038122351,70
chr02,1816944,-0.0016142506142506148,2.3675265097329743,0.12852384501789424,0.8910162902394467,70
chr02,1829317,-0.0016262626262626267,2.337296720049217,0.1310163340679616,0.8826745566086209,69
chr02,1856948,-0.001708482142857143,2.4427349664411704,0.12292617133599085,0.9103556447231081,67
chr02,1857441,-0.0015639745916515425,2.0392132680472157,0.15807621103713218,0.801133482329995,67
chr02,1857464,-0.0015639745916515425,2.0392132680472157,0.15807621103713218,0.801133482329995,67
chr02,1857466,-0.0015639745916515425,2.0392132680472157,0.15807621103713218,0.801133482329995,67
chr02,1886949,-0.0017250844594594594,2.6334698677101254,0.10932924772972241,0.9612636401688672,69
chr02,1920140,-0.0019254464285714285,3.150535496170146,0.08058405488808354,1.0937508832468141,67
chr02,1982562,-0.0013098659003831416,1.4208370931163754,0.23773646833759782,0.623904193185741,65
chr02,2063304,0.0013866305329719964,1.5526972233200762,0.21714269708742417,0.6632547721869307,68
chr02,2124322,-0.0021483516483516486,3.9145902309691265,0.0520446448930443,1.283623950361846,68
chr02,2343576,0.0017173684210526321,2.2356127159911847,0.14001889877997178,0.8538133423080002,63
chr02,2344997,0.001737126245847176,2.6722875310259764,0.10666370252383953,0.971983345106883,71
chr02,2345018,0.001737126245847176,2.6722875310259764,0.10666370252383953,0.971983345106883,71
chr02,2373063,-0.0017440476190476186,2.6300651239066246,0.10948538508887093,0.9606438497633307,70
chr02,2399168,0.0017115384615384616,2.306714123928165,0.13381890866297896,0.8734825162558615,65
chr02,2399169,0.0017115384615384616,2.306714123928165,0.13381890866297896,0.8734825162558615,65
chr02,2399194,0.0017115384615384616,2.306714123928165,0.13381890866297896,0.8734825162558615,65
chr02,2400360,0.001737126245847176,2.6722875310259764,0.10666370252383953,0.971983345106883,71
chr02,2400429,0.001737126245847176,2.6722875310259764,0.10666370252383953,0.971983345106883,71
chr02,2429402,0.001302702702702703,1.316132657905441,0.25584141638871416,0.5920291492509829,62
chr02,2619196,0.00193287037037037,3.1255622972410864,0.08176619866818664,1.0874261922418427,67
chr02,2649034,0.0018348457350272232,2.8135048166831957,0.0982769033846012,1.0075485361985443,67
chr02,2649365,0.0019137931034482764,3.120265526428678,0.08194821821897759,1.0864604847545973,68
chr02,2655211,-0.001987179487179487,3.0685757729346155,0.08468586835181667,1.0721890549451767,65
chr02,2655212,-0.0019375000000000002,2.9842158498396953,0.08890328858468523,1.0510821739255511,66
chr02,2655466,-0.0018528174936921786,3.067489569832962,0.08438178844073088,1.0737512741460133,70
chr02,2664549,-0.001726293103448276,2.5403036013583717,0.11568046453340558,0.9367399760670959,69
chr02,2687125,-0.001475174216027875,1.8181256344519283,0.18207721124636977,0.7397444070292455,69
chr02,2692793,0.0021958855098389986,4.077416840338526,0.0474635534857273,1.3236397502848969,69
chr02,2734415,0.0019111721611721614,3.1561511347583604,0.08024989519083828,1.0955555261264587,68
chr02,2734417,0.0019111721611721614,3.1561511347583604,0.08024989519083828,1.0955555261264587,68
chr02,2739955,0.0021605090311986866,4.275228277095854,0.04242387053955204,1.372389711178103,71
chr02,2740069,0.0021605090311986866,4.275228277095854,0.04242387053955204,1.372389711178103,71
chr02,2870084,-0.0007994708994708992,0.4478651460782319,0.505917568314648,0.2959202391729089,62
chr02,2872687,0.00029170731707317104,0.06264027011387545,0.8031722145067798,0.09519132422185052,66
chr02,2932513,0.0012115384615384612,1.0804067918807976,0.3026432202015059,0.5190690506860224,64
chr02,2940635,0.0008577441077441079,0.624506155791328,0.43208531904479675,0.36443048945398354,71
chr02,2947869,0.0008577441077441079,0.624506155791328,0.43208531904479675,0.36443048945398354,71
chr02,2950313,0.000891042204995693,0.6593621823074189,0.4196187276803073,0.3771451373833476,70
chr02,2950325,0.0008577441077441079,0.624506155791328,0.43208531904479675,0.36443048945398354,71
chr02,2950473,0.00093755383290267,0.7353848650551585,0.39415565655466334,0.4043322364666958,70
chr02,2972156,-0.0009598577235772362,0.6524104874002475,0.4222915019261445,0.37438765810556107,65
chr02,2986992,-0.0006529516994633273,0.3441092677685385,0.5594381689710839,0.252247906201851,69
chr02,3016159,0.0005914529914529916,0.2910355541821498,0.5912943744474795,0.22819625284266554,71
chr02,3016284,0.0006896853146853146,0.39226724906457455,0.5332069215535461,0.2731042216493997,70
chr02,3218359,-0.0008809756097560975,0.5904264082565938,0.44508041642482743,0.3515615142902518,66
chr02,3218405,-0.0008809756097560975,0.5904264082565938,0.44508041642482743,0.3515615142902518,66
chr02,3269603,-0.0005914529914529917,0.2910355541821498,0.5912943744474795,0.22819625284266554,71
chr02,3269630,0.0005914529914529916,0.2910355541821498,0.5912943744474795,0.22819625284266554,71
chr02,3369688,0.0012375,1.110931946821115,0.2959697464864683,0.528752679500121,64
chr02,3402788,0.0008948717948717947,0.669877229239254,0.4159121040479411,0.38099844043156283,71
chr02,3402872,0.0008948717948717947,0.669877229239254,0.4159121040479411,0.38099844043156283,71
chr02,3411383,-0.0012160852713178295,1.1385950272897576,0.28989664437792645,0.5377568116770285,67
chr02,3449565,-0.0011482051282051282,0.9559706607756172,0.33200389727552326,0.47885681823777104,64
chr02,3454692,-0.0009851537645811244,0.6629167755245904,0.4186483429643493,0.37815062341630784,64
chr02,3457040,-0.0008948717948717949,0.669877229239254,0.4159121040479411,0.38099844043156283,71
chr02,3497435,-0.0009533333333333336,0.7319144187770026,0.3952678183044549,0.4031085433644332,70
chr02,3497454,-0.0009533333333333336,0.7319144187770026,0.3952678183044549,0.4031085433644332,70
chr02,3530603,-0.0005388888888888892,0.22314984561176734,0.6381853973553202,0.1950531373417572,69
chr02,3533387,-0.00075,0.4254860314523596,0.5165852320768367,0.28685801341475964,65
chr02,3536147,-0.00025055432372505544,0.04105286549471818,0.8401101996426898,0.07566374255992336,63
chr02,3536152,-0.00025055432372505544,0.04105286549471818,0.8401101996426898,0.07566374255992336,63
chr02,3552472,0.0009990253411306046,0.7800874521766181,0.3804723736167457,0.41967687219533506,65
chr02,3700980,-0.00047329888027562483,0.18668130893196147,0.6670602212568124,0.17583495681968925,70
chr02,3747318,0.0007974358974358975,0.4627039177390838,0.49889525691214043,0.3019906249577445,64
chr02,3776152,-0.0006111111111111115,0.298858844478332,0.5863881800926497,0.23181479241241792,70
chr02,3776907,0.0009184210526315791,0.5969634160637263,0.4427224384047045,0.3538684662109126,63
chr02,3861062,2.699335548172765e-05,0.000621206375344095,0.9801875162263429,0.0086908330094101,71
chr02,3879926,-3.39912280701756e-05,0.0009266266158051065,0.9758167433256816,0.01063173441849697,62
chr02,3907782,0.0002564102564102564,0.049176968786285004,0.8252189133803299,0.08343082689061931,65
chr02,4012761,0.0002444444444444444,0.047283846614568366,0.8285399886232876,0.08168652596603282,67
chr02,4056901,-2.6993355481727964e-05,0.000621206375344095,0.9801875162263429,0.0086908330094101,71
chr02,4065768,0.0005128205128205128,0.20093690820292998,0.6555035376211021,0.18342496016737064,65
chr02,4069567,-0.00013690476190476218,0.015853295755281334,0.9001748012660566,0.04567314850071149,70
chr02,4138988,-6.198686371100205e-05,0.0033140513450217353,0.9542592896714984,0.0203336035209304,71
chr02,4153659,9.523809523809557e-05,0.007555194847468364,0.9309900552989943,0.031054958064670242,70
chr02,4162764,-0.00018103448275862109,0.02733732915210167,0.8691742174091108,0.060893164775609125,69
chr02,4162786,-0.00018103448275862109,0.02733732915210167,0.8691742174091108,0.060893164775609125,69
chr02,4190178,-0.00017493692178301108,0.02617494920402178,0.8719535548366094,0.059506647424507834,70
chr02,4257744,8.616298811545009e-05,0.006481565790782665,0.9360730984011413,0.02869023567142466,69
chr02,4270186,-0.00014722911497105072,0.018559311032594006,0.8920399513487826,0.04961569465775856,70
chr02,4276679,0.00028353140916808175,0.06820654215751398,0.7947672905693847,0.09976001501156773,69
chr02,4277222,-0.00017567567567567587,0.02490181709590823,0.8751011638117054,0.05794173858271007,67
chr02,4284562,5.639097744361024e-06,2.4915595177122083e-05,0.9960328605292316,0.0017263333523028018,66
chr02,4284608,5.639097744361024e-06,2.4915595177122083e-05,0.9960328605292316,0.0017263333523028018,66
chr02,4347567,0.00014074960127591737,0.017595206754869714,0.8948586940740717,0.04824553812423899,71
chr02,4368536,-0.00012626262626262575,0.013767370723156187,0.9069460659869256,0.0424185386738791,69
chr02,4374289,-0.00011677631578947349,0.011745914100027718,0.9140145659983201,0.03904688316957381,70
chr02,4374333,-0.0001423444976076549,0.017996328826937694,0.8936741752585033,0.048820791807686566,71
chr02,4408277,-1.262626262626269e-05,0.0001362710053619201,0.9907207828286185,0.004048726506675463,69
chr02,4508898,0.00014234449760765487,0.017996328826937694,0.8936741752585033,0.048820791807686566,71
chr02,4509007,1.9656019656019647e-05,0.0003392211165145049,0.9853593629738374,0.00640535235148552,70
chr02,4510441,-9.966216216216237e-05,0.008547978386087415,0.9266122189445473,0.03310197719005867,69
chr02,4510504,1.9656019656019647e-05,0.0003392211165145049,0.9853593629738374,0.00640535235148552,70
chr02,4525127,0.00022132616487455177,0.038830920108574946,0.844398891151716,0.07345234567111644,67
chr02,4573741,0.00011583011583011549,0.009987336383331337,0.9207119510927939,0.035876219550842275,65
chr02,4574453,0.00019549549549549548,0.030921392611870508,0.8609625600658313,0.06501573392421807,67
chr02,4577951,-1.52571926765475e-05,0.00019198968045850833,0.9889866382267667,0.004809575929194746,68
chr02,4599154,0.000141277641277641,0.01725393619209281,0.8958829465560457,0.04774873027724096,70
chr02,4608625,-0.00010219594594594548,0.008757340750960371,0.9257215535015442,0.03351962450900573,69
chr02,4608755,0.0003749999999999999,0.1201874978923339,0.7299341272201262,0.1367163309420624,68
chr02,4694310,0.0003190476190476189,0.08464739252866248,0.7720078297533057,0.11237829499922285,68
chr02,4768917,-0.0009023769100169779,0.6862976289321048,0.4103679684345286,0.3868265457399012,69
chr02,4772683,0.0005441964285714284,0.24466489185944654,0.6225247616310585,0.20584336933125305,67
chr02,4777636,-0.0008363486842105261,0.6077730471644761,0.4383325143771414,0.3581963133048835,70
chr02,4777712,-0.0007225506756756754,0.44749899506946667,0.5058235496777453,0.29600095502915763,69
chr02,4786139,-0.0008443898443898444,0.6219933093940353,0.43304853494564,0.3634634263306587,70
chr02,4812156,-0.0008862478777589132,0.6620540106782,0.4187180524917916,0.37807831465555863,69
chr02,4812168,-0.0008862478777589132,0.6620540106782,0.4187180524917916,0.37807831465555863,69
chr02,4812370,-0.001106060606060606,0.9929428205426825,0.3227768698845075,0.4910975942765993,66
chr02,4812445,0.001106060606060606,0.9929428205426825,0.3227768698845075,0.4910975942765993,66
chr02,4847833,0.0008891891891891886,0.63970502459972,0.4267310064749049,0.3698457999536201,67
chr02,4847876,-0.0008891891891891889,0.63970502459972,0.4267310064749049,0.3698457999536201,67
chr02,4847880,-0.0008891891891891889,0.63970502459972,0.4267310064749049,0.3698457999536201,67
chr02,4879307,-0.0010482456140350873,0.9896927754396226,0.3232935032177695,0.49040302271607367,71
chr02,4901582,-0.0010481418918918916,0.9336591775449035,0.33738883766399386,0.47186928991857185,69
chr02,4902256,-0.0009369369369369371,0.7795803562394907,0.3803803117789145,0.41978196993403405,70
chr02,4902356,0.001055555555555555,0.976012120500666,0.3267397642864244,0.48579800859379074,69
chr02,4902987,0.0009583333333333326,0.793573758212263,0.37620954781277505,0.4245701866968992,69
chr02,4903003,0.0009583333333333326,0.793573758212263,0.37620954781277505,0.4245701866968992,69
chr02,4933451,-0.001055555555555555,0.976012120500666,0.3267397642864244,0.48579800859379074,69
chr02,4959773,0.001048245614035087,0.9896927754396226,0.3232935032177695,0.49040302271607367,71
chr02,4959779,0.001048245614035087,0.9896927754396226,0.3232935032177695,0.49040302271607367,71
chr02,4988363,0.0010760504201680666,1.0165950417553251,0.31695556737794855,0.499001615369253,69
chr02,4988399,0.0010760504201680666,1.0165950417553251,0.31695556737794855,0.499001615369253,69
chr02,4991879,-0.0009534313725490188,0.8096071844593721,0.37141184893901713,0.4301442453276685,70
chr02,4991976,-0.0011249999999999997,1.0826536321667548,0.30184495561458696,0.5202160776109227,69
chr02,5055098,-0.001147058823529412,1.1094950209440841,0.29603278318791026,0.528660191747705,68
chr02,5055223,0.0010271836007130124,0.8737423600591395,0.35338103811505006,0.45175675778040403,67
chr02,5059647,-0.0013055555555555546,1.534032385477895,0.21976689729479343,0.6580377232177149,70
chr02,5086181,-0.0009816913687881428,0.8058997383786349,0.3725984771930462,0.4287589243941737,68
chr02,5102642,0.000986111111111111,0.8159318425944546,0.36965740275530734,0.432200592202595,68
chr02,5156484,-0.0013834821428571425,1.5775694388490764,0.21360701665422854,0.6703844855191229,67
chr02,5157038,0.0014223856209150318,1.800827845981034,0.18407627341993993,0.7350021864381676,70
chr02,5159939,0.0011315789473684212,1.1560457610559836,0.2860325099373147,0.543584602940926,71
chr02,5235556,-0.0009364069952305256,0.7900344344570099,0.3771779593993563,0.4234536934291624,71
chr02,5255293,-0.0007611408199643497,0.47771936420766464,0.4919183496485824,0.3081069769883637,67
chr02,5312997,0.0009285714285714286,0.7579594981057599,0.38703098767761335,0.4122542617546522,70
chr02,5346359,-0.0010861344537815125,1.0204549548186579,0.31604544487395464,0.5002504647267013,69
chr02,5353714,-0.0009690476190476188,0.8481217157378421,0.3602929708465826,0.4433442106843148,71
chr02,5378860,-0.0005620915032679733,0.27922159308175193,0.598932276976437,0.22262228178131296,70
chr02,5383571,0.0012017045454545453,1.3340918581240553,0.252440745024026,0.5978405467695408,65
chr02,5385196,0.0007222689075630249,0.4424253075898711,0.5082374202903893,0.2939333620575187,69
chr02,5385298,0.0006857142857142857,0.4102005550610049,0.5240201556407877,0.2806520082162229,70
chr02,5419533,0.0007777777777777776,0.48806489893586036,0.48732272334353055,0.31218333745387794,66
chr02,5419595,0.0007777777777777776,0.48806489893586036,0.48732272334353055,0.31218333745387794,66
chr02,5445848,-0.0005598039215686274,0.23476218928232898,0.629722353826219,0.20085088987871383,64
chr02,5464422,-0.0006352941176470584,0.34177727662586116,0.5607686794028859,0.2512162510013758,69
chr02,5464430,-0.0006352941176470584,0.34177727662586116,0.5607686794028859,0.2512162510013758,69
chr02,5464553,-0.00031751152073732715,0.08032707596256218,0.7777694544919523,0.10914911699478543,66
chr02,5464566,-0.00031751152073732715,0.08032707596256218,0.7777694544919523,0.10914911699478543,66
chr02,5503785,-0.00022058823529411755,0.04054341831525055,0.8410410943608664,0.07518278349086382,68
chr02,5508150,-0.0003766233766233766,0.1193008992237762,0.7308924096783878,0.1361465482431426,68
chr02,5539710,-0.0002761437908496727,0.06718227961991216,0.7962675030904518,0.09894100814224085,70
chr02,5567920,-0.0009090909090909091,0.7606772140197019,0.3863769954175429,0.4129887390387254,66
chr02,5567959,-0.0009090909090909091,0.7606772140197019,0.3863769954175429,0.4129887390387254,66
chr02,5577362,-0.0002761437908496727,0.06718227961991216,0.7962675030904518,0.09894100814224085,70
chr02,5587225,0.00027614379084967304,0.06718227961991301,0.7962675030904518,0.09894100814224085,70
chr02,5599234,0.00022683982683982683,0.042550660834988215,0.8372086854918991,0.07716627478911083,68
chr02,5601792,0.00022773109243697458,0.044500056699611976,0.8335662954194407,0.07905985403648913,69
chr02,5601818,0.00022773109243697458,0.044500056699611976,0.8335662954194407,0.07905985403648913,69
chr02,5651054,0.00024815724815724794,0.05333919781435258,0.8180449494756247,0.08722283230313246,70
chr02,5666332,0.00013020833333333355,0.014199934387697007,0.9055078111695778,0.043107798985247886,68
chr02,5722559,-6.199596774193538e-05,0.002852292282950102,0.9575822661889766,0.01882390538316767,63
chr02,5723082,-0.00010985178727114226,0.01005664883870251,0.9204237819178431,0.036012168553747184,68
chr02,5748487,0.0005669856459330143,0.2866380378279931,0.5941044975786887,0.22613715984985247,71
chr02,5755161,-0.0005442260442260447,0.2571686801317928,0.6137126926017188,0.21203489468920647,70
chr02,5785123,-0.0009769585253456222,0.7675871042668052,0.38424110605784356,0.41539617622822717,66
chr02,5873440,0.0005166666666666669,0.20749357583465017,0.6503303776670233,0.18686595913214452,64
chr02,5930174,-0.0007352941176470588,0.4472126455473892,0.5059939687699939,0.2958546597323774,68
chr02,5930207,-0.0007352941176470588,0.4472126455473892,0.5059939687699939,0.2958546597323774,68
chr02,5930210,-0.0007352941176470588,0.4472126455473892,0.5059939687699939,0.2958546597323774,68
chr02,5930217,-0.0007352941176470588,0.4472126455473892,0.5059939687699939,0.2958546597323774,68
chr02,5936062,-0.0013772819472616632,1.3923053737695732,0.2425973470994961,0.6151139526299958,63
chr02,5966961,-0.0006438791732909383,0.3712887822061098,0.5443038333412599,0.26415860708822825,71
chr02,5966969,-0.0006438791732909383,0.3712887822061098,0.5443038333412599,0.26415860708822825,71
chr02,5974349,-0.0007272727272727274,0.42430939226519143,0.5171267795986072,0.28640297154767574,66
chr02,5984241,-0.0007936117936117942,0.5575090225046911,0.45783949517357947,0.33928674596444464,70
chr02,5984298,-0.0008270202020202018,0.5894753396883644,0.4453195592969391,0.35132822939565667,69
chr02,5989579,0.0013032094594594592,1.4810033882606746,0.22788698501595675,0.6422804773521206,69
chr02,6021979,-0.001403571428571429,1.6296899393053523,0.20628807284066364,0.6855258813299377,67
chr02,6130899,-0.0009633173843700157,0.8339608739683136,0.3643096525512841,0.43852932177421544,71
chr02,6133736,0.0009633173843700157,0.8339608739683136,0.3643096525512841,0.43852932177421544,71
chr02,6170353,-0.0009641544117647062,0.798699329413035,0.3748309899715486,0.42616451005412115,66
chr02,6355824,-0.0011073853989813246,1.066590645300785,0.3054303719340229,0.5150877789773527,69
chr02,6368899,0.001199553571428572,1.1962672727059682,0.2781057979697851,0.5557899568386966,67
chr02,6377722,0.0008800163800163807,0.683673586326079,0.411216654871421,0.38592930409965553,70
chr02,6410536,-0.0009291497975708505,0.631293593411692,0.4299121385317449,0.3666202924430499,64
chr02,6417473,-0.0010323275862068968,0.9192007079626636,0.3411319807295182,0.4670775640775185,69
chr02,6422348,-0.0008935897435897439,0.6800307435742678,0.4125023975767901,0.3845735228683741,69
chr02,6506510,-0.0005736145574855256,0.28631716655547484,0.5943358666185269,0.2259680604123349,70
chr02,6569978,0.0010875000000000001,0.9860868638326414,0.3243274437375745,0.4890163009122442,68
chr02,6570229,0.0006829268292682932,0.4086104593128726,0.5247921255217673,0.28001269014935776,71
chr02,6599957,-0.0005570719602977672,0.2667583133566995,0.6071903049699741,0.2166751714532489,70
chr02,6600034,-0.0005008771929824563,0.21858231216987378,0.6416622905878816,0.19269348271412898,68
chr02,6616605,0.0006916666666666668,0.4153300416791164,0.5214446379230735,0.28279179408466776,70
chr02,6633078,-0.0007461538461538464,0.472690025509779,0.4941254460697565,0.30616278059120144,69
chr02,6633419,0.0005282258064516132,0.24586540830602197,0.6215772564719027,0.20650488476289575,71
chr02,6651634,0.0005282258064516132,0.24586540830602197,0.6215772564719027,0.20650488476289575,71
chr02,6651671,0.0005282258064516132,0.24586540830602197,0.6215772564719027,0.20650488476289575,71
chr02,6696483,0.00019894179894179914,0.028811193455158986,0.8657867267053467,0.06258907659956811,62
chr02,6696886,-0.0008101851851851856,0.5280440497695288,0.4700392604993694,0.3278658656682653,67
chr02,6716156,0.0007205128205128206,0.43966569900194863,0.5095587567630172,0.2928057306630846,69
chr02,6717653,-0.0008464285714285714,0.5733604035225472,0.4516215403190287,0.34522535235690793,68
chr02,6717665,-0.0008464285714285714,0.5733604035225472,0.4516215403190287,0.34522535235690793,68
chr02,6717802,0.0007380952380952384,0.43069862393581143,0.5139629658701118,0.28906817341270685,67
chr02,6724492,0.0005057899090157157,0.21982278634107763,0.6406746504611094,0.1933624593742322,70
chr02,6724759,-0.0004080459770114947,0.1353908938924667,0.714084232063333,0.14625055662343964,68
chr02,6724823,-0.0003630952380952384,0.10358671698752649,0.7485999499539153,0.1257502062554456,67
chr02,6724882,-0.0003630952380952384,0.10358671698752649,0.7485999499539153,0.1257502062554456,67
chr02,6724886,-0.00018874773139745957,0.029786072225569175,0.863512796632423,0.06373122212006738,67
chr02,6782467,-0.0007205128205128207,0.43966569900194863,0.5095587567630172,0.2928057306630846,69
chr02,6790234,0.0006084392014519057,0.2973440287160707,0.5874186307005327,0.23105228341396308,67
chr02,6790326,0.0006084392014519057,0.2973440287160707,0.5874186307005327,0.23105228341396308,67
chr02,6819110,0.00042777777777777806,0.14871465461866495,0.7010455798196863,0.154253744628698,66
chr02,6856728,0.000827235772357724,0.6012057926041395,0.4407676766437475,0.35579026163805927,71
chr02,6893704,-0.0005854838709677424,0.3023026047390702,0.5842178441326393,0.23342518223068573,71
chr02,6960692,-0.00029704301075268816,0.07301417459321996,0.7878537560428852,0.10355439017283141,67
chr02,7024738,0.0005669856459330141,0.28663803782799124,0.5941044975786935,0.2261371598498489,71
chr02,7254868,-0.001128787878787879,1.0991306022728917,0.29822420053688653,0.525457116975667,69
chr02,7298253,0.0011089271089271097,1.0971006435964181,0.2986120589716072,0.5248926579670612,70
chr02,7312117,0.0011326013513513512,1.1097850687219857,0.2959130703414812,0.5288358518322073,69
chr02,7315409,0.0011603535353535354,1.1713562695145956,0.28300264529836183,0.5482095049947476,69
chr02,7335060,-0.001223809523809524,1.1571113587251056,0.2861677507156176,0.5433793100430447,65
chr02,7338465,-0.0009542925278219399,0.8208646986367085,0.3680804736467196,0.43405722089185744,71
chr02,7350141,0.0008750000000000002,0.6572944747682916,0.4203872864111564,0.37635042662326823,69
chr02,7363925,0.0009542925278219394,0.8208646986367085,0.3680804736467196,0.43405722089185744,71
chr02,7373078,-0.0010219534050179208,0.8571589438046825,0.3579597098137761,0.4461658526584956,67
chr02,7411701,0.0011316964285714287,1.0369637872646036,0.31230404638030546,0.5054223887789148,67
chr02,7418841,-0.0009542925278219399,0.8208646986367085,0.3680804736467196,0.43405722089185744,71
chr02,7419462,-0.0008886554621848737,0.6866001292005427,0.4102653569966941,0.386935153518998,69
chr02,7419739,0.0008614718614718616,0.6263752539133064,0.4315231690183958,0.3649958815091189,68
chr02,7421707,0.0008826013513513513,0.6666545756059082,0.41711404191934964,0.37974518961847153,69
chr02,7425382,-0.0009542925278219399,0.8208646986367085,0.3680804736467196,0.43405722089185744,71
chr02,7448806,0.0011089271089271097,1.0971006435964181,0.2986120589716072,0.5248926579670612,70
chr02,7461613,0.0008823529411764707,0.6637538970399244,0.4181678905023559,0.37864931803441654,68
chr02,7528788,0.0013848214285714288,1.5805206260918698,0.2131843084784386,0.6712447648988499,67
chr02,7528793,0.0013848214285714288,1.5805206260918698,0.2131843084784386,0.6712447648988499,67
chr02,7529075,-0.001131797235023042,1.0739905336665192,0.3039456891840191,0.5172040117691576,66
chr02,7529084,0.001131797235023042,1.0739905336665192,0.3039456891840191,0.5172040117691576,66
chr02,7529092,0.001131797235023042,1.0739905336665192,0.3039456891840191,0.5172040117691576,66
chr02,7560460,-0.001250420168067227,1.3544849996556902,0.24862339013910212,0.6044580159578775,69
chr02,7582825,0.0010592105263157899,0.9908033426293479,0.32307505078758025,0.4906965787314889,70
chr02,7608661,0.0013302139037433159,1.451525516298271,0.23265166824276187,0.6332938289848794,67
chr02,7662736,0.0011003584229390684,1.0169963241656745,0.31697198999598236,0.49897911357923264,67
chr02,7673904,0.0012809172809172815,1.4717396430458298,0.22926882584586733,0.6396549931702916,70
chr02,7678407,0.0012809172809172815,1.4717396430458298,0.22926882584586733,0.6396549931702916,70
chr02,7703848,0.00039583333333333365,0.15925565726546276,0.6911310776480148,0.16043957795045424,68
chr02,7756835,-0.0014783266129032254,1.648786511967265,0.20397992937160828,0.6904125629269365,63
chr02,7774441,-0.0013157657657657652,1.4292241103518717,0.23623449022980178,0.6266566951095973,67
chr02,7923450,0.0013858901515151514,1.5049689538757942,0.22447344700521626,0.6488350243761856,65
chr02,7923458,-0.0013858901515151514,1.5049689538757942,0.22447344700521626,0.6488350243761856,65
chr02,7928648,0.001428030303030303,1.7799105369682187,0.1866773824289925,0.7289082973766317,69
chr02,7928721,0.0017973214285714287,2.8296469724840523,0.09733726948238788,1.0117208408063434,67
chr02,7936394,-0.0012970588235294114,1.5333623559257497,0.21992981556642427,0.657715889974305,69
chr02,7942759,-0.0015468749999999994,2.066401193458128,0.1553008770676554,0.808826091569784,68
chr02,7942785,0.0015468749999999994,2.066401193458128,0.1553008770676554,0.808826091569784,68
chr02,7942895,0.0016042780748663106,2.1598781164164502,0.1464797696281548,0.8342223517299798,67
chr02,7996783,0.0017187499999999996,2.5400009329663664,0.11577292334804952,0.9363930003282086,68
chr02,7996797,0.0017187499999999996,2.5400009329663664,0.11577292334804952,0.9363930003282086,68
chr02,8002722,0.0014821428571428568,2.017237911125835,0.16002475898200053,0.7958128182353811,71
chr02,8010626,0.0015490196078431378,2.1516699700489585,0.1472367313792359,0.831983832353583,67
chr02,8041207,0.0014485294117647046,1.8728403117364802,0.1756546351249934,0.755340385680393,70
chr02,8041246,0.0014485294117647046,1.8728403117364802,0.1756546351249934,0.755340385680393,70
chr02,8041389,0.0016098484848484848,2.2945160525194654,0.13453534810668952,0.8711635932023696,69
chr02,8054642,0.0015220588235294109,2.068658549620692,0.1549403658934045,0.8098354227768145,70
chr02,8073664,-0.0012571428571428575,1.481221449627577,0.2277905848928707,0.6424642302726077,70
chr02,8108382,0.0016098484848484846,2.294516052519466,0.13453534810668952,0.8711635932023696,69
chr02,8122519,0.0012487781036168131,1.2202844731455482,0.27357346581207714,0.5629260276033262,64
chr02,8122549,0.0012487781036168131,1.2202844731455482,0.27357346581207714,0.5629260276033262,64
chr02,8137579,-0.0016285714285714287,2.4193961693879524,0.12448335118556407,0.9048887286624849,70
chr02,8137834,-0.001476190476190476,2.000598891372113,0.1617338034060172,0.7911992002641459,71
chr02,8147921,-0.0015299539170506916,1.9022748656794723,0.17262472960729228,0.7628969886748785,66
chr02,8151407,-0.0016428571428571425,2.3911098941219393,0.1267376887461221,0.8970942171567945,69
chr02,8168321,0.0015294117647058822,2.044003619246146,0.15752373699128636,0.8026539938262391,68
chr02,8168935,0.0015399159663865543,2.115622238142613,0.15047176323741474,0.8225449899087969,69
chr02,8168972,0.0015399159663865543,2.115622238142613,0.15047176323741474,0.8225449899087969,69
chr02,8204393,-0.001409090909090909,1.6168432859362756,0.2081340823849056,0.6816567973486013,66
chr02,8208058,-0.0013359307359307362,1.5166101669919303,0.22250326230158593,0.6526636170911817,68
chr02,8208149,-0.0013359307359307362,1.5166101669919303,0.22250326230158593,0.6526636170911817,68
chr02,8208152,-0.0013359307359307362,1.5166101669919303,0.22250326230158593,0.6526636170911817,68
chr02,8208200,-0.0011571428571428572,1.1822248131856474,0.2807425721131919,0.5516917254776458,70
chr02,8208209,-0.0011571428571428572,1.1822248131856474,0.2807425721131919,0.5516917254776458,70
chr02,8208367,0.0013889400921658988,1.569214486383984,0.21487906971866624,0.6678058848732583,66
chr02,8221063,0.000911764705882353,0.7280720886184904,0.3965949740431671,0.4016527938098625,68
chr02,8222638,0.0012424242424242426,1.2505405091247246,0.26762927608399845,0.5724663806415549,66
chr02,8236666,0.00042534722222222225,0.15184502834352412,0.6980330020925962,0.1561240440131047,68
chr02,8241488,-0.0004946428571428572,0.19947472643935155,0.6566296817272717,0.18267948968615635,67
chr02,8263159,0.0006304147465437791,0.3116274014661303,0.5786310210729741,0.2375982870384045,66
chr02,8263391,0.0004497466216216218,0.17036415798837173,0.6811062484115662,0.1667851355179838,69
chr02,8265214,0.00047456279809221004,0.20119829887516175,0.6551608251493113,0.1836520787844599,71
chr02,8266939,-0.0007022667829119444,0.41413382314112757,0.5221086455873593,0.2822391152554872,68
chr02,8266991,-0.0007022667829119444,0.41413382314112757,0.5221086455873593,0.2822391152554872,68
chr02,8283518,-0.0005242063492063492,0.24604397485668592,0.6214508925562969,0.20659318389190776,71
chr02,8289779,-0.0005242063492063492,0.24604397485668592,0.6214508925562969,0.20659318389190776,71
chr02,8289780,-0.0007142857142857143,0.45924100968188314,0.5002782378614321,0.30078838854624285,70
chr02,8289785,-0.0005242063492063492,0.24604397485668592,0.6214508925562969,0.20659318389190776,71
chr02,8289900,-0.0006674836601307186,0.39441033401648634,0.5320937779826654,0.2740118194507589,70
chr02,8289912,-0.0006674836601307186,0.39441033401648634,0.5320937779826654,0.2740118194507589,70
chr02,8292021,-0.0008194444444444447,0.6026926804057101,0.44028453964185166,0.3562665642931794,69
chr02,8397725,-0.0008638655462184873,0.6834051022059145,0.4113510786778891,0.3857873595143669,69
chr02,8429165,-0.0005142602495543675,0.2175542442102474,0.6424692931233023,0.19214762464381924,67
chr02,8517518,-0.00023989898989898955,0.048442210507771706,0.8264657078323447,0.08277516170312424,69
chr02,8517716,-0.0001121212121212122,0.010439653961218242,0.9189278663532374,0.03671857835738535,68
chr02,8517728,-0.0001121212121212122,0.010439653961218242,0.9189278663532374,0.03671857835738535,68
chr02,8546316,0.0003797235023041474,0.11413622368742185,0.7365890250955194,0.13277475626031238,66
chr02,8565840,0.00021118951612903206,0.03266173392251097,0.857182091628986,0.06692691087794005,63
chr02,8570730,5.1271860095389195e-05,0.002341775653715935,0.9615437176175152,0.017030965311694197,71
chr02,8570740,-5.12718600953894e-05,0.002341775653715935,0.9615437176175152,0.017030965311694197,71
chr02,8598485,-5.208333333333087e-06,2.2709263280542132e-05,0.9962121312387326,0.0016481740090141571,68
chr02,8598488,-5.208333333333087e-06,2.2709263280542132e-05,0.9962121312387326,0.0016481740090141571,68
chr02,8598510,-5.208333333333087e-06,2.2709263280542132e-05,0.9962121312387326,0.0016481740090141571,68
chr02,8610365,-0.00041889400921658984,0.1449623323700174,0.7046576564663474,0.1520218248778155,66
chr02,8614245,-0.00011143695014662739,0.009175708546284396,0.923996370497594,0.034329734706259996,64
chr02,8625512,8.910472972972967e-05,0.006764466669475701,0.9346960115673936,0.0293296104802475,69
chr02,8639721,-0.00012366912366912336,0.013430676636381492,0.9080806578143468,0.04187557473006237,70
chr02,8640747,7.974481658694067e-07,5.646693645642534e-07,0.9994026021474746,0.00025952411814872525,71
chr02,8657856,7.974481658694067e-07,5.646693645642534e-07,0.9994026021474746,0.00025952411814872525,71
chr02,8691087,-0.0001338383838383835,0.01621490663783063,0.8990544806260348,0.046213990226333955,69
chr02,8691191,0.00038005050505050494,0.12301558697000811,0.7268869803274252,0.13853310996054277,69
chr02,8693917,0.0001300505050505049,0.014452630189680491,0.9046693747888683,0.04351011133614151,69
chr02,8711962,0.0002370071684587815,0.045678542115182096,0.8314302051595502,0.08017420199021655,67
chr02,8711986,-0.0002370071684587815,0.045678542115182096,0.8314302051595502,0.08017420199021655,67
chr02,8738264,-0.00022727272727272744,0.04589577632828246,0.830997213423582,0.08040043252971668,71
chr02,8742661,-0.00010892857142857123,0.009583100935591171,0.9223182566472737,0.0351191947204636,67
chr02,8742693,-0.00010892857142857123,0.009583100935591171,0.9223182566472737,0.0351191947204636,67
chr02,8887656,0.00015972222222222223,0.022047338567213564,0.8824139738858177,0.0543276230367591,68
chr02,8977329,0.0003351158645276296,0.09816596744701445,0.7550449315599992,0.12202720340664032,67
chr02,9079177,-0.0006399286987522284,0.342599906893232,0.560358976057886,0.2515336669691378,67
chr02,9116730,0.0005310015898251191,0.25208546688342826,0.6172089436027124,0.2095677894637748,71
chr02,9159113,0.00012380952380952362,0.013679067732999038,0.9072334616856305,0.04228093997958177,71
chr02,9185116,-0.0001720430107526884,0.02400117986569263,0.8773619807624418,0.05682118905897969,67
chr02,9185127,9.313725490196083e-05,0.007522821211180946,0.9311376895166326,0.030986094125154524,70
chr02,9185254,0.00014869281045751625,0.01929759433767062,0.8899272907442591,0.05064547483653122,70
chr02,9185270,0.00014869281045751625,0.01929759433767062,0.8899272907442591,0.05064547483653122,70
chr02,9186793,0.00022727272727272722,0.04062196745729103,0.8409086185837371,0.07525119635561153,66
chr02,9326363,-0.00013510101010100997,0.015707854381788573,0.900636834748781,0.045450294991336404,69
chr02,9342408,7.14285714285716e-05,0.0044266683331772895,0.9471485485411049,0.023581901934070622,70
chr02,9342731,0.00024376114081996428,0.04880668006834137,0.8258454060991606,0.08310124270593451,67
chr02,9414726,-1.955034213098948e-06,3.030454701155095e-06,0.9986166163926321,0.0006012118162680294,64
chr02,9503643,-0.0005743243243243242,0.27861161256309097,0.5993564820933593,0.22231479337707635,69
chr02,9601440,6.538796861377465e-05,0.0035528320334706296,0.9526498438516372,0.02106669939023135,68
chr02,9609476,0.00010771065182829884,0.01033605377252986,0.9193163495811055,0.03653501610463967,71
chr02,9675344,2.8571428571428398e-05,0.0007190821128325095,0.9786852678517687,0.009356949066287541,70
chr02,9675460,5.336134453781494e-05,0.002436851003817385,0.9607757072578845,0.017377986389109864,69
chr02,9675865,-2.8571428571428398e-05,0.0007190821128325095,0.9786852678517687,0.009356949066287541,70
chr02,9736482,0.0013465562336530074,1.5297608590960448,0.22053134344386463,0.6565296768658376,68
chr02,9746308,-0.0013142981691368794,1.457630022510999,0.2316166124649413,0.6352302944993723,68
chr02,9746633,-0.0013344594594594588,1.5513740564617353,0.21727099373989125,0.6629982492871715,69
chr02,9747138,0.0015819185059422751,2.1688127372681456,0.1455173099962479,0.8370853421508938,69
chr02,9795367,0.0014445773524720885,1.9041153384539014,0.17207348900005526,0.7642860353544664,71
chr02,9824500,0.0013098522167487685,1.5406144789428156,0.21920208367418753,0.6591553218852017,64
chr02,9824526,0.0016824712643678159,2.25541214353119,0.13814392464541958,0.8596682099221888,65
chr02,9824527,0.0016824712643678159,2.25541214353119,0.13814392464541958,0.8596682099221888,65
chr02,9828309,0.0010050691244239632,0.9263688879823382,0.33943078667904747,0.46924876932992055,66
chr02,9843411,0.0014916666666666667,1.8176298995703142,0.18234799646570912,0.7390990041004989,66
chr02,9886613,0.0014703574542284214,1.8358893992856855,0.18005323364074877,0.7445990745719353,68
chr02,9886622,0.0014703574542284214,1.8358893992856855,0.18005323364074877,0.7445990745719353,68
chr02,9909549,0.0014166666666666666,1.6692082128248718,0.20093940229929821,0.6969348938974445,67
chr02,9911575,0.0012019607843137253,1.143795962596792,0.2889977876136921,0.5391054819176497,64
chr02,9911610,0.0012019607843137253,1.143795962596792,0.2889977876136921,0.5391054819176497,64
chr02,9911684,0.0012019607843137253,1.143795962596792,0.2889977876136921,0.5391054819176497,64
chr02,9912976,0.0013382473382473389,1.6096174364974816,0.20887150684361916,0.6801208001564871,70
chr02,9943832,0.0013188344594594593,1.5156967701591937,0.22257607240522745,0.6525215254501883,69
chr02,9943851,0.0013188344594594593,1.5156967701591937,0.22257607240522745,0.6525215254501883,69
chr02,9956240,0.0014445773524720885,1.9041153384539014,0.17207348900005526,0.7642860353544664,71
chr02,10069807,0.0014445773524720885,1.9041153384539014,0.17207348900005526,0.7642860353544664,71
chr02,10069924,0.0014445773524720885,1.9041153384539014,0.17207348900005526,0.7642860353544664,71
chr02,10071514,0.0014249999999999998,1.6339381677205436,0.20577568128628454,0.6866059517661551,66
chr02,10071584,0.0014037356321839078,1.5324126251154513,0.22034423935863418,0.6568982991248389,65
chr02,10082532,0.0014407894736842108,1.8360047372987698,0.1799043746759614,0.7449582759288769,70
chr02,10082789,0.0012918346774193545,1.2809375952884197,0.2621544491526673,0.5814427672615075,63
chr02,10082825,0.0012918346774193545,1.2809375952884197,0.2621544491526673,0.5814427672615075,63
chr02,10089092,0.0014445773524720885,1.9041153384539014,0.17207348900005526,0.7642860353544664,71
chr02,10089151,0.0014445773524720885,1.9041153384539014,0.17207348900005526,0.7642860353544664,71
chr02,10100765,0.0014445773524720885,1.9041153384539014,0.17207348900005526,0.7642860353544664,71
chr02,10100852,0.0014598689598689602,1.8931480282835538,0.1733622052703242,0.7610455771690795,70
chr02,10100887,0.0014407894736842108,1.8360047372987698,0.1799043746759614,0.7449582759288769,70
chr02,10103272,0.0012812499999999998,1.2347767550028759,0.2708407997675063,0.5672859124418043,63
chr02,10103374,0.0012812499999999998,1.2347767550028759,0.2708407997675063,0.5672859124418043,63
chr02,10103411,0.001347222222222222,1.5380332550274474,0.21930180944081915,0.6589577849803834,68
chr02,10103570,0.0014560810810810812,1.8255080325517479,0.18120405850139337,0.7418320794791774,69
chr02,10132637,0.0013990990990990994,1.615221493737442,0.2082890317224335,0.6813335989329087,67
chr02,10132709,0.0013990990990990994,1.615221493737442,0.2082890317224335,0.6813335989329087,67
chr02,10137341,0.0011876114081996439,1.1905597792544182,0.2792448498945634,0.5540148278202228,67
chr02,10273247,-0.0005142857142857142,0.23378111669956003,0.6302875764645686,0.2004612531251514,70
chr02,10292473,-0.0006200980392156862,0.3349692340310745,0.5646597514932645,0.24821316733189205,70
chr02,10333061,-0.0005746031746031744,0.2958396754270196,0.5882556483594663,0.23043389408892193,71
chr02,10333071,-0.0005746031746031744,0.2958396754270196,0.5882556483594663,0.23043389408892193,71
chr02,10333261,0.0005746031746031744,0.2958396754270196,0.5882556483594663,0.23043389408892193,71
chr02,10339297,0.000542857142857143,0.2568507842173006,0.6139315195046166,0.2118800691844066,70
chr02,10349929,0.0006502525252525249,0.36430470628646305,0.5481632480331425,0.26109008538071804,69
chr02,10357047,-0.0005776209677419352,0.2460493569034248,0.6216532886067225,0.20645176454835232,63
chr02,10390824,-0.0007983193277310923,0.5474562422053072,0.46194374211437494,0.33541091183995075,69
chr02,10404729,-0.0011389610389610388,1.0999479753552226,0.29810294154638595,0.5256337385226837,68
chr02,10406239,-0.0012933006535947708,1.4810422703031432,0.2278184111283919,0.6424111813615477,70
chr02,10584628,-0.0015563025210084032,2.13853395871731,0.14831418660551987,0.828817305682206,69
chr02,10589414,-0.0021601731601731595,4.0238761075132885,0.04945239814811175,1.3058126428486427,61
chr02,10594835,0.0014645021645021644,1.8505534794084897,0.1783471929008368,0.7487337218584041,68
chr02,10604874,-0.00156060606060606,1.970948527106581,0.16518124037192117,0.7820392770251915,66
chr02,10627024,-0.0012525210084033606,1.453002121014997,0.23228689437533415,0.6339752923996531,69
chr02,10627147,0.001252521008403361,1.453002121014997,0.23228689437533415,0.6339752923996531,69
chr02,10627148,0.001252521008403361,1.453002121014997,0.23228689437533415,0.6339752923996531,69
chr02,10627161,0.0013353174603174599,1.6284020855442718,0.20620301244325998,0.685704994348679,71
chr02,10690231,-0.0014329004329004331,1.7498826317210887,0.19045667174744482,0.7202038092863157,68
chr02,10690402,0.0012689393939393937,1.38147075285271,0.24401076286541157,0.6125910173089352,69
chr02,10718232,-0.0018003472222222218,2.8383357615205145,0.09676305283384563,1.0142904382847504,68
chr02,10718283,-0.0014911616161616158,1.976458317924583,0.16438469658497484,0.7841386156162483,69
chr02,10718429,-0.00142579365079365,1.8627059359539815,0.17674699160509158,0.7526479695561108,71
chr02,10718433,-0.00142579365079365,1.8627059359539815,0.17674699160509158,0.7526479695561108,71
chr02,10719756,0.0015825163398692798,2.278045960503431,0.13584984973337141,0.8669408376288928,70
chr02,10727545,0.001428571428571429,1.8172877514805554,0.18211011066672878,0.7396659417126411,70
chr02,10727546,0.001428571428571429,1.8172877514805554,0.18211011066672878,0.7396659417126411,70
chr02,10728687,-0.00142579365079365,1.8627059359539815,0.17674699160509158,0.7526479695561108,71
chr02,10728688,-0.00142579365079365,1.8627059359539815,0.17674699160509158,0.7526479695561108,71
chr02,10779027,-0.001653562653562655,2.4885153142744043,0.11932097560788997,0.9232832043596653,70
chr02,10807752,0.0017090371621621616,2.548365213409005,0.11511478730212973,0.9388688846132904,69
chr02,10807753,0.0017090371621621616,2.548365213409005,0.11511478730212973,0.9388688846132904,69
chr02,10807755,0.0017090371621621616,2.548365213409005,0.11511478730212973,0.9388688846132904,69
chr02,10807967,-0.001709037162162162,2.548365213409005,0.11511478730212973,0.9388688846132904,69
chr02,10808197,0.0019463682432432424,3.3887773263266814,0.07006976816197219,1.1544693194429558,69
chr02,10818003,-0.0019004934210526316,3.3120286733788094,0.07317602424851599,1.1356311900097775,70
chr02,10818040,-0.0019004934210526316,3.3120286733788094,0.07317602424851599,1.1356311900097775,70
chr02,10830694,0.0017916666666666667,2.4724735025881204,0.12094519073074217,0.9174113962613945,64
chr02,10872683,-0.0018476658476658486,3.0850448772684373,0.08351727663485342,1.0782236757611,70
chr02,10872685,-0.0018476658476658486,3.0850448772684373,0.08351727663485342,1.0782236757611,70
chr02,10900571,-0.0009686293436293437,0.7091624960822265,0.4029075064487544,0.39479464132618064,65
chr02,10901976,-0.0010877403846153853,1.0616667710247367,0.3064336242382377,0.5136635823164278,71
chr02,10944700,-0.0011989389920424403,1.1722672309163622,0.2828757193361774,0.5484043286507007,68
chr02,10944745,0.0011989389920424403,1.1722672309163622,0.2828757193361774,0.5484043286507007,68
chr02,10969031,-0.0013710526315789467,1.5781674995320851,0.2134534229190468,0.6706968764986625,68
chr02,11039476,0.001066259808195292,0.9494676397126197,0.3334127475131664,0.47701779962261653,68
chr02,11058781,0.0011998355263157896,1.2623948971272478,0.265149266519831,0.5765095699289017,70
chr02,11096421,-0.001555098684210526,2.1824431821624066,0.14420940965175844,0.841006401013895,70
chr02,11096650,-0.0013879585326953747,1.7540604466266112,0.18973727364329823,0.7218473441378498,71
chr02,11096651,-0.0013879585326953747,1.7540604466266112,0.18973727364329823,0.7218473441378498,71
chr02,11096662,-0.0013879585326953747,1.7540604466266112,0.18973727364329823,0.7218473441378498,71
chr02,11096840,-0.0013474025974025976,1.283777634657714,0.2617812352338272,0.5820614873745537,61
chr02,11136884,-0.0013675986842105266,1.6512284049085004,0.20315160907500684,0.6921797334673804,70
chr02,11158565,0.00142280701754386,1.7249601330135378,0.19360351151571384,0.7130867698681866,68
chr02,11158584,0.00142280701754386,1.7249601330135378,0.19360351151571384,0.7130867698681866,68
chr02,11158590,0.00142280701754386,1.7249601330135378,0.19360351151571384,0.7130867698681866,68
chr02,11158625,0.00142280701754386,1.7249601330135378,0.19360351151571384,0.7130867698681866,68
chr02,11191896,0.0013879585326953743,1.7540604466266112,0.18973727364329823,0.7218473441378498,71
chr02,11281819,-0.0015394736842105263,2.071469272376646,0.15473265355437044,0.8104180265590548,69
chr02,11282783,0.0015561655405405398,2.1270226972278223,0.14939370029625537,0.8256677156682641,69
chr02,11282793,0.0015572916666666665,2.0716248085215003,0.15478769661105007,0.810263562427554,68
chr02,11282886,-0.0015561655405405403,2.1270226972278223,0.14939370029625537,0.8256677156682641,69
chr02,11282898,0.0015561655405405398,2.1270226972278223,0.14939370029625537,0.8256677156682641,69
chr02,11292836,-0.0012470439189189186,1.3569693382934904,0.24819423846252883,0.6052083043561192,69
chr02,11298173,0.0016567460317460318,2.100269574099742,0.15231257500543915,0.8172642396053633,64
chr02,11298185,0.0016698841698841694,2.1936751857529355,0.14356266442112228,0.8429584900667657,65
chr02,11298219,0.0016698841698841694,2.1936751857529355,0.14356266442112228,0.8429584900667657,65
chr02,11302307,-0.0013879585326953747,1.7540604466266112,0.18973727364329823,0.7218473441378498,71
chr02,11302665,0.0015572916666666665,2.1235399566472175,0.14979262561326986,0.8245095667052934,68
chr02,11341768,0.0022222222222222214,4.500093497532805,0.03759601668909605,1.4248581662847164,69
chr02,11386819,-0.0019137519872813992,3.4243589213130043,0.06852243693753517,1.1641672001475014,71
chr02,11423675,-0.0016511904761904754,2.52141096527579,0.11688229166018455,0.9322512819675335,71
chr02,11423679,-0.0016511904761904754,2.52141096527579,0.11688229166018455,0.9322512819675335,71
chr02,11423700,0.0016511904761904754,2.52141096527579,0.11688229166018455,0.9322512819675335,71
chr02,11423713,0.0016511904761904754,2.52141096527579,0.11688229166018455,0.9322512819675335,71
chr02,11471174,0.0016204933586337765,2.1028714536756756,0.15198331489292546,0.8182040873688694,65
chr02,11482295,0.0014821428571428566,2.017237911125835,0.16002475898200053,0.7958128182353811,71
chr02,11556002,0.0014806722689075626,1.9021413177581148,0.17242542634791352,0.7633986914789815,69
chr02,11569268,0.0011562500000000002,1.042240723004005,0.3112680451613196,0.5068654617859524,64
chr02,11574630,0.0015043650793650793,2.08001867458031,0.15376225434825694,0.8131502623249108,71
chr02,11574661,0.0015043650793650793,2.08001867458031,0.15376225434825694,0.8131502623249108,71
chr02,11574728,0.0015,2.009725602890877,0.16085970653690748,0.793552727934347,70
chr02,11581800,0.0017508912655971483,2.5726927777570983,0.1135709733621927,0.9447326520707275,67
chr02,11606258,-0.0014157754010695194,1.6513573641071144,0.20333457653781634,0.6917887643882579,67
chr02,11651504,-0.0015,2.009725602890877,0.16085970653690748,0.793552727934347,70
chr02,11675467,-0.0022251838235294113,4.922102142357686,0.03006918187433379,1.5218783880716114,66
chr02,11702019,-0.0012186009538950723,1.3486590171195636,0.24951444507381695,0.6029043068171313,71
chr02,11706855,0.0013722689075630248,1.650510609510354,0.20331347507050176,0.6918338365374384,69
chr02,11743647,-0.001310661764705882,1.359167342268871,0.2480082566698663,0.6055338604380109,66
chr02,11777354,-0.0016918103448275855,2.032155003117488,0.15927144011094965,0.797862093089107,61
chr02,11777356,-0.0016918103448275855,2.032155003117488,0.15927144011094965,0.797862093089107,61
chr02,11792967,-0.0013350694444444443,1.510657848947553,0.22340286021019815,0.6509112709448753,68
chr02,11805992,-0.0012495265151515151,1.2404723841923804,0.2696113363788914,0.5692618509227341,65
chr02,11853088,0.0012467532467532465,1.3176156342082344,0.2551641258237336,0.5931803842297035,68
chr02,11853487,0.001085181451612903,0.8836561689976157,0.3509098752626889,0.4548044097505513,63
chr02,11874278,0.0012508169934640518,1.384285219678987,0.24347485526224505,0.6135458836679362,70
chr02,11883680,0.0013251633986928095,1.5815367152325137,0.21284128246418976,0.6719441329203896,70
chr02,11915835,0.001605357142857143,2.19188799250504,0.14357028000281444,0.8429354526189883,67
chr02,11915864,0.001605357142857143,2.19188799250504,0.14357028000281444,0.8429354526189883,67
chr02,11961086,0.0015093582887700536,1.9291777643255925,0.16958910949444814,0.7706020402769832,67
chr02,11961125,0.0015303030303030305,1.9246035021519976,0.1701622648454675,0.7691367426437443,66
chr02,11961205,0.0015303030303030305,1.9246035021519976,0.1701622648454675,0.7691367426437443,66
chr02,12032736,0.0011722222222222216,1.2481535825545353,0.26778052310740774,0.5722210143837188,71
chr02,12084488,-0.0015243697478991595,2.1138241389625194,0.15064261534967904,0.8220521530147981,69
chr02,12212664,-0.0010343137254901964,0.8742502344813137,0.353242100536343,0.4519275413883516,67
chr02,12212854,-0.001215793918918919,1.2746955182771464,0.2629139242509256,0.5801864125044989,69
chr02,12215046,-0.0017253705318221455,2.997553507499723,0.08806272311381567,1.0552078892260432,68
chr02,12228275,0.001076555023923445,1.0446910963009666,0.3103032003465881,0.5082137452482676,71
chr02,12234319,-0.00115,1.013746533366949,0.31792039274651257,0.4976816137233836,64
chr02,12304537,-0.0012487373737373735,1.3642973050748377,0.24693374610710608,0.6074195550797129,69
chr02,12307664,-0.001217316017316018,1.24648538618687,0.2682730052769981,0.5714230256100649,68
chr02,12313296,0.001516666666666667,1.8264015759806023,0.18138614118608987,0.741395898292101,65
chr02,12339789,0.0011571428571428572,1.1843337545260504,0.2803176078107672,0.552349621701427,70
chr02,12339955,-0.0011571428571428572,1.1843337545260504,0.2803176078107672,0.552349621701427,70
chr02,12340008,-0.0011571428571428572,1.1843337545260504,0.2803176078107672,0.552349621701427,70
chr02,12349135,0.001250420168067227,1.3544849996556905,0.24862339013910212,0.6044580159578775,69
chr02,12349226,0.001250420168067227,1.3544849996556905,0.24862339013910212,0.6044580159578775,69
chr02,12405088,0.0007214052287581696,0.4540038772702131,0.5027236647940301,0.2986706706749248,70
chr02,12405157,0.0006932539682539676,0.43147369643293143,0.5134516935819105,0.28950040931629595,71
chr02,12408481,0.0007949346405228754,0.5559027061039725,0.4584853967084864,0.33867449255649656,70
chr02,12417687,0.0009619175627240143,0.7749850715747721,0.38192263865899745,0.41802459783699714,67
chr02,12496386,-0.0006932539682539676,0.43147369643293143,0.5134516935819105,0.28950040931629595,71
chr02,12496472,0.0006932539682539676,0.43147369643293143,0.5134516935819105,0.28950040931629595,71
chr02,12496496,0.0005890522875816991,0.3053810895824238,0.5823404940088086,0.2348230094572942,70
chr02,12520386,0.0008043290043290043,0.5415376268343163,0.4644035634325022,0.33310445651930587,68
chr02,12520468,0.0008043290043290043,0.5415376268343163,0.4644035634325022,0.33310445651930587,68
chr02,12584360,-0.0008168067226890752,0.5777275247248882,0.44987085327872545,0.34691214346538407,69
chr02,12620191,-0.0006066964285714287,0.30252371079506746,0.5841897246292338,0.23344608614382656,67
chr02,12624962,-0.0006403361344537816,0.3472520694994929,0.5576546308593674,0.25363468699295727,69
chr02,12628495,-0.0008676470588235294,0.6328777085433768,0.42915360839199734,0.36738723150642244,68
chr02,12649908,-0.000852941176470588,0.6116902867470402,0.4369490601972401,0.35956919040886254,68
chr02,12654541,0.0009638655462184876,0.8208577089160701,0.3681762897657018,0.4339441831201067,69
chr02,12654563,0.0009638655462184876,0.8208577089160701,0.3681762897657018,0.4339441831201067,69
chr02,12654623,0.0009638655462184876,0.8208577089160701,0.3681762897657018,0.4339441831201067,69
chr02,12697696,-0.0007058823529411765,0.4220061276142282,0.5181922969601966,0.2855090471829715,68
chr03,81454,0.0007794117647058824,0.5117168739545903,0.47691962001750376,0.3215548107385712,68
chr03,92165,-0.0008064935064935069,0.537913150317881,0.46589612768679645,0.33171089919171326,68
chr03,103130,0.0006527777777777778,0.36722286570133567,0.546569540602678,0.26235457446693833,69
chr03,103163,0.0006527777777777778,0.36722286570133567,0.546569540602678,0.26235457446693833,69
chr03,127209,0.0005539215686274514,0.2543822168849615,0.6157116796863473,0.21062260802095897,67
chr03,127220,-0.0005539215686274514,0.2543822168849615,0.6157116796863473,0.21062260802095897,67
chr03,146869,-0.0007343750000000002,0.4330199630542702,0.5128709284217684,0.2899919177871124,66
chr03,152255,-0.0010373949579831928,0.9405258919397061,0.33563068922816675,0.4741383352298652,69
chr03,178742,-0.0007671568627450977,0.5144693570302997,0.47566718069039204,0.3226968122899204,70
chr03,249256,-0.0009042033235581623,0.6127630472975043,0.4367291559352704,0.3597878137138134,64
chr03,260647,0.0007812499999999998,0.5134180156134401,0.4761908714111801,0.3222189342855101,68
chr03,260936,-0.0007205882352941175,0.4528980895155277,0.5032426299148112,0.29822257671902297,70
chr03,307100,0.000946969696969697,0.784443778937781,0.37895332801505777,0.4214142745534577,69
chr03,348428,0.000576470588235294,0.28103979851230293,0.5977730948764142,0.22346363598403024,69
chr03,353963,0.0005606060606060607,0.25053185405467177,0.6184177874799374,0.20871802734767783,66
chr03,379261,-0.0006857142857142857,0.41672518353016347,0.5207480395521371,0.2833723563553323,70
chr03,415069,0.0003703208556149733,0.11199930300955302,0.7389568718611712,0.1313809078288294,67
chr03,415112,0.0003409090909090907,0.09789589663405543,0.7553412576725838,0.12185679295385951,69
chr03,422655,-1.42857142857141e-05,0.00017895678719929926,0.9893658105855831,0.0046431015830898,70
chr03,442707,0.00012254901960784305,0.013013666646508158,0.9095125457858939,0.04119130591549924,70
chr03,442727,0.00012254901960784305,0.013013666646508158,0.9095125457858939,0.04119130591549924,70
chr03,442728,0.00012254901960784305,0.013013666646508158,0.9095125457858939,0.04119130591549924,70
chr03,442729,0.00012254901960784305,0.013013666646508158,0.9095125457858939,0.04119130591549924,70
chr03,453244,-0.0004116883116883118,0.14287153076930478,0.7066558004807346,0.15079207184874904,68
chr03,453562,-6.617647058823532e-05,0.0030604333023002738,0.9560663909541397,0.019511948493886617,62
chr03,453736,0.0001888111888111886,0.022488884230476753,0.8813232414587211,0.05486477690592703,59
chr03,569494,0.00051991341991342,0.2222060145116314,0.6389186977881347,0.19455440216776673,68
chr03,569524,0.00051991341991342,0.2222060145116314,0.6389186977881347,0.19455440216776673,68
chr03,569566,0.00051991341991342,0.2222060145116314,0.6389186977881347,0.19455440216776673,68
chr03,593573,0.0013729729729729729,1.5423130760862291,0.21873630377470002,0.6600791309058348,67
chr03,593901,0.001699637023593467,2.394862627772207,0.12658983765407827,0.8976011570983097,67
chr03,658481,0.0018243589743589747,2.9398031581364488,0.091043785610915,1.0407496925598319,69
chr03,674768,0.0017338709677419352,2.3452606040341997,0.13083458048685273,0.8832774537965308,63
chr03,674769,-0.0017338709677419352,2.3452606040341957,0.13083458048685398,0.8832774537965267,63
chr03,674793,0.0017338709677419352,2.3452606040341997,0.13083458048685273,0.8832774537965308,63
chr03,674794,0.0017338709677419352,2.3452606040341997,0.13083458048685273,0.8832774537965308,63
chr03,674858,0.001890120967741935,2.727803542394009,0.10375410766870098,0.9839947003745547,63
chr03,675180,-0.0016576923076923075,2.444303102193401,0.1226636230453981,0.9112842119509347,69
chr03,675206,-0.0016576923076923075,2.444303102193401,0.1226636230453981,0.9112842119509347,69
chr03,688740,-0.001297697368421053,1.528163228174726,0.22064141237305174,0.6563129711471072,70
chr03,688779,0.0012976973684210528,1.528163228174726,0.22064141237305174,0.6563129711471072,70
chr03,703639,-0.0011209677419354834,0.9356273482106516,0.3372244162821283,0.47208098839869317,63
chr03,703660,-0.0011209677419354834,0.9356273482106516,0.3372244162821283,0.47208098839869317,63
chr03,797241,-0.001512605042016806,2.0159082912168427,0.1602944788823972,0.7950814360501136,69
chr03,851938,-0.002182291666666666,4.215280402646227,0.04402865950954055,1.3562645368087412,68
chr03,852021,-0.002182291666666666,4.215280402646227,0.04402865950954055,1.3562645368087412,68
chr03,875682,0.0021710304054054054,4.289083839975942,0.042213047510167453,1.374553293449159,69
chr03,889839,0.0019913194444444436,3.470444869430544,0.066925408606921,1.1744089685879577,68
chr03,889963,0.0020260416666666664,3.5714248421639816,0.06317480650192536,1.1994560796063027,68
chr03,890148,-0.0020260416666666664,3.5714248421639816,0.06317480650192536,1.1994560796063027,68
chr03,898464,0.0019013157894736843,3.2625976310753475,0.07530194909410523,1.1231937824997047,70
chr03,898525,0.0018975279106858047,3.352510568479143,0.071420397043582,1.14617773978651,71
chr03,898540,0.0018975279106858047,3.352510568479143,0.071420397043582,1.14617773978651,71
chr03,912213,-0.001928819444444444,3.261440065926059,0.07548680706568464,1.1221289439897628,68
chr03,925079,-0.0018680555555555555,3.0247795855406965,0.08666374059458323,1.0621625698074466,68
chr03,937193,-0.0018975279106858054,3.352510568479143,0.071420397043582,1.14617773978651,71
chr03,937234,-0.0018975279106858054,3.352510568479143,0.071420397043582,1.14617773978651,71
chr03,954447,0.0017968877968877973,2.9581830875239348,0.08999243210535761,1.0457940109281851,70
chr03,954463,0.0018975279106858047,3.352510568479143,0.071420397043582,1.14617773978651,71
chr03,957141,-0.0017045454545454547,2.6118180910489346,0.11076951789742501,0.9555797344654944,69
chr03,957216,-0.0017045454545454547,2.6118180910489346,0.11076951789742501,0.9555797344654944,69
chr03,957934,-0.0017323232323232319,2.6854883494014365,0.10595411454898129,0.974882173533446,69
chr03,971891,-0.002026617526617527,3.78983514015476,0.05569690918801748,1.254168904643739,70
chr03,971901,0.002026617526617527,3.78983514015476,0.05569690918801748,1.254168904643739,70
chr03,972103,-0.0018975279106858054,3.352510568479143,0.071420397043582,1.14617773978651,71
chr03,1036248,0.001961375212224109,3.4431261229028927,0.06791463064893971,1.168036656858833,69
chr03,1103196,-0.001207657657657657,1.1948275158035093,0.2783925699294018,0.5553423598722564,67
chr03,1165791,-0.0020759803921568615,3.9980357229933436,0.04955084678100135,1.3049489193992112,70
chr03,1165848,0.002075980392156861,3.9980357229933436,0.04955084678100135,1.3049489193992112,70
chr03,1165851,0.002075980392156861,3.9980357229933436,0.04955084678100135,1.3049489193992112,70
chr03,1212248,0.0018547979797979785,3.1200273463192087,0.08189058111713819,1.0867660470074434,69
chr03,1212469,-0.0018686868686868673,3.157052004638355,0.08013894687923608,1.0961563690101532,69
chr03,1252320,0.0019531250000000004,3.468115243644221,0.0668835013333853,1.1746809997740926,70
chr03,1252414,0.0018517736486486473,3.0682920029060274,0.08440935782335802,1.073609403779991,69
chr03,1268050,-0.0016638392857142854,2.407761351474406,0.1255906451398126,0.901042708651896,67
chr03,1271169,0.0017395577395577402,2.764878867051858,0.10095700362984036,0.9958635476238816,70
chr03,1320835,-0.0020571428571428568,3.879001287454476,0.05296914550808181,1.2759770329945168,70
chr03,1320929,-0.0019619047619047624,3.357902738046943,0.07139479638082175,1.1463334406811045,68
chr03,1320951,-0.0020571428571428568,3.879001287454476,0.05296914550808181,1.2759770329945168,70
chr03,1352223,-0.0020109797297297293,3.857535023845681,0.053673686788937254,1.2702385724584573,69
chr03,1352332,-0.0023473767885532596,5.284280235013803,0.024552545923086765,1.609903467980101,71
chr03,1387953,-0.0021393581081081076,4.1843100051494195,0.044729107546428865,1.3494097669632235,69
chr03,1387974,-0.0021393581081081076,4.1843100051494195,0.044729107546428865,1.3494097669632235,69
chr03,1392056,-0.0019787878787878794,3.424177026518922,0.06872463594150492,1.1628875520885578,68
chr03,1392437,-0.002093402225755167,4.137810806016225,0.04578145799405847,1.339310380541086,71
chr03,1399684,-0.001986895986895988,3.6522521662561163,0.0602096451272178,1.2203339324963112,70
chr03,1400445,0.0021979166666666657,4.310917453401109,0.04176688183972813,1.3791679463376625,68
chr03,1403385,-0.0021838656838656842,4.4001046298123185,0.03965622698529038,1.4016886082703213,70
chr03,1403495,0.0018683035714285707,3.0860232047172507,0.08367719882755302,1.0773928666471961,67
chr03,1410308,-0.001958059210526316,3.4778680768569616,0.06651046341601222,1.177110026180046,70
chr03,1410327,-0.001958059210526316,3.4778680768569616,0.06651046341601222,1.177110026180046,70
chr03,1421395,-0.0017964285714285701,2.7212795148173337,0.1041593513985045,0.9823017331242653,63
chr03,1421439,-0.0017964285714285701,2.7212795148173337,0.1041593513985045,0.9823017331242653,63
chr03,1421444,-0.0017964285714285701,2.7212795148173337,0.1041593513985045,0.9823017331242653,63
chr03,1424763,0.002020559210526316,3.7496855583174202,0.05697459972178751,1.2443187172968553,70
chr03,1444288,-0.001911184210526316,3.2965533187564424,0.07383441528549925,1.1317411600646934,70
chr03,1471523,-0.0016583333333333328,2.364615997514527,0.12904413694647443,0.8892617226167191,66
chr03,1495699,0.0017549342105263157,2.8040001340114826,0.09862314125833685,1.006021168815269,70
chr03,1524143,0.002032258064516129,3.5396293363873803,0.06433038232763463,1.1915838674976797,68
chr03,1525728,0.0018676236044657094,3.2427477716881836,0.0761103303247345,1.118556393182794,71
chr03,1526030,-0.0018754464285714277,3.0460913667664578,0.08565742103137813,1.0672350054554691,67
chr03,1532263,0.0018499999999999996,2.8726225987678315,0.0949588238339422,1.0224646732193468,66
chr03,1540205,-0.0018676236044657087,3.2427477716881836,0.0761103303247345,1.118556393182794,71
chr03,1541635,0.002096642096642097,4.214706551474376,0.043924990954594574,1.3572883192662488,70
chr03,1620959,0.001086805555555555,1.0526482529512515,0.3086436604388632,0.5105426390425546,68
chr03,1631251,0.0010669642857142852,0.986325257321241,0.3243249835702895,0.48901959524070565,67
chr03,1673093,0.0013055555555555544,1.5340323854778948,0.21976689729479343,0.6580377232177149,70
chr03,1687848,-0.0014161367249602547,1.833896463708755,0.18008651381221213,0.7445188090918449,71
chr03,1740865,-0.0018617647058823525,2.8007018124555803,0.0992616254550957,1.0032186173071553,64
chr03,1798853,-0.0012439393939393938,1.2220258651064075,0.2733044607565808,0.5633532798837815,63
chr03,1817259,0.0016870095902353957,2.4278939073805605,0.1239755458709011,0.9066639708110145,68
chr03,1817274,0.0016870095902353957,2.4278939073805605,0.1239755458709011,0.9066639708110145,68
chr03,1901099,0.0015106209150326786,2.062652396995238,0.15553194082906568,0.8081804085578569,70
chr03,1930190,-0.0013529411764705878,1.552630408680571,0.21715247613978353,0.663235214113342,68
chr03,2021647,-0.0012522281639928696,1.2737757290057428,0.26320793366330697,0.5797010242743936,67
chr03,2087227,-0.001222619047619047,1.3599439632750852,0.24756223741936362,0.6063156008924071,71
chr03,2105981,-0.0008119047619047615,0.5033731006875658,0.4806394066991525,0.31818062510432793,65
chr03,2105995,0.0008119047619047615,0.5033731006875658,0.4806394066991525,0.31818062510432793,65
chr03,2116066,-0.000610294117647058,0.32940669077015833,0.5679022771762565,0.2457263898777316,70
chr03,2116101,-0.000610294117647058,0.32940669077015833,0.5679022771762565,0.2457263898777316,70
chr03,2116118,-0.000610294117647058,0.32940669077015833,0.5679022771762565,0.2457263898777316,70
chr03,2116120,-0.000610294117647058,0.32940669077015833,0.5679022771762565,0.2457263898777316,70
chr03,2153042,-2.9411764705882073e-05,0.0007623359822583427,0.9780561782748003,0.009636199185769776,68
chr03,2156726,0.00043968253968253894,0.17291302876057274,0.6788262310204389,0.16824138413968087,71
chr03,2170588,0.00040522875816993416,0.14276743257220614,0.7067220433383425,0.1507513624125972,70
chr03,2196906,-0.0003948051948051943,0.1303057618969514,0.7192681217828814,0.14310918735746528,68
chr03,2196950,-0.0004181240063593002,0.15608598927768794,0.6940046346174855,0.15863762928278358,71
chr03,2197089,-5.210084033613378e-05,0.002460843077148355,0.9605832482723645,0.017464991345100007,69
chr03,2211024,0.0002926520270270264,0.07192636155868314,0.7893763716062232,0.10271587747763719,69
chr03,2214387,-0.00031825657894736796,0.0873402654393871,0.7684866408949147,0.11436367772318146,70
chr03,2263540,3.993055555555577e-05,0.0013992138609457544,0.9702741476495387,0.013105539971153069,68
chr03,2264305,-7.954545454545412e-05,0.005514199182646264,0.9410266338725305,0.02639808456404959,69
chr03,2273760,-0.00022031122031122,0.04264175232884026,0.8370183639836889,0.07726501358464649,70
chr03,2273770,-0.00022031122031122,0.04264175232884026,0.8370183639836889,0.07726501358464649,70
chr03,2273838,0.00022031122031122,0.04264175232884026,0.8370183639836889,0.07726501358464649,70
chr03,2288918,0.0003268251273344647,0.08919494682423532,0.7661274555719365,0.11569897364814437,69
chr03,2295227,0.0004600389863547753,0.1673066239473516,0.6839038961479087,0.16500492211765352,65
chr03,2343005,-0.0007631336405529953,0.48978304271711604,0.4865602315767602,0.31286339049884726,66
chr03,2395294,0.0007251082251082248,0.43322869501083655,0.5126983628774469,0.29013806932462155,68
chr03,2434341,0.0008366477272727268,0.5505051182237635,0.46086861794962153,0.33642286339928734,65
chr03,2467168,0.0009687499999999996,0.7150726690109586,0.4010166897093259,0.3968375523228797,64
chr03,2489284,0.0005882352941176466,0.2915484091837742,0.5910472625419727,0.22837778977781073,68
chr03,2531058,0.0006125541125541122,0.3130298123292378,0.577720719135733,0.2382820568225085,68
chr03,2554024,0.0007075163398692802,0.4368576306244536,0.5108762158472029,0.2916843156907192,70
chr03,2561120,0.0005281512605042011,0.2412715669289342,0.6248944133486526,0.20419335797413113,69
chr03,2714966,0.0006499999999999998,0.3428050234214644,0.5602735054846457,0.25159991419828154,66
chr03,2721257,-0.000783347863993025,0.5068615731186428,0.4790097115739089,0.31965568149106577,68
chr03,2722262,0.0007505070993914807,0.4193087172921114,0.5197118779143504,0.28423735734741173,63
chr03,2749333,0.0005723626852659106,0.28738518504853305,0.5937032691655104,0.22643055966981016,68
chr03,2764985,0.000969049694856146,0.7930476698916942,0.37641499368815734,0.4243330857061542,68
chr03,2806479,0.0007839558573853986,0.5263960311277649,0.470652676009752,0.3272994676824981,69
chr03,2877299,0.0008666666666666661,0.6543627266062619,0.42137851962709283,0.3753276069462229,70
chr03,2929825,-0.0009289819376026265,0.752426034424426,0.3887159406859364,0.4103676492066862,71
chr03,2966887,-0.0007542016806722686,0.4102323225951823,0.5242902690131932,0.2804282028491079,62
chr03,2977375,0.0007833333333333329,0.525965272258074,0.47079654759509826,0.3271667305480073,70
chr03,2981483,0.0008249336870026528,0.5555959204917157,0.458686523439672,0.3384840195840943,68
chr03,2981498,0.0008249336870026528,0.5555959204917157,0.458686523439672,0.3384840195840943,68
chr03,2982549,-0.0007409133271202235,0.42645883019045944,0.5160708267363201,0.28729069071795243,66
chr03,3078112,0.000814102564102564,0.5536587517689884,0.45942828058573215,0.33778227486954754,69
chr03,3207971,-0.00022284482758620663,0.04144455210290228,0.8392992879537542,0.07608314533427515,69
chr03,3208019,0.00022284482758620663,0.04144455210290228,0.8392992879537542,0.07608314533427515,69
chr03,3212548,0.00040831074977416447,0.13427696945209497,0.7152102105910365,0.14556629402800783,68
chr03,3243601,0.00014285714285714295,0.017156373193167207,0.8961760218640965,0.04760668027504098,70
chr03,3243677,-0.00026600985221674893,0.061082778497741526,0.8055265799233085,0.09392012461339161,71
chr03,3255564,-0.0001712962962962963,0.02111834227499689,0.8849361543626264,0.05308806128886644,63
chr03,3255614,-0.0001712962962962963,0.02111834227499689,0.8849361543626264,0.05308806128886644,63
chr03,3255747,0.0002834314550042053,0.06769236567869823,0.7955130091714688,0.09935271386128831,70
chr03,3304212,0.0004050751879699249,0.12712482937191472,0.7226047514005802,0.1410991871075079,66
chr03,3308206,0.00038508064516129054,0.130447904153933,0.7190716242084128,0.14322784890883775,71
chr03,3327808,0.0004802631578947371,0.1991552833263262,0.6568214241509648,0.18255268987339507,70
chr03,3327809,0.0004802631578947371,0.1991552833263262,0.6568214241509648,0.18255268987339507,70
chr03,3332216,-0.0005024813895781637,0.21675237367139905,0.6430133704961626,0.19177999648117114,70
chr03,3337680,0.0004903846153846156,0.2131668404761503,0.645748849880887,0.18993635865960706,71
chr03,3390103,0.0005357454228421968,0.23404067292905614,0.6301450830083981,0.20055944817194057,68
chr03,3392402,-0.0004903846153846154,0.2131668404761503,0.645748849880887,0.18993635865960706,71
chr03,3398597,0.0005024813895781637,0.21675237367139905,0.6430133704961626,0.19177999648117114,70
chr03,3398612,0.0005024813895781637,0.21675237367139905,0.6430133704961626,0.19177999648117114,70
chr03,3398640,-0.0005024813895781637,0.21675237367139905,0.6430133704961626,0.19177999648117114,70
chr03,3401292,-7.195767195767191e-05,0.004185845821254952,0.9486294445886524,0.02290339937219966,62
chr03,3403911,-0.00040584132519616415,0.13619834480452533,0.7132713323026281,0.14674523072903348,68
chr03,3404027,-0.00040584132519616415,0.13619834480452533,0.7132713323026281,0.14674523072903348,68
chr03,3429667,-0.0005024813895781637,0.21675237367139905,0.6430133704961626,0.19177999648117114,70
chr03,3459831,0.0004903846153846156,0.2131668404761503,0.645748849880887,0.18993635865960706,71
chr03,3459907,-0.0004903846153846154,0.2131668404761503,0.645748849880887,0.18993635865960706,71
chr03,3470169,0.00026973684210526315,0.06631221411022857,0.7975615535964982,0.09823578932945458,70
chr03,3470188,0.00026973684210526315,0.06631221411022857,0.7975615535964982,0.09823578932945458,70
chr03,3490199,0.0004903846153846156,0.2131668404761503,0.645748849880887,0.18993635865960706,71
chr03,3499171,0.0004487179487179487,0.16753261757493232,0.683619594388445,0.1651854977172154,69
chr03,3514808,-0.0004336405529953915,0.14967962453273362,0.7001251680628191,0.15482431007218167,66
chr03,3514809,-0.0004336405529953915,0.14967962453273362,0.7001251680628191,0.15482431007218167,66
chr03,3514832,-0.0004336405529953915,0.14967962453273362,0.7001251680628191,0.15482431007218167,66
chr03,3514877,-0.0004336405529953915,0.14967962453273362,0.7001251680628191,0.15482431007218167,66
chr03,3530711,-0.00046538461538461534,0.1800233400666804,0.6727124793957393,0.17217051570587566,69
chr03,3548914,-0.00034176111595466443,0.09515551506992245,0.7586940872913006,0.11993330049737634,68
chr03,3548955,-0.0003956925675675675,0.13145205804048563,0.7180724317941647,0.1438317463677966,69
chr03,3548965,-0.0003956925675675675,0.13145205804048563,0.7180724317941647,0.1438317463677966,69
chr03,3548999,-0.0003956925675675675,0.13145205804048563,0.7180724317941647,0.1438317463677966,69
chr03,3581393,-0.00014242424242424237,0.015379977870929606,0.9017103303955885,0.04493295482524449,63
chr03,3581401,-0.00014242424242424237,0.015379977870929606,0.9017103303955885,0.04493295482524449,63
chr03,3644924,-0.0006050830889540569,0.2838567137636248,0.596088970271743,0.22468891406120498,64
chr03,3732829,0.0002357142857142857,0.046866854478528994,0.8292655451271462,0.08130637859694892,69
chr03,3753298,-0.0001344696969696968,0.014054176528755662,0.9060088258603735,0.04286757163467861,65
chr03,3758642,-0.00022899159663865523,0.044214936714297486,0.8340923874359887,0.07878584249001572,69
chr03,3758704,-0.00022899159663865523,0.044214936714297486,0.8340923874359887,0.07878584249001572,69
chr03,3767919,0.0002072192513368984,0.03419083585979421,0.8538772163092756,0.068604574408256,67
chr03,3767948,0.0002072192513368984,0.03419083585979421,0.8538772163092756,0.068604574408256,67
chr03,3767950,0.0002072192513368984,0.03419083585979421,0.8538772163092756,0.068604574408256,67
chr03,3780372,-0.00016806722689075623,0.02561595744157155,0.8733233495457591,0.058824928203698446,69
chr03,3853610,0.0004880184331797235,0.1838433618184714,0.6695306832952672,0.1742295153204209,66
chr03,3853678,-0.0004880184331797235,0.1838433618184714,0.6695306832952672,0.1742295153204209,66
chr03,3866685,0.0003964646464646465,0.1324132648107346,0.7170886851696316,0.14442713010902097,69
chr03,3873142,0.0004055555555555556,0.1470576522820163,0.7025422151394236,0.1533275742680605,71
chr03,3888445,-0.00046323529411764657,0.1864385015245329,0.6672635111659595,0.17570262358704564,70
chr03,3980582,0.0005740740740740741,0.233534448930648,0.6306454554280893,0.20021472954413871,63
chr03,3980614,0.0005740740740740741,0.233534448930648,0.6306454554280893,0.20021472954413871,63
chr03,3993813,0.00011764705882352973,0.011738028544751618,0.9140529685515482,0.03902863656035923,68
chr03,3995233,-0.0001330645161290323,0.013557422969187683,0.9076892255538084,0.042062819683270615,63
chr03,4059339,0.0002623106060606062,0.05755515373762613,0.8111815810527293,0.09088191912757623,65
chr03,4068806,0.000757142857142857,0.5010124537051587,0.4814747022329452,0.3174265267518326,70
chr03,4079463,0.0005320346320346323,0.2456318339188469,0.6218140466458526,0.20633947156288268,68
chr03,4087866,0.0007352941176470582,0.47165121854791414,0.4945639256956227,0.3057775649716874,70
chr03,4087868,0.0007352941176470582,0.47165121854791414,0.4945639256956227,0.3057775649716874,70
chr03,4088996,0.0003428571428571428,0.11770645510277573,0.7325938582695923,0.1351367265816652,70
chr03,4089054,0.0003428571428571428,0.11770645510277573,0.7325938582695923,0.1351367265816652,70
chr03,4160951,0.0006683046683046685,0.39441212279908144,0.5320928506348801,0.2740125763518797,70
chr03,4160988,0.0006683046683046685,0.39441212279908144,0.5320928506348801,0.2740125763518797,70
chr03,4162528,0.0007718216318785581,0.478781212506204,0.4915172609834292,0.3084612261162271,65
chr03,4191536,0.0007532679738562086,0.4964837053057443,0.48345558707284375,0.3156434164623175,70
chr03,4191817,0.0007723214285714282,0.492193832657969,0.4854547001869759,0.3138512897038765,67
chr03,4211402,0.0005845959595959598,0.2955676732247122,0.5884790170816825,0.23026901783006365,69
chr03,4221265,-0.0007953100158982517,0.5680756889913093,0.45358892310954835,0.3433375596952611,71
chr03,4221439,-0.0007953100158982517,0.5680756889913093,0.45358892310954835,0.3433375596952611,71
chr03,4225141,0.0007953100158982515,0.5680756889913093,0.45358892310954835,0.3433375596952611,71
chr03,4230586,0.0004083614864864866,0.15074706051058906,0.6990534234702501,0.15548963307870892,69
chr03,4230651,0.0004083614864864866,0.15074706051058906,0.6990534234702501,0.15548963307870892,69
chr03,4230659,0.0004083614864864866,0.15074706051058906,0.6990534234702501,0.15548963307870892,69
chr03,4230844,0.0007953100158982515,0.5680756889913093,0.45358892310954835,0.3433375596952611,71
chr03,4230876,0.0007953100158982515,0.5680756889913093,0.45358892310954835,0.3433375596952611,71
chr03,4238027,0.0007895167895167896,0.5431542818223408,0.46366371599719836,0.3337968884879586,70
chr03,4238248,-0.0007187499999999998,0.4305887286076625,0.5139814895746444,0.2890525213166793,68
chr03,4238631,0.0007187499999999998,0.4305887286076625,0.5139814895746444,0.2890525213166793,68
chr03,4254378,-0.0010991461100569259,0.9472604917705164,0.3341398288940519,0.4760717541195706,65
chr03,4254680,-0.0007953100158982517,0.5680756889913093,0.45358892310954835,0.3433375596952611,71
chr03,4254692,-0.0007953100158982517,0.5680756889913093,0.45358892310954835,0.3433375596952611,71
chr03,4254740,-0.0007953100158982517,0.5680756889913093,0.45358892310954835,0.3433375596952611,71
chr03,4277766,-0.0010210651828298893,0.9413788449418556,0.3353123815506719,0.47455040976875057,71
chr03,4305880,-0.0010210651828298893,0.9413788449418556,0.3353123815506719,0.47455040976875057,71
chr03,4342639,-0.0009719298245614035,0.777092432327422,0.38123099172941155,0.4188118011345387,68
chr03,4359538,0.0009673321234119779,0.7504682962874877,0.3895145237437426,0.4094763442451579,67
chr03,4379192,-0.001074013157894737,1.0077936991631513,0.31899098822332744,0.4962215859715467,70
chr03,4379605,-0.0010675675675675678,0.971247928403777,0.32791479735519813,0.4842389850851047,69
chr03,4414150,-0.0011502866502866506,1.1637675643316985,0.28449735565476325,0.5459217659293027,70
chr03,4414151,-0.0011502866502866506,1.1637675643316985,0.28449735565476325,0.5459217659293027,70
chr03,4417161,-0.0008870967741935489,0.662917766056689,0.41841619280448517,0.37839151651756503,69
chr03,4441938,0.0012234234234234232,1.244377933114065,0.26873620322309305,0.5706738229568432,67
chr03,4462185,-0.0017879464285714289,2.642060014479612,0.10890786384675889,0.9629407602630463,67
chr03,4462215,-0.0017879464285714289,2.642060014479612,0.10890786384675889,0.9629407602630463,67
chr03,4462855,0.0017547694753577117,2.8564676915323473,0.09552061878749171,1.0199028728235557,71
chr03,4511103,0.001742857142857143,2.7852716164896254,0.09973283423878541,1.0011618388683194,70
chr03,4535187,-0.001742857142857143,2.7852716164896254,0.09973283423878541,1.0011618388683194,70
chr03,4535239,-0.001742857142857143,2.7852716164896254,0.09973283423878541,1.0011618388683194,70
chr03,4608607,0.001432291666666667,1.56182675801113,0.21625086990553433,0.6650421368369588,62
chr03,4608638,0.001432291666666667,1.56182675801113,0.21625086990553433,0.6650421368369588,62
chr03,4608651,0.001429418103448276,1.5029010944520385,0.22509631742766167,0.6476316099924969,61
chr03,4608707,0.001429418103448276,1.5029010944520385,0.22509631742766167,0.6476316099924969,61
chr03,4662288,-0.0017875000000000002,2.7341472825277275,0.10304606369774501,0.9869685933752999,67
chr03,4671408,0.0010725806451612906,1.1210865544236552,0.29360354178886344,0.532238709757051,67
chr03,4821815,0.00221733870967742,4.605069154695644,0.03539747803731111,1.4510276790334187,71
chr03,5024221,-0.002265095119933831,4.696478589592088,0.03373048920548294,1.4719773600351964,70
chr03,5024600,-0.00221733870967742,4.605069154695644,0.03539747803731111,1.4510276790334187,71
chr03,5027631,-0.002265095119933831,4.696478589592088,0.03373048920548294,1.4719773600351964,70
chr03,5027907,-0.002365789473684211,5.016966990946541,0.028473607730513977,1.5455575023581762,68
chr03,5032406,-0.0022502564102564104,3.748859334464719,0.05740546328131622,1.2410467738037438,64
chr03,5143915,0.002594196804037007,6.200440008230691,0.015221143106756744,1.8175527308562,70
chr03,5144205,0.002594196804037007,6.200440008230691,0.015221143106756744,1.8175527308562,70
chr03,5166905,0.002534924845269674,5.580898478410028,0.021114768629346567,1.675413673109478,68
chr03,5167021,0.002534924845269674,5.580898478410028,0.021114768629346567,1.675413673109478,68
chr03,5167029,0.002536206896551724,5.732294534620937,0.019460970495241914,1.7108355057830456,69
chr03,5173038,0.0026804037005887303,6.752643263103811,0.011468506321799354,1.9404931416839204,70
chr03,5175263,0.0026913793103448273,6.640243501167753,0.012178221774306565,1.9144161213900053,69
chr03,5233435,-0.003050446428571429,8.740833353784868,0.004332710298788624,2.363240348547822,67
chr03,5248943,-0.0027124183006535935,7.185920518605102,0.009211233873323404,2.035682190814685,70
chr03,5340870,-0.0031960784313725464,10.176898108052896,0.002152110298900795,2.6671354741876074,70
chr03,5340871,-0.0031960784313725464,10.176898108052896,0.002152110298900795,2.6671354741876074,70
chr03,5381041,-0.003142857142857143,9.801539084649649,0.00256994522265892,2.59007613338096,70
chr03,5406604,-0.0028883572567783085,8.298788816317098,0.005281576283265656,2.2772364431936296,71
chr03,5406652,-0.0028883572567783085,8.298788816317098,0.005281576283265656,2.2772364431936296,71
chr03,5427180,0.0029218750000000013,8.251495197123862,0.00542660250281603,2.2654719892102784,70
chr03,5427235,0.0029218750000000013,8.251495197123862,0.00542660250281603,2.2654719892102784,70
chr03,5451005,-0.002818548387096775,7.759773166339767,0.006891620366775926,2.161678654200704,71
chr03,5451065,0.0028730355665839554,7.887478964423548,0.006491914097103102,2.1876272355187774,70
chr03,5472242,-0.002818548387096775,7.759773166339767,0.006891620366775926,2.161678654200704,71
chr03,5486593,0.002870833333333333,7.808645888944171,0.006750226390024601,2.1706816614964284,70
chr03,5486680,-0.0028708333333333337,7.808645888944171,0.006750226390024601,2.1706816614964284,70
chr03,5497269,-0.002927586206896551,7.869575238971917,0.006573793979281032,2.18218391069909,69
chr03,5500146,-0.002833333333333334,7.580678758515344,0.007559631002586731,2.1214994025743845,70
chr03,5518051,-0.002733333333333334,7.121938302661196,0.00951277489557333,2.0216927800079034,70
chr03,5557367,0.0030156249999999996,8.503635179203178,0.004838066716270331,2.3153281470720555,68
chr03,5557382,0.0030156249999999996,8.503635179203178,0.004838066716270331,2.3153281470720555,68
chr03,5557385,0.0030156249999999996,8.503635179203178,0.004838066716270331,2.3153281470720555,68
chr03,5557595,0.0029953547297297285,8.622588341738792,0.004546629379290784,2.34231044607838,69
chr03,5812951,0.0026243315508021393,6.14262641870447,0.015801523312050522,1.8013010437969506,67
chr03,5812966,0.0026243315508021393,6.14262641870447,0.015801523312050522,1.8013010437969506,67
chr03,5817801,0.002165178571428571,4.208763361224529,0.04424913153984586,1.3540952486080524,67
chr03,5887063,0.0023214285714285715,5.168229313786554,0.026119940373646656,1.5830278187991762,71
chr03,5891514,-0.002533422459893048,5.555583081139697,0.021444370903733877,1.6686866897860384,67
chr03,5897693,0.0023382352941176457,5.092756337566878,0.02724360077752908,1.5647354924103696,70
chr03,5910276,-0.00228125,4.593598850666456,0.03578193840386353,1.446336136230946,68
chr03,5913258,-0.0023823529411764687,5.303704608739651,0.024345399999296843,1.613583085523087,70
chr03,5917061,0.002380086580086581,4.994770974336026,0.02881414770587407,1.5403942218959197,68
chr03,5970721,-0.002529411764705882,5.813634414749171,0.018693720337229217,1.7283042587526782,68
chr03,6043091,0.0023970588235294114,4.537711748101683,0.0371974072032849,1.4294873309930927,63
chr03,6043125,0.0023970588235294114,4.69658937466927,0.03407243275848921,1.4675968568674402,64
chr03,6043457,0.0023970588235294114,4.69658937466927,0.03407243275848921,1.4675968568674402,64
chr03,6125388,-0.002757563025210083,7.1151130198461,0.009575287218340554,2.0188481901562496,69
chr03,6139314,-0.0024857142857142855,5.916204007034726,0.017639632105910366,1.7535104768027918,70
chr03,6152940,0.0026710084033613438,6.606679607043987,0.012388414207749582,1.9069842823972105,69
chr03,6153008,0.002651960784313724,6.699269813780204,0.011784420210590405,1.9286917797527565,70
chr03,6161187,-0.0025506493506493515,5.882191265456934,0.0180380420948189,1.7438106039094916,68
chr03,6199768,-0.0017829888712241665,2.9530427820265857,0.09020035576222027,1.0447917495393837,71
chr03,6204880,0.0015209447415329774,1.9834345696434255,0.16379436248342252,0.7857010499777651,67
chr03,6205005,0.0017829888712241665,2.9530427820265857,0.09020035576222027,1.0447917495393837,71
chr03,6207631,0.0017899305555555552,2.802613663560485,0.09884386471953598,1.0050502823557983,68
chr03,6243097,-0.0017829888712241665,2.9530427820265857,0.09020035576222027,1.0447917495393837,71
chr03,6243338,-0.0016715806715806721,2.545083758534019,0.11527560074986642,0.9382626058105964,70
chr03,6246265,0.0016715806715806721,2.545083758534019,0.11527560074986642,0.9382626058105964,70
chr03,6262253,-0.001670129870129871,2.3971561587921153,0.1263381430305444,0.8984655108318245,68
chr03,6262280,-0.001670129870129871,2.3971561587921153,0.1263381430305444,0.8984655108318245,68
chr03,6262310,-0.001670129870129871,2.3971561587921153,0.1263381430305444,0.8984655108318245,68
chr03,6262597,-0.001670129870129871,2.3971561587921153,0.1263381430305444,0.8984655108318245,68
chr03,6262623,-0.001670129870129871,2.3971561587921153,0.1263381430305444,0.8984655108318245,68
chr03,6291007,-0.0016218637992831538,2.2074297865633734,0.14218162777381815,0.8471565180361798,67
chr03,6315708,0.001970238095238095,3.0251236274502844,0.08694695387878938,1.0607456285756605,64
chr03,6315721,0.001986111111111111,2.963207818338601,0.09024714797386409,1.044566513951773,63
chr03,6315797,0.001986111111111111,2.963207818338601,0.09024714797386409,1.044566513951773,63
chr03,6340810,0.0016876267748478701,2.1401028142948486,0.14862596811470535,0.8279053034716202,63
chr03,6395646,0.0019645021645021644,3.3170996480704904,0.07309518677148642,1.136111219860277,68
chr03,6395667,0.0019645021645021644,3.3170996480704904,0.07309518677148642,1.136111219860277,68
chr03,6428150,0.0016719015280135829,2.4165642317974796,0.1247693010620428,0.9038922577578197,69
chr03,6480301,-0.0016236559139784941,2.3339971155176698,0.13121494982648182,0.8820166812921622,70
chr03,6480318,-0.0016236559139784941,2.3339971155176698,0.13121494982648182,0.8820166812921622,70
chr03,6483716,-0.001370833333333333,1.6346657007249228,0.20540550146728428,0.6873879286798926,70
chr03,6545296,-0.0011833333333333335,1.2002620466703313,0.27719189108262976,0.55721947864024,69
chr03,6552203,-0.0011182795698924733,1.1048429460031912,0.2969268604639549,0.5273505136749955,70
chr03,6552527,-0.0011182795698924733,1.1048429460031912,0.2969268604639549,0.5273505136749955,70
chr03,6552738,-0.0012447916666666668,1.3970273841708696,0.24127931885157605,0.6174799018523435,71
chr03,6562261,0.0012447916666666675,1.3970273841708696,0.24127931885157605,0.6174799018523435,71
chr03,6562327,-0.0012447916666666668,1.3970273841708696,0.24127931885157605,0.6174799018523435,71
chr03,6576505,-0.0013000000000000002,1.4300158567901944,0.23597697806559387,0.6271303647704736,69
chr03,6576513,-0.0013000000000000002,1.4300158567901944,0.23597697806559387,0.6271303647704736,69
chr03,6633389,-0.0014996012759170647,2.0563386244147828,0.15609044529938934,0.8066236804145288,71
chr03,6703019,0.0015320197044334973,1.8054559332452091,0.18395137205680967,0.7352969685043463,64
chr03,6732326,-0.001662988115449915,2.4264541002028457,0.12401388942656849,0.9065296715836654,69
chr03,6732334,-0.001662988115449915,2.4264541002028457,0.12401388942656849,0.9065296715836654,69
chr03,6732382,-0.001662988115449915,2.4264541002028457,0.12401388942656849,0.9065296715836654,69
chr03,6732699,-0.0017568108974358983,2.83969547842948,0.09647966675677777,1.015564205265517,71
chr03,6775409,-0.0017291666666666662,2.6818073879141497,0.10612023165261411,0.9742018106559521,70
chr03,6775431,-0.0017291666666666662,2.6818073879141497,0.10612023165261411,0.9742018106559521,70
chr03,6780687,-0.0018479838709677412,3.134767554957949,0.08105630612469945,1.0912131916899717,71
chr03,6787463,-0.0018329197684036392,3.0063377644812843,0.08747134276728916,1.0581342065951462,70
chr03,6787474,-0.0018329197684036392,3.0063377644812843,0.08747134276728916,1.0581342065951462,70
chr03,6823579,-0.0020901856763925735,3.741322682533968,0.057371399339355374,1.2413045571604593,68
chr03,6840277,0.0018479838709677412,3.134767554957949,0.08105630612469945,1.0912131916899717,71
chr03,6861671,0.0017490842490842495,2.4986702469280715,0.11879678458163159,0.9251953140463456,67
chr03,6886418,-0.0016526526526526525,2.1026653937511366,0.15208277559563663,0.8179199699533112,64
chr03,6886425,0.0016526526526526525,2.1026653937511366,0.15208277559563663,0.8179199699533112,64
chr03,6886426,-0.0016526526526526525,2.1026653937511366,0.15208277559563663,0.8179199699533112,64
chr03,6886430,0.0016526526526526525,2.1026653937511366,0.15208277559563663,0.8179199699533112,64
chr03,6886441,0.0016526526526526525,2.1026653937511366,0.15208277559563663,0.8179199699533112,64
chr03,6886637,-0.0018479838709677412,3.134767554957949,0.08105630612469945,1.0912131916899717,71
chr03,6901043,-0.001688461538461539,2.4845592211145093,0.11967893665233721,0.9219822781700706,69
chr03,6901044,0.0017511052166224582,2.588906934392197,0.1123879268659223,0.9492803398090076,68
chr03,6949344,0.0013155172413793104,1.564985123034775,0.2152876232818531,0.6669809367111094,69
chr03,6949532,0.0012219512195121949,1.3254645842386448,0.25358754609888734,0.5958720788397576,71
chr03,6985455,0.001178571428571429,1.1952546202889218,0.278130126498825,0.555751966678562,70
chr03,6995885,-0.0013910256410256411,1.5503604660581818,0.21769378312952786,0.662153973306599,65
chr03,6996076,0.0013732142857142858,1.6522569155388136,0.20314423347239205,0.6921955012069496,68
chr03,6996128,0.0011454703832752616,1.1032740310355782,0.2973226353200474,0.5267720264816187,69
chr03,7022234,-0.0015573684210526317,1.744957226365044,0.19144603580838065,0.7179536219742715,63
chr03,7067673,0.0011541666666666668,1.183744838274439,0.2804361948907292,0.5521659342615124,70
chr03,7115274,-0.0012730769230769239,1.3963112853911304,0.24151936423891487,0.6170480431941938,69
chr03,7182945,-0.0012207130730050937,1.287282932547607,0.26059222205661065,0.5840385508962841,69
chr03,7182982,-0.0012207130730050937,1.287282932547607,0.26059222205661065,0.5840385508962841,69
chr03,7183055,-0.0012207130730050937,1.287282932547607,0.26059222205661065,0.5840385508962841,69
chr03,7183056,-0.0012207130730050937,1.287282932547607,0.26059222205661065,0.5840385508962841,69
chr03,7188465,-0.0012865025466893046,1.4462680221266115,0.23336055044290943,0.6319725594860999,69
chr03,7188467,-0.0012865025466893046,1.4462680221266115,0.23336055044290943,0.6319725594860999,69
chr03,7188560,-0.0012865025466893046,1.4462680221266115,0.23336055044290943,0.6319725594860999,69
chr03,7199901,0.0010189144736842113,0.9055578242838405,0.34466606754497575,0.4626014708808988,70
chr03,7202337,-0.001124673060156931,1.0852456331329738,0.30132808902754354,0.5209603826277678,68
chr03,7223709,-0.0011625636672325979,1.159085154138505,0.2855167275877568,0.5443684426326849,69
chr03,7282117,-0.0009650512581547062,0.7483025496205032,0.39024515559555684,0.408662479453697,66
chr03,7286638,-0.0009769230769230775,0.8134150178468492,0.3703433771783001,0.4313954173972566,69
chr03,7376036,0.0012951176983435051,1.4983119787285875,0.2252829309745647,0.6472717122459025,68
chr03,7382605,0.001136513157894737,1.1318480446608006,0.29114488978453307,0.5358908282860112,70
chr03,7382647,-0.0011365131578947368,1.1318480446607972,0.29114488978453307,0.5358908282860112,70
chr03,7405244,-0.0011118421052631585,1.144523706394881,0.2884812936020237,0.5398823431627123,70
chr03,7405275,0.0011118421052631587,1.144523706394881,0.2884812936020237,0.5398823431627123,70
chr03,7405452,0.000884125636672326,0.6580617849879286,0.42011750241683776,0.376629225044454,69
chr03,7405572,0.0012737455197132617,1.4087654562911787,0.23958128241493382,0.6205471147528533,67
chr03,7405644,-0.0012737455197132617,1.4087654562911787,0.23958128241493382,0.6205471147528533,67
chr03,7451947,-0.001041441441441441,0.8788763014285155,0.3519800385500671,0.4534819654803174,67
chr03,7457017,-0.0008750000000000006,0.6832851413114464,0.4113071490073896,0.38583374187065006,71
chr03,7457076,-0.0008750000000000006,0.6832851413114464,0.4113071490073896,0.38583374187065006,71
chr03,7472573,-0.0006958333333333334,0.4138629370849121,0.5221789604920685,0.2821806306484132,70
chr03,7504489,0.0008308631211857021,0.5747794333158918,0.45106464310305594,0.3457612139287591,68
chr03,7539239,0.0007475328947368425,0.4921528327507388,0.4853626393711389,0.31393365639183773,70
chr03,7591493,-0.0013703547297297294,1.613671262845572,0.20837017757727364,0.6811644381576497,69
chr03,7591501,-0.0013703547297297294,1.613671262845572,0.20837017757727364,0.6811644381576497,69
chr03,7676064,-0.0013032591414944364,1.5469020556925663,0.21780233977671115,0.6619374590767708,71
chr03,7691364,-0.0013032591414944364,1.5469020556925663,0.21780233977671115,0.6619374590767708,71
chr03,7700319,-0.001559243697478991,2.162994261915266,0.14605002276044832,0.8354983710099362,69
chr03,7766065,0.001559243697478991,2.162994261915266,0.14605002276044832,0.8354983710099362,69
chr03,7766087,0.001559243697478991,2.162994261915266,0.14605002276044832,0.8354983710099362,69
chr03,7807085,0.0015399305555555552,2.0396951932185012,0.15795554854807978,0.8014651139089433,68
chr03,7853743,-0.0011881977671451352,1.276820280253842,0.26240386360059625,0.5810297747534419,71
chr03,7853763,-0.0011881977671451352,1.276820280253842,0.26240386360059625,0.5810297747534419,71
chr03,7854860,0.0017006269592476492,2.15792384711841,0.14706006293120022,0.8325052525172286,62
chr03,7900537,0.0014144672531769306,1.634260774606636,0.2058797694864138,0.6863863266800502,64
chr03,7927250,-0.0011833333333333331,1.054215820417907,0.30852737966015514,0.5107062893043484,64
chr03,7927251,-0.0011833333333333331,1.054215820417907,0.30852737966015514,0.5107062893043484,64
chr03,7927267,-0.0011833333333333331,1.054215820417907,0.30852737966015514,0.5107062893043484,64
chr03,7927327,-0.0011833333333333331,1.054215820417907,0.30852737966015514,0.5107062893043484,64
chr03,8037265,0.0011995535714285715,1.1948959057493815,0.2783789393988188,0.5553636241220236,67
chr03,8037273,0.0015004608294930876,1.9437223118427973,0.16808644015234467,0.774467320495941,66
chr03,8037292,0.0011995535714285715,1.1948959057493815,0.2783789393988188,0.5553636241220236,67
chr03,8037306,0.0011995535714285715,1.1948959057493815,0.2783789393988188,0.5553636241220236,67
chr03,8037324,0.0011995535714285715,1.1948959057493815,0.2783789393988188,0.5553636241220236,67
chr03,8096643,0.0010606060606060605,0.9105585300983724,0.343556638121446,0.4640016557050473,66
chr03,8096673,0.0010606060606060605,0.9105585300983724,0.343556638121446,0.4640016557050473,66
chr03,8103675,0.0013351158645276294,1.4865239647649409,0.22716260192865192,0.6436631655353989,67
chr03,8103677,0.0013351158645276294,1.4865239647649409,0.22716260192865192,0.6436631655353989,67
chr03,8106059,0.0010031746031746028,0.9097117044430896,0.3435204317271975,0.4640474270979123,71
chr03,8106097,0.0010031746031746028,0.9097117044430896,0.3435204317271975,0.4640474270979123,71
chr03,8114189,0.0010826839826839829,0.9839486991639234,0.3248487032293539,0.48831886256479684,68
chr03,8114209,0.0010826839826839829,0.9839486991639234,0.3248487032293539,0.48831886256479684,68
chr03,8132580,-0.0011800476947535774,1.2631355489903466,0.26495335251678376,0.5768305808851556,71
chr03,8132611,0.0011800476947535776,1.2631355489903466,0.26495335251678376,0.5768305808851556,71
chr03,8137169,0.001369444444444444,1.714795521159275,0.1947080445127502,0.7106161048984386,71
chr03,8137187,-0.001369444444444444,1.714795521159275,0.1947080445127502,0.7106161048984386,71
chr03,8137189,-0.001369444444444444,1.714795521159275,0.1947080445127502,0.7106161048984386,71
chr03,8145782,0.0016711229946524068,2.3228268335425866,0.13233909569627147,0.8783118373171859,67
chr03,8159019,-0.0015351906158357774,1.8696894898617955,0.17644747697013594,0.753384547254602,64
chr03,8171694,-0.0013434343434343432,1.2755485932390918,0.26337780985620857,0.5794208180718857,60
chr03,8176485,0.0010228758169934635,0.918938692746446,0.34114983329618953,0.467054836603224,70
chr03,8190966,0.0012584821428571428,1.2978687690798982,0.258783967403441,0.5870626332734263,67
chr03,8242519,-0.0008571428571428573,0.6493437596154885,0.42315642434434353,0.37349906129700194,70
chr03,8243398,-0.00110873440285205,1.0101067775641632,0.31860412950383427,0.49674859950442374,67
chr03,8243479,-0.00110873440285205,1.0101067775641632,0.31860412950383427,0.49674859950442374,67
chr03,8253873,0.000984848484848485,0.773340349833548,0.3824756852820985,0.41739616857169254,66
chr03,8253903,0.000984848484848485,0.773340349833548,0.3824756852820985,0.41739616857169254,66
chr03,8291961,-0.0009428571428571429,0.7798477205471978,0.3802990990554246,0.4198747034491093,70
chr03,8310548,0.0007966386554621845,0.5463296959724967,0.4624029909136461,0.3349793654761704,69
chr03,8310568,0.0007966386554621845,0.5463296959724967,0.4624029909136461,0.3349793654761704,69
chr03,8311561,-0.0008371212121212123,0.6011634733447858,0.4408625268594656,0.3556968144642012,69
chr03,8314571,-0.0007083333333333327,0.4375948811652292,0.5105209567582998,0.2919864255306842,70
chr03,8315015,0.0007154761904761903,0.45976605287523864,0.5000009451146263,0.30102917474862306,71
chr03,8322675,-0.0004678571428571427,0.19584828822465142,0.6594772686145585,0.18080016946621524,71
chr03,8341596,0.0007432432432432433,0.4807872101720261,0.49042766431005824,0.3094250398796525,70
chr03,8341717,0.0007432432432432433,0.4807872101720261,0.49042766431005824,0.3094250398796525,70
chr03,8345370,0.0006666666666666663,0.37837317503609746,0.5405588697075816,0.2671570021788958,69
chr03,8351786,0.00045588235294117635,0.1998638709799407,0.6562944368909047,0.1829012770440399,68
chr03,8360159,-0.0007285373608903023,0.4760605024630994,0.4925263823351552,0.30757050141874637,71
chr03,8360240,-0.0007285373608903023,0.4760605024630994,0.4925263823351552,0.30757050141874637,71
chr03,8360354,0.0007285373608903023,0.4760605024630994,0.4925263823351552,0.30757050141874637,71
chr03,8371131,-0.0009218750000000004,0.7513177644487157,0.3891076483466106,0.40993023256792743,70
chr03,8396182,-0.0012654377880184332,1.3238385143404996,0.254185197002032,0.594849745078346,66
chr03,8416407,0.0007651515151515147,0.5238037643573932,0.4716702283367623,0.3263615354081264,71
chr03,8416537,-0.0009274193548387098,0.7363229872396494,0.3939006437935775,0.40461330937676915,69
chr03,8416556,0.0009274193548387098,0.7363229872396494,0.3939006437935775,0.40461330937676915,69
chr03,8416589,0.0009274193548387098,0.7363229872396494,0.3939006437935775,0.40461330937676915,69
chr03,8417489,0.0010746527777777775,1.0333198587204633,0.3130921925142058,0.5043277621188709,68
chr03,8457094,-0.0005592209856915739,0.279702433286681,0.5985935419586463,0.22286797293995242,71
chr03,8488391,-0.0007624999999999996,0.47987006232439383,0.4909488149108924,0.30896378396767443,67
chr03,8515658,0.0005592209856915737,0.279702433286681,0.5985935419586463,0.22286797293995242,71
chr03,8515740,-0.0005592209856915739,0.279702433286681,0.5985935419586463,0.22286797293995242,71
chr03,8546941,-0.0008663194444444441,0.6338319825921748,0.4288075373500211,0.36773758945159035,68
chr03,8546945,-0.0008663194444444441,0.6338319825921748,0.4288075373500211,0.36773758945159035,68
chr03,8546948,-0.0008663194444444441,0.6338319825921748,0.4288075373500211,0.36773758945159035,68
chr03,8683345,0.0011440476190476179,1.1878548801547697,0.27955437290512986,0.5535337099382569,71
chr03,8756135,0.001395454545454545,1.4461436723798653,0.2337949142760073,0.6311649402481274,63
chr03,8756192,0.001395454545454545,1.4461436723798653,0.2337949142760073,0.6311649402481274,63
chr03,8778899,-0.0009265202702702697,0.7389893063847193,0.39305030352188086,0.4055518640166164,69
chr03,8786719,0.0008171452702702696,0.5648899591027243,0.45492876419325756,0.3420566027711127,69
chr03,8786729,-0.0008171452702702698,0.5648899591027243,0.45492876419325756,0.3420566027711127,69
chr03,8786892,-0.00077027027027027,0.5169634348339096,0.47460349352153675,0.3236690692970579,70
chr03,8838328,-0.0013798811544991508,1.6528175339102418,0.20300175184531727,0.6925002142371732,69
chr03,8878428,-0.0013923278116826508,1.638037245037037,0.20507553240589638,0.6880861522839142,68
chr03,8878556,-0.0013635979729729724,1.6215211815444397,0.2072801011305534,0.6834423881328521,69
chr03,8885086,0.0016084229390681008,2.1737615164328337,0.14520960722853024,0.8380046492811741,67
chr03,8885122,0.0016084229390681008,2.1737615164328337,0.14520960722853024,0.8380046492811741,67
chr03,8903870,0.0013510101010101004,1.5908877669861679,0.21157335928686932,0.6745390183150246,69
chr03,8909204,-0.0009180470793374021,0.700200047878303,0.4057361251203375,0.3917563227320561,68
chr03,8951713,-0.0009558558558558555,0.761499454428738,0.3860719277797605,0.4133317758262869,67
chr03,9052568,0.001225108225108225,1.0561060037191388,0.30829983864066607,0.5110267025764001,61
chr03,9058425,0.0008358585858585854,0.593435159417972,0.4438017150342509,0.3528110238064163,69
chr03,9070647,-0.0010334224598930481,0.8662160983042079,0.35544888753685255,0.4492228406630958,67
chr03,9070675,-0.0010334224598930481,0.8662160983042079,0.35544888753685255,0.4492228406630958,67
chr03,9119856,0.0009393939393939393,0.6438675562653865,0.4255341906516089,0.37106553965747263,61
chr03,9123216,-0.000719439728353141,0.43992058530212713,0.5094364632598634,0.2929099733382291,69
chr03,9148297,0.000576225045372051,0.3067276111123215,0.5815955288939353,0.23537894084254635,67
chr03,9157905,0.001217148182665424,1.1904239668269496,0.27933470369490926,0.5538751055201349,66
chr03,9158159,-0.001037837837837837,0.8768341861505176,0.35253638788286634,0.4527960496197205,67
chr03,9160838,-0.0005928030303030299,0.27490950927110996,0.6018972605288315,0.22047763331571396,65
chr03,9161004,-0.0009728070175438596,0.7863816177611331,0.37841647257785815,0.42202996689509287,68
chr03,9169802,0.000817617866004963,0.5772539588857364,0.4500167775820655,0.3467712945013617,70
chr03,9171987,0.0009622241086587436,0.7896028716021819,0.3773994021421496,0.42319879215882206,69
chr03,9177968,-0.0011525641025641026,1.1513755437219846,0.28711099048876126,0.5419501825739748,69
chr03,9220636,0.0012166666666666662,1.3017685158907766,0.2578927657139538,0.5885608403148591,70
chr03,9240789,-0.001076678765880218,0.9510768088342721,0.33306091596621923,0.47747632790952543,67
chr03,9242362,0.001072177419354839,1.024346124782263,0.3150263131261856,0.5016531694858481,71
chr03,9298579,-0.0012313008130081298,1.3462226545000466,0.24993843091250764,0.6021669609603634,71
chr03,9298698,-0.0012313008130081298,1.3462226545000466,0.24993843091250764,0.6021669609603634,71
chr03,9317355,-0.0005321428571428571,0.2278183673472552,0.6347230390150314,0.19741573748956973,68
chr03,9317368,-0.0005321428571428571,0.2278183673472552,0.6347230390150314,0.19741573748956973,68
chr03,9374334,-0.0004163763066202092,0.14303811793860186,0.7064748588072927,0.1509032886994134,69
chr03,9374369,-0.0004163763066202092,0.14303811793860186,0.7064748588072927,0.1509032886994134,69
chr03,9384846,-0.0002211382113821137,0.042617955902514985,0.8370542719789047,0.07724638279904518,71
chr03,9387675,0.0002211382113821137,0.042617955902514985,0.8370542719789047,0.07724638279904518,71
chr03,9394960,-0.0006820857863751055,0.40614728158007835,0.5260714599409733,0.2789552586026872,70
chr03,9429047,-0.00010905172413793117,0.009917707299634865,0.9209690500322705,0.035754964402556585,69
chr03,9429270,-0.00010541310541310553,0.008416528233976766,0.9271898695174849,0.03283132212285809,66
chr03,9453257,1.221804511278205e-05,0.00011682625450590558,0.9914097598322043,0.0037468100421175266,66
chr03,9496288,-0.00015180265654648952,0.01875078041054976,0.8915200392451177,0.049868890474308265,65
chr03,9502988,-0.0002680921052631577,0.06193364291721911,0.8042155584171603,0.0946275292567842,70
chr03,9543862,0.0006036184210526317,0.3200898880331301,0.5734158870922001,0.2415302786359701,70
chr03,9543895,-0.0006036184210526319,0.3200898880331301,0.5734158870922001,0.2415302786359701,70
chr03,9650987,-0.0005672905525846704,0.26003943542602015,0.6118202787533984,0.21337613244328815,67
chr03,9660320,-0.0008284193284193288,0.6026521182869377,0.44025980298143097,0.3562909650975551,70
chr03,9660347,-0.0008284193284193288,0.6026521182869377,0.44025980298143097,0.3562909650975551,70
chr03,9660364,-0.0008284193284193288,0.6026521182869377,0.44025980298143097,0.3562909650975551,70
chr03,9674886,0.0007352472089314191,0.4833791404841901,0.48923056157681244,0.3104864209947165,71
chr03,9674910,0.0007352472089314191,0.4833791404841901,0.48923056157681244,0.3104864209947165,71
chr03,9675019,0.0007352472089314191,0.4833791404841901,0.48923056157681244,0.3104864209947165,71
chr03,9715649,0.0007352941176470588,0.4527543930895968,0.503379040526001,0.29810487137288333,68
chr03,9715680,0.0007963458110516934,0.5168209715258435,0.47477748992665225,0.3235098799288777,67
chr03,9727032,0.0007622549019607839,0.5152692421140129,0.4753256157168314,0.32300878056174726,70
chr03,9727036,0.0007622549019607839,0.5152692421140129,0.4753256157168314,0.32300878056174726,70
chr03,9727058,0.0007622549019607839,0.5152692421140129,0.4753256157168314,0.32300878056174726,70
chr03,9745528,-0.000719327731092437,0.4510295274043923,0.5041555423485575,0.2974354541057751,69
chr03,9745626,-0.0008857142857142857,0.6871503680336474,0.41003566118005086,0.3871783706455922,70
chr03,9750282,-0.0008845238095238095,0.7051756292955206,0.40395030606583304,0.393672058475618,71
chr03,9750624,-0.0007857142857142856,0.5456870297859693,0.46262748100904916,0.33476857282760647,70
chr03,9763401,-0.000893939393939394,0.636227596212062,0.42802972809233064,0.36852606673893284,66
chr03,9813804,0.0007846299810246677,0.47526816855174425,0.4931049612735987,0.30706062788275845,65
chr03,9815008,0.0006614583333333333,0.3634206635301493,0.5486785318032175,0.26068203215274116,68
chr03,9815044,0.0006896114864864868,0.405847654045717,0.5262555091684629,0.27880334466897905,69
chr03,9837546,0.000697712418300653,0.4292141053081788,0.5145850559763596,0.2885428302540105,70
chr03,9837742,0.000697712418300653,0.4292141053081788,0.5145850559763596,0.2885428302540105,70
chr03,9876935,-0.000788770053475936,0.5084722376158295,0.47835324292876025,0.32025127745281395,67
chr03,9876973,-0.000788770053475936,0.5084722376158295,0.47835324292876025,0.32025127745281395,67
chr03,9896289,0.0006834561834561836,0.4112554299404694,0.5234886479590711,0.2810927317161592,70
chr03,9942671,-0.0006508403361344534,0.36262920957375516,0.5490822443226642,0.26036259984801985,69
chr03,10082580,-0.0007981283422459891,0.5203682003593842,0.47327148718717804,0.32488965933990316,67
chr03,10098740,-0.0007222222222222215,0.4553295935743335,0.5021026963658364,0.29920744639370794,70
chr03,10098789,-0.0007222222222222215,0.4553295935743335,0.5021026963658364,0.29920744639370794,70
chr03,10105086,-0.0007184873949579833,0.44787847040335255,0.505643808348494,0.29615530636371346,69
chr03,10146257,0.00016298116298116297,0.023329925795849978,0.8790545611157873,0.055984168320847814,70
chr03,10146304,0.00016298116298116297,0.023329925795849978,0.8790545611157873,0.055984168320847814,70
chr03,10191043,-0.0003878676470588233,0.11714505950715126,0.733273239251975,0.13473416425744972,66
chr03,10199068,-0.00029523809523809537,0.07230098539401737,0.78885431027285,0.10300319715424963,68
chr03,10199073,0.0002952380952380953,0.07230098539401653,0.78885431027285,0.10300319715424963,68
chr03,10199075,0.0002952380952380953,0.07230098539401653,0.78885431027285,0.10300319715424963,68
chr03,10207886,0.0004537480063795849,0.18330358591541696,0.6698828874581868,0.17400111636833512,71
chr03,10215932,-0.0002468487394957981,0.04529158410196053,0.8321901876419351,0.07977740928097748,62
chr03,10271610,-0.0015011961722488033,2.060845685584926,0.15564419106670102,0.8078670833640839,71
chr03,10284309,-0.0016117936117936126,2.3424414253188006,0.13053120979137234,0.8842856368341504,70
chr03,10330102,-0.0015896584440227702,2.0163269231802428,0.16054498484983584,0.7944032565008494,65
chr03,10330103,-0.0015896584440227702,2.0163269231802428,0.16054498484983584,0.7944032565008494,65
chr03,10330149,-0.0015896584440227702,2.0163269231802428,0.16054498484983584,0.7944032565008494,65
chr03,10330153,-0.0015896584440227702,2.0163269231802428,0.16054498484983584,0.7944032565008494,65
chr03,10344004,0.0017272727272727268,2.6314582745698494,0.10946216821183723,0.9607359536618996,69
chr03,10344057,0.0017272727272727268,2.6314582745698494,0.10946216821183723,0.9607359536618996,69
chr03,10431581,-0.0013694444444444435,1.714795521159275,0.1947080445127502,0.7106161048984386,71
chr03,10431605,0.0013694444444444435,1.714795521159275,0.1947080445127502,0.7106161048984386,71
chr03,10479130,0.0013807881773399014,1.443594143969774,0.23412818703802477,0.6305462978020465,64
chr03,10479445,0.0014590499590499597,1.9049049513527152,0.17205107146647355,0.7643426184192321,70
chr03,10479446,0.0014590499590499597,1.9049049513527152,0.17205107146647355,0.7643426184192321,70
chr03,10479460,0.0014590499590499597,1.9049049513527152,0.17205107146647355,0.7643426184192321,70
chr03,10479529,-0.00170546218487395,2.5838241742018275,0.11266337761597069,0.9482172328806298,69
chr03,10495442,0.0015854531001589832,2.3142288261232857,0.13276459851052033,0.8769177135310062,71
chr03,10506005,-0.0019999999999999996,3.6976761092398216,0.05880471427456625,1.2305878558735133,68
chr03,10584617,0.0014539682539682535,1.9391391565131813,0.16823336504815442,0.7740878681141488,71
chr03,10619594,0.0013916666666666663,1.7723407527850388,0.18747455437170216,0.727057670047648,71
chr03,10656030,-0.0013916666666666663,1.7723407527850388,0.18747455437170216,0.727057670047648,71
chr03,10683357,-0.0014681372549019602,1.951537872410198,0.16696359593511548,0.7773782103371848,70
chr03,10683608,0.0013369747899159665,1.5399660394628345,0.21895043911996367,0.6596541794639275,69
chr03,10693035,0.00146813725490196,1.951537872410198,0.16696359593511548,0.7773782103371848,70
chr03,10706801,-0.0013285714285714283,1.5656965786026906,0.21512081787097856,0.667317559631084,70
chr03,10727070,0.001313095238095238,1.573428018891253,0.2139425266872949,0.6697028794308346,71
chr03,10756436,0.001313095238095238,1.573428018891253,0.2139425266872949,0.6697028794308346,71
chr03,10771930,-0.000823902027027027,0.5948766799162418,0.4432511703498557,0.3533501090247023,69
chr03,10771984,-0.000823902027027027,0.5948766799162418,0.4432511703498557,0.3533501090247023,69
chr03,10773334,0.0008799682034976157,0.6967383629357378,0.4067625832672236,0.3906590032122696,71
chr03,10776088,0.0010118755118755124,0.9068391775349794,0.3443272099989442,0.46302865639650453,70
chr03,10783405,-0.0010104166666666664,0.8833899742093152,0.35070211441810295,0.4550616157057619,68
chr03,10783406,-0.0010104166666666664,0.8833899742093152,0.35070211441810295,0.4550616157057619,68
chr03,10786863,-0.0011822916666666666,1.1910301708423818,0.2790899484884794,0.5542558044809008,68
chr03,10810450,0.0007812500000000002,0.5153100775896166,0.47542133974292855,0.3229213284458687,67
chr03,10813713,-0.0014322580645161293,1.7309636181596628,0.19298152427496604,0.7144842676218466,66
chr03,10813741,-0.0014322580645161293,1.7309636181596628,0.19298152427496604,0.7144842676218466,66
chr03,10821479,-0.00098989898989899,0.9023268499759692,0.3455725673263199,0.4614607405324702,69
chr03,10843927,0.0012152777777777778,1.2996628753268828,0.2583951651321037,0.5877156167454225,68
chr03,10861261,-0.000711520737327189,0.396415655259444,0.5311875061851057,0.2747521483589342,66
chr03,10871495,0.0005757575757575756,0.323459939452398,0.5714372640101187,0.24303144224119388,69
chr03,10871497,0.0009361179361179365,0.7669802799325722,0.3842359904399625,0.41540195827333287,70
chr03,10871499,0.0008799682034976157,0.6967383629357378,0.4067625832672236,0.3906590032122696,71
chr03,10914168,0.00123125,1.2597504754358888,0.2658272474972725,0.5754005055933539,67
chr03,10914455,-0.00123125,1.2597504754358888,0.2658272474972725,0.5754005055933539,67
chr03,10928607,0.0009074529074529077,0.7202378788303659,0.3990435962091349,0.3989796542913032,70
chr03,10930881,0.0007142857142857142,0.38385783416083,0.5378531672863317,0.269336269576854,63
chr03,10936376,-0.0008470961887477312,0.5700893918980243,0.45295059013308725,0.3439491701790001,67
chr03,10953833,0.0007833333333333336,0.5033523680630847,0.48052977789941853,0.3182796944123156,68
chr03,10969772,-0.0006555004135649299,0.3696940286353046,0.5451965741474392,0.2634468818057014,70
chr03,10980313,0.0006905393457117597,0.3928770793465704,0.5329531641205044,0.27331095505927644,68
chr03,10984275,-0.0008472222222222221,0.6255846483576343,0.4318126404241338,0.3647046487407873,68
chr03,11100655,-3.0503978779840772e-05,0.0007752505090472933,0.9778711350646004,0.009718373246937738,68
chr03,11102717,0.0005430663221360896,0.24336503305051774,0.6233756949194486,0.20525013463559996,70
chr03,11149885,0.0006158536585365855,0.3319220249276436,0.5664040452460706,0.24687365358493152,71
chr03,11171601,0.0006158536585365855,0.3319220249276436,0.5664040452460706,0.24687365358493152,71
chr03,11196240,-0.0006158536585365855,0.3319220249276436,0.5664040452460706,0.24687365358493152,71
chr03,11196279,-0.0006158536585365855,0.3319220249276436,0.5664040452460706,0.24687365358493152,71
chr03,11196294,-0.0006158536585365855,0.3319220249276436,0.5664040452460706,0.24687365358493152,71
chr03,11214759,0.0006158536585365855,0.3319220249276436,0.5664040452460706,0.24687365358493152,71
chr03,11214866,0.0006158536585365855,0.3319220249276436,0.5664040452460706,0.24687365358493152,71
chr03,11264143,0.0007592592592592593,0.4542486791700598,0.5027140424658263,0.29867898332127163,67
chr03,11278336,-0.0006668103448275863,0.37847696599425035,0.5405034973002776,0.2672014916213124,69
chr03,11278337,-0.0006668103448275863,0.37847696599425035,0.5405034973002776,0.2672014916213124,69
chr03,11368336,-0.0006741935483870967,0.40142268501279726,0.5284500800705889,0.2769960319589088,71
chr03,11373002,0.0009785714285714285,0.7383218191116101,0.3935631824827409,0.4049855362378222,63
chr03,11386755,-0.001214285714285714,1.1168763700409277,0.29475952241190545,0.5305321558201722,63
chr03,11386775,-0.001214285714285714,1.1168763700409277,0.29475952241190545,0.5305321558201722,63
chr03,11406854,-0.0006741935483870967,0.40142268501279726,0.5284500800705889,0.2769960319589088,71
chr03,11417710,0.0004977895667550843,0.19975286734795403,0.6563836270091195,0.18284226062972508,68
chr03,11424088,0.000586617405582923,0.29807187366706017,0.586854619409355,0.2314694725312365,71
chr03,11428604,-0.0008489278752436654,0.5581396513914818,0.45779006624903995,0.33933363547107315,65
chr03,11439512,0.0005292682926829271,0.24484259090545238,0.6223021666350699,0.20599868695379542,71
chr03,11441008,-0.0006913793103448276,0.4011399144727195,0.528657257479495,0.27682580136184676,69
chr03,11443877,-0.0005614111498257845,0.2610175937967895,0.6111013218234825,0.21388677689214586,69
chr03,11452187,0.0005706476030277547,0.27532230149099773,0.6014901525460434,0.2207714784320707,70
chr03,11491900,0.0004364111498257841,0.15709000156342148,0.693109440544817,0.1591981857747529,69
chr03,11538974,-0.0006803571428571428,0.3742196828332151,0.5428146971504306,0.2653484019759705,68
chr03,11542254,0.0005292682926829271,0.24484259090545238,0.6223021666350699,0.20599868695379542,71
chr03,11542391,0.0005292682926829271,0.24484259090545238,0.6223021666350699,0.20599868695379542,71
chr03,11544962,0.00039094827586206904,0.12689946723296852,0.7227880077249262,0.14098906173105044,69
chr03,11561246,0.0006740958788898242,0.3889639332205195,0.5349310429330181,0.27170219854671146,70
chr03,11580204,0.0006320166320166325,0.281092548871664,0.597910737731653,0.22336364712219658,63
chr03,11585225,0.0007926829268292687,0.4849466027284025,0.48867303711465915,0.31098162282033026,67
chr03,11635662,0.0004987541528239204,0.2127297271370204,0.6460868793714053,0.1897090784528765,71
chr03,11635787,0.00039611562782294505,0.12872338027855892,0.7209045513935322,0.14212223257207313,68
chr03,11641049,0.0005430663221360896,0.24336503305051774,0.6233756949194486,0.20525013463559996,70
chr03,11641266,0.0004464285714285717,0.16410706066152855,0.6867131446389685,0.1632246395294373,68
chr03,11645072,0.00039463414634146357,0.11729429730314705,0.7331100226778889,0.13483084301751708,66
chr03,11645152,0.00039463414634146357,0.11729429730314705,0.7331100226778889,0.13483084301751708,66
chr03,11645162,0.00039463414634146357,0.11729429730314705,0.7331100226778889,0.13483084301751708,66
chr03,11645296,0.0004987541528239204,0.2127297271370204,0.6460868793714053,0.1897090784528765,71
chr03,11650200,0.0007061717352415029,0.4015805871248832,0.5284316012256995,0.2770112186359233,69
chr03,11673723,-0.0005430663221360898,0.24336503305051774,0.6233756949194486,0.20525013463559996,70
chr03,11673726,0.0007223255813953492,0.40387656912657804,0.5272914085624354,0.27794930480038316,68
chr03,11673728,0.0005430663221360896,0.24336503305051774,0.6233756949194486,0.20525013463559996,70
chr03,11770748,-0.0003081896551724139,0.07836689755816852,0.7803853352375263,0.10769090032987845,69
chr03,11770750,-0.0003770999115826707,0.11497048529807799,0.7356312467119386,0.13333983192667,68
chr03,11773215,-0.000382594417077176,0.12647702382990827,0.7231980704845142,0.1407427412426573,71
chr03,11773258,-0.000382594417077176,0.12647702382990827,0.7231980704845142,0.1407427412426573,71
chr03,11803934,0.0001865605658709105,0.02850992917542505,0.8664319570942053,0.06226553776117755,68
chr03,11804100,0.00017142857142857124,0.02371402258605305,0.8780847088959236,0.05646358565254104,68
chr03,11861907,-0.00018508771929824538,0.0282854527119632,0.8669537962590131,0.062004047350141964,68
chr03,11881056,-0.00019470142977291854,0.031936899727224785,0.8586975957832474,0.06615975305508177,70
chr03,11901781,0.0002211382113821134,0.042617955902515,0.8370542719789047,0.07724638279904518,71
chr03,11904494,-0.0002913763066202089,0.06961847009044728,0.792702959240416,0.10088952053829678,69
chr03,11918056,0.0005019305019305018,0.190637465848485,0.663879386904393,0.17791081575231957,65
chr03,11918079,0.000469924812030075,0.17151315681713772,0.6801552171138611,0.16739196634713752,66
chr03,11927999,0.0003291976840363935,0.09434434342814134,0.7596639029942798,0.11937850950837507,70
chr03,11956064,-0.00033082706766917285,0.085262846150862,0.7712325836848006,0.11281463027797604,66
chr03,12030650,-0.0007035323801513879,0.42389268667457386,0.5171951945247482,0.2863455189832142,70
chr03,12030670,0.0007035323801513883,0.42389268667457586,0.5171951945247482,0.2863455189832142,70
chr03,12068976,-0.0008553571428571428,0.6007612551494113,0.4410559355710153,0.35550632896899304,68
chr03,12154128,0.0005666666666666666,0.27384036835793485,0.6024683520661004,0.220065761838659,70
chr03,12164476,-0.0007211206896551723,0.4366240067301584,0.5110221104952304,0.29156030875309197,69
chr03,12164597,0.0006000841042893189,0.3045900923908339,0.5828283575845995,0.23445932573715436,70
chr03,12187331,-0.00023234524847428085,0.04501744008957201,0.8326258596852665,0.07955010492628753,68
chr03,12198454,-1.792114695340506e-06,2.551332415690993e-06,0.9987304403828505,0.0005517130266151313,67
chr03,12201671,4.166666666666678e-05,0.0014405762304922395,0.9698381934187891,0.013300716833807635,68
chr03,12201985,-0.0001166666666666666,0.010903458382757846,0.9171629002775373,0.037553521027374456,66
chr03,12206623,-0.0001378151260504201,0.016582413490431974,0.8979232682518794,0.04676077424428628,69
chr03,12206640,-0.0001378151260504201,0.016582413490431974,0.8979232682518794,0.04676077424428628,69
chr03,12234298,-0.0005523809523809519,0.2733106443831595,0.6027942646926658,0.2198308884479444,71
chr03,12234569,-0.0005523809523809519,0.2733106443831595,0.6027942646926658,0.2198308884479444,71
chr03,12234575,-0.0005523809523809519,0.2733106443831595,0.6027942646926658,0.2198308884479444,71
chr03,12237015,-0.00044607843137254866,0.17479371391012005,0.6772035125397493,0.1692807979454497,70
chr03,12237072,-0.00044607843137254866,0.17479371391012005,0.6772035125397493,0.1692807979454497,70
chr03,12262731,-0.00045924369747899147,0.18030509431003733,0.6724716701974396,0.1723260068438911,69
chr03,12317447,-0.0006427419354838711,0.3646496686648512,0.5479154405760209,0.2612864607215663,71
chr03,12317461,-6.363636363636345e-05,0.003374652964391609,0.9538510607934423,0.020519432974405286,68
chr03,12320515,-0.00046764946764946786,0.19255664314394882,0.6621883322935329,0.17901847575123653,70
chr03,12320594,0.0005977742448330687,0.31978265276017653,0.5735726001771454,0.2414116032888107,71
chr03,12360952,0.0009034455128205134,0.7289102581482615,0.39619094890013196,0.4020954502705362,71
chr03,12367109,0.0004571428571428565,0.15092351982526178,0.6990069976312328,0.15551847658991355,63
chr03,12367113,0.0004571428571428565,0.15092351982526178,0.6990069976312328,0.15551847658991355,63
chr03,12435779,0.00045416666666666663,0.17575248795316645,0.6763705941454007,0.16981528202934532,70
chr04,86523,-0.0015208333333333335,2.0492505067536597,0.15686141224220285,0.8044838793027556,70
chr04,86524,-0.0015208333333333335,2.0492505067536597,0.15686141224220285,0.8044838793027556,70
chr04,114879,-0.001375226860254084,1.5120813943762257,0.22325419391029047,0.6512003739848184,67
chr04,133494,-0.0012555831265508687,1.3987295267338486,0.24105516057240367,0.6178835665907314,70
chr04,144231,-0.0013584677419354845,1.6593290762521846,0.20199702737508113,0.6946550216627735,71
chr04,163248,0.001492481203007519,1.8797660601625352,0.1751494958980997,0.7565911082976943,66
chr04,163280,0.001492481203007519,1.8797660601625352,0.1751494958980997,0.7565911082976943,66
chr04,300732,0.001733590733590734,2.375445269286707,0.12826474427554668,0.8918927003724312,65
chr04,346136,0.0018085365853658536,2.9714086275190783,0.08922626577273088,1.0495072823836422,71
chr04,516802,0.0013946886446886447,1.5384567162799814,0.21923909457323623,0.6590820001715362,68
chr04,557837,-0.0018065601345668642,2.863038492841938,0.09521407870475204,1.0212988304839907,70
chr04,602284,-0.0018033661740558288,2.923679007905904,0.0917823429843272,1.037240859997465,71
chr04,667071,-0.001991300366300366,3.2538600555384485,0.07588939923476043,1.1198188851767445,67
chr04,667154,-0.001991300366300366,3.2538600555384485,0.07588939923476043,1.1198188851767445,67
chr04,680839,-0.0018033661740558288,2.923679007905904,0.0917823429843272,1.037240859997465,71
chr04,686914,-0.001635365853658537,2.4106870927238977,0.12508447138099318,0.9027966024740113,71
chr04,692203,-0.0016043859649122808,2.168332654147503,0.1456318890006223,0.8367435171891071,68
chr04,695519,-0.0015728070175438597,2.0915332189893676,0.15284976024089095,0.8157352381687705,68
chr04,706803,-0.001616129032258065,2.372167229932581,0.128089262911431,0.8924872734852303,71
chr04,774758,-0.0016563063063063065,2.313923545239768,0.1330701175172588,0.8759194595847587,67
chr04,788936,-0.0014871794871794877,1.9459432391492144,0.16763208630589607,0.7756428498353581,69
chr04,811446,-0.0016827956989247323,2.5197421503723274,0.11706840440825797,0.9315603008513481,70
chr04,861502,-0.0017787828947368428,2.8704002516157865,0.09479826375827112,1.0231996167453434,70
chr04,950179,-0.0015999999999999999,2.249531562964402,0.13828366283189558,0.8592291254659593,70
chr04,998453,-0.0020259259259259262,3.3796215886471885,0.07057680075565363,1.151338032086229,67
chr04,1002244,0.0015166666666666668,2.0350499946242318,0.15828450047581927,0.8005616100105869,70
chr04,1040125,-0.00183739837398374,3.0712597528512977,0.08412996168602171,1.0750493088682136,71
chr04,1051051,0.0016576354679802955,2.454117064115285,0.12179207323576549,0.914380976579926,71
chr04,1051202,-0.0016576354679802955,2.454117064115285,0.12179207323576549,0.914380976579926,71
chr04,1096159,-0.0016149425287356328,2.225647117167953,0.14050044003508416,0.8523223155844555,68
chr04,1096237,-0.00189009009009009,2.9371696009300092,0.0913278526608728,1.0393967535477246,67
chr04,1176538,-0.0010441176470588234,0.8749510995399802,0.35310438500655794,0.4520968891422939,66
chr04,1184177,-0.0011475694444444441,1.1207533763446407,0.2936155424353229,0.532220958922048,68
chr04,1185065,-0.0012968749999999999,1.4524474871679496,0.23243906358710864,0.6336908828450811,68
chr04,1198746,-0.0012285353535353536,1.2941873357280778,0.2593296951303768,0.5861477505161617,69
chr04,1203270,-0.0010644144144144143,0.972164698595006,0.32779697471441094,0.48439505891347706,67
chr04,1203326,-0.0011882239382239384,1.1355793682225455,0.2906554110776099,0.5366215874529149,65
chr04,1203483,-0.0013917112299465248,1.6186769742199563,0.20780902805936047,0.6823355888712722,67
chr04,1203504,-0.0013917112299465248,1.6186769742199563,0.20780902805936047,0.6823355888712722,67
chr04,1203509,-0.0012753246753246757,1.3827611586888529,0.243855665500755,0.6128671499878033,68
chr04,1209660,0.00150445632798574,1.8496264701948752,0.1785253923770323,0.7483000037258575,67
chr04,1298109,0.0013441176470588242,1.3682470872467827,0.24659040741188334,0.6080238218567345,64
chr04,1327288,-0.0018345588235294118,2.7890233749532483,0.09979638874407713,1.0008851739119877,66
chr04,1332928,0.0017559808612440185,2.851105007312563,0.09582610279920546,1.018516174037047,71
chr04,1345390,0.0015972222222222214,2.2517867105927367,0.13815825298377987,0.8596231670756671,69
chr04,1357543,-0.0014527629233511592,1.7688525004898459,0.18817228580333176,0.7254443395112369,67
chr04,1420299,0.0016714285714285718,2.5132893415268933,0.11752991977666127,0.9298515602874563,70
chr04,1420523,0.001560924369747899,2.1520565158171934,0.14705751811428652,0.8325127678785285,69
chr04,1421239,-0.0016785714285714288,2.461456389570602,0.12138165727871737,0.915846937185901,69
chr04,1421335,0.001661764705882353,2.3949359174742093,0.1265107670412915,0.8978725111076967,68
chr04,1421345,0.001661764705882353,2.3949359174742093,0.1265107670412915,0.8978725111076967,68
chr04,1425943,-0.0016230158730158725,2.433090064848878,0.1233736998221796,0.9087774111249672,71
chr04,1434172,-0.00172415329768271,2.5440669685425794,0.11556049885184222,0.9371905920603195,67
chr04,1461716,-0.0014488124488124495,1.86430102186467,0.17662920900772533,0.7529374759456522,70
chr04,1461896,-0.00144435612082671,1.9097559538985478,0.17144816002227303,0.7658671713624611,71
chr04,1461944,0.0014443561208267097,1.909755953898543,0.1714481600222739,0.7658671713624589,71
chr04,1535620,0.0017486388384754994,2.5177436985940806,0.11742475044307338,0.9302403541279907,67
chr04,1550113,0.001811677631578948,2.9491892299586975,0.09047216476168096,1.0434850180307658,70
chr04,1550226,0.0017543859649122807,2.8457147388433373,0.09613425378134201,1.0171218404519797,71
chr04,1550270,0.0017543859649122807,2.8457147388433373,0.09613425378134201,1.0171218404519797,71
chr04,1551013,0.0018627450980392157,2.923759666196508,0.0920543085783923,1.0359558796419914,67
chr04,1552876,0.0016418918918918925,2.4879714928361922,0.11929352754770116,0.9233831190000067,71
chr04,1569357,0.0015113636363636369,2.011718416262632,0.16072322454150512,0.7939213630533964,69
chr04,1594986,0.0016477272727272734,2.3642014135521077,0.12885696803857793,0.8898920916735646,69
chr04,1595010,-0.0015607142857142855,2.243922468484932,0.1387013968490525,0.8579191651647771,71
chr04,1595016,-0.0015607142857142855,2.243922468484932,0.1387013968490525,0.8579191651647771,71
chr04,1605828,-0.0014478609625668455,1.73439381087944,0.19247492841292335,0.7156258332258622,67
chr04,1681878,-0.0024440706476030294,5.436897335171744,0.022685770072367144,1.6442464739468572,70
chr04,1681927,-0.0017436974789915964,2.7002239680702185,0.10501936374973689,0.9787306171746084,69
chr04,1681955,-0.0017436974789915964,2.7002239680702185,0.10501936374973689,0.9787306171746084,69
chr04,1682112,-0.00169853709508882,2.145547552453343,0.1482044875601316,0.8291386459309427,62
chr04,1688913,-0.001693243243243243,2.4177654300506424,0.12482184931257533,0.9037093873672398,67
chr04,1688929,-0.001693243243243243,2.4177654300506424,0.12482184931257533,0.9037093873672398,67
chr04,1688982,0.0016932432432432427,2.4177654300506375,0.12482184931257533,0.9037093873672398,67
chr04,1713964,-0.0016008403361344535,2.2839264556757066,0.135422987475494,0.8683076097542882,69
chr04,1714251,0.0016029411764705882,2.22353101304947,0.14068616829684952,0.8517485985683647,68
chr04,1714299,0.0016029411764705882,2.22353101304947,0.14068616829684952,0.8517485985683647,68
chr04,1739760,-0.001825980392156862,3.078676881148758,0.08382973298271812,1.0766019171684549,70
chr04,1842240,-0.0015824372759856633,2.072130608238335,0.1548105634398984,0.810199408723306,67
chr04,1842756,0.0015888888888888888,2.328428605426467,0.1316010343665778,0.8807406972119448,71
chr04,1864817,-0.0011640552995391708,1.2717184265257928,0.2636546039689324,0.5789646405629569,66
chr04,1864841,-0.0011640552995391708,1.2717184265257928,0.2636546039689324,0.5789646405629569,66
chr04,1864846,-0.0011640552995391708,1.2717184265257928,0.2636546039689324,0.5789646405629569,66
chr04,1900186,0.00134930384930385,1.6107117069268797,0.2087186257779082,0.6804387933321175,70
chr04,1900216,0.00134930384930385,1.6107117069268797,0.2087186257779082,0.6804387933321175,70
chr04,1900349,0.0015203463203463214,1.9755748409033893,0.16454742561776875,0.78370890795328,68
chr04,1911706,-0.001331478537360891,1.6162033945091603,0.20789088137235448,0.6821645595214376,71
chr04,1924390,-0.001833478639930253,2.903759784061933,0.0930774047128118,1.0311557346957765,68
chr04,1924463,0.0016189516129032258,2.380746625736122,0.12741298879815,0.8947862966802101,71
chr04,1924465,-0.0016189516129032258,2.380746625736122,0.12741298879815,0.8947862966802101,71
chr04,1925464,0.001749019607843137,2.3717163107910415,0.12863978951826596,0.890624679192098,64
chr04,1930840,-0.0016646191646191653,2.48216850395955,0.11978476929067855,0.921598399254905,70
chr04,1947862,-0.0013402777777777777,1.580771998140448,0.21308046453868798,0.6714563650767663,68
chr04,2070980,0.0002586363636363632,0.05282814120822536,0.8189134723753408,0.08676198402120602,69
chr04,2102902,0.0004274418604651162,0.13934794422216973,0.7101264295683394,0.1486643234277406,68
chr04,2224835,-0.0005989743589743591,0.25468695438347144,0.6155830488167446,0.21071334775334133,64
chr04,2225245,0.000532051282051282,0.20863965772110518,0.64940676068813,0.1874831944376655,65
chr04,2275548,-0.0006474358974358975,0.37242401222137783,0.54369072801034,0.26464807330375417,71
chr04,2275660,-0.0006474358974358975,0.37242401222137783,0.54369072801034,0.26464807330375417,71
chr04,2303419,-0.00032222222222222217,0.08316774159654115,0.7739815672429682,0.1112693821336305,66
chr04,2316052,0.0008712121212121209,0.649403554511688,0.42317696959371776,0.3734779757803528,69
chr04,2406463,0.0006290322580645163,0.3392862493632573,0.5621966888925201,0.2501117165370842,69
chr04,2407782,0.0005392886683209267,0.253781868938545,0.6160528591151024,0.21038202251558194,70
chr04,2428290,-0.0006758814102564104,0.4060651144478311,0.5260822636719344,0.278946339752456,71
chr04,2428444,-0.0005392886683209267,0.253781868938545,0.6160528591151024,0.21038202251558194,70
chr04,2558670,0.0008692434210526321,0.6641166167199803,0.41795544225312964,0.37887001539017734,70
chr04,2558738,0.0008692434210526321,0.6641166167199803,0.41795544225312964,0.37887001539017734,70
chr04,2564307,0.0007352472089314194,0.4833791404841901,0.48923056157681244,0.3104864209947165,71
chr04,2624543,-0.0010931966449207828,0.9420954356060739,0.33539358303357825,0.47444525085267397,66
chr04,2624551,-0.0010931966449207828,0.9420954356060739,0.33539358303357825,0.47444525085267397,66
chr04,2624577,-0.0010931966449207828,0.9420954356060739,0.33539358303357825,0.47444525085267397,66
chr04,2626022,-0.0010065387968613774,0.8608669129196976,0.3568769927041473,0.4474814494209374,68
chr04,2626143,-0.0010065387968613774,0.8608669129196976,0.3568769927041473,0.4474814494209374,68
chr04,2651616,-0.0011626344086021504,1.1636487770587496,0.28469693807830504,0.5456172036744252,67
chr04,2700233,0.0002771381578947367,0.07000502328509978,0.7921297871179661,0.10120365526498738,70
chr04,2706697,0.00027020202020202043,0.061473559732972846,0.804940207070636,0.09423637889142264,69
chr04,2706715,0.00027099567099567125,0.060091215880521014,0.8071124356206782,0.09306596122798695,68
chr04,2706721,0.00027020202020202043,0.061473559732972846,0.804940207070636,0.09423637889142264,69
chr04,2706785,0.00027020202020202043,0.061473559732972846,0.804940207070636,0.09423637889142264,69
chr04,2728347,-0.00010606060606060643,0.009833173280925473,0.9213011130439633,0.035598404156318486,70
chr04,2754718,0.0001241776315789472,0.013278063591033583,0.9086020361419733,0.04162629428318829,70
chr04,2754829,0.0001241776315789472,0.013278063591033583,0.9086020361419733,0.04162629428318829,70
chr04,2841875,-0.0005917338709677417,0.299593754708612,0.5861343174975971,0.2320028504260463,63
chr04,2842392,-0.00011218487394957979,0.010610300698060234,0.9182656524162176,0.03703166009668399,69
chr04,2856064,-9.563492063492057e-05,0.008161061894320367,0.9282798820603361,0.03232106159544227,71
chr04,2882434,-9.563492063492057e-05,0.008161061894320367,0.9282798820603361,0.03232106159544227,71
chr04,2899854,9.563492063492057e-05,0.008161061894320367,0.9282798820603361,0.03232106159544227,71
chr04,2899926,9.563492063492057e-05,0.008161061894320367,0.9282798820603361,0.03232106159544227,71
chr04,2899928,9.563492063492057e-05,0.008161061894320367,0.9282798820603361,0.03232106159544227,71
chr04,2899930,9.563492063492057e-05,0.008161061894320367,0.9282798820603361,0.03232106159544227,71
chr04,2943036,-9.563492063492057e-05,0.008161061894320367,0.9282798820603361,0.03232106159544227,71
chr04,2943283,-4.243697478991586e-05,0.0015344781479188399,0.9688694166152706,0.013734752840893856,69
chr04,2946958,0.00016176470588235276,0.020553244288737955,0.8864531299331192,0.05234422221708072,66
chr04,2987997,-3.839869281045763e-05,0.0012977662621982086,0.971368349766924,0.012616051311314495,70
chr04,3061023,9.563492063492057e-05,0.008161061894320367,0.9282798820603361,0.03232106159544227,71
chr04,3061071,9.563492063492057e-05,0.008161061894320367,0.9282798820603361,0.03232106159544227,71
chr04,3098590,-0.00010294117647058823,0.00894254539019228,0.9249468403874402,0.03388322681753102,68
chr04,3150578,0.00019281045751633953,0.03225172389567393,0.8580103710091193,0.06650746268181768,70
chr04,3188985,-9.201388888888859e-05,0.007436174679070081,0.9315420719139651,0.030797525966380395,68
chr04,3192102,-0.00017499999999999997,0.0250648684867317,0.8746963716238445,0.058142674991730495,67
chr04,3196564,0.00012380952380952376,0.013679067732999034,0.9072334616856305,0.04228093997958177,71
chr04,3196893,8.571428571428564e-05,0.0063799843627834925,0.9365714357699162,0.02845909177780816,70
chr04,3246763,0.000200168918918919,0.0359257869212816,0.8502418773698176,0.07045750832827985,69
chr04,3313163,-0.00029248366013071865,0.0742143675487817,0.7861222094526135,0.10450993390306193,70
chr04,3386201,-8.960573476702517e-05,0.006482614923298618,0.9360753066511867,0.028689211147079494,67
chr04,3412075,-0.00010606060606060621,0.009150220002100813,0.9240920579342989,0.034284762263225084,66
chr04,3459803,0.000427787162162162,0.15549948134552177,0.6945866864380041,0.15827354532978072,69
chr04,3588543,0.00038213399503722053,0.12520404586423875,0.7245521995952633,0.139930320780049,70
chr04,3781083,0.00046764946764946765,0.19255664314394735,0.6621883322935329,0.17901847575123653,70
chr04,3799308,-0.0007085585585585584,0.40778569757342165,0.5253392728987049,0.2795601313391904,67
chr04,3799325,0.0007085585585585582,0.40778569757342165,0.5253392728987049,0.2795601313391904,67
chr04,3816917,0.0009913419913419918,0.841296684094581,0.36236579380058864,0.44085280510336083,68
chr04,3837268,-0.0012137254901960783,1.130475835703801,0.29179760573126434,0.5349182759174337,64
chr04,3837315,-0.0012137254901960783,1.130475835703801,0.29179760573126434,0.5349182759174337,64
chr04,3839048,0.001052584670231729,0.9191104434504955,0.34126118464831334,0.4669131059542826,67
chr04,3846411,-0.0006605042016806717,0.3781147422514448,0.5406967890375907,0.2670462095022312,69
chr04,3918891,0.0005461469534050179,0.24498354492458008,0.6222986872665635,0.2060011151548337,67
chr04,4007134,-0.00040053763440860206,0.13153873240110586,0.7180186074829455,0.14386430085177615,67
chr04,4044858,-0.0005689189189189184,0.26549308341715927,0.6081191935025267,0.2160112891367624,67
chr04,4044922,-0.00043947368421052603,0.15990872092124175,0.6905318481020614,0.16081628647562024,68
chr04,4045080,-0.0005439189189189188,0.25274302278097877,0.6167987833952495,0.20985649158039854,69
chr04,4176233,0.0009244421906693715,0.6337441650863562,0.42907249526210467,0.3674693240568056,63
chr04,4182811,0.0007760032760032765,0.5244388053321319,0.4714385831844503,0.3265748770972355,70
chr04,4375630,0.0008619047619047619,0.5771000703499936,0.4502846347941699,0.34651287235298295,65
chr04,4377112,-0.0008798319327731089,0.6696226394038729,0.4160841077524515,0.3808188716793485,69
chr04,4397056,0.0010749601275917068,1.0415513181491283,0.3110259608755256,0.5072033595441167,71
chr04,4425550,0.0012319819819819815,1.2344990386900816,0.2706269319466205,0.5676289859579431,67
chr04,4425607,0.0012319819819819815,1.2344990386900816,0.2706269319466205,0.5676289859579431,67
chr04,4445130,0.0010896381578947374,1.0375041014142947,0.31201302630508304,0.5058272741407799,70
chr04,4505710,0.0009529356943150048,0.7106170805636997,0.4023785475819528,0.3953651813197519,66
chr04,4505765,0.0009529356943150048,0.7106170805636997,0.4023785475819528,0.3953651813197519,66
chr04,4535636,-0.0019713804713804716,3.2698098763645445,0.07575098120524115,1.1206117373568523,60
chr04,4546635,-0.0010749601275917065,1.0415513181491283,0.3110259608755256,0.5072033595441167,71
chr04,4619732,0.0010749601275917068,1.0415513181491283,0.3110259608755256,0.5072033595441167,71
chr04,4619765,0.0012129402129402134,1.3167323795942907,0.25520054171407647,0.5931184080731932,70
chr04,4619864,0.0012129402129402134,1.3167323795942907,0.25520054171407647,0.5931184080731932,70
chr04,4658543,0.0014578853046594976,1.772840547072209,0.18768173566231497,0.726577988897129,67
chr04,4676364,-0.0012765765765765766,1.340878610274066,0.25111624604875404,0.6001251895527466,67
chr04,4752123,0.0010387096774193548,0.750870594650728,0.3897110954979174,0.4092572291959629,61
chr04,4758618,0.0008462184873949579,0.6187868143992755,0.4342720608239117,0.3622381103575836,69
chr04,4758676,0.0008462184873949579,0.6187868143992755,0.4342720608239117,0.3622381103575836,69
chr04,4758678,0.0008462184873949579,0.6187868143992755,0.4342720608239117,0.3622381103575836,69
chr04,4759483,0.0008096638655462183,0.5580796535222603,0.4576487157557795,0.33946775200826146,69
chr04,4778001,-0.0009082719082719087,0.7321027523870617,0.3952073463569352,0.40317499107675375,70
chr04,4783126,0.0007638888888888886,0.5093286122838074,0.47787203363443753,0.32068838482474604,70
chr04,4788742,-0.0007567567567567571,0.5139345262037557,0.47586030617663044,0.32252052030614164,71
chr04,4833549,0.0016428571428571425,2.4520389577811983,0.12201447530588817,0.9135886433207343,70
chr04,4854779,-0.001733511586452763,2.4800512489100335,0.1201536322117996,0.9202630960569309,67
chr04,4854880,-0.0016666666666666668,2.2324980684740376,0.14004951397979618,0.8537183939897087,66
chr04,4854924,-0.0016666666666666668,2.2324980684740376,0.14004951397979618,0.8537183939897087,66
chr04,4904209,0.0017055417700578988,2.584528072741595,0.11254629382775565,0.9486688018332182,70
chr04,4907585,0.0016320836965998252,2.281161120122421,0.1357269114040031,0.8673340335819081,68
chr04,4911996,-0.0016478494623655912,2.2726406556076864,0.1365205542340999,0.8648019572794031,67
chr04,4912015,-0.001665789473684211,2.3639738100174448,0.12894622201680567,0.8895913776926974,68
chr04,4912051,-0.0016303056027164688,2.3387307539622624,0.1309002048919905,0.8830596736677987,69
chr04,4933025,0.001891025641025641,3.149687136686752,0.08048405938229049,1.0942901271829233,69
chr04,4946123,0.0021402116402116393,3.383654600573436,0.07079472999566061,1.14999907026206,62
chr04,4956492,0.0017020161290322584,2.6409048792920635,0.10870367852949392,0.9637557591517032,71
chr04,4987072,-0.0017020161290322584,2.6409048792920635,0.10870367852949392,0.9637557591517032,71
chr04,4987218,0.002,3.4583960562150233,0.06738893672709984,1.1714113959386738,68
chr04,4987224,0.002,3.4583960562150233,0.06738893672709984,1.1714113959386738,68
chr04,5006896,-0.0016458333333333331,2.3827527838683333,0.1273225278891314,0.8950947473884355,70
chr04,5009190,0.00160650406504065,2.323507783930092,0.13200293816212486,0.8794164020259945,71
chr04,5016282,0.002176190476190476,3.9577769529163174,0.05100085567908909,1.2924225373610987,65
chr04,5036099,-0.0018663793103448276,3.0375734761102016,0.08594534637059235,1.0657776338144824,69
chr04,5036656,-0.0019252873563218394,3.1579996011875178,0.08016347219713302,1.09602348005721,68
chr04,5036967,-0.001673387096774194,2.549553400539477,0.11489555037428158,0.9396967901569286,71
chr04,5037506,-0.0017278742762613724,2.6585367346087643,0.10761911553097314,0.9681105815294081,70
chr04,5055908,-0.0016583333333333333,2.422500038232935,0.12424617710665084,0.9057169650656824,70
chr04,5148553,-0.001715789473684211,2.528703360216657,0.11657112279207497,0.9334090204628722,68
chr04,5168001,0.0016256366723259763,2.2839539705667486,0.13542067247714137,0.868315033897134,69
chr04,5258058,-0.0019999999999999996,3.608463970637003,0.061728154250364126,1.209516708791292,70
chr04,5306447,0.0018951219512195118,3.276571483675154,0.07463005487572011,1.1270862390413536,71
chr04,5306511,0.0018951219512195118,3.276571483675154,0.07463005487572011,1.1270862390413536,71
chr04,5312286,-0.0019374999999999993,3.347359491971213,0.0716968979775268,1.1444996340168034,70
chr04,5312327,-0.0019374999999999993,3.347359491971213,0.0716968979775268,1.1444996340168034,70
chr04,5312330,-0.0019374999999999993,3.347359491971213,0.0716968979775268,1.1444996340168034,70
chr04,5344089,0.002266666666666667,4.353750036779491,0.040916801303955135,1.3880983248704346,66
chr04,5344247,0.0023160919540229884,4.3996198834495575,0.039965101419136236,1.3983190805868768,65
chr04,5344249,0.0023160919540229884,4.3996198834495575,0.039965101419136236,1.3983190805868768,65
chr04,5344287,0.0023160919540229884,4.3996198834495575,0.039965101419136236,1.3983190805868768,65
chr04,5344288,0.0023160919540229884,4.3996198834495575,0.039965101419136236,1.3983190805868768,65
chr04,5350012,-0.0020833333333333346,4.061271318278714,0.047774892829321056,1.3208002784997772,71
chr04,5350021,-0.0020833333333333346,4.061271318278714,0.047774892829321056,1.3208002784997772,71
chr04,5377544,-0.0021509856630824373,4.019995971106796,0.04913174677912609,1.3086377951354842,67
chr04,5377565,-0.0021509856630824373,4.019995971106796,0.04913174677912609,1.3086377951354842,67
chr04,5377604,-0.0021509856630824373,4.019995971106796,0.04913174677912609,1.3086377951354842,67
chr04,5381520,-0.0019310483870967744,3.437262462227176,0.06801573855584915,1.1673905817484276,71
chr04,5395093,-0.0021352087114337565,3.876662663139979,0.05322801146551631,1.2738597582436428,67
chr04,5395192,0.002135208711433756,3.876662663139979,0.05322801146551631,1.2738597582436428,67
chr04,5395225,0.002135208711433756,3.876662663139979,0.05322801146551631,1.2738597582436428,67
chr04,5400239,-0.001730327144120248,2.5756071480756413,0.1132972938402468,0.945780463342991,68
chr04,5400279,-0.0018820512820512819,3.104822865038461,0.082622103178514,1.0829037540798694,69
chr04,5400418,-0.0017463369963369958,2.532291479674254,0.1163902946709398,0.9340832322856659,67
chr04,5400421,-0.0017463369963369958,2.532291479674254,0.1163902946709398,0.9340832322856659,67
chr04,5400460,-0.001730327144120248,2.5756071480756413,0.1132972938402468,0.945780463342991,68
chr04,5400466,-0.001730327144120248,2.5756071480756413,0.1132972938402468,0.945780463342991,68
chr04,5400487,-0.001730327144120248,2.5756071480756413,0.1132972938402468,0.945780463342991,68
chr04,5405717,0.001864601018675722,3.0924998001767947,0.08322028784423176,1.0797707863928034,69
chr04,5405741,0.0018217535153019027,3.0245819632662885,0.08653669771145911,1.0627996817401937,70
chr04,5433308,0.0019420226678291189,3.264389920991569,0.07535792005572067,1.1228710969560112,68
chr04,5452793,0.001641366223908918,2.137741723342085,0.14868396340875023,0.8277358706082748,65
chr04,5452814,0.001641366223908918,2.137741723342085,0.14868396340875023,0.8277358706082748,65
chr04,5452847,0.001641366223908918,2.137741723342085,0.14868396340875023,0.8277358706082748,65
chr04,5467973,-0.001677867383512545,2.3402068595677203,0.13092523119499028,0.8829766505246635,67
chr04,5496690,0.001732291666666667,2.2657173511864808,0.13751148650978193,0.8616610231467384,62
chr04,5496729,-0.001732291666666667,2.2657173511864808,0.13751148650978193,0.8616610231467384,62
chr04,5496731,-0.001732291666666667,2.2657173511864808,0.13751148650978193,0.8616610231467384,62
chr04,5496946,0.0014907094594594592,1.972607576940624,0.1647904172150792,0.7830680467142411,69
chr04,5496992,0.0013840453356582386,1.6650674304493056,0.20142298776442386,0.6958909663070846,68
chr04,5505828,-0.0014041769041769048,1.7494254868435168,0.19038009898984476,0.7203784517005635,70
chr04,5532836,0.0013226381461675582,1.4787242686898976,0.22837201500874035,0.6413571161526178,67
chr04,5532865,0.0013226381461675582,1.4787242686898976,0.22837201500874035,0.6413571161526178,67
chr04,5545122,0.001573529411764706,2.095293289040968,0.1524869040450652,0.8167674530069319,68
chr04,5545130,0.001573529411764706,2.095293289040968,0.1524869040450652,0.8167674530069319,68
chr04,5584716,0.0014750204750204755,1.9342948672554157,0.16882397611785477,0.7725658755050949,70
chr04,5585072,0.001677855274629468,2.405327451580628,0.12570512380490734,0.9006470198888551,68
chr04,5657593,-0.0016401515151515146,2.379884274791322,0.12761695251845315,0.8940916305036443,69
chr04,5721729,-0.0012684210526315793,1.388018088109169,0.2429705882461034,0.6144462948605408,68
chr04,5721775,-0.0012684210526315793,1.388018088109169,0.2429705882461034,0.6144462948605408,68
chr04,5721786,-0.0012684210526315793,1.388018088109169,0.2429705882461034,0.6144462948605408,68
chr04,5721787,-0.0012684210526315793,1.388018088109169,0.2429705882461034,0.6144462948605408,68
chr04,5721816,-0.0012684210526315793,1.388018088109169,0.2429705882461034,0.6144462948605408,68
chr04,5728415,0.001315304487179488,1.5634708622733968,0.21538161114994175,0.666791378647234,71
chr04,5728524,-0.0013153044871794877,1.5634708622733968,0.21538161114994175,0.666791378647234,71
chr04,5728550,-0.0014871794871794872,1.9787186191155188,0.16407936666439443,0.7849460289847019,70
chr04,5728560,-0.0014871794871794872,1.9787186191155188,0.16407936666439443,0.7849460289847019,70
chr04,5792632,0.0014791666666666664,1.941858670793129,0.16800493769811717,0.7746779540864414,70
chr04,5793663,-0.0013643507030603808,1.6355570243702389,0.20528344599844717,0.6876460706069634,70
chr04,5880826,0.0010999999999999998,1.0444579023782643,0.31040910467188776,0.5080655488482227,70
chr04,5880908,-0.001392572944297082,1.6194031462867728,0.2076399171394925,0.6826891531021286,68
chr04,5896977,0.0011158536585365853,1.1017707836761714,0.2975404067432585,0.5264540476362232,71
chr04,6015385,0.0010446428571428573,0.900005917198669,0.3462410092284949,0.46062149501961874,68
chr04,6021552,0.0008433277027027025,0.6114008906727746,0.4370154396703546,0.3595032192190829,69
chr04,6021685,0.0008643092105263161,0.6595347669595969,0.4195581765900781,0.3772078107106796,70
chr04,6042619,-0.0013134822167080232,1.5336804922342726,0.21981921113384226,0.6579343550206873,70
chr04,6058848,0.0011859243697478988,1.0019478504726738,0.3208595358413664,0.49368504908980765,62
chr04,6134092,0.0010121527777777776,0.8578841301520101,0.35770604087825597,0.44647372549838993,68
chr04,6137932,-0.0008484405458089667,0.5468270735410558,0.4623636211365796,0.3350163436211884,65
chr04,6170475,-0.0010125000000000002,0.8962556574948113,0.3471398273545845,0.4594955568614146,70
chr04,6170713,-0.0008431451612903229,0.6298900776659379,0.4301165692103619,0.3664138269692163,71
chr04,6173426,-0.0014889478337754207,2.1476666233002124,0.14753475948337175,0.8311056469849634,68
chr04,6203409,0.0007634408602150536,0.5105041123918209,0.4773663828844402,0.3211481681567556,70
chr04,6216441,-0.000604166666666667,0.3240819938695763,0.5710133996887434,0.2433537002609832,71
chr04,6216542,-0.0007634408602150536,0.5105041123918209,0.4773663828844402,0.3211481681567556,70
chr04,6216609,-0.0007634408602150536,0.5105041123918209,0.4773663828844402,0.3211481681567556,70
chr04,6231649,-0.0003785714285714283,0.11483079414785781,0.7358368727106073,0.13321845350744338,65
chr04,6238835,0.0006888794567062818,0.4073291604391655,0.5255037488668399,0.2794241814314105,69
chr04,6248849,0.0007634408602150536,0.5105041123918209,0.4773663828844402,0.3211481681567556,70
chr04,6248889,0.0007634408602150536,0.5105041123918209,0.4773663828844402,0.3211481681567556,70
chr04,6248920,0.000604166666666667,0.3240819938695763,0.5710133996887434,0.2433537002609832,71
chr04,6258817,0.0007634408602150536,0.5105041123918209,0.4773663828844402,0.3211481681567556,70
chr04,6259294,-0.0005822368421052631,0.29329625320951774,0.5898860002153754,0.2292319108343419,70
chr04,6259369,0.000604166666666667,0.3240819938695763,0.5710133996887434,0.2433537002609832,71
chr04,6286188,-0.001138980263157895,1.1578670649807543,0.2857113160462801,0.5440725583602324,70
chr04,6290531,-0.000963317384370016,0.8339608739683136,0.3643096525512841,0.43852932177421544,71
chr04,6295745,-0.0009904761904761907,0.7687377629813232,0.3839389451811428,0.4157378326093175,65
chr04,6333671,-0.0012880952380952381,1.2789936994714532,0.2623731292525729,0.5810806449628774,65
chr04,6381092,0.0012098214285714284,1.2006985467207874,0.2772255431043367,0.5571667570393344,67
chr04,6381113,-0.0012098214285714286,1.2006985467207874,0.2772255431043367,0.5571667570393344,67
chr04,6384805,-0.0011731418918918917,1.1936771208580859,0.27850206990862647,0.5551715726749781,69
chr04,6408211,0.0009633173843700156,0.8339608739683136,0.3643096525512841,0.43852932177421544,71
chr04,6408314,0.001037878787878788,0.9202723322043067,0.34085261056715066,0.4674333754206475,69
chr04,6433450,0.0008978537360890303,0.7256497802253159,0.39724385661984185,0.4009428104370924,71
chr04,6441812,-0.001122678396871945,0.9742159919669973,0.3274673182749275,0.4848320367442603,64
chr04,6471069,-0.0007777777777777774,0.5439811156933835,0.46328835026307635,0.3341486203236578,71
chr04,6488443,-0.0003602941176470588,0.10647713869020727,0.7452557330136695,0.12769467439412444,66
chr04,6490553,-0.0007777777777777774,0.5439811156933835,0.46328835026307635,0.3341486203236578,71
chr04,6490628,-0.0007777777777777774,0.5439811156933835,0.46328835026307635,0.3341486203236578,71
chr04,6493424,0.0007777777777777774,0.5439811156933835,0.46328835026307635,0.3341486203236578,71
chr04,6503152,-0.0009082719082719087,0.7321027523870617,0.3952073463569352,0.40317499107675375,70
chr04,6515039,-0.0009082719082719087,0.7321027523870617,0.3952073463569352,0.40317499107675375,70
chr04,6521519,-0.0010795454545454546,0.9018152883921469,0.34592428677402487,0.46101894581544967,65
chr04,6521792,-0.0009618055555555552,0.7789517336131159,0.3806652517325465,0.4194567650809961,68
chr04,6526024,-0.0007567567567567569,0.5139345262037557,0.47586030617663044,0.32252052030614164,71
chr04,6544884,0.0007567567567567566,0.5139345262037557,0.47586030617663044,0.32252052030614164,71
chr04,6603492,-0.0006628289473684213,0.3863410511321144,0.5363072973173559,0.270586293726659,70
chr04,6667954,0.000670833333333333,0.3887706058271423,0.535032263084235,0.2716200287133819,70
chr04,6684834,-0.0006931239388794565,0.4092945960409663,0.5245093999434158,0.280246724235009,69
chr04,6713762,0.0007208436724565756,0.45268602362114113,0.5033422615176282,0.29813660392957186,70
chr04,6742478,0.0009542925278219394,0.8208646986367086,0.3680804736467196,0.43405722089185744,71
chr04,6742522,0.0009542925278219394,0.8208646986367086,0.3680804736467196,0.43405722089185744,71
chr04,6742523,0.0009542925278219394,0.8208646986367086,0.3680804736467196,0.43405722089185744,71
chr04,6742725,0.0009542925278219394,0.8208646986367086,0.3680804736467196,0.43405722089185744,71
chr04,6763384,0.0009542925278219394,0.8208646986367086,0.3680804736467196,0.43405722089185744,71
chr04,6798747,-0.0009542925278219394,0.8208646986367086,0.3680804736467196,0.43405722089185744,71
chr04,6824517,0.0006156597774244828,0.33930036501540595,0.562132044423062,0.25016165697811404,71
chr04,6873432,0.0006407563025210077,0.3475035881490969,0.5575123656945846,0.2537454954665909,69
chr04,6875131,0.00026596638655462156,0.06377377777243405,0.801400939355096,0.09615015284854529,69
chr04,6903955,0.0005986607142857138,0.29607259733881797,0.5882168025216605,0.2304625739496317,67
chr04,6990709,-0.00017647058823529386,0.027465985411585566,0.8688771185470985,0.06104163955876326,68
chr04,7052210,0.0005073710073710071,0.22574250411442684,0.6362213997690922,0.19639172717249842,70
chr04,7096924,-0.0005805555555555551,0.30202766550873617,0.5843884646325374,0.23329836528373613,71
chr04,7107114,0.00013762626262626295,0.015946889683700012,0.8998876953511521,0.045811686485760894,69
chr04,7117419,0.00029325513196480933,0.06664236011983526,0.7971447569366472,0.09846280604391172,64
chr04,7118496,0.00016840277777777817,0.023185177621271598,0.8794410361588951,0.05579327335178727,68
chr04,7151914,0.00020000000000000028,0.03525291746458268,0.851625820075598,0.06975117984719095,70
chr04,7152092,6.746031746031763e-05,0.00406054775386194,0.9493754923744595,0.02256198355500246,71
chr04,7155584,-2.9411764705882635e-05,0.0007215717143887776,0.9786507903452175,0.009372248831275569,68
chr04,7155740,-0.00018300653594771258,0.029356825667949445,0.8644665841918182,0.06325178964463739,70
chr04,7188969,0.0001428571428571426,0.01770446048260268,0.8945404006293142,0.04840004036865306,70
chr04,7189061,-0.0001428571428571426,0.01770446048260268,0.8945404006293142,0.04840004036865306,70
chr04,7201696,-0.0004337301587301585,0.16825161980553663,0.6829411969878003,0.16561668859243897,71
chr04,7201708,-0.0004337301587301585,0.16825161980553663,0.6829411969878003,0.16561668859243897,71
chr04,7229593,0.00038831168831168826,0.12571737761023424,0.7240448231683778,0.14023454726676987,68
chr04,7250439,-0.0002601731601731597,0.06479290647162472,0.7998663611702104,0.09698256732620356,68
chr04,7261890,8.193277310924396e-05,0.005725503302062468,0.9399094724169033,0.026913973552519257,69
chr04,7261929,0.00010000000000000038,0.008781084300517486,0.9256171205776633,0.03356862110077319,70
chr04,7261947,0.00010000000000000038,0.008781084300517486,0.9256171205776633,0.03356862110077319,70
chr04,7302751,0.0003088235294117649,0.08332063728747692,0.7737249276843264,0.11141341092144401,70
chr04,7348920,-0.00013593004769475383,0.01646292297215464,0.8982785377778917,0.04658897662529986,71
chr04,7362747,0.00012091503267973875,0.012672216058751818,0.910702387501488,0.04062352487429127,70
chr04,7442327,0.0001359300476947539,0.01646292297215464,0.8982785377778917,0.04658897662529986,71
chr04,7443596,-0.0002750000000000002,0.058822255162575485,0.8091427563048849,0.09197484945571577,66
chr04,7475302,0.00038133445945945973,0.12492640830785481,0.7248613664418619,0.1397450465965477,69
chr04,7481529,-0.00026405529953917067,0.055687392604023694,0.8142003869807083,0.08926869554106259,66
chr04,7481540,0.00026405529953917067,0.055687392604023694,0.8142003869807083,0.08926869554106259,66
chr04,7490109,-3.59307359307356e-05,0.001070543664979242,0.9739972903892806,0.011442251304772959,68
chr04,7519201,-0.0003045540796963945,0.07225160801318732,0.7889645177206015,0.1029425279751883,65
chr04,7562310,-0.0001015873015873018,0.009208716655835626,0.9238288732705335,0.03440846847385085,71
chr04,7586053,-8.571428571428609e-05,0.006372543915366021,0.936608352607352,0.02844197352905357,70
chr04,7611796,0.0002309220985691572,0.04753379316451491,0.8280551130536469,0.08194075681593078,71
chr04,7628941,0.00018571428571428528,0.02991804559039453,0.8631901386859282,0.06389352979264926,70
chr04,7628954,0.00018571428571428528,0.02991804559039453,0.8631901386859282,0.06389352979264926,70
chr04,7629024,0.00018571428571428528,0.02991804559039453,0.8631901386859282,0.06389352979264926,70
chr04,7629052,-0.00018571428571428528,0.02991804559039453,0.8631901386859282,0.06389352979264926,70
chr04,7630582,0.00020915032679738517,0.03794105985732852,0.8461423368265376,0.07255657443291677,70
chr04,7648034,-0.00015032679738562064,0.01960125188066029,0.8890703266384316,0.05106388440324541,70
chr04,7664228,-4.738562091503242e-05,0.0019763373790512863,0.9646712025066791,0.015620685898989614,70
chr04,7688039,0.00011806722689075619,0.011849090212885995,0.9136440234382528,0.03922298235164483,69
chr04,7688232,0.00011806722689075619,0.011849090212885995,0.9136440234382528,0.03922298235164483,69
chr04,7709249,-0.0002663398692810451,0.061548204641617664,0.8048131224138962,0.09430495109346178,70
chr04,7759786,0.00029324324324324277,0.06816515935462027,0.7948527281653985,0.09971333080264443,67
chr04,7759793,0.00029324324324324277,0.06816515935462027,0.7948527281653985,0.09971333080264443,67
chr04,7776338,0.0006856060606060602,0.4608664017724804,0.4995577154528785,0.30141432915030664,69
chr04,7776339,0.0006856060606060602,0.4608664017724804,0.4995577154528785,0.30141432915030664,69
chr04,7794926,0.0001038602941176467,0.00863815174738989,0.9262402460395663,0.033276352414502025,66
chr04,7794982,0.00019429590017825297,0.030986876224429492,0.8608169505563212,0.06508918979502322,67
chr04,7800134,-0.000156565656565657,0.02219140609046177,0.8820265185258943,0.05451835741202071,69
chr04,7804751,-2.0276497695852467e-05,0.0003449044108938479,0.9852406345088556,0.006457684755133869,66
chr04,7818146,-2.2401433691758276e-06,4.266389932253479e-06,0.9983582776015157,0.0007135768864616421,67
chr04,7840113,2.268907563025186e-05,0.00044367491014708305,0.9832575325870794,0.0073327178412034245,69
chr04,7840191,2.268907563025186e-05,0.00044367491014708305,0.9832575325870794,0.0073327178412034245,69
chr04,7895391,0.0007664884135472374,0.5106066871802238,0.47743485147174436,0.3210858818323754,67
chr04,7895392,0.0007664884135472374,0.5106066871802238,0.47743485147174436,0.3210858818323754,67
chr04,7917859,-0.0005601604278074871,0.2666445677879206,0.6073439183002,0.21656531300588464,67
chr04,8020626,0.00014502164502164466,0.017531726274007158,0.8950648894624721,0.048145478523263875,68
chr04,8020634,0.00014502164502164466,0.017531726274007158,0.8950648894624721,0.048145478523263875,68
chr04,8029292,8.823529411764683e-05,0.006509731720147123,0.9359382924636467,0.028752783875103965,68
chr04,8029348,8.823529411764683e-05,0.006509731720147123,0.9359382924636467,0.028752783875103965,68
chr04,8038412,-4.3346774193548274e-05,0.001379692640311151,0.9704913101934012,0.01300834894326452,63
chr04,8044959,-0.00021977124183006534,0.041894723049037574,0.8384320008240335,0.07653215412457903,70
chr04,8044987,0.00021977124183006534,0.041894723049037574,0.8384320008240335,0.07653215412457903,70
chr04,8114630,0.0002896613190730837,0.06868838723573609,0.794084944085008,0.10013303815955578,67
chr04,8207937,0.00033246753246753304,0.09106855373221899,0.7637719349507777,0.11703630396210395,68
chr04,8207967,0.00033781512605042047,0.09691111001199128,0.7565349570314165,0.12117099983498464,69
chr04,8247823,0.00021977124183006534,0.041894723049037574,0.8384320008240335,0.07653215412457903,70
chr04,8247940,-0.00021977124183006534,0.041894723049037574,0.8384320008240335,0.07653215412457903,70
chr04,8270093,6.428571428571431e-05,0.003259230494594491,0.954654449191572,0.020153799061465312,65
chr04,8271776,-0.00021977124183006534,0.041894723049037574,0.8384320008240335,0.07653215412457903,70
chr04,8293936,-2.121212121212117e-05,0.00042426220581258026,0.9836287790872992,0.007168773125711698,68
chr04,8336565,0.00021895424836601264,0.04222130318777361,0.8378123950371879,0.0768532187463041,70
chr04,8339122,-0.00024747474747474765,0.052363684894095805,0.8196972134707634,0.08634654127830389,69
chr04,8339323,-0.0002189542483660127,0.04222130318777361,0.8378123950371879,0.0768532187463041,70
chr04,8372036,-0.0004141414141414142,0.15133687207860871,0.6984946909932765,0.1558368904532877,69
chr04,8372074,0.0004141414141414142,0.15133687207860871,0.6984946909932765,0.1558368904532877,69
chr04,8399950,-9.395424836601261e-05,0.0076485406685612165,0.9305661436724282,0.031252752236574664,70
chr04,8423820,-0.000209967320261438,0.038824566172299166,0.8443843841231629,0.07345980704587285,70
chr04,8429503,4.411764705882375e-05,0.001554416729410132,0.9686734087130607,0.013822622021917133,66
chr04,8439755,6.30252100840338e-05,0.00339778509039725,0.9536907205603272,0.020592443043504306,69
chr04,8439918,0.0001919934640522876,0.03195021507668482,0.858668459270282,0.06617448937383778,70
chr04,8495905,-6.699346405228782e-05,0.003950439451310947,0.9500683303897511,0.022245158454273068,70
chr04,8496054,-0.00021191756272401463,0.03593244127746993,0.8502457740003128,0.07045551797554697,67
chr04,8537974,-0.00030000000000000014,0.07817110682446257,0.7806400241143576,0.10754918581623676,70
chr04,8538617,0.00022857142857142849,0.04571908813951049,0.8313270868849548,0.08022806877872725,70
chr04,8561496,-0.0001881313131313133,0.030236594864730636,0.8624788055429355,0.06425156842726328,69
chr04,8634730,-0.00010763888888888923,0.009664323749512755,0.9219862464369315,0.03527555740743165,68
chr04,8634731,-0.00010763888888888923,0.009664323749512755,0.9219862464369315,0.03527555740743165,68
chr04,8636231,-6.6919191919192e-05,0.0038747534130382857,0.950551048874622,0.022024554601563776,69
chr04,8679371,0.0004483173076923083,0.17807244495821473,0.6743469340462458,0.17111661269774256,71
chr04,8680551,-0.00033786078098471987,0.09600853127084505,0.7576348728468408,0.12054004359243795,69
chr04,8774368,0.0004053480475382002,0.13745261898827785,0.7119963314658799,0.14752224404324127,69
chr04,8774408,0.0004053480475382002,0.13745261898827785,0.7119963314658799,0.14752224404324127,69
chr04,8825144,-0.0004083333333333333,0.13069937855761526,0.7188988163424666,0.14333223144808166,66
chr04,8829675,-0.000307692307692308,0.08240611791150602,0.7749357481368284,0.11073430444388355,70
chr04,8829688,-0.00028947368421052634,0.07106185469356852,0.7906156730846186,0.10203458049811295,69
chr04,8851596,-0.0004689826302729529,0.18875805521608144,0.6653278594333325,0.17696429085600185,70
chr04,8944407,-7.586206896551726e-05,0.00486228049321823,0.9446162251696886,0.02474459905029246,69
chr04,9013935,0.0003754464285714286,0.11663739847568073,0.7338121492067913,0.13441510221513434,67
chr04,9021811,0.00026302729528535995,0.05927013875115924,0.8083862105245085,0.0923811033014536,70
chr04,9055846,0.0003705128205128206,0.11570560324861093,0.7348037600176593,0.13382863005982842,69
chr04,9055849,0.0003705128205128206,0.11570560324861093,0.7348037600176593,0.13382863005982842,69
chr04,9067898,0.0005310483870967742,0.24850948648084167,0.6197119815984266,0.20781010705868377,71
chr04,9123911,0.0007669779286926998,0.5074386578659013,0.47872313501203345,0.31991558408002563,69
chr04,9139242,-0.0009986486486486482,0.810835155848882,0.37119764477040285,0.4303947880201547,67
chr04,9139397,-0.0011277777777777781,1.0228141917827025,0.31566075087114315,0.5007794147494189,66
chr04,9174234,0.0010009009009009009,0.838267789850504,0.36327691840075094,0.43976219511729026,67
chr04,9174265,0.0008740191804707942,0.6532149844084195,0.4218692256623685,0.3748221541926212,68
chr04,9245961,0.0011107142857142852,1.0131069692282102,0.3178356746294539,0.4977973581507249,68
chr04,9379665,0.00095,0.7345610738609736,0.39451015650536936,0.4039418115738049,68
chr04,9405687,-0.0011166328600405678,1.0800072771411657,0.302797745672182,0.5188473624803408,63
chr04,9410163,-0.0011150793650793651,0.9367598659033165,0.33687299229971357,0.47253380577569143,64
chr04,9426904,0.0009708614864864866,0.808708270075687,0.3717231552304707,0.4297803851630686,69
chr04,9427056,-0.0008413251961639056,0.5954630066795946,0.4430685254824729,0.35352910010331223,68
chr04,9439654,-0.0007052364864864863,0.4261746946878859,0.5161057857587845,0.28726127228244236,69
chr04,9439670,0.0007052364864864864,0.4261746946878859,0.5161057857587845,0.28726127228244236,69
chr04,9439699,0.0007052364864864864,0.4261746946878859,0.5161057857587845,0.28726127228244236,69
chr04,9450720,-0.0007258064516129034,0.4490412457925664,0.5050937385295389,0.2966280152511132,69
chr04,9553958,0.0001027462121212121,0.008245646645301192,0.9279352056292509,0.032482347940732306,65
chr04,9585395,0.0007679900744416876,0.5089561484877392,0.4780324361132756,0.3205426340425257,70
chr04,9600651,0.0005748355263157896,0.29016425720209477,0.5918743981918724,0.2277704452358942,70
chr04,9628205,-0.00033668582375478935,0.08485143713131513,0.7717843946308974,0.11250400704760624,65
chr04,9676670,0.0002949346405228755,0.07548897673012596,0.7843393787952528,0.10549598011401877,70
chr04,9686344,-0.000552813852813853,0.2964269534671988,0.5879659667463494,0.23064781147832103,68
chr04,9878382,0.0005439068100358425,0.24436767172405252,0.6227357956068962,0.20569616978888403,67
chr04,9878591,0.0007678132678132682,0.5235010674002017,0.47183370636150845,0.32621103766845794,70
chr04,9878670,0.0007678132678132682,0.5235010674002017,0.47183370636150845,0.32621103766845794,70
chr04,9902664,0.0008235294117647058,0.5709808768193498,0.45255782737879424,0.34432591920592237,68
chr04,9902665,0.0007803030303030305,0.4980950314373243,0.4828601795651849,0.3161786084496816,67
chr04,9902715,0.0008235294117647058,0.5709808768193498,0.45255782737879424,0.34432591920592237,68
chr04,9996384,-0.00026190476190476186,0.058928444931963184,0.8089504885267407,0.09207805838481242,68
chr04,10029655,0.0006739495798319328,0.39882172560213436,0.5298472123009603,0.27584934628747326,69
chr04,10029664,0.0006739495798319328,0.39882172560213436,0.5298472123009603,0.27584934628747326,69
chr04,10029749,0.0006739495798319328,0.39882172560213436,0.5298472123009603,0.27584934628747326,69
chr04,10054440,0.0005017825311942961,0.203730424157401,0.6532288330368765,0.18493465407552348,67
chr04,10061809,0.0005383986928104572,0.25525400515718194,0.6150332660900737,0.2111013933487585,70
chr04,10061815,0.0005383986928104572,0.25525400515718194,0.6150332660900737,0.2111013933487585,70
chr04,10061861,0.0005383986928104572,0.25525400515718194,0.6150332660900737,0.2111013933487585,70
chr04,10061906,-0.000538398692810457,0.25525400515718194,0.6150332660900737,0.2111013933487585,70
chr04,10062273,-0.0009545454545454546,0.7241461884942128,0.39795995071664103,0.4001606315894575,66
chr04,10112183,-0.0007651515151515146,0.5238037643573932,0.4716702283367623,0.3263615354081264,71
chr04,10112269,0.0007651515151515145,0.5238037643573932,0.4716702283367623,0.3263615354081264,71
chr04,10112300,-0.0007651515151515146,0.5238037643573932,0.4716702283367623,0.3263615354081264,71
chr04,10128177,0.0008901515151515156,0.680385431146912,0.4123811534532734,0.38470119095951233,69
chr04,10131819,-0.0007651515151515146,0.5238037643573932,0.4716702283367623,0.3263615354081264,71
chr04,10194711,-0.0007129464285714288,0.4217873199545436,0.5183350225044492,0.28538944605809374,67
chr04,10303275,0.0005878136200716842,0.28088242169669675,0.5979292246311747,0.22335021930793533,67
chr04,10318287,0.0004626050420168063,0.18274193447244483,0.6703981825922632,0.1736671717214871,69
chr04,10319552,0.000690827190827191,0.41795959512887115,0.5201330737987154,0.2838855297829602,70
chr05,4440,-0.00047939068100358436,0.1844942273661856,0.66895958246701,0.17460012085968857,67
chr05,52147,0.0007886029411764706,0.5045610493594183,0.4800832823091362,0.3186834169787689,66
chr05,406397,-0.00041013071895424795,0.14837012772130845,0.7013000606193871,0.154096123561414,70
chr05,440039,-0.0004956709956709958,0.20498574986975104,0.65221106617425,0.1856118367204323,68
chr05,440326,0.00035084033613445376,0.10403276414381239,0.7480471605220478,0.1260710212413579,69
chr05,473750,-0.00030525846702317294,0.07680715809610421,0.7825512870685032,0.1064871899336695,67
chr05,475558,-0.00041013071895424795,0.14837012772130845,0.7013000606193871,0.154096123561414,70
chr05,676334,-0.0004960317460317457,0.2202242603518629,0.6403486194207585,0.19358352246986799,71
chr05,853133,0.001416589861751152,1.6040195053646717,0.20992465231394694,0.6779365574383592,66
chr05,853134,0.001416589861751152,1.6040195053646717,0.20992465231394694,0.6779365574383592,66
chr05,862489,0.002103535353535354,4.021192526467629,0.04897382636068079,1.3100359629123475,69
chr05,862642,-0.002103535353535354,4.021192526467629,0.04897382636068079,1.3100359629123475,69
chr05,878481,-0.0018239020270270267,2.9569683523145764,0.0901249232941089,1.045155091903132,69
chr05,882963,-0.001870777027027027,3.1186541779356234,0.08195635285079358,1.086417376430164,69
chr05,883022,0.0017770270270270267,2.6569979172202918,0.10793208735167227,0.9668494238237714,67
chr05,885439,0.0018107638888888882,2.8350100955578577,0.09695469687286228,1.0134311471158912,68
chr05,885475,-0.0018107638888888882,2.8350100955578577,0.09695469687286228,1.0134311471158912,68
chr05,893950,0.0015822368421052634,2.26183558557749,0.13722740448502085,0.8625591508146829,70
chr05,894714,0.0015280701754385962,1.9973065446712235,0.16227807525873678,0.7897401519996742,68
chr05,911514,0.0015965073529411763,2.0905673768608986,0.15309047726818997,0.8150518230084746,66
chr05,911572,-0.0015965073529411763,2.0905673768608986,0.15309047726818997,0.8150518230084746,66
chr05,931973,0.0013350694444444445,1.4880981924997612,0.22685294647797014,0.6442555755303729,68
chr05,931997,-0.0013350694444444445,1.4880981924997612,0.22685294647797014,0.6442555755303729,68
chr05,958833,-0.0012768222768222773,1.4391351711706435,0.23444255816948129,0.6299635483686135,70
chr05,1045869,0.001576190476190476,1.9265639365822962,0.17002413430336175,0.7694894277344226,65
chr05,1045919,0.001576190476190476,1.9265639365822962,0.17002413430336175,0.7694894277344226,65
chr05,1081935,-0.0015731092436974791,2.2242113846932656,0.14055553335612964,0.8521520525202158,69
chr05,1113810,-0.0013762626262626258,1.6512562937490294,0.20321265169206032,0.6920492570721549,69
chr05,1141501,0.0014693277310924367,1.906130812459314,0.17198226476596282,0.7645163362982926,69
chr05,1179959,-0.0012849206349206342,1.5051743603963614,0.22404676909676977,0.6496613145206843,71
chr05,1203259,-0.0012849206349206342,1.5051743603963614,0.22404676909676977,0.6496613145206843,71
chr05,1237610,0.0014395424836601293,1.8741835305413985,0.17550191166104737,0.7557181486037269,70
chr05,1238382,0.0012483660130718948,1.3812221493084589,0.2439918401054051,0.612624697663127,70
chr05,1247529,0.0016613445378151257,2.458949336091564,0.12156807427627866,0.9151804627778471,69
chr05,1255648,0.001676470588235294,2.493483120914982,0.119028472277524,0.9243491405069054,69
chr05,1262536,0.0011805555555555556,1.3868851827089206,0.24309812439776748,0.6142183919046781,69
chr05,1321205,-0.0016907563025210083,2.5386099491501417,0.11579970475573934,0.936292547889383,69
chr05,1333610,0.001820549242424242,2.6782508043326576,0.10671382946456903,0.9717792949995345,65
chr05,1337169,-0.0015375816993464042,2.1123860205696663,0.15071100356079078,0.8218550382542035,70
chr05,1387268,-0.0016414141414141418,2.374574325623414,0.12803527546580168,0.8926703598089747,69
chr05,1387279,0.001611255411255412,2.225530199553407,0.14051069443251937,0.8522906198423507,68
chr05,1394710,0.001499080882352941,1.7845043145883135,0.18632820679396972,0.729721395626003,66
chr05,1426424,-0.0018319964349376113,2.8581314202874957,0.09570352112427113,1.0190720833651685,67
chr05,1449942,0.0016424369747899154,2.3828666468832034,0.12738267958324642,0.8948896196678351,69
chr05,1453650,0.0015831168831168833,2.14578467118576,0.14770946232601875,0.8305916827222614,68
chr05,1453871,-0.0016142857142857142,2.306440987717289,0.13354371854082775,0.8743765349523348,69
chr05,1477805,-0.0018692185007974473,3.248549424145365,0.07585414944986256,1.1200206570145261,71
chr05,1477993,-0.001961805555555555,3.599427613643991,0.06217581709761206,1.2063784986410204,68
chr05,1486330,-0.0014207207207207202,2.0460104182880836,0.15739538757496874,0.8030079986611337,67
chr05,1490139,0.0015646114864864863,2.2429347989787356,0.1389226602178746,0.8572269090145866,69
chr05,1494895,0.0015967741935483872,2.2009978143899422,0.1427544418028451,0.845410369803979,67
chr05,1562534,-0.0016666666666666663,2.4448295450459856,0.12255493801887708,0.9116691853409545,70
chr05,1585982,0.0016948717948717948,2.4663310510935115,0.1210201172067652,0.9171424307935536,69
chr05,1617897,-0.0018504504504504497,2.815564872841603,0.09815642632906957,1.0080812617502646,67
chr05,1620734,-0.001856181665264929,3.0791438634818626,0.08380677590536999,1.0767208665803865,70
chr05,1664664,0.0014666666666666665,1.9894067956690267,0.1629611457900638,0.7879159304453447,70
chr05,1664855,-0.0016642276422764225,2.4996378035940987,0.11844597984003345,0.926479675024954,71
chr05,1680885,-0.0015794871794871793,2.1592751692399057,0.14639170107341176,0.8344835426777721,69
chr05,1699689,0.0019210090984284533,3.3117120329271192,0.07318943081716782,1.1355516302693944,70
chr05,1699856,-0.0019210090984284533,3.3117120329271192,0.07318943081716782,1.1355516302693944,70
chr05,1726592,-0.0022137931034482755,4.284453385196732,0.04232096407468856,1.3734444475997982,69
chr05,1726658,-0.0024249999999999988,5.105032328073421,0.027164202445081744,1.566003041551844,68
chr05,1726695,-0.0024249999999999988,5.105032328073421,0.027164202445081744,1.566003041551844,68
chr05,1737959,0.0022599469496021227,4.362679797515362,0.040595178173881544,1.391525548118308,68
chr05,1741068,0.002327165685449958,4.968642023250313,0.029118762661494345,1.535827083366633,70
chr05,1800144,0.002126016260162601,4.174869452800252,0.04484867717333582,1.3482503620913087,71
chr05,1800172,-0.002126016260162601,4.174869452800252,0.04484867717333582,1.3482503620913087,71
chr05,1800210,-0.002126016260162601,4.174869452800252,0.04484867717333582,1.3482503620913087,71
chr05,1800373,-0.0023271656854499585,4.968642023250313,0.029118762661494345,1.535827083366633,70
chr05,1855647,0.0029047186932849365,7.966234518038522,0.0063169346737632906,2.1994936143151973,67
chr05,1859396,0.003004205214465938,8.704116571674154,0.004351365470992297,2.3613744388011613,70
chr05,1890958,0.003247563352826511,9.117729838934117,0.0036527316653660723,2.437382230479342,65
chr05,1917621,0.0030685117967332127,8.30289735519805,0.0053576953381882135,2.271021985894958,67
chr05,1921672,0.0029905172413793096,8.515563959356006,0.004789404957335917,2.3197184406143125,69
chr05,1984556,0.0030424570912375793,8.299503778646317,0.005343800670071243,2.272149749915493,68
chr05,1992884,-0.0026428571428571425,6.4452335963305405,0.013418802950626009,1.8722862244893124,70
chr05,1999078,-0.0030576923076923077,7.353333015449167,0.00868408647103406,2.0612758607466404,63
chr05,2065093,-0.0031423076923076916,8.515093511100801,0.004854701542314268,2.313837464522251,66
chr05,2097029,0.002757326007326007,6.735536865967333,0.011635614276083098,1.9342106841717341,68
chr05,2118431,0.0031071428571428556,9.277908968003604,0.003299106298026928,2.4816036911528054,70
chr05,2141092,-0.002895710681244745,7.876235314969966,0.006528113823188367,2.185212281896403,70
chr05,2141338,-0.003528240740740741,11.39499161909667,0.0012465274872947752,2.904298140386181,67
chr05,2146480,-0.003145470383275262,9.297654811358559,0.0032839338020796867,2.483605606023142,69
chr05,2146685,0.002881773399014778,7.9919946450460335,0.0061427106628529115,2.2116399405628617,71
chr05,2156051,0.0031071428571428556,9.277908968003604,0.003299106298026928,2.4816036911528054,70
chr05,2156145,-0.003270637898686679,9.378490717843539,0.0031920716137889193,2.4959273738612597,67
chr05,2173793,-0.003358348968105065,10.325515781244716,0.0020429579115974444,2.6897405804792838,67
chr05,2175820,0.003124999999999999,9.438808270193904,0.0030545113574657577,2.515058255709403,70
chr05,2223366,-0.003014285714285714,8.097157953666013,0.0058999859524967845,2.229149022385041,68
chr05,2226045,-0.002710344827586206,7.052144038102938,0.009883816672518475,2.0050753185969503,69
chr05,2254125,0.003159439927732611,9.033192328504262,0.0037460280494641457,2.4264289750435655,68
chr05,2284268,-0.0033725,9.964527842584616,0.0024486005634593968,2.6110820549054563,65
chr05,2366418,-0.0024111405835543775,5.958738113018872,0.01733462585904669,1.7610855274777306,68
chr05,2416120,0.0028717948717948702,7.331072730925402,0.008681457776167769,2.061407342682076,66
chr05,2463151,0.0030916815742397133,8.876999523757279,0.004019745232027388,2.3958014712515667,69
chr05,2468047,0.00285978835978836,7.403240048020041,0.008287307235693257,2.0815865602400634,69
chr05,2487004,0.002914021164021164,7.771841290237737,0.006899302614448724,2.1611948057849673,69
chr05,2555252,-0.002929029304029304,7.567964961113841,0.007689023847790011,2.11412879211371,67
chr05,2555372,-0.002865605658709108,7.485510054954048,0.00798167989062102,2.0979056938063967,68
chr05,2555420,-0.002865605658709108,7.485510054954048,0.00798167989062102,2.0979056938063967,68
chr05,2557385,0.002794871794871794,6.823796641874748,0.0111960130340991,1.950936604611554,66
chr05,2581470,-0.002519819819819819,5.473499554770347,0.022390011477177396,1.6499456838004456,67
chr05,2581485,-0.002519819819819819,5.473499554770347,0.022390011477177396,1.6499456838004456,67
chr05,2584198,-0.0026749999999999994,6.791161821020761,0.01124606376285823,1.948999458459643,70
chr05,2595974,-0.002610219594594594,6.240681696029115,0.014945493132073228,1.8254897506812415,69
chr05,2616277,-0.0028361486486486484,7.625064880920872,0.007420262017595666,2.129580759035412,69
chr05,2619910,0.0030446428571428573,8.541935499911746,0.004770118796194072,2.3214708050502186,67
chr05,2640701,-0.002906250000000001,8.164053932617108,0.005664581082632803,2.2468322023457064,70
chr05,2747626,-0.002732009925558313,7.173308189378528,0.009269869733632564,2.0329263688071815,70
chr05,2747694,-0.002732009925558313,7.173308189378528,0.009269869733632564,2.0329263688071815,70
chr05,2751720,-0.0026771929824561413,6.540423311256689,0.012850347576404518,1.8910851253698036,68
chr05,2751787,-0.0024605263157894746,5.720370800546984,0.019540403893663284,1.709066463801667,70
chr05,2752415,-0.002735964912280702,6.779832355757406,0.011377081223206582,1.943969141389378,68
chr05,2752533,-0.002735964912280702,6.779832355757406,0.011377081223206582,1.943969141389378,68
chr05,2773408,-0.002461206896551724,5.465411786581617,0.02239133504089276,1.6499200116640367,69
chr05,2776124,-0.0024416666666666666,5.565347211430936,0.02119867900139239,1.6736912013486396,70
chr05,2793925,-0.0023615384615384614,5.114774516083483,0.026973224559475303,1.5690671319795793,69
chr05,2793928,-0.0023615384615384614,5.114774516083483,0.026973224559475303,1.5690671319795793,69
chr05,2793988,-0.0023615384615384614,5.114774516083483,0.026973224559475303,1.5690671319795793,69
chr05,2813702,-0.0022459677419354837,4.732962529147144,0.03301828996511253,1.4812454228341732,71
chr05,2823619,-0.0024315315315315304,5.125461422334697,0.026921294089972774,1.569904067678887,67
chr05,2829456,-0.002673611111111111,5.500545444657361,0.022452759059940163,1.6487302840200182,60
chr05,2894676,-0.002312820512820513,4.824832409963222,0.0315168663702123,1.5014569696653166,69
chr05,2903905,-0.0024153846153846157,5.20922069767862,0.025648352359433753,1.5909405285712401,69
chr05,2908952,-0.0023585585585585577,4.885986498423347,0.03060145067547659,1.5142579851059663,67
chr05,2939055,-0.0022937181663837012,4.777202174148416,0.03233839662060607,1.4902815167761108,69
chr05,2939617,-0.0019366776315789481,3.548340067921231,0.06388154511941675,1.1946245880138107,70
chr05,2976379,-0.0020714908456843945,3.705623850753303,0.05854084368671059,1.232541022834196,68
chr05,3029375,0.0021435344827586203,4.067739534700065,0.047719873757596766,1.32130071392147,69
chr05,3029440,-0.0021435344827586203,4.067739534700065,0.047719873757596766,1.32130071392147,69
chr05,3029464,-0.0021435344827586203,4.067739534700065,0.047719873757596766,1.32130071392147,69
chr05,3065583,-0.001998563218390804,3.20528714925677,0.07820569310666098,1.1067616306382166,65
chr05,3070437,-0.0020839285714285716,3.7432371929163204,0.0573094044602437,1.241774104558718,68
chr05,3124585,0.0019444911690496218,3.394071075936075,0.06979139092354189,1.1561981462162931,70
chr05,3124699,0.0018484320557491294,2.977331155579381,0.08904820464092904,1.0503748322074493,69
chr05,3124895,0.0017508130081300814,2.777244338876755,0.10014613476004595,0.999365808075622,71
chr05,3135352,0.0017541666666666665,2.718808418830998,0.10378485900961039,0.9838660003238647,70
chr05,3210848,0.0003872180451127818,0.11634227934704475,0.7341532158325147,0.13421329451625255,66
chr05,3212267,-0.0005357142857142855,0.21822334390121767,0.6420345994260392,0.19244156704810664,64
chr05,3239197,0.00028160919540229866,0.06839396630808875,0.7945040876301148,0.09990386405680778,68
chr05,3241437,0.00047315789473684216,0.1575970356493379,0.6927641489857537,0.15941459544297196,63
chr05,3241493,-0.00042982456140350884,0.12489195033299617,0.7250268809018385,0.13964589134497993,62
chr05,3241697,0.00013978494623655894,0.017693599991946266,0.8945725586167641,0.04838442812189363,70
chr05,3259268,-0.0005564102564102563,0.2617182723637358,0.6106241310200844,0.21422603698169748,69
chr05,3408083,-0.00018015873015873028,0.028970449506117695,0.8653453697252795,0.06281052579520256,71
chr05,3408192,0.0003142857142857139,0.08711948753242658,0.7687709092806008,0.11420305897367379,70
chr05,3481071,0.0005603448275862068,0.23077653027452016,0.6327250951267922,0.19878494022244722,61
chr05,3531888,-0.0003263392857142856,0.0870926326609489,0.7688469262204597,0.11416011756550777,67
chr05,3532103,-0.0003263392857142856,0.0870926326609489,0.7688469262204597,0.11416011756550777,67
chr05,3547242,0.0003082251082251081,0.07961955515037371,0.7786965955838865,0.10863172400985442,68
chr05,3559315,0.00035515873015873,0.11272395370236868,0.7380827799183254,0.13189492700402436,71
chr05,3597508,0.0004121848739495796,0.14674477604575664,0.7028785025835806,0.1531197393012405,69
chr05,3626379,0.00039297385620915015,0.1341742670446531,0.7152799047975845,0.1455239759315418,70
chr05,3642547,0.0007936117936117934,0.5575090225046911,0.45783949517357947,0.33928674596444464,70
chr05,3699701,-0.0006209677419354836,0.3271173547986618,0.5692754651538834,0.2446775331705244,69
chr05,3736478,-0.00014722222222222204,0.016877600687435875,0.8970420689639371,0.04718718918503264,66
chr05,3783613,-0.0012563131313131307,1.3553883622914515,0.24846723385959396,0.6047308749073795,69
chr05,3922995,-0.0009369369369369372,0.7795803562394907,0.3803803117789145,0.41978196993403405,70
chr05,3967575,-0.000944078947368421,0.7847667245319313,0.37880935089238454,0.42157930899600876,70
chr05,3988883,-0.0011284722222222215,1.0722866974308023,0.30420878242434657,0.5168282521391214,68
chr05,3989165,-0.0011713164777680909,1.153032448677254,0.2868255271930692,0.5423821994974802,68
chr05,3994415,-0.001137592137592138,1.1555286389271247,0.2861942671719032,0.5433390699492132,70
chr05,3994615,-0.0012464114832535882,1.4076111471771857,0.2395224893863749,0.6206537033021761,71
chr05,4075491,-0.0013668668668668665,1.3911819741464182,0.24271180751521418,0.614909095468775,64
chr05,4083557,0.001167342799188641,1.015643740624856,0.3175355672958302,0.49820762213519193,63
chr05,4083586,-0.0011673427991886406,1.015643740624856,0.3175355672958302,0.49820762213519193,63
chr05,4083587,0.001167342799188641,1.015643740624856,0.3175355672958302,0.49820762213519193,63
chr05,4083608,0.001167342799188641,1.015643740624856,0.3175355672958302,0.49820762213519193,63
chr05,4086240,0.0012549342105263159,1.3831926381118351,0.24365910510581199,0.6132173551699107,70
chr05,4113695,0.000898226351351351,0.6847531536149498,0.4108924676934439,0.38627181996751936,69
chr05,4113737,0.0008390522875816983,0.6253294645480975,0.4318230886284339,0.3646941406126011,70
chr05,4146758,0.001005718954248365,0.8890212660738093,0.3490805997235409,0.45707428658293503,70
chr05,4168028,-0.0009105820105820102,0.5877352320586082,0.4463022235595847,0.3503709494192684,62
chr05,4179892,0.0010953895071542134,1.08564931775146,0.3010742544166337,0.5213263804647893,71
chr05,4179941,-0.0010953895071542132,1.08564931775146,0.3010742544166337,0.5213263804647893,71
chr05,4234030,0.0010482456140350873,0.9896927754396226,0.3232935032177695,0.49040302271607367,71
chr05,4252617,-0.0010482456140350875,0.9896927754396226,0.3232935032177695,0.49040302271607367,71
chr05,4264567,-0.0010855855855855857,1.0345949740759397,0.3126872810138844,0.5048897839244083,70
chr05,4271890,-0.0009108952702702699,0.7145964641321904,0.40093088290256707,0.3969304896272622,69
chr05,4271943,-0.0009108952702702699,0.7145964641321904,0.40093088290256707,0.3969304896272622,69
chr05,4280481,0.0009027777777777773,0.7242752130672714,0.39777655441742255,0.4003608184645058,69
chr05,4283037,-0.0012299679487179495,1.3632987434747852,0.2469855552487788,0.6073284453605285,71
chr05,4286471,-0.001003472222222222,0.8586818069873944,0.3574840685524927,0.4467433079717447,68
chr05,4309961,0.001229967948717949,1.3632987434747852,0.2469855552487788,0.6073284453605285,71
chr05,4370995,-0.0010598039215686272,0.8776731612891238,0.3524748209990235,0.4528719013442095,64
chr05,4389050,-0.000906698564593301,0.7377925364305965,0.3933431613411713,0.4052283960671418,71
chr05,4389061,-0.000906698564593301,0.7377925364305965,0.3933431613411713,0.4052283960671418,71
chr05,4389131,-0.000906698564593301,0.7377925364305965,0.3933431613411713,0.4052283960671418,71
chr05,4389145,-0.000906698564593301,0.7377925364305965,0.3933431613411713,0.4052283960671418,71
chr05,4431938,-0.0006649305555555555,0.37244736875412304,0.5437690146639761,0.26458554324327405,68
chr05,4432061,-0.0006649305555555555,0.37244736875412304,0.5437690146639761,0.26458554324327405,68
chr05,4442514,-0.000906698564593301,0.7377925364305965,0.3933431613411713,0.4052283960671418,71
chr05,4456050,-0.0008357263513513511,0.5973789506512774,0.4422980317550327,0.3542849932549277,69
chr05,4459166,-0.0007964527027027026,0.5442636060071058,0.46324716527927123,0.3341872295532352,69
chr05,4628001,0.0011886973180076624,1.0742630593683995,0.303946508585909,0.5172028409638059,65
chr05,4731922,-0.0009095394736842109,0.7196318892082446,0.39924099070048,0.3987648753979053,70
chr05,4759182,0.000878289473684211,0.6714483091044708,0.4154098958964564,0.38152316191253793,70
chr05,4788790,0.0004638888888888884,0.1697774530205072,0.6816865148254305,0.16641529716309558,66
chr05,4788821,0.0004638888888888884,0.1697774530205072,0.6816865148254305,0.16641529716309558,66
chr05,4788845,-0.00046388888888888885,0.1697774530205072,0.6816865148254305,0.16641529716309558,66
chr05,4807025,0.0005789695945945942,0.28649340301093323,0.5942486398135849,0.2260318036631065,69
chr05,4807172,-0.000576480263157895,0.29183422254794433,0.5908124742923204,0.2285503436594655,70
chr05,4807175,-0.000576480263157895,0.29183422254794433,0.5908124742923204,0.2285503436594655,70
chr05,4807239,0.0005764802631578949,0.29183422254794433,0.5908124742923204,0.2285503436594655,70
chr05,4807619,-0.0003492398648648648,0.11019059977425992,0.740963458441604,0.13020320927908577,69
chr05,4843512,0.0007432795698924731,0.45699590899885273,0.5014295718413433,0.2997900570774381,67
chr05,4846528,0.0005519425675675673,0.26053224248798346,0.6114323407345339,0.21365159369123896,69
chr05,4872612,0.0006949013157894739,0.4181748270789384,0.5200259805763663,0.28397495840540826,70
chr05,4875718,0.0006723259762308996,0.380115376414698,0.5396307937668787,0.2679032754911503,69
chr05,4881274,0.0006895032051282053,0.4226991039192697,0.5177521910221465,0.28587805458455406,71
chr05,4884977,0.0006895032051282053,0.4226991039192697,0.5177521910221465,0.28587805458455406,71
chr05,4884991,0.0006895032051282053,0.4226991039192697,0.5177521910221465,0.28587805458455406,71
chr05,4922545,0.0005281224152191896,0.23965810863398856,0.6260287207101789,0.20340574193362587,70
chr05,4922617,-0.0005281224152191896,0.23965810863398856,0.6260287207101789,0.20340574193362587,70
chr05,4922708,0.0005281224152191896,0.23965810863398856,0.6260287207101789,0.20340574193362587,70
chr05,4924471,0.0005281224152191896,0.23965810863398856,0.6260287207101789,0.20340574193362587,70
chr05,4934359,0.0004995967741935485,0.21985395537772998,0.6406293243295729,0.19339318571116368,71
chr05,4940270,-0.0004910256410256408,0.20059149425755024,0.6556886948448993,0.18330230422246327,69
chr05,4973637,-0.0007064305684995343,0.40458233963529405,0.5270003871455735,0.2781890657454714,66
chr05,4978779,-0.00038709677419354805,0.1305185018096806,0.7190151070024378,0.14326198469518145,70
chr05,4978788,0.00038709677419354805,0.1305185018096806,0.7190151070024378,0.14326198469518145,70
chr05,5013513,-0.0004995967741935485,0.21985395537772998,0.6406293243295729,0.19339318571116368,71
chr05,5064577,-0.00037096774193548385,0.11673404620083168,0.7336733406758877,0.13449726149998983,69
chr05,5067610,-0.0003387096774193547,0.09740835709578567,0.7559313952396196,0.12151761722476735,69
chr05,5069932,-0.0005330357142857142,0.23521555617068368,0.6293137938999034,0.20113274886755098,67
chr05,5073901,-0.00022727272727272695,0.04589577632828177,0.830997213423582,0.08040043252971668,71
chr05,5146628,0.0002592905405405404,0.05645432400903337,0.812915509627747,0.08995459045667888,69
chr05,5180739,0.0004782964782964785,0.20145062677183906,0.6549795943117935,0.18377223010872645,70
chr05,5180740,-0.0004782964782964785,0.20145062677183906,0.6549795943117935,0.18377223010872645,70
chr05,5200038,0.0004790178571428569,0.18537746712907843,0.668216409419836,0.1750828635781896,67
chr05,5396075,0.0007424242424242421,0.4688860820986153,0.495862122335576,0.3046390651086081,69
chr05,5418817,0.000761217948717949,0.5158927183725877,0.4750240995478302,0.3232843566169451,71
chr05,5419900,0.000761217948717949,0.5158927183725877,0.4750240995478302,0.3232843566169451,71
chr05,5458575,-0.0003741039426523299,0.1147563792939485,0.7358846224932523,0.13319027226909133,67
chr05,5460027,0.0005140612076095943,0.22702421233891365,0.6352666659849797,0.19704393257374583,70
chr05,5463043,-0.000814102564102564,0.5862024521447068,0.44658023803908553,0.35010049913397073,69
chr05,5463106,0.0008141025641025638,0.5862024521447068,0.44658023803908553,0.35010049913397073,69
chr05,5463149,0.0006641025641025641,0.3916633820553828,0.5335525287189222,0.2728228174583383,69
chr05,5463173,0.0006641025641025641,0.3916633820553828,0.5335525287189222,0.2728228174583383,69
chr05,5463305,0.0005310483870967739,0.2485094864808416,0.6197119815984266,0.20781010705868377,71
chr05,5476307,-0.0005517543859649123,0.24666817192441665,0.6210812100636736,0.20685160952292586,68
chr05,5476308,-0.0005517543859649123,0.24666817192441665,0.6210812100636736,0.20685160952292586,68
chr05,5476360,-0.0005517543859649123,0.24666817192441665,0.6210812100636736,0.20685160952292586,68
chr05,5480409,0.00019237749546279474,0.03023771230926585,0.8624923907322306,0.0642447277649272,67
chr05,5496306,0.00023252562907735312,0.050483458269253684,0.822939967103462,0.08463184511171741,66
chr05,5499838,0.000314285714285714,0.07840427156505136,0.7803473902089095,0.10771201774002624,68
chr05,5513649,0.0003128679562657696,0.08250119607775909,0.7748095269014509,0.11080504792286378,70
chr05,5513895,-8.26210826210825e-05,0.005295186165775083,0.9422176545310477,0.02584876255418233,66
chr05,5513943,-0.00032621082621082584,0.0807235891295382,0.7772364173613568,0.10944685875605405,66
chr05,5518821,-0.00036459209419680396,0.11211933822572637,0.7387747757761925,0.13148794123426422,70
chr05,5552431,-0.0006004761904761903,0.28484667949949055,0.5953624796095545,0.22521853853709328,67
chr05,5560242,0.0005009033423667573,0.2086332420083474,0.6493405380005187,0.18752748349660767,68
chr05,5560475,0.0003066322136089571,0.07737332926208285,0.7817331192202269,0.10694148815814786,70
chr05,5621023,-0.0003066322136089572,0.07737332926208369,0.7817331192202269,0.10694148815814786,70
chr05,5664548,-0.0003807062876830317,0.11948437549608068,0.7306615051115775,0.13628377284913423,70
chr05,5666629,0.00020028142589118158,0.03087122446816008,0.8610742216780864,0.06495941222119185,67
chr05,5687986,0.0006702564102564103,0.3424746380133305,0.5605282620363923,0.2514024852331179,64
chr05,5746023,0.0006732142857142855,0.37063490191416115,0.5447481894789985,0.2638042044971946,68
chr05,5816552,-0.0007166666666666663,0.4393201530066281,0.5096912824128014,0.29269279437360884,70
chr05,5832129,-0.0007103448275862066,0.4170497099241691,0.5206185900669469,0.2834803283140909,69
chr05,5832672,0.0007392857142857139,0.4361743680155399,0.5112732652875125,0.2913469161364959,68
chr05,5869061,-0.0006169354838709673,0.335816077971187,0.5641415867337087,0.24861188427875822,71
chr05,5869238,-0.0006169354838709673,0.335816077971187,0.5641415867337087,0.24861188427875822,71
chr05,5871142,0.00027674624226348333,0.06581551582203693,0.7983277837685385,0.09781875595080615,68
chr05,5871197,0.000564102564102564,0.26793733366493566,0.6064237200092679,0.2172238197974008,69
chr05,5876005,0.0004176724137931033,0.14389613142948604,0.7056376699956306,0.15141824273657184,69
chr05,5876050,0.0004176724137931033,0.14389613142948604,0.7056376699956306,0.15141824273657184,69
chr05,5877543,0.0004541666666666663,0.17575248795316512,0.6763705941454007,0.16981528202934532,70
chr05,5877558,0.0004541666666666663,0.17575248795316512,0.6763705941454007,0.16981528202934532,70
chr05,5877561,0.0004541666666666663,0.17575248795316512,0.6763705941454007,0.16981528202934532,70
chr05,5877704,0.0004715447154471543,0.1942062829726835,0.6608162105659354,0.17991931182420257,71
chr05,5877844,-0.0004715447154471543,0.1942062829726835,0.6608162105659354,0.17991931182420257,71
chr05,5931834,-0.00027886178861788653,0.06779558180359012,0.7953493259782174,0.09944208263480141,71
chr05,5931837,-0.00027886178861788653,0.06779558180359012,0.7953493259782174,0.09944208263480141,71
chr05,5934023,-0.0004823284823284827,0.16582601204447614,0.6852738137630066,0.16413586347738662,63
chr05,5977021,0.00021336206896551744,0.037873527620740186,0.8462862226969055,0.07248272926016365,69
chr05,5977094,0.0004337568058076227,0.15391765135261049,0.6961027899598584,0.15732662559599497,67
chr05,6019239,-8.483563096500892e-06,5.0848931106254156e-05,0.9943333534610086,0.002467992566444984,64
chr05,6073037,-0.00028092334494773567,0.06437066835677586,0.800493669107059,0.0966420984514175,69
chr05,6080967,0.0002202380952380957,0.04040284797284808,0.8412950034325486,0.0750516904117595,70
chr05,6082788,0.0005584524810765346,0.26385941146738945,0.6091461231394848,0.2152785154770787,70
chr05,6110032,-0.000573606271777003,0.2684097414815427,0.6061071903132084,0.21745056387841272,69
chr05,6132229,-0.0005950378469301932,0.2992910902629557,0.5861181573390735,0.23201482441258012,70
chr05,6138540,0.0005828427249789737,0.28712853981157005,0.5938149607406876,0.2263488648651394,70
chr05,6138647,0.0005828427249789737,0.28712853981157005,0.5938149607406876,0.2263488648651394,70
chr05,6196847,-6.071428571428537e-05,0.0031215831601438676,0.9556132645587672,0.019717830579028813,68
chr05,6196937,-0.00045833333333333305,0.17937149344862396,0.673250548500397,0.17182328409454523,70
chr05,6197046,-0.0005004065040650405,0.21878505061288672,0.6414412179676077,0.19284313645506992,71
chr05,6200481,-0.0004958333333333328,0.2094837523850995,0.648631458628457,0.1880019918680557,70
chr05,6219460,-0.000483333333333333,0.19911926944105252,0.6568504238337678,0.18253351552290617,70
chr05,6224934,-0.0006684362934362933,0.3368253230802181,0.5637376480373129,0.24892296076454518,65
chr05,6231157,-0.0005004065040650405,0.21878505061288672,0.6414412179676077,0.19284313645506992,71
chr05,6313475,0.00015492359932088262,0.020011977446758054,0.8879281327360471,0.05162218379260734,69
chr05,6347827,-0.0007028225806451608,0.43645887686939316,0.5110362828880188,0.2915482644471626,71
chr05,6477040,0.0006025408348457348,0.286676191849687,0.5941856729414787,0.22607782415381514,67
chr05,6481243,0.0004925442684063371,0.2053144397018932,0.6519974644649522,0.1857540931806888,66
chr05,6751155,5.838815789473725e-05,0.002981096637569829,0.9566177002967367,0.019261587639171993,70
chr05,6755890,0.00010691244239631306,0.008775930684512111,0.9256560689794837,0.03355034710848781,66
chr05,6916125,0.0003262310606060608,0.08200160433745031,0.775542592265356,0.11039434604138947,65
chr05,6950819,1.7872711421098336e-05,0.0002793631167562638,0.9867150759381768,0.005808236197459039,68
chr05,6959785,3.78787878787881e-05,0.0010720799039079104,0.9739867294589455,0.011446960330844656,63
chr05,6982039,-0.00017187499999999966,0.025840320334549118,0.872767507736669,0.059101430468911476,70
chr05,7007553,9.879032258064542e-05,0.008570303278620552,0.9265087321827844,0.033150483176247025,71
chr05,7013154,-0.0002041666666666666,0.035677737819717635,0.8507451639445339,0.0702005109693526,70
chr05,7125948,-0.0002208333333333332,0.04147094947093121,0.8392397723369913,0.07611394271584283,70
chr05,7132662,0.00012051282051282083,0.013876511489471756,0.9065796730619613,0.042594022731545514,69
chr05,7160547,0.00031451612903225773,0.08266734568694242,0.7746021678105559,0.110921291926692,69
chr05,7160556,0.00031451612903225773,0.08266734568694242,0.7746021678105559,0.110921291926692,69
chr05,7198941,-0.00016294458229942116,0.02309018908976448,0.8796727171381815,0.05567887737113031,70
chr05,7226694,-0.0001304753028890962,0.013386873570701141,0.9082512645179149,0.04179398881589959,66
chr05,7289455,-4.230769230769251e-05,0.0015060763533214622,0.9691587134635877,0.013605095253535492,69
chr05,7432032,0.0006064102564102564,0.3108435496830567,0.579021055574267,0.23730564326141873,69
chr05,7640401,-0.0008374999999999996,0.6026260702588621,0.44026963989254053,0.35628126158054363,70
chr05,7669518,-0.000726190476190476,0.40650777286602047,0.5260578745227873,0.2789664740910489,65
chr05,7713139,-0.0009995579133510169,0.8292680501381697,0.36579819273514436,0.4367584445323549,68
chr05,7747401,0.0009285714285714286,0.7258009763029424,0.39723814006523706,0.4009490602152642,70
chr05,7772820,-0.0013923809523809527,1.7239487626336414,0.19380218351246095,0.7126413341889124,67
chr05,7793656,-0.0011754629629629626,1.138664310713257,0.2898820965794392,0.5377786062968096,67
chr05,7802201,0.0009285714285714286,0.7258009763029424,0.39723814006523706,0.4009490602152642,70
chr05,7808878,-0.0005869918699186991,0.30140746692279957,0.5847737170492264,0.23301215519691518,71
chr05,7811155,0.0010592334494773522,0.9277447989797876,0.33891320726290597,0.46991150661367415,69
chr05,7839905,-0.00017441860465116266,0.025945804246516654,0.872503438853539,0.05923285265282503,71
chr05,7863272,-0.0002479069767441856,0.047022578533099296,0.8289965695909131,0.0814472665677235,68
chr05,7886569,4.651162790700631e-07,1.6739422962248002e-07,0.9996747889397195,0.00014126033989138374,68
chr05,7886609,3.0454545454545196e-05,0.0007336930008086114,0.9784710469022585,0.009452020651475228,69
chr05,7911603,0.0002430069930069926,0.047862874221283366,0.8274799571292822,0.08224251672272322,70
chr05,7914427,4.44444444444446e-05,0.001597980904128176,0.9682303897040635,0.014021290344523703,70
chr05,7914432,4.44444444444446e-05,0.001597980904128176,0.9682303897040635,0.014021290344523703,70
chr05,7914471,4.44444444444446e-05,0.001597980904128176,0.9682303897040635,0.014021290344523703,70
chr05,7914478,-0.00013632478632478602,0.015400123076687224,0.901599097580743,0.04498653165127976,71
chr05,7914497,4.44444444444446e-05,0.001597980904128176,0.9682303897040635,0.014021290344523703,70
chr05,7918206,0.00013632478632478586,0.015400123076687224,0.901599097580743,0.04498653165127976,71
chr05,7918354,0.00027146690518783516,0.05933302810311249,0.8082975255989409,0.09242875068353594,69
chr05,8017181,-8.741258741258426e-06,6.308620888159468e-05,0.9936859788912085,0.002750838119052158,70
chr05,8022959,-2.797202797202777e-05,0.0006436532052139531,0.9798338894268924,0.00884754371560738,70
chr05,8054581,0.00036375661375661375,0.11113808536005904,0.739893195581965,0.13083096664343855,69
chr05,8058651,4.751892346509694e-05,0.0019014980342318593,0.96534612946269,0.015316940373209664,70
chr05,8089351,0.0002371740958788903,0.04812796787453188,0.8270105586278123,0.08248894567777641,70
chr05,8089465,0.0002371740958788903,0.04812796787453188,0.8270105586278123,0.08248894567777641,70
chr05,8089466,0.0002371740958788903,0.04812796787453188,0.8270105586278123,0.08248894567777641,70
chr05,8089868,7.682926829268315e-05,0.005141414573970427,0.9430451783536294,0.02546750106999747,71
chr05,8092241,-0.0004257518796992479,0.14649155955370596,0.7031791770184462,0.1529339983436734,66
chr05,8092311,-0.0005004873294346975,0.1957588097858356,0.6596815361990382,0.1806656712008713,65
chr05,8114606,3.1015037593985366e-05,0.0007578451505624718,0.9781234820645642,0.009606314748149034,66
chr05,8133639,-0.00014203612479474578,0.017403885024619467,0.8954285099965519,0.04796908201303234,71
chr05,8177019,0.0001189024390243906,0.012415371161291449,0.911613034752196,0.04018947366226317,69
chr05,8211555,-0.0003452380952380954,0.09938220650464395,0.7535376946953507,0.12289501781687084,70
chr05,8218622,-0.0003452380952380954,0.09938220650464395,0.7535376946953507,0.12289501781687084,70
chr05,8219113,-0.00042502258355916935,0.14196407364903402,0.7075448977471999,0.15024599647478248,68
chr05,8221380,-0.0003563122923588042,0.10840808055466608,0.7429611997687237,0.12903386614028126,71
chr05,8241861,0.00016724738675958235,0.022987786844745676,0.8799444470617115,0.05554474500450408,69
chr05,8241962,-0.00016724738675958235,0.022987786844745676,0.8799444470617115,0.05554474500450408,69
chr05,8252794,0.0002666105971404547,0.06082734692389768,0.8059360624027425,0.09369941085880504,70
chr05,8737746,0.000525396825396825,0.20092549099389057,0.6555893739714702,0.18336809424576397,62
chr05,8737760,-0.0005253968253968247,0.20092549099389057,0.6555893739714702,0.18336809424576397,62
chr05,8741546,-0.0002666105971404545,0.06082734692389768,0.8059360624027425,0.09369941085880504,70
chr05,8779750,-0.0009625641025641029,0.6693971634039813,0.4163952947639601,0.3804941866293055,64
chr05,8798173,-0.0013002645502645505,1.4229819539399176,0.237120560734403,0.6250307866951607,69
chr05,8824175,0.0009426829268292687,0.7827574130235965,0.3793718393709573,0.4209349097670803,71
chr05,8825539,-0.0007926374650512591,0.48789211853060444,0.48739951201582965,0.31211490996651514,66
chr05,8827642,0.0009375000000000004,0.7550032535870043,0.3879533293396713,0.4112205167495152,70
chr05,8830619,-0.0013049450549450555,1.3942773525546017,0.2419868689645857,0.6162081996846278,67
chr05,8847813,-0.0009426829268292687,0.7827574130235965,0.3793718393709573,0.4209349097670803,71
chr05,8866293,0.001120269133725821,1.0902047128828332,0.30012356196121004,0.5226999078472276,70
chr05,8873754,-0.0008961312026913381,0.6844468932122678,0.4109535402172375,0.38620727390932114,70
chr05,8873866,-0.001120269133725821,1.0902047128828332,0.30012356196121004,0.5226999078472276,70
chr05,8878941,-0.0008750000000000005,0.6613315549627665,0.4189285574663082,0.3778600337010763,70
chr05,8923507,-0.0011275862068965518,1.0771656079182519,0.30306369536752364,0.5184660855587694,69
chr05,8944492,0.0013152077807250231,1.4529084511544523,0.23236576490636032,0.6338278573810249,68
chr05,8946246,-0.0012669779286927,1.3656479778375743,0.24670228543444184,0.6078268272148876,69
chr05,8978945,-0.001317886178861789,1.546606075450861,0.21784588199878835,0.6618506452398459,71
chr05,8979009,-0.001354310344827586,1.540257495261711,0.21890733626704892,0.6597396836266392,69
chr05,9032626,0.001564102564102565,2.039753167319473,0.15794972899039245,0.8014811149191873,68
chr05,9058099,-0.0017991379310344827,2.813097587057672,0.0981575269304007,1.0080763921515739,69
chr05,9063713,0.001520593869731801,1.7939366868930118,0.1852593604651437,0.7322198395124206,65
chr05,9063723,0.0015039682539682545,1.693859097880732,0.19790848929869492,0.7035355763014192,64
chr05,9072997,-0.0013709677419354847,1.6473734982022328,0.20367353250710954,0.6910654041512857,70
chr05,9082336,-0.0018291666666666669,3.015112803630182,0.08702041300957894,1.0603788598234047,70
chr05,9091192,0.0016791666666666663,2.482307191418499,0.11977461294875627,0.921635223888652,70
chr05,9093383,0.0016447580645161295,2.4599783380482267,0.12135529304981438,0.9159412766687176,71
chr05,9128815,-0.0012279286926994914,1.3677074759674765,0.24634987467690725,0.6084476543232774,69
chr05,9149064,0.0015284482758620693,2.0218680792603725,0.15968690733724175,0.7967306900248374,69
chr05,9149068,-0.0015284482758620693,2.0218680792603725,0.15968690733724175,0.7967306900248374,69
chr05,9170351,0.0015740281224152196,2.2243545493209487,0.14047415411778869,0.8524035743822548,70
chr05,9172992,0.0014006410256410264,1.7783253631522558,0.18674074380280567,0.7287609156972545,71
chr05,9221356,0.0016806451612903228,2.3064859283867403,0.1337598707959348,0.8736741594074486,66
chr05,9221561,0.0017796536796536803,2.78924285632809,0.09963551172536832,1.0015858443311216,68
chr05,9221586,0.0018232142857142863,2.841937514813414,0.09662855383313086,1.0148945201707882,67
chr05,9285485,0.001991666666666667,3.312725617456705,0.07342200878351576,1.1341737376247056,66
chr05,9288103,-0.0016414473684210533,2.4404772834881467,0.1228825225048254,0.9105098821214664,70
chr05,9288171,0.0016414473684210535,2.4404772834881467,0.1228825225048254,0.9105098821214664,70
chr05,9288292,-0.0017111486486486487,2.5948364231906877,0.1119140597777944,0.9511153495722507,69
chr05,9334886,-0.0016414473684210533,2.4404772834881467,0.1228825225048254,0.9105098821214664,70
chr05,9371267,-0.0016319444444444445,2.30133732458684,0.13403816180071054,0.8727715367102524,68
chr05,9400170,-0.0013775834658187605,1.7329291043496797,0.19239340764172064,0.7158098131395451,71
chr05,9400173,-0.0013775834658187605,1.7329291043496797,0.19239340764172064,0.7158098131395451,71
chr05,9400224,-0.0013775834658187605,1.7329291043496797,0.19239340764172064,0.7158098131395451,71
chr05,9400226,-0.0013775834658187605,1.7329291043496797,0.19239340764172064,0.7158098131395451,71
chr05,9403527,0.0017880324543610552,2.4344190297048547,0.12387139944927678,0.9070289558934419,63
chr05,9404596,0.0013775834658187602,1.7329291043496797,0.19239340764172064,0.7158098131395451,71
chr05,9407602,-0.0012818627450980388,1.4727395887645625,0.22911237846617125,0.6399514461474614,70
chr05,9425580,-0.0013529411764705884,1.6032400698547162,0.20982940887923912,0.6781336428398603,69
chr05,9431810,-0.0012205882352941178,1.2431958001804637,0.26889961347230534,0.5704098220495342,68
chr05,9471485,-0.0010913419913419922,1.0647952140538948,0.3058905996212623,0.5144338691916648,68
chr05,9508942,-0.0013510101010101008,1.595710511935913,0.21089038965217724,0.6759432107589778,69
chr05,9522988,-0.0011518282988871229,1.2024050429935267,0.27665385696327305,0.5580632707012658,71
chr05,9541161,-0.0013095823095823104,1.5398557156368151,0.2189033708398707,0.6597475507852718,70
chr05,9545042,-0.001324733824733826,1.582426781480462,0.2127140631144912,0.672203796739845,70
chr05,9545048,-0.001324733824733826,1.582426781480462,0.2127140631144912,0.672203796739845,70
chr05,9545370,0.0010858585858585861,1.0843437612092712,0.30147091803898907,0.5207545765399668,69
chr05,9558737,0.001153594771241829,1.1918117386271407,0.2788173785516622,0.5546801603664517,70
chr05,9583559,-0.0008343137254901959,0.6054050600879229,0.4394823961187727,0.3570585163162486,64
chr05,9583849,0.0009060606060606063,0.6961900064008838,0.40732263228541443,0.39006145830684746,63
chr05,9602288,-0.0011887668918918923,1.225259819083863,0.2722892671903916,0.5649694768820411,69
chr05,9602767,0.0011949221949221957,1.277173984828619,0.2623956997214574,0.5810432866841255,70
chr05,9602869,0.0011949221949221957,1.277173984828619,0.2623956997214574,0.5810432866841255,70
chr05,9602893,-0.0011949221949221957,1.277173984828619,0.2623956997214574,0.5810432866841255,70
chr05,9611069,-0.0011928879310344831,0.9941383074166723,0.3228048364455979,0.4910599670543659,61
chr05,9666350,0.0011949221949221957,1.277173984828619,0.2623956997214574,0.5810432866841255,70
chr05,9751734,0.0014319327731092436,1.7746518096092143,0.18732111540409488,0.7274132648745761,69
chr05,9784389,0.0013676470588235294,1.6390407566420364,0.20487189587298224,0.6885176136066689,69
chr05,9801066,0.0016006944444444445,2.2551652651723866,0.13793873776082163,0.8603137524373929,68
chr05,9801118,0.0017491071428571432,2.6752014656779806,0.10675623216778495,0.9716067625130038,67
chr05,9851224,-0.00038484848484848544,0.13056643940479326,0.718999621234869,0.1432713384010529,68
chr05,9854570,0.0005612331081081084,0.2694923180540212,0.6053831597263138,0.21796966421799627,69
chr05,9860272,0.0006626728110599078,0.34667703674686057,0.5580727033386063,0.2533092193384478,66
chr05,9899087,0.00015667229729729746,0.021938338208813444,0.8826961189508606,0.054188782919776836,69
chr05,9983709,-0.0006208333333333335,0.32983593935539307,0.56765076372282,0.24591877350545127,70
chr05,9983809,-0.0006208333333333335,0.32983593935539307,0.56765076372282,0.24591877350545127,70
chr05,10022280,-0.0008415435139573071,0.6162454248151111,0.4351330515152153,0.3613779276346238,71
chr05,10059232,-0.0008415435139573071,0.6162454248151111,0.4351330515152153,0.3613779276346238,71
chr05,10075847,-0.0008415435139573071,0.6162454248151111,0.4351330515152153,0.3613779276346238,71
chr05,10198629,-0.0009864982578397217,0.8471581390474,0.3606597027200027,0.4429023796223296,69
chr05,10198655,0.0009864982578397217,0.8471581390474,0.3606597027200027,0.4429023796223296,69
chr05,10236013,0.0010347786811201443,0.8996630846108579,0.3463322625625781,0.4605070498878438,68
chr05,10236032,0.0010347786811201443,0.8996630846108579,0.3463322625625781,0.4605070498878438,68
chr05,10246635,0.0012307692307692306,1.263314180934534,0.2650962077261954,0.5765964849238937,68
chr05,10252137,0.0013095238095238095,1.4915575914624912,0.22625510538489504,0.645401612275369,69
chr05,10260154,-0.0015,1.9058312322300297,0.1719482672258526,0.7646021963353806,70
chr05,10260215,-0.0015,1.9058312322300297,0.1719482672258526,0.7646021963353806,70
chr05,10272174,0.0012558139534883722,1.3992154238984729,0.24097428249217112,0.6180293041791171,70
chr05,10282634,0.0008750000000000001,0.5707608301752372,0.4529623553250629,0.3439378897177164,61
chr05,10293381,0.0012558139534883722,1.3992154238984729,0.24097428249217112,0.6180293041791171,70
chr05,10293447,-0.0014431818181818183,1.7977133249204027,0.184386700920811,0.7342704060860278,71
chr05,10312604,0.0014767441860465116,1.8416932746403112,0.17924024952790002,0.7465644601589351,70
chr05,10312657,0.0014767441860465116,1.8416932746403112,0.17924024952790002,0.7465644601589351,70
chr05,10346394,-0.0013525641025641023,1.4733066827305654,0.22915043202128774,0.6398793196354963,68
chr05,10378257,-0.0011441637630662024,1.0943647435991886,0.29926561755980247,0.5239431761160043,69
chr05,10378271,-0.0011441637630662024,1.0943647435991886,0.29926561755980247,0.5239431761160043,69
chr05,10386602,0.001109637488947834,1.0617429851820859,0.30657932253241454,0.5134571398042149,68
chr05,10387390,-0.0011642857142857145,1.1097852147587406,0.2959701521639263,0.5287520842252228,68
chr05,10394014,-0.0010525862068965516,0.9764046114532462,0.3266432135773597,0.4859263603932604,69
chr05,10427234,-0.0009173297966401417,0.7327913639088065,0.39507714957155193,0.40331808826835086,68
chr05,10444297,0.0014382591093117408,1.5035541363809137,0.22476215537860736,0.648276811847883,64
chr05,10491168,0.0010749354005167957,1.0195684438071555,0.3162009423715504,0.5000368400769458,70
chr05,10491422,-0.0012638888888888888,1.3704629822436443,0.24575961328025575,0.6094894850404404,71
chr05,10491439,-0.0012638888888888888,1.3704629822436443,0.24575961328025575,0.6094894850404404,71
chr05,10527840,-0.001447802197802198,1.669127655995385,0.2008811005127491,0.6970609210373433,68
chr05,10528843,-0.001165384615384615,1.057086607001783,0.30775077597940625,0.5118008433417335,66
chr05,10557321,0.0010049833887043195,0.8719463484768981,0.3536733294538781,0.45139768914688805,71
chr05,10571695,-0.0010049833887043195,0.8719463484768981,0.3536733294538781,0.45139768914688805,71
chr05,10573285,-0.0014646153846153847,1.5723717750495199,0.2145703294613928,0.6684303319603034,64
chr05,10579824,0.0007833763996554694,0.5083660972060432,0.4782867250047327,0.3203116729377774,70
chr05,10579878,-0.0007833763996554692,0.5083660972060432,0.4782867250047327,0.3203116729377774,70
chr05,10590940,-0.0007865740740740737,0.4865651176028397,0.4879511944515945,0.3116236145553815,67
chr05,10687880,0.0007558922558922556,0.48402059533882874,0.4889434635802832,0.310741355343885,71
chr05,10785682,-0.00039031339031339016,0.11564765482542393,0.734917379423814,0.13376148224531562,66
chr05,10793186,-0.000150383141762452,0.01843688371671427,0.8924261720860518,0.04942770169402678,65
chr05,10797361,-0.0002807250221043322,0.06416887268854791,0.800811622597142,0.09646963234045788,68
chr05,10812474,0.00038337468982630244,0.1260800462735032,0.7236304934495328,0.14048314046087979,70
chr05,10812659,0.0002118570183086308,0.03865156141543871,0.8447447040690266,0.07327452225304586,68
chr05,10839328,9.739049394221786e-05,0.007538477546938388,0.9310821669292686,0.03101199133942473,66
chr05,10883457,0.00018467741935483868,0.02995915531126706,0.8630896872929565,0.06394407256683894,71
chr05,10899023,0.0002916666666666666,0.07285149314951127,0.7880468060673052,0.10344798680859377,70
chr05,10899027,0.00018467741935483868,0.02995915531126706,0.8630896872929565,0.06394407256683894,71
chr05,10937842,0.0009455128205128206,0.7991759260417637,0.37444750859562426,0.42660905466693627,71
chr05,10939122,0.00105,0.8552036199095032,0.35861318204889614,0.4453737505075907,65
chr05,10962464,-0.0006083333333333331,0.316239323698227,0.5757256814141074,0.23978439752476374,70
chr05,11057849,-5.647840531561501e-05,0.002719569830361377,0.9585602591960738,0.018380580319841324,71
chr05,11075633,0.0006728558797524317,0.37013981416344466,0.5450162298725116,0.26359056480753273,68
chr05,11092397,5.647840531561517e-05,0.002719569830361377,0.9585602591960738,0.018380580319841324,71
chr05,11093024,-2.19780219780218e-05,0.00037814742378116837,0.9845439733687853,0.00676488189769864,68
chr05,11201498,5.647840531561517e-05,0.002719569830361377,0.9585602591960738,0.018380580319841324,71
chr05,11201504,-5.647840531561501e-05,0.002719569830361377,0.9585602591960738,0.018380580319841324,71
chr05,11201538,5.647840531561517e-05,0.002719569830361377,0.9585602591960738,0.018380580319841324,71
chr05,11201899,0.0002619047619047623,0.06045554739162373,0.80651800778642,0.09338593131908232,70
chr05,11211560,-6.50183150183154e-05,0.003364794079428487,0.9539184442152201,0.020488753955598033,68
chr05,11213571,9.431524547803591e-05,0.007402855549404248,0.931687581815296,0.030729693053553702,70
chr05,11213587,-1.5873015873016303e-05,0.00020808196566026824,0.9885337460876228,0.0050085003619606185,69
chr05,11220252,-0.000166666666666667,0.023497884344146406,0.8786234182518969,0.05619722551636691,70
chr05,11232670,0.00018879855465221346,0.02822844866406251,0.8670866520915927,0.06193749924263298,68
chr05,11245498,-0.00041275797373358365,0.1387488839805623,0.7107397728292416,0.14828938086127244,67
chr05,11270922,-0.000166666666666667,0.023497884344146406,0.8786234182518969,0.05619722551636691,70
chr05,11294720,9.431524547803591e-05,0.007402855549404248,0.931687581815296,0.030729693053553702,70
chr05,11377833,0.00021109123434704823,0.03553690338063956,0.8510448735532505,0.07004754000617068,69
chr05,11378713,-0.00015395348837209284,0.01868704947213031,0.8916836090681859,0.049789216487738264,68
chr05,11378749,-0.00015395348837209284,0.01868704947213031,0.8916836090681859,0.049789216487738264,68
chr05,11378769,-0.00015395348837209284,0.01868704947213031,0.8916836090681859,0.049789216487738264,68
chr05,11379001,-6.86026936026935e-05,0.00395927306562919,0.9500099396204529,0.022271850816696817,71
chr05,11387517,-0.000643841515934539,0.34911960499894706,0.5565708005484882,0.25447958185628256,70
chr05,11387579,-0.000643841515934539,0.34911960499894706,0.5565708005484882,0.25447958185628256,70
chr05,11474728,-0.0003973063973063972,0.13304418761772127,0.7164119377414234,0.1448371860111257,71
chr05,11474863,-0.0002937123169681307,0.07209591223949273,0.789122144976373,0.10285576892801432,70
chr05,11474869,-0.0002937123169681307,0.07209591223949273,0.789122144976373,0.10285576892801432,70
chr05,11474870,-0.0002937123169681307,0.07209591223949273,0.789122144976373,0.10285576892801432,70
chr05,11474879,-0.0002937123169681307,0.07209591223949273,0.789122144976373,0.10285576892801432,70
chr05,11523235,5.347091932457795e-05,0.002209296894153431,0.962654828649071,0.016529406421780017,67
chr05,11619608,7.813953488372092e-05,0.00469002495735095,0.9456076097333163,0.024289041484086674,68
chr05,11660512,-3.5714285714285575e-05,0.0010720197587956006,0.9739764756309359,0.011451532471541508,70
chr05,11675851,-0.0003169129720853858,0.08672905629192552,0.7692616039921618,0.11392594387900382,71
chr05,11717721,-9.255898366606159e-05,0.0067964942527683845,0.9345494995977062,0.02939769071873758,67
chr05,11721884,-0.0006264864864864867,0.2723540931467815,0.6036783186442658,0.21919442173182596,62
chr05,11737053,-0.0003051282051282051,0.07720350554936242,0.7819791484085723,0.10680482731333754,69
chr05,11777064,-0.00035096153846153816,0.09179790400312626,0.762886464792504,0.11754009033214606,66
chr05,11807731,-0.00075,0.3962176427956085,0.5313996482903386,0.2745787373657408,63
chr05,11807931,-8.99915895710682e-05,0.006924745519391308,0.9339250246182985,0.029687987476040335,70
chr05,11807966,8.999158957106807e-05,0.006924745519391308,0.9339250246182985,0.029687987476040335,70
chr05,11830479,-0.00015476190476190475,0.01997097847715189,0.8880359954219587,0.05156943028412197,70
chr05,11847221,-0.00011064814814814828,0.01003657145508425,0.9205076489536548,0.035972598377171365,67
chr05,11880097,-4.878048780487831e-05,0.0019945278067051687,0.9645110487811287,0.015692793010047848,69
chr05,11918942,-0.00019047619047619024,0.030216451719289734,0.8625164610346971,0.06423260771171249,70
chr05,11919024,-0.00019047619047619024,0.030216451719289734,0.8625164610346971,0.06423260771171249,70
chr05,11919154,-0.0002973086627417998,0.07531556784840604,0.7845809736454561,0.10536222786717511,70
chr05,11923215,-0.0003124999999999999,0.07852474107231412,0.7801831349119048,0.107803441993801,68
chr05,11923222,-0.0003124999999999999,0.07852474107231412,0.7801831349119048,0.107803441993801,68
chr05,11923240,-0.0003124999999999999,0.07852474107231412,0.7801831349119048,0.107803441993801,68
chr05,11923243,-0.0003124999999999999,0.07852474107231412,0.7801831349119048,0.107803441993801,68
chr05,11927992,-4.285714285714264e-05,0.0014948076901752075,0.9692759894202129,0.013552545326722282,68
chr05,11963808,0.0005282258064516127,0.24586540830602197,0.6215772564719027,0.20650488476289575,71
chr05,11963847,0.0005282258064516127,0.24586540830602197,0.6215772564719027,0.20650488476289575,71
chr05,11972878,0.0006416666666666664,0.32554350048601133,0.5702929805227328,0.24390197391551574,66
chr05,11987501,0.0008223443223443222,0.5389982464545741,0.4654883533236278,0.33209118074183935,67
chr05,12046828,-0.0005032051282051279,0.19635686791598528,0.6591490291222366,0.18101638326909048,67
chr05,12046910,-0.0005032051282051279,0.19635686791598528,0.6591490291222366,0.18101638326909048,67
chr05,12087427,-0.0006141025641025641,0.31931330805519265,0.5739079268935071,0.2411577766777955,69
chr05,12089657,-0.0007243589743589742,0.39234522802148775,0.5333323093278264,0.27300210591442775,65
chr05,12098870,0.0007776769509981849,0.48479145467256685,0.48874232588720834,0.31092004872856654,67
chr05,12098986,-0.0007776769509981851,0.48479145467256685,0.48874232588720834,0.31092004872856654,67
chr05,12099141,0.00040322580645161296,0.13799752389297537,0.7114521017654207,0.14785433330168726,69
chr05,12128514,-0.0004259868421052632,0.15832261277841594,0.6919520019374965,0.15992402984475915,70
chr05,12139498,-0.0003197115384615384,0.09044652255733082,0.7645146040661593,0.11661421410415578,71
chr06,24099,0.00037662337662337645,0.11966000398967364,0.730503790879443,0.13637752599422678,68
chr06,24186,0.00037662337662337645,0.11966000398967364,0.730503790879443,0.13637752599422678,68
chr06,24365,0.0005464285714285712,0.2674293587766884,0.6067152280339656,0.2170151044986338,71
chr06,29478,0.00028409090909090886,0.07013748342522076,0.7919497658411161,0.10130236526645374,69
chr06,48562,0.0005955882352941173,0.30915766314610155,0.5800225502359674,0.23655512151866956,70
chr06,56279,0.0004659090909090908,0.1861179797654863,0.6675524311127723,0.17551461813011665,69
chr06,56303,0.0004659090909090908,0.1861179797654863,0.6675524311127723,0.17551461813011665,69
chr06,62051,0.000606060606060606,0.28477351606300655,0.5954380102415099,0.2251634452834434,66
chr06,64364,0.0003331932773109242,0.09756520472930527,0.7557413638070792,0.12162680699812443,69
chr06,64452,0.0003331932773109242,0.09756520472930527,0.7557413638070792,0.12162680699812443,69
chr06,92485,-0.0004632352941176465,0.1877590111112006,0.6661598100227535,0.1764215722030095,70
chr06,93436,0.0006067226890756304,0.3122366449701442,0.5781738024680985,0.23794159046076238,69
chr06,112715,0.00040441176470588187,0.14478138308334368,0.7047592322609281,0.15195922621377145,70
chr06,125279,0.0005464285714285712,0.2674293587766884,0.6067152280339656,0.2170151044986338,71
chr06,146150,0.0010218253968253968,0.8065852361687197,0.3726062919702856,0.4287498157175442,64
chr06,170569,-0.0007833614864864863,0.518499212529996,0.4739871718212463,0.3242334120867496,69
chr06,170698,-0.0010947712418300645,1.0544510279793835,0.3081231671431033,0.511275646752338,70
chr06,223386,0.0005028409090909088,0.19495547950223197,0.6603356277809943,0.1802352701489695,65
chr06,247104,-0.00017881944444444437,0.026545305836427276,0.8710735139848246,0.059945191294643,68
chr06,247140,-0.00017881944444444437,0.026545305836427276,0.8710735139848246,0.059945191294643,68
chr06,297664,-0.00018813131313131316,0.030236594864730633,0.8624788055429355,0.06425156842726328,69
chr06,297781,-0.00016709956709956716,0.023190787928384624,0.8794265647896271,0.05580041980876384,68
chr06,356487,0.00011804451510333897,0.012414869508624393,0.9116051754918214,0.04019321784756515,71
chr06,384898,-0.00016532258064516154,0.01965149315586982,0.8889766454951477,0.05110964832766571,63
chr06,384906,-0.00016532258064516154,0.01965149315586982,0.8889766454951477,0.05110964832766571,63
chr06,384930,-0.00016532258064516154,0.01965149315586982,0.8889766454951477,0.05110964832766571,63
chr06,415313,-1.1859582542694782e-05,0.0001111110311581927,0.9916230261063872,0.00365339719784429,65
chr06,437844,-0.0005220306513409963,0.2123989647571232,0.646480643593684,0.18944447388691252,65
chr06,535080,-0.0003437499999999999,0.09885852065707636,0.7541955561137523,0.12251603088155404,68
chr06,535258,0.000505514705882353,0.20542269220444365,0.6519119252752941,0.1858110744378231,66
chr06,539684,0.00038823529411764713,0.1271899801666053,0.7224842661742717,0.14117160627120162,69
chr06,559000,-0.0005653907496012758,0.2850210631330935,0.5951447775057989,0.2253773730554863,71
chr06,560507,0.0006770833333333332,0.38262943330776517,0.5383284147731557,0.2689526960648674,68
chr06,576602,-0.001109375,1.0429862243869017,0.310856904397647,0.5074394821369107,68
chr06,641565,0.00035101010101010085,0.1039087707598683,0.7481921499573227,0.12598685273778998,69
chr06,641606,0.00035101010101010085,0.1039087707598683,0.7481921499573227,0.12598685273778998,69
chr06,641653,0.00035101010101010085,0.1039087707598683,0.7481921499573227,0.12598685273778998,69
chr06,655606,0.0003873922413793101,0.10116358910808636,0.7515608030416948,0.12403587820775683,61
chr06,655941,8.413078149920222e-05,0.0062854836609893576,0.9370385685349166,0.028242533170741147,71
chr06,655961,4.7502047502047347e-05,0.0019529411463386458,0.9648808004510543,0.015526335261246886,70
chr06,656006,4.7502047502047347e-05,0.0019529411463386458,0.9648808004510543,0.015526335261246886,70
chr06,656029,6.439393939393934e-05,0.0034913272771475118,0.9530583357661488,0.02088051580872712,69
chr06,656043,4.7502047502047347e-05,0.0019529411463386458,0.9648808004510543,0.015526335261246886,70
chr06,702955,9.582542694497148e-05,0.006974457225053462,0.9337082676022603,0.029788795677301236,65
chr06,769842,-0.00012948717948717948,0.014041646102246353,0.9060280718926432,0.04285834616512667,69
chr06,780543,-6.7567567567569e-06,3.964861855631791e-05,0.9949946928022617,0.002179235729489729,69
chr06,814466,0.0002983739837398375,0.0776259787608373,0.7813740604896612,0.10714101027682375,71
chr06,842209,-0.00041666666666666664,0.1501379502813769,0.6996137386195984,0.15514167067978799,70
chr06,843581,-0.0004067197170645449,0.1348817863364566,0.7145981929979763,0.14593808633117178,68
chr06,859129,-0.0005596774193548385,0.27613635162589395,0.6009295270808633,0.22117645610785291,71
chr06,859219,-0.00041666666666666664,0.1501379502813769,0.6996137386195984,0.15514167067978799,70
chr06,859275,-0.00041666666666666664,0.1501379502813769,0.6996137386195984,0.15514167067978799,70
chr06,870886,-0.00030639097744360926,0.07276893773029286,0.7882149560121973,0.10335532885642769,66
chr06,896964,-0.0003272357723577234,0.09339117408710433,0.7608295206469773,0.11871264485434825,71
chr06,912039,0.00033064516129032237,0.09612633789888327,0.7574631507772618,0.1206384899588059,71
chr06,912068,-0.00018333333333333317,0.029015047059528454,0.865250093113268,0.06285834529754311,70
chr06,912162,0.0002985938792390404,0.07649141847940628,0.7829485876298208,0.10626675498131932,70
chr06,924524,-0.00014148351648351636,0.01560520395086649,0.9009718053008519,0.045288799469160396,67
chr06,924544,0.00014148351648351636,0.01560520395086649,0.9009718053008519,0.045288799469160396,67
chr06,924728,0.00018333333333333342,0.029015047059528454,0.865250093113268,0.06285834529754311,70
chr06,924742,0.00018333333333333342,0.029015047059528454,0.865250093113268,0.06285834529754311,70
chr06,959172,0.00018333333333333342,0.029015047059528454,0.865250093113268,0.06285834529754311,70
chr06,978918,-0.00015128205128205128,0.019277485462143883,0.889990395654595,0.05061468002555678,69
chr06,986272,0.000379934210526316,0.1258811258692262,0.7238394750527166,0.140357736052239,70
chr06,1038467,-0.0004767628205128205,0.20145462299402045,0.654955761272165,0.18378803326657642,71
chr06,1038589,-0.0003366418527708852,0.09866567710169846,0.7543984406748316,0.12239921794704829,70
chr06,1039932,0.0004265202702702703,0.15305306452558548,0.6968760391832407,0.15684446765027715,69
chr06,1070967,0.00017948717948717942,0.026009307469013455,0.8723856167398857,0.05929150336614064,66
chr06,1102724,-0.0001732979664014148,0.024449576528492983,0.8762237343006807,0.05738498724981554,68
chr06,1128125,0.0002641025641025641,0.05936239478314637,0.808251034614508,0.09245373079053668,69
chr06,1139635,-0.00033421750663129967,0.09112466187509466,0.763701388913774,0.11707641956233596,68
chr06,1144491,2.631578947368413e-06,5.722285022856448e-06,0.9980985741580206,0.0008265648260486952,68
chr06,1146217,0.00023606418918918924,0.04678659794733847,0.8294094934790541,0.08123099797854623,69
chr06,1157443,-0.0002776442307692309,0.06818873411672058,0.7947703006278704,0.09975837019134104,71
chr06,1157447,-0.0002776442307692309,0.06818873411672058,0.7947703006278704,0.09975837019134104,71
chr06,1180459,-6.666666666666666e-05,0.0038352803491232693,0.9508005334070038,0.02191058330097412,70
chr06,1189587,7.68292682926828e-05,0.005141414573970197,0.9430451783536294,0.02546750106999747,71
chr06,1189691,0.00023717409587888983,0.04812796787453116,0.8270105586278123,0.08248894567777641,70
chr06,1205040,0.00023717409587888983,0.04812796787453116,0.8270105586278123,0.08248894567777641,70
chr06,1205096,0.00023717409587888983,0.04812796787453116,0.8270105586278123,0.08248894567777641,70
chr06,1205184,7.68292682926828e-05,0.005141414573970197,0.9430451783536294,0.02546750106999747,71
chr06,1205940,-0.00036467236467236476,0.10117395738554977,0.7514609492065777,0.12409358325372463,66
chr06,1205954,0.00036467236467236454,0.10117395738554977,0.7514609492065777,0.12409358325372463,66
chr06,1205963,0.00036467236467236454,0.10117395738554977,0.7514609492065777,0.12409358325372463,66
chr06,1209726,-0.00026785714285714276,0.05554415303388681,0.8144350353826295,0.08914355211676073,66
chr06,1214238,-0.00015604838709677417,0.021387824386616298,0.8841538066585592,0.05347217890915903,71
chr06,1214253,-0.00015604838709677417,0.021387824386616298,0.8841538066585592,0.05347217890915903,71
chr06,1216699,-0.00031249999999999974,0.08437109783672522,0.7723429807800658,0.11218979606126345,70
chr06,1274089,-0.0003669319186560566,0.11154973110046172,0.7394455610502386,0.13109379381821493,68
chr06,1274295,0.0003166666666666664,0.08540187377583565,0.7709959786095096,0.11294788715300436,70
chr06,1274569,0.0005213675213675211,0.2065255568265281,0.6510420091782293,0.1863909872141991,66
chr06,1303237,-0.0004999999999999999,0.2157012537635365,0.6438186439056339,0.19123645103018186,70
chr06,1310089,0.0004351851851851851,0.14053144746900664,0.7090534637841718,0.14932101707215306,63
chr06,1322725,0.00023333333333333336,0.046799437128618,0.8293768090649385,0.08124811249254328,70
chr06,1354355,-0.0005166666666666664,0.23112645320562958,0.6322330487263426,0.19912280602199453,70
chr06,1402000,0.00034999999999999994,0.10421836228287919,0.7478155592736073,0.12620550302724942,70
chr06,1402031,0.00034999999999999994,0.10421836228287919,0.7478155592736073,0.12620550302724942,70
chr06,1409479,-0.00023888404533565792,0.04853552104961632,0.8263115075137172,0.08285619905898826,68
chr06,1409498,-0.00023888404533565792,0.04853552104961632,0.8263115075137172,0.08285619905898826,68
chr06,1483949,-0.0003666666666666666,0.11438511311395466,0.736247926096077,0.1329759155478617,70
chr06,1487580,0.0003564516129032258,0.11174223747945713,0.739183201206387,0.13124791152045628,71
chr06,1503492,-0.0005054945054945054,0.20139745045187504,0.6550878234818929,0.1837004729902398,67
chr06,1527186,0.0003564516129032258,0.11174223747945713,0.739183201206387,0.13124791152045628,71
chr06,1528574,-0.0003564516129032258,0.11174223747945713,0.739183201206387,0.13124791152045628,71
chr06,1528618,-0.0006362068965517241,0.3417794503370271,0.5607674363582791,0.25121721369425015,69
chr06,1528812,-0.00044285714285714295,0.1601081928096332,0.6903491028194637,0.1609312352237167,68
chr06,1546216,-0.0003564516129032258,0.11174223747945713,0.739183201206387,0.13124791152045628,71
chr06,1575319,-0.00037660256410256427,0.12556323084578477,0.7241579772118739,0.1401666808370371,71
chr06,1578837,-0.0007974358974358976,0.5677540276647821,0.45379256190426065,0.3431426268962335,69
chr06,1592688,0.0006773504273504272,0.31802703335804205,0.5748976850127336,0.24040944015941684,62
chr06,1592725,0.0006773504273504272,0.31802703335804205,0.5748976850127336,0.24040944015941684,62
chr06,1669539,0.00038942307692307686,0.10526239654803755,0.7467136457164814,0.12684591214406277,63
chr06,1669614,0.0005536437246963563,0.22219151493107359,0.6390296588431248,0.19447898476336317,64
chr06,1748097,-0.0011976840363937132,1.2703493847073724,0.2636627165612848,0.5789512776258574,70
chr06,1748140,-0.0010308493589743593,0.9520241162455428,0.332613058058398,0.4780607048116727,71
chr06,1771784,-0.0013423076923076923,1.6159818054968869,0.2080486093894634,0.6818351827141047,69
chr06,1824148,-0.0011148351648351646,0.8832255673472471,0.3511515665147781,0.4545053898215049,61
chr06,1843529,-0.0010308493589743593,0.9520241162455428,0.332613058058398,0.4780607048116727,71
chr06,1843640,-0.0009428571428571431,0.71751760057033,0.4001658119245891,0.3977600179655105,65
chr06,1915714,0.0009131578947368424,0.6888223927860603,0.4095572201442377,0.38768541342282126,68
chr06,1915986,0.0011976840363937132,1.2703493847073724,0.2636627165612848,0.5789512776258574,70
chr06,1946550,-0.0011815550041356494,1.231646033924099,0.2709964270410518,0.5670364350539505,70
chr06,1946597,0.0011815550041356494,1.231646033924099,0.2709964270410518,0.5670364350539505,70
chr06,1953552,-0.0011976840363937132,1.2703493847073724,0.2636627165612848,0.5789512776258574,70
chr06,1978371,0.0009576612903225808,0.814770952338281,0.3698538165186468,0.4319698954575808,71
chr06,1980956,-0.00079093567251462,0.49553149922917966,0.48406398819731256,0.3150972253717785,65
chr06,2007392,-0.0011245421245421239,1.0276650319958223,0.31446644861405953,0.5024256839518393,67
chr06,2007404,-0.0011245421245421239,1.0276650319958223,0.31446644861405953,0.5024256839518393,67
chr06,2038640,0.0014456233421750663,1.8511725970697916,0.17827558385744052,0.7489081325514173,68
chr06,2133685,0.0017124999999999996,2.6283704330670514,0.10959760928242034,0.9601989192711461,70
chr06,2218923,-0.0014738175675675675,1.8708920482921787,0.17594339201253076,0.7546270395215156,69
chr06,2233902,0.00185672514619883,2.7285477293855274,0.10354510874861945,0.9848704114364462,65
chr06,2245166,0.0014983552631578948,1.9900276863743693,0.16289645995659466,0.7880883536167332,70
chr06,2248147,-0.0021249999999999993,3.604047884060598,0.06237243744907155,1.2050072838469361,63
chr06,2265026,-0.0016366071428571428,2.2527607055545404,0.1382185426323782,0.8594336905166159,67
chr06,2265056,0.0016366071428571426,2.2527607055545404,0.1382185426323782,0.8594336905166159,67
chr06,2302946,-0.0016822276822276827,2.578841932266078,0.11293521578055854,0.9471706140146929,70
chr06,2322413,-0.0020260416666666656,3.810089625281397,0.055189618209857225,1.2581426102820052,68
chr06,2322427,-0.0020260416666666656,3.810089625281397,0.055189618209857225,1.2581426102820052,68
chr06,2322501,0.0020260416666666656,3.810089625281397,0.055189618209857225,1.2581426102820052,68
chr06,2328489,0.0015578149920255173,2.224335901985411,0.14040896893046861,0.8526051498087591,71
chr06,2368673,-0.0013067226890756299,1.473321882890735,0.22908375408906362,0.6400057085393004,69
chr06,2389319,-0.001208267090620032,1.325444940947345,0.2535910306540549,0.5958661112253884,71
chr06,2389359,-0.001208267090620032,1.325444940947345,0.2535910306540549,0.5958661112253884,71
chr06,2389369,-0.001208267090620032,1.325444940947345,0.2535910306540549,0.5958661112253884,71
chr06,2410442,-0.001123355263157895,1.1216225404702524,0.29331688346400375,0.5326629380960928,70
chr06,2410504,-0.0009633173843700155,0.8339608739683136,0.3643096525512841,0.43852932177421544,71
chr06,2413168,-0.0009060457516339861,0.7191495843873722,0.3993981985653321,0.39859389829080477,70
chr06,2413422,-0.0009060457516339861,0.7191495843873722,0.3993981985653321,0.39859389829080477,70
chr06,2413424,-0.0009060457516339861,0.7191495843873722,0.3993981985653321,0.39859389829080477,70
chr06,2413435,-0.0009060457516339861,0.7191495843873722,0.3993981985653321,0.39859389829080477,70
chr06,2448973,0.001022932022932023,0.9313023031412525,0.3379443257055159,0.47115484123253615,70
chr06,2505357,0.0010865709459459457,1.0080551773718376,0.318981601192147,0.4962343662568161,69
chr06,2505361,0.0010865709459459457,1.0080551773718376,0.318981601192147,0.4962343662568161,69
chr06,2534599,0.001209703947368421,1.304114641688443,0.2574683149686806,0.5892762092672338,70
chr06,2572067,-0.001644444444444445,2.218263468790001,0.14129808460635251,0.849863725274795,66
chr06,2594140,-0.0011833333333333333,1.1642437052739976,0.2848352983240074,0.545406191589192,63
chr06,2594142,-0.0011833333333333333,1.1642437052739976,0.2848352983240074,0.545406191589192,63
chr06,2608978,0.0012361111111111112,1.318447886093242,0.2550790760408591,0.5933251648033459,67
chr06,2665953,0.0013493640699523055,1.6609676491990935,0.2017770702364213,0.6951281881268413,71
chr06,2686230,-0.0013999155405405401,1.72412932535208,0.19364187451484383,0.7130007219022872,69
chr06,2692501,-0.001357323232323232,1.5876714743632796,0.21203031726179417,0.6736020368158671,69
chr06,2692663,0.0015225694444444438,1.9790250883587388,0.16418467344313742,0.7846673864963626,68
chr06,2692671,-0.001357323232323232,1.5876714743632796,0.21203031726179417,0.6736020368158671,69
chr06,2727603,0.0013890253890253897,1.7098212826962524,0.195412338662187,0.7090480176708669,70
chr06,2805491,0.0017802829354553495,2.840133885673516,0.09665961038037656,1.014754959766076,68
chr06,2844535,-0.0011807692307692305,1.2068825638475247,0.27588256589548804,0.5592757434302708,69
chr06,2869612,0.0011859318996415768,1.1495726627651108,0.2876033490000032,0.5412060611133794,67
chr06,2897022,-0.0011233552631578954,1.1216225404702524,0.29331688346400375,0.5326629380960928,70
chr06,2917249,-0.001132601351351351,1.1097850687219857,0.2959130703414812,0.5288358518322073,69
chr06,2952954,0.0010166666666666668,0.8499203532769378,0.3600372616886153,0.4436525500429208,66
chr06,2954456,-0.0008259762308998299,0.5809447666616387,0.448617196561257,0.3481240828963422,69
chr06,2954459,-0.0008259762308998299,0.5809447666616387,0.448617196561257,0.3481240828963422,69
chr06,2954476,-0.0008259762308998299,0.5809447666616387,0.448617196561257,0.3481240828963422,69
chr06,2954484,-0.0008259762308998299,0.5809447666616387,0.448617196561257,0.3481240828963422,69
chr06,2954551,0.0008259762308998299,0.5809447666616387,0.448617196561257,0.3481240828963422,69
chr06,2968610,0.0008487358326068001,0.5973210061485277,0.4423611201824287,0.3542230508540008,68
chr06,2982650,0.0009633173843700154,0.8339608739683136,0.3643096525512841,0.43852932177421544,71
chr06,3023980,-0.0014109477124183002,1.7985165154238731,0.18435436936868668,0.7343465647558712,70
chr06,3032144,0.0011285714285714287,1.1450016727641654,0.2883814741841343,0.5400326424201084,70
chr06,3032343,0.0012827731092436973,1.4677684838065375,0.22995376443671928,0.6383594764543149,69
chr06,3164016,0.0012714285714285714,1.4495613326874455,0.23277266747652686,0.6330680165522684,70
chr06,3164072,0.0012714285714285714,1.4495613326874455,0.23277266747652686,0.6330680165522684,70
chr06,3187978,-0.0008285714285714286,0.627584390500856,0.43099781405277937,0.36552493250103896,70
chr06,3188660,-0.0010313492063492057,0.962251211548459,0.3300473822444492,0.48142370748533714,71
chr06,3188710,-0.0010313492063492057,0.962251211548459,0.3300473822444492,0.48142370748533714,71
chr06,3195909,-0.0009761904761904765,0.8175929816512804,0.3691735833449836,0.4327693829927187,68
chr06,3203557,-0.001462121212121212,1.89127214058423,0.17363960693489386,0.7603512059374602,69
chr06,3203809,-0.0014462184873949575,1.8590747751500352,0.17729567425805215,0.7513018603876662,69
chr06,3204730,-0.0016677083333333338,2.048279862855123,0.15756648537453877,0.8025361521050247,62
chr06,3213823,-0.001534313725490195,2.1370883223328034,0.14838074081595273,0.828622464960968,70
chr06,3213837,-0.001534313725490195,2.1370883223328034,0.14838074081595273,0.828622464960968,70
chr06,3231566,-0.0009999999999999994,0.8079769015862613,0.3720885546368832,0.42935368857694056,66
chr06,3231567,-0.0009999999999999994,0.8079769015862613,0.3720885546368832,0.42935368857694056,66
chr06,3260042,-0.001107078853046595,1.019389064525404,0.31640775313471936,0.4997528832578878,67
chr06,3266237,0.0007896825396825395,0.47932766192713294,0.4913119789086702,0.3086426469978601,64
chr06,3266260,0.0007896825396825395,0.47932766192713294,0.4913119789086702,0.3086426469978601,64
chr06,3266264,0.0007896825396825395,0.47932766192713294,0.4913119789086702,0.3086426469978601,64
chr06,3291335,-0.0011805555555555556,1.2253379685230834,0.2722741144018062,0.564993645868397,69
chr06,3320216,-0.0013857142857142861,1.6507166465503837,0.20335237315812899,0.6917507549364719,68
chr06,3333980,-0.0012583333333333333,1.2599242455420656,0.2658588418840606,0.5753488914242741,66
chr06,3459013,0.0009334130781499199,0.7824091612112684,0.3794772868935261,0.4208142131071205,71
chr06,3494535,-0.0010694444444444438,1.0170739434608043,0.3167892991818143,0.4992294968577323,70
chr06,3494580,-0.0012142857142857142,1.2999602711042975,0.2582799674847727,0.587909276940136,69
chr06,3494688,-0.0013055555555555548,1.534032385477895,0.21976689729479343,0.6580377232177149,70
chr06,3622842,-0.0011237373737373734,1.081004658259969,0.30221047137290274,0.5196904917485415,69
chr06,3630262,-0.0013055555555555548,1.534032385477895,0.21976689729479343,0.6580377232177149,70
chr06,3654621,0.0005430672268907563,0.20382396251233498,0.6532794784375373,0.18490098415110187,62
chr06,3654637,0.0005430672268907563,0.20382396251233498,0.6532794784375373,0.18490098415110187,62
chr06,3654890,-0.0003126050420168066,0.08432699219768744,0.7724139795367153,0.11214987474153654,69
chr06,3688829,-0.0009393939393939394,0.7341219159932655,0.39474729226073446,0.40368084031967993,66
chr06,3848809,-0.000710069444444444,0.4221469031454403,0.5181227382580814,0.28556734791106236,68
chr06,3935055,0.0008428571428571426,0.6221626452189439,0.4329862053894642,0.36352593971746094,70
chr06,3948910,0.0010602678571428568,0.9097117355851814,0.34372454673034836,0.4637894520673851,67
chr06,3993894,-0.0009448529411764705,0.7508545202670034,0.3894428691473467,0.40955624385504547,66
chr06,4072257,0.0014311740890688256,1.533553499379267,0.22024838033935998,0.6570872766151875,64
chr06,4072273,0.0014311740890688256,1.533553499379267,0.22024838033935998,0.6570872766151875,64
chr06,4072296,0.0014157894736842105,1.4424735525987278,0.2343823047545967,0.6300751795034516,63
chr06,4073192,0.0011350877192982457,1.0625281994111606,0.3064019473318378,0.5137084788802165,68
chr06,4084384,0.001243951612903226,1.385981716055376,0.24312985668587137,0.6141617059130141,71
chr06,4084496,-0.001243951612903226,1.385981716055376,0.24312985668587137,0.6141617059130141,71
chr06,4099155,-0.001267990074441688,1.404423397053779,0.24010951451120457,0.6195906303726088,70
chr06,4121582,-0.001243951612903226,1.385981716055376,0.24312985668587137,0.6141617059130141,71
chr06,4151354,-0.001243951612903226,1.385981716055376,0.24312985668587137,0.6141617059130141,71
chr06,4152896,-0.0014208333333333332,1.7877707479300284,0.18565382722525772,0.7312960934312083,70
chr06,4194402,-0.001607142857142857,2.065555206039631,0.15553126774582415,0.8081822880236992,66
chr06,4194492,-0.001607142857142857,2.065555206039631,0.15553126774582415,0.8081822880236992,66
chr06,4324432,0.0010945723684210528,1.063994069282122,0.305960855384924,0.5143341335765425,70
chr06,4428520,-0.0013229942100909846,1.5427796629949704,0.21847134078550315,0.6606055259935527,70
chr06,4429685,0.0014692307692307693,1.8684162090692338,0.17622570192948223,0.7539307509062433,69
chr06,4437062,0.0012956140350877197,1.423679337160942,0.2370703721204913,0.625122718601266,68
chr06,4446550,-0.001215322580645161,1.3217122794845735,0.2542542620309685,0.5947317583225534,71
chr06,4481723,0.001404471544715447,1.7618662960889755,0.18876713336023854,0.7240736193750027,71
chr06,4481773,0.001404471544715447,1.7618662960889755,0.18876713336023854,0.7240736193750027,71
chr06,4481941,-0.001404471544715447,1.7618662960889755,0.18876713336023854,0.7240736193750027,71
chr06,4542244,-0.002076923076923077,3.85542094706182,0.05373750625875218,1.2697224912931013,69
chr06,4542263,0.002076923076923077,3.85542094706182,0.05373750625875218,1.2697224912931013,69
chr06,4542314,0.002076923076923077,3.85542094706182,0.05373750625875218,1.2697224912931013,69
chr06,4559849,0.0018165322580645158,3.024334594782303,0.08648372057989051,1.063065635051988,71
chr06,4561509,0.0016898263027295283,2.5765331479242963,0.11309356395960413,0.9465621096312373,70
chr06,4604516,-0.0017971137521222416,2.8231029529964453,0.09757384579119263,1.0106665773204084,69
chr06,4604898,0.001693984306887532,2.4695243136706466,0.12085514340444425,0.9177348619742856,68
chr06,4606145,-0.0017879032258064514,2.9257468749528446,0.09166993400883405,1.0377730812888322,71
chr06,4606356,-0.0017879032258064514,2.9257468749528446,0.09166993400883405,1.0377730812888322,71
chr06,4635146,0.0017879032258064514,2.9257468749528446,0.09166993400883405,1.0377730812888322,71
chr06,4651367,-0.0020666666666666667,3.8379890318838865,0.054205357868492954,1.265957783983423,70
chr06,4714197,0.0017904761904761904,2.628624113357965,0.10994738290796126,0.9588151037489219,65
chr06,4714200,0.0017904761904761904,2.628624113357965,0.10994738290796126,0.9588151037489219,65
chr06,4731552,0.0017114661654135336,2.3314967903700117,0.1317072130637702,0.8803904398596908,66
chr06,4748135,0.0018662601626016255,3.1729758284820724,0.07926687401713646,1.1009082683850921,71
chr06,4753486,-0.0019538793103448275,3.2881610528631176,0.07426012834930869,1.1292443044857239,69
chr06,4763780,-0.0015168350168350163,1.627994216119625,0.20706687030885557,0.6838893805512511,60
chr06,4844205,-0.002218671152228765,4.412686837377783,0.03938315128490678,1.4046895362707792,70
chr06,4853985,0.002029166666666666,3.686915085576937,0.05903641414792624,1.2288800292856756,70
chr06,4853992,-0.0020291666666666665,3.686915085576937,0.05903641414792624,1.2288800292856756,70
chr06,4871228,0.0017704326923076933,2.8857513760689275,0.09387146482520099,1.0274664050963456,71
chr06,4871255,0.0017704326923076933,2.8857513760689275,0.09387146482520099,1.0274664050963456,71
chr06,4871307,0.0017704326923076933,2.8857513760689275,0.09387146482520099,1.0274664050963456,71
chr06,4871451,-0.0017704326923076931,2.8857513760689275,0.09387146482520099,1.0274664050963456,71
chr06,4898207,0.0017704326923076933,2.8857513760689275,0.09387146482520099,1.0274664050963456,71
chr06,4928508,-0.001531372549019608,1.8267894793384747,0.18141807705165336,0.7413194406903001,64
chr06,4948389,-0.001814967105263159,2.960375343342036,0.08987592511014104,1.0463566263096267,70
chr06,5057492,0.0017704326923076933,2.8857513760689275,0.09387146482520099,1.0274664050963456,71
chr06,5072549,0.0010363937138130692,0.931855791167742,0.33780178448067866,0.4713380605433855,70
chr06,5080772,-0.0009612031386224937,0.7712963931342184,0.38300234223740415,0.4167985701105691,68
chr06,5093398,0.0010149193548387098,0.916445758732126,0.3417522222784293,0.46628865270711545,71
chr06,5105558,-0.0010541666666666668,0.9574178341071299,0.33130667500824884,0.47976981407262526,70
chr06,5120988,0.0009466501240694788,0.7812408999107607,0.379876317747346,0.42035778039167615,70
chr06,5121055,-0.0009466501240694788,0.7812408999107607,0.379876317747346,0.42035778039167615,70
chr06,5129579,0.0009679487179487183,0.7927091187127937,0.376468176616218,0.4242717294343244,69
chr06,5133226,0.0010149193548387098,0.916445758732126,0.3417522222784293,0.46628865270711545,71
chr06,5133483,0.0010788177339901475,0.8759861679603463,0.352934757614212,0.45230556947585,64
chr06,5154048,0.0007958333333333335,0.5542482059659869,0.4591521961996863,0.3380433340408231,70
chr06,5154108,0.0006540650406504064,0.37461940302042757,0.5425086984707975,0.265593294036884,71
chr06,5297462,-3.3400809716599386e-05,0.000811147222968741,0.977370282286222,0.009940870173120927,64
chr06,5321362,0.00018653846153846167,0.026079700176302803,0.872214559796846,0.0593766679645289,66
chr06,5325281,-0.000184677419354839,0.029959155311267062,0.8630896872929565,0.06394407256683894,71
chr06,5344170,-0.000184677419354839,0.029959155311267062,0.8630896872929565,0.06394407256683894,71
chr06,5355504,-0.00020592948717948768,0.037495518006476464,0.8470285672271,0.0721019422314234,71
chr06,5360214,-0.00015118243243243277,0.019299521028686137,0.889927948270408,0.05064515395652717,69
chr06,5360215,-0.00015118243243243277,0.019299521028686137,0.889927948270408,0.05064515395652717,69
chr06,5360216,-0.00015118243243243277,0.019299521028686137,0.889927948270408,0.05064515395652717,69
chr06,5360281,0.0001511824324324324,0.019299521028685696,0.889927948270408,0.05064515395652717,69
chr06,5402415,0.00028389154704944197,0.07163823620683925,0.7897647317041866,0.10250226432985236,71
chr06,5402467,-0.00028389154704944186,0.07163823620683925,0.7897647317041866,0.10250226432985236,71
chr06,5402501,-0.0005472756410256416,0.2656976439004978,0.6078801693362261,0.21618202422261065,71
chr06,5402502,-0.0005472756410256416,0.2656976439004978,0.6078801693362261,0.21618202422261065,71
chr06,5402539,-0.00028389154704944186,0.07163823620683925,0.7897647317041866,0.10250226432985236,71
chr06,5487879,0.0005947712418300651,0.31008147111771495,0.5794583747685411,0.23697775600343088,70
chr06,5508532,0.001000448028673835,0.946739967961911,0.33415762459040643,0.47604862497942524,67
chr06,5512678,0.0006720985691573926,0.4047421143545411,0.5267550948076307,0.27839125517664454,71
chr06,5512826,-0.0006720985691573932,0.4047421143545411,0.5267550948076307,0.27839125517664454,71
chr06,5528042,-0.0006720985691573932,0.4047421143545411,0.5267550948076307,0.27839125517664454,71
chr06,5533107,0.0006087301587301581,0.3321986198073327,0.5662427592337935,0.24699733843591332,71
chr06,5562138,-0.0004857142857142858,0.2084495688237864,0.649440367749955,0.18746072010456308,70
chr06,5573135,0.0005182539682539684,0.24046866076201825,0.6254236181659161,0.20382572231685736,71
chr06,5578721,-0.0005522875816993464,0.2654438546426358,0.6080754593759767,0.21604252342938943,70
chr06,5582935,-0.0005228758169934633,0.23768917324143196,0.6274482565676349,0.2024220830958706,70
chr06,5751879,-0.0005591397849462369,0.2689787334120294,0.6057013467319599,0.21774146071409872,70
chr06,5752063,-0.0005052083333333335,0.22629207007834604,0.635789578680131,0.19668659494720625,71
chr06,5752297,-0.0005052083333333335,0.22629207007834604,0.635789578680131,0.19668659494720625,71
chr06,5760751,0.0005271381578947371,0.24007264756278449,0.6257307758087518,0.20361248425018819,70
chr06,5762936,0.0007423599320882858,0.47708496060923766,0.49213175487037897,0.30791861114954533,69
chr06,5767856,0.0005271381578947371,0.24007264756278449,0.6257307758087518,0.20361248425018819,70
chr06,5769605,-0.0005052083333333335,0.22629207007834604,0.635789578680131,0.19668659494720625,71
chr06,5811829,0.000604414261460102,0.3070387002980826,0.581347867556,0.23556391623240697,69
chr06,5828671,-0.0002405913978494626,0.047079759181414195,0.8289045492666574,0.08149547682421428,67
chr06,5828705,0.0002405913978494626,0.047079759181414195,0.8289045492666574,0.08149547682421428,67
chr06,5857497,0.0004596774193548391,0.16919532596760248,0.6821810477741737,0.16610035024880487,67
chr06,5857901,0.000413978494623656,0.1480283266180856,0.701627435422954,0.1538934372876258,70
chr06,5871042,-0.0005052083333333335,0.22629207007834604,0.635789578680131,0.19668659494720625,71
chr06,5871290,-0.0005052083333333335,0.22629207007834604,0.635789578680131,0.19668659494720625,71
chr06,5902193,-0.0004583333333333333,0.16436604195712964,0.686499582097884,0.16335972280106179,67
chr06,5902199,-0.00029629629629629635,0.06719219456057175,0.7963016491711514,0.09892238483234227,66
chr06,5902200,-0.00029629629629629635,0.06719219456057175,0.7963016491711514,0.09892238483234227,66
chr06,5911433,0.0005232263513513517,0.23020396003086083,0.6329352526595284,0.1986407147076064,69
chr06,5939551,-0.00028901482127288594,0.06969348233406879,0.7926061681262455,0.10094255227337998,68
chr06,5939792,-0.0005052083333333335,0.22629207007834604,0.635789578680131,0.19668659494720625,71
chr06,5939865,-0.0005052083333333335,0.22629207007834604,0.635789578680131,0.19668659494720625,71
chr06,5969392,-0.0004314655172413795,0.15563009552932158,0.6944650455969296,0.15834960865408962,69
chr06,6000944,0.00017083333333333328,0.02305688123703258,0.879779569347808,0.0556261276314148,67
chr06,6032811,-0.00045156695156695146,0.1540048173918818,0.6960411518188561,0.15736508297633653,66
chr06,6033136,-0.0005555555555555554,0.24861380575257372,0.6196858697183005,0.20782840666351282,69
chr06,6051126,0.0005574712643678163,0.269075602090769,0.6056122180616169,0.21780537164666683,71
chr06,6104291,-0.0007321428571428573,0.422293291495132,0.5180850254404712,0.2855989602366329,67
chr06,6115861,-0.00021937321937321935,0.03681147882987816,0.8484568313151554,0.07137024927859681,66
chr06,6116327,-0.0005899915895710685,0.2944791786568787,0.5891385805502463,0.22978253596126325,70
chr06,6143482,-0.0006158536585365855,0.33192202492764367,0.5664040452460706,0.24687365358493152,71
chr06,6189274,0.00050241935483871,0.22235322650536274,0.6387403585137442,0.1946756422793527,71
chr06,6189369,0.00047229114971050464,0.19169237208631104,0.6628993807805561,0.17855238666011822,70
chr06,6208987,0.0005754385964912281,0.26852825945073383,0.6060536365140068,0.21748893852141155,68
chr06,6242892,0.0002702839756592288,0.052121553838567154,0.8201754905909138,0.0860932129321744,63
chr06,6243107,0.0003656862745098042,0.09816967347115683,0.7550888920969596,0.12200191847052443,64
chr06,6243218,0.0003656862745098042,0.09816967347115683,0.7550888920969596,0.12200191847052443,64
chr06,6256903,-0.00050241935483871,0.22235322650536274,0.6387403585137442,0.1946756422793527,71
chr06,6257019,-0.00050241935483871,0.22235322650536274,0.6387403585137442,0.1946756422793527,71
chr06,6257025,-0.00050241935483871,0.22235322650536274,0.6387403585137442,0.1946756422793527,71
chr06,6268068,0.0005836206896551729,0.28964438542528703,0.5922319528011455,0.22750816474330873,69
chr06,6268072,0.0005836206896551729,0.28964438542528703,0.5922319528011455,0.22750816474330873,69
chr06,6268147,0.0005836206896551729,0.28964438542528703,0.5922319528011455,0.22750816474330873,69
chr06,6316115,0.0002387931034482761,0.048118045397472754,0.8270378919248857,0.08247459216825453,69
chr06,6370437,0.0003020161290322582,0.08018222471270735,0.777898440543844,0.10907709914202111,71
chr06,6370656,0.0002708333333333338,0.06241490727812631,0.8034721980873099,0.09502914618895349,70
chr06,6372557,0.00017307692307692336,0.02520944906078901,0.87432389685733,0.058327651393783736,69
chr06,6393630,-4.714640198511187e-05,0.0019324561393150549,0.9650653531127391,0.015443275738900546,70
chr06,6399600,-0.0003879456706281834,0.12846323688897937,0.7211576301173228,0.14196979712821087,69
chr06,6416076,-0.00014914914914914906,0.016295619048412795,0.8988357054235945,0.04631968396047108,64
chr06,6416098,-0.00014914914914914906,0.016295619048412795,0.8988357054235945,0.04631968396047108,64
chr06,6419126,0.0002171814671814669,0.0369646128916223,0.848155509762845,0.07152451231872023,65
chr06,6423817,-6.75438596491229e-05,0.0037142872384029035,0.9515872265205814,0.021551396278380784,68
chr06,6433959,0.0005069444444444442,0.19927094969720816,0.6567936158541545,0.18257107728445515,67
chr06,6441069,0.00044233870967741933,0.17222889572703443,0.6794260560613512,0.1678578019071489,71
chr06,6442593,0.00038060344827586177,0.12257024556659317,0.7273616143743202,0.1382496220403067,69
chr06,6471177,-0.0007117886178861785,0.44410456794401293,0.5073701333978731,0.2946751013284363,71
chr06,6479770,0.0008330529857022706,0.5933608101082984,0.4437904418081391,0.35282205567472685,70
chr06,6479849,0.0007117886178861785,0.44410456794401293,0.5073701333978731,0.2946751013284363,71
chr06,6498361,0.0009264972776769509,0.6928381374908748,0.4082485145515552,0.3890753868074275,67
chr06,6507585,0.000939655172413793,0.7075785762133311,0.4033328242512162,0.39433643256443673,67
chr06,6518343,-0.0007041666666666664,0.4238973452123226,0.5171928993140631,0.28634744630109665,70
chr06,6602039,0.0015428685897435905,2.169754494950109,0.1452959975849613,0.8377463488864693,71
chr06,6602096,-0.0015428685897435903,2.169754494950109,0.1452959975849613,0.8377463488864693,71
chr06,6643092,-0.001827543424317618,2.9917542502370034,0.08822649017949871,1.0544009975044877,70
chr06,6643222,-0.001827543424317618,2.9917542502370034,0.08822649017949871,1.0544009975044877,70
chr06,6643295,0.001827543424317618,2.9917542502370034,0.08822649017949871,1.0544009975044877,70
chr06,6663961,0.0016930894308943088,2.5903723668112084,0.11208110903778964,0.9504675803756606,71
chr06,6663966,0.0016930894308943088,2.5903723668112084,0.11208110903778964,0.9504675803756606,71
chr06,6847674,0.0016754201680672267,2.089316499225282,0.1535355128496914,0.8137911560119293,62
chr06,6847677,0.0016754201680672267,2.089316499225282,0.1535355128496914,0.8137911560119293,62
chr06,6852923,-0.0015372786579683135,1.9316366177943824,0.16939517419139852,0.7710989662125105,66
chr06,6897696,0.0011881720430107527,1.0660309739996392,0.305854464651738,0.514485175589715,64
chr06,6898748,0.0016499999999999998,1.813260988922263,0.18335629904683223,0.7367041656363501,60
chr06,6898885,-0.0019511904761904766,2.5793153066041765,0.11360804845889713,0.9445909003374149,61
chr06,6900051,0.0014384615384615388,1.7629911687016548,0.18875793238056354,0.7240947884843645,69
chr06,6900203,0.001393300248138958,1.7074630118715926,0.1957169532104226,0.708371553663174,70
chr06,6936753,0.001478098788443616,1.78068518243464,0.18679367916301431,0.7286378237754577,66
chr06,6936802,0.001478098788443616,1.78068518243464,0.18679367916301431,0.7286378237754577,66
chr06,6946297,0.0015144230769230777,2.088086649866064,0.15297821211347584,0.8153704190692962,71
chr06,6970217,-0.0015144230769230777,2.088086649866064,0.15297821211347584,0.8153704190692962,71
chr06,6970270,-0.0016918505942275044,2.5154255868871145,0.11744599683768474,0.9301617816188804,69
chr06,6981933,-0.001458828522920204,1.8306825016026482,0.18059499283343627,0.743294295079847,69
chr06,7019225,0.0015400326797385608,2.161685160228149,0.1461015739163277,0.8353451054928472,70
chr06,7104001,-0.0016425457715780302,2.3216177823338535,0.1323648146612713,0.8782274441202758,68
chr06,7143010,0.0012657657657657662,1.4316165099704217,0.23565592564900859,0.6277216352834654,70
chr06,7203370,-0.0013669123669123673,1.6810343139092911,0.1991697726343801,0.7007765724093395,70
chr06,7236956,-0.0012003968253968247,1.3100267173459281,0.2563446808144992,0.5911756897971275,71
chr06,7250205,-0.0013593749999999997,1.5591621696696922,0.21619900327621766,0.6651463125688161,68
chr06,7265188,-0.001405802861685215,1.8065312342913018,0.18332766746196205,0.736771987196485,71
chr06,7265194,-0.001405802861685215,1.8065312342913018,0.18332766746196205,0.736771987196485,71
chr06,7308158,0.001472886762360446,1.9816409018878427,0.1637069613454387,0.7859328526000923,71
chr06,7310656,0.0015714285714285717,1.966919559191213,0.16568384082778811,0.7807198463274233,65
chr06,7323136,-0.0012187500000000004,1.2525986641698723,0.2671755980960596,0.5732032097300603,67
chr06,7323152,-0.0012187500000000004,1.2525986641698723,0.2671755980960596,0.5732032097300603,67
chr06,7323203,-0.0012187500000000004,1.2525986641698723,0.2671755980960596,0.5732032097300603,67
chr06,7367642,-0.0015945723684210533,2.277985844842132,0.13585492907848792,0.8669245999199671,70
chr06,7373014,0.0014999999999999998,1.912825955124317,0.17131086081789823,0.7662151026284145,68
chr06,7386614,-0.0016414473684210535,2.4404772834881463,0.1228825225048254,0.9105098821214664,70
chr06,7388261,-0.0014728867623604463,1.9816409018878427,0.1637069613454387,0.7859328526000923,71
chr06,7402533,-0.0014728867623604463,1.9816409018878427,0.1637069613454387,0.7859328526000923,71
chr06,7402705,-0.0014728867623604463,1.9816409018878427,0.1637069613454387,0.7859328526000923,71
chr06,7402707,-0.0014728867623604463,1.9816409018878427,0.1637069613454387,0.7859328526000923,71
chr06,7402744,-0.0014728867623604463,1.9816409018878427,0.1637069613454387,0.7859328526000923,71
chr06,7421876,0.001297697368421053,1.5281632281747262,0.22064141237305174,0.6563129711471072,70
chr06,7421917,0.001297697368421053,1.5281632281747262,0.22064141237305174,0.6563129711471072,70
chr06,7423042,-0.0015020475020475028,2.0076185502241897,0.16107615444068865,0.7929687473606377,70
chr06,7423223,-0.0017986111111111106,2.7462327540353684,0.10223042917152254,0.9904198159986419,68
chr06,7423842,0.001472886762360446,1.9816409018878427,0.1637069613454387,0.7859328526000923,71
chr06,7427724,0.001472886762360446,1.9816409018878427,0.1637069613454387,0.7859328526000923,71
chr06,7437138,-0.0014983022071307303,1.9280889499019098,0.16956685286057016,0.7706590402083758,69
chr06,7469364,-0.0017453567937438907,2.3255831811469756,0.1323477187839489,0.8782835400300395,64
chr06,7470960,0.0016564952048823012,2.344873379101109,0.1304752299120037,0.8844719291961919,68
chr06,7471007,0.0016564952048823012,2.344873379101109,0.1304752299120037,0.8844719291961919,68
chr06,7480457,-0.0015164473684210532,2.0391532353366575,0.1578717666175553,0.8016955311605,70
chr06,7480520,-0.0015164473684210532,2.0391532353366575,0.1578717666175553,0.8016955311605,70
chr06,7488664,-0.0015719298245614039,2.0579258012148465,0.15613771896348091,0.8064921695903232,68
chr06,7571146,0.0015400326797385612,2.161685160228149,0.1461015739163277,0.8353451054928472,70
chr06,7571155,-0.0015400326797385614,2.161685160228149,0.1461015739163277,0.8353451054928472,70
chr06,7571156,-0.0015400326797385614,2.161685160228149,0.1461015739163277,0.8353451054928472,70
chr06,7571227,0.0015400326797385612,2.161685160228149,0.1461015739163277,0.8353451054928472,70
chr06,7571265,0.0015400326797385612,2.161685160228149,0.1461015739163277,0.8353451054928472,70
chr06,7583961,0.0016891891891891888,2.4829812021275677,0.11979437622120098,0.9215635695379257,69
chr06,7593266,0.0015517676767676772,2.1170514846841857,0.150336118339859,0.8229366673754301,69
chr06,7593278,0.0015517676767676772,2.1170514846841857,0.150336118339859,0.8229366673754301,69
chr06,7617950,-0.0012638888888888884,1.4128364731467145,0.2387206375231575,0.6221100343866324,70
chr06,7627673,0.0012941176470588238,1.4378987880220127,0.23476715767293005,0.6293626580165782,68
chr06,7643016,0.001236486486486487,1.3893413440118803,0.24256514654334446,0.6151716014550993,71
chr06,7727725,-0.001194444444444444,1.296823355125494,0.2587326172120493,0.5871488183561936,71
chr06,7729584,-0.001179738562091502,1.2286677017258334,0.27157143734143485,0.5661159091239021,70
chr06,7729672,-0.001179738562091502,1.2286677017258334,0.27157143734143485,0.5661159091239021,70
chr06,7769800,-0.0012647058823529408,1.387944845909456,0.24292000664831098,0.6145367156635663,69
chr06,7775328,-0.001194444444444444,1.296823355125494,0.2587326172120493,0.5871488183561936,71
chr06,7893375,-0.001194444444444444,1.296823355125494,0.2587326172120493,0.5871488183561936,71
chr06,7906851,-0.0016695075757575755,2.2369824130699456,0.13973656086533945,0.8546899496145605,65
chr06,7906861,-0.0016695075757575755,2.2369824130699456,0.13973656086533945,0.8546899496145605,65
chr06,7906949,-0.001546875,1.8847726158942444,0.17473812666810387,0.7576123245820598,64
chr06,7931359,-0.0011057233704292533,1.1065599422463104,0.29650105233179697,0.5279737609132716,71
chr06,7943788,-0.0012411957411957416,1.3736912456639594,0.24526870854615657,0.610357855676971,70
chr06,7960932,0.0013740808823529413,1.5490080736053011,0.21782041234935898,0.6619014241426865,66
chr06,7961080,0.001234402852049911,1.2694242681154286,0.2640170942083816,0.5783679531300528,67
chr06,7982619,-0.0009972222222222218,0.8988078943746943,0.3464101978902121,0.4604093313710448,71
chr06,7982689,-0.0009972222222222218,0.8988078943746943,0.3464101978902121,0.4604093313710448,71
chr06,7982791,0.0009972222222222218,0.8988078943746943,0.3464101978902121,0.4604093313710448,71
chr06,8019311,-0.0005718487394957984,0.2840805211084688,0.5958026200839905,0.2248975912761997,69
chr06,8019384,0.0006535947712418299,0.37946822306767386,0.5399445758792353,0.2676508172606545,70
chr06,8024417,-0.0009733952702702707,0.8164435410919421,0.3694593949161732,0.4324332853689192,69
chr06,8024465,-0.0009531249999999999,0.7616153478513896,0.3859874874993605,0.41342677356156105,68
chr06,8024594,-0.0009531249999999999,0.7616153478513896,0.3859874874993605,0.41342677356156105,68
chr06,8041946,-0.0004193548387096773,0.12506938020351585,0.724839751034903,0.13975799747566883,62
chr06,8059369,0.0005596590909090909,0.24751569012506958,0.6205618643156545,0.20721491683784127,65
chr06,8078047,0.0004696969696969699,0.20544613986798943,0.6518934009386743,0.18582341526357932,66
chr06,8078125,0.0004696969696969699,0.20544613986798943,0.6518934009386743,0.18582341526357932,66
chr06,8088606,-0.0006070261437908494,0.3208263553712508,0.572976206475293,0.24186341225780314,70
chr06,8088712,-0.0006070261437908494,0.3208263553712508,0.572976206475293,0.24186341225780314,70
chr06,8088727,-0.0006070261437908494,0.3208263553712508,0.572976206475293,0.24186341225780314,70
chr06,8088728,-0.0006070261437908494,0.3208263553712508,0.572976206475293,0.24186341225780314,70
chr06,8091534,-0.0005610795454545453,0.24448353439152953,0.6227063004476501,0.20571674013084762,65
chr06,8102093,0.0003774509803921569,0.11487175032108297,0.7357569650306899,0.13326561796762784,67
chr06,8102311,0.0005293255131964806,0.20957627520755895,0.6487000993116441,0.18795603558218937,64
chr06,8102328,0.0005293255131964806,0.20957627520755895,0.6487000993116441,0.18795603558218937,64
chr06,8126372,-0.00028781512605041996,0.06995962110228347,0.7922075429100058,0.10116102682872452,69
chr06,8126545,-0.0003096405228758165,0.083284646964315,0.7737724421767269,0.11138674169115213,70
chr06,8151998,0.000702561669829222,0.38667175394689257,0.5362979766227807,0.27059384156614846,65
chr06,8162048,-0.0003346320346320346,0.09185999973501908,0.7627790166656678,0.11760126249500884,68
chr06,8163310,0.0004901960784313723,0.1775763463724004,0.6749218185583047,0.17074653196187004,64
chr06,8163435,0.0004901960784313723,0.1775763463724004,0.6749218185583047,0.17074653196187004,64
chr06,8168947,-0.00039438502673796777,0.12850840662828097,0.7211453067527667,0.14197721855000586,67
chr06,8195213,-0.0004477124183006534,0.17688125473804447,0.6753934201871497,0.1704431746605308,70
chr06,8195798,0.00037748917748917755,0.12033031657534801,0.7297801324189412,0.1368079640712216,68
chr06,8198551,0.0004477124183006534,0.17688125473804447,0.6753934201871497,0.1704431746605308,70
chr06,8211886,0.0006943722943722945,0.4045932916876165,0.5269262658940488,0.27825015244536494,68
chr06,8223381,-0.0005131160572337046,0.23533271440816092,0.6291342567819387,0.20125666654554433,71
chr06,8226093,-0.0004747474747474745,0.19448316325709353,0.6606310236028008,0.18004103545365474,69
chr06,8262041,-0.0004013392857142856,0.12999986520693885,0.7196012614726377,0.14290808400057542,67
chr06,8262938,0.0006764418377321605,0.3418707772759976,0.5608731518898172,0.25113534848249613,64
chr06,8294493,0.0008281746031746029,0.6174117683728308,0.4347007359632902,0.3618096245330525,71
chr06,8347782,0.000980252100840336,0.8354687108821762,0.3639736652548625,0.4389300379120427,69
chr06,8347952,0.0007050653594771239,0.4403697731770499,0.5091876747682,0.29312211728260495,70
chr06,8347991,0.0007050653594771239,0.4403697731770499,0.5091876747682,0.29312211728260495,70
chr06,8490343,0.00041082251082251073,0.14221961136004463,0.7072942020563051,0.1503999019702513,68
chr06,8519591,0.001461038961038961,1.794927820040888,0.18492176965795173,0.7330119591177658,68
chr06,8519614,0.001461038961038961,1.794927820040888,0.18492176965795173,0.7330119591177658,68
chr06,8522087,0.0014696969696969698,1.7507559194306226,0.1904896108905518,0.7201287053213862,66
chr06,8522569,0.0012857142857142859,1.4879891075307161,0.22674261673157392,0.644466845678853,70
chr06,8536920,0.0015833333333333342,2.0762938035011422,0.15440313928347027,0.8113438739508766,67
chr06,8561101,0.001444577352472089,1.9041153384539014,0.17207348900005526,0.7642860353544664,71
chr06,8573606,0.0017135416666666672,2.696139530770055,0.10514191811255655,0.9782241043757973,71
chr06,8573665,0.0017135416666666672,2.696139530770055,0.10514191811255655,0.9782241043757973,71
chr06,8592884,0.0018389162561576356,2.660746040015418,0.1079223635158387,0.9668885521181507,64
chr06,8592900,0.0018389162561576356,2.660746040015418,0.1079223635158387,0.9668885521181507,64
chr06,8622844,-0.001952508960573477,3.237079032452125,0.07663092507550806,1.115595931682469,67
chr06,8713816,-0.0016126644736842114,2.3527045396340283,0.12970565274295065,0.887041096378717,70
chr06,8720827,0.001625822368421053,2.384537130099179,0.12718258404178898,0.8955723554517186,70
chr06,8720942,0.001625822368421053,2.384537130099179,0.12718258404178898,0.8955723554517186,70
chr06,8722675,-0.0014824561403508777,1.8768239041739825,0.17533819771155376,0.7561234618397957,68
chr06,8892682,-0.0015804597701149432,1.84864452364917,0.17902894424905094,0.7470767494030901,62
chr06,8895888,0.0016710526315789468,2.571954857473122,0.11334126666718718,0.9456119381256515,71
chr06,8942651,-0.001557814992025518,2.224335901985411,0.14040896893046861,0.8526051498087591,71
chr06,8942660,-0.001557814992025518,2.224335901985411,0.14040896893046861,0.8526051498087591,71
chr06,8942661,-0.001557814992025518,2.224335901985411,0.14040896893046861,0.8526051498087591,71
chr06,8966763,0.0015578149920255178,2.224335901985411,0.14040896893046861,0.8526051498087591,71
chr06,8974448,-0.0014529074529074538,1.9053148110441103,0.17200557388579638,0.7644574794376728,70
chr06,9080379,0.0013416385135135134,1.590578660544136,0.21161722418822196,0.674448986611018,69
chr06,9080387,0.0013416385135135134,1.590578660544136,0.21161722418822196,0.674448986611018,69
chr06,9171640,0.0015190239867659226,2.0354912673071506,0.1582400540423663,0.8006835774260069,70
chr06,9171706,0.001584615384615385,2.149162437588484,0.1473254337658792,0.8317222715506448,69
chr06,9236351,-0.0009532407407407408,0.7136244099411875,0.40134189560784894,0.39648550241021113,67
chr06,9236376,-0.0010971153846153845,0.9198827444162274,0.341115162583038,0.4670989757559265,66
chr06,9321984,0.0007344913151364764,0.4722579315538136,0.49428741294938316,0.306020448726413,70
chr06,9321986,0.0007344913151364764,0.4722579315538136,0.49428741294938316,0.306020448726413,70
chr06,9322072,0.0007344913151364764,0.4722579315538136,0.49428741294938316,0.306020448726413,70
chr06,9322145,-0.0008431451612903225,0.6298900776659379,0.4301165692103619,0.3664138269692163,71
chr06,9322154,-0.0008431451612903225,0.6298900776659379,0.4301165692103619,0.3664138269692163,71
chr06,9322187,-0.0008431451612903225,0.6298900776659379,0.4301165692103619,0.3664138269692163,71
chr06,9326797,-0.0007344913151364764,0.4722579315538136,0.49428741294938316,0.306020448726413,70
chr06,9340983,-0.0009490131578947371,0.7862047961288396,0.3783753981134247,0.4220771090855918,70
chr06,9362776,-0.001528205128205128,2.015276131979467,0.16035908187397352,0.7949064389406508,69
chr06,9363737,-0.0014124999999999997,1.7389756712064623,0.19169276254582854,0.7173942838133575,70
chr06,9382775,-0.0014366471734892788,1.5479325224283196,0.21805005427221644,0.6614438008955252,65
chr06,9406153,-0.0009044665012406948,0.7077449046645472,0.40314222504812847,0.394541711534367,70
chr06,9447345,-0.0014438344594594596,1.9022400815358949,0.17241443931172676,0.7634263658267886,69
chr06,9488361,0.0013149641577060935,1.506874259074806,0.22404379860021875,0.649667072598866,67
chr06,9499999,0.0016102564102564107,2.3847987909097275,0.1272311655604803,0.8954064942450853,69
chr06,9500290,0.001551707779886148,1.9588483566849064,0.16654144441070098,0.7784776730338111,65
chr06,9523894,0.0013359649122807018,1.5871832606580212,0.2121657385385145,0.6733247465657304,68
chr06,9570417,0.0015859788359788357,2.083901674314802,0.15351894206220285,0.8138380310952178,69
chr06,9577592,0.0017752613240418122,2.7069513405306873,0.10459568750867289,0.9804862211073281,69
chr06,9597706,0.001991300366300366,3.3835921217314233,0.0704158581723475,1.1523295235117155,67
chr06,9623958,0.0017678721614802363,2.781428314995931,0.09996227376592315,1.0001638738664889,70
chr06,9623983,0.0017678721614802363,2.781428314995931,0.09996227376592315,1.0001638738664889,70
chr06,9650318,0.0021145470383275265,4.152640750917647,0.04552107757445215,1.3417874658770603,69
chr06,9655882,0.0017782051282051283,2.77627942372641,0.1003391527367132,0.9985295704731437,69
chr06,9660182,0.0017678721614802363,2.781428314995931,0.09996227376592315,1.0001638738664889,70
chr06,9690643,-0.0019485049833887042,3.3961566010753996,0.06964432404850711,1.1571142724181838,71
chr06,9690758,-0.0018571428571428567,3.0472654955253518,0.08539000093991274,1.06859298166302,70
chr06,9702594,-0.0021425,3.5283900186606223,0.06495537283314998,1.1873849201062354,65
chr06,9712679,-0.0018754578754578747,2.907410243720811,0.09294870655478282,1.031756649356622,67
chr06,9729582,-0.002284412955465587,3.972902961204929,0.050643205142240494,1.2954788161909447,64
chr06,9742579,0.0015912531539108501,2.2360710535460875,0.13944987122232674,0.855581882455362,70
chr06,9742681,0.0016867816091954019,2.5443874273156664,0.11525737783906254,0.9383312650512072,71
chr06,9853835,0.0018854995579133517,3.0122005635591114,0.08730701696406515,1.0589508501511626,68
chr06,9916197,0.00218068068068068,3.894298301595565,0.05291166801414999,1.2764485473335143,64
chr06,9917359,0.0014189655172413792,1.7581278127994113,0.1893610531531138,0.7227093396939186,69
chr06,9933452,-0.0014857022708158116,1.9345697975542016,0.16879412398185054,0.7726426759963578,70
chr06,10006675,0.0013312195121951218,1.4192948276167876,0.23791894299297026,0.6235709782662201,66
chr06,10011297,-0.0014425925925925928,1.708002748242846,0.19584955184431843,0.7080774178958561,67
chr06,10017471,0.0015329670329670324,1.959454801756655,0.16632646566496162,0.7790386408721395,67
chr06,10040185,0.0012466843501326259,1.2773459362197899,0.26248371324945025,0.5808976387926145,68
chr07,143327,-0.00029565929565929564,0.07683570517527834,0.7824731901158397,0.10653053376134482,70
chr07,170600,0.00029565929565929564,0.07683570517527834,0.7824731901158397,0.10653053376134482,70
chr07,170628,0.00042018581081081064,0.15227060231952022,0.6976127237168319,0.15638560693211712,69
chr07,198684,0.00030121703853955376,0.0666863797875887,0.7970932597600402,0.09849086325921781,63
chr07,214600,0.00042018581081081064,0.15227060231952022,0.6976127237168319,0.15638560693211712,69
chr07,222068,0.00029565929565929564,0.07683570517527834,0.7824731901158397,0.10653053376134482,70
chr07,340011,0.0006093750000000002,0.31994205240484686,0.5735319450246534,0.2414423874199859,69
chr07,340364,0.00027553763440860206,0.06241688554610548,0.8035038394656612,0.09501204366135078,67
chr07,367055,-0.0005172697368421052,0.2347677372494818,0.6295680115084817,0.2009573466881968,70
chr07,367147,0.0005172697368421052,0.23476773724948022,0.6295680115084817,0.2009573466881968,70
chr07,368420,0.0005147804054054056,0.22629974550964124,0.6358286112575988,0.1966599334333207,69
chr07,388016,-0.00012321428571428588,0.01224722208909471,0.9122212816144813,0.03989980012849055,67
chr07,462941,-6.74603174603174e-05,0.00406054775386194,0.9493754923744595,0.02256198355500246,71
chr07,492900,0.0002707528957528957,0.05702715393245374,0.812033004450605,0.09042631883828035,65
chr07,502293,0.00023108552631578968,0.04672521138654976,0.829510044546129,0.0811783507311872,70
chr07,532409,0.0004895379250217962,0.2007814773836063,0.6555582890166279,0.18338868692916926,68
chr07,558786,0.00037072072072072057,0.11022947938989022,0.7409512607522449,0.13021035866374622,67
chr07,558931,0.00042502179598953826,0.14947798866349474,0.7002784324993528,0.15472924904934848,68
chr07,668153,0.00011428571428571434,0.011507139079851592,0.9148895931744896,0.03863131245613173,70
chr07,686364,0.00022857142857142857,0.04795592286501383,0.8273150419901449,0.08232907939082997,70
chr07,695702,5.367965367965384e-05,0.002424346762085045,0.9608786051307224,0.01733147648550473,68
chr07,695773,5.367965367965384e-05,0.002424346762085045,0.9608786051307224,0.01733147648550473,68
chr07,695800,5.367965367965384e-05,0.002424346762085045,0.9608786051307224,0.01733147648550473,68
chr07,717261,0.00011428571428571434,0.011507139079851592,0.9148895931744896,0.03863131245613173,70
chr07,799553,-0.00015151515151515165,0.018137710567483853,0.893290450544861,0.04900730868201063,66
chr07,821883,3.4759358288770265e-05,0.0009758658644164229,0.9751747797550275,0.010917539090717894,67
chr07,822017,1.7063492063491972e-05,0.00025977644483881447,0.9871871012314278,0.0056005278454886965,71
chr07,881520,0.00023437499999999983,0.04125388141357333,0.839713771921255,0.07586872400798368,64
chr07,881579,0.00023437499999999983,0.04125388141357333,0.839713771921255,0.07586872400798368,64
chr07,905535,0.00020988175675675668,0.037528133481398544,0.8469798462231791,0.07212692352784843,69
chr07,906244,-0.00018099918099918108,0.02877574123122823,0.8658015199402407,0.06258165610535242,70
chr07,917284,0.0001450892857142854,0.017168733468549083,0.8961566654331309,0.047616060666547104,67
chr07,930182,-6.586021505376337e-05,0.0036945961787318107,0.9517183851986787,0.02149154095100632,67
chr07,941232,-0.0006116883116883118,0.33567394959380575,0.5643093981403513,0.24848271682812118,68
chr07,950794,-0.00042683982683982695,0.15372146563560385,0.6962672760419661,0.1572240158087181,68
chr07,986731,0.0006902852049910876,0.39113225813508656,0.5338945188664572,0.27254453772660375,67
chr07,986813,-0.0006634453781512609,0.3828490492045634,0.5381804726571904,0.2690720642294214,69
chr07,986821,-0.0006911764705882355,0.40375189006862594,0.5273549743234498,0.27789695311221935,68
chr07,986861,-0.0006634453781512609,0.3828490492045634,0.5381804726571904,0.2690720642294214,69
chr07,1020140,-0.000857589285714286,0.6059275155576355,0.43914980637796,0.3573873043931276,67
chr07,1020270,-0.0008220779220779225,0.5738654571866957,0.4514232078820054,0.3454161173982597,68
chr07,1030608,-0.0007151260504201681,0.4403327664356496,0.5092388084601478,0.2930785067115198,69
chr07,1043069,0.0006388888888888888,0.3503937821692122,0.5558825728245067,0.25501694108068634,69
chr07,1043111,0.0006388888888888888,0.3503937821692122,0.5558825728245067,0.25501694108068634,69
chr07,1060659,0.0004960317460317461,0.2202242603518629,0.6403486194207585,0.19358352246986799,71
chr07,1060714,0.0009116161616161617,0.7606321373724151,0.3862455028492895,0.4131365641343787,69
chr07,1061244,0.0006521008403361348,0.3718465426217592,0.5440620754379544,0.2643515461066999,69
chr07,1065381,-0.0006843434343434347,0.4027205331165222,0.5278486726068402,0.27749056623804524,69
chr07,1104199,-0.00043349358974359014,0.16646317813123476,0.6845376914267665,0.16460263412166595,71
chr07,1104292,-0.00043349358974359014,0.16646317813123476,0.6845376914267665,0.16460263412166595,71
chr07,1104367,-0.0009018018018018019,0.6856901070818855,0.41066431675721415,0.38651303201048004,67
chr07,1104632,-0.00043349358974359014,0.16646317813123476,0.6845376914267665,0.16460263412166595,71
chr07,1104793,-0.00031555004135649326,0.08628206157054347,0.7698527372300843,0.11359234174296122,70
chr07,1104811,-0.00031555004135649326,0.08628206157054347,0.7698527372300843,0.11359234174296122,70
chr07,1125187,-0.0005207780725022108,0.23055605924749137,0.6326994476451939,0.19880254468538894,68
chr07,1143670,0.0004334935897435901,0.16646317813123476,0.6845376914267665,0.16460263412166595,71
chr07,1179111,0.0007151952461799663,0.44853933349077885,0.5053310492987984,0.2964240163771305,69
chr07,1203351,4.414261460101864e-05,0.0016285802822983643,0.9679295849828674,0.01415623563138525,69
chr07,1217921,-7.23684210526318e-05,0.004514368013167841,0.9466283696033116,0.023820484256838345,70
chr07,1241921,0.0002222222222222226,0.04189545676599918,0.8384397135238533,0.0765281590867432,69
chr07,1307398,0.0005607940446650121,0.2745090414462507,0.602026554466763,0.22038435225705616,70
chr07,1310778,-0.0005607940446650121,0.2745090414462507,0.602026554466763,0.22038435225705616,70
chr07,1310807,-0.0005607940446650121,0.2745090414462507,0.602026554466763,0.22038435225705616,70
chr07,1323225,0.00045897435897435915,0.17762777985691883,0.6747689671378317,0.17084489897963406,69
chr07,1324702,-0.0004964633068081347,0.20709631491160768,0.6505463499660913,0.186721755493785,68
chr07,1353584,-0.00010344827586206908,0.008061889974475989,0.9287405081403562,0.03210561175985417,65
chr07,1370616,0.00018945868945868927,0.02719806865882521,0.8695280327643714,0.06071641219073384,66
chr07,1403446,-8.10185185185183e-05,0.005083774019658839,0.9433774553436564,0.02531450665385046,67
chr07,1415603,-0.00020773759461732583,0.03691659659435961,0.8482075854239151,0.07149784801281137,70
chr07,1453302,6.923076923076943e-05,0.003647932310589543,0.9520267708793388,0.021350839134744247,66
chr07,1461689,-6.923076923076921e-05,0.003970052169166192,0.9499474556327775,0.022300416142563926,69
chr07,1465827,-4.796747967479675e-05,0.0020040256896154737,0.9644228552475524,0.015732506102257394,71
chr07,1491758,4.796747967479675e-05,0.0020040256896154737,0.9644228552475524,0.015732506102257394,71
chr07,1491982,0.000345668629100084,0.10654616953095536,0.7451135812898035,0.12777752058380742,70
chr07,1523543,-0.0002960470984020188,0.0750163980666181,0.7849984844928211,0.10513118169683718,70
chr07,1531164,0.00015833333333333324,0.021312320827350035,0.8843632440823848,0.05336931587161177,70
chr07,1531230,-0.0006357142857142856,0.346599879651439,0.5580537663554639,0.25332395642695293,68
chr07,1535602,0.0002948275862068966,0.07255420408955025,0.7884813379175653,0.10320858126384906,69
chr07,1570498,0.0007142857142857144,0.4380157884781937,0.5103859131928401,0.2921013207818849,68
chr07,1570521,0.0007142857142857144,0.4380157884781937,0.5103859131928401,0.2921013207818849,68
chr07,1612151,0.00035088536812674767,0.09611031152881187,0.7575555637112954,0.12058550787089735,66
chr07,1612398,0.00035088536812674767,0.09611031152881187,0.7575555637112954,0.12058550787089735,66
chr07,1612407,0.00035088536812674767,0.09611031152881187,0.7575555637112954,0.12058550787089735,66
chr07,1612461,0.00035088536812674767,0.09611031152881187,0.7575555637112954,0.12058550787089735,66
chr07,1657763,-4.871794871794853e-05,0.0019680589732570483,0.9647471595568575,0.015586491420052575,69
chr07,1684284,-0.0002446911196911197,0.04520531018571866,0.832313409895437,0.07971310813447291,65
chr07,1720239,-4.563894523326568e-05,0.001582834668334714,0.9683945783585522,0.01394765065900652,63
chr07,1720266,-4.563894523326568e-05,0.001582834668334714,0.9683945783585522,0.01394765065900652,63
chr07,1721905,-0.00016666666666666674,0.02397760209874561,0.8774006175243051,0.05680206426968346,70
chr07,1722056,-1.290322580645188e-05,0.00014618774246897084,0.990388053808771,0.004194606809640337,71
chr07,1725577,0.00010808270676691713,0.009188055627554212,0.9239357688834416,0.03435821946072618,66
chr07,1773284,0.00014764764764764782,0.015749523855338045,0.9005360706772972,0.045498886972853904,64
chr07,1784106,0.0004444444444444442,0.14838875117531466,0.701398317086487,0.15403528048606605,64
chr07,1793569,0.00011923076923076919,0.012090287112788289,0.9127730844523818,0.03963717473154969,69
chr07,1797159,-1.978764478764495e-05,0.0003012899496062221,0.9862061051315854,0.006032313286576527,65
chr07,1797185,-1.978764478764495e-05,0.0003012899496062221,0.9862061051315854,0.006032313286576527,65
chr07,1797391,4.111842105263129e-05,0.001483802031482099,0.9693858320899739,0.01350333193130027,70
chr07,1797535,-0.00010908319185059445,0.01028317311047971,0.9195310520706415,0.03643360028645235,69
chr07,1797536,-0.00010908319185059445,0.01028317311047971,0.9195310520706415,0.03643360028645235,69
chr07,1832844,7.222222222222263e-05,0.004135203095591164,0.9489273740626376,0.02276702492866307,66
chr07,1832847,7.222222222222263e-05,0.004135203095591164,0.9489273740626376,0.02276702492866307,66
chr07,1867374,0.00016298116298116316,0.023329925795849978,0.8790545611157873,0.055984168320847814,70
chr07,1881286,-0.00016493055555555561,0.022462034297431505,0.8813215687200232,0.054865601191321306,68
chr07,1884772,-8.15033783783783e-05,0.005656558461340262,0.9402716684939625,0.026746649504684795,69
chr07,1885088,-0.00021998207885304654,0.03942369043916661,0.8432313694773883,0.07405324542194876,67
chr07,1900656,8.571428571428571e-05,0.006074997489670282,0.9381097935617082,0.027746330120330995,68
chr07,1937930,3.722943722943732e-05,0.0011991041532312188,0.972480824260392,0.012118953498402875,68
chr07,1962587,-9.803921568627377e-06,8.459710628134294e-05,0.9926883568244558,0.0031870719016315395,70
chr07,1962613,-9.803921568627377e-06,8.459710628134294e-05,0.9926883568244558,0.0031870719016315395,70
chr07,1962854,7.589285714285722e-05,0.004772779854493932,0.9451338096002178,0.024506700848326263,67
chr07,1997277,0.00012380952380952365,0.013679067732999036,0.9072334616856305,0.04228093997958177,71
chr07,1997284,0.00012380952380952365,0.013679067732999036,0.9072334616856305,0.04228093997958177,71
chr07,1997317,-0.00012380952380952365,0.013679067732999036,0.9072334616856305,0.04228093997958177,71
chr07,2042479,8.823529411764683e-05,0.006574141709276678,0.9356228468910646,0.028899181735082748,68
chr07,2122445,-0.00011932773109243711,0.012002530664117439,0.9130889381328093,0.03948691856742553,69
chr07,2125034,0.0001470588235294117,0.018099448241063097,0.8933896073118962,0.04895910392747542,68
chr07,2126292,9.563492063492067e-05,0.008161061894320367,0.9282798820603361,0.03232106159544227,71
chr07,2139218,0.00011932773109243699,0.012317008966770706,0.911962396723598,0.040023068724354766,69
chr07,2211647,-0.00010472972972972967,0.00933873348748249,0.9233030623943091,0.034655723977183306,69
chr07,2223860,0.00012499999999999992,0.013242733590815745,0.9087282195971671,0.04156598518063179,69
chr07,2230404,-1.8939393939393963e-05,0.0003097036342689176,0.9860115363219725,0.006118003789352095,69
chr07,2230434,-1.8939393939393963e-05,0.0003097036342689176,0.9860115363219725,0.006118003789352095,69
chr07,2230480,-0.00012366912366912366,0.013430676636381492,0.9080806578143468,0.04187557473006237,70
chr07,2230509,-5.1082251082251185e-05,0.00219155519890589,0.9628027984111005,0.016462656107089833,68
chr07,2299406,7.161803713527866e-05,0.004174917901264206,0.948676961219744,0.022881646206108143,68
chr07,2299677,7.56410256410256e-05,0.004814426679206908,0.9448889925508347,0.024619210278473386,69
chr07,2316108,-7.56410256410258e-05,0.004814426679207127,0.9448889925508347,0.024619210278473386,69
chr07,2316352,4.166666666666665e-05,0.0014754920766074694,0.969471636074737,0.013464892594996168,70
chr07,2339103,-9.166666666666659e-05,0.007139689925036777,0.9329098125241017,0.03016033890763161,70
chr07,2353586,-0.00015526315789473688,0.019983681086848098,0.8880132737524504,0.05158054247099523,68
chr07,2353609,0.00015526315789473688,0.019983681086848098,0.8880132737524504,0.05158054247099523,68
chr07,2385780,-0.00017800559179869543,0.026124868889419506,0.8721049228980424,0.05943126197749324,66
chr07,2451443,0.0001642614601018674,0.022560601313323953,0.8810566170928922,0.05499618273327123,69
chr07,2511916,-0.00014104729729729723,0.017159063768029774,0.8961736895760543,0.047607810523028295,69
chr07,2523385,-0.00014309210526315788,0.017674331557688577,0.8946296373166869,0.04835671860479665,70
chr07,2532746,0.00013020833333333344,0.01414760912265264,0.9056812354442091,0.04302463018973045,68
chr07,2552211,0.00022222222222222242,0.040570766524795604,0.8409882226917911,0.07521008607578693,68
chr07,2598416,-0.00035814722911497077,0.11169562549299558,0.7392504593157334,0.13120839696318867,70
chr07,2683907,0.00042963653308480916,0.14836322447821162,0.7013816358994333,0.15404560932983655,66
chr07,2695652,-0.0012689814814814818,1.3031935825515084,0.25781888621723975,0.5886852720892743,67
chr07,2734498,0.0009138211382113821,0.7350575507351972,0.39421685073727064,0.40426481581049967,71
chr07,2744892,-0.00113021778584392,1.0599640169613378,0.30703927264335046,0.5128060714235901,67
chr07,2745188,-0.001090744101633394,0.998768367760146,0.3213147034000182,0.4930694006253015,67
chr07,2748501,-0.0008897435897435899,0.6674887336392955,0.4168241981028362,0.3800470766627466,69
chr07,2785695,0.0008083333333333331,0.5685282255018973,0.4534474692639301,0.34347301760105314,70
chr07,2785770,0.0007956896551724139,0.5323474124770023,0.46816484597131125,0.3296012001521267,69
chr07,2785772,0.0007956896551724139,0.5323474124770023,0.46816484597131125,0.3296012001521267,69
chr07,2838971,0.0008646616541353384,0.6054918843592035,0.4393575691543883,0.3571818872696226,66
chr07,2885599,-0.0011057692307692303,0.9962495756779932,0.32192102868924155,0.49225065318264005,67
chr07,2909044,0.0011333333333333336,1.1165094083323819,0.2944664482386669,0.5309641819461813,69
chr07,2909045,0.0011333333333333336,1.1165094083323819,0.2944664482386669,0.5309641819461813,69
chr07,3007680,-0.0009138211382113821,0.7350575507351972,0.39421685073727064,0.40426481581049967,71
chr07,3015470,0.0008083333333333331,0.5685282255018973,0.4534474692639301,0.34347301760105314,70
chr07,3018193,-0.0009138211382113821,0.7350575507351972,0.39421685073727064,0.40426481581049967,71
chr07,3033162,-2.0512820512820312e-05,0.0003547476369323031,0.9850289136473568,0.0065510214280705146,69
chr07,3047162,-8.749999999999993e-05,0.006086110478578708,0.9380533279410556,0.02777247145867523,68
chr07,3052584,-0.00015245009074410146,0.0187984946489778,0.8913695538933029,0.04994220399670155,67
chr07,3052928,6.666666666666652e-05,0.0038352803491232693,0.9508005334070038,0.02191058330097412,70
chr07,3052938,6.666666666666652e-05,0.0038352803491232693,0.9508005334070038,0.02191058330097412,70
chr07,3063735,-0.00014550042052144656,0.018105055513993308,0.8933611746601821,0.04897292582571771,70
chr07,3072660,-0.00010452961672473888,0.008962647664218535,0.9248585127540071,0.0339247016719135,69
chr07,3081596,-0.00010129310344827582,0.008577365743388582,0.9264865411153022,0.03316088520834546,69
chr07,3081621,-0.00010129310344827582,0.008577365743388582,0.9264865411153022,0.03316088520834546,69
chr07,3094883,-0.0001488095238095241,0.018799611622140947,0.8913476851748503,0.04995285903895119,70
chr07,3118793,-0.00010129310344827582,0.008577365743388582,0.9264865411153022,0.03316088520834546,69
chr07,3118826,-0.00010129310344827582,0.008577365743388582,0.9264865411153022,0.03316088520834546,69
chr07,3237640,4.464285714285698e-05,0.0016499250934007988,0.9677220486404757,0.014249363844204978,68
chr07,3238857,-2.9761904761904762e-05,0.000737308001743477,0.9784169025491981,0.009476053293480042,70
chr07,3238917,2.9761904761904762e-05,0.000737308001743477,0.9784169025491981,0.009476053293480042,70
chr07,3243158,-2.5925925925925522e-05,0.0005257796271867457,0.9817764492819839,0.007987389907316159,67
chr07,3259528,3.56125356125357e-05,0.0009617221134728471,0.9753567618394166,0.010836500857190925,66
chr07,3259683,0.0001488095238095241,0.018799611622140947,0.8913476851748503,0.04995285903895119,70
chr07,3264801,-0.0003291666666666663,0.09362339168488619,0.7605551532789596,0.11886928667844218,70
chr07,3264909,-0.00021178861788617907,0.039088415011595254,0.8438548999239024,0.07373222349264838,71
chr07,3264933,-0.00021178861788617907,0.039088415011595254,0.8438548999239024,0.07373222349264838,71
chr07,3264936,-0.0003291666666666663,0.09362339168488619,0.7605551532789596,0.11886928667844218,70
chr07,3275136,3.284072249589476e-05,0.0009301870912089445,0.9757571631067287,0.010658251846552953,71
chr07,3275241,0.00017629310344827583,0.025949757793775504,0.8725078343477898,0.059230664771373856,69
chr07,3323251,0.00043853530950305116,0.1592895621543439,0.6910999325633788,0.16045914940891268,68
chr07,3331836,-0.0002823529411764703,0.061317558286477884,0.8052437089380712,0.09407265947213773,64
chr07,3331875,-0.0002823529411764703,0.061317558286477884,0.8052437089380712,0.09407265947213773,64
chr07,3348576,-0.00034999999999999983,0.1053893983283822,0.74645216305673,0.12699801913276693,70
chr07,3353326,-0.0003581472291149707,0.1116956254929956,0.7392504593157334,0.13120839696318867,70
chr07,3362033,0.0004709677419354835,0.1953094844520208,0.6599158825075657,0.18051141914145524,71
chr07,3364444,-0.0003581472291149707,0.1116956254929956,0.7392504593157334,0.13120839696318867,70
chr07,3390931,-0.0007210526315789477,0.43129935554538806,0.5136355430437147,0.2893449311742881,68
chr07,3413742,0.00026666666666666657,0.062338183211519425,0.8035905013287941,0.09496520537932691,70
chr07,3413754,0.00026666666666666657,0.062338183211519425,0.8035905013287941,0.09496520537932691,70
chr07,3433028,-0.0004115082824760243,0.14019705733610308,0.709285534499752,0.14917889726552128,68
chr07,3449979,-0.0004104414261460104,0.1433032887567227,0.7062158176035775,0.15106255947042999,69
chr07,3470517,-0.0001503923278116826,0.018878882955554434,0.8911325870490763,0.05005767470619926,68
chr07,3481901,-0.00037386269644334167,0.1198519160238624,0.7302640528519664,0.13652007691882034,70
chr07,3496257,-0.00011162988115449885,0.010670163455027295,0.918036234978454,0.037140176815503974,69
chr07,3502933,0.00040845684394071464,0.13977091715188986,0.7097071858549888,0.1489207974745508,68
chr07,3515994,0.0002705592105263154,0.06351587301826978,0.8017830285980401,0.09594314073232642,70
chr07,3541263,0.0004619047619047615,0.16376869092132787,0.6870809617201312,0.16299208512877963,65
chr07,3558518,-0.00021929824561403498,0.041773903229967914,0.8386803272407158,0.0764035440232049,68
chr07,3577022,-0.000485144312393888,0.20014620912287914,0.6560459016739633,0.18306577320619366,69
chr07,3583767,-0.0007374999999999999,0.474333994390475,0.49334321542762294,0.3068508399408489,70
chr07,3583775,0.0007374999999999999,0.474333994390475,0.49334321542762294,0.3068508399408489,70
chr07,3585433,-0.000598842018196857,0.30871261682506146,0.5802947377887298,0.2363513676737588,70
chr07,3595492,-0.0005721326164874551,0.2616559318479289,0.6107181737649445,0.21415915606702435,67
chr07,3613377,-0.00035714285714285725,0.09629721669980161,0.7573599624195329,0.12069765744052338,64
chr07,3628081,-0.0008119047619047622,0.515083828264399,0.4755992576661282,0.3227588319165837,65
chr07,3628103,-0.0008119047619047622,0.515083828264399,0.4755992576661282,0.3227588319165837,65
chr07,3649686,-0.000540552995391705,0.23609390531963506,0.6287011404296545,0.20155575186254238,66
chr07,3649758,0.000540552995391705,0.23609390531963506,0.6287011404296545,0.20155575186254238,66
chr07,3650416,-0.0006348221670802314,0.3534615019258645,0.5541332251232728,0.25638580931473537,70
chr07,3650545,-0.000519100169779287,0.23364636385603832,0.6304091226201409,0.20037751081843558,69
chr07,3684425,0.00029880952380952357,0.07975407221369864,0.7784763644198154,0.10875456865511039,71
chr07,3684427,-0.00029880952380952357,0.07975407221369864,0.7784763644198154,0.10875456865511039,71
chr07,3688082,-0.00041818181818181847,0.14369264104218346,0.7058540843621792,0.15128506793672908,68
chr07,3688185,-0.00041818181818181847,0.14369264104218346,0.7058540843621792,0.15128506793672908,68
chr07,3694685,-0.000814285714285714,0.5913027652581669,0.4445784603688405,0.3520515825042412,70
chr07,3717725,-0.0007673611111111107,0.4966357171854743,0.48346159548317613,0.3156380190622103,68
chr07,3750207,0.0006107078039927405,0.30299892038491544,0.5838952997034919,0.2336650207601067,67
chr07,3754988,0.0009034455128205134,0.7289102581482615,0.39619094890013196,0.4020954502705362,71
chr07,3755002,0.0001985294117647057,0.027936023058305,0.867861412781997,0.06154962098642837,58
chr07,3784480,-0.0006769834350479509,0.38414358609244187,0.5375279385314625,0.26959895795242267,68
chr07,3795088,0.0007708850289495451,0.5205848988473373,0.4730659188087809,0.32507833879657533,70
chr07,3806624,0.000731748726655348,0.4576211100993013,0.5010666000903194,0.3001045453315748,69
chr07,3814611,0.0008767857142857142,0.6254056981155985,0.431878202418562,0.36463871493427913,68
chr07,3881242,0.0009887820512820519,0.8749432207952849,0.35285263752861296,0.45240663192166714,71
chr07,3908175,-0.0010273109243697479,0.7968588766676202,0.3756005236363954,0.42527381094203287,62
chr07,3949244,0.00043076923076923066,0.14774248398326534,0.7019763410912114,0.15367752477430055,66
chr07,3950491,0.0003304597701149425,0.0879233191099131,0.7678093605896386,0.11474659757463504,65
chr07,3957510,0.0007277777777777776,0.42627436475337355,0.5161612995225695,0.28721456088061914,66
chr07,3988781,0.0006467727674624226,0.3421465975332562,0.5605872500440654,0.2513567840257428,68
chr07,4001936,0.0005453296703296699,0.23445447594929486,0.6298679140690064,0.20075051436435848,67
chr07,4069735,0.0004693019343986543,0.18882728348530725,0.6652703070493504,0.17700185994850323,70
chr07,4170209,0.000615853658536585,0.33192202492764367,0.5664040452460706,0.24687365358493152,71
chr07,4190500,-0.0006357142857142854,0.3303123131903283,0.567429219090704,0.24608830448811655,68
chr07,4358242,0.0006331896551724134,0.34287989823900533,0.5601388229124412,0.25170432557740724,69
chr07,4358273,0.0006331896551724134,0.34287989823900533,0.5601388229124412,0.25170432557740724,69
chr07,4436359,-0.00013233965672990042,0.01404364872683997,0.906026764555518,0.04285897282309314,68
chr07,4447076,0.0013985042735042731,1.3824103363971019,0.24433535533981518,0.612013686043239,62
chr07,4525664,-0.0006327838827838828,0.3160887290300151,0.5758722713609886,0.23967383253943453,68
chr07,4541860,-0.00044046511627906956,0.1515162314634281,0.6983436940828638,0.1559307841004451,68
chr07,4541974,-0.00044046511627906956,0.1515162314634281,0.6983436940828638,0.1559307841004451,68
chr07,4610018,-0.000466363636363636,0.17371929759536084,0.6781596445093137,0.1686680575074713,69
chr07,4623425,-0.000833333333333333,0.48541121486602984,0.4886719943526222,0.3109825495468885,62
chr07,4734316,0.0005786713286713282,0.2765837866092674,0.6006601150326608,0.22137120506998187,70
chr07,4787758,0.0007704565030146422,0.4917703739318429,0.48553165375679674,0.31378245143303946,70
chr07,4820145,0.0006626984126984124,0.36000456228023164,0.5505276884828629,0.25922083354432685,69
chr07,4881465,-0.000720238095238095,0.4383040826254533,0.5101796204505767,0.2922768936341681,70
chr07,4906296,-0.000555860805860806,0.25361663621684577,0.6162167323951726,0.2102665132760848,68
chr07,4906376,-0.000555860805860806,0.25361663621684577,0.6162167323951726,0.2102665132760848,68
chr07,4911731,0.0007936046511627907,0.541152222636783,0.4644489173167271,0.3330620451739617,71
chr07,4925345,-0.0007936046511627906,0.541152222636783,0.4644489173167271,0.3330620451739617,71
chr07,4925363,-0.0007936046511627906,0.541152222636783,0.4644489173167271,0.3330620451739617,71
chr07,4954722,-0.0006653846153846151,0.3537830350534907,0.5540765696811163,0.25643021452760234,66
chr07,4969817,0.0007541666666666662,0.4866791466946536,0.48779095241447756,0.3117662592763008,70
chr07,4969975,0.0007525641025641022,0.47229766762994807,0.4943040978337162,0.30600578917670274,69
chr07,5038128,-0.0006390243902439023,0.3119499427682005,0.5784350130335377,0.2377454268009435,66
chr07,5038165,-0.0006390243902439023,0.3119499427682005,0.5784350130335377,0.2377454268009435,66
chr07,5038191,-0.0006390243902439023,0.3119499427682005,0.5784350130335377,0.2377454268009435,66
chr07,5038421,-0.0002509259259259256,0.04926422575191214,0.8250444426354364,0.08352265669677346,67
chr07,5057448,-0.0002310344827586207,0.0472007607978649,0.8286680314677515,0.08161941513838251,69
chr07,5069704,0.0002788617886178863,0.06779558180359012,0.7953493259782174,0.09944208263480141,71
chr07,5083690,-0.00039102564102564124,0.11258996347428966,0.7383294016823267,0.13174983680014496,65
chr07,5117898,7.91666666666666e-05,0.0053284930900853456,0.9420231733379216,0.025938413630689418,70
chr07,5141474,-0.0005318444995864351,0.24679872410441112,0.6209405891657587,0.20694995059923155,70
chr07,5142731,-0.0004119442022667832,0.1382410602160626,0.7112270020182447,0.14799176356074167,68
chr07,5142763,-0.0004119442022667832,0.1382410602160626,0.7112270020182447,0.14799176356074167,68
chr07,5150522,0.0005814655172413795,0.28685503914268934,0.5940164611556843,0.2262015198504167,69
chr07,5154975,-0.0002068965517241379,0.035251755188837115,0.8516365657891695,0.06974570000550946,69
chr07,5154979,0.0002068965517241379,0.035251755188837115,0.8516365657891695,0.06974570000550946,69
chr07,5163517,-0.00014604989604989602,0.014816860073590165,0.9035173003362125,0.0440635272551037,63
chr07,5176278,-0.00011184210526315777,0.009888208529755796,0.9211001676526681,0.035693138648596356,66
chr07,5224555,0.0003384146341463414,0.09463493032538813,0.7593197350790468,0.11957531245640579,69
chr07,5224727,0.0001703111858704794,0.024419659523779003,0.8762848586299239,0.057354692438117374,70
chr07,5240526,-1.3350559862187858e-05,0.00014660086243875142,0.9903749954499886,0.004200333060606211,70
chr07,5240556,-1.3350559862187858e-05,0.00014660086243875142,0.9903749954499886,0.004200333060606211,70
chr07,5285660,-3.238866396761136e-05,0.0007623849121566565,0.9780608384453414,0.009634129896117427,64
chr07,5285695,3.238866396761136e-05,0.0007623849121566565,0.9780608384453414,0.009634129896117427,64
chr07,5300311,-8.614864864864885e-05,0.005028676850683085,0.9437066931349342,0.025162964755147055,61
chr07,5315999,-4.050522648083622e-05,0.0013364951561883858,0.9709460529139213,0.012804899415020972,69
chr07,5355219,-0.0002478956228956227,0.05173344641108711,0.8207465406932752,0.08579093907195505,71
chr07,5381743,0.00021902439024390228,0.036269271060869225,0.8495633013354801,0.07080425611633437,66
chr07,5384190,0.00024789562289562287,0.05173344641108711,0.8207465406932752,0.08579093907195505,71
chr07,5427966,0.00032621951219512186,0.08795637049806193,0.7677088852397813,0.11480343296580163,69
chr07,5428091,0.00043452380952380934,0.15756845778391396,0.6926482424271792,0.15948726345032452,70
chr07,5440179,-0.000444767441860465,0.16906239639242562,0.6822207084071834,0.1660751019757185,71
chr07,5446223,-0.0005320512820512817,0.21300172999766878,0.6460144035428579,0.18975779886335628,65
chr07,5458191,-0.0002440476190476188,0.05248650621827455,0.8194793623976901,0.08646197914004779,70
chr07,5463307,-0.00043452380952380934,0.15756845778391396,0.6926482424271792,0.15948726345032452,70
chr07,5463357,0.00043452380952380934,0.15756845778391396,0.6926482424271792,0.15948726345032452,70
chr07,5463853,-0.000444767441860465,0.16906239639242562,0.6822207084071834,0.1660751019757185,71
chr07,5463868,-0.000444767441860465,0.16906239639242562,0.6822207084071834,0.1660751019757185,71
chr07,5467612,-0.000444767441860465,0.16906239639242562,0.6822207084071834,0.1660751019757185,71
chr07,5467627,0.00044476744186046493,0.16906239639242562,0.6822207084071834,0.1660751019757185,71
chr07,5474053,0.00013109756097560974,0.015033499938049626,0.9027820487410514,0.044417085183791206,69
chr07,5474245,0.00044476744186046493,0.16906239639242562,0.6822207084071834,0.1660751019757185,71
chr07,5519535,-0.00018202348690153544,0.027977536064444572,0.8676730855402086,0.0616438737740288,68
chr07,5567436,0.0003540790580319597,0.10582640699172872,0.7459455179130863,0.12729289120530654,70
chr07,5570316,-0.00043452380952380923,0.1586591738489866,0.6916419075521585,0.16011870008976775,70
chr07,5570343,-0.00043452380952380923,0.1586591738489866,0.6916419075521585,0.16011870008976775,70
chr07,5570344,-0.00043452380952380923,0.1586591738489866,0.6916419075521585,0.16011870008976775,70
chr07,5570345,-0.00043452380952380923,0.1586591738489866,0.6916419075521585,0.16011870008976775,70
chr07,5570346,-0.00043452380952380923,0.1586591738489866,0.6916419075521585,0.16011870008976775,70
chr07,5584889,-0.0003253484320557491,0.08812347065869836,0.7674948247593716,0.11492454430162304,69
chr07,5593829,0.000180603448275862,0.02723472939410621,0.8694176920252226,0.06077152647466191,69
chr07,5607694,5.263157894736842e-05,0.002366542821576413,0.9613474285697785,0.017119631017764175,68
chr07,5624395,-0.00035648148148148144,0.09810966057441274,0.7551785044449214,0.1219503803808259,63
chr07,5642015,0.0002845326716294458,0.07336940996732248,0.7873131645451992,0.10385248672445123,70
chr07,5642134,0.0002845326716294458,0.07336940996732248,0.7873131645451992,0.10385248672445123,70
chr07,5642276,0.0004995967741935485,0.21985395537772998,0.6406293243295729,0.19339318571116368,71
chr07,5674529,-0.00037393887945670623,0.11864534374574763,0.7315872272532857,0.13573388545620035,69
chr07,5678618,-0.0007577220077220077,0.44449389985765425,0.5073957861057443,0.29465314389123304,65
chr07,5679648,0.000489660876757651,0.20585408116065398,0.6514812405090527,0.1860980853400376,70
chr07,5679678,0.000489660876757651,0.20585408116065398,0.6514812405090527,0.1860980853400376,70
chr07,5980955,-0.0004583333333333334,0.18175119083698316,0.6712191589828584,0.17313565569279055,70
chr07,5981004,-0.0004583333333333334,0.18175119083698316,0.6712191589828584,0.17313565569279055,70
chr07,6015466,1.612903225806442e-05,0.0002074774886924744,0.9885553949883912,0.004998989411798562,62
chr07,6097708,-1.4705882352940985e-05,0.00018105108383761995,0.9893049620299897,0.004669812638107202,68
chr07,6097758,-1.4705882352940985e-05,0.00018105108383761995,0.9893049620299897,0.004669812638107202,68
chr07,6104309,-1.9607843137255048e-05,0.00033328202383061447,0.9854880786790186,0.006348624956566457,70
chr07,6108500,-4.523809523809515e-05,0.0018259228262637206,0.9660395268593999,0.015005103454353444,71
chr07,6128163,-4.789915966386531e-05,0.0019650801192421428,0.9647738312642711,0.015574484942373935,69
chr07,6137042,-1.6447368421053892e-06,2.3296738610756373e-06,0.9987866367398022,0.0005272769224004345,70
chr07,6152822,3.2773109243697434e-05,0.0009153979013891938,0.9759531977002498,0.010571008632370824,69
chr07,6155256,-8.991596638655476e-05,0.0068083924745102895,0.934484811682023,0.029427752879361047,69
chr07,6155327,-0.00021558441558441576,0.038467573599351636,0.845109870537611,0.07308682588303396,68
chr07,6155410,4.456327985739631e-06,1.6024019344310287e-05,0.9968183359813452,0.001383981978767632,67
chr07,6155445,-4.456327985739631e-06,1.6024019344310287e-05,0.9968183359813452,0.001383981978767632,67
chr07,6167320,-1.0084033613445249e-05,8.709252256261777e-05,0.9925817125679769,0.003233730553141031,69
chr07,6175983,-0.0001584967320261436,0.023031658937694575,0.8798241340712464,0.05560412925366262,70
chr07,6225004,-0.0001617647058823531,0.022429434068249217,0.8814070698415757,0.05482347029890419,68
chr07,6245398,-0.00033868243243243245,0.09887172168602096,0.7541649133294013,0.1225336765205445,69
chr07,6245655,-0.00033868243243243245,0.09887172168602096,0.7541649133294013,0.1225336765205445,69
chr07,6245695,-0.00033868243243243245,0.09887172168602096,0.7541649133294013,0.1225336765205445,69
chr07,6247051,-7.949125596184432e-05,0.005629198295860633,0.940409549739453,0.026682969319439986,71
chr07,6252832,-7.949125596184432e-05,0.005629198295860633,0.940409549739453,0.026682969319439986,71
chr07,6252926,-7.949125596184432e-05,0.005629198295860633,0.940409549739453,0.026682969319439986,71
chr07,6294171,-5.476190476190477e-05,0.0027000687595149855,0.9587232348695491,0.01830674727839038,65
chr07,6305294,-5.614973262032096e-05,0.0025506195429510076,0.9598759114948194,0.017784906998253747,67
chr07,6397733,0.00012727272727272758,0.01172537362614737,0.9141259982696465,0.03899393929693205,63
chr07,6397923,7.986111111111093e-05,0.005286382032175995,0.9422587672374245,0.025829812970826274,68
chr07,6398011,-7.986111111111093e-05,0.005286382032175995,0.9422587672374245,0.025829812970826274,68
chr07,6398306,-9.214743589743597e-05,0.0075044710413520455,0.9312178317170832,0.03094871639029356,71
chr07,6411870,4.032258064516386e-06,1.3071871181161648e-05,0.9971263247808687,0.0012498179371901647,67
chr07,6415139,0.00036754385964912306,0.11209358716803218,0.7388348192841785,0.1314526456266911,68
chr07,6415169,0.00036754385964912306,0.11209358716803218,0.7388348192841785,0.1314526456266911,68
chr07,6415170,0.00036754385964912306,0.11209358716803218,0.7388348192841785,0.1314526456266911,68
chr07,6420786,0.00013251961639058392,0.014703254815707157,0.903855913844291,0.04390079608411677,68
chr07,6421029,-9.214743589743597e-05,0.0075044710413520455,0.9312178317170832,0.03094871639029356,71
chr07,6478539,-0.000272222222222222,0.062422436069040715,0.8035075710189411,0.09501002675843667,66
chr07,6478590,-0.000272222222222222,0.062422436069040715,0.8035075710189411,0.09501002675843667,66
chr07,6484248,0.0004534562211981565,0.17038515781579852,0.6811493368056696,0.16675766188968308,66
chr07,6562930,0.0007631336405529956,0.46400532068693034,0.49821539358869127,0.3025828579971356,66
chr07,6580573,-0.0009406926406926405,0.7893789163308794,0.3775146615454825,0.4230661770026031,68
chr07,6602960,-0.00029040404040404043,0.07239132844899265,0.788713128026778,0.10308093033900856,69
chr07,6709207,0.00045668202764976944,0.1640924386630301,0.6867671890521936,0.1631904618424654,66
chr07,6709212,0.00045668202764976944,0.1640924386630301,0.6867671890521936,0.1631904618424654,66
chr07,6796899,0.00027614379084967315,0.06630411005506984,0.797573649242983,0.09822920296296456,70
chr07,6850074,0.00031951871657753995,0.08435924220606873,0.7723992363205399,0.1121581642840715,67
chr07,6887664,-0.0007263392857142855,0.45410094504475734,0.5027832761153095,0.2986191765143822,67
chr07,6940301,0.00033865546218487397,0.0982732811085415,0.7548855644205232,0.12211887950658315,69
chr07,6940303,-0.000338655462184874,0.0982732811085415,0.7548855644205232,0.12211887950658315,69
chr07,6954757,0.0004968487394957981,0.1748799315412063,0.6773037626691625,0.16921651172286442,62
chr07,6954761,0.0004968487394957981,0.1748799315412063,0.6773037626691625,0.16921651172286442,62
chr07,6954778,0.0004968487394957981,0.1748799315412063,0.6773037626691625,0.16921651172286442,62
chr07,6954815,0.0004968487394957981,0.1748799315412063,0.6773037626691625,0.16921651172286442,62
chr07,6968381,1.879084967320265e-05,0.00031077790330403306,0.9859865299666086,0.006129018122817493,70
chr07,6969114,-0.00010771065182829876,0.01033605377252986,0.9193163495811055,0.03653501610463967,71
chr07,6985994,-0.00021354166666666654,0.03795933910390799,0.8461233204295306,0.07256633497642333,68
chr07,6986001,9.954954954954979e-05,0.007913218028729253,0.9293901851458266,0.03180191821341832,67
chr07,7006026,-0.00017792207792207776,0.026729050576831895,0.8706320798676627,0.06016533459094853,68
chr07,7006030,-0.00017792207792207776,0.026729050576831895,0.8706320798676627,0.06016533459094853,68
chr07,7046051,-0.0006545454545454545,0.355033122478458,0.5533156966142823,0.2570270094238851,68
chr07,7046931,-0.0005285714285714285,0.24311337212338843,0.6235550082749276,0.20512522825362797,70
chr07,7048291,-0.0005242063492063491,0.24604397485668433,0.6214508925562969,0.20659318389190776,71
chr07,7051691,0.00044718614718614784,0.16683263892411898,0.6842644291033677,0.16477603584125822,68
chr07,7051786,0.00044718614718614784,0.16683263892411898,0.6842644291033677,0.16477603584125822,68
chr07,7078349,-9.363799283154129e-05,0.007124282130901631,0.9329934924971659,0.030121385387935087,67
chr07,7078359,-9.363799283154129e-05,0.007124282130901631,0.9329934924971659,0.030121385387935087,67
chr07,7079659,7.142857142857146e-05,0.004347444397369374,0.9476258047563005,0.02336312153445615,69
chr07,7086629,-7.367044463818659e-05,0.0044765495777036295,0.9468579942197848,0.023715149773065297,68
chr07,7105325,-0.0004947318007662835,0.1885469939939994,0.6656122433226233,0.17677869819787248,65
chr07,7105369,-0.0004459821428571428,0.16383576950210837,0.6869782638012696,0.163057003930996,67
chr07,7160320,-6.61764705882353e-05,0.0030968441046675867,0.9558060912130942,0.019630206110887564,62
chr07,7162586,0.00018015873015873011,0.028970449506117702,0.8653453697252795,0.06281052579520256,71
chr07,7250972,-0.0008845238095238093,0.7051756292955206,0.40395030606583304,0.393672058475618,71
chr07,7251006,-0.0008845238095238093,0.7051756292955206,0.40395030606583304,0.393672058475618,71
chr07,7285859,-0.0010338680926916225,0.8703709523307509,0.35430526686480535,0.4506223916879333,67
chr07,7363573,0.000821895424836601,0.590848611504499,0.4447526489320557,0.3518814565927753,70
chr07,7363935,0.0007777777777777775,0.5439811156933836,0.46328835026307635,0.3341486203236578,71
chr07,7364203,0.0009000000000000003,0.5985529271838264,0.4421187066888891,0.3544611090708662,63
chr07,7364291,0.0009000000000000003,0.5985529271838264,0.4421187066888891,0.3544611090708662,63
chr07,7379774,0.0007626262626262629,0.49314928313132933,0.48495842535603517,0.31429549111398,69
chr07,7413426,0.0007978830645161288,0.4721968893151705,0.4945825630305698,0.30576119916173283,63
chr07,7413432,-0.0010619429590017827,0.9359330049527609,0.336911914339866,0.4724836306319182,67
chr07,7425051,0.0008232323232323235,0.575093454305682,0.450901383493287,0.3459184321527807,69
chr07,7458187,-0.0009242424242424245,0.6872044449540171,0.41015074714386157,0.3870564929874201,67
chr07,7458190,-0.0009242424242424245,0.6872044449540171,0.41015074714386157,0.3870564929874201,67
chr07,7496178,0.0010323505323505328,0.9345498664335575,0.3371091388866059,0.4722294737791626,70
chr07,7496197,0.0009900318979266347,0.8814557666753428,0.35107824118739384,0.4545960860147829,71
chr07,7496198,0.0009900318979266347,0.8814557666753428,0.35107824118739384,0.4545960860147829,71
chr07,7512004,0.0010633445945945946,0.9615787629212196,0.33031714104107934,0.48106888902005956,69
chr07,7512041,0.0010633445945945946,0.9615787629212196,0.33031714104107934,0.48106888902005956,69
chr07,7550310,0.0010595238095238097,0.8922426527829878,0.3484789534168028,0.4578234462344371,65
chr07,7551525,0.0009900318979266347,0.8814557666753428,0.35107824118739384,0.4545960860147829,71
chr07,7576072,-0.0010642915642915646,0.9938180162484335,0.32234531803942057,0.4916786333927263,70
chr07,7601882,-0.001308823529411765,1.4648379052369085,0.2304786780581171,0.6373692456757153,68
chr07,7626413,0.0005562770562770565,0.29490089534655595,0.5889262682357623,0.22993907414795775,68
chr07,7628589,-0.0009186507936507932,0.761251897808068,0.3859631344754684,0.41345417527249034,71
chr07,7628603,0.0009186507936507932,0.761251897808068,0.3859631344754684,0.41345417527249034,71
chr07,7725707,-0.0009506057781919854,0.8469968137255368,0.3608593489103298,0.4426620388002571,66
chr07,7742091,-0.001464527027027027,1.8598523460087444,0.17720631995505537,0.7515207933255965,69
chr07,7840824,-0.0013769100169779291,1.6489056847822974,0.20353067937373467,0.6913701177484554,69
chr07,7923328,0.001411184210526316,1.7870673535176125,0.1857392641170877,0.7310962794217815,70
chr07,7923332,0.001411184210526316,1.7870673535176125,0.1857392641170877,0.7310962794217815,70
chr07,7923370,0.001411184210526316,1.7870673535176125,0.1857392641170877,0.7310962794217815,70
chr07,7923426,0.001411184210526316,1.7870673535176125,0.1857392641170877,0.7310962794217815,70
chr07,7923444,0.001411184210526316,1.7870673535176125,0.1857392641170877,0.7310962794217815,70
chr07,7923449,0.001411184210526316,1.7870673535176125,0.1857392641170877,0.7310962794217815,70
chr07,8123031,-0.0011446314102564106,1.1775704568508492,0.2816280548488565,0.5503240844050645,71
chr07,8136162,0.0011446314102564108,1.1775704568508492,0.2816280548488565,0.5503240844050645,71
chr07,8525116,0.0012113752122241094,1.2581245134917332,0.26601034474165314,0.5751014739822448,69
chr07,8547528,-0.0012153225806451615,1.3217122794845733,0.2542542620309685,0.5947317583225534,71
chr07,8547603,0.0012153225806451615,1.3217122794845733,0.2542542620309685,0.5947317583225534,71
chr07,8552319,0.0011923076923076926,1.2069419422025511,0.27587085856192667,0.5592941735120388,69
chr07,8552942,-0.0012153225806451615,1.3217122794845733,0.2542542620309685,0.5947317583225534,71
chr07,8568468,0.0015000000000000002,1.6873825269752862,0.1986805487007995,0.7018446492737522,65
chr07,8603030,0.0010581300813008133,0.9891372145527707,0.323428388470796,0.49022186317073646,71
chr07,8606286,-0.0010371794871794878,0.9055638691923192,0.3447145873636014,0.4625403380673311,69
chr07,8606321,-0.0009666666666666671,0.7703192187930257,0.3833021437604964,0.41645875178464975,68
chr07,8609490,-0.0013759461732548365,1.7283893131474606,0.19303356449706027,0.7143671697047607,70
chr07,8609498,-0.0013759461732548365,1.7283893131474606,0.19303356449706027,0.7143671697047607,70
chr07,8609508,-0.0013759461732548365,1.7283893131474606,0.19303356449706027,0.7143671697047607,70
chr07,8609591,0.0013759461732548361,1.7283893131474606,0.19303356449706027,0.7143671697047607,70
chr08,127854,-0.00039336917562724004,0.1247672789279914,0.7250634338439439,0.1396239965141606,67
chr08,128012,-0.00024819819819819807,0.050173315384935566,0.8234645310749302,0.08435510237179565,67
chr08,139166,-9.12162162162162e-05,0.0070817408007180244,0.9331856642806464,0.03003194151526618,69
chr08,163013,-0.0002067736185383247,0.03434875012849288,0.8535440572628613,0.0687740570538452,67
chr08,334369,0.00032983193277310907,0.09456411255731491,0.7594069625899652,0.11952542536775211,69
chr08,385353,-0.00015233415233415222,0.020380473131492483,0.886901747735886,0.05212448927717695,70
chr08,440317,0.00019941348973607012,0.03018432688063835,0.8626386654590703,0.06417107967119817,64
chr08,473594,-0.00037745098039215655,0.12454198989107283,0.7252512120463015,0.13951153672787572,70
chr08,509200,0.00021943573667711577,0.03469256195011835,0.8528696650579829,0.06911733233888873,62
chr08,546377,0.000265625,0.05367273947243813,0.8175543342914311,0.0874833746936047,64
chr08,562296,0.0005422794117647058,0.23059853228605054,0.6327176674979715,0.19879003848260685,66
chr08,562358,0.00051707779886148,0.20310863231835316,0.6537705345567023,0.18457465697039424,65
chr08,562629,0.00028736089030206705,0.07363612886455921,0.7869245449602491,0.10406690840132087,71
chr08,562697,0.00015233415233415222,0.020380473131492483,0.886901747735886,0.05212448927717695,70
chr08,572276,-0.0002662337662337664,0.06015007755004345,0.8070198935872415,0.09311575949270476,68
chr08,583007,0.00015233415233415222,0.020380473131492483,0.886901747735886,0.05212448927717695,70
chr08,583053,0.00015233415233415222,0.020380473131492483,0.886901747735886,0.05212448927717695,70
chr08,675894,0.00037268907563025206,0.11878476564316932,0.7314357918271391,0.13582379186138643,69
chr08,696540,0.0002941176470588236,0.07502706628999875,0.7849835809064302,0.10513942707170225,70
chr08,775788,0.0006199596774193548,0.3019404683088094,0.5846746367298286,0.23308574551143163,63
chr08,830906,1.819685690653451e-05,0.0002878689293719896,0.9865128650873647,0.0058972467523677775,70
chr08,878276,-0.00016386217948717943,0.023736308185342964,0.8780074931736979,0.05650177768147995,71
chr08,942091,0.0005459280303030304,0.24119610944377856,0.6250500950692726,0.20408517443143345,65
chr08,943006,-0.0004055555555555552,0.147057652282015,0.7025422151394236,0.1533275742680605,71
chr08,948157,0.0004279398762157383,0.15004148707534534,0.6997420369007221,0.1550620351265419,68
chr08,948196,0.0004505444646098002,0.16206499094095567,0.6885833356972186,0.16204349180026104,67
chr08,950554,-0.0007506538796861376,0.4964077310621721,0.48356163281141873,0.31554816463364255,68
chr08,956905,0.0001041666666666667,0.008571195341623468,0.9265304162226772,0.033140319053293295,65
chr08,992796,4.3010752688172196e-05,0.0015497591912641082,0.9687184700376889,0.013802419723299686,67
chr08,1023702,0.00017899159663865562,0.027414998747138028,0.8689902155007665,0.06098511351445006,69
chr08,1023982,-4.2857142857143093e-05,0.0015926053149299113,0.9682838421928452,0.013997315182817752,70
chr08,1164161,0.000529074529074529,0.2428439042110797,0.6237471376864914,0.20499143429811595,70
chr08,1175627,0.00037077702702702713,0.11749485878945178,0.7328406675042834,0.13499043838135683,69
chr08,1186625,-0.0004394088669950739,0.14211811815429198,0.707471585478685,0.15029099823140896,64
chr08,1186664,0.0004394088669950739,0.14211811815429198,0.707471585478685,0.15029099823140896,64
chr08,1193179,-0.0005222319093286838,0.22612730173037332,0.6359804927632394,0.19655620513021624,68
chr08,1250995,-0.0007849761526232115,0.5532914033059585,0.45950148619859077,0.3377130796058282,71
chr08,1251046,-0.0006674836601307186,0.3944103340164863,0.5320937779826654,0.2740118194507589,70
chr08,1251125,-0.0006674836601307186,0.3944103340164863,0.5320937779826654,0.2740118194507589,70
chr08,1303297,0.0006394957983193278,0.34753626968202733,0.557493885317702,0.25375989166517193,69
chr08,1311588,0.0003847926267281105,0.1214944130823113,0.7285633409563355,0.137532684893323,66
chr08,1318323,-0.0013051470588235292,1.6300226832158744,0.2063130062871802,0.68547339257604,66
chr08,1318354,-0.0013946428571428569,1.9004396887221064,0.1727554106784969,0.7625683416902849,67
chr08,1349302,0.0005880557977332171,0.2838880186533798,0.5959536074507992,0.2247875469918437,68
chr08,1349376,0.0005617117117117117,0.25067255808291344,0.6182930577417198,0.20880562977702513,67
chr08,1356442,0.00040277777777777767,0.13641357106870336,0.7130551167056984,0.14687689938235263,68
chr08,1407657,-0.0005190033783783783,0.22985135208039895,0.6331953184151679,0.19846230479195495,69
chr08,1430383,-0.0006786283891547049,0.41137214563827307,0.5233987346347144,0.2811673316423079,71
chr08,1503135,0.0005033783783783784,0.21688273040054665,0.6429358299200116,0.19183237093636094,69
chr08,1538248,0.00027884615384615404,0.05349076914976957,0.8178836350168468,0.08730848149367734,62
chr08,1569765,-0.00046469049694856143,0.1797954748003689,0.6729279279982748,0.1720314471411977,68
chr08,1614538,-0.0005574324324324326,0.2654923479780396,0.6080676359283679,0.2160481110615343,69
chr08,1614567,-0.0005277777777777776,0.2316637370617559,0.6318849058760003,0.1993620187032002,68
chr08,1691130,0.0005460526315789476,0.2617247669516972,0.6105950343877655,0.21424673188596755,70
chr08,1703821,-0.000513888888888889,0.21985278909909314,0.6406972378055786,0.19334714834836267,68
chr08,1734907,-0.0005460526315789476,0.2617247669516972,0.6105950343877655,0.21424673188596755,70
chr08,1742132,0.0006786283891547051,0.41137214563827307,0.5233987346347144,0.2811673316423079,71
chr08,1742406,-0.0005033783783783785,0.21688273040054812,0.6429358299200116,0.19183237093636094,69
chr08,1742407,-0.0005033783783783785,0.21688273040054812,0.6429358299200116,0.19183237093636094,69
chr08,1742434,0.0005033783783783784,0.21688273040054665,0.6429358299200116,0.19183237093636094,69
chr08,1809376,0.0005773026315789474,0.29087009122079466,0.5914250801470055,0.22810026259904853,70
chr08,1812839,0.0004210526315789474,0.15244255221548575,0.6974506466837731,0.15648651870847202,69
chr08,1831708,0.0006731418918918917,0.38233368744047475,0.5384533424475273,0.2688519228125418,69
chr08,1857227,-0.0006629811629811634,0.38222673779305505,0.5384792571144036,0.26883102160325256,70
chr08,1865267,-0.0004522321428571431,0.17316781441698192,0.6786824962508589,0.16833335145637726,67
chr08,1865275,-0.0004522321428571431,0.17316781441698192,0.6786824962508589,0.16833335145637726,67
chr08,1899740,-0.0005727986050566695,0.27730954770781824,0.6002354715856861,0.22167834303524536,68
chr08,1927285,-0.0006786283891547049,0.41137214563827307,0.5233987346347144,0.2811673316423079,71
chr08,1951901,0.00022050816696914704,0.0388468373194735,0.8443674200134195,0.07346853232952218,67
chr08,1957002,0.0003368055555555555,0.0937592146495281,0.7604152508746964,0.11894918151687156,68
chr08,1997043,0.00019991511035653657,0.0344210618966261,0.8533745507060051,0.06886031279232903,69
chr08,2001710,-0.0003812448812448812,0.12727492044527722,0.7223790794580176,0.14123483994746241,70
chr08,2025460,-0.0005559179869524699,0.24734348328645817,0.6206562280673725,0.2071488822594005,66
chr08,2025504,-0.0005559179869524699,0.24734348328645817,0.6206562280673725,0.2071488822594005,66
chr08,2025527,-0.0005231037489102007,0.23367561894091898,0.6304115761302189,0.20037582057669187,68
chr08,2030354,0.00045707070707070706,0.1761815854558397,0.6760183954099345,0.17004148613479955,69
chr08,2040096,-0.0003956140350877195,0.12851473542037745,0.721121169763473,0.1419917547836793,68
chr08,2126857,0.0005746031746031747,0.29583967542701967,0.5882556483594663,0.23043389408892193,71
chr08,2135185,0.0004918300653594769,0.21172897457625572,0.6468836036157749,0.18917385666510236,70
chr08,2138338,0.00034453781512605033,0.1028211429564182,0.7494680657341504,0.12524686737995666,69
chr08,2166300,-0.00042424242424242425,0.1466884778124195,0.7029699565129206,0.15306323543461145,67
chr08,2203116,0.000295194508009153,0.05864375180626305,0.8094923268350882,0.09178726356159427,61
chr08,2213397,0.0002203112203112204,0.042641752328840266,0.8370183639836889,0.07726501358464649,70
chr08,2254959,-0.00020303030303030304,0.0308417880215435,0.8611755060608712,0.06490833107089332,63
chr08,2263691,-0.0003405103668261562,0.10310945038561936,0.7491002111281069,0.12546008052642824,71
chr08,2263762,0.000340510366826156,0.10310945038561936,0.7491002111281069,0.12546008052642824,71
chr08,2288883,0.00040504807692307715,0.14528908868007112,0.7042497054174174,0.1522733260044068,71
chr08,2309605,0.00011042183622828791,0.010567194327520735,0.9184267513088795,0.03695547492799563,70
chr08,2328506,-9.760132340777482e-05,0.008282558307265842,0.9277533466748978,0.032567470350433024,70
chr08,2350618,-0.00020512820512820506,0.035244202542382565,0.851652271423187,0.06973769094675233,69
chr08,2420509,-0.0002023026315789476,0.035804626293833,0.8504831778850112,0.07033427208546875,70
chr08,2447265,8.928571428571282e-06,5.797844268896056e-05,0.9939483656622782,0.002636176055806796,66
chr08,2453176,0.0002488076311605725,0.05518829998351156,0.8149651216012168,0.08886097754255266,71
chr08,2453449,0.00012418300653594777,0.01357582863198542,0.9075875477909208,0.04211147131816062,70
chr08,2460397,0.0003118686868686869,0.08206796421465139,0.7753982788280348,0.11047516734262941,69
chr08,2480072,0.00029880952380952384,0.07975407221369864,0.7784763644198154,0.10875456865511039,71
chr08,2504703,0.00023529411764705888,0.04536813275334317,0.8319850939660565,0.07988445455816995,68
chr08,2516440,0.00015233415233415263,0.020380473131492487,0.886901747735886,0.05212448927717695,70
chr08,2526692,-0.00019480519480519486,0.03153900132017825,0.8595871508338455,0.06571008499500246,68
chr08,2526756,-0.00019480519480519486,0.03153900132017825,0.8595871508338455,0.06571008499500246,68
chr08,2536879,-0.00028736089030206716,0.07363612886455922,0.7869245449602491,0.10406690840132087,71
chr08,2538161,-0.00010909090909090924,0.00989094507528232,0.9210798856752876,0.03570270161269736,68
chr08,2551814,1.3257575757575685e-05,0.0001345074888689367,0.9907832016674445,0.004021365312865111,65
chr08,2552048,-3.1249999999999865e-05,0.0007254686293323363,0.9785984655104633,0.009395469570215897,64
chr08,2592171,-0.00018300653594771228,0.02935682566794889,0.8644665841918182,0.06325178964463739,70
chr08,2630082,-0.00028736089030206716,0.07363612886455922,0.7869245449602491,0.10406690840132087,71
chr08,2630117,-0.00028736089030206716,0.07363612886455922,0.7869245449602491,0.10406690840132087,71
chr08,2662136,0.00023529411764705864,0.03995768617793649,0.8422392911612959,0.07456450224547488,62
chr08,2668182,-0.00012857142857142858,0.014336133928850461,0.9050472349694421,0.043328754108325866,70
chr08,2668359,5.042016806722676e-06,2.174472889110359e-05,0.9962932352775693,0.0016128184841175156,69
chr08,2669792,9.090909090909084e-05,0.006513111028189344,0.9359293199988883,0.02875694730194861,66
chr08,2683919,4.901960784313651e-06,2.1080319893848872e-05,0.9963501039287015,0.001588029560880972,70
chr08,2817936,0.0002829861111111112,0.06705316806425031,0.7964826193440055,0.09882369683127218,68
chr08,2825727,8.982511923688382e-05,0.007188085684403482,0.9326797608500934,0.030267447324731196,71
chr08,2878305,-0.0003155802861685217,0.08882820121598146,0.7665677874345859,0.1154494345381502,71
chr08,2878407,-8.488175675675671e-05,0.0061787681229610565,0.9375809921220439,0.027991205827036972,69
chr08,2902444,-0.0002812499999999998,0.06514224904176705,0.7993393080108103,0.09726882980200097,68
chr08,2902497,0.0002812499999999998,0.06514224904176705,0.7993393080108103,0.09726882980200097,68
chr08,2976060,-1.5681003584229286e-05,0.0001960045202864207,0.9888727357380674,0.004859596899363776,67
chr08,3023739,-0.0004767628205128207,0.2014546229940205,0.654955761272165,0.18378803326657642,71
chr08,3029035,0.0006036184210526319,0.320089888033132,0.5734158870921909,0.24153027863597706,70
chr08,3038069,-0.0004767628205128207,0.2014546229940205,0.654955761272165,0.18378803326657642,71
chr08,3049778,-0.0006036184210526319,0.3200898880331301,0.5734158870922001,0.2415302786359701,70
chr08,3057804,-0.00048648648648648635,0.199868544034733,0.6562906827993582,0.1829037612733958,68
chr08,3057921,-0.000355263157894737,0.10754047488514822,0.743984427028314,0.12843615494666605,69
chr08,3066504,-0.000333333333333333,0.08707874644387117,0.7688794821218059,0.11414172827566603,66
chr08,3066530,-0.000333333333333333,0.08707874644387117,0.7688794821218059,0.11414172827566603,66
chr08,3066588,-0.00029592803030303037,0.0665933030304009,0.7972042285693542,0.09843040635957509,65
chr08,3066598,-0.00029592803030303037,0.0665933030304009,0.7972042285693542,0.09843040635957509,65
chr08,3066625,-0.000333333333333333,0.08707874644387117,0.7688794821218059,0.11414172827566603,66
chr08,3170256,0.00035714285714285714,0.10931372097380049,0.7419585322467718,0.12962036658035078,69
chr08,3181570,0.00018055555555555555,0.028271727765738382,0.8669706776591799,0.06199559081232877,70
chr08,3199512,-0.0004672399672399673,0.19134759876756458,0.663183564891581,0.1783662450713814,70
chr08,3270544,-0.0003437996820349766,0.10544999179000894,0.7463674262488811,0.12704732278387929,71
chr08,3304112,0.0005238970588235293,0.21579699241659284,0.6438377232235233,0.19122358107094434,66
chr08,3304342,-0.0004888591800356507,0.1936725714599737,0.6613373221091402,0.1795769674991361,67
chr08,3305116,0.0007542444821731752,0.49713366284065236,0.483206301420921,0.31586741078077846,69
chr08,3307096,0.0006824324324324322,0.40315508417264073,0.5276267637416936,0.27767318308296585,69
chr08,3316293,-0.00015789473684210556,0.020799465910039183,0.8857595207909628,0.052684170855065895,69
chr08,3321772,-0.000831541218637993,0.5802278298433331,0.448978074994666,0.3477748664383712,67
chr08,3349080,-0.0009032258064516128,0.7238328377800439,0.39783237856737774,0.4002998736477318,71
chr08,3361175,-0.0009295415959252974,0.7282326276043056,0.3964972878977955,0.4017597789770208,69
chr08,3362058,-0.0011870095902353965,1.2066192314840398,0.2759938264051235,0.5591006323846918,68
chr08,3393410,0.0009874184529356945,0.7654077588128075,0.3849129143808643,0.4146375174576136,66
chr08,3414276,-0.0009032258064516128,0.7238328377800439,0.39783237856737774,0.4002998736477318,71
chr08,3454275,-0.0007333333333333334,0.46052346204165684,0.4996825182275424,0.3013058444139686,70
chr08,3525992,-0.0009562334217506633,0.7520996398988922,0.38895445292665853,0.4101012521466703,68
chr08,3540912,-0.0007601626016260165,0.506978084426022,0.4788505827985752,0.31979997967333984,71
chr08,3540954,-0.0007601626016260165,0.506978084426022,0.4788505827985752,0.31979997967333984,71
chr08,3540961,-0.0007601626016260165,0.506978084426022,0.4788505827985752,0.31979997967333984,71
chr08,3578604,-0.0009102564102564104,0.704353915596067,0.40430916401998185,0.3932864148913911,69
chr08,3588898,-0.0009551282051282053,0.676455467236723,0.4139121281945287,0.3830918479872799,65
chr08,3668640,-0.0009634259259259258,0.7477792034909966,0.39036046626261833,0.4085341719309957,67
chr08,3683536,0.0007202380952380954,0.4348067999432242,0.5118667259668714,0.29084310096089927,70
chr08,4027647,-0.0009381533101045302,0.7454781302782076,0.39099201204426637,0.40783211513746725,69
chr08,4043530,-0.0008698275862068967,0.6371586554165526,0.42756184089832994,0.36900106171113295,69
chr08,4076631,0.0008287037037037038,0.49347126115233025,0.4850550455382239,0.31420897352765176,63
chr08,4088868,0.0009074074074074072,0.646476152997768,0.4243518797681757,0.3722738696717564,66
chr08,4091006,0.0007024390243902441,0.4324416140244673,0.5129811571156964,0.289898587151284,71
chr08,4093953,0.0009666666666666669,0.8116492353991195,0.3708601638100716,0.43078981419528417,69
chr08,4133638,-0.0008703703703703702,0.6039169535852248,0.4399065459263266,0.356639575557733,67
chr08,4154909,0.0010944444444444448,0.9461720859014316,0.33435771999710073,0.47578864490782274,66
chr08,4171429,0.0013689458689458691,1.4702055335622326,0.22977023032892582,0.6387062404057203,66
chr08,4264377,0.0009500000000000002,0.7791530701149928,0.3806040621269422,0.41952658086796457,68
chr08,4340810,-0.000561538461538462,0.27740379248966024,0.6001473808614709,0.2217420848913111,69
chr08,4340827,-0.000561538461538462,0.27740379248966024,0.6001473808614709,0.2217420848913111,69
chr08,4381345,-0.0007635566188197766,0.5216058970438225,0.47259811560464093,0.3255080143670813,71
chr08,4390860,-0.0008133445945945943,0.5721039387866128,0.4520754982881092,0.3447890303393552,69
chr08,4390921,-0.0008133445945945943,0.5721039387866128,0.4520754982881092,0.3447890303393552,69
chr08,4391033,-0.0010953159041394336,0.8538119541698254,0.35923996082314524,0.4446153596447629,61
chr08,4400598,-0.0007635566188197766,0.5216058970438225,0.47259811560464093,0.3255080143670813,71
chr08,4400775,-0.0008976248976248979,0.7148601565831791,0.4008003483210887,0.39707190971101775,70
chr08,4439083,-0.00018939393939393956,0.025763787326068117,0.8730089169106554,0.05898132038914274,63
chr08,4439142,-0.0004521531100478469,0.18201385572961978,0.6709764169691957,0.17329274385504947,71
chr08,4737131,0.0006290322580645164,0.3401573946471308,0.5617260877377327,0.25047540610881475,68
chr08,4737174,0.0005156250000000001,0.2337347106864858,0.6303445947992554,0.20042196688654323,69
chr08,4754949,0.0005857263513513514,0.2890795653780869,0.5925924022761234,0.22724392098068458,69
chr08,4763674,0.0007512820512820516,0.4759774223891534,0.4926328874377983,0.30747659867637395,69
chr08,4822359,-0.001298387096774194,1.4646748646013603,0.23044017591276683,0.6374418019148966,69
chr08,4834796,-0.0009270557029177721,0.696176581984551,0.40708130830335854,0.3903188383896342,68
chr08,4839487,-0.001002481389578164,0.8850522521660438,0.3501517228247366,0.4557437324848153,70
chr08,4890275,-0.00120159151193634,1.208706280263485,0.27558266037740015,0.559748111653082,68
chr08,4890375,0.0010487179487179493,0.9383309156092803,0.3361913327927428,0.4734134871154814,69
chr08,4890392,0.0009208333333333335,0.7283481118298675,0.3964154756703242,0.4018493994263353,70
chr08,4890401,0.0010487179487179493,0.9383309156092803,0.3361913327927428,0.4734134871154814,69
chr08,4890592,0.0012320512820512824,1.3424884095860292,0.25070878061099905,0.6008304554150355,69
chr08,4901181,0.0008745967741935484,0.6782303312886567,0.41303423616771495,0.38401394843444847,71
chr08,4904651,-0.0009708333333333332,0.8231330209800546,0.3674697057696311,0.4347784583740286,70
chr08,5076917,0.0012652519893899207,1.369817598640143,0.24605201450857914,0.6089730749039173,68
chr08,5124898,-0.0007399999999999996,0.4199506289224351,0.5192798828253656,0.28459850187474284,66
chr08,5149545,0.0002896825396825397,0.06937584608422526,0.7930560868103784,0.10069609725881487,69
chr08,5230894,0.00040476190476190457,0.1376268782800139,0.7118049786362919,0.14763897869982204,70
chr08,5243245,-0.00036904761904761905,0.1153671648114968,0.7351613917922513,0.13361730871097632,70
chr08,5243265,-0.00036904761904761905,0.1153671648114968,0.7351613917922513,0.13361730871097632,70
chr08,5243326,-0.00036904761904761905,0.1153671648114968,0.7351613917922513,0.13361730871097632,70
chr08,5243331,-0.00036904761904761905,0.1153671648114968,0.7351613917922513,0.13361730871097632,70
chr08,5245444,-0.0007940900562851783,0.5305050297454096,0.4690105772639098,0.32881736283811364,67
chr08,5260691,-0.00047425249169435205,0.1922852949811935,0.662391267693218,0.17888540149136342,71
chr08,5316416,-0.00029166666666666653,0.07092549191668814,0.7907998869627724,0.10193340143657437,70
chr08,5316684,-0.00018249128919860634,0.02750534591819922,0.868776516720224,0.061091926701658736,69
chr08,5320558,-0.0008109756097560971,0.5399287298071775,0.46510507604544826,0.3324489206766187,67
chr08,5362708,-0.00016666666666666682,0.023497884344146402,0.8786234182518969,0.05619722551636691,70
chr08,5362717,-0.00016666666666666682,0.023497884344146402,0.8786234182518969,0.05619722551636691,70
chr08,5362944,-2.380952380952382e-05,0.00047255038220991136,0.9827204351547628,0.007570012928666259,70
chr08,5363140,-2.380952380952382e-05,0.00047255038220991136,0.9827204351547628,0.007570012928666259,70
chr08,5385235,-0.00014550264550264582,0.017266428899542406,0.8958512596565718,0.04776409131186751,69
chr08,5423044,-0.0007106440071556353,0.41286654229788006,0.5227108938703993,0.2817384486328799,69
chr08,5423245,-0.00031118881118881106,0.07926557332659324,0.7791501625438754,0.10837883439483288,70
chr08,5436422,0.00042372093023255796,0.1408082397288428,0.7086820656956213,0.1495485575982705,68
chr08,5436934,-0.0004393939393939394,0.16279451432226436,0.6878442444438401,0.16250989234097388,71
chr08,5437074,-0.0008513133208255156,0.5774544557535831,0.4500592759321266,0.3467302828582607,67
chr08,5505298,1.1343012704174055e-05,0.00010211077589761058,0.9919684744105655,0.0035021298690973324,67
chr08,5513105,-0.0002735042735042734,0.05587322806517988,0.8138964346247316,0.08943085399594566,66
chr08,5513181,-0.0003512820512820513,0.102389970249236,0.7499759443678857,0.12495266646941013,69
chr08,5516461,-7.142857142857143e-05,0.004108174138343521,0.9490882862402925,0.022693386683778585,68
chr08,5521112,-0.0002211382113821135,0.04261795590251499,0.8370542719789047,0.07724638279904518,71
chr08,5521243,0.0002211382113821135,0.04261795590251499,0.8370542719789047,0.07724638279904518,71
chr08,5537098,-0.00010833333333333306,0.010128474391934306,0.9201321298134418,0.03614980403640736,70
chr08,5537292,-0.0002543103448275863,0.05468163381998622,0.8158214256406348,0.08840489314087772,69
chr08,5547134,-8.576998050682277e-05,0.005552806561906977,0.9408349992536137,0.026486535124239423,65
chr08,5547146,3.7037037037036955e-05,0.0010454375822245329,0.974306937459177,0.01130420508693534,66
chr08,5547203,3.7037037037036955e-05,0.0010454375822245329,0.974306937459177,0.01130420508693534,66
chr08,5561544,-0.0002211382113821135,0.04261795590251499,0.8370542719789047,0.07724638279904518,71
chr08,5568899,-0.0002211382113821135,0.04261795590251499,0.8370542719789047,0.07724638279904518,71
chr08,5574014,2.8130671506352016e-05,0.000631342833814106,0.9800310149170337,0.008760180027722796,67
chr08,5604268,0.000258333333333333,0.05681214556525653,0.8123241416486432,0.09027063967592087,70
chr08,5604360,0.00012844827586206884,0.013718557877998326,0.9071104105090173,0.04233984882028802,69
chr08,5608359,-0.0002211382113821135,0.04261795590251499,0.8370542719789047,0.07724638279904518,71
chr08,5673485,-0.0005963414634146338,0.31112919670682504,0.5787933731230326,0.23747644996588027,71
chr08,5673497,-0.0005963414634146338,0.31112919670682504,0.5787933731230326,0.23747644996588027,71
chr08,5688304,-0.0006342105263157895,0.3265482695526092,0.5696396736994223,0.24439977100618868,68
chr08,5696531,-0.0005070733863837311,0.20901756121040177,0.6490398574744337,0.18772863239886156,68
chr08,5825683,-0.00031085526315789474,0.08421599333075294,0.7725464407464618,0.11207540400190483,70
chr08,5826125,0.00046190476190476184,0.17502929225884828,0.677038469243923,0.1693866540538432,68
chr08,5832731,0.0003063063063063063,0.08247605185370983,0.7748428995047462,0.11078634238965754,70
chr08,5849256,-1.6666666666666474e-05,0.0002245116433258333,0.9880917869038224,0.005202710580078265,66
chr08,5901802,-0.00031085526315789474,0.08421599333075294,0.7725464407464618,0.11207540400190483,70
chr08,5937456,0.0003063063063063063,0.08247605185370983,0.7748428995047462,0.11078634238965754,70
chr08,5947953,0.0011200892857142857,1.0257119842972051,0.31492314765562524,0.5017954164366822,67
chr08,5967484,-0.0011789215686274501,1.226145798870615,0.2720595409180826,0.5653360391187866,70
chr08,5975175,0.0011383928571428571,1.0597322819080797,0.3070917305074059,0.5127318782601438,67
chr08,5975177,0.0011383928571428571,1.0597322819080797,0.3070917305074059,0.5127318782601438,67
chr08,5975227,0.0011383928571428571,1.0597322819080797,0.3070917305074059,0.5127318782601438,67
chr08,5985683,0.001024641577060932,0.8729198522281123,0.35360620965263634,0.4514801169785487,67
chr08,6033381,-0.0013107210626185962,1.3628450556560976,0.24744451170777382,0.6065221743501455,65
chr08,6038019,-0.0012205882352941174,1.271737123869296,0.26352406797270245,0.5791797139983151,68
chr08,6038067,-0.0011176470588235294,1.0438863803189735,0.3107069916770567,0.5076489739333071,67
chr08,6116003,0.0012714285714285714,1.4476912325968958,0.2330711104880909,0.632511554592495,70
chr08,6118202,0.0013886554621848738,1.6640660045875577,0.20148998743662308,0.6957465302130167,69
chr08,6152740,0.0018079044117647063,2.6596457312135255,0.10783558299010768,0.9672379094058364,66
chr08,6152781,0.0018799810246679322,2.795839974103171,0.09946920995754814,1.0023113314645256,65
chr08,6152830,0.0019785714285714285,3.1587845792699834,0.08034633048810885,1.0950339531900823,65
chr08,6202948,-0.0018,2.9790390410278476,0.08889078964422792,1.0511432358116755,70
chr08,6207927,-0.002096969696969697,3.811348266849542,0.055150534585364654,1.2584502734985186,68
chr08,6207966,0.002096969696969697,3.811348266849542,0.055150534585364654,1.2584502734985186,68
chr08,6237649,0.001904761904761904,3.396340473903321,0.06963694482934993,1.1571602908697607,71
chr08,6298060,0.0016995798319327723,2.6048097238819734,0.11124027018075296,0.9537379649906574,69
chr08,6298061,0.0016995798319327723,2.6048097238819734,0.11124027018075296,0.9537379649906574,69
chr08,6351275,-0.0018800505050505048,3.2284439251401067,0.0768767783668947,1.1142048246995055,69
chr08,6356938,-0.0022227550130775944,4.368847492876436,0.04045794063937513,1.3929962271439957,68
chr08,6356941,-0.0022227550130775944,4.368847492876436,0.04045794063937513,1.3929962271439957,68
chr08,6436131,0.0025467171717171713,5.955444724359141,0.017322952012439715,1.7613780976841387,69
chr08,6443655,0.002369791666666666,5.107450212859484,0.027129170584999873,1.5665634836384787,68
chr08,6443714,0.002506359300476948,6.089615154222637,0.01608194548383817,1.7936614144316225,71
chr08,6496388,0.002506359300476948,6.089615154222637,0.01608194548383817,1.7936614144316225,71
chr08,6496436,-0.0025063593004769485,6.089615154222647,0.01608194548383817,1.7936614144316225,71
chr08,6505909,-0.0021971153846153855,4.5470333933164175,0.03653707439267256,1.4372662305463189,71
chr08,6560540,-0.002441666666666668,4.557180407523378,0.03687488687216495,1.4332693033763535,62
chr08,6610200,0.0023680672268907555,5.186849280154777,0.025955782980599824,1.585765865686114,69
chr08,6610201,-0.0023680672268907555,5.186849280154777,0.025955782980599824,1.585765865686114,69
chr08,6617403,0.0027034050179211475,6.413922078204786,0.013746891196488073,1.861795504660115,67
chr08,6653052,-0.0023251689189189182,4.923381293663134,0.029887058097321378,1.5245168321999218,69
chr08,6653104,-0.0023251689189189182,4.923381293663134,0.029887058097321378,1.5245168321999218,69
chr08,6655942,-0.0027333333333333337,6.956240811659441,0.010405973378431008,1.9827172894927692,68
chr08,6661644,-0.0022022804054054046,4.450656219616476,0.03862680716448764,1.413111188519728,69
chr08,6688293,-0.001954017857142857,3.2957296963111413,0.0740734281682429,1.1303375554415838,67
chr08,6711337,-0.002207236842105264,4.470031850179336,0.03816389844633315,1.4183472684738725,70
chr08,6719240,0.002207236842105264,4.4700318501793355,0.03816389844633315,1.4183472684738725,70
chr08,6719264,0.002207236842105264,4.4700318501793355,0.03816389844633315,1.4183472684738725,70
chr08,6719271,0.002207236842105264,4.4700318501793355,0.03816389844633315,1.4183472684738725,70
chr08,6719279,0.002207236842105264,4.4700318501793355,0.03816389844633315,1.4183472684738725,70
chr08,6719286,0.002207236842105264,4.4700318501793355,0.03816389844633315,1.4183472684738725,70
chr08,6724558,0.0021233108108108093,4.128291070357491,0.04614028739244609,1.3359197047311635,69
chr08,6724579,0.0021971153846153855,4.5470333933164175,0.03653707439267256,1.4372662305463189,71
chr08,6757902,0.002528703703703703,5.751323910802547,0.019356361754307147,1.713176269884798,67
chr08,6766911,0.0022333333333333333,4.416417897567013,0.03941606611053599,1.4043267223127875,68
chr08,6773674,0.0020503978779840854,3.8370067526484655,0.05436029535407392,1.2647181922946564,68
chr08,6788152,-0.0022858974358974365,4.681115744314986,0.03406625797648346,1.4676755690860188,69
chr08,6788352,-0.0022858974358974365,4.681115744314986,0.03406625797648346,1.4676755690860188,69
chr08,6795790,0.0022057541412380107,4.363972292672282,0.040566377413695585,1.3918337731555894,68
chr08,6804991,-0.002360483870967742,5.265681657401904,0.02479685353013473,1.6056034232541652,71
chr08,6815209,0.002360483870967742,5.265681657401904,0.02479685353013473,1.6056034232541652,71
chr08,6815224,-0.002360483870967742,5.265681657401904,0.02479685353013473,1.6056034232541652,71
chr08,6816373,-0.002360483870967742,5.265681657401904,0.02479685353013473,1.6056034232541652,71
chr08,6833662,-0.0023108974358974368,5.065653179076473,0.027594120314308402,1.5591834464521788,71
chr08,6835562,0.0023108974358974363,5.065653179076462,0.027594120314308673,1.5591834464521745,71
chr08,6861180,0.0023108974358974363,5.065653179076462,0.027594120314308673,1.5591834464521745,71
chr08,6861256,-0.0023108974358974368,5.065653179076473,0.027594120314308402,1.5591834464521788,71
chr08,6876435,-0.0021791666666666665,4.291875674788859,0.04209096519531056,1.375811115254801,70
chr08,6915039,0.0021291666666666664,4.082072606899571,0.047281533743604234,1.3253084440223115,70
chr08,6928359,0.0020065387968613763,3.526096914030826,0.06482918839398949,1.1882294153586601,68
chr08,7044365,0.00224342105263158,4.67447488989389,0.03413604375814202,1.4667868134371367,70
chr08,7047469,0.0021115207373271893,3.689376874483612,0.05921723707190069,1.227551859567789,66
chr08,7047470,0.0021115207373271893,3.689376874483612,0.05921723707190069,1.227551859567789,66
chr08,7050316,0.002070340501792115,3.63670272737482,0.06093989773816969,1.2150982788922404,67
chr08,7050352,0.0015888888888888882,2.3284286054264625,0.1316010343665778,0.8807406972119448,71
chr08,7074350,0.0019315004659832243,3.0421008702813177,0.08593200104228792,1.065845074958306,66
chr08,7434872,0.002207142857142857,4.233922772411979,0.043638977576439156,1.3601254331091828,67
chr08,7497533,0.0022567911714770805,4.5377041514400815,0.03683160163174165,1.4337793953263662,69
chr08,7497614,0.0022567911714770805,4.5377041514400815,0.03683160163174165,1.4337793953263662,69
chr08,7508286,-0.001699362041467304,2.663228317768602,0.10724814153819347,0.9696102248001193,71
chr08,7523760,0.0015962325962325969,2.3131816856239347,0.1329178759161745,0.8764166075472182,70
chr08,7569115,-0.000816176470588235,0.5406139722574582,0.4648643373090161,0.3326737700225152,66
chr08,7576035,0.0008248638838475497,0.5415189355759178,0.4644512298890805,0.33305988275119736,67
chr08,7576188,-0.000945512820512821,0.7991759260417637,0.37444750859562426,0.42660905466693627,71
chr08,7583467,0.001128968253968254,0.9536953804940675,0.3325755767593852,0.47810964708308573,64
chr08,7583657,0.0013769804287045663,1.5760584555014285,0.21389376298343926,0.6698018790159781,66
chr08,7583665,0.0013769804287045663,1.5760584555014285,0.21389376298343926,0.6698018790159781,66
chr08,7601751,-0.0010560271646859083,0.9878779267486444,0.3238376895383378,0.48967260769511944,69
chr08,7601752,-0.0010560271646859083,0.9878779267486444,0.3238376895383378,0.48967260769511944,69
chr08,7602618,0.0009862903225806453,0.8648335438896526,0.3556317871015976,0.44899942783162383,71
chr08,7661338,0.0005004201680672271,0.21855414724476055,0.6416607924990652,0.1926944966625492,69
chr08,7661522,0.0008088235294117646,0.5396383490553287,0.4651847238079667,0.33237455549740746,68
chr08,7670109,-0.0007496031746031745,0.5050008403309493,0.4797061744866552,0.3190246915232101,71
chr08,7676810,-0.0007638888888888884,0.5093286122838074,0.47787203363443753,0.32068838482474604,70
chr08,7719420,0.0005049019607843135,0.22216586558634369,0.6389033322682203,0.19456484675293395,70
chr08,7719428,0.0005049019607843135,0.22216586558634369,0.6389033322682203,0.19456484675293395,70
chr08,7719680,-0.0006281512605042015,0.3365991707967855,0.5637449996723274,0.2489172972192546,69
chr08,7770396,0.00038039215686274487,0.10905078236577612,0.7423406816586744,0.12939673864473764,64
chr08,7823770,-0.00021515151515151516,0.0389192199358,0.8442150827146171,0.07354689302357238,68
chr08,7827666,-0.00013316993464052278,0.015612317825060822,0.9009323745680724,0.045307806639305816,70
chr08,7858322,-9.895833333333318e-05,0.007241820570956294,0.932466100224365,0.030366947994460332,62
chr08,7861466,-4.2220113851992225e-05,0.0013676338548652199,0.970616663378734,0.012952257064300646,65
chr08,7861477,4.222011385199209e-05,0.0013676338548652199,0.970616663378734,0.012952257064300646,65
chr08,7861487,4.222011385199209e-05,0.0013676338548652199,0.970616663378734,0.012952257064300646,65
chr08,7861518,-4.2220113851992225e-05,0.0013676338548652199,0.970616663378734,0.012952257064300646,65
chr08,7861655,0.00010294117647058831,0.008266874261165477,0.9278382641921741,0.03252772107696168,66
chr08,7878937,-0.00035110294117647074,0.0986309392777259,0.7545002183004096,0.12234063023345489,66
chr08,7883906,-9.500409500409476e-05,0.007925466275356898,0.9293236535452105,0.03183300885946683,70
chr08,7888989,0.0002005912162162161,0.03454749955610843,0.8531086266060723,0.06899566645028025,69
chr08,7889044,-0.00020059121621621593,0.03454749955610843,0.8531086266060723,0.06899566645028025,69
chr08,7900499,2.9106858054226283e-05,0.0007522889567046123,0.9781976307612745,0.009573393394260965,71
chr09,100447,-0.00031914893617021264,0.07636308627060083,0.7831385703700744,0.10616138606141948,69
chr09,100632,-0.00031914893617021264,0.07636308627060083,0.7831385703700744,0.10616138606141948,69
chr09,205206,0.00018005952380952382,0.023132496492265994,0.8795700991993969,0.05572954280991468,69
chr09,205280,0.00018005952380952382,0.023132496492265994,0.8795700991993969,0.05572954280991468,69
chr09,264102,0.00013636363636363615,0.013097308912309326,0.9092445346498447,0.04131930075281905,66
chr09,264115,0.00017441860465116282,0.02425649581724221,0.8767320158662512,0.057133133904007205,65
chr09,269054,0.00017687074829931979,0.02279474661621915,0.8804390444413014,0.05530070622612593,70
chr09,269080,0.00017687074829931979,0.02279474661621915,0.8804390444413014,0.05530070622612593,70
chr09,296338,0.0008599773242630385,0.47478145679800976,0.4932479963216211,0.30693467026883947,67
chr09,350219,0.00028627450980392167,0.05924204027372384,0.8084201338983781,0.09236287881324318,71
chr09,350303,-0.0002862745098039219,0.05924204027372384,0.8084201338983781,0.09236287881324318,71
chr09,441384,-0.00036877828054298625,0.0853623226768236,0.771060749653731,0.11291140379076041,69
chr09,466798,0.0003915789473684214,0.10500431711550057,0.7469143846487143,0.12672917650530338,69
chr09,496000,-0.0005499462943071967,0.21315975834466463,0.6458201837216544,0.18988838616623852,68
chr09,499811,0.00039688506981740054,0.10582809062655701,0.7459737718581196,0.12727644188059362,68
chr09,503586,-0.00028051511758118714,0.0512182602369033,0.8216780594782361,0.08529830944203688,66
chr09,554780,-0.0004569160997732427,0.1317250729635486,0.7178276781224578,0.14397980007897496,67
chr09,584632,0.0002444444444444444,0.039070545671589296,0.8439164888512156,0.07370052757521757,68
chr09,584738,-0.00035260770975056676,0.08138075940454671,0.7763419437571302,0.1099469493896131,67
chr09,589967,0.00030888888888888925,0.06082689906435129,0.805959232053388,0.09368692561679424,68
chr09,589998,-0.000308888888888889,0.06082689906435129,0.805959232053388,0.09368692561679424,68
chr09,617902,0.000441578947368421,0.13354930437024745,0.7159312133214366,0.14512870270613057,69
chr09,624336,-0.0005948379351740697,0.2156013248892967,0.6439878015130343,0.1911223590155786,66
chr09,630006,-0.00048157894736842115,0.15994680137833978,0.6904777175182284,0.16085033202383095,69
chr09,712015,0.00031785345717234295,0.06937169316401258,0.7930502734504064,0.10069928079079035,70
chr09,737246,8.639705882352952e-05,0.0043618158880356596,0.9475518976627147,0.023396994287278344,65
chr09,737252,8.639705882352952e-05,0.0043618158880356596,0.9475518976627147,0.023396994287278344,65
chr09,758878,0.00015984654731457805,0.014957258921548736,0.9030635622093728,0.04428168075483844,63
chr09,793747,0.00012091503267973846,0.009672674207632756,0.921948219534841,0.035293470054598784,69
chr09,853170,0.0002652608213096558,0.04561799089561145,0.8315108189771743,0.08013209570300787,70
chr09,853175,0.0002652608213096558,0.04561799089561145,0.8315108189771743,0.08013209570300787,70
chr09,887320,0.0002652608213096558,0.04561799089561145,0.8315108189771743,0.08013209570300787,70
chr09,978877,-6.837606837606857e-05,0.003146864840094215,0.9554290985073808,0.01980153599724915,70
chr09,1018065,-0.0003494318181818179,0.09284430512205323,0.7615225046269256,0.11831725780282543,70
chr09,1042767,0.0004727891156462583,0.16329039667112502,0.6874131245743165,0.16278218026427344,70
chr09,1042880,-0.00047278911564625797,0.16329039667112502,0.6874131245743165,0.16278218026427344,70
chr09,1043974,-0.000490328820116054,0.1793995997606744,0.6732463702080393,0.17182597939861835,69
chr09,1066161,-0.0007173469387755099,0.3646316835458009,0.5479842408121121,0.2612319309805056,69
chr09,1066253,-0.0006199999999999998,0.27333438947787153,0.602803114263841,0.21982451265450664,70
chr09,1125931,0.0001367781155015201,0.013297753261755424,0.9085448775698637,0.04165361585227174,68
chr09,1128396,-0.00041349637681159355,0.13392027834838857,0.7155211020359983,0.1453775535706609,71
chr09,1216679,-0.0009734848484848484,0.7325428602372662,0.39515686221432256,0.4032304717889427,68
chr09,1225139,-6.31868131868138e-05,0.003172003944427108,0.9552566078624597,0.01987994945397092,68
chr09,1367939,0.00023526422764227694,0.041968389291224324,0.838340484480237,0.07657956072684924,65
chr09,1419759,2.1043771043770757e-05,0.00037252693620258066,0.9846567249066098,0.006715148652326855,71
chr09,1442346,0.00012833763996554666,0.01375314552820843,0.9069887796642999,0.04239808555293779,70
chr09,1452362,-0.00012833763996554677,0.01375314552820843,0.9069887796642999,0.04239808555293779,70
chr09,1460355,-0.00023992673992673943,0.04555874205571057,0.8316379098178719,0.08006572178230284,68
chr09,1460393,-0.00023992673992673943,0.04555874205571057,0.8316379098178719,0.08006572178230284,68
chr09,1460398,-0.00023992673992673943,0.04555874205571057,0.8316379098178719,0.08006572178230284,68
chr09,1460489,-0.00012835420393559873,0.013134520358967698,0.9091002383127187,0.04138822838858541,69
chr09,1460542,-0.00012835420393559873,0.013134520358967698,0.9091002383127187,0.04138822838858541,69
chr09,1467637,0.00017570009033423628,0.024779149860395512,0.875399215818768,0.057793846763040016,68
chr09,1475069,-0.0001216931216931213,0.012073892851056665,0.9128320024488404,0.03960914264406346,69
chr09,1475102,-0.0001216931216931213,0.012073892851056665,0.9128320024488404,0.03960914264406346,69
chr09,1489954,-3.83597883597878e-05,0.0012127436767976093,0.9723232528832906,0.012189328072926876,69
chr09,1507844,2.1043771043770757e-05,0.00037252693620258066,0.9846567249066098,0.006715148652326855,71
chr09,1516975,-0.00027095238095238116,0.05696637903927899,0.8121074870830323,0.09038648558930702,67
chr09,1562819,0.0003548076923076919,0.09591715899543836,0.7577914965749422,0.12045027239343516,66
chr09,1565945,-0.00022792022792022764,0.041458543126955745,0.8393014125638609,0.07608204595853289,66
chr09,1593695,-0.000378354203935599,0.1160127403561217,0.7344655824003736,0.13402855075706724,69
chr09,1593706,-0.000378354203935599,0.1160127403561217,0.7344655824003736,0.13402855075706724,69
chr09,1643529,-0.00031613756613756567,0.08156276712417984,0.7760717413458246,0.11009812999119892,69
chr09,1694318,-6.939655172413832e-05,0.004015907907433242,0.9496596120447314,0.022432031659292095,69
chr09,1735412,-0.000288461538461539,0.06192615460787428,0.8042865506422365,0.09458919355121688,65
chr09,1736637,-4.761904761904747e-05,0.0019175860975006898,0.9651999343602325,0.01538271629805262,70
chr09,1742137,-0.0008656410256410251,0.58646800890824,0.44669391829406013,0.34998996037640495,64
chr09,1764841,0.0006272893772893771,0.3247087133057411,0.5707261326027842,0.243572241371926,68
chr09,1780601,0.00031074977416440774,0.07705187579698983,0.7822007518437548,0.10668177094405552,68
chr09,1780674,-0.00031074977416440785,0.07705187579698983,0.7822007518437548,0.10668177094405552,68
chr09,1814340,-0.0003093947606142728,0.08971699179743574,0.7654785088111298,0.11606699782758305,68
chr09,1843962,-0.000961461461461461,0.7270946827864916,0.39710863255152185,0.4010906719168756,64
chr09,1848494,-0.0008225399495374262,0.583418185223525,0.4476178036425248,0.3490926480821668,70
chr09,1947443,-0.0008809523809523807,0.6626708428246024,0.4184601780454048,0.3783458644998966,70
chr09,1964644,-0.0008809523809523807,0.6626708428246024,0.4184601780454048,0.3783458644998966,70
chr09,1978978,-0.0007288359788359784,0.4341026209735456,0.5122407213959586,0.29052589956030717,69
chr09,2025202,0.0008581752484191506,0.5924853933177952,0.44420589523483567,0.3524156820528096,68
chr09,2025204,0.0008581752484191506,0.5924853933177952,0.44420589523483567,0.3524156820528096,68
chr09,2025236,0.0008581752484191506,0.5924853933177952,0.44420589523483567,0.3524156820528096,68
chr09,2107561,0.0006987353206865401,0.39508923787638894,0.5318056642524293,0.2742470413172129,68
chr09,2125403,0.0001411819887429647,0.01675045580348589,0.8974221771254355,0.04700320237125929,67
chr09,2148528,0.00031750000000000045,0.07248465974738769,0.7886326914764078,0.10312522392329102,65
chr09,2152023,-2.2394487510766486e-05,0.00041868851070379166,0.9837348445063254,0.007121945355089058,70
chr09,2152310,0.0002464221824686945,0.04862241684192063,0.8261484938717722,0.08294188455254567,69
chr09,2152441,0.0003972093023255818,0.12946696107311315,0.7201341640669925,0.14258658511601105,68
chr09,2158705,0.00030113636363636296,0.05980510221903367,0.8076386468863599,0.0927829074996863,62
chr09,2158765,-0.0002386002120890768,0.04019442692601322,0.8417571176207674,0.07481320267334014,64
chr09,2173137,0.00012836700336700375,0.013864437733467702,0.9066099416991769,0.04257952286676397,71
chr09,2173237,4.8747763864043246e-05,0.0019102902865770666,0.9652680643508514,0.015352062095020045,69
chr09,2173250,4.8747763864043246e-05,0.0019102902865770666,0.9652680643508514,0.015352062095020045,69
chr09,2183704,0.00019743589743589744,0.032309718259313655,0.8578764219488016,0.06657526824813939,71
chr09,2185967,0.0004580487804878051,0.1644315915972358,0.6864612317801608,0.16338398471910398,66
chr09,2185970,0.00010881801125703602,0.009087966967114764,0.9243453470303649,0.034165740588873825,67
chr09,2187957,-0.00018425760286225454,0.027597337520438792,0.8685592987050565,0.06120052583950095,69
chr09,2382011,-0.00010416666666666722,0.008461587862524909,0.9269913722316915,0.03292430793706131,67
chr09,2433960,-0.0002088888888888886,0.03477241513094974,0.8526285552585717,0.0692401265521776,70
chr09,2435412,0.00027581395348837194,0.058973208444180684,0.8088793745242038,0.092116238442695,68
chr09,2450094,-0.00035869565217391217,0.08959058741886139,0.7656835201450192,0.1159507001531579,65
chr09,2568494,-0.001215277777777778,1.1563232361530609,0.28608654622367846,0.5435025652573097,69
chr09,2568569,-0.001215277777777778,1.1563232361530609,0.28608654622367846,0.5435025652573097,69
chr09,2568578,-0.001215277777777778,1.1563232361530609,0.28608654622367846,0.5435025652573097,69
chr09,2568602,-0.001215277777777778,1.1563232361530609,0.28608654622367846,0.5435025652573097,69
chr09,2580738,0.0008810975609756098,0.5465522097659427,0.46247565713969807,0.3349111218398264,65
chr09,2584824,0.0012236987818383172,1.025200799927893,0.3152237424220798,0.5013810792073224,64
chr09,2584962,0.0009792490118577075,0.7007345646514209,0.4055579131121826,0.3919471203697758,68
chr09,2624226,-0.00034212880143112744,0.0943184799619545,0.7597097903285757,0.11935227683610018,69
chr09,2625989,0.00016894736842105294,0.02039243738168983,0.8869171398054226,0.052116952215854696,63
chr09,2636311,0.00040982905982905996,0.13943115720987911,0.7099919705191666,0.1487465628005543,71
chr09,2638350,-0.0007558922558922561,0.48402059533883096,0.4889434635802832,0.310741355343885,71
chr09,2653889,-0.0006805555555555559,0.3620004908166719,0.5494901499088474,0.2600400882788448,67
chr09,2665367,-0.000676393728222997,0.3838999635842985,0.5376248306718092,0.2695206812215029,69
chr09,2672548,0.0002714285714285716,0.059588518843531196,0.8079047401166914,0.09263984378059398,68
chr09,2677172,-0.0007248677248677247,0.43029767157613424,0.5140893580393224,0.2889613861983912,69
chr09,2688344,-0.0006257536606373817,0.324167644205073,0.5709897673818014,0.24337167460780987,70
chr09,2688350,-0.0006257536606373817,0.324167644205073,0.5709897673818014,0.24337167460780987,70
chr09,2692173,-0.0006253229974160205,0.328023425820295,0.5687142744320788,0.2451058710457333,70
chr09,2704771,-0.0007260101010101012,0.4462655186844335,0.5063422238343736,0.29555585532367173,71
chr09,2711250,-0.0003444444444444446,0.09485527559530658,0.7590345384136039,0.11973846191589364,70
chr09,2743426,-0.00044493006993007005,0.1609060382686309,0.6895814518948842,0.16141442851750162,70
chr09,2800069,-0.0004148837209302329,0.13469644243839482,0.7147855775257572,0.14582421898700057,68
chr09,2836372,-0.00022006890611541802,0.04027297815393686,0.8415468173185214,0.07492171814625918,70
chr09,2836431,0.00022006890611541796,0.04027297815393686,0.8415468173185214,0.07492171814625918,70
chr09,2849617,0.00012836700336700367,0.013864437733467698,0.9066099416991769,0.04257952286676397,71
chr09,2864783,-0.0004142980189491817,0.14359786186105786,0.7059107915980691,0.1512501787847696,70
chr09,2935011,-0.0004598997493734339,0.12761975446313686,0.7222321268430429,0.1413231968835384,59
chr09,2935027,-0.0004598997493734339,0.12761975446313686,0.7222321268430429,0.1413231968835384,59
chr09,2935028,-0.0004598997493734339,0.12761975446313686,0.7222321268430429,0.1413231968835384,59
chr09,2945625,-0.0004810298102981032,0.18465660595845582,0.6688013117920262,0.1747028837396745,68
chr09,2974395,0.0007031118587047945,0.4226945468496359,0.517786103486426,0.2858496094827405,70
chr09,2979874,-0.00028062678062678085,0.06965731790877298,0.7926843717850947,0.10089970408035123,66
chr09,2979891,-0.00028062678062678085,0.06965731790877298,0.7926843717850947,0.10089970408035123,66
chr09,2986256,0.0006192307692307695,0.3240487002165315,0.5710881711661395,0.2432968351958928,69
chr09,2986389,-0.0006192307692307695,0.3240487002165315,0.5710881711661395,0.2432968351958928,69
chr09,3010869,0.00022727272727272735,0.04589577632828246,0.830997213423582,0.08040043252971668,71
chr09,3010928,0.00022727272727272735,0.04589577632828246,0.830997213423582,0.08040043252971668,71
chr09,3011336,-0.0003548387096774195,0.10683459686729556,0.7447960302733444,0.12796264678903346,69
chr09,3012206,-0.0005000000000000004,0.20821802563705222,0.6496657687788767,0.18731001582982246,68
chr09,3021672,-0.00024117647058823508,0.044053150192068014,0.8344429530175197,0.07860334866306086,64
chr09,3040911,0.0002777777777777781,0.060641434776347605,0.8062730842100501,0.09351783799819414,66
chr09,3046355,-0.00010294117647058825,0.009285942656486305,0.9235152450306867,0.034555931000072954,70
chr09,3063657,-7.339015151515139e-05,0.004069044294722546,0.9493401572093703,0.022578148026202283,65
chr09,3104864,-0.00020446428571428596,0.033792774850715836,0.8547205731500125,0.06817584243375363,67
chr09,3104972,0.00014930555555555568,0.01848991875641753,0.8922528575902766,0.04951205246874202,68
chr09,3120221,-0.000171717171717172,0.02516950386323223,0.8744226598498125,0.05827859657502515,69
chr09,3129798,0.00021875000000000009,0.036093191241639115,0.849943820449049,0.07060977931547259,64
chr09,3129824,0.00021875000000000009,0.036093191241639115,0.849943820449049,0.07060977931547259,64
chr09,3161305,-0.00020519713261648732,0.0334036067034429,0.8555500702830665,0.06775456869293309,67
chr09,3164414,0.0003518675721561972,0.10526067105307306,0.7466164579574477,0.12690244098174255,69
chr09,3165755,0.0006022727272727274,0.31758214183597105,0.5749456797647736,0.2403731850369856,69
chr09,3165874,0.0006022727272727274,0.31758214183597105,0.5749456797647736,0.2403731850369856,69
chr09,3225991,-0.0007606060606060608,0.4839925167091664,0.4890619253319236,0.3106361467511944,68
chr09,3248133,-0.001084173387096774,0.8650065887615115,0.35600754258481604,0.44854080071177604,63
chr09,3253658,-0.000875,0.6630514684631827,0.418369496630993,0.3784399874480571,69
chr09,3305415,0.0011057233704292535,1.1065599422463106,0.29650105233179697,0.5279737609132716,71
chr09,3334486,0.001248366013071895,1.3998740190805359,0.24086471223778702,0.6182268214336375,70
chr09,3342805,-0.0012483660130718944,1.3998740190805359,0.24086471223778702,0.6182268214336375,70
chr09,3404552,0.0013030303030303028,1.4441776296658981,0.23375891030817372,0.6312318259146132,68
chr09,3436031,-0.0013428571428571426,1.6264278831057721,0.20653770424742007,0.6850006546522698,70
chr09,3466617,-0.0010714285714285715,1.0302752787803675,0.3136920309385607,0.5034965140194033,70
chr09,3531610,0.0006275252525252522,0.338651441242003,0.5625617250275167,0.24982981922877617,69
chr09,3531773,-0.0006426767676767675,0.3564746457124896,0.5524830519036945,0.2576810399552476,69
chr09,3546230,-0.00036192810457516317,0.11397735464685048,0.7367005959790379,0.13270897880766128,70
chr09,3554832,0.000546875,0.2459635934606939,0.6216045214624293,0.20648583519967512,67
chr09,3564895,-0.0005531045751633984,0.2703291612475635,0.6047996019423365,0.21838850334399212,70
chr09,3565643,-0.0003823529411764706,0.12428824532275401,0.7255526460207571,0.13933106972274606,68
chr09,3565669,0.0003823529411764706,0.12428824532275401,0.7255526460207571,0.13933106972274606,68
chr09,3571871,-0.0007240627724498694,0.43514063378310514,0.5117725886228853,0.29092297934885636,68
chr09,3594630,-0.0008342803030303029,0.539711177329723,0.4652782556427395,0.33228724335117915,65
chr09,3665191,-0.00019956709956709954,0.03328789666020065,0.855789077959634,0.06763326051641268,68
chr09,3720007,0.0005069615069615072,0.22640347734885455,0.6357286315520586,0.19672822864339234,70
chr09,3720068,0.00036168521462639103,0.11672610102083945,0.7336511226344717,0.13451041356420967,71
chr09,3720213,0.00036168521462639103,0.11672610102083945,0.7336511226344717,0.13451041356420967,71
chr09,3720288,0.0006336805555555554,0.3386126825224932,0.5626135403985053,0.24978981989639568,68
chr09,3720351,0.0006336805555555554,0.3386126825224932,0.5626135403985053,0.24978981989639568,68
chr09,3750891,-0.00040522875816993454,0.14276743257220612,0.7067220433383425,0.1507513624125972,70
chr09,3751080,-0.0003616852146263912,0.11672610102083945,0.7336511226344717,0.13451041356420967,71
chr09,3782903,-0.00039047619047619076,0.11538870127103794,0.7352205281108535,0.13358237550550742,65
chr09,3783040,-0.0002946817785527463,0.071667058675635,0.7897596839459315,0.10250504011924116,68
chr09,3806130,-0.0006621621621621622,0.42132864973683193,0.5185272775627188,0.28522839224819835,68
chr09,3806229,0.0007871621621621621,0.6067750845680333,0.43874728415103614,0.35778555880388396,69
chr09,3820553,-0.0007378151260504203,0.46553600746801127,0.4974001992585051,0.30329404508769137,69
chr09,3832906,0.0006718749999999998,0.3782765795277117,0.5406418945443077,0.2670903036901154,68
chr09,3835211,0.0008957983193277308,0.6840841426568706,0.41111997185635185,0.38603142505296595,69
chr09,3882719,-0.0005805555555555554,0.30202766550873794,0.5843884646325374,0.23329836528373613,71
chr09,3882926,-0.0005805555555555554,0.30202766550873794,0.5843884646325374,0.23329836528373613,71
chr09,3902200,-0.000784848484848485,0.5136635528492626,0.4760858374985968,0.32231473763427587,68
chr09,3926851,-0.00039889705882352916,0.12726273609798375,0.7224606916376051,0.14118577745624689,66
chr09,3941466,-0.00041562499999999987,0.14143029494152234,0.7080879111756384,0.1499128200385625,67
chr09,3941481,-0.00041562499999999987,0.14143029494152234,0.7080879111756384,0.1499128200385625,67
chr09,3955600,0.0007617647058823531,0.5251761550878887,0.47116527308122036,0.32682672642337296,69
chr09,3965801,0.00045855614973262045,0.17012609916610022,0.6813570348111297,0.16662525575896486,67
chr09,3978779,0.00027499999999999996,0.06268337919829453,0.803093609049482,0.09523383015813891,67
chr09,4053883,0.0005036764705882351,0.2010321252153047,0.655403341614175,0.18349134867091912,66
chr09,4073115,-0.00015272177419354844,0.017628266281523336,0.894811124363301,0.04826862535819184,63
chr09,4082297,0.0005805555555555554,0.30202766550873794,0.5843884646325374,0.23329836528373613,71
chr09,4086182,-0.00017187499999999994,0.02273843225450514,0.8806288005812611,0.05520711523240739,64
chr09,4118883,-0.0004970439189189188,0.21112716072883347,0.6473728195761843,0.18884553872380985,69
chr09,4146400,0.0005296052631578948,0.242295127712906,0.6241388237533878,0.20471880184878288,70
chr09,4146490,-0.000535653650254669,0.24001938272985482,0.625792522271807,0.2035696306361247,69
chr09,4159168,0.0002702702702702705,0.05639073186723537,0.8130528098909111,0.08988124493563522,66
chr09,4162634,0.0003000000000000002,0.07774884075462196,0.7812178490900545,0.10722784260799051,70
chr09,4183905,0.00019451812555260805,0.03174513766432422,0.8591339252997334,0.06593913129671855,68
chr09,4211194,0.00014550042052144662,0.018105055513993308,0.8933611746601821,0.04897292582571771,70
chr09,4418351,-3.527874564459938e-05,0.0010347996975197788,0.9744334720528748,0.011247806322254493,69
chr09,4475861,2.2486772486772504e-05,0.0004152899539101849,0.9838018720516619,0.0070923553679325835,69
chr09,4475943,-2.2486772486772687e-05,0.0004152899539101849,0.9838018720516619,0.0070923553679325835,69
chr09,4507801,-1.7374517374517157e-05,0.00023116776072708937,0.9879173170902444,0.005279401803149387,65
chr09,4664987,0.00029655172413793125,0.08392589999422463,0.7729406501057784,0.11185385190458606,69
chr09,4686870,0.00017307692307692326,0.02504864030238691,0.8747219809203639,0.058129959935725256,69
chr09,4695842,-0.00028811252268602563,0.06591637385122304,0.7981889908601252,0.09789426658165071,67
chr09,4703739,0.00020641025641025641,0.035851280972645665,0.8503953728106655,0.07037911157067445,69
chr09,4703756,0.00020641025641025641,0.035851280972645665,0.8503953728106655,0.07037911157067445,69
chr09,4707643,-8.49137931034481e-05,0.005975780338694611,0.9386127576561802,0.027513547138198036,69
chr09,4758912,-0.0012203947368421054,1.3160664192840317,0.25531960657680075,0.5929158334481548,70
chr09,4758990,0.0011048644338118017,1.101244932347367,0.297654817369567,0.5262870842525269,71
chr09,4759002,0.0011048644338118017,1.101244932347367,0.297654817369567,0.5262870842525269,71
chr09,4779916,0.00032226890756302485,0.0876429140858468,0.768111030775097,0.1145759979793427,69
chr09,4780126,-0.0006165540540540536,0.32940114481988825,0.5679337191787918,0.24570234575824895,69
chr09,4790290,-0.00035732323232323226,0.10750163652636645,0.7440290056208236,0.12841013335799092,69
chr09,4796122,-0.0003547979797979797,0.10619070829420715,0.7455389549400014,0.12752965942293668,69
chr09,4926617,1.6071428571428816e-05,0.00020993459969018564,0.9884841408205048,0.005030294088694041,67
chr09,4933558,-0.00019830659536541906,0.03295960739027039,0.8565025627856122,0.06727133322154771,67
chr09,4969526,-0.0001663837011884547,0.023472290549682157,0.8786957732089344,0.05616146268084996,69
chr09,4973960,-1.409774436090189e-05,0.00015337347351455563,0.9901574524978497,0.004295739428897461,66
chr09,5111737,-0.001877142857142857,2.992710216853528,0.08838608875976507,1.0536160839721362,67
chr09,5114194,-0.00233888888888889,4.58156885636584,0.03596107970654276,1.4441672773516518,69
chr09,5114238,-0.00233888888888889,4.58156885636584,0.03596107970654276,1.4441672773516518,69
chr09,5163034,-0.0012549999999999998,1.2519953721855845,0.2671672987666113,0.5732167005166109,69
chr09,5163067,-0.0012549999999999998,1.2519953721855845,0.2671672987666113,0.5732167005166109,69
chr09,5208306,0.0009130434782608692,0.6559331346464419,0.4208665736739188,0.37585556568803374,69
chr09,5279715,-0.0011276923076923076,0.9053348246898739,0.34504991669258067,0.4621180731122265,64
chr09,5279883,-0.001012237762237762,0.8534573588385295,0.3588427588818637,0.44509581300803014,70
chr09,5279926,-0.001012237762237762,0.8534573588385295,0.3588427588818637,0.44509581300803014,70
chr09,5283022,0.0008124999999999999,0.4946767228792897,0.4843993745406293,0.31479642629225685,66
chr09,5283115,0.0008124999999999999,0.4946767228792897,0.4843993745406293,0.31479642629225685,66
chr09,5283171,0.0008124999999999999,0.4946767228792897,0.4843993745406293,0.31479642629225685,66
chr09,5283182,0.0008124999999999999,0.4946767228792897,0.4843993745406293,0.31479642629225685,66
chr09,5285390,-0.0006964769647696477,0.40540047399270945,0.5265155823538994,0.278588771239801,68
chr09,5310609,0.0012125435540069685,1.2199058478245648,0.2733299372520138,0.5633127983427987,69
chr09,5314190,-0.0015445344129554654,1.749113291650577,0.1908461482258049,0.7193166008244404,64
chr09,5314479,-0.0015576923076923079,1.7316607009984657,0.19312296706347792,0.7141660748699796,63
chr09,5314505,-0.0015576923076923079,1.7316607009984657,0.19312296706347792,0.7141660748699796,63
chr09,5345747,0.001331481481481481,1.4192070686194118,0.237865894450389,0.6236678232583192,67
chr09,5352415,-0.001444642857142857,1.718215462287838,0.1944657448502824,0.7111568885937937,68
chr09,5407505,-0.0015139961389961385,1.762016371698874,0.18916351083368121,0.7231626341705405,65
chr09,5428093,0.0011047745358090187,1.000693150513959,0.32079640700748885,0.4937705045573242,68
chr09,5476116,-0.0011937984496124027,1.191795490796222,0.27882062701901844,0.5546751004837559,70
chr09,5476138,0.0013989266547406072,1.610540593258703,0.2088068422245067,0.6802552743878757,69
chr09,5477000,0.001208333333333333,1.1132950778013486,0.2953337375262824,0.5296869384579594,66
chr09,5502172,0.0013793706293706292,1.602045917333357,0.2099330330266854,0.6779192196716621,70
chr09,5507652,-0.0008916666666666663,0.5816742274258878,0.4485488754530472,0.3481902277969931,64
chr09,5536889,0.0009372469635627529,0.6300026203344016,0.4303817442380826,0.3661461586818453,64
chr09,5546313,-0.001472682926829268,1.678950157980209,0.1997178282549526,0.6995831651385495,66
chr09,5611756,0.0011784436493738812,1.1585221412246844,0.28563276545821803,0.5441919753219718,69
chr09,5613599,0.001204607046070461,1.1609526806802797,0.28519057734561054,0.5448648276084204,68
chr09,5682681,0.001444444444444444,1.7307875354380668,0.1927288458293924,0.7150532793923979,70
chr09,5721542,0.0012596153846153842,1.310265428100868,0.2563596970144024,0.5911502503702726,70
chr09,5728095,-0.0013840909090909084,1.5617460312971045,0.21575761879993743,0.6660338596018565,69
chr09,5949515,-0.0012059620596205965,1.1792866956115469,0.2814517385333846,0.5505960643492271,68
chr09,6012225,0.001043103448275862,0.879831611174896,0.3517201931869973,0.4538026969718497,67
chr09,6015379,0.0009666666666666665,0.8032755799335604,0.3732777815134567,0.427967859667251,70
chr09,6023259,-0.0009290322580645165,0.7662514875224866,0.38441620659475273,0.415198311205618,71
chr09,6029941,0.0006221804511278195,0.3060513135311228,0.5820408672570452,0.23504652084647032,66
chr09,6084776,0.0007480769230769229,0.4304053547169307,0.5141418925647525,0.2889170081375024,66
chr09,6085490,0.0009001806684733517,0.6628321540727454,0.4184896545454786,0.3783152737026118,68
chr09,6109121,7.046332046332029e-05,0.003775002955835862,0.9512024648070329,0.021727033020665906,65
chr09,6162703,-1.1904761904761883e-05,0.0001198459626891254,0.9912974535491922,0.003796009438496567,70
chr09,6163988,-3.222996515679429e-05,0.0008575902015464747,0.9767246335140353,0.010227859005592515,69
chr09,6174650,-0.00024099099099099142,0.04678918907771679,0.8294250250208987,0.08122286544592348,67
chr09,6174790,0.0002524366471734896,0.047280735896760566,0.828567115887815,0.08167230694390401,65
chr09,6191181,-0.0003560975609756098,0.11061921244719948,0.740448636671963,0.13050506217127839,71
chr09,6200177,0.00020178571428571449,0.032800049163839426,0.8568379529935468,0.06710130500227733,68
chr09,6209767,0.0003125000000000001,0.08326797069751146,0.7737944619899323,0.11137438282854976,70
chr09,6209855,-0.00031250000000000006,0.08326797069751146,0.7737944619899323,0.11137438282854976,70
chr09,6229228,0.0001857758620689659,0.02880287976519195,0.8657463728228485,0.06260931931800105,69
chr09,6246078,0.00020437342304457552,0.03572997579416388,0.8506372500662361,0.070255603112709,70
chr09,6275697,-0.00020437342304457552,0.03572997579416388,0.8506372500662361,0.070255603112709,70
chr09,6296094,-0.00020437342304457552,0.03572997579416388,0.8506372500662361,0.070255603112709,70
chr09,6296095,-0.00020437342304457552,0.03572997579416388,0.8506372500662361,0.070255603112709,70
chr09,6340576,-0.0008758620689655175,0.6544129597193389,0.42140275819537865,0.37530262614340804,69
chr09,6340588,-0.0008758620689655175,0.6544129597193389,0.42140275819537865,0.37530262614340804,69
chr09,6379933,0.0013651315789473687,1.6757743693649256,0.19986562391806995,0.6992618963596793,70
chr09,6379944,-0.001365131578947369,1.6757743693649256,0.19986562391806995,0.6992618963596793,70
chr09,6379958,-0.001365131578947369,1.6757743693649256,0.19986562391806995,0.6992618963596793,70
chr09,6426344,0.002116129032258065,3.7506915774627503,0.057203166835293036,1.2425799274828158,66
chr09,6435814,-0.0009378151260504199,0.7618272591466114,0.3858747164524915,0.4135536766369322,69
chr09,6435852,0.0009378151260504201,0.7618272591466143,0.3858747164524915,0.4135536766369322,69
chr09,6447129,0.0010697478991596638,0.9783679692203231,0.32616081320192203,0.48656821874786943,69
chr09,6447154,0.0010697478991596638,0.9783679692203231,0.32616081320192203,0.48656821874786943,69
chr09,6447162,0.0010697478991596638,0.9783679692203231,0.32616081320192203,0.48656821874786943,69
chr09,6447171,0.0010697478991596638,0.9783679692203231,0.32616081320192203,0.48656821874786943,69
chr09,6447267,0.000946753246753247,0.7529147964479435,0.38869900133203217,0.41038657518181526,68
chr09,6449921,0.0010441176470588236,0.9055442149097741,0.34477141998415184,0.46246874243438124,68
chr09,6449948,0.0011532976827094475,1.0825643998379906,0.3019793437726891,0.5200227629777759,67
chr09,6469585,-0.001255357142857143,1.3028956869758763,0.25787275788013764,0.5885945350518202,67
chr09,6482042,-0.0010595238095238088,1.016328224688628,0.31691386257525495,0.49905876330808385,71
chr09,6516009,-0.001049284578696344,0.9948926945003033,0.3220346517462993,0.4920973946006958,71
chr09,6516220,0.0010106209150326792,0.8989318501501665,0.3464256455979162,0.4603899650109521,70
chr09,6520182,-0.0009262899262899266,0.7617659356877838,0.38584804109162174,0.4135837002740995,70
chr09,6551763,0.0009262899262899266,0.7617659356877838,0.38584804109162174,0.4135837002740995,70
chr09,6613449,0.0010492845786963438,0.9948926945003033,0.3220346517462993,0.4920973946006958,71
chr09,6624108,0.001444642857142857,1.7861753467350745,0.18605246421415514,0.7303645734923662,67
chr09,6624319,-0.0011145833333333329,1.0310375269311616,0.3136230728730035,0.5035919942885467,68
chr09,6646358,0.0009301470588235293,0.6825043387744393,0.4117949255326032,0.38531900940999214,66
chr09,6691167,0.0007878787878787877,0.5310129816330446,0.4687208103852757,0.3290857641353126,69
chr09,6734646,-0.0004305555555555555,0.16029495337856328,0.6901588663948357,0.16105092831037512,69
chr09,6734702,0.0004305555555555555,0.16029495337856328,0.6901588663948357,0.16105092831037512,69
chr09,6734704,-0.0004305555555555555,0.16029495337856328,0.6901588663948357,0.16105092831037512,69
chr09,6741597,0.001413095238095238,1.3665133577350852,0.24736386477843617,0.6066637423525009,58
chr09,6747467,-0.0006176470588235293,0.3209500810479992,0.5729587818533862,0.24187661966873136,68
chr09,6799218,-0.0006774193548387096,0.3525373251302944,0.5548062811342401,0.2558586307881921,65
chr09,6815378,-0.0005214646464646464,0.23308277884139428,0.6308211160070005,0.2000937775945117,69
chr09,6815412,0.0005214646464646464,0.23308277884139428,0.6308211160070005,0.2000937775945117,69
chr09,6815432,-0.0005214646464646464,0.23308277884139428,0.6308211160070005,0.2000937775945117,69
chr09,6818235,-0.0008142857142857142,0.5913027652581669,0.4445784603688405,0.3520515825042412,70
chr09,6826476,-0.0007571428571428572,0.5043354279980966,0.4800297749221093,0.3187318237008229,70
chr09,6826561,0.0006176470588235293,0.3209500810479992,0.5729587818533862,0.24187661966873136,68
chr09,6900435,0.0005354978354978358,0.2375482528635019,0.6275975248279633,0.20231877788892033,68
chr09,6907080,-0.0006515151515151514,0.3297626876818313,0.5678117801544362,0.2457956015900191,66
chr09,6922476,0.0005046689303904924,0.2164186971667728,0.6432908790731635,0.1915926062185913,69
chr09,6922570,0.0005046689303904924,0.2164186971667728,0.6432908790731635,0.1915926062185913,69
chr09,6931233,-0.0006735197368421052,0.3927327169677929,0.5329647916891712,0.27330148005440835,70
chr09,6946627,0.0005954861111111109,0.29719332887182925,0.5874849214038218,0.23100327566925258,68
chr09,6986610,-0.0007894736842105266,0.5514122830295874,0.46029874898822454,0.33696020544113153,70
chr09,6992424,0.0006474358974358973,0.3724240122213778,0.54369072801034,0.26464807330375417,71
chr09,7002692,-0.001296551724137931,1.1170410930243813,0.29501537494834673,0.5301553498481814,59
chr09,7002708,0.001296551724137931,1.1170410930243813,0.29501537494834673,0.5301553498481814,59
chr09,7002952,-0.0013134394341290895,1.4834014838488545,0.22757939267740754,0.6428670658783368,68
chr09,7006080,0.0009032258064516125,0.7238328377800436,0.39783237856737774,0.4002998736477318,71
chr09,7006102,-0.0009032258064516125,0.7238328377800436,0.39783237856737774,0.4002998736477318,71
chr09,7006964,0.0008740601503759399,0.5928862137374856,0.4441381027198613,0.35248196699488754,66
chr09,7007315,-0.0007666666666666666,0.5109985723519246,0.47715395029994334,0.32134147635049276,70
chr09,7038145,-0.0008775847808105869,0.6664638489703216,0.4171379451382521,0.37972030256699796,70
chr09,7038231,-0.0007410256410256412,0.46561265275984987,0.4973649192774865,0.3033248501507137,69
chr09,7038297,-0.0007410256410256412,0.46561265275984987,0.4973649192774865,0.3033248501507137,69
chr09,7038313,-0.0007410256410256412,0.46561265275984987,0.4973649192774865,0.3033248501507137,69
chr09,7078060,-0.000596153846153846,0.27443512987411456,0.6021815414379286,0.2202725609695791,66
chr09,7234171,0.0009076923076923079,0.6901126456770735,0.4090766624986565,0.38819529595299807,69
chr09,7296311,-0.0007586206896551724,0.4834657523039382,0.4892612854418956,0.31045914799267077,69
chr09,7296379,-0.0007586206896551724,0.4834657523039382,0.4892612854418956,0.31045914799267077,69
chr09,7305745,0.0009032258064516125,0.7238328377800436,0.39783237856737774,0.4002998736477318,71
chr09,7308346,0.0010875000000000001,1.0360499453483716,0.31234981833152153,0.5053587423116546,70
chr09,7310216,0.00101772030651341,0.7831549695130204,0.3795431594512778,0.4207388315056103,65
chr09,7329355,-0.0009621951219512195,0.8158838222908928,0.36952906144096775,0.4323514010387351,71
chr09,7341195,-0.0012208333333333329,1.2902892984398433,0.25998225658355417,0.585056290993812,70
chr09,7341222,-0.0012208333333333329,1.2902892984398433,0.25998225658355417,0.585056290993812,70
chr09,7341712,-0.000485111662531017,0.20210044276122435,0.6544604641684113,0.1841165839674806,70
chr09,7343044,0.00027631578947368414,0.0626772798413706,0.8030910483580863,0.095235214923132,68
chr09,7385835,-0.00030769230769230776,0.08240611791150515,0.7749357481368284,0.11073430444388355,70
chr09,7385849,-0.00030769230769230776,0.08240611791150515,0.7749357481368284,0.11073430444388355,70
chr09,7395756,-0.0003243589743589745,0.08860037718868587,0.7668851058944972,0.1152696968250296,69
chr09,7431594,0.00040948275862068956,0.12813293017620123,0.7215723523815982,0.14172011548570945,65
chr09,7455350,-0.0004483173076923076,0.17807244495821342,0.6743469340462458,0.17111661269774256,71
chr09,7455477,-0.00030769230769230776,0.08240611791150515,0.7749357481368284,0.11073430444388355,70
chr09,7508483,0.00010763888888888882,0.009723715910998703,0.9217476818378464,0.035387945955420545,68
chr09,7508497,0.00010763888888888882,0.009723715910998703,0.9217476818378464,0.035387945955420545,68
chr09,7516416,-0.0004393939393939393,0.16425908938968856,0.6865564159791806,0.1633237699468724,69
chr09,7572779,-0.0006692640692640696,0.37079079091201167,0.5446638421348093,0.26387145469299694,68
chr09,7614729,0.0008035714285714289,0.5313046946143377,0.4686771072335636,0.3291262592917181,67
chr09,7644694,0.00039756944444444415,0.1314836881454394,0.7180572510226795,0.1438409278858255,68
chr09,7644992,-0.00047402597402597423,0.18935943890245308,0.6648699861548708,0.17726327171326298,68
chr09,7659767,-0.0008,0.5757729094425498,0.4505582957019326,0.34624900964887206,71
chr09,7697345,-0.0010057932263814618,0.8332766240412358,0.36470021569964817,0.4380639798254037,67
chr09,7697639,-0.0010554621848739495,0.9879581361142641,0.32381819027031566,0.48969875869527163,69
chr09,7702497,-0.001043198529411765,0.871461878082667,0.35405961718288115,0.45092360454593927,66
chr09,7813468,0.0009722222222222225,0.7532920495981309,0.3886787901107792,0.41040915782300025,66
chr09,7814683,-0.0007986486486486486,0.522329852455674,0.4724420087338733,0.3256514926204002,67
chr09,7814728,-0.000913595413595414,0.7295019634403863,0.3960436280527163,0.40225696968334823,70
chr09,7814739,-0.000913595413595414,0.7295019634403863,0.3960436280527163,0.40225696968334823,70
chr09,7814775,-0.000913595413595414,0.7295019634403863,0.3960436280527163,0.40225696968334823,70
chr09,7816937,-0.0008343504795117702,0.5845564953042675,0.4472569055236163,0.34944294532146364,68
chr09,7820272,-0.0007204391891891894,0.4457658949673458,0.5066458538799952,0.29529550703290003,69
chr09,7828923,-0.0008462643678160921,0.5548191933832003,0.4591249512321829,0.3380691047769956,65
chr09,7829916,-0.0006579391891891892,0.3745761789806232,0.5425918132986667,0.26552676322100655,69
chr09,7842712,-0.0010592948717948723,1.0060664565757915,0.3193516686509569,0.49573081025905863,71
chr09,7842958,-0.0007267025089605736,0.42713297028448244,0.5157045082847648,0.28759907197773715,67
chr09,7853285,-0.0006018433179723504,0.2905824651213324,0.5917178443865291,0.2278853335424109,66
chr09,7893469,-0.0008783891547049438,0.6919854650482246,0.40835957887729013,0.38895725272453374,71
chr09,7919247,-0.0005166666666666669,0.2096292716562408,0.6486333989398494,0.188000692724668,65
chr09,7999228,-0.0004770562770562774,0.19162102768955672,0.6630001056155408,0.1784864024123567,68
chr09,7999238,-0.0007535714285714285,0.49335802397995443,0.48494101373771803,0.31431108400836094,67
chr09,8001821,-0.0006720985691573929,0.4047421143545411,0.5267550948076307,0.27839125517664454,71
chr09,8001828,0.0006720985691573926,0.4047421143545411,0.5267550948076307,0.27839125517664454,71
chr09,8001829,0.0006720985691573926,0.4047421143545411,0.5267550948076307,0.27839125517664454,71
chr09,8085818,-0.0006597222222222224,0.36747547464425284,0.5464629446831997,0.2624392819580565,68
chr09,8090400,0.0006839581517000871,0.38512734945939975,0.5370090318563949,0.2700184099197969,68
chr09,8090629,-0.0011269305019305017,1.016671883117095,0.31716681600571783,0.4987122576075725,65
chr09,8207370,-0.000342857142857143,0.08600823951884744,0.7703099736145372,0.11333447905984483,63
chr09,8338419,0.000671529619805482,0.3660211439643085,0.547255670899321,0.2618097293899585,68
chr09,8364489,-0.0005294871794871796,0.2384079899946503,0.6269525616922356,0.20276531877806325,69
chr09,8406537,-0.0004426994906621394,0.16643840436132176,0.6845975000927195,0.16456469108467325,69
chr09,8412395,0.0005570719602977673,0.2667583133566995,0.6071903049699741,0.2166751714532489,70
chr09,8455338,0.0006252032520325206,0.34212703680449513,0.5605119296616106,0.25141513965942147,71
chr09,8455348,0.0006252032520325206,0.34212703680449513,0.5605119296616106,0.25141513965942147,71
chr09,8455410,-0.0008258620689655174,0.608175603784291,0.43822182695520995,0.35830599489460296,69
chr09,8455442,-0.0008258620689655174,0.608175603784291,0.43822182695520995,0.35830599489460296,69
chr09,8462733,0.00035912698412698404,0.09484009646208574,0.759144102793592,0.11967577732208753,64
chr09,8462755,-0.00035912698412698404,0.09484009646208574,0.759144102793592,0.11967577732208753,64
chr09,8466507,-0.0006796296296296297,0.3866410407086719,0.5362452630272623,0.2706365311712423,67
chr09,8466535,-0.0006796296296296297,0.3866410407086719,0.5362452630272623,0.2706365311712423,67
chr09,8491155,-0.0009656964656964659,0.7005760198457349,0.4058574492286542,0.39162647845329,63
chr09,8526505,0.001031830238726791,0.8793387505140468,0.3518018145406677,0.453701924847384,68
chr09,8526727,-0.0011116379310344832,1.0325441971406213,0.3132173091932578,0.5041542457220063,69
chr09,8533162,-0.0010416666666666669,0.9493668058475631,0.33333397897988737,0.47712041351827006,70
chr09,8600858,0.00136080740117746,1.6338144729176853,0.20552214772929325,0.6871413702923768,70
chr09,8667329,-0.0010163793103448277,0.8736975168293916,0.35329040871008544,0.451868152830726,69
chr09,8672495,-0.00146425567703953,1.9639815291114524,0.1656358869196971,0.7808455624624487,70
chr09,8672500,-0.00146425567703953,1.9639815291114524,0.1656358869196971,0.7808455624624487,70
chr09,8676591,0.0010968169761273216,0.9936216328760731,0.3224994689476408,0.4914709961707261,68
chr09,8676761,0.0012056349873843567,1.2468349502469596,0.2680879172620402,0.5717227592534959,70
chr09,8677371,0.0010416666666666667,0.9493668058475631,0.33333397897988737,0.47712041351827006,70
chr09,8685999,0.0010374999999999996,0.8756680552586394,0.3528023432010525,0.45246853908469725,68
chr09,8698054,-0.0014838056680161946,1.6898870118633273,0.19842810887611897,0.7023968066520788,64
chr09,8698080,-0.0011431431431431435,0.9953830708856819,0.3223082592569305,0.4917285654037351,64
chr09,8729073,-0.0008958333333333333,0.6996082523192485,0.40584508710275113,0.39163970695221517,70
chr09,8730755,-0.0010004065040650411,0.8828180474031682,0.3507086366804083,0.4550535388905025,71
chr09,8732582,0.0008512145748987856,0.5279170074440009,0.470218279717023,0.32770049170210036,64
chr09,8732606,0.0008512145748987856,0.5279170074440009,0.470218279717023,0.32770049170210036,64
chr09,8737149,0.001105357142857143,1.070578947125554,0.30459109608634266,0.5162827962629039,68
chr09,8737184,-0.001105357142857143,1.070578947125554,0.30459109608634266,0.5162827962629039,68
chr09,8752829,0.0010004065040650411,0.8828180474031682,0.3507086366804083,0.4550535388905025,71
chr09,8788503,-0.0007229853479853482,0.4174266536457371,0.5204984995498723,0.28358051809993895,67
chr09,8800583,-0.0008549651567944255,0.6092655672769034,0.4378135606438317,0.3587107909143189,69
chr09,8800607,-0.0008549651567944255,0.6092655672769034,0.4378135606438317,0.3587107909143189,69
chr09,8800631,-0.0008549651567944255,0.6092655672769034,0.4378135606438317,0.3587107909143189,69
chr09,8804512,0.0011866935483870972,1.259052397145599,0.2657201049218173,0.575575584745627,71
chr09,8839267,0.001301298701298702,1.4150600075533368,0.23848007281315597,0.6225479043758491,68
chr09,8842454,-0.0008871527777777777,0.6563995946422615,0.42074557199498386,0.37598044592436347,68
chr09,8846543,-0.0015059422750424453,2.06628963614899,0.15524158930085002,0.8089919197773195,69
chr09,8873297,0.0011713164777680909,1.1530324486772539,0.2868255271930692,0.5423821994974802,68
chr09,8873422,0.0012398648648648644,1.3923663474341805,0.24217854409721734,0.6158643359780387,69
chr09,8909747,0.001246411483253588,1.407611147177186,0.2395224893863749,0.6206537033021761,71
chr09,8909763,0.001246411483253588,1.407611147177186,0.2395224893863749,0.6206537033021761,71
chr09,8924030,-0.001192989864864865,1.2347890234794983,0.27044948384554884,0.5679138430747319,69
chr09,8929006,0.001481324278438031,2.028768277733019,0.15898680381190913,0.7986389213997143,69
chr09,8929261,-0.0013511796733212341,1.5899933867254972,0.21183431394206642,0.6740036894190486,67
chr09,8929286,-0.001451754385964913,1.886135423358281,0.17428601716752895,0.7587374546030288,68
chr09,8941247,0.0008756530825496347,0.5504704233575054,0.4610200775994847,0.3362801605088495,62
chr09,8988559,-0.0009541505791505793,0.6992436718988948,0.40619845577846225,0.39126173196067404,65
chr09,9027741,0.0009265202702702699,0.7389893063847193,0.39305030352188086,0.4055518640166164,69
chr09,9027877,-0.0009265202702702706,0.738989306384722,0.39305030352188086,0.4055518640166164,69
chr09,9042694,0.0009267654751525721,0.7128304902997546,0.4015557491919295,0.3962541517908657,68
chr09,9236282,0.00124481658692185,1.403937870658932,0.2401304297580103,0.619552801881291,71
chr09,9242320,-0.0011842105263157893,1.191104282449905,0.2790751243847222,0.5542788730202105,68
chr09,9242394,-0.0011842105263157893,1.191104282449905,0.2790751243847222,0.5542788730202105,68
chr09,9263947,0.0010861486486486486,1.0218435794231153,0.3157188732955952,0.5006994557285082,69
chr09,9378522,0.0011394736842105266,1.1471193579042511,0.28805404367912113,0.5405260238042224,68
chr09,9383078,-0.0007767695099818514,0.48476170067612917,0.4887556158411557,0.3109082394890418,67
chr09,9414083,0.0008263157894736846,0.5649521669011898,0.45494379739682766,0.3420422516682616,68
chr09,9490304,0.0010167992926613618,0.8605347834498767,0.3569691738790768,0.44736928582686397,68
chr09,9506766,0.002045321637426901,3.2905164289430355,0.07444364679812193,1.1281723600777076,65
chr09,9521633,0.0014791666666666666,1.9157860709652572,0.1708479482114548,0.7673902324683433,70
chr09,9539135,0.0015044354838709677,2.046220684968116,0.15709765291138972,0.8038303034084447,71
chr09,9629793,-0.0018447916666666669,2.4654415405354766,0.1216341128179532,0.9149446081970167,62
chr09,9637357,0.0015102564102564106,1.9456875615307176,0.16765960994124182,0.7755715485588086,69
chr09,9655336,-0.0015044354838709677,2.046220684968116,0.15709765291138972,0.8038303034084447,71
chr09,9742564,0.0016103565365025473,2.2760309111959636,0.13608916035691024,0.866176465426035,69
chr09,9756989,0.001908602150537635,3.2583063867041346,0.0756942486883079,1.1209371173007228,67
chr09,9757237,-0.0016103565365025473,2.2760309111959636,0.13608916035691024,0.866176465426035,69
chr09,9769397,-0.001828048780487805,3.0387100954499453,0.08575500441985998,1.0667405263462697,71
chr09,9840357,-0.0019630730050933794,3.4493965532713573,0.06767068886720115,1.1695994025071992,69
chr09,9840417,-0.0019630730050933794,3.4493965532713573,0.06767068886720115,1.1695994025071992,69
chr09,9894666,0.0015833333333333333,2.234293141298924,0.13960474833829972,0.8550998099216597,70
chr09,9894687,0.0015833333333333333,2.234293141298924,0.13960474833829972,0.8550998099216597,70
chr09,9894790,0.0014528455284552847,1.888703099823126,0.1737957904729393,0.7599607468546361,71
chr09,9906647,0.0015601851851851849,1.803730609016376,0.1842379940721332,0.7346208034857821,63
chr09,9917353,0.001494047619047619,1.8251048017270355,0.1813909103725779,0.7413844795357815,67
chr09,9917360,0.001494047619047619,1.8251048017270355,0.1813909103725779,0.7413844795357815,67
chr09,9928290,-0.001613616268788683,2.19273618523211,0.1434211295742575,0.8433868613494655,68
chr09,9928715,-0.0015128205128205128,1.7078010318310102,0.19602118332737972,0.7076969934135436,65
chr09,9993174,-0.001798275862068966,2.8164777000539547,0.09795990774875306,1.0089516325328927,69
chr09,9998097,0.0014208333333333334,1.7638192019669203,0.18858945294800783,0.7244825992686978,70
chr09,9998153,0.0014208333333333334,1.7638192019669203,0.18858945294800783,0.7244825992686978,70
chr09,9999773,0.0017070175438596495,2.5350308212350487,0.11612331107637898,0.9350805894292423,68
chr09,9999811,-0.0017070175438596495,2.5350308212350487,0.11612331107637898,0.9350805894292423,68
chr09,10009467,-0.0016837979094076665,2.414413453888914,0.12493427254372845,0.9033184076237825,69
chr09,10020409,0.0015833333333333333,2.234293141298924,0.13960474833829972,0.8550998099216597,70
chr09,10027277,-0.0017431034482758621,2.7474575265482764,0.10208475884265641,0.9910390928261552,69
chr09,10031247,0.0014608915054667797,1.8453379911815417,0.178816253980466,0.7475930073902596,70
chr09,10033051,0.0016659407665505232,2.3603988220465792,0.12915969191326368,0.8888729995834074,69
chr09,10038166,-0.001823076923076924,3.099319886378099,0.08288863937086693,1.0815049893127264,69
chr09,10038210,-0.001823076923076924,3.099319886378099,0.08288863937086693,1.0815049893127264,69
chr09,10038340,-0.0014528455284552847,1.888703099823126,0.1737957904729393,0.7599607468546361,71
chr09,10043760,-0.0018923076923076925,2.9203605808620043,0.09231396327123163,1.0347326032753517,66
chr09,10045054,-0.0015642857142857145,2.046463004734354,0.15727785939240782,0.8033324103740431,68
chr09,10056869,0.0014608915054667797,1.8453379911815417,0.178816253980466,0.7475930073902596,70
chr09,10059996,0.0015833333333333333,2.234293141298924,0.13960474833829972,0.8550998099216597,70
chr09,10060061,0.0015833333333333333,2.234293141298924,0.13960474833829972,0.8550998099216597,70
chr09,10069384,0.001517094017094017,1.8217595645991027,0.18185887914376103,0.7402654899405833,66
chr09,10080332,0.0018944444444444447,3.070744082890116,0.08442884732975237,1.0735091399195453,67
chr09,10085141,0.0016017543859649125,2.1783001598103553,0.14472421489724074,0.8394587977239912,68
chr09,10085181,-0.0016017543859649125,2.1783001598103553,0.14472421489724074,0.8394587977239912,68
chr09,10102892,-0.0016546546546546547,2.0688468078895323,0.15536408220095888,0.8086493761715298,64
chr09,10112869,-0.0020412885662431947,3.7415122513436794,0.057431531516088236,1.240849602313339,67
chr09,10113130,-0.0016696914700544466,2.304783195962125,0.13382540142947,0.8734614452107948,67
chr09,10118033,0.0016721611721611722,2.2641877212809316,0.13723960306985378,0.8625205466987955,67
chr09,10162687,0.0015556034482758622,2.049796382135464,0.15687513105582845,0.8044458983586359,69
chr09,10162693,0.0015556034482758622,2.049796382135464,0.15687513105582845,0.8044458983586359,69
chr09,10162701,-0.0015556034482758622,2.049796382135464,0.15687513105582845,0.8044458983586359,69
chr09,10163043,-0.0017404718693284937,2.6009459131803148,0.11164510881659573,0.9521602986605485,67
chr09,10163451,0.001480603448275862,1.855024958775719,0.17776191549745146,0.7501612785793373,69
chr09,10164759,-0.0016302264808362376,2.2570815014162235,0.13770332214775197,0.8610555820885182,69
chr09,10164760,-0.0016302264808362376,2.2570815014162235,0.13770332214775197,0.8610555820885182,69
chr09,10164828,-0.0016302264808362376,2.2570815014162235,0.13770332214775197,0.8610555820885182,69
chr09,10164950,-0.0016160639192598825,2.29794517871089,0.13418036006454892,0.8723110470566846,70
chr09,10192082,0.0015706476030277552,2.184913633502984,0.14398610045179064,0.8416794300467113,70
chr09,10210427,0.001560714285714286,2.0172447527477715,0.16022800244338603,0.7952615816107849,68
chr09,10266048,0.001819354838709678,3.034154102735921,0.0859852171714655,1.0655762075088628,71
chr09,10266075,-0.001819354838709678,3.034154102735921,0.0859852171714655,1.0655762075088628,71
chr09,10318691,0.002573055028462998,5.805859932946384,0.01890656838569544,1.7233872901078267,65
chr09,10333899,-0.0021328522920203738,4.268140730312561,0.04270351662516407,1.3695363594476326,69
chr09,10378253,-0.0018705929487179496,3.2372562787577683,0.07635369165714279,1.117169960211135,71
chr09,10413040,0.0019003308519437558,3.2374233950820708,0.0764106386754123,1.1168461702676702,70
chr09,10423644,0.0021786317567567565,4.392337385567577,0.03988195886156041,1.39922351881891,69
chr09,10423690,-0.002178631756756756,4.392337385567577,0.03988195886156041,1.39922351881891,69
chr09,10423702,-0.002178631756756756,4.392337385567577,0.03988195886156041,1.39922351881891,69
chr09,10436182,0.0016683209263854428,2.5089662753729205,0.1178402608748561,0.9287063047229182,70
chr09,10442348,0.001584586466165414,1.9515649773884867,0.1672435016897984,0.7766507479104531,66
chr09,10442386,0.001590744101633394,2.0379061680126376,0.15820752574883248,0.8007728614612746,67
chr09,10442419,0.001590744101633394,2.0379061680126376,0.15820752574883248,0.8007728614612746,67
chr09,10480130,0.0014439102564102572,1.8929569962478,0.1733184112480956,0.7611553006516694,71
chr09,10495388,-0.001523076923076924,1.9781188701566457,0.16421009731618247,0.7846001415291628,69
chr09,10509041,-0.0016366723259762315,2.3487975908604515,0.13008827589931105,0.8857618421138236,69
chr09,10509049,-0.0016366723259762315,2.3487975908604515,0.13008827589931105,0.8857618421138236,69
chr09,10509052,-0.0016366723259762315,2.3487975908604515,0.13008827589931105,0.8857618421138236,69
chr09,10519745,0.0015822368421052634,2.26183558557749,0.13722740448502085,0.8625591508146829,70
chr09,10584583,-0.0018918918918918925,2.830894995922463,0.09741719229105543,1.0113643915993271,65
chr09,10612295,0.0021325000000000003,3.435989458322726,0.06847365323560653,1.164476500849779,65
chr09,10631572,-0.0016625000000000001,2.431790628670623,0.12353931561212116,0.9081948089130292,70
chr09,10637147,-0.0016424682395644289,2.1813144071961728,0.14452393464188318,0.8400602233426183,67
chr09,10645014,-0.002214285714285714,4.084440314423251,0.04760336428661151,1.3223623531727917,64
chr09,10645026,-0.002214285714285714,4.084440314423251,0.04760336428661151,1.3223623531727917,64
chr09,10645360,0.0016487179487179493,2.336240222225952,0.13110196514302552,0.8823907984367217,69
chr09,10651428,-0.0020564516129032264,3.8328456751542657,0.05455302175673156,1.2631811883216948,67
chr09,10651467,-0.0020564516129032264,3.8328456751542657,0.05455302175673156,1.2631811883216948,67
chr09,10664831,-0.0019282051282051296,3.3307676768067505,0.07245304866924615,1.1399433356258724,69
chr09,10686156,0.0016189516129032264,2.3807466257361227,0.12741298879815,0.8947862966802101,71
chr09,10695119,-0.0019954954954954957,3.4135512486870883,0.0692143778915911,1.159803680248775,67
chr09,10724521,-0.0014154647435897446,1.8171630249928556,0.18206032309664402,0.7397846908755891,71
chr09,10730608,-0.001957589285714286,3.530377159843935,0.06473911141041076,1.1888332658880907,67
chr09,10734892,-0.0016435091277890476,2.0814094995140824,0.1542178807090021,0.8118652693262306,63
chr09,10737734,-0.0008014888337468988,0.6396971020824246,0.4266057289766523,0.3699733166169215,70
chr09,10756103,0.001155827702702703,1.1566318899564858,0.2860227943024294,0.543599354824487,69
chr09,10757980,-0.0012941426146010192,1.465211838939782,0.23035565670265323,0.6376011185769873,69
chr09,10758129,0.0012941426146010192,1.465211838939782,0.23035565670265323,0.6376011185769873,69
chr09,10773659,-0.0010189144736842109,0.9055578242838408,0.34466606754497575,0.4626014708808988,70
chr09,10773692,-0.0010189144736842109,0.9055578242838408,0.34466606754497575,0.4626014708808988,70
chr09,10773808,0.0010641025641025647,0.9835549637584478,0.3248386745288566,0.4883322702726763,70
chr09,10791514,-0.0014670138888888888,1.9541089898015804,0.1668254197272271,0.7777377738052935,68
chr09,10791531,-0.0014670138888888888,1.9541089898015804,0.1668254197272271,0.7777377738052935,68
chr09,10791626,0.0012098817567567568,1.275431103161238,0.2627775325151804,0.5804117697127171,69
chr09,10791732,0.0013090277777777779,1.4567881755038514,0.23174996730831163,0.6349803184469858,68
chr09,10801352,-0.0012072368421052638,1.2787281482505362,0.26210823678150164,0.5815193310848858,70
chr09,10808486,0.0011887532693984312,1.1704292140342931,0.2832501119630549,0.5478299097966841,68
chr09,10857217,0.0011598883572567786,1.215644158614968,0.27404802123146704,0.5621733294113663,71
chr09,10941335,0.0013386809269162216,1.4803841323495026,0.22811397900278504,0.6418481000028327,67
chr09,10966710,-0.0014612031386224932,1.8283588039196086,0.180936828302938,0.742473026833542,68
chr09,10967684,0.0013166666666666672,1.3568474385693166,0.24840808237863396,0.604834277757387,66
chr09,10967724,0.0013166666666666672,1.3568474385693166,0.24840808237863396,0.604834277757387,66
chr09,10967769,0.0013166666666666672,1.3568474385693166,0.24840808237863396,0.604834277757387,66
chr09,10967778,0.0013166666666666672,1.3568474385693166,0.24840808237863396,0.604834277757387,66
chr09,11009910,-0.0015229320229320237,2.0665563777104827,0.1551471221836862,0.8092562757120189,70
chr09,11010041,-0.0016200980392156858,2.391379304099986,0.12664757822083605,0.8974031104560093,70
chr09,11011285,0.0013585737179487192,1.6705604950366546,0.20049509456955938,0.6978962486170325,71
chr09,11022185,0.0018038194444444447,2.930238147596788,0.09163035564152676,1.0379606278205284,68
chr09,11042932,0.0015117302052785923,1.7141611703202002,0.19527789351054176,0.7093469183598258,64
chr09,11052091,-0.0017189075630252098,2.742817905680718,0.10236891672974219,0.9898318924032142,69
chr09,11071088,0.002494172494172495,5.871985870731108,0.018582232771344184,1.730902104012171,59
chr09,11071110,0.0024158249158249163,5.696149979396864,0.020284611355606434,1.6928333087746648,60
chr09,11071146,0.0024158249158249163,5.696149979396864,0.020284611355606434,1.6928333087746648,60
chr09,11071176,0.0021466450216450213,4.393961855262345,0.040364619250974926,1.3939991397488898,61
chr09,11076351,0.0014926289926289937,1.981571086673809,0.163780063439875,0.7857389649993399,70
chr09,11076388,-0.0014926289926289937,1.981571086673809,0.163780063439875,0.7857389649993399,70
chr09,11085792,-0.0017613636363636364,2.7901631737217922,0.09951019348885513,1.002132429312454,69
chr09,11086017,-0.0014249999999999998,1.6682371448368294,0.2010688241684449,0.6966552617812376,67
chr09,11131154,-0.0008623310810810811,0.6412418817910625,0.4260919977564248,0.37049662201372574,69
chr09,11148545,-0.000840294840294841,0.6256486337452386,0.43170612954552223,0.36481178500391653,70
chr09,11154593,-0.0010505050505050506,1.0041504039031315,0.3199137383461448,0.49496710921315096,69
chr09,11170497,0.000998256320836967,0.866787310281824,0.35523934948432156,0.4494789338917703,68
chr09,11172662,-0.0006870129870129873,0.3892560025007457,0.534841276048376,0.27177508370565134,68
chr09,11176682,-0.0007467105263157899,0.4835979756073676,0.48916683362488933,0.31054299657032225,70
chr09,11176693,0.0007467105263157903,0.4835979756073676,0.48916683362488933,0.31054299657032225,70
chr09,11176769,0.0007406621392190158,0.4604045197367881,0.4997719900941625,0.3012280877222154,69
chr09,11186576,-0.001138709677419355,1.0902663152180427,0.30034019336436757,0.5223865439639103,66
chr09,11201417,-0.0007154605263157899,0.4434486869251873,0.5077153967556565,0.2943796661706748,70
chr09,11201513,-0.0007154605263157899,0.4434486869251873,0.5077153967556565,0.2943796661706748,70
chr09,11208431,-0.0007154605263157899,0.4434486869251873,0.5077153967556565,0.2943796661706748,70
chr09,11249087,0.0009038961038961046,0.685998778175308,0.41051378732082067,0.38667225229167673,68
chr09,11318711,0.00043590831918505977,0.1613589164973684,0.689186935078064,0.16166296406974945,69
chr09,11379712,0.0005,0.18615699545626557,0.667631160180848,0.1754634018028741,64
chr09,11383059,0.0004949308755760372,0.195350349024539,0.6599903209303792,0.1804624335450249,66
chr09,11383118,0.000521821631878558,0.21098648679019283,0.647576355281858,0.18870901686443733,65
chr09,11383136,0.0004897360703812317,0.1804408508852579,0.6724652200384432,0.17233017249430918,64
chr09,11383161,-0.0005337701612903227,0.20806952303850554,0.6499046177546233,0.18715037723784184,63
chr09,11408295,0.00027764423076923127,0.06818873411672141,0.7947703006278704,0.09975837019134104,71
chr09,11408632,0.00043590831918505977,0.1613589164973684,0.689186935078064,0.16166296406974945,69
chr09,11459835,0.0003306451612903227,0.09612633789888325,0.7574631507772618,0.1206384899588059,71
chr09,11460020,0.0003306451612903227,0.09612633789888325,0.7574631507772618,0.1206384899588059,71
chr09,11485024,0.0006114035087719302,0.3111238605130394,0.5788784712806365,0.23741260171646011,68
chr09,11517605,-0.00041200657894736875,0.14645556087223793,0.7031394470694603,0.15295853687615096,70
chr09,11517704,-0.0003914262820512824,0.13566235354967335,0.7137594901719712,0.14644810431258343,71
chr09,11517752,-0.0003914262820512824,0.13566235354967335,0.7137594901719712,0.14644810431258343,71
chr09,11518596,-0.0005172697368421058,0.23476773724948333,0.6295680115084817,0.2009573466881968,70
chr09,11518661,-0.0005172697368421058,0.23476773724948333,0.6295680115084817,0.2009573466881968,70
chr09,11518685,-0.0005172697368421058,0.23476773724948333,0.6295680115084817,0.2009573466881968,70
chr09,11518743,-0.0003914262820512824,0.13566235354967335,0.7137594901719712,0.14644810431258343,71
chr09,11530324,0.0007302867383512544,0.4481632728985326,0.5055795630660487,0.2962104897633076,67
chr09,11641193,-0.0006718614718614726,0.3819662811548112,0.5386796902115217,0.26866939830839914,68
chr09,11652153,-0.0007259290540540547,0.4549466667176789,0.5023159594437491,0.2990230233370726,69
chr09,11652565,-0.0011250000000000001,1.0300959827375304,0.3139577891592421,0.5031287378105553,66
chr09,11652589,-0.0011250000000000001,1.0300959827375304,0.3139577891592421,0.5031287378105553,66
chr09,11686012,0.001208781362007169,1.2795502002801573,0.2621389910432743,0.5814683764761085,67
chr09,11717835,-0.0011386224934612033,1.1099208360419444,0.29594088764484067,0.5287950279053032,68
chr09,11742199,-0.0009833333333333339,0.8117788552287373,0.3708221936624775,0.4308342812785994,69
chr09,11742229,-0.0009833333333333339,0.8117788552287373,0.3708221936624775,0.4308342812785994,69
chr09,11762325,0.0011477079796264862,1.147033075672853,0.2880140253386396,0.5405863630085933,69
chr09,11797471,0.0011649122807017547,1.1432980862271933,0.288851578027577,0.5393252555181131,68
chr09,11803388,0.0009131578947368428,0.6963607710569321,0.4070195833421938,0.39038469462528264,68
chr09,11819090,0.0010657894736842111,0.9485032363995436,0.3336566363158563,0.4767002327592785,68
chr09,11849693,-0.0013806715063520874,1.6585017487944818,0.20237187572150142,0.6938498429569668,67
chr09,11922636,0.0011025641025641027,1.0537861975044192,0.30832864553038475,0.5109861249074281,69
chr09,11922666,0.0009574028122415221,0.8093083654497052,0.3714996139455079,0.4300416332127538,70
chr09,11933252,0.0005888888888888893,0.2699537953993611,0.605155146723283,0.21813326877253533,66
chr09,11960969,0.0005937001594896334,0.3144112483128171,0.5768021251352629,0.23897314819705706,71
chr09,11968723,-0.0005798611111111112,0.2758744829060183,0.6011781713578838,0.22099679693231147,68
chr09,12026942,-0.0006259936406995236,0.35084468959614573,0.5555714797919253,0.25526005682734054,71
chr09,12052419,0.0009081875993640709,0.7426304771146709,0.39180456654129003,0.40693050654412516,71
chr09,12086848,-0.0006478758169934639,0.36657689639817337,0.5468915741726754,0.2620987676447456,70
chr09,12086866,-0.0006478758169934639,0.36657689639817337,0.5468915741726754,0.2620987676447456,70
chr09,12086900,-0.0006932539682539681,0.4314736964329316,0.5134516935819105,0.28950040931629595,71
chr09,12086901,-0.0006932539682539681,0.4314736964329316,0.5134516935819105,0.28950040931629595,71
chr09,12086913,-0.0006932539682539681,0.4314736964329316,0.5134516935819105,0.28950040931629595,71
chr09,12103503,-0.0006313387423935094,0.29078894301043595,0.5916782723529461,0.2279143786196865,63
chr09,12110307,-0.0008703208556149739,0.614461965172187,0.43595994267651483,0.36055341319415385,67
chr09,12120053,0.0002664141414141414,0.05979787687463768,0.8075630400482889,0.09282356574423614,69
chr09,12133000,-0.00043203463203463213,0.15533536557125055,0.6947585335204703,0.15816611020285226,68
chr09,12167787,0.0004960317460317459,0.2202242603518629,0.6403486194207585,0.19358352246986799,71
chr09,12202635,-0.0012205882352941178,1.338087194005783,0.2515413054181082,0.599390689565411,68
chr09,12202720,-0.0012205882352941178,1.338087194005783,0.2515413054181082,0.599390689565411,68
chr09,12215362,-0.001073529411764706,1.013322193091129,0.3177846650779656,0.4978670638080155,68
chr09,12217144,0.0012794117647058824,1.4736019256523576,0.22910429554347853,0.6399667680199403,68
chr09,12228302,-0.0007197712418300651,0.45755027399164555,0.5010654738499298,0.3001055214903053,70
chr09,12300221,-0.0008235294117647066,0.6094665060952679,0.437658902552056,0.35886423299128245,71
chr09,12307034,-0.0010025252525252533,0.8698043356766089,0.3543582679601721,0.45055742973585194,69
chr09,12317836,-0.0006843434343434344,0.40152328506803886,0.5284609341788424,0.27698711185256664,69
chr09,12327518,-0.0007258064516129036,0.42928008140422186,0.5148466581191744,0.28832210192794766,62
chr09,12357198,-0.0007352472089314195,0.4833791404841901,0.48923056157681244,0.3104864209947165,71
chr09,12358527,-0.0012101661779081133,1.15414290783601,0.2868468882020812,0.542349857108001,64
chr09,12418779,-0.0012483660130718948,1.399874019080536,0.24086471223778702,0.6182268214336375,70
chr09,12436197,-0.0011502866502866508,1.1637675643316987,0.28449735565476325,0.5459217659293027,70
chr09,12436231,-0.0011502866502866508,1.1637675643316987,0.28449735565476325,0.5459217659293027,70
chr09,12439504,-0.0016119257086999027,2.102123783841371,0.15213468997763602,0.8177717461831202,64
chr09,12439592,-0.0015307765151515152,1.9475369363537096,0.1677520828492139,0.7753320788233249,65
chr09,12448939,0.0013634920634920634,1.6995545952798257,0.1966791434586953,0.7062416917382528,71
chr09,12488715,-0.001378787878787878,1.664490986945917,0.20143313598649457,0.6958690859553286,69
chr09,12490192,-0.0015608294930875579,1.9770814343939642,0.16453493949425688,0.7837418641680096,66
chr09,12505497,-0.0013382473382473389,1.6096174364974813,0.20887150684361916,0.6801208001564871,70
chr09,12596501,-0.001205882352941176,1.2854668815833827,0.2608664010881618,0.5835818532940423,70
chr09,12672478,-0.0008131955484896664,0.5941361024803884,0.44345557129360547,0.3531498845325006,71
chr09,12694129,0.0008131955484896662,0.5941361024803858,0.44345557129360547,0.3531498845325006,71
chr09,12727848,0.0008666666666666667,0.5591038067496987,0.45744834487402897,0.3396579394176913,64
chr09,12727914,-0.00038620071684587824,0.13630920211872344,0.713178083204624,0.14680201166822848,67
chr09,12738743,-0.0009186507936507932,0.7612518978080678,0.3859631344754684,0.41345417527249034,71
chr09,12743889,-0.0004902871621621623,0.20256223634494602,0.6541134716865973,0.1843469063352379,69
chr09,12744048,-0.000563636363636364,0.26181868360406046,0.6105812415798705,0.2142565423293522,68
chr09,12750633,0.0008104575163398688,0.583074240933973,0.4477511283974792,0.34896331099276423,70
chr09,12845411,-0.000613431613431614,0.32680748684908084,0.5694299333557039,0.24455970692998938,70
chr09,12845476,0.000613431613431614,0.32680748684908084,0.5694299333557039,0.24455970692998938,70
chr09,12845500,0.000613431613431614,0.32680748684908084,0.5694299333557039,0.24455970692998938,70
chr09,12845626,-0.0008499034749034752,0.555497278016573,0.4588518434156087,0.33832751919856663,65
chr09,12879841,0.0005857142857142861,0.2995586863318561,0.5859511180539715,0.23213861272747757,70
chr09,12883773,-0.0005242063492063491,0.2460439748566844,0.6214508925562969,0.20659318389190776,71
chr09,12893235,-0.0005857142857142861,0.2995586863318561,0.5859511180539715,0.23213861272747757,70
chr09,12934740,0.0006916118421052636,0.42083491727587,0.5187056215166193,0.28507904527724937,70
chr09,12941454,-0.000538676236044657,0.25862452193898633,0.6126889208055826,0.21275997290209747,71
chr09,13015569,-7.609594706368912e-05,0.005034489038532792,0.9436425266112106,0.025192495238319144,70
chr09,13034238,0.00045904995904995913,0.18277033700897694,0.6703539956613889,0.17369579765336204,70
chr09,13051628,0.0004745065789473686,0.19462366002748496,0.6604954667985854,0.18013015874758537,70
chr09,13054978,0.0003655913978494628,0.11639514739265264,0.7340295587584538,0.13428645105502876,70
chr09,13055087,0.0005052083333333336,0.22629207007834604,0.635789578680131,0.19668659494720625,71
chr09,13058649,0.0003655913978494628,0.11639514739265264,0.7340295587584538,0.13428645105502876,70
chr09,13058953,0.00044472616632859976,0.1453716200186752,0.7043230365778264,0.15222810673046167,63
chr09,13058955,0.00044472616632859976,0.1453716200186752,0.7043230365778264,0.15222810673046167,63
chr09,13058967,0.00044472616632859976,0.1453716200186752,0.7043230365778264,0.15222810673046167,63
chr09,13111801,-0.0004613486842105264,0.18417557698726475,0.6691657486655469,0.17446629655937104,70
chr09,13120402,-0.00020402298850574727,0.03238542761301178,0.8577619468365584,0.06663322441249293,65
chr09,13180490,-0.0003069498069498071,0.07238127093264818,0.7887798288838602,0.1030442039446885,65
chr09,13180581,0.0003069498069498071,0.07238127093264818,0.7887798288838602,0.1030442039446885,65
chr10,95455,0.00037435897435897445,0.11836123576127587,0.7318961246738429,0.13555055238713926,69
chr10,95470,0.00037435897435897445,0.11836123576127587,0.7318961246738429,0.13555055238713926,69
chr10,95560,0.00018421052631578967,0.028317449929786034,0.8668716169342143,0.06204521646329697,69
chr10,96341,0.00035769230769230783,0.10791175594802987,0.743558721202809,0.12868472816781662,69
chr10,96491,0.0002432432432432434,0.04921789385214403,0.8251148543809059,0.08348559429607987,68
chr10,158539,-0.00017820512820512834,0.026920439602890502,0.8701664654555596,0.0603976575960848,69
chr10,158709,0.0001482758620689655,0.0183225239271905,0.8927325334926758,0.04927863811860871,69
chr10,162358,0.00023985801217038538,0.04194811657661806,0.8384005833486129,0.0765484281835887,63
chr10,175314,-8.07017543859651e-05,0.005353339947704864,0.9418948971409445,0.02599755595271048,68
chr10,175373,-0.00012692307692307685,0.013564114856542233,0.9076323559713491,0.04209003044979227,69
chr10,177019,1.9105691056910542e-05,0.0003179247755577612,0.9858255757492057,0.006199918923567999,71
chr10,177113,-0.0006018518518518517,0.26612689211083085,0.6078066739847361,0.21623453548537855,63
chr10,177204,-0.0006018518518518517,0.26612689211083085,0.6078066739847361,0.21623453548537855,63
chr10,195479,-0.0002687886825817861,0.05967907094920613,0.8077617592727981,0.09271671087130398,68
chr10,227966,-0.0002038461538461537,0.03542595878260194,0.8512747940751916,0.06993022571266717,69
chr10,228032,-0.0002038461538461537,0.03542595878260194,0.8512747940751916,0.06993022571266717,69
chr10,281638,-0.0003298298298298295,0.08136313241597098,0.7764092945643375,0.10990927421896331,64
chr10,325018,2.859545836837661e-05,0.0006891547290358348,0.9791334233625906,0.009158124252062099,70
chr10,360220,-0.00037044534412955456,0.10315881958278582,0.749151581437071,0.12543029936169184,64
chr10,436849,-0.00010008271298593884,0.008646201398563412,0.926188933414867,0.0333004124865542,70
chr10,444291,0.00028831417624521077,0.06433654864117055,0.8005946204434019,0.09658733244174929,65
chr10,449864,0.0004315004659832244,0.14931032479539574,0.7004770105364995,0.15460611357018048,66
chr10,486652,-0.00038591800356506227,0.12407032911255993,0.725800645343293,0.13918264998375868,67
chr10,486654,-0.00038591800356506227,0.12407032911255993,0.725800645343293,0.13918264998375868,67
chr10,486737,0.00040692640692640696,0.14201056863157496,0.7074992645716123,0.15027400724205608,68
chr10,492508,6.160572337042915e-05,0.003380927068935045,0.9538006057594385,0.020542406081331874,71
chr10,498086,0.00010294117647058812,0.008902763325239682,0.9251134648951683,0.03380499790332191,68
chr10,534834,-0.0007890466531440161,0.4721478559429968,0.4946048864757998,0.30574159731763956,63
chr10,555806,-0.0007871794871794872,0.5241661873674025,0.4715903549986482,0.3264350857094745,69
chr10,575215,-0.0005902777777777775,0.2854540551267246,0.5949437068740782,0.22552412494462085,68
chr10,648319,0.0005336538461538464,0.25258790375413437,0.6168590459548704,0.20981406215384787,71
chr10,648361,0.0005336538461538464,0.25258790375413437,0.6168590459548704,0.20981406215384787,71
chr10,681170,0.000696969696969697,0.38677984303062735,0.5362062247368963,0.27066814866497474,66
chr10,681278,0.000696969696969697,0.38677984303062735,0.5362062247368963,0.27066814866497474,66
chr10,694150,-0.0007050653594771236,0.4403697731770501,0.5091876747682,0.29312211728260495,70
chr10,750293,-0.0009928457869634345,0.8894022632315036,0.34892980044319744,0.4572619379311998,71
chr10,784451,-0.0011032695374800633,1.098017326766233,0.29835831286022046,0.5252618573371347,71
chr10,784478,-0.0011032695374800633,1.098017326766233,0.29835831286022046,0.5252618573371347,71
chr10,1010418,-0.0011339427662957083,1.1647277526515063,0.28424538326520016,0.5463065804264396,71
chr10,1010623,0.0008333333333333333,0.562476757158793,0.4560122996802546,0.3410234432758622,66
chr10,1048531,0.0013219696969696971,1.5270719684251273,0.22086768579758234,0.655867819241129,69
chr10,1053258,-0.001413865546218487,1.7784510238752291,0.1868557816468623,0.7284934597705556,69
chr10,1185495,0.0012095588235294112,1.1474969218916635,0.28809682393233776,0.540461529488636,66
chr10,1230848,-0.0012630718954248356,1.428977522655513,0.2360836401268838,0.6269341071558803,70
chr10,1252427,0.0012769607843137248,1.4661373910950644,0.23014775613439278,0.6379932549790092,70
chr10,1263833,-0.0013068181818181822,1.4908307833427725,0.22636702455627183,0.6451868376263916,69
chr10,1263835,0.0013068181818181822,1.4908307833427725,0.22636702455627183,0.6451868376263916,69
chr10,1264006,0.0011638001638001642,1.191176463443961,0.2789444267293439,0.5544823113099733,70
chr10,1285011,-0.0012769607843137244,1.4661373910950601,0.23014775613439278,0.6379932549790092,70
chr10,1299606,-0.0014712918660287077,1.9772287261454287,0.16417019320263654,0.7847056907165161,71
chr10,1307100,-0.0013042763157894738,1.4967807740766401,0.22539001781637555,0.6470653221109589,70
chr10,1331363,-0.001491830065359476,2.010148747666409,0.160816279574664,0.7936699893464326,70
chr10,1431720,0.0009745065789473689,0.8273142548353324,0.3662630124355353,0.43620693693527934,70
chr10,1472553,-0.0014835164835164832,1.7755617725441093,0.18734788164894392,0.7273512131299673,67
chr10,1473403,-0.0011803571428571427,1.2100591799156122,0.27531654572860587,0.5601676879793257,68
chr10,1488562,0.0015019493177387913,1.7837308333463975,0.186497144591145,0.7293278131732699,65
chr10,1490733,0.0013085365853658536,1.524256427167631,0.22116453579321874,0.6552845118343771,71
chr10,1510427,-0.0014374999999999995,1.8310946048578054,0.18047995516177773,0.7435710255923353,70
chr10,1563866,-0.0011417657045840407,1.1251555650911578,0.29261986353176905,0.5336961965653323,69
chr10,1566424,0.0009318910256410259,0.7760575712084468,0.3814078688016067,0.41861035129561125,71
chr10,1583716,-0.0010095119933829608,0.8857991629197653,0.34994980709745094,0.4559942415462961,70
chr10,1610807,0.0010641447368421055,1.0047991392704143,0.31970578141166833,0.49524951007650525,70
chr10,1658531,-0.001018837018837019,0.9093349272319983,0.34366851140346444,0.4638602582328628,70
chr10,1681457,-0.001410822510822511,1.7746205541003863,0.18739306862192073,0.7272464770284088,68
chr10,1714141,0.0009961038961038963,0.8859846338043644,0.3500002905416052,0.4559315951338286,68
chr10,1744624,-0.0009656862745098038,0.7540281134364852,0.388552766675321,0.41054999431532163,64
chr10,1754050,0.0010370065789473686,0.9408700758777623,0.3354917743382374,0.47431812349292385,70
chr10,1817274,-0.0012516891891891891,1.3391578451923394,0.251291605692033,0.5998220186199938,69
chr10,1830264,-0.0012186009538950717,1.3486590171195592,0.24951444507381695,0.6029043068171313,71
chr10,1830292,-0.0012186009538950717,1.3486590171195592,0.24951444507381695,0.6029043068171313,71
chr10,1830609,-0.0010982800982800983,1.0758031599462994,0.3033126276743211,0.5181095085316832,70
chr10,1830631,-6.699346405228735e-05,0.003950439451310947,0.9500683303897511,0.022245158454273068,70
chr10,1839408,-0.0014339285714285712,1.6937586680563417,0.19770026542188568,0.7039927476252101,67
chr10,1937513,0.0008503584229390677,0.6115235908603656,0.4370541396025822,0.35946476194422516,67
chr10,2018042,0.001266414141414141,1.377364385066211,0.2447057546694537,0.6113558173592775,69
chr10,2018053,0.001266414141414141,1.377364385066211,0.2447057546694537,0.6113558173592775,69
chr10,2029758,-0.001448484848484848,1.5353245205031425,0.22006160285931173,0.6574557281011378,63
chr10,2054996,-0.0008454391891891888,0.6509491981558702,0.42262833512736,0.37404138902311324,69
chr10,2055171,0.001218600953895072,1.3486590171195636,0.24951444507381695,0.6029043068171313,71
chr10,2061962,-0.00114520202020202,1.140105791011089,0.2894621965402271,0.538408146637773,69
chr10,2092253,-0.0014198412698412694,1.8467702115183566,0.1785851260356212,0.748154715378338,71
chr10,2092340,0.0013906249999999997,1.519094547861645,0.22240996206661712,0.6528457639709861,64
chr10,2092478,-0.0013906249999999997,1.519094547861645,0.22240996206661712,0.6528457639709861,64
chr10,2093786,0.0011691919191919192,1.2127700572165254,0.2747248380185315,0.5611020740095616,69
chr10,2130866,0.0017087542087542084,2.0424650388851804,0.15832565512930222,0.8004487062474162,60
chr10,2130904,0.0017087542087542084,2.0424650388851804,0.15832565512930222,0.8004487062474162,60
chr10,2148754,-0.0014232026143790838,1.8017814335886386,0.18396168365246462,0.7352726243337644,70
chr10,2150054,-0.0010267379679144383,0.8980540868430166,0.3468139640051434,0.45990342455139804,67
chr10,2153395,0.0016386554621848736,2.446184164419522,0.12252229451373788,0.9117848786192674,69
chr10,2153432,0.0016386554621848736,2.446184164419522,0.12252229451373788,0.9117848786192674,69
chr10,2154545,0.0016870129870129875,2.4405206159228117,0.1230195712012387,0.9100257910926355,68
chr10,2208502,-0.0014198412698412694,1.8467702115183566,0.1785851260356212,0.748154715378338,71
chr10,2215522,0.0012908496732026138,1.5045163799369314,0.22420803493591737,0.6493488276652046,70
chr10,2215545,0.0011691919191919192,1.2127700572165254,0.2747248380185315,0.5611020740095616,69
chr10,2217719,0.001460084033613445,1.8477409300404986,0.17860413721509724,0.7481084852633924,69
chr10,2238114,0.0013207070707070708,1.5233207656451029,0.2214292908277086,0.6547649308672066,69
chr10,2240931,0.001441919191919192,1.844542644808408,0.17897542536049615,0.7472065967464364,69
chr10,2240985,0.001441919191919192,1.844542644808408,0.17897542536049615,0.7472065967464364,69
chr10,2280518,0.0013055555555555546,1.5340323854778952,0.21976689729479343,0.6580377232177149,70
chr10,2280546,0.0013055555555555546,1.5340323854778952,0.21976689729479343,0.6580377232177149,70
chr10,2280553,0.0013055555555555546,1.5340323854778952,0.21976689729479343,0.6580377232177149,70
chr10,2280554,0.0013055555555555546,1.5340323854778952,0.21976689729479343,0.6580377232177149,70
chr10,2280719,0.0013055555555555546,1.5340323854778952,0.21976689729479343,0.6580377232177149,70
chr10,2280760,0.0013055555555555546,1.5340323854778952,0.21976689729479343,0.6580377232177149,70
chr10,2295839,0.0017583333333333335,2.238158905964374,0.13988305618159025,0.8542348877418254,62
chr10,2295952,0.0013109243697478987,1.514578723098311,0.22274485387531903,0.652192320778715,69
chr10,2362399,-0.0011999999999999997,1.2925583500355586,0.2595675520640017,0.5857495986217379,70
chr10,2362628,-0.0015909090909090907,2.0981266726137373,0.1523615566457238,0.8171245988937731,66
chr10,2373392,-0.0015302521008403356,2.0808324751733456,0.1538175451611516,0.8129941240138967,69
chr10,2373439,-0.0015302521008403356,2.0808324751733456,0.1538175451611516,0.8129941240138967,69
chr10,2373458,-0.0015302521008403356,2.0808324751733456,0.1538175451611516,0.8129941240138967,69
chr10,2378997,-0.0013382352941176466,1.550177269762033,0.2175118901732722,0.6625169975806119,68
chr10,2379753,-0.0012882352941176462,1.4867186991895682,0.22700150933287122,0.6439712551735816,69
chr10,2398209,-0.0016470588235294114,2.4061622505223648,0.12556946556641288,0.9011159541354442,69
chr10,2399050,-0.0015546218487394955,2.165677504805556,0.1458040791888379,0.8362303255076124,69
chr10,2426783,0.001720588235294117,2.7002458455645018,0.1049491913775732,0.9790209032617694,70
chr10,2427056,0.0016060606060606054,2.3086278787110555,0.13336277181493147,0.8749653866996988,69
chr10,2431279,0.0013940886699507385,1.5832080502880235,0.21301710754145875,0.6715855166903513,64
chr10,2432192,0.001987967914438503,3.4438723106920137,0.06802121200915273,1.1673556340293247,67
chr10,2432259,0.001987967914438503,3.4438723106920137,0.06802121200915273,1.1673556340293247,67
chr10,2443235,0.0017272727272727275,2.648332496920479,0.10835276260774085,0.9651600112476956,69
chr10,2443240,0.0017272727272727275,2.648332496920479,0.10835276260774085,0.9651600112476956,69
chr10,2465562,0.001739379084967319,2.730250846893104,0.10307433743601098,0.9868494481716116,70
chr10,2491240,-0.001671171171171172,2.5318678216321944,0.1162066757933277,0.9347689220582078,70
chr10,2520683,0.0017710526315789466,2.6803241544525243,0.1063548288135814,0.9732427871013177,68
chr10,2526061,0.0016398026315789474,2.4354139241995423,0.12326487810745865,0.9091606494137873,70
chr10,2560124,0.0017648026315789478,2.791433488235943,0.09936620438182821,1.0027612991656103,70
chr10,2648087,0.001440714908456844,1.866614755011122,0.17650039797686734,0.7532543110185804,68
chr10,2648130,0.001440714908456844,1.866614755011122,0.17650039797686734,0.7532543110185804,68
chr10,2659414,0.001887387387387388,3.2671905664207865,0.07510158625486754,1.1243508899670631,70
chr10,2659448,0.0018044642857142855,2.8208652618710404,0.09784720335366744,1.009451582733902,67
chr10,2687536,-0.0016468590831918508,2.3787319658689454,0.1277076004119497,0.8937832552914374,69
chr10,2687623,0.001504385964912281,1.9482840833053399,0.16744990565847523,0.7761150928061995,68
chr10,2695676,0.0016634699215344372,2.36537042892392,0.12883522373499806,0.8899653840074533,68
chr10,2740137,0.001208059210526316,1.3005030784301883,0.2581220678954511,0.5881748642840116,70
chr10,2740372,0.0011952380952380945,1.0143643882531659,0.3179040860961843,0.4977038899599649,62
chr10,2740447,0.0012236842105263156,1.2034309188421601,0.27681249627768806,0.5578143082111463,65
chr10,2740561,0.0013616152450090743,1.5052552259991483,0.2242900015236636,0.6491900861133533,67
chr10,2740960,0.001195238095238095,1.10979156717194,0.29615095540123987,0.5284868619600048,65
chr10,2773848,-0.001064414414414414,0.9263983482024117,0.33936764065020064,0.46932957084877286,67
chr10,3030740,0.0013319256756756759,1.526246563479383,0.22099111101231453,0.6556251947128088,69
chr10,3030851,0.0011155913978494621,1.0288104136195355,0.3141990225628553,0.502795170334297,67
chr10,3061345,0.0013060661764705882,1.4078484962109374,0.23979984865099516,0.6201510953408331,66
chr10,3120048,-0.001348958333333333,1.543438632453601,0.2185029039857811,0.6605427867181844,68
chr10,3160324,-0.0012989352989352992,1.514363855270428,0.22271428214565828,0.6522519317842648,70
chr10,3176898,-0.00133531746031746,1.6284020855442722,0.20620301244325998,0.685704994348679,71
chr10,3176916,-0.00133531746031746,1.6284020855442722,0.20620301244325998,0.685704994348679,71
chr10,3194349,0.00133531746031746,1.6284020855442722,0.20620301244325998,0.685704994348679,71
chr10,3215623,0.00133531746031746,1.6284020855442722,0.20620301244325998,0.685704994348679,71
chr10,3227358,-0.0012197712418300648,1.335233314277911,0.25192042737461656,0.5987366156047602,70
chr10,3228939,-0.0008275862068965516,0.48169450374649253,0.49042636988558874,0.30942618614889283,60
chr10,3334419,0.0016007130124777186,2.28143899649391,0.1357766962881298,0.8671747627649599,67
chr10,3334663,-0.0013239148239148242,1.5534992064594633,0.21689629301639227,0.6637478704675167,70
chr10,3352328,-0.0013690702087286526,1.478017582301697,0.22862097036781634,0.6408839362446438,65
chr10,3377069,0.001252450980392156,1.3868613058870116,0.24304111476804846,0.6143202514779078,70
chr10,3417538,0.0012468203497615266,1.4131386567975892,0.23861124567200626,0.6223090920227319,71
chr10,3417745,0.0011269451269451272,1.133641185819958,0.2907661609023625,0.5364561376634283,70
chr10,3469429,-0.0010950305143853528,1.0035710951362933,0.3201067419646918,0.49470517881672854,68
chr10,3489351,0.0009857142857142857,0.7465469834899874,0.3909021701344715,0.4079319185296106,64
chr10,3510019,-0.0011239316239316241,0.8815492418520732,0.3515421595394579,0.4540225837099111,62
chr10,3528354,-0.00127323717948718,1.4629748219802694,0.23058528911048648,0.6371684032942841,71
chr10,3552748,-0.0009338235294117642,0.7762733257758154,0.3813868885261039,0.418634241386083,70
chr10,3552991,-0.0008495297805642634,0.5329888821852257,0.4681939016596899,0.3295742473946142,62
chr10,3553786,-0.0012495535714285716,1.2655842386613085,0.2647337661389775,0.577190661975621,67
chr10,3569596,0.0008623015873015874,0.6698482844979868,0.415922128441205,0.3809879731088461,71
chr10,3569865,-0.0008623015873015874,0.6698482844979868,0.415922128441205,0.3809879731088461,71
chr10,3573814,-0.0008648989898989899,0.6465026844356918,0.4242095678333768,0.37241954041545156,69
chr10,3573847,-0.0007454545454545455,0.47309190856658334,0.4939784424736119,0.30629200354404434,68
chr10,3573855,-0.0007454545454545455,0.47309190856658334,0.4939784424736119,0.30629200354404434,68
chr10,3608916,0.000645798319327731,0.3623182637226284,0.5492531145886219,0.2602274716949956,69
chr10,3613614,0.0006149732620320857,0.3100385962060681,0.5795686879372548,0.23689508597416267,67
chr10,3613876,-0.0007285353535353533,0.4549479476158405,0.5023153597941907,0.2990235417849634,69
chr10,3613908,-0.0007285353535353533,0.4549479476158405,0.5023153597941907,0.2990235417849634,69
chr10,3700182,0.0009255411255411258,0.7340976769209824,0.394658508389625,0.4037785298614483,68
chr10,3751284,-0.0008513071895424828,0.6338891915778325,0.42870311071031797,0.3678433651960981,70
chr10,3751983,0.0006755514705882356,0.35602855778561315,0.552825099464374,0.25741224727022194,66
chr10,3752344,0.0007196691176470589,0.40786065988183146,0.5253362859421451,0.2795626006433265,66
chr10,3752401,-0.0007196691176470589,0.40786065988183146,0.5253362859421451,0.2795626006433265,66
chr10,3830713,0.0001571428571428572,0.021838604537588114,0.8829545771493817,0.0540616377596724,70
chr10,3877905,8.377896613190717e-05,0.005706452602528149,0.9400162458891386,0.026864640614091145,67
chr10,3878334,-0.0001285714285714288,0.014516894206947614,0.9044534085797412,0.043613800189335174,70
chr10,3884179,8.669354838709676e-05,0.005513624943569036,0.9410514147516564,0.026386648057397176,63
chr10,3884250,-8.669354838709676e-05,0.005513624943569036,0.9410514147516564,0.026386648057397176,63
chr10,3884392,0.0002287390029325513,0.038969056828324584,0.8441557364350013,0.07357742394897919,64
chr10,3906036,1.988636363636346e-05,0.00030334052897729445,0.9861592489117664,0.00605294779799939,65
chr10,3925490,0.00015625000000000017,0.01856850160498308,0.8920452782806731,0.04961310121985869,65
chr10,3929705,-0.0001241830065359476,0.01357582863198542,0.9075875477909208,0.04211147131816062,70
chr10,3929807,-0.0001241830065359476,0.01357582863198542,0.9075875477909208,0.04211147131816062,70
chr10,3943405,0.0003705627705627707,0.11506789362668066,0.7355235645995704,0.13340340884858898,68
chr10,3947088,-1.9656019656019748e-05,0.0003392211165145049,0.9853593629738374,0.00640535235148552,70
chr10,3956474,-6.25000000000003e-05,0.003257918552036205,0.9546553714881986,0.02015337948751117,68
chr10,3968357,-0.000496527777777778,0.21096077425780702,0.6475246489069142,0.18874369492160292,68
chr10,3968425,0.000496527777777778,0.21096077425780702,0.6475246489069142,0.18874369492160292,68
chr10,3968461,-0.000496527777777778,0.21096077425780702,0.6475246489069142,0.18874369492160292,68
chr10,3968495,-0.000496527777777778,0.21096077425780702,0.6475246489069142,0.18874369492160292,68
chr10,3996883,0.00022567783094098887,0.04525346427885419,0.8321658713140696,0.07979009941053967,71
chr10,3996970,8.552631578947365e-05,0.006396580178505548,0.936489171249933,0.028497240065134457,70
chr10,3998066,0.00021102150537634427,0.03627054858892096,0.8495514291448487,0.07081032519076107,67
chr10,4003074,0.00011677631578947382,0.011852869208794956,0.9136255328189014,0.03923177183092453,70
chr10,4027455,0.0005041666666666667,0.2200424486360673,0.6405081013645937,0.19347537278004742,70
chr10,4027521,0.0005041666666666667,0.2200424486360673,0.6405081013645937,0.19347537278004742,70
chr10,4041030,0.00027456140350877223,0.0638965096070859,0.8012257217463192,0.09624511700055179,68
chr10,4060983,0.0007324234904880065,0.46551359874348414,0.49737602124659597,0.30331515612139154,70
chr10,4087335,0.0007041666666666667,0.42439532099388394,0.5169476558453933,0.2865534296882317,70
chr10,4118406,-0.00033917050691244244,0.09061764896507368,0.7643692401559568,0.11669679819907924,66
chr10,4160691,-0.0006024667931688806,0.27794156166566436,0.5999052486861651,0.22191733832014304,65
chr10,4160719,-0.0006024667931688806,0.27794156166566436,0.5999052486861651,0.22191733832014304,65
chr10,4160723,-0.0006024667931688806,0.27794156166566436,0.5999052486861651,0.22191733832014304,65
chr10,4182180,-0.0004777960526315789,0.19847372321775222,0.6573707762392502,0.18218960661298644,70
chr10,4182230,-0.0004777960526315789,0.19847372321775222,0.6573707762392502,0.18218960661298644,70
chr10,4214083,-0.0003361629881154501,0.09654991490532229,0.756974445056842,0.12091878173920532,69
chr10,4234117,-0.0005958614864864871,0.3048257512822865,0.5827098731761926,0.23454762335551108,69
chr10,4323180,-0.00030819529206625983,0.08054439399290478,0.7774494323372041,0.10932784920930856,68
chr10,4329372,0.00027874276261373064,0.06761437083754626,0.7956281780837842,0.0992898442384122,70
chr10,4329394,0.00027874276261373064,0.06761437083754626,0.7956281780837842,0.0992898442384122,70
chr10,4331561,0.00018123938879456735,0.028133806242159026,0.8672998942979508,0.06183070653925364,69
chr10,4332799,0.00026765475152571957,0.06019057289415521,0.8069562548944813,0.09315000774741608,68
chr10,4350238,-0.0003282051282051283,0.09083008571172467,0.7640579185620209,0.11687371896555779,69
chr10,4364996,0.0005065789473684214,0.22318732471457944,0.6381347099991707,0.19508763219765227,70
chr10,4378738,-0.0004770797962648563,0.19039528225646357,0.6639907005532729,0.17783800305168124,69
chr10,4402263,-0.0006786283891547046,0.4113721456382732,0.5233987346347144,0.2811673316423079,71
chr10,4402313,-0.0006786283891547046,0.4113721456382732,0.5233987346347144,0.2811673316423079,71
chr10,4415013,-0.0008964285714285713,0.7624606812994715,0.38577403251957043,0.41366700922974814,67
chr10,4428063,-0.0007035217035217037,0.43056777668477497,0.5139247830782542,0.2891004387565287,70
chr10,4428151,-0.0007035217035217037,0.43056777668477497,0.5139247830782542,0.2891004387565287,70
chr10,4428334,-0.000570945945945946,0.27866346061711256,0.5993225804168172,0.22233935927050677,69
chr10,4443921,-0.000649816176470588,0.3327856004111653,0.5660470589049337,0.24714746179199276,66
chr10,4458697,-0.0008617511520737326,0.5872569716849178,0.4462992027903432,0.35037388892479454,66
chr10,4459192,-0.0006786283891547046,0.4113721456382732,0.5233987346347144,0.2811673316423079,71
chr10,4496217,-6.964285714285735e-05,0.0039414734743999395,0.95013343330984,0.02221539967865084,67
chr10,4496219,6.96428571428573e-05,0.0039414734743999395,0.95013343330984,0.02221539967865084,67
chr10,4503636,-0.0004337662337662337,0.15525040029815187,0.6948377359708523,0.15811660346777165,68
chr10,4503652,0.00043376623376623384,0.15525040029815187,0.6948377359708523,0.15811660346777165,68
chr10,4511703,-0.0002679924242424242,0.0548864284041006,0.8155284594840342,0.0885608787914411,65
chr10,4511708,-0.0002679924242424242,0.0548864284041006,0.8155284594840342,0.0885608787914411,65
chr10,4517886,-0.0003155802861685213,0.08882820121598146,0.7665677874345859,0.1154494345381502,71
chr10,4587614,0.00022348484848484838,0.03853014683597657,0.8450142385531454,0.07313597309413852,65
chr10,4594930,3.0748663101604134e-05,0.0007598521510614528,0.9780932238977254,0.009619749818866537,67
chr10,4598471,6.862745098039197e-05,0.0041267725452584555,0.9489676337444524,0.022748599718010187,70
chr10,4598595,3.76740376740377e-05,0.0012461830836327553,0.9719428952279923,0.012359250522189795,70
chr10,4609427,0.00026559714795008915,0.056622698420904054,0.8126643201184987,0.09008880745008709,67
chr10,4614481,-0.00029084967320261413,0.07429315218020056,0.7860115359738422,0.10457107994911892,70
chr10,4614587,-0.00015404040404040428,0.020536194623951193,0.886479788035524,0.052331161974749,69
chr10,4614630,-0.00015404040404040428,0.020536194623951193,0.886479788035524,0.052331161974749,69
chr10,4622829,-6.862745098039188e-05,0.0041267725452584555,0.9489676337444524,0.022748599718010187,70
chr10,4661361,-1.2626262626262897e-05,0.00013647325568236107,0.9907138996980782,0.004051743820986403,69
chr10,4675274,0.0001515151515151516,0.01858066913634751,0.8920033583259257,0.04963351053455812,66
chr10,4681532,0.00012626262626262624,0.013719441275549462,0.9071074336285223,0.042341274054613035,69
chr10,4689773,1.2626262626262847e-06,1.3631098647645378e-06,0.9990719209928112,0.00040324674296829464,69
chr10,4689777,1.2626262626262847e-06,1.3631098647645378e-06,0.9990719209928112,0.00040324674296829464,69
chr10,4689812,1.2626262626262847e-06,1.3631098647645378e-06,0.9990719209928112,0.00040324674296829464,69
chr10,4807154,-8.095238095238088e-05,0.0054596897770826085,0.9413216304706771,0.02626196161780102,68
chr10,4807192,-8.095238095238088e-05,0.0054596897770826085,0.9413216304706771,0.02626196161780102,68
chr10,4811142,0.0001462639109697933,0.01906192364709234,0.8905912331086728,0.05032158433534457,71
chr10,4813662,-0.00014626391096979327,0.01906192364709234,0.8905912331086728,0.05032158433534457,71
chr10,4835099,-0.00010947712418300636,0.010399942898640055,0.9190725875616828,0.03665018705504569,70
chr10,4855908,-4.003267973856192e-05,0.0014041927712729852,0.9702180115062989,0.01313066722264555,70
chr10,4855947,-9.558823529411737e-05,0.00793791072267984,0.9292683365344131,0.031858860550079963,70
chr10,4855984,9.722222222222211e-05,0.00816199133332268,0.9282836075553299,0.03231931863116744,69
chr10,4856072,9.722222222222211e-05,0.00816199133332268,0.9282836075553299,0.03231931863116744,69
chr10,4856088,9.722222222222211e-05,0.00816199133332268,0.9282836075553299,0.03231931863116744,69
chr10,4877013,-0.0002483660130718954,0.054002665292658174,0.8169371925934023,0.08781133142184021,70
chr10,4877043,0.0002483660130718953,0.054002665292658174,0.8169371925934023,0.08781133142184021,70
chr10,4877045,0.0002483660130718953,0.054002665292658174,0.8169371925934023,0.08781133142184021,70
chr10,4899157,8.994932432432429e-05,0.006938632952465697,0.9338626025695007,0.029717015991871005,69
chr10,4899199,8.994932432432429e-05,0.006938632952465697,0.9338626025695007,0.029717015991871005,69
chr10,4932666,0.00045588235294117657,0.16839914847595067,0.6829090504032578,0.16563713165976368,66
chr10,4934442,0.0005578747628083493,0.24170525379117577,0.6246858004505025,0.2043383657621253,65
chr10,4934684,0.0005578747628083493,0.24170525379117577,0.6246858004505025,0.2043383657621253,65
chr10,4940483,-0.00012059294871794878,0.012853786128464979,0.9100628499462913,0.04092861378625168,71
chr10,4954779,-0.0002712985938792387,0.06404778874533787,0.800972512509566,0.0963823876239406,70
chr10,4958618,0.0002924448217317491,0.07267492230369305,0.7883097226701268,0.10330311700435421,69
chr10,4968564,-0.00038099389712292943,0.12363370233282575,0.7262464889598317,0.1389159541941178,68
chr10,4968592,0.0003809938971229296,0.12363370233282575,0.7262464889598317,0.1389159541941178,68
chr10,5012672,0.00022857142857142857,0.039321740269027634,0.8434720121808954,0.0739293234566655,63
chr10,5012680,-0.00022857142857142857,0.039321740269027634,0.8434720121808954,0.0739293234566655,63
chr10,5017010,-0.0003157894736842106,0.0873092033770792,0.7685266120101104,0.11434108945370997,70
chr10,5048014,-0.00045215311004784666,0.1820138557296198,0.6709764169691957,0.17329274385504947,71
chr10,5051352,0.0003803056027164685,0.12199742388787747,0.7279735412294815,0.13788440517440023,69
chr10,5051541,0.00020288624787775895,0.0352278404346975,0.8516863022011278,0.06972033752177223,69
chr10,5084196,-9.895833333333336e-05,0.008168230021416412,0.928260357393297,0.03233019628046139,68
chr10,5084270,0.00013725490196078418,0.01632688061397289,0.8987028309348927,0.046383890269450605,70
chr10,5111416,-0.0002873608903020668,0.07363612886455922,0.7869245449602491,0.10406690840132087,71
chr10,5117466,-0.0002873608903020668,0.07363612886455922,0.7869245449602491,0.10406690840132087,71
chr10,5128940,0.00011613175675675672,0.012166456336895368,0.9124998749896014,0.039767186368835646,69
chr10,5129011,0.00011613175675675672,0.012166456336895368,0.9124998749896014,0.039767186368835646,69
chr10,5139442,-0.0001523341523341524,0.020380473131492487,0.886901747735886,0.05212448927717695,70
chr10,5139490,-0.0001523341523341524,0.020380473131492487,0.886901747735886,0.05212448927717695,70
chr10,5142952,-0.0001523341523341524,0.020380473131492487,0.886901747735886,0.05212448927717695,70
chr10,5142961,-0.0001523341523341524,0.020380473131492487,0.886901747735886,0.05212448927717695,70
chr10,5142962,-0.0001523341523341524,0.020380473131492487,0.886901747735886,0.05212448927717695,70
chr10,5142981,-0.0001523341523341524,0.020380473131492487,0.886901747735886,0.05212448927717695,70
chr10,5165771,0.0006389610389610392,0.3410221333410297,0.5612304679554971,0.25085876012092095,68
chr10,5165796,0.0006389610389610392,0.3410221333410297,0.5612304679554971,0.25085876012092095,68
chr10,5165892,0.0005609243697478993,0.2705643805748033,0.6046679822261047,0.21848302711204182,69
chr10,5179172,0.0006932539682539678,0.43147369643293143,0.5134516935819105,0.28950040931629595,71
chr10,5179181,0.0006932539682539678,0.43147369643293143,0.5134516935819105,0.28950040931629595,71
chr10,5214262,0.0006932539682539678,0.43147369643293143,0.5134516935819105,0.28950040931629595,71
chr10,5214384,0.0005714285714285715,0.2888516024892197,0.5927118872214763,0.22715636261601346,70
chr10,5231279,0.000553679653679654,0.25571734550396114,0.6147625606015005,0.2112925891542011,68
chr10,5251435,0.0007058823529411765,0.41703416046863834,0.5206596667266297,0.2834460639538623,68
chr10,5338831,0.0012393790849673195,1.3793839343918481,0.24430274776876576,0.6120716483188208,70
chr10,5338865,0.0012393790849673195,1.3793839343918481,0.24430274776876576,0.6120716483188208,70
chr10,5345764,0.0012393790849673195,1.3793839343918481,0.24430274776876576,0.6120716483188208,70
chr10,5345903,-0.0013493640699523055,1.6609676491990935,0.2017770702364213,0.6951281881268413,71
chr10,5346052,0.0011565464895635675,1.0511574117480331,0.3091613202895454,0.5098148466929294,65
chr10,5349164,-0.00138429054054054,1.679941304565773,0.19937927279913317,0.7003199923475744,69
chr10,5349239,0.0013842905405405403,1.679941304565773,0.19937927279913317,0.7003199923475744,69
chr10,5375384,-0.0013493640699523055,1.6609676491990935,0.2017770702364213,0.6951281881268413,71
chr10,5401277,-0.0005676470588235294,0.27281921212290644,0.6031696435360476,0.2195605238633053,69
chr10,5469009,0.0005303030303030304,0.2272173983607887,0.6352183337430748,0.1970769757438296,66
chr10,5469063,0.0005303030303030304,0.2272173983607887,0.6352183337430748,0.1970769757438296,66
chr10,5478615,-0.0007264537264537269,0.45982737486972997,0.5000057110024608,0.30102503517860074,70
chr10,5504438,0.0007567567567567569,0.5139345262037557,0.47586030617663044,0.32252052030614164,71
chr10,5722461,0.0011236089030206683,1.1432455242269255,0.2886938639378319,0.5395624467609844,71
chr10,5745187,0.001076555023923445,1.0446910963009666,0.3103032003465881,0.5082137452482676,71
chr10,5745743,0.0009656019656019663,0.8286018033128995,0.36589255195245496,0.43664643084919874,70
chr10,5757109,-0.0011078629032258067,0.9454590156615585,0.3347179000799171,0.4753210617740931,63
chr10,5776496,0.0008623737373737374,0.6496801036552678,0.4230787277623659,0.3735788102812564,69
chr10,5796325,0.0012482893450635388,1.1883862013804594,0.2798741267782904,0.5530372484319811,64
chr10,5796327,0.0012482893450635388,1.1883862013804594,0.2798741267782904,0.5530372484319811,64
chr10,5821554,0.0011249999999999995,1.132488056602631,0.29100963972209487,0.5360926247296481,70
chr10,5859602,-0.0013342293906810038,1.4417626362840545,0.23421182627053974,0.6303911794841328,67
chr10,5874346,0.0011249999999999995,1.132488056602631,0.29100963972209487,0.5360926247296481,70
chr10,5888757,0.0011249999999999995,1.132488056602631,0.29100963972209487,0.5360926247296481,70
chr10,5888782,0.0011249999999999995,1.132488056602631,0.29100963972209487,0.5360926247296481,70
chr10,5888907,0.0012787878787878793,1.4000278253520824,0.24096347545536953,0.6180487815343234,68
chr10,5931005,-0.0010071428571428573,0.8938182495087836,0.3478418283842921,0.4586181947766366,69
chr10,5934519,0.0011272727272727274,1.0731447921966666,0.30401691886069493,0.5171022467748627,68
chr10,5935930,0.0011642857142857143,1.1804949598961776,0.2811488006408532,0.5510637648174639,69
chr10,5935977,0.0011515151515151514,1.0567021507712329,0.30783804513929625,0.5116777075292099,66
chr10,5937795,0.001241161616161616,1.3224154109584907,0.25424719677886576,0.5947438267245159,69
chr10,5945859,0.0011249999999999995,1.132488056602631,0.29100963972209487,0.5360926247296481,70
chr10,5945860,0.001236486486486487,1.3893413440118803,0.24256514654334446,0.6151716014550993,71
chr10,5946025,0.0013593750000000001,1.536935684983013,0.21960106892268208,0.6583655502597755,66
chr10,5951174,-0.0010871212121212122,1.0272138152022976,0.3144601317776307,0.5024344079183236,69
chr10,5953045,-0.0012364864864864867,1.3893413440118803,0.24256514654334446,0.6151716014550993,71
chr10,5963324,-0.0011071428571428569,1.066221973633634,0.3055133179224521,0.5149698532637713,69
chr10,5963335,-0.0011071428571428569,1.066221973633634,0.3055133179224521,0.5149698532637713,69
chr10,5963394,-0.0011071428571428569,1.066221973633634,0.3055133179224521,0.5149698532637713,69
chr10,5965626,0.001236486486486487,1.3893413440118803,0.24256514654334446,0.6151716014550993,71
chr10,5979088,-0.0014445773524720893,1.9041153384539071,0.17207348900005526,0.7642860353544664,71
chr10,5988293,0.001444577352472089,1.9041153384539018,0.17207348900005526,0.7642860353544664,71
chr10,5988342,-0.0014445773524720893,1.9041153384539071,0.17207348900005526,0.7642860353544664,71
chr10,5988422,0.001338247338247339,1.6096174364974813,0.20887150684361916,0.6801208001564871,70
chr10,5993996,-0.0013721955128205136,1.7050602914730775,0.19596436265417666,0.7078229006326028,71
chr10,5994237,-0.0013238095238095246,1.4169733836497613,0.23836842235768851,0.622751277892128,65
chr10,5994268,-0.0013238095238095246,1.4169733836497613,0.23836842235768851,0.622751277892128,65
chr10,5999386,-0.0014225806451612904,1.6809494186521667,0.19945375904607937,0.7001577742571977,66
chr10,5999909,-0.0012273139745916514,1.2123301347066853,0.2749318657676008,0.560774920669471,67
chr10,6014401,-0.0013721955128205136,1.7050602914730775,0.19596436265417666,0.7078229006326028,71
chr10,6015044,-0.0013721955128205136,1.7050602914730775,0.19596436265417666,0.7078229006326028,71
chr10,6017015,0.0013055797733217086,1.453550520867654,0.23226371562102924,0.6340186306490655,68
chr10,6017098,-0.0013055797733217086,1.453550520867654,0.23226371562102924,0.6340186306490655,68
chr10,6019543,-0.001490953947368422,1.9916186313208906,0.16273084796183768,0.7885301125227736,70
chr10,6019556,0.0014909539473684215,1.9916186313208906,0.16273084796183768,0.7885301125227736,70
chr10,6019557,-0.001490953947368422,1.9916186313208906,0.16273084796183768,0.7885301125227736,70
chr10,6019574,-0.001490953947368422,1.9916186313208906,0.16273084796183768,0.7885301125227736,70
chr10,6050473,-0.0013721955128205136,1.7050602914730775,0.19596436265417666,0.7078229006326028,71
chr10,6052633,-0.0013721955128205136,1.7050602914730775,0.19596436265417666,0.7078229006326028,71
chr10,6052905,0.0013721955128205136,1.7050602914730775,0.19596436265417666,0.7078229006326028,71
chr10,6055591,-0.0013721955128205136,1.7050602914730775,0.19596436265417666,0.7078229006326028,71
chr10,6059546,0.0013721955128205136,1.7050602914730775,0.19596436265417666,0.7078229006326028,71
chr10,6067357,-0.0013354011579818032,1.5653043240628088,0.21517764062754416,0.6672028587332349,70
chr10,6067383,-0.0013354011579818032,1.5653043240628088,0.21517764062754416,0.6672028587332349,70
chr10,6067433,-0.0013354011579818032,1.5653043240628088,0.21517764062754416,0.6672028587332349,70
chr10,6067769,-0.0013721955128205136,1.7050602914730775,0.19596436265417666,0.7078229006326028,71
chr10,6068082,-0.0012672697368421057,1.4338641903805849,0.2352923847475251,0.6283921285640869,70
chr10,6069835,0.0013574091332712024,1.4645583230464598,0.23065700671740388,0.6370333481986337,66
chr10,6070001,0.0013574091332712024,1.4645583230464598,0.23065700671740388,0.6370333481986337,66
chr10,6070035,0.0013574091332712024,1.4645583230464598,0.23065700671740388,0.6370333481986337,66
chr10,6103156,0.0012,1.1109462835727664,0.2959666575671691,0.5287572120836806,64
chr10,6104783,0.0011233653007846553,1.0863909632292632,0.30107521171411117,0.521324999581685,68
chr10,6104871,0.0011233653007846553,1.0863909632292632,0.30107521171411117,0.521324999581685,68
chr10,6104999,0.0010107526881720434,0.8666596373991973,0.3553265595302627,0.44937232916607645,67
chr10,6116852,0.0014120065789473687,1.7614998375970878,0.18887663764595866,0.7238217571068171,70
chr10,6116905,0.0014120065789473687,1.7614998375970878,0.18887663764595866,0.7238217571068171,70
chr10,6116960,-0.0014120065789473687,1.7614998375970878,0.18887663764595866,0.7238217571068171,70
chr10,6117432,0.0012672697368421052,1.4338641903805849,0.2352923847475251,0.6283921285640869,70
chr10,6117455,0.0012672697368421052,1.4338641903805849,0.2352923847475251,0.6283921285640869,70
chr10,6163575,-0.001065343258891646,0.9854067921131774,0.32438687600609606,0.4889367247242287,70
chr10,6163581,-0.001065343258891646,0.9854067921131774,0.32438687600609606,0.4889367247242287,70
chr10,6163737,-0.001065343258891646,0.9854067921131774,0.32438687600609606,0.4889367247242287,70
chr10,6210759,-0.0008973817567567568,0.6927656115576,0.4081822445213322,0.38914589054135656,69
chr10,6213739,0.0009747166521360069,0.7860863293047823,0.37850548374690896,0.42192782410639,68
chr10,6252115,0.000879239040529363,0.6787780158758383,0.4128881977963834,0.3841675310394686,70
chr10,6252135,-0.0009244482173174877,0.7324828086645548,0.39513006681203766,0.4032599220934581,69
chr10,6252165,0.000879239040529363,0.6787780158758383,0.4128881977963834,0.3841675310394686,70
chr10,6291245,-0.0009599099099099097,0.743732938940026,0.39163838192713096,0.4071147524094561,67
chr10,6317979,-0.0009629310344827586,0.7717997077535032,0.3828006476188215,0.417027336158928,69
chr10,6317984,-0.0009629310344827586,0.7717997077535032,0.3828006476188215,0.417027336158928,69
chr10,6318042,0.0009629310344827586,0.7717997077535032,0.3828006476188215,0.417027336158928,69
chr10,6340888,0.0008639930252833476,0.6216020366518945,0.43327537403670546,0.3632359941502475,68
chr10,6366095,-0.0014706368899917287,1.9027618893899716,0.17228919757556782,0.7637419516894872,70
chr10,6366096,-0.0014706368899917287,1.9027618893899716,0.17228919757556782,0.7637419516894872,70
chr10,6392737,-0.0015748440748440758,1.7854919101788767,0.18643977802936537,0.7294614227995204,63
chr10,6543122,-0.0017219512195121949,2.682903529212425,0.10598336533335474,0.9747622942715765,71
chr10,6603842,-0.0014645852749301028,1.7324840943062587,0.1927887207661913,0.7149183783807799,66
chr10,6663276,-0.0010591798695246972,0.909091612922525,0.3439429163917226,0.4635136305483413,66
chr10,6663336,-0.001100095785440613,0.9553797600375552,0.33209218062897095,0.47874135008565344,65
chr10,6742013,-0.0011692307692307692,1.1543630389376067,0.2864918497497264,0.542887728527543,69
chr10,6742183,-0.001062280701754386,0.9398430232455394,0.3358576041843926,0.47384481435074277,68
chr10,6756961,-0.0013291666666666669,1.5496398859584735,0.2174617598592186,0.6626171016621548,70
chr10,6757456,-0.001404471544715447,1.7618662960889762,0.18876713336023854,0.7240736193750027,71
chr10,6757577,-0.0013041666666666666,1.5000210528733358,0.22489398722131204,0.6480221557316107,70
chr10,6780230,0.0019080459770114949,3.101691673346341,0.0828427946469588,1.0817452588939742,68
chr10,6837543,0.0018898083623693387,3.0906013821455116,0.08331286501754011,1.079287930469298,69
chr10,6858320,0.0022293028322440084,3.7435046583441443,0.05781191453759422,1.237982648003459,61
chr10,6858425,-0.002280357142857142,4.754504964663952,0.0327919122015966,1.48423325748776,68
chr10,6858427,-0.002280357142857142,4.754504964663952,0.0327919122015966,1.48423325748776,68
chr10,6858430,-0.002280357142857142,4.754504964663952,0.0327919122015966,1.48423325748776,68
chr10,6858449,-0.0020248107653490334,3.634807308056446,0.060809676497476914,1.2160273069924328,70
chr10,6875755,0.0019681034482758623,3.3978417664980403,0.06970518570234441,1.1567349114552499,69
chr10,6906247,0.0009248452696728561,0.7196805277751441,0.399315031145573,0.39868434164459554,68
chr10,7019892,3.571428571428599e-05,0.0009282338297102184,0.9757941321870636,0.010641797790099376,63
chr10,7056854,0.0002939393939393941,0.07325032650380535,0.7875063934606092,0.10374591165469003,68
chr10,7056922,-0.00029393939393939413,0.07325032650380535,0.7875063934606092,0.10374591165469003,68
chr10,7113833,0.00046478296478296474,0.19089457836760057,0.6635574380876128,0.17812147827831254,70
chr10,7113880,0.00046478296478296474,0.19089457836760057,0.6635574380876128,0.17812147827831254,70
chr10,7118549,-0.0004174836601307185,0.1530536927026279,0.6968572320370583,0.1568561884579475,70
chr10,7118582,-0.0004174836601307185,0.1530536927026279,0.6968572320370583,0.1568561884579475,70
chr10,7137275,0.00018137254901960784,0.028965656722803636,0.865363709859146,0.06280132145343324,70
chr10,7162965,0.00018137254901960784,0.028965656722803636,0.865363709859146,0.06280132145343324,70
chr10,7163065,-0.00030524642289348175,0.08309909384546263,0.7740049039108421,0.11125628772192435,71
chr10,7172424,0.000691176470588235,0.42323658679610265,0.5175848726158079,0.2860184252208973,68
chr10,7172827,-0.0006899159663865543,0.4342870430622915,0.5121514160341671,0.2906016221757227,69
chr10,7187429,4.8387096774193425e-05,0.0019164430816404514,0.9652273700788729,0.015370371693118806,62
chr10,7189427,-0.0008923149905123341,0.6565234636138051,0.42084014856317065,0.3758828347580843,65
chr10,7238505,-0.0005392857142857139,0.21032990919523925,0.6481388185346085,0.18833196686576054,63
chr10,7259626,0.0010906862745098031,1.0673454837146101,0.3052062130346735,0.5154066297629957,70
chr10,7306930,-0.000459677419354839,0.16919532596760253,0.6821810477741737,0.16610035024880487,67
chr10,7433461,-0.0005431519699812383,0.22402771673919875,0.6375737513752817,0.19546957095248416,67
chr10,7433687,-0.0005877192982456142,0.2798535905731224,0.5985719281681967,0.22288365456485812,68
chr10,7433688,-0.0005877192982456142,0.2798535905731224,0.5985719281681967,0.22288365456485812,68
chr10,7433695,-0.000557692307692308,0.25848019721689963,0.612836195067781,0.21265559250404836,69
chr10,7433707,-0.0005877192982456142,0.2798535905731224,0.5985719281681967,0.22288365456485812,68
chr11,74260,0.002029761904761904,3.6149010338923744,0.06150233524860258,1.211108393715195,70
chr11,110261,-0.002036960132890365,3.728542501322453,0.05759952268228469,1.2395811154883989,71
chr11,113052,-0.002410869565217391,4.221284987150642,0.04421057966861723,1.35447379078896,63
chr11,116260,-0.001985627177700349,3.407937173855403,0.06930158007077052,1.1592568633940554,69
chr11,127137,0.002121951219512195,3.8171838332931483,0.05496971945118751,1.2598764795362176,68
chr11,127182,0.002121951219512195,3.8171838332931483,0.05496971945118751,1.2598764795362176,68
chr11,139566,-0.0020126156433978143,3.5898448676894295,0.06238643299934399,1.2049098448390616,70
chr11,218986,0.0017782051282051287,2.776279423726415,0.10033915273671258,0.9985295704731465,69
chr11,274654,8.999999999999983e-05,0.006021174996371696,0.9383951625620727,0.027614239679838965,65
chr11,274694,-8.99999999999998e-05,0.006021174996371696,0.9383951625620727,0.027614239679838965,65
chr11,287620,3.752436647173465e-05,0.0010678848498520538,0.9740342758681224,0.011425760207142206,65
chr11,304803,-0.00011743450767840984,0.010835126980421906,0.9174120779148319,0.03743554659205013,68
chr11,304820,-0.00011743450767840984,0.010835126980421906,0.9174120779148319,0.03743554659205013,68
chr11,310346,8.597883597883589e-05,0.006032145030772834,0.9383245166081199,0.027646936249630938,69
chr11,310485,0.00024404761904761891,0.05017458920509803,0.8234313932434909,0.08437257958711421,70
chr11,342933,-2.5696864111498216e-05,0.0005450564220111854,0.9814433186357908,0.008134777179130923,69
chr11,461985,0.00014991694352159432,0.019166389234298063,0.8902937772508478,0.050466662134431045,71
chr11,487161,1.3501742160278827e-05,0.0001505771190173568,0.9902458809942474,0.004256955402023181,69
chr11,499082,4.166666666666659e-05,0.0014681421524673994,0.9695477292008444,0.013430806473539093,70
chr11,499134,-4.166666666666659e-05,0.0014681421524673994,0.9695477292008444,0.013430806473539093,70
chr11,517277,-4.166666666666659e-05,0.0014681421524673994,0.9695477292008444,0.013430806473539093,70
chr11,525806,4.634146341463433e-05,0.0015845008602829475,0.9683718755731731,0.013957832262879773,66
chr11,530317,0.00026016260162601635,0.053897688177502415,0.8171330740701783,0.08770721075259619,68
chr11,534141,-0.00036742424242424245,0.11375204013782346,0.736936089718124,0.13257017440183846,71
chr11,540650,0.0003674242424242426,0.11375204013782346,0.736936089718124,0.13257017440183846,71
chr11,556009,0.000252368647717485,0.05245347382069171,0.8195351761543144,0.08643240087096547,70
chr11,559521,0.00011163227016885593,0.009965416686316932,0.920788980191814,0.03583988689186656,67
chr11,649078,-0.0010586046511627905,0.8937758173959344,0.3479044776666439,0.4585399816766676,68
chr11,649115,-0.0010586046511627905,0.8937758173959344,0.3479044776666439,0.4585399816766676,68
chr11,662743,0.0009423076923076923,0.7267587281354004,0.3969285164167543,0.4012876990833616,70
chr11,669403,0.0009041666666666665,0.5773385676792053,0.45023702996640735,0.34655878910287924,64
chr11,669470,0.0008114837398373985,0.4718579297839102,0.494654523798574,0.3056980147847438,65
chr11,710488,0.0011056201550387597,0.9160801065603664,0.3420527766793535,0.4659068797559447,67
chr11,745614,-0.00127536231884058,1.2987267603071984,0.25844437588302827,0.5876329142586915,70
chr11,753224,0.0013349999999999998,1.4168895085736242,0.23811660896040263,0.6232103109022072,69
chr11,764072,-0.0013186956521739127,1.445720273923884,0.23332595731533798,0.6320369436248904,71
chr11,767645,-0.0013186956521739127,1.445720273923884,0.23332595731533798,0.6320369436248904,71
chr11,779206,-0.0012506976744186043,1.281010653827838,0.2618067588381915,0.5820191458362908,68
chr11,779409,-0.0013236363636363636,1.4305431018809087,0.23589153194591847,0.627287649174469,69
chr11,825483,-0.0008649572649572646,0.6254401909066161,0.4317427793555171,0.36477491701997666,71
chr11,828259,-0.0009939534883720924,0.7664237366375191,0.38450065431587077,0.41510291681045575,68
chr11,836629,-0.0006316279069767441,0.31513842953556187,0.5764452529739217,0.23924193287986578,68
chr11,849287,-0.0008295454545454546,0.5194558017373577,0.4736190670121644,0.32457082205480625,68
chr11,849288,-0.0008295454545454546,0.5194558017373577,0.4736190670121644,0.32457082205480625,68
chr11,933290,0.0008919413919413919,0.6375781344255472,0.4274530941832545,0.3691115348656926,68
chr11,955218,-0.0010381818181818179,0.8593989354423973,0.35723444056919673,0.44704667792424707,69
chr11,958064,-0.0008125000000000003,0.5055189547977196,0.4795903467812881,0.3191295669864723,68
chr11,958129,-0.0008125000000000003,0.5055189547977196,0.4795903467812881,0.3191295669864723,68
chr11,958326,-0.0009097222222222226,0.6394820148238272,0.42672455346644056,0.3698523673863005,69
chr11,1064288,-0.0011236263736263735,1.0016892387423353,0.32055748195737477,0.49409408203128513,68
chr11,1100559,0.0005476190476190475,0.2545428814039052,0.6155253234193127,0.2107540749909333,70
chr11,1100615,0.0005476190476190475,0.2545428814039052,0.6155253234193127,0.2107540749909333,70
chr11,1189763,-0.0005625000000000002,0.2325740381197193,0.6312930943766086,0.1997689613308691,65
chr11,1189789,0.0006707317073170732,0.3342449103615911,0.5651989704149861,0.24779863794785523,66
chr11,1217604,0.0005731707317073173,0.27232293059796325,0.603498743858498,0.2193236295200546,69
chr11,1242489,0.0006186679174484052,0.2956704276501238,0.5884697378388335,0.23027586591745708,67
chr11,1242497,0.0006186679174484052,0.2956704276501238,0.5884697378388335,0.23027586591745708,67
chr11,1280216,0.0005250000000000002,0.23758642363293486,0.6275225355423135,0.20237067321595176,70
chr11,1280282,0.0005250000000000002,0.23758642363293486,0.6275225355423135,0.20237067321595176,70
chr11,1280361,0.0005250000000000002,0.23758642363293486,0.6275225355423135,0.20237067321595176,70
chr11,1290992,0.00046522556390977434,0.1655962038324788,0.6854134033934829,0.16404740710937274,66
chr11,1291000,0.00046522556390977434,0.1655962038324788,0.6854134033934829,0.16404740710937274,66
chr11,1296006,-0.0001607142857142858,0.021848906166326426,0.8829271776009835,0.05407511484854875,70
chr11,1348750,0.000602564102564103,0.30689500297972455,0.5814361135848454,0.2354979972585088,69
chr11,1356678,-0.0008125000000000002,0.47529319121410785,0.49321979556122975,0.3069595011548097,62
chr11,1538306,0.0007124999999999999,0.4341941058515033,0.5121632968800782,0.2905915475653423,70
chr11,1650678,0.00058974358974359,0.293789619179257,0.58960041448579,0.2294422198423086,69
chr11,1650745,0.00058974358974359,0.293789619179257,0.58960041448579,0.2294422198423086,69
chr11,1660636,0.00044327731092436975,0.13902831063812573,0.710562919810716,0.14839745958489373,62
chr11,1673245,0.0003964285714285716,0.12846055259524872,0.7211774557260557,0.14195785794353993,68
chr11,1674210,0.0004864864864864865,0.20247245206541575,0.654229623755757,0.18426979475341204,67
chr11,1742989,-0.0012008771929824563,1.2873815700605271,0.2606351404934603,0.5839670303212834,68
chr11,1825352,-0.0015263929618768329,1.8094056791114328,0.18347921001904113,0.7364131384174795,64
chr11,1849451,0.001916871416871417,3.3331335272307703,0.07228848845045069,1.1409308562392195,70
chr11,1849516,-0.001916871416871417,3.3331335272307703,0.07228848845045069,1.1409308562392195,70
chr11,1849565,-0.0017651515151515152,2.3980702351226633,0.12665798491477628,0.8973674257304178,63
chr11,1853774,-0.0018692185007974482,3.248549424145366,0.07585414944986256,1.1200206570145261,71
chr11,1853816,0.0018692185007974477,3.248549424145366,0.07585414944986256,1.1200206570145261,71
chr11,1870211,0.00197741935483871,3.173459505223533,0.07958853937984298,1.0991494654587706,66
chr11,1870330,0.00195625,3.206461319631414,0.07800450961437332,1.1078802890528003,67
chr11,1870334,0.00195625,3.206461319631414,0.07800450961437332,1.1078802890528003,67
chr11,1870365,0.000431623931623932,0.1588085338245882,0.6916704833418879,0.1601007572044456,62
chr11,1875144,0.002235690235690236,3.5667067896111764,0.06395325959063562,1.1941373153581223,60
chr11,1875149,0.002058441558441559,3.076790664256305,0.08460988278714224,1.0725789065916165,61
chr11,1880443,-0.0017352941176470577,2.7145391225956215,0.10405136421557305,0.9827522213878511,70
chr11,1898871,-0.0018005050505050502,2.8644951014052635,0.0951999035768715,1.021363491490041,69
chr11,1907197,-0.0014991830065359468,2.0968464284603874,0.15219854369252717,0.8175895030800666,70
chr11,1922638,0.0018529411764705882,3.0054727566860584,0.08765323833029237,1.057232034356303,68
chr11,1924721,0.001604017857142857,2.2598640509723724,0.13760907069001074,0.8613529380424986,67
chr11,1924859,0.001656277056277056,2.387234123053064,0.1271116624829729,0.8958146011404144,68
chr11,1964515,0.0015315656565656568,2.032850626012399,0.15857428121537645,0.7997672484936591,69
chr11,2020687,-0.001557142857142857,2.1854961749461683,0.14393350121420403,0.8418381101696215,70
chr11,2020824,-0.001557142857142857,2.1854961749461683,0.14393350121420403,0.8418381101696215,70
chr11,2027138,-0.0013098659003831419,1.4081603491525436,0.23981768557847977,0.6201187926052932,65
chr11,2027930,-0.001259808195292066,1.3539535051519505,0.2487775990376301,0.6041887278893207,68
chr11,2077425,0.0014223214285714286,1.6700652407768437,0.20082526236649886,0.6971816569837622,67
chr11,2109354,0.0012704433497536948,1.2839898400460232,0.26152140093224874,0.5824927659688486,64
chr11,2123934,-0.001292066259808195,1.465047051639653,0.23044576192154206,0.6374312744824543,68
chr11,2125065,0.001544444444444445,1.9075819829006389,0.17203568114337503,0.7643814686937641,66
chr11,2125408,0.0014194444444444447,1.6219012036240208,0.20743291886819856,0.6831223214843521,66
chr11,2131747,0.0015007949125596192,2.0664780680009343,0.1550885905825821,0.8094201507955896,71
chr11,2138878,-0.0016774509803921568,2.1698348343207514,0.14580026700426765,0.8362416806931202,64
chr11,2178990,0.0009565972222222219,0.7672624581809516,0.3842421526947447,0.41539499325221424,68
chr11,2179228,0.0010820707070707072,1.0003931793906582,0.3208140883195887,0.4937465682397744,69
chr11,2190081,-0.0010210651828298893,0.9413788449418556,0.3353123815506719,0.47455040976875057,71
chr11,2190428,-0.0010210651828298893,0.9413788449418556,0.3353123815506719,0.47455040976875057,71
chr11,2194872,0.0011209150326797381,1.1143058933360483,0.2948839339875626,0.530348888250565,70
chr11,2194920,0.0011186868686868692,1.0767820008875557,0.303149125027881,0.5183436809210533,69
chr11,2218582,-0.000830427201394943,0.5793339440766965,0.44928453300658255,0.34747853209808216,68
chr11,2263418,0.0008500000000000001,0.574060311783886,0.45143073069065054,0.34540888009409904,66
chr11,2263702,0.0010633445945945946,0.9615787629212198,0.33031714104107934,0.48106888902005956,69
chr11,2271023,-0.0011183456183456186,1.0993531535530923,0.29812049099630517,0.5256081721700495,70
chr11,2314466,-0.0004340909090909091,0.1470523170651667,0.7025824664546244,0.15330269259839116,69
chr11,2331465,0.0003749999999999996,0.11968428381080927,0.7304452426829777,0.13641233509171027,70
chr11,2354401,0.0004426829268292681,0.1711031587610425,0.680416116970733,0.1672254078334909,71
chr11,2355222,-0.00031609195402298876,0.08167294846691762,0.7759380013157349,0.11017297817755332,68
chr11,2374007,-0.00034285714285714285,0.09482994426486402,0.7590941615625969,0.11970434885997806,68
chr11,2397582,-0.0003099243061396132,0.08195438785957837,0.7755365239242873,0.11039774425236784,70
chr11,2456699,0.0004426829268292681,0.1711031587610425,0.680416116970733,0.1672254078334909,71
chr11,2472114,0.0004426829268292681,0.1711031587610425,0.680416116970733,0.1672254078334909,71
chr11,2516298,-0.0005249999999999995,0.23660664972937095,0.6282318288541123,0.20188006420377888,70
chr11,2538485,-0.00024358974358974365,0.04834009626686095,0.8266558408816611,0.08267526132426356,68
chr11,2538534,-0.00024358974358974365,0.04834009626686095,0.8266558408816611,0.08267526132426356,68
chr11,2538656,-0.0004426829268292681,0.1711031587610425,0.680416116970733,0.1672254078334909,71
chr11,2538684,-0.0004426829268292681,0.1711031587610425,0.680416116970733,0.1672254078334909,71
chr11,2540911,0.0005249999999999998,0.23660664972937095,0.6282318288541123,0.20188006420377888,70
chr11,2540932,0.0005249999999999998,0.23660664972937095,0.6282318288541123,0.20188006420377888,70
chr11,2571934,0.0002926829268292685,0.07331933912208281,0.7873839693849406,0.10381343140320895,70
chr11,2573265,0.0002926829268292685,0.07331933912208281,0.7873839693849406,0.10381343140320895,70
chr11,2573325,-0.0004426829268292681,0.1711031587610425,0.680416116970733,0.1672254078334909,71
chr11,2575587,0.0007748257839721254,0.5765605719892201,0.45032694250304317,0.34647206895897315,69
chr11,2575620,0.0007748257839721254,0.5765605719892201,0.45032694250304317,0.34647206895897315,69
chr11,2575642,0.0007748257839721254,0.5765605719892201,0.45032694250304317,0.34647206895897315,69
chr11,2603498,-0.0003610256410256407,0.0979382158292872,0.7553683262913625,0.12184122973523112,64
chr11,2669523,0.00042857142857142866,0.15327141813628226,0.6966526175551065,0.15698372676145322,70
chr11,2669623,-0.00042857142857142866,0.15327141813628226,0.6966526175551065,0.15698372676145322,70
chr11,2681835,-0.00011904761904761868,0.012036043459099057,0.9129681811218939,0.039544358286057714,69
chr11,2703900,0.0008134920634920636,0.5479468982839844,0.46174394990958,0.3355987862788377,69
chr11,2723345,-0.0008703703703703709,0.617986133769812,0.4345681748434127,0.3619420819639079,69
chr11,2761595,0.0007222222222222223,0.4311435549584137,0.5136773739712455,0.2893095632922949,69
chr11,2775059,0.0009250000000000001,0.6903994031248627,0.4090244126013882,0.3882507703748883,68
chr11,2775069,0.0009250000000000001,0.6903994031248627,0.4090244126013882,0.3882507703748883,68
chr11,2809658,0.0002670203359858532,0.06035571854877747,0.8066969623603213,0.09328957840181626,68
chr11,2809732,0.00014189189189189194,0.015802425198270728,0.900363612907565,0.04558206479632482,65
chr11,2809958,0.0006044973544973549,0.29457736699356435,0.5891030495786287,0.2298087290688912,69
chr11,2885555,0.0004135944700460828,0.11124099106707953,0.7399595407616524,0.13079202581540775,59
chr11,2972602,0.0007077526132404182,0.4163241623706978,0.5209804180089772,0.2831786001370774,69
chr11,2972927,-0.0008197865353037766,0.5845264862780486,0.4471503915251408,0.34954638464302257,71
chr11,2999701,-0.0008253484320557489,0.5587658214478874,0.4573734965384554,0.33972900510003573,69
chr11,3019582,0.00013202545068928968,0.012853310542102111,0.9101015979340623,0.040910123108339636,64
chr11,3026108,0.0009363711001642039,0.7645764576363925,0.38493348351214185,0.4146143100743279,71
chr11,3062704,-0.000991056910569106,0.866187704407507,0.3552577717231674,0.4494564125431595,71
chr11,3088159,-0.0007205128205128206,0.4381414752229242,0.5102911431670016,0.2921819694045482,69
chr11,3093799,-0.0001853448275862071,0.030370175229313952,0.8621784677771375,0.06440282750665205,69
chr11,3093834,-0.0001853448275862071,0.030370175229313952,0.8621784677771375,0.06440282750665205,69
chr11,3093890,-0.0001853448275862071,0.030370175229313952,0.8621784677771375,0.06440282750665205,69
chr11,3096203,-0.0006607142857142859,0.3299468809694283,0.5677358185572654,0.24585370519144362,65
chr11,3109557,-0.000593859649122807,0.29052304111522803,0.591699127761059,0.22789907092721012,68
chr11,3115027,0.0001853448275862071,0.030370175229313952,0.8621784677771375,0.06440282750665205,69
chr11,3133413,0.0006750000000000001,0.38976907291068813,0.5345098734255713,0.2720442681265983,70
chr11,3133459,0.0006750000000000001,0.38976907291068813,0.5345098734255713,0.2720442681265983,70
chr11,3154958,0.0005185676392572946,0.2200949592396152,0.6405136726250663,0.1934715952210244,68
chr11,3165498,-0.00018213969938107882,0.02858347170874446,0.8662614531639662,0.062351010373754324,68
chr11,3189774,-0.00014309210526315796,0.01790825105830655,0.8939388268817281,0.048692199388303437,70
chr11,3189790,-0.00014309210526315796,0.01790825105830655,0.8939388268817281,0.048692199388303437,70
chr11,3190112,-0.0002673611111111109,0.05830929942683672,0.8099370509983109,0.09154873354904094,68
chr11,3190204,0.0002673611111111109,0.05830929942683672,0.8099370509983109,0.09154873354904094,68
chr11,3192080,-0.00013412563667232618,0.01614749248235007,0.8992633957534353,0.04611308405327517,69
chr11,3192139,-0.00013412563667232618,0.01614749248235007,0.8992633957534353,0.04611308405327517,69
chr11,3248571,0.0008942831215970962,0.6807333806824869,0.4123520524016382,0.38473183947968415,67
chr11,3252766,0.0009999999999999996,0.8739798213482437,0.35316395206809237,0.4520236318692974,70
chr11,3252986,0.0010036297640653355,0.8242008636605423,0.36730844051499556,0.43496909172829923,67
chr11,3276503,0.0012166666666666665,1.2844479929392425,0.2610536888421926,0.5832701655733963,70
chr11,3276723,0.0010827586206896553,0.9944908763254472,0.32223531704978003,0.49182686255341757,69
chr11,3285586,0.0011714285714285713,1.0677831523917283,0.30539722204346936,0.5151349176943955,65
chr11,3300340,-0.0008586206896551724,0.6465209535594477,0.42420305277134784,0.37242621041403423,69
chr11,3326899,-0.0010923076923076926,1.0265039442111812,0.3146261373875941,0.5022052014467178,69
chr11,3459140,-0.0012000871839581515,1.208684035589037,0.27558703863734085,0.5597412119481961,68
chr11,3487624,0.0013067434210526317,1.5023340325048924,0.22454072500302677,0.6487048794264589,70
chr11,3501350,-0.0012053752535496958,1.0805583252362265,0.30267550615344313,0.5190227226602332,63
chr11,3567648,-0.001126945126945127,1.1336411858199582,0.2907661609023625,0.5364561376634283,70
chr11,3576630,-0.001238562091503267,1.3563220501628064,0.24824546925919933,0.6051186690911295,70
chr11,3576729,-0.001238562091503267,1.3563220501628064,0.24824546925919933,0.6051186690911295,70
chr11,3621692,-0.001194642857142857,1.169857958085808,0.28342691401637427,0.5475589118379985,67
chr11,3636123,0.001088709677419355,0.9308404542949793,0.33833359472037416,0.4706548769465717,65
chr11,3645521,0.0013812448812448815,1.6943810689541687,0.19741705302557067,0.7046153353795198,70
chr11,3648906,-0.0013078547297297293,1.47874443468938,0.2282381308990188,0.6416117978860573,69
chr11,3649043,0.001373737373737374,1.6301110247683805,0.20609512988185663,0.6859322706682672,69
chr11,3649173,0.0013257575757575756,1.4291606568628783,0.2362447809223917,0.6266377770690383,67
chr11,3674683,0.0013235294117647047,1.5522671282259635,0.21707662286445256,0.6633869435083601,70
chr11,3695430,-0.001261987794245858,1.3278263158256587,0.2533490536367352,0.5962807136393902,68
chr11,3699216,0.0013032591414944361,1.546902055692567,0.21780233977671115,0.6619374590767708,71
chr11,3713281,0.0014873054873054878,2.0115467162979446,0.16067290415775545,0.7940573563850943,70
chr11,3713541,-0.0013032591414944364,1.546902055692567,0.21780233977671115,0.6619374590767708,71
chr11,3772134,0.0010864045864045864,1.0431069592826958,0.3107198504259084,0.5076310008323951,70
chr11,3885345,0.0009617224880382772,0.8311684633103837,0.3651091104740929,0.437577330076125,71
chr11,3905366,0.0007842364532019705,0.4655474747076382,0.49758403547431784,0.30313356203233643,64
chr11,3908335,0.001131313131313131,1.108460065107101,0.2961992116416147,0.5284161017234941,69
chr11,3908387,0.001131313131313131,1.108460065107101,0.2961992116416147,0.5284161017234941,69
chr11,3936734,0.0013281249999999992,1.6852240600193251,0.19881916942193564,0.7015417448239495,67
chr11,3937210,-0.000734345351043643,0.41249769456517377,0.5230348488866613,0.2814693738956936,65
chr11,3948615,0.0009496314496314498,0.7888669859689574,0.3775739256673297,0.4229980046541349,70
chr11,3955604,0.0008956925675675672,0.6837859652205519,0.41122143068934003,0.3859242602880781,69
chr11,4149352,0.0006491935483870966,0.3353655778800843,0.5645181748086399,0.24832207129076098,67
chr11,4180702,0.00039756944444444426,0.13143479604021654,0.7181073880460243,0.14381060513313518,68
chr11,4195268,-0.0007812499999999999,0.5230905990385442,0.472043744299839,0.32601775342578637,69
chr11,4205176,-0.00045970394736842107,0.18528731853546046,0.6682294836739197,0.17507436629979908,70
chr11,4212609,0.0005937001594896327,0.31441124831281525,0.5768021251352722,0.23897314819705004,71
chr11,4212672,0.0005937001594896327,0.31441124831281525,0.5768021251352722,0.23897314819705004,71
chr11,4212800,0.0010574712643678162,0.8432678985960342,0.36214066861581473,0.44112270091162,62
chr11,4229938,0.0003743633276740238,0.1188776163305541,0.7313349957266517,0.13588364428759128,69
chr11,4229973,0.0003655913978494621,0.11639514739265157,0.7340295587584538,0.13428645105502876,70
chr11,4232813,0.00047707979626485564,0.19039528225646357,0.6639907005532729,0.17783800305168124,69
chr11,4241459,0.0003499999999999999,0.10321105909355802,0.7490097947225922,0.12551250303997247,69
chr11,4241468,0.0003587719298245614,0.10563116984925669,0.7462018954483944,0.1271436521301764,68
chr11,4241472,0.0003587719298245614,0.10563116984925669,0.7462018954483944,0.1271436521301764,68
chr11,4285758,0.0005126689189189188,0.22728514460690216,0.6350954663747463,0.19716098745846652,69
chr11,4413880,4.750204750204729e-05,0.0019529411463386462,0.9648808004510543,0.015526335261246886,70
chr11,4413910,4.750204750204729e-05,0.0019529411463386462,0.9648808004510543,0.015526335261246886,70
chr11,4423778,8.413078149920237e-05,0.0062854836609893576,0.9370385685349166,0.028242533170741147,71
chr11,4436913,5.838815789473705e-05,0.0029810966375698284,0.9566177002967367,0.019261587639171993,70
chr11,4441904,-0.00010549258936355698,0.009060091690596347,0.9244566788715775,0.03411343557873234,68
chr11,4457946,7.71578029642548e-05,0.004908075364056172,0.9443596097097914,0.024862595984749918,68
chr11,4466163,8.150337837837824e-05,0.005656558461340261,0.9402716684939625,0.026746649504684795,69
chr11,4466165,-8.15033783783784e-05,0.005656558461340261,0.9402716684939625,0.026746649504684795,69
chr11,4537073,-2.3946360153256145e-06,4.357908585158328e-06,0.9983409652578157,0.0007211079709400135,65
chr11,4551573,2.398989898989918e-05,0.0004893240189065339,0.9824174467643917,0.007703933492991355,69
chr11,4551629,2.398989898989918e-05,0.0004893240189065339,0.9824174467643917,0.007703933492991355,69
chr11,4653883,-0.00012162162162162128,0.012543956286843204,0.9111584338912007,0.04040610054378786,69
chr11,4677864,-7.44206773618537e-05,0.004456891697050978,0.946977726416265,0.02366023578898507,67
chr11,4678010,0.0002194922194922193,0.041721187604104724,0.8387622663658073,0.07636111549534572,70
chr11,4689997,-0.00023300573300573293,0.04698048751008043,0.8290522864530895,0.08141807861501259,70
chr11,4693417,-0.0001242203742203742,0.010995315393887845,0.9168320832560165,0.03771019758299684,63
chr11,4693472,-0.0001242203742203742,0.010995315393887845,0.9168320832560165,0.03771019758299684,63
chr11,4739356,-0.0007725694444444443,0.5017748986738841,0.48121568695703254,0.3176602237099304,68
chr11,4743104,0.0007133838383838384,0.43850717983280935,0.5101152555054977,0.2923316882649589,69
chr11,4764529,-0.0007428571428571429,0.48256314430284,0.48963039514019424,0.31013163001296934,70
chr11,4785199,-0.00035298935298935314,0.10957513847344359,0.7416462549856926,0.12980319194527346,70
chr11,4785370,0.0005012626262626261,0.2196687038753417,0.640813859864295,0.19326810366931058,69
chr11,4862236,8.658008658008547e-06,6.229196489337554e-05,0.9937265490391282,0.002733107133535711,68
chr11,4875585,0.00032352941176470553,0.09085682078730697,0.7640105498678318,0.1169006444115478,70
chr11,4878347,-0.00020966420966420977,0.03861755093499065,0.8447944117884995,0.07324896760553438,70
chr11,4962662,0.0005653907496012762,0.28502106313309344,0.5951447775057989,0.2253773730554863,71
chr11,4968364,0.000681003584229391,0.3766982323678269,0.541517678424335,0.26638736079893116,67
chr11,4994732,-0.00043092105263157896,0.16275754530600672,0.6878960901278018,0.1624771589916638,70
chr11,5059875,-0.0009887820512820519,0.8749432207952851,0.35285263752861296,0.45240663192166714,71
chr11,5059879,-0.0009887820512820519,0.8749432207952851,0.35285263752861296,0.45240663192166714,71
chr11,5076293,-0.0007873873873873871,0.5009414405286076,0.4816169671990054,0.3172982214364852,67
chr11,5076365,0.0007980943738656987,0.5110472546756282,0.4772456500494595,0.3212580213798185,67
chr11,5113881,-0.00023288288288288264,0.04434523479911923,0.8338713724860585,0.07890093560659406,67
chr11,5130062,0.00015862068965517262,0.020986383874803234,0.885250965343395,0.05293359098263755,69
chr11,5130122,0.00015862068965517262,0.020986383874803234,0.885250965343395,0.05293359098263755,69
chr11,5221012,0.002256334459459459,4.558050540597948,0.03642503750370683,1.4385999924023225,69
chr11,5342219,-0.0002877668308702791,0.071494111826675,0.7899712520056739,0.1023887129152201,71
chr11,5444277,-0.0009862903225806448,0.8648335438896526,0.3556317871015976,0.44899942783162383,71
chr11,5444280,-0.0009862903225806448,0.8648335438896526,0.3556317871015976,0.44899942783162383,71
chr11,5446927,0.0009862903225806448,0.8648335438896526,0.3556317871015976,0.44899942783162383,71
chr11,5505122,-0.0018359649122807024,3.0108542146640995,0.08737618034541068,1.0586069444189528,68
chr11,5505127,-0.0018359649122807024,3.0108542146640995,0.08737618034541068,1.0586069444189528,68
chr11,5562650,-0.0024692640692640703,5.4046088132072185,0.023169381423790443,1.6350855608505315,68
chr11,5909381,-0.0024119047619047605,5.612342949197849,0.02063854664367135,1.6853208887723992,71
chr11,6033412,0.0018688446969696963,2.8296964247232093,0.09748656784818725,1.0110552192889288,65
chr11,6095388,-0.00242563025210084,5.441691067092721,0.02267356002509678,1.6444802849960936,69
chr11,6096539,-0.0025498366013071887,6.1510749348258,0.015614621566165193,1.8064685368079618,70
chr11,6096671,-0.0024781399046104936,5.941518301933415,0.017369576347500852,1.7602107740794648,71
chr11,6096717,-0.0024781399046104936,5.941518301933415,0.017369576347500852,1.7602107740794648,71
chr11,6101380,0.0024064171122994663,5.090986353062339,0.027420618032783513,1.561922760881201,67
chr11,6227101,-0.001642857142857143,2.391109894121944,0.1267376887461221,0.8970942171567945,69
chr11,6266733,0.0016111111111111098,2.3640024316109387,0.128803718784177,0.8900715979689656,70
chr11,6282845,-0.0015808080808080804,2.2097744953211795,0.1418296054074766,0.8482331053794734,69
chr11,6344702,0.0016111111111111098,2.3640024316109387,0.128803718784177,0.8900715979689656,70
chr11,6394102,0.0016111111111111098,2.3640024316109387,0.128803718784177,0.8900715979689656,70
chr11,6394159,-0.0014539682539682537,1.9391391565131813,0.16823336504815442,0.7740878681141488,71
chr11,6420705,0.0015808080808080804,2.2097744953211795,0.1418296054074766,0.8482331053794734,69
chr11,6420816,0.0014199346405228748,1.7976928517297437,0.18445359141010437,0.7341128844089528,70
chr11,6420819,-0.0014199346405228755,1.7976928517297437,0.18445359141010437,0.7341128844089528,70
chr11,6420840,0.0014199346405228748,1.7976928517297437,0.18445359141010437,0.7341128844089528,70
chr11,6460693,-0.0016769162210338682,2.3865030091372046,0.12724223395025638,0.895368714731662,67
chr11,6468779,-0.0014539682539682537,1.9391391565131813,0.16823336504815442,0.7740878681141488,71
chr11,6470547,-0.0016714285714285709,2.4813073269663724,0.11991696572059866,0.9211193690479715,69
chr11,6478575,0.0015000000000000002,2.009725602890877,0.16085970653690748,0.793552727934347,70
chr11,6478621,-0.0015000000000000002,2.009725602890877,0.16085970653690748,0.793552727934347,70
chr11,6511102,-0.0014539682539682537,1.9391391565131813,0.16823336504815442,0.7740878681141488,71
chr11,6517246,0.0014605042016806727,1.9041656018352093,0.1722003975118026,0.7639658503447153,69
chr11,6612481,-0.0013823529411764706,1.6162160364494977,0.20808237672705507,0.681764700251101,68
chr11,6627416,-0.0015329861111111108,1.9807086398231597,0.1640080066286311,0.7851349498196495,68
chr11,6635834,-0.0012875816993464049,1.5140213067840562,0.22276603892986885,0.6521510174011981,70
chr11,6635860,-0.0012875816993464049,1.5140213067840562,0.22276603892986885,0.6521510174011981,70
chr11,6636014,-0.0015047619047619054,1.999013059860769,0.16210141976534564,0.7902131813664451,68
chr11,6636270,0.001485714285714286,1.9695577192926057,0.1650449185025318,0.7823978424350512,70
chr11,6644642,-0.0014605042016806722,1.9041656018352093,0.1722003975118026,0.7639658503447153,69
chr12,5440,-0.0018330170777988621,2.7116594629328925,0.10459715717130516,0.9804801189256551,65
chr12,6454,-0.0017815656565656564,2.8112090039813116,0.09826813693311678,1.0075872776646422,69
chr12,75435,0.0023256302521008393,5.009876106050833,0.028530679774812107,1.5446878806761586,69
chr12,92039,0.002442857142857143,5.605830279109107,0.020751718383469262,1.6829459349249523,70
chr12,109334,-0.0023535353535353537,5.096373959735721,0.027239728209783872,1.5647972300037447,69
chr12,115121,-0.002214285714285714,4.513846963383774,0.037314529144905524,1.4281220341738146,69
chr12,115247,0.002305194805194806,4.781448670136444,0.032317943333249464,1.4905562848851126,68
chr12,131191,-0.002405042016806722,5.3167204790908125,0.02422419008824716,1.6157507342394288,69
chr12,131207,-0.002405042016806722,5.3167204790908125,0.02422419008824716,1.6157507342394288,69
chr12,136149,-0.002523692810457514,6.0109916042133715,0.01679084485602459,1.7749274511473376,70
chr12,157088,0.0023775337837837834,5.184540528323018,0.0259877327631388,1.5852316078175088,69
chr12,157424,0.0022186147186147196,4.501370484857544,0.03762649430663495,1.4245062433917477,68
chr12,183084,-0.0023020833333333335,4.756025985101204,0.032764958651482136,1.4845903757757344,68
chr12,202162,-0.002281639928698752,4.547429345185501,0.03675085584214095,1.434732542751452,67
chr12,207735,-0.0026050420168067224,6.295844763967659,0.014526907275952017,1.8378268355267589,69
chr12,207753,-0.0026050420168067224,6.295844763967659,0.014526907275952017,1.8378268355267589,69
chr12,245873,-0.002619327731092437,6.389121666012202,0.01384702159477627,1.858643630502483,69
chr12,274706,-0.002365178571428571,4.84178745895935,0.031337613259436445,1.503934083417153,67
chr12,274771,0.0023651785714285715,4.841787458959358,0.031337613259436174,1.5039340834171568,67
chr12,288965,0.0024427927927927924,5.4645324151650705,0.02249597088598424,1.6478952587186169,67
chr12,299785,-0.002030081300813008,3.7863851936204496,0.055745278558215226,1.2537919100366886,71
chr12,302041,0.002030081300813008,3.7863851936204496,0.055745278558215226,1.2537919100366886,71
chr12,342453,0.0017076411960132893,2.5789795897543466,0.11285875223000799,0.9474647556131849,71
chr12,378092,0.0018008088978766434,2.4365991758996888,0.12346462771524315,0.9084574487885768,66
chr12,387645,0.0015367567567567567,1.7744831978364706,0.1878660989841669,0.7261515826053544,62
chr12,412124,0.0016410256410256405,2.217956952447031,0.1411767468797984,0.8502368297248657,68
chr12,424442,0.0018488675958188154,2.9486471155471206,0.09056907231157742,1.0430200806620784,69
chr12,424484,0.0018488675958188154,2.9486471155471206,0.09056907231157742,1.0430200806620784,69
chr12,471146,0.0016375661375661373,2.2653352387768027,0.13699757059943615,0.8632871341911412,69
chr12,484206,0.0015739534883720929,1.9974180054352062,0.16226653019604384,0.7897710504151069,68
chr12,484274,0.0015450336700336697,2.06828724905332,0.1549106130576378,0.8099188273377935,71
chr12,499058,0.0014624125874125873,1.7900663993487458,0.18537531228251095,0.731948104352195,70
chr12,517545,-0.001542328042328042,1.9659071338167597,0.1654991737547149,0.7812041700735419,69
chr12,539044,-0.0015449735449735446,2.0044405009971444,0.16147113934211701,0.7919050903269018,69
chr12,563350,-0.001118667917448405,0.9843539858890411,0.32480534490396495,0.4883768327461358,67
chr12,587614,0.0017233169129720859,2.6600981172822227,0.10745091426300164,0.9687898848939209,71
chr12,587637,0.0017233169129720859,2.6600981172822227,0.10745091426300164,0.9687898848939209,71
chr12,588126,0.0016563588850174215,2.322320155159969,0.13223618688712147,0.8786496824081598,69
chr12,609430,-0.0019029304029304027,2.9927887424624617,0.0883820047125488,1.053636151837726,67
chr12,609442,-0.0018881520778072502,3.0526748522385123,0.08525584523587748,1.0692758356004266,68
chr12,609551,0.0018535714285714284,2.905059130411763,0.09300580555101685,1.031489941337707,68
chr12,640130,-0.0014528455284552842,1.8887030998231267,0.1737957904729393,0.7599607468546361,71
chr12,671037,-0.0015051724137931037,1.9589704405280135,0.1662366688982375,0.779273172226795,69
chr12,709935,0.0017694444444444444,2.610446059992211,0.11108134539992331,0.9543588687829236,66
chr12,709980,0.001476351351351351,1.9078715421390897,0.17178931915118356,0.7650038415402917,69
chr12,729243,-0.0012186009538950717,1.3486590171195594,0.24951444507381695,0.6029043068171313,71
chr12,736539,-0.0011821895424836588,1.2360737223514133,0.2701444543267072,0.5684039434682256,70
chr12,736560,-0.0011821895424836588,1.2360737223514133,0.2701444543267072,0.5684039434682256,70
chr12,745562,-0.0010954391891891888,1.037377432825951,0.3120960221109885,0.5057117666959517,69
chr12,745585,-0.0010117698343504794,0.8614270534308757,0.3567216030099568,0.44767058905266743,68
chr12,754265,-0.0009646263910969795,0.8389562795175344,0.3628855971444922,0.44023026851699787,71
chr12,768948,0.0009646263910969797,0.8389562795175372,0.3628855971444922,0.44023026851699787,71
chr12,783624,-0.0008585858585858584,0.6318444650385685,0.42948640853464815,0.36705057523623197,69
chr12,783713,0.0008585858585858584,0.6318444650385685,0.42948640853464815,0.36705057523623197,69
chr12,786075,-0.0011053921568627441,1.0927265293707487,0.29956965406068475,0.5235021820990067,70
chr12,786131,0.0011053921568627443,1.0927265293707487,0.29956965406068475,0.5235021820990067,70
chr12,800527,0.0010978705978705982,1.0700544590325118,0.3045980163402815,0.5162729292838728,70
chr12,800698,0.001184742647058823,1.1304886640697496,0.2916665514169401,0.5351133733053384,66
chr12,805505,-0.0011452020202020203,1.1401057910110892,0.2894621965402271,0.538408146637773,69
chr12,805738,-0.0006245519713261647,0.3419077906378116,0.5607543243258595,0.2512273686168317,67
chr12,805816,-0.0006245519713261647,0.3419077906378116,0.5607543243258595,0.2512273686168317,67
chr12,805818,-0.0006245519713261647,0.3419077906378116,0.5607543243258595,0.2512273686168317,67
chr12,808150,-0.0008752122241086588,0.6494286152588964,0.4231680655428701,0.3734871138504999,69
chr12,866938,0.001052287581699346,0.973157906178516,0.32739103976373585,0.48493321079584406,70
chr12,885139,0.0010106209150326795,0.8989318501501665,0.3464256455979162,0.4603899650109521,70
chr12,907416,0.001299040976460331,1.4297378438288058,0.2360856473958033,0.6269304146420364,68
chr12,907420,0.0012958404074702888,1.4617784309409323,0.23089672816300344,0.6365822210491324,69
chr12,907458,-0.0010924831081081075,1.015810476035101,0.3171409850307475,0.49874762923591964,69
chr12,907468,-0.0010924831081081075,1.015810476035101,0.3171409850307475,0.49874762923591964,69
chr12,922017,-0.001102796052631579,1.063390045302935,0.3060971251057923,0.5141407493198614,70
chr12,922251,0.0011032695374800635,1.0980173267662336,0.29835831286022046,0.5252618573371347,71
chr12,931257,-0.0020299831081081075,3.7009295206388217,0.058631891570154644,1.2318660944689868,69
chr12,931479,-0.0020299831081081075,3.7009295206388217,0.058631891570154644,1.2318660944689868,69
chr12,953630,0.0018705929487179494,3.2372562787577674,0.07635369165714279,1.117169960211135,71
chr12,953780,0.0018705929487179494,3.2372562787577674,0.07635369165714279,1.117169960211135,71
chr12,996888,0.0020271381578947367,3.8082528044717274,0.05512123459119484,1.258681063775708,70
chr12,1021914,0.0017840517241379309,2.73997727458269,0.10254333012832756,0.9890925828106516,69
chr12,1021925,0.0017208333333333331,2.631270872471283,0.10940561770175795,0.9609603775068273,70
chr12,1021957,0.0017840517241379309,2.73997727458269,0.10254333012832756,0.9890925828106516,69
chr12,1022119,0.0015125000000000002,1.9917540052878724,0.1628544173905841,0.7882004567961538,68
chr12,1056051,-0.0017359022556390975,2.6042018470101524,0.11150108397936,0.9527209105174689,66
chr12,1059793,-0.002015843429636533,3.3000026781047067,0.07396295242742905,1.13098576115066,66
chr12,1059796,0.0020158434296365336,3.3000026781047067,0.07396295242742905,1.13098576115066,66
chr12,1113439,0.002203138622493461,4.354855746850254,0.0407699923284924,1.389659370267091,68
chr12,1119690,0.0012810867293625917,1.2992366974174083,0.2588826216724295,0.5868971019988154,62
chr12,1249060,0.002037480063795853,3.8942157485406135,0.05245910501218183,1.2801791230401072,71
chr12,1255945,0.0016749999999999998,2.2812018714285407,0.13587217080090508,0.8668694859109657,66
chr12,1255969,0.0016749999999999998,2.2812018714285407,0.13587217080090508,0.8668694859109657,66
chr12,1256033,0.0012590866728797762,1.3150096560949611,0.2557588188993101,0.5921693823146316,66
chr12,1256160,0.0012590866728797762,1.3150096560949611,0.2557588188993101,0.5921693823146316,66
chr12,1265552,0.0018271929824561406,2.8981123705041227,0.09338931243125574,1.0297028220323527,68
chr12,1280570,0.001747401247401248,2.21859030001241,0.1415100033830592,0.8492128586520202,63
chr12,1312291,0.001500424448217318,1.9626761363231857,0.16584221091958778,0.7803049210940285,69
chr12,1369970,0.001697767145135566,2.658039159407118,0.10758452671046291,0.9682501863600329,71
chr12,1373278,-0.0018038194444444443,2.840997094939901,0.09660999546734948,1.0149779382662556,68
chr12,1382346,-0.0018548387096774192,2.950192637431128,0.09062844637752551,1.0427354649530018,67
chr12,1397862,-0.0017072368421052636,2.6054333238266456,0.11112930425370521,0.954171404627522,70
chr12,1406833,0.002048387096774193,3.8919569384675143,0.05252574971543987,1.2796277400651825,71
chr12,1523543,-0.0020351307189542473,3.838582306717311,0.05418725374071912,1.2661028588690306,70
chr12,1565236,0.0018042929292929298,2.881781992958657,0.09422754662827702,1.0258221163175971,69
chr12,1581404,0.0019951612903225807,2.865267572691987,0.09578546540718078,1.0187003862487112,61
chr12,1594606,-0.00215887445887446,4.1544645082435485,0.04553537533271297,1.3416510793307137,68
chr12,1597864,-0.0018958664546899853,3.357551286450951,0.0712127654502672,1.1474421486709996,71
chr12,1602612,-0.0018800505050505052,3.118164466762819,0.08197982303456954,1.0862930235066224,69
chr12,1602709,-0.002022510822510823,3.576791947707901,0.06298198868641906,1.2007836304269692,68
chr12,1758897,-0.002043816543816545,3.858098536757091,0.05359534411242586,1.270872936316691,70
chr12,1771418,0.002098157051282052,4.1227374772959005,0.046166824594662016,1.335669995677182,71
chr12,1771508,0.002098157051282052,4.1227374772959005,0.046166824594662016,1.335669995677182,71
chr12,1794108,0.0023213399503722084,5.013661227582892,0.0284231636820435,1.5463275839319377,70
chr12,1845688,-0.002381081081081081,4.843368320253426,0.03131095895178397,1.504303631166521,67
chr12,1868449,0.002439503205128206,5.692982390921911,0.01978164834342662,1.7037375228183052,71
chr12,1874107,-0.0025541125541125535,4.879139998092923,0.031079344750302,1.5075281460592802,61
chr12,1902724,0.0026214285714285714,6.067230795538832,0.016428467440935006,1.7844029486154043,67
chr12,1939076,-0.0027206012378426167,6.7224788309954455,0.01171300402686617,1.9313317074060274,68
chr12,2000612,-0.002814538676607642,6.803574438065634,0.011310932487900053,1.9465015897999496,66
chr12,2000630,0.002814538676607642,6.803574438065634,0.011310932487900053,1.9465015897999496,66
chr12,2000906,-0.0026782258064516123,6.930683098987706,0.010447296024672556,1.9809960993634634,71
chr12,2142940,0.0026670673076923082,6.9160619929606515,0.010525052238799681,1.9777757399610691,71
chr12,2143049,0.0029219298245614037,8.017075275947096,0.006136567148359523,2.212074509225223,68
chr12,2143179,0.0029219298245614037,8.017075275947096,0.006136567148359523,2.212074509225223,68
chr12,2145654,0.002614143920595533,6.448373330940953,0.013397205483566724,1.8729857814586521,70
chr12,2145682,0.0026836993243243247,6.6416250917666195,0.01216965056995454,1.9147218915907427,69
chr12,2145688,0.0026670673076923082,6.9160619929606515,0.010525052238799681,1.9777757399610691,71
chr12,2145768,0.0026670673076923082,6.9160619929606515,0.010525052238799681,1.9777757399610691,71
chr12,2169995,0.0026319776714513556,6.753131330665716,0.011433893833124627,1.9418058446477386,71
chr12,2197846,0.0028517857142857147,7.326298661095328,0.008641334563468007,2.0634191801146797,68
chr12,2198956,0.002667948717948718,6.489679355729971,0.013151529595752345,1.8810237333823834,69
chr12,2235880,-0.002174390243902439,4.379210231003352,0.04005957913651992,1.3972936176896509,71
chr12,2236047,0.0020588730025231303,3.8282588201540624,0.05450321877470107,1.263577849011195,70
chr12,2248263,-0.0020601045296167256,3.699099207839606,0.05869270415788773,1.2314158807097313,69
chr12,2248406,-0.002174390243902439,4.379210231003352,0.04005957913651992,1.3972936176896509,71
chr12,2248412,-0.002174390243902439,4.379210231003352,0.04005957913651992,1.3972936176896509,71
chr12,2274965,0.0022615518744551,4.505443746411702,0.03754291087411686,1.4254720575655917,68
chr12,2277089,0.0020499999999999997,3.8305686806742396,0.054432349092362546,1.2641429227867973,70
chr12,2277240,0.0021629032258064507,4.367599847008995,0.040316405053328994,1.3945182001515095,71
chr12,2277276,0.0021629032258064507,4.367599847008995,0.040316405053328994,1.3945182001515095,71
chr12,2280156,0.0021999999999999997,4.375468421533682,0.040196823828302086,1.3958082615507859,70
chr12,2280199,0.0020844827586206896,3.8299681710141864,0.05451236501546898,1.2635049757252503,69
chr12,2304101,0.0021438746438746437,3.679690909375207,0.05954240543603248,1.2251736244005205,66
chr12,2304453,-0.0022236958443855,4.214253038636379,0.04405366130391315,1.356017991496923,68
chr12,2377865,-0.00217948717948718,4.3078246986992195,0.041779292201718374,1.37903892183517,69
chr12,2377890,-0.00217948717948718,4.3078246986992195,0.041779292201718374,1.37903892183517,69
chr12,2377935,-0.00217948717948718,4.3078246986992195,0.041779292201718374,1.37903892183517,69
chr12,2571527,0.0022359346642468235,4.274598477694739,0.042671633936954875,1.369860727278553,67
chr12,2598295,0.0022224137931034483,4.4398605623697796,0.038855914140615865,1.4105428691885602,69
chr12,2620331,-0.002092264678471575,3.5713767706521646,0.06331425907398643,1.1984984710289057,66
chr12,2620443,-0.0022072072072072068,4.07678530360498,0.04760431476293725,1.3223536818843498,67
chr12,2638623,-0.002058873002523129,3.828258820154056,0.05450321877470107,1.263577849011195,70
chr12,2651564,-0.002174390243902439,4.379210231003352,0.04005957913651992,1.3972936176896509,71
chr12,2662998,-0.002129629629629629,3.912869994196165,0.05203211978953472,1.2837284805782172,69
chr12,2665410,0.002221428571428571,4.319277854348884,0.041575195298984284,1.3811657020105002,68
chr12,2665455,-0.002221428571428571,4.319277854348884,0.041575195298984284,1.3811657020105002,68
chr12,2675424,0.0019435215946843852,3.3779578132661934,0.07037893331467306,1.1525573197551895,71
chr12,2688712,0.0022743902439024397,4.4831205291348395,0.03794654232261604,1.4208277907466547,69
chr12,2690436,0.0021896551724137924,4.398758571312412,0.03963112478686619,1.4019636016048151,71
chr12,2704060,-0.0020714285714285717,3.8329758713136735,0.05435859951177176,1.2647317409046746,70
chr12,2706399,-0.0020714285714285717,3.8329758713136735,0.05435859951177176,1.2647317409046746,70
chr12,2772608,-0.0018035714285714287,2.8666928401694385,0.09500741683649609,1.0222424898118732,70
chr12,2773642,0.0017887630662020905,2.7523017186588254,0.10178901212619952,0.9922991004915146,69
chr12,2873238,-0.002038461538461538,3.2656763240450233,0.07551909912920796,1.121943199397851,65
chr12,2891768,-0.0017991869918699186,2.9394600262496233,0.09092834243083363,1.0413007257685793,71
chr12,2896271,-0.001969301934398654,3.469150992125653,0.0668437764941345,1.1749390216118036,70
chr12,2919325,0.0016761984861227927,2.4901538602666182,0.11920156846909467,0.9237180300572646,70
chr12,2951709,0.0016761984861227927,2.4901538602666182,0.11920156846909467,0.9237180300572646,70
chr12,2993391,-0.001430555555555555,1.7669207610018551,0.18841044653340708,0.724895021150166,67
chr12,3049775,0.0016683209263854424,2.5089662753729143,0.11784026087485625,0.9287063047229176,70
chr12,3062785,-0.0017852564102564107,2.936343191107453,0.09109631109495935,1.0404992092349115,71
chr12,3062806,-0.0017852564102564107,2.936343191107453,0.09109631109495935,1.0404992092349115,71
chr12,3117328,0.0016837398373983738,2.560783370826794,0.11411340120345011,0.9426633500870577,71
chr12,3132706,-0.0019049513704686117,3.1334062349748097,0.08132176174269884,1.0897932214402348,68
chr12,3145745,-0.0021670040485829954,3.5456533180056304,0.06439496591022734,1.1911480823740976,64
chr12,3163757,0.0020283101045296173,3.6178098473858658,0.061464033632949576,1.2113789421751573,69
chr12,3164885,0.001972357723577236,3.5631601121472203,0.06328121148959868,1.1987252150633005,71
chr12,3164958,-0.001972357723577236,3.5631601121472203,0.06328121148959868,1.1987252150633005,71
chr12,3165129,-0.0021016483516483517,3.7877560805751167,0.05595399037081274,1.2521689362271635,67
chr12,3191445,-0.0020283101045296173,3.6178098473858658,0.061464033632949576,1.2113789421751573,69
chr12,3238555,-0.0015224867724867722,2.0640925680226765,0.15545805194973508,0.8083867787557169,69
chr12,3238567,-0.0015224867724867722,2.0640925680226765,0.15545805194973508,0.8083867787557169,69
chr12,3238568,-0.0015224867724867722,2.0640925680226765,0.15545805194973508,0.8083867787557169,69
chr12,3238640,-0.0019273399014778326,3.359723042593552,0.07112351281075201,1.147986801578757,71
chr12,3238641,-0.0019273399014778326,3.359723042593552,0.07112351281075201,1.147986801578757,71
chr12,3238657,-0.0019273399014778326,3.359723042593552,0.07112351281075201,1.147986801578757,71
chr12,3264554,-0.0019247266610597142,3.2695168230588276,0.07500032879777929,1.1249368326783238,70
chr12,3270359,-0.0019438153310104532,3.2190559630042044,0.07729728004311516,1.1118357878804996,69
chr12,3335792,-0.0014615740740740737,1.806338570479969,0.183620586815138,0.7360786290226009,67
chr12,3335872,0.0021388630009319667,3.7188674524299032,0.05823905663332957,1.234785668417848,66
chr12,3377918,0.0014973867595818814,1.993244926264671,0.1626295702249311,0.7888004856919741,69
chr12,3378802,0.0017473867595818814,2.6188322786432527,0.11030061510552532,0.9574220656541832,69
chr12,3385020,0.0019184981684981684,3.089384691659482,0.08351282695793628,1.0782468149448787,67
chr12,3404371,-0.0018569105691056906,3.139820446215848,0.08081712732741295,1.0924965907657482,71
chr12,3404546,-0.0018569105691056906,3.139820446215848,0.08081712732741295,1.0924965907657482,71
chr12,3404832,0.001735071488645921,2.675151166303799,0.10654656245464648,0.9724605575036143,70
chr12,3435553,-0.0014464285714285714,1.816452578222013,0.18220927434267445,0.7394295214720279,70
chr12,3449847,0.0014537037037037031,1.7685431218866972,0.18807220026803842,0.7256753945742644,69
chr12,3465252,-0.0011016260162601626,0.9301155361406642,0.33852038996579215,0.4704151675019182,65
chr12,3486211,0.0014372093023255813,1.736143490246403,0.19218385255549225,0.716283104912253,68
chr12,3542894,-0.0018201923076923074,2.5738109060392453,0.11356963942558125,0.9447377530634778,66
chr12,3564864,0.0015767195767195763,2.0711762453440983,0.15476139392936175,0.8103373672610559,69
chr12,3565032,0.0013239024390243898,1.3854730277176568,0.2435301367999789,0.6134472872786451,66
chr12,3565063,0.0012639024390243899,1.272452815025271,0.2635181182807117,0.5791895193553362,66
chr12,3596529,0.0011884259259259259,1.1835223772058758,0.2806575605640942,0.5518232539358857,67
chr12,3596638,0.0016253153910849461,2.2983099287781386,0.13414997783589844,0.8724093947456598,70
chr12,3636334,-0.002042293233082707,3.4393145185405656,0.06827017285271976,1.165768997560109,66
chr12,3636348,-0.002042293233082707,3.4393145185405656,0.06827017285271976,1.165768997560109,66
chr12,3636423,-0.001196551724137931,1.2895311073449045,0.260180277125249,0.5847256280677344,69
chr12,3687181,-0.0014447391688771,1.8244038189660512,0.181402930935815,0.74135570030256,68
chr12,3687254,-0.0014447391688771,1.8244038189660512,0.181402930935815,0.74135570030256,68
chr12,3692348,-0.0017973531844499584,2.882386397886096,0.09412556262826163,1.0262924148218502,70
chr12,3710963,-0.0014102564102564106,1.8207838421660931,0.1817622409727451,0.7404963314570943,69
chr12,3711190,-0.0017852564102564107,2.936343191107454,0.09109631109495935,1.0404992092349115,71
chr12,3722971,-0.0017649572649572653,2.2475417985117563,0.13907037091161317,0.8567653870477571,62
chr12,3726983,-0.0014914914914914913,1.7694176744163117,0.18832665648020766,0.7250882039190084,64
chr12,3750346,-0.0014102564102564106,1.8207838421660931,0.1817622409727451,0.7404963314570943,69
chr12,3750382,-0.0014605263157894737,1.9077522262966524,0.17187180939023305,0.764795350946839,68
chr12,3762270,-0.0016973684210526323,2.6161011218421084,0.11041395904987475,0.9569760175932106,70
chr12,3763050,-0.0015222222222222221,1.9678907320781194,0.165504584980275,0.7811899704438441,66
chr12,3769815,-0.0018030303030303041,2.952565143745502,0.09029176174843853,1.0443518730575885,70
chr12,3769842,-0.0018030303030303041,2.952565143745502,0.09029176174843853,1.0443518730575885,70
chr12,3770729,-0.0017656249999999994,2.763356986687507,0.10111764655334243,0.9951730468622337,69
chr12,3782211,-0.0018676470588235299,3.25366477768597,0.07562905888795432,1.121311303839133,71
chr12,3823049,0.0017575757575757581,2.8248433854769868,0.09740430114869415,1.0114218652579285,70
chr12,3835379,-0.0019261083743842367,2.8285774889848487,0.0976311458014554,1.0104116137686894,64
chr12,3836978,0.0017853535353535355,2.8370997538432454,0.09676379611905389,1.0142871022653177,69
chr12,3853822,0.002022268907563024,3.7705258453797352,0.05636960103380545,1.2489550389678186,69
chr12,3853845,0.002022268907563024,3.7705258453797352,0.05636960103380545,1.2489550389678186,69
chr12,3933116,0.0018120535714285714,2.8712517444079437,0.09496128906950235,1.0224533986030455,67
chr12,3959467,0.0021797385620915015,4.382742809624733,0.04003638139465518,1.3975451822254739,70
chr12,3964861,-0.002112987012987013,3.9329890070230413,0.05151132300244034,1.288097295677939,68
chr12,3967743,-0.002068627450980391,3.987182762844229,0.049852396250995884,1.3023139616537647,70
chr12,3985887,0.0024103535353535354,5.381810245665411,0.02340296074070882,1.6307291959226569,69
chr12,4099092,-0.0025785714285714283,6.185512555306735,0.01537688701958963,1.8131315765666638,69
chr12,4099167,0.0026666666666666666,6.197601570608615,0.01540183742966763,1.8124274650100272,66
chr12,4229905,0.0019918300653594756,3.680903536762546,0.05923809056235898,1.2273989486585224,70
chr12,4263188,-0.0022518382352941175,4.21556384944186,0.044146788717099324,1.3551008819656023,66
chr12,4266439,0.0021465371621621617,4.165296580160252,0.04520278690611409,1.3448347886258871,69
chr12,4315330,0.002101556101556102,4.112171253811396,0.046496268362905414,1.3325819007537039,70
chr12,4327609,0.0020745535714285714,3.982909000858023,0.05015782716497806,1.299661285389048,67
chr12,4347994,-0.0017344771241830056,2.7551259642801904,0.10154838896546552,0.9933269621553678,70
chr12,4356892,-0.0017499999999999998,2.649151648800182,0.10837022104957186,0.9650900407735143,68
chr12,4411361,-0.0018243464052287567,3.0114619395851565,0.08720770949798987,1.0594451200624522,70
chr12,4514240,-0.0016338383838383837,2.3251835135397103,0.13200196696232375,0.8794195973205232,69
chr12,4522634,0.0016411483253588514,2.4774501473333688,0.1200637720908039,0.9205880163650596,71
chr12,4522659,-0.001641148325358851,2.4774501473333688,0.1200637720908039,0.9205880163650596,71
chr12,4522751,-0.001529711375212224,2.042401657280285,0.15761398957383435,0.8024052378294441,69
chr12,4631309,-0.0009666385135135131,0.7946093466539947,0.37590011802795453,0.4249275379231088,69
chr12,4645193,0.0008353040540540541,0.5991440045941293,0.441627626127433,0.354943767028342,69
chr12,4685906,0.0008353040540540541,0.5991440045941293,0.441627626127433,0.354943767028342,69
chr12,4687230,0.0008229166666666667,0.5660498704796713,0.4545078771888318,0.342458585511327,68
chr12,4701363,0.0008979947689625111,0.6667355562816094,0.4171295922218291,0.3797289991189983,68
chr12,4702006,0.0009617224880382774,0.8311684633103837,0.3651091104740929,0.437577330076125,71
chr12,4739764,-0.0003387445887445889,0.07716768529225473,0.7821441438564456,0.106713202039076,61
chr12,4739849,-0.000535714285714286,0.19299559104899716,0.662067463808595,0.17909775426577246,60
chr12,4747492,0.0004974358974358977,0.2088080714667396,0.6491813707805931,0.18763395138935912,69
chr12,4815984,0.0008709677419354842,0.6392054436162962,0.42682409253763276,0.36975107434400956,69
chr12,4816018,-0.0008709677419354842,0.6392054436162962,0.42682409253763276,0.36975107434400956,69
chr12,4819675,0.0007918660287081342,0.561321207932518,0.4562750690746009,0.34077326048249673,71
chr12,4836721,0.0007122929380993902,0.4209906059302827,0.518694567704482,0.28508830035482746,68
chr12,4853201,0.0003655913978494634,0.11639514739265261,0.7340295587584538,0.13428645105502876,70
chr12,4856399,-0.0002648648648648652,0.05677895789611003,0.812410926814077,0.09022424402751467,67
chr12,4856487,-0.0002567049808429121,0.05178282285158053,0.820726456146431,0.08580156685307994,65
chr12,4856499,0.0003993476234855551,0.12620647272587324,0.7235663396273779,0.1405216447615199,66
chr12,4856509,0.0003993476234855551,0.12620647272587324,0.7235663396273779,0.1405216447615199,66
chr12,4857683,5.982905982906005e-05,0.0025589894950869474,0.9598230875591609,0.017808807769974736,62
chr12,4859261,0.0005052083333333341,0.22629207007834762,0.635789578680131,0.19668659494720625,71
chr12,4933046,-0.0003874643874643877,0.1180514348844432,0.7322837504532942,0.13532060285176892,66
chr12,4984659,0.00026600985221674915,0.06108277849774152,0.8055265799233085,0.09392012461339161,71
chr12,4984982,-0.0002199638663053302,0.038989179462122076,0.844076964674079,0.07361795170454359,68
chr12,4993056,0.00013324299909665797,0.014131532430743289,0.9057345845460637,0.0429990488513089,68
chr12,5216609,6.878306878306835e-05,0.0038858207693909528,0.9504805720133236,0.02205675576186169,69
chr12,5216622,6.878306878306835e-05,0.0038858207693909528,0.9504805720133236,0.02205675576186169,69
chr12,5295009,-0.0003621013133208254,0.10211188439641729,0.7503346552595445,0.1247449945861972,67
chr13,71168,0.001430743243243243,1.7619618837166966,0.18888538699622054,0.7238016397086046,69
chr13,551158,0.0005497354497354496,0.2180982803320485,0.6421842742454715,0.19234033360607225,62
chr13,584565,0.0007178571428571425,0.3702037797885804,0.5451522692027065,0.2634821758185237,63
chr13,584875,-0.0007242063492063492,0.3877302079898801,0.5357785531843069,0.27101467486392106,64
chr13,584998,-0.0008560975609756097,0.6442876400216032,0.4249186043855161,0.3716942536007985,71
chr13,585058,-0.0008741379310344831,0.6481574502201468,0.4236200672402063,0.37302347518101925,69
chr13,601362,-0.0009590570719602976,0.7984545227905163,0.3747074814746403,0.42630763562059787,70
chr13,601363,-0.0009590570719602976,0.7984545227905163,0.3747074814746403,0.42630763562059787,70
chr13,601488,0.0008497453310696099,0.6185783093660053,0.43434914186182627,0.3621610321803297,69
chr13,850012,0.0017508130081300816,2.7772443388767556,0.10014613476004595,0.999365808075622,71
chr13,981872,0.0016541666666666666,2.4460270876188135,0.12246497534298877,0.9119881006073519,70
chr13,1207404,0.0016458333333333327,2.3827527838683276,0.1273225278891314,0.8950947473884355,70
chr13,1234771,0.001646772767462423,2.298569057565435,0.13426843949699405,0.8720260585380902,68
chr13,1236527,-0.001358108108108108,1.503079404929608,0.22462139452784316,0.6485488808311242,67
chr13,1260422,-0.0015079575596816978,1.8937262215412385,0.17343375660497906,0.7608663689102156,68
chr13,1266572,0.0012417763157894738,1.353617616651422,0.24871299531055946,0.6043015221517797,70
chr13,1312018,-0.0012299679487179492,1.363298743474785,0.2469855552487788,0.6073284453605285,71
chr13,1332235,0.00148014888337469,1.933200077822638,0.1689429103955694,0.7722600284566257,70
chr13,1429348,-0.0014217830109335588,1.7577231154967603,0.18934538404457718,0.7227452778597867,70
chr13,1486599,0.0012577132486388386,1.3190491138789902,0.2549718401977558,0.5935077816132583,67
chr13,1505325,-0.0017977632805219017,2.635887476436062,0.10938943970837434,0.9610246021136419,66
chr13,1529670,0.0014630730050933787,1.8390379542388657,0.1796165948330785,0.7456535412127383,69
chr13,1535340,0.0017817604355716877,2.642038731364221,0.10890926115522011,0.9629351882185689,67
chr13,1618422,0.0015487804878048781,2.1544150271910203,0.1467044047206976,0.8335568465031699,71
chr13,1640488,-0.0016077586206896556,1.9883920270378077,0.16342727790440742,0.7866754529771892,65
chr13,1650724,-0.001764655172413793,2.7012669746744504,0.10495355164606392,0.9790028602336687,69
chr13,1669687,0.0016396551724137932,2.359156252211897,0.12925878804353202,0.8885399204269149,69
chr13,1755162,-0.0017477253928866834,2.763417295825966,0.10104538323189939,0.9954835246297731,70
chr13,1764229,-0.001639802631578948,2.4024869168334124,0.12578447843341467,0.9003729467016437,70
chr13,1811299,-0.0017635823429541597,2.7412590092914293,0.10246459113270757,0.9894261885833407,69
chr13,1812721,0.0018355263157894739,2.7906825330023817,0.09969774509805562,1.001314664181284,66
chr13,1824865,-0.0016134868421052641,2.3184266432605836,0.1324864208176867,0.8778286324151882,70
chr13,1855666,-0.0020443349753694585,3.3168587169368733,0.07339824191923165,1.1343143424534197,64
chr13,1894392,0.0022385964912280706,5.150614850254422,0.02651181150674754,1.5765605966537075,68
chr13,1910129,-0.0017477253928866834,2.763417295825966,0.10104538323189939,0.9954835246297731,70
chr13,1943811,-0.001556145004420867,2.0282697557821256,0.15910733056974172,0.7983098105944799,68
chr13,1944069,-0.0016208333333333333,2.3070851117878783,0.13342140011499995,0.8747745062030877,70
chr13,1957570,-0.002069767441860465,3.5994669231252256,0.06217442691346042,1.2063882091053741,68
chr13,1957621,0.002069767441860465,3.5994669231252256,0.06217442691346042,1.2063882091053741,68
chr13,1962967,-0.001903133903133903,2.9067783792300594,0.09305802770477296,1.0312461562516098,66
chr13,1962999,-0.001903133903133903,2.9067783792300594,0.09305802770477296,1.0312461562516098,66
chr13,1963017,-0.001903133903133903,2.9067783792300594,0.09305802770477296,1.0312461562516098,66
chr13,1997911,-0.002014880952380953,3.256922904908092,0.0758273757474359,1.1201739739241452,66
chr13,2003583,0.0021106719367588933,3.5399428733738922,0.06438694262158265,1.191202196651939,67
chr13,2010769,0.0014177740863787378,1.7573355490967038,0.18932951308372148,0.7227816820195472,71
chr13,2019982,0.0014166666666666668,1.7130800636880346,0.1949923361164858,0.709982457600189,70
chr13,2019985,-0.001417774086378738,1.7573355490967038,0.18932951308372148,0.7227816820195472,71
chr13,2031234,0.0013849206349206352,1.5787297100965632,0.2133070087417646,0.6709948744714992,69
chr13,2053160,-0.0014857549857549858,1.7931398963794651,0.18528076890439274,0.732169655652129,66
chr13,2053198,-0.0013078703703703705,1.3718886045461556,0.2457634651901203,0.6094826781852904,67
chr13,2053229,-0.0013078703703703705,1.3718886045461556,0.2457634651901203,0.6094826781852904,67
chr13,2056294,0.0015119047619047618,2.029444816318496,0.15878428096445923,0.7991924932709701,71
chr13,2056376,-0.0015119047619047618,2.029444816318496,0.15878428096445923,0.7991924932709701,71
chr13,2106333,0.0017083333333333328,2.5608328399357156,0.11417702146771043,0.9424212906077553,70
chr13,2223128,0.0018082010582010585,2.7814581649149126,0.10002904691911849,0.9998738691507817,69
chr13,2228855,0.0015243902439024393,2.013551980845035,0.16046750383107883,0.7946129030456933,70
chr13,2228927,0.0015243902439024393,2.013551980845035,0.16046750383107883,0.7946129030456933,70
chr13,2235680,0.0017083333333333328,2.5608328399357156,0.11417702146771043,0.9424212906077553,70
chr13,2261365,0.0015119047619047618,2.029444816318496,0.15878428096445923,0.7991924932709701,71
chr13,2275533,-0.0017156084656084658,2.4894664723268396,0.1193207506590746,0.9232840231102731,69
chr13,2281900,0.0013928571428571425,1.675512656091797,0.1999003225037844,0.6991865052240492,70
chr13,2286044,0.001572898032200358,2.072374420761012,0.15464391473132016,0.8106671648984691,69
chr13,2307365,-0.001476513098464319,1.782684858829019,0.18640702539452908,0.7295377237814956,68
chr13,2343353,0.001476744186046512,1.9106953148482275,0.17134427938865812,0.7661303906295729,71
chr13,2343469,0.001476744186046512,1.9106953148482275,0.17134427938865812,0.7661303906295729,71
chr13,2343494,0.001476744186046512,1.9106953148482275,0.17134427938865812,0.7661303906295729,71
chr13,2343570,0.0014761904761904762,1.864089855589232,0.17665338943329473,0.752878025378556,70
chr13,2353803,0.001691798941798942,2.417134107678607,0.12472563119006634,0.9040442895802481,69
chr13,2388394,0.0016804478897502152,2.4421940803262,0.12275318498238752,0.910967230754232,70
chr13,2388526,0.0015965608465608467,2.173450626044893,0.14509428653542494,0.8383496886993502,69
chr13,2388571,0.0015965608465608467,2.173450626044893,0.14509428653542494,0.8383496886993502,69
chr13,2400414,0.001476744186046512,1.9106953148482275,0.17134427938865812,0.7661303906295729,71
chr13,2484313,-0.0013888888888888894,1.602888343276482,0.20987882665139576,0.6780313724337167,69
chr13,2594343,0.0013851976450799,1.6810673715473934,0.1991654085264835,0.7007860885558796,70
chr13,2618423,0.0014,1.6164443472556314,0.20805064308868465,0.6818309374560593,68
chr13,2618494,0.0014,1.6164443472556314,0.20805064308868465,0.6818309374560593,68
chr13,2620340,0.0013114035087719304,1.1735189356888633,0.2830135603909427,0.5481927550698152,62
chr13,2649396,0.0012024390243902442,1.28269171904779,0.2613194927650636,0.5828281934699324,71
chr13,2649512,0.0013851976450799,1.6810673715473934,0.1991654085264835,0.7007860885558796,70
chr13,2689989,0.00039038461538461574,0.11544998764681769,0.7351353035629604,0.13363272053099962,66
chr13,2692911,-0.0008014311270125227,0.5259760656304496,0.47082904464826114,0.327136754109413,69
chr13,2698364,-0.0006492673992673994,0.3314606116312956,0.5667582182708022,0.24660217367381757,68
chr13,2704295,0.0010898926654740611,0.9783912620094091,0.3261550958722709,0.48657583163814006,69
chr13,2704343,0.0010898926654740611,0.9783912620094091,0.3261550958722709,0.48657583163814006,69
chr13,2716281,0.0006044973544973548,0.2978849480923737,0.5870240955936188,0.23134407188939768,69
chr13,2773035,-0.0004791666666666669,0.17872192368655118,0.67382767183137,0.17145115797807892,69
chr13,2784248,0.0007083333333333337,0.39983673109777,0.52932560177384,0.27627710007596573,69
chr13,2856837,0.0004800000000000003,0.1868963849902667,0.6668802805875693,0.17595212432466897,70
chr13,2857094,0.0003333333333333337,0.08732580999033318,0.7685186536069304,0.11434558677160059,69
chr13,2879471,-0.0005416666666666671,0.22877304803095924,0.6339921493869995,0.1979161198769661,69
chr13,2879484,-0.0005416666666666671,0.22877304803095924,0.6339921493869995,0.1979161198769661,69
chr13,2879499,-0.0005416666666666671,0.22877304803095924,0.6339921493869995,0.1979161198769661,69
chr13,2883567,0.00045995670995671,0.14419088451204623,0.7054473577625976,0.1515353888355243,64
chr13,2888710,-0.0002200000000000003,0.03866428299924386,0.8447017516420678,0.07329660522815701,70
chr13,2905567,0.0006961382113821141,0.3547873110009039,0.5535494549600555,0.25684357251464096,65
chr13,2928789,0.00029982517482517537,0.07287678692641186,0.7880109118998553,0.10346776862074566,70
chr13,2928941,0.0004913636363636369,0.19145287118087012,0.6631174094003003,0.17840957002611124,69
chr13,3003815,1.3333333333333679e-05,0.00014381520592012383,0.9904668749652281,0.004160044366094009,70
chr13,3003831,1.3333333333333679e-05,0.00014381520592012383,0.9904668749652281,0.004160044366094009,70
chr13,3004021,-0.00016666666666666634,0.02302077772758975,0.8798458068788202,0.055593431360247386,71
chr13,3004070,0.00016666666666666634,0.02302077772758975,0.8798458068788202,0.055593431360247386,71
chr13,3044960,0.0001630434782608693,0.021653730776717096,0.8834411205040966,0.05382239000812512,71
chr13,3045099,-2.445652173913082e-05,0.0004748269722065581,0.9826788682471931,0.007588383016168338,70
chr13,3095611,-0.0004285714285714286,0.12791818813464959,0.7217591319557031,0.14160771256275093,67
chr13,3167933,-8.464384828862134e-05,0.005496887011040441,0.9411158671349343,0.026356904352166054,70
chr13,3167952,-8.464384828862134e-05,0.005496887011040441,0.9411158671349343,0.026356904352166054,70
chr13,3325554,-8.391304347826077e-05,0.005734355808377636,0.9398565972016104,0.02693840575672629,71
chr13,3460459,-8.391304347826077e-05,0.005734355808377636,0.9398565972016104,0.02693840575672629,71
chr13,3460463,-9.333333333333372e-05,0.006937966417910568,0.9338621264220797,0.029717237425141468,70
chr13,3460471,-8.391304347826077e-05,0.005734355808377636,0.9398565972016104,0.02693840575672629,71
chr13,3465159,-8.222222222222242e-05,0.005383699325262031,0.9417241543775808,0.026076290174576716,70
chr13,3484682,-0.0002717391304347825,0.05620541316850893,0.8133206029804505,0.08973822604316022,69
chr13,3552021,-0.00010598290598290579,0.009306959905825092,0.9234249054773506,0.034598416371926496,71
chr13,3572567,0.0001206293706293704,0.011787916682672078,0.9138615750270571,0.03911958299125693,70
chr13,3572639,-0.00014057239057239034,0.016626961853076893,0.8977758390483411,0.04683208651420013,71
chr13,3572653,0.00014057239057239045,0.016626961853077295,0.8977758390483411,0.04683208651420013,71
chr13,3639621,0.0001590909090909089,0.020502625780693465,0.8865656570306043,0.05228909601319917,70
chr13,3653353,0.00027075098814229243,0.05354273011461629,0.8177363579977655,0.08738669232155205,67
chr13,3663411,6.26118067978533e-05,0.0031854487536589512,0.9551594456365802,0.01992412519098696,69
chr13,3663433,-6.26118067978533e-05,0.0031854487536589512,0.9551594456365802,0.01992412519098696,69
chr13,3663462,0.0002321274763135228,0.04481036044804617,0.8329863015552424,0.0793621404994375,70
chr13,3683170,0.0006977777777777778,0.39617180684316383,0.5311820090932278,0.27475664275873535,70
chr13,3683192,0.0005008547008547008,0.20845445906398477,0.6494154961655978,0.18747735257648535,71
chr13,3683208,0.0005008547008547008,0.20845445906398477,0.6494154961655978,0.18747735257648535,71
chr13,3774040,-0.0007857744107744107,0.5233419067354362,0.47186496667283406,0.3261822653895427,71
chr13,3803491,-0.0004715909090909089,0.16968324356479852,0.6817282757144134,0.16638869260551536,68
chr13,3820197,-0.0005533216783216783,0.2527940284357953,0.6167391169773816,0.20989850536213536,70
chr13,3837640,0.00037409090909090904,0.10934161665950717,0.741926808335509,0.12963893610082672,69
chr13,3888423,0.0004130036630036632,0.13213597855707618,0.7173893598678069,0.14424506895495934,68
chr13,3888880,0.0002857142857142857,0.06850576521978632,0.7943161271354154,0.1000066198063708,70
chr13,3916175,0.0004615384615384615,0.1599717862810789,0.6905354162024395,0.1608140424049002,65
chr13,3925259,-0.00033118001722652905,0.09030369537214056,0.7647082609199172,0.11650421822932934,70
chr13,3978697,-0.0004776422764227642,0.16503286498106723,0.685941173945392,0.1637131276261393,65
chr13,4011248,-0.0016488095238095242,2.3793511198870902,0.12758980054868804,0.8941840414649105,70
chr13,4011408,0.0016785714285714281,2.1574268871020945,0.14702049332650052,0.8326221243110974,63
chr13,4015161,-0.0013250000000000002,1.5255168594962114,0.22103711021240668,0.6555348059191307,70
chr13,4015197,-0.0013250000000000002,1.5255168594962114,0.22103711021240668,0.6555348059191307,70
chr13,4022758,-0.001473076923076923,1.8672272744918514,0.17636146054258567,0.7535963132083878,69
chr13,4043814,0.0015374887082204157,1.938000664026201,0.16855906748758212,0.7732478800228657,68
chr13,4043853,0.0015374887082204157,1.938000664026201,0.16855906748758212,0.7732478800228657,68
chr13,4043893,0.0015374887082204157,1.938000664026201,0.16855906748758212,0.7732478800228657,68
chr13,4043927,-0.0013384146341463422,1.489634305813115,0.22655141426521092,0.6448332223585101,69
chr13,4043946,-0.0013384146341463422,1.489634305813115,0.22655141426521092,0.6448332223585101,69
chr13,4046532,-0.0013961538461538464,1.6845711964252186,0.19876869194449337,0.7016520202732854,69
chr13,4069440,-0.0010297619047619046,0.9073862129078712,0.34418268402063557,0.4632109830016505,70
chr13,4069451,-0.0011621510673234816,1.1848364876258046,0.28016094575586126,0.5525924051846065,71
chr13,4069459,-0.0011621510673234816,1.1848364876258046,0.28016094575586126,0.5525924051846065,71
chr13,4069586,-0.0012208994708994708,1.2553873558075146,0.2665262328687793,0.574260039059665,69
chr13,4076420,-0.0013690476190476187,1.5634793587806906,0.21550595675865925,0.6665407210871837,69
chr13,4076424,0.0013690476190476185,1.5634793587806906,0.21550595675865925,0.6665407210871837,69
chr13,4162820,0.0014267399267399268,1.6391837523831196,0.20491900001450802,0.6884177721068462,68
chr13,4176128,0.0011621510673234816,1.1848364876258046,0.28016094575586126,0.5525924051846065,71
chr13,4176522,0.001136904761904762,1.0947833896382706,0.2991188608440467,0.5241562018057176,70
chr13,4241919,-0.0010722679200940066,0.9000714461304363,0.3466989491873883,0.4600474746482193,60
chr13,4262731,0.0018937728937728935,2.9812026532071005,0.08898685547737648,1.0506741395937262,67
chr13,4263086,-0.0015405172413793103,2.0117622273297084,0.16071873450900742,0.7939334958586046,69
chr13,4296062,0.0011184210526315789,0.933176525939563,0.33779193538434427,0.47135072320754084,64
chr13,4373950,-0.0014949537426408753,1.9343472867052938,0.16881828389898423,0.7725805188097888,70
chr13,4387151,0.0015624999999999994,2.1578146059847447,0.14645753738835154,0.8342882725864509,70
chr13,4408931,0.0018914835164835163,2.9939862962783543,0.0883197469203016,1.0539421840812935,67
chr13,4409022,0.0018076225045372048,2.732302190502562,0.10315998451577361,0.9864887317213294,67
chr13,4414724,0.001650126156433979,2.4105656595069545,0.12516092390600117,0.9025312396629716,70
chr13,4418340,-0.0017,2.4201758356043026,0.12456403185745953,0.9046073430771551,68
chr13,4418362,-0.0017129310344827584,2.545740112209443,0.11529864561143757,0.9381757942398522,69
chr13,4418620,-0.0017129310344827584,2.545740112209443,0.11529864561143757,0.9381757942398522,69
chr13,4418626,0.0017129310344827584,2.545740112209443,0.11529864561143757,0.9381757942398522,69
chr13,4425451,0.0014604709840201856,1.844853630382192,0.1788725323255715,0.7474563445936198,70
chr13,4425547,0.0014621951219512196,1.9137667095185238,0.17100513853115837,0.7669908393025968,71
chr13,4437942,-0.0020624999999999997,3.8800990092784526,0.052936480108680704,1.2762449395023405,70
chr13,4438231,-0.0021192307692307695,4.008116422815369,0.04933246507132744,1.30686718293382,69
chr13,4438306,-0.002192105263157895,4.202699540404184,0.04433588213461741,1.3532446461169072,68
chr13,4438319,0.002192105263157895,4.202699540404184,0.04433588213461741,1.3532446461169072,68
chr13,4452719,-0.001931519699812383,2.994780217624588,0.08827849976074215,1.0541450560174905,67
chr13,4464373,-0.0019751461988304093,3.0693599764568167,0.08464704471302449,1.0723881998377451,65
chr13,4490794,-0.0017335140018066848,2.4435242136374757,0.1227933991140366,0.9108249785156994,68
chr13,4491001,-0.001950750469043152,3.054961685641618,0.08521310305006957,1.0694936194961626,67
chr13,4499720,0.0018902777777777776,2.89676401784923,0.09353630269976013,1.0290198008678297,67
chr13,4503506,0.0018267451640033646,2.9780131132730467,0.08894462980293956,1.0508802681236822,70
chr13,4525321,0.0018532229965156793,2.959320285906584,0.08999982632548702,1.0457583286268464,69
chr13,4541278,-0.0019413793103448273,3.3356073408758156,0.07225085467673274,1.1411570111431317,69
chr13,4552120,0.0017663793103448277,2.727969894086237,0.10328425702228929,0.9859658702460083,69
chr13,4592071,-0.0017735042735042732,2.4571518759903377,0.12192219295681414,0.9139172344848037,66
chr13,4592077,0.001773504273504273,2.4571518759903377,0.12192219295681414,0.9139172344848037,66
chr13,4606819,-0.0016625000000000001,2.431790628670624,0.12353931561212116,0.9081948089130292,70
chr13,4610206,-0.0019,3.04834144012209,0.08547288561193027,1.068171633771251,68
chr13,4621961,0.0018267451640033646,2.9780131132730467,0.08894462980293956,1.0508802681236822,70
chr13,4672037,-0.0016353658536585364,2.4106870927238977,0.12508447138099318,0.9027966024740113,71
chr13,4744599,0.0011710304054054056,1.1779428640425187,0.28166493657176533,0.5502672133663361,69
chr13,4752602,-0.001239309210526316,1.3489397052387337,0.24952427681209585,0.6028871944388915,70
chr13,4800644,-0.0012236842105263163,1.3156211727204103,0.25539924957609383,0.5927803831314928,70
chr13,4800651,-0.0012236842105263163,1.3156211727204103,0.25539924957609383,0.5927803831314928,70
chr13,4810727,-0.001432291666666667,1.7482297039857022,0.19066348582166429,0.7197324712148659,68
chr13,4819226,-0.0012082670906200326,1.3254449409473452,0.2535910306540549,0.5958661112253884,71
chr13,4845239,0.0017747747747747754,3.007123563532437,0.0874308570493911,1.0583352643772836,70
chr13,4854157,-0.0013823529411764695,1.7245264245532113,0.19352559046747186,0.7132615987899042,70
chr13,4886857,0.0018103616813294234,2.5862821293678335,0.11287404297300921,0.9474059189225409,64
chr13,4886878,0.0018103616813294234,2.5862821293678335,0.11287404297300921,0.9474059189225409,64
chr13,4896917,0.0016336805555555553,2.2568682686734522,0.1377925840586456,0.8607741553534672,68
chr13,4900876,-0.001496638655462185,1.9599474008589817,0.16613256882401445,0.7795452196015097,69
chr13,4929231,0.0015290404040404044,2.0357459947985115,0.15828245622423945,0.80056721897995,69
chr13,4929289,0.0013660714285714287,1.5491073710179266,0.21773630491339496,0.6620691515330929,67
chr13,4929303,0.0013660714285714287,1.5491073710179266,0.21773630491339496,0.6620691515330929,67
chr13,4929313,0.0013660714285714287,1.5491073710179266,0.21773630491339496,0.6620691515330929,67
chr13,4929339,0.0013660714285714287,1.5491073710179266,0.21773630491339496,0.6620691515330929,67
chr13,4966850,0.001163025210084034,1.1906132486764462,0.2791143796916635,0.5542177885207936,69
chr13,5005857,-0.001151828298887123,1.2024050429935305,0.27665385696327305,0.5580632707012658,71
chr13,5005864,0.0011518282988871229,1.2024050429935267,0.27665385696327305,0.5580632707012658,71
chr13,5005895,0.0012753267973856204,1.4555579571277362,0.23181884711906117,0.6348512583333102,70
chr13,5005987,0.0012753267973856204,1.4555579571277362,0.23181884711906117,0.6348512583333102,70
chr13,5009615,-0.001151828298887123,1.2024050429935305,0.27665385696327305,0.5580632707012658,71
chr13,5009651,0.0011518282988871229,1.2024050429935267,0.27665385696327305,0.5580632707012658,71
chr13,5009704,-0.0010392156862745092,0.964007191748414,0.3296598080523031,0.48193399858059344,70
chr13,5092346,-0.0010891544117647063,0.9507032162875522,0.33321146149837744,0.4772800685500936,66
chr13,5101138,-0.001075757575757576,1.0033127189892415,0.3201141816400718,0.49469508539476836,69
chr13,5107433,0.0011518282988871229,1.2024050429935267,0.27665385696327305,0.5580632707012658,71
chr13,5107528,0.0011518282988871229,1.2024050429935267,0.27665385696327305,0.5580632707012658,71
chr13,5107587,0.0011518282988871229,1.2024050429935267,0.27665385696327305,0.5580632707012658,71
chr13,5107595,0.001219771241830065,1.3174590648786018,0.25507069938703153,0.5933394270247941,70
chr13,5127678,-0.0014928209459459459,2.037324184422455,0.15812365251224858,0.8010031624065154,69
chr13,5127687,-0.0014928209459459459,2.037324184422455,0.15812365251224858,0.8010031624065154,69
chr13,5127728,-0.0014928209459459459,2.037324184422455,0.15812365251224858,0.8010031624065154,69
chr13,5142252,0.0012709956709956712,1.3504110946253647,0.249391343240976,0.603118625628627,68
chr13,5142814,0.0009121212121212127,0.7121613947900234,0.4017756075635749,0.39601643349644866,68
chr13,5166714,-0.0015295138888888886,2.0851091542890696,0.1534720113615915,0.8139708151022957,68
chr13,5173230,-0.0010651105651105657,1.0075078987218555,0.3190591159540293,0.49612884247874844,70
chr13,5184373,0.0010823888404533567,0.9798797298021549,0.3258437808102652,0.48699056371413707,68
chr13,5186059,-0.0011614832535885161,1.2190486878527111,0.27338297700015607,0.5632285315570269,71
chr13,5195668,0.0010715460526315793,1.0037450534255905,0.31995789716231776,0.49490716615845837,70
chr13,5195690,0.0013846153846153843,1.7810213394758536,0.18647555784657524,0.7293780849706326,70
chr13,5213536,0.0012675675675675674,1.3054582975625548,0.25740979551575965,0.5893749304017295,67
chr13,5311724,0.0010621597096188745,0.9156804239807652,0.34215737014599,0.4657741007670099,67
chr13,5353687,-0.0017287390029325513,2.6837005592528342,0.10644555684047717,0.9728724617966789,64
chr13,5385854,0.0014828828828828827,1.9972090080614948,0.16236020435438206,0.789520410730432,67
chr13,5570737,-0.0020107655502392334,3.787198615660013,0.05571966943259687,1.2539914687740061,71
chr13,5570770,0.002010765550239233,3.787198615660013,0.05571966943259687,1.2539914687740061,71
chr13,5571602,0.002010765550239233,3.787198615660013,0.05571966943259687,1.2539914687740061,71
chr13,5588289,-0.0021119281045751622,4.182364910317432,0.04471906688363065,1.3495072670965467,70
chr13,5628629,0.0012727272727272726,1.3124084536513914,0.2562247763134208,0.5913788773394184,66
chr13,5639018,-0.0012571428571428568,1.4212242254129308,0.2373458038923174,0.6246184419002065,70
chr13,5639020,-0.0012571428571428568,1.4212242254129308,0.2373458038923174,0.6246184419002065,70
chr13,5639226,-0.0013694444444444437,1.7147955211592751,0.1947080445127502,0.7106161048984386,71
chr13,5639295,-0.0013694444444444437,1.7147955211592751,0.1947080445127502,0.7106161048984386,71
chr13,5639413,-0.0013939393939393938,1.6278683992258811,0.20660936056909424,0.6848500063816718,66
chr13,5640882,-0.0013694444444444437,1.7147955211592751,0.1947080445127502,0.7106161048984386,71
chr13,5663758,0.0012626262626262625,1.3895668500286527,0.24264767879341695,0.61502385885944,69
chr13,5663808,-0.0012562770562770569,1.336879264225131,0.25175327764638417,0.599024866536124,68
chr13,5663818,-0.0013807189542483645,1.6927233520759242,0.19763374225399571,0.7041389057823384,70
chr13,5663841,-0.0012626262626262625,1.3895668500286527,0.24264767879341695,0.61502385885944,69
chr13,5663914,-0.0013807189542483645,1.6927233520759242,0.19763374225399571,0.7041389057823384,70
chr13,5663971,-0.0013807189542483645,1.6927233520759242,0.19763374225399571,0.7041389057823384,70
chr13,5776557,-0.0003541666666666662,0.10548086866597677,0.7463761708528508,0.1270422345245722,68
chr13,5776561,-0.0003541666666666662,0.10548086866597677,0.7463761708528508,0.1270422345245722,68
chr13,5780511,0.0005353618421052632,0.24761032380293554,0.6203681137046578,0.20735053258312164,70
chr13,5838995,-2.310924369747876e-05,0.000484120102249063,0.9825111757088216,0.0076625009819822005,69
chr13,5838999,-2.310924369747876e-05,0.000484120102249063,0.9825111757088216,0.0076625009819822005,69
chr13,5844583,-9.89304812834226e-05,0.008218669974720866,0.9280440263216261,0.03243142040290646,67
chr13,5921981,8.025210084033627e-05,0.005737010670076409,0.9398492334254002,0.0269418084672164,69
chr13,5922004,-8.025210084033603e-05,0.005737010670076409,0.9398492334254002,0.0269418084672164,69
chr13,5923340,-0.0003439542483660126,0.10585119489127279,0.7459168148482406,0.12730960264362629,70
chr13,5923422,0.0003439542483660125,0.10585119489127279,0.7459168148482406,0.12730960264362629,70
chr13,5923505,-0.00026260504201680655,0.06034127451308217,0.806708271470653,0.09328349005635982,69
chr13,5923509,0.0003439542483660125,0.10585119489127279,0.7459168148482406,0.12730960264362629,70
chr13,5942739,-0.00016047297297297285,0.021628479751174847,0.8835213827907854,0.05378293533019862,69
chr13,5976994,0.0001986076986076986,0.03410680733945078,0.8540295012602463,0.0685271269535696,70
chr13,6180270,-1.580459770114938e-05,0.00018968530478857088,0.9890549023963482,0.004779600065125295,65
chr13,6274632,0.001591503267973855,2.3048724262661975,0.13360468646037973,0.8741783078171654,70
chr13,6744144,0.0013644553644553655,1.6481503000591438,0.20356823046824118,0.6912899984811933,70
chr13,6842726,0.0015470793374019185,2.0091634727123657,0.16105527876997505,0.7930250361153195,68
chr13,6905302,-0.0016128389154704938,2.389781787349976,0.12670516800591325,0.8972056709044253,71
chr13,6979522,0.0014646464646464645,1.8852546500684022,0.17431612510730202,0.7586624366352556,69
chr14,166505,-0.00030416666666666683,0.06904622106149494,0.7936307578670643,0.1003815090581523,62
chr14,186270,0.000389285714285714,0.11340026809580214,0.7374615253098078,0.13226063268066596,63
chr14,249718,6.363636363636368e-05,0.0033683931107298605,0.9538938341217379,0.02049995844140662,68
chr14,268954,-0.00019999999999999993,0.03525291746458267,0.851625820075598,0.06975117984719095,70
chr14,276542,0.00019999999999999993,0.03525291746458267,0.851625820075598,0.06975117984719095,70
chr14,318304,-0.00010783410138248852,0.009055166806577449,0.9244861426200895,0.03409959421679585,66
chr14,376441,-0.0003399493243243245,0.09792055027746778,0.7553114588517369,0.12187392655885175,69
chr14,376443,-0.0003399493243243245,0.09792055027746778,0.7553114588517369,0.12187392655885175,69
chr14,376503,0.0003399493243243248,0.09792055027746778,0.7553114588517369,0.12187392655885175,69
chr14,439394,-0.0005844017094017099,0.2341900113789806,0.630195908139948,0.2005244210255713,62
chr14,439409,-0.0005844017094017099,0.2341900113789806,0.630195908139948,0.2005244210255713,62
chr14,530723,0.0009946633825944175,0.8639635850361513,0.35587235580046694,0.4487057467238997,71
chr14,556155,0.001152664859981933,1.0743468470706674,0.3037484155061297,0.5174859788709625,68
chr14,599024,-0.0010071488645920941,0.8645123960157339,0.35576806951810924,0.44883303279613224,70
chr14,599063,0.0009946633825944175,0.8639635850361513,0.35587235580046694,0.4487057467238997,71
chr14,599069,0.0009946633825944175,0.8639635850361513,0.35587235580046694,0.4487057467238997,71
chr14,605221,0.0015498575498575499,2.0241864791780224,0.15966795019303703,0.7967822501181712,66
chr14,605222,0.0015498575498575499,2.0241864791780224,0.15966795019303703,0.7967822501181712,66
chr14,615801,0.0011169049621530703,1.0835625878526367,0.3015889047475428,0.520584639909535,70
chr14,615802,0.0011169049621530703,1.0835625878526367,0.3015889047475428,0.520584639909535,70
chr14,615816,0.0011169049621530703,1.0835625878526367,0.3015889047475428,0.520584639909535,70
chr14,634163,-0.0008836032388663972,0.5969704594363288,0.44267180102946846,0.3539181424606273,64
chr14,660122,0.0009358974358974361,0.7082990519721746,0.4030948043790027,0.39459279957473614,67
chr14,687454,0.0011065040650406505,1.0830963407860295,0.3016388933410064,0.5205126612294482,71
chr14,690102,0.0012128205128205134,1.261966114970949,0.2652884248846565,0.576281698824264,69
chr14,693224,0.0013282051282051286,1.5289629129045093,0.22058524339422816,0.6564235441479453,69
chr14,693290,0.0013282051282051286,1.5289629129045093,0.22058524339422816,0.6564235441479453,69
chr14,694837,-0.0012689655172413797,1.3701667053061086,0.2459298835092364,0.6091886959273213,69
chr14,694840,-0.0012689655172413797,1.3701667053061086,0.2459298835092364,0.6091886959273213,69
chr14,695176,0.0012621082621082622,1.2342236231998267,0.2707435673170469,0.5674418531214714,66
chr14,695185,0.0012621082621082622,1.2342236231998267,0.2707435673170469,0.5674418531214714,66
chr14,695231,-0.0012621082621082622,1.2342236231998267,0.2707435673170469,0.5674418531214714,66
chr14,721972,-0.001398217636022514,1.5336173471931913,0.2200243174636579,0.6575293175566465,67
chr14,722274,0.00198974358974359,3.006163232914548,0.08791879430602235,1.0559182763378845,64
chr14,728612,0.0015423280423280423,1.9659071338167653,0.1654991737547139,0.7812041700735445,69
chr14,768791,0.0017104761904761906,2.2540287376272907,0.13810951836002408,0.8597763892795555,67
chr14,789199,-0.0014318555008210184,1.8147296835905018,0.18234947041624927,0.7390954936369266,71
chr14,807962,-0.0016761984861227927,2.4901538602666187,0.11920156846909467,0.9237180300572646,70
chr14,820037,-0.001548440065681445,2.131780253878199,0.1488114259237123,0.8273637218471863,71
chr14,823133,-0.00155952380952381,2.087134131618722,0.1531368716378099,0.814920229152188,70
chr14,928066,-0.0014375000000000002,1.8310946048578103,0.18047995516177773,0.7435710255923353,70
chr14,985317,0.001387931034482759,1.6327188123008003,0.20573699829692574,0.686687600812248,69
chr14,1004307,-0.0013085365853658536,1.524256427167631,0.22116453579321874,0.6552845118343771,71
chr14,1004337,-0.0013085365853658536,1.524256427167631,0.22116453579321874,0.6552845118343771,71
chr14,1004343,-0.0013085365853658536,1.524256427167631,0.22116453579321874,0.6552845118343771,71
chr14,1004383,-0.0013085365853658536,1.524256427167631,0.22116453579321874,0.6552845118343771,71
chr14,1005316,-0.001382674516400337,1.6503362388819458,0.20327225836500865,0.6919218877716415,70
chr14,1021352,0.001785145888594165,2.747530070584115,0.10215106264580752,0.9907571111772997,68
chr14,1084804,0.0010749999999999998,1.0298271483553654,0.3137445681140751,0.5034237844224736,71
chr14,1086194,-0.0013026315789473684,1.3834749978115106,0.2437999777468384,0.6129663383584315,67
chr14,1092218,0.0011138888888888889,0.8509491990828614,0.3600410024968381,0.44364803772127503,61
chr14,1092437,0.0012051282051282052,1.2864897868407905,0.26067854518609646,0.5838947114121047,70
chr14,1114295,-0.0011710526315789477,1.1846512861401661,0.28031082042086475,0.5523601374934662,69
chr14,1154809,0.0012007007007007007,1.0703036723502786,0.304895376407852,0.5158491614522039,64
chr14,1155902,-0.0007708333333333331,0.5084555060468257,0.47824817897039795,0.3203466749642593,70
chr14,1165402,-0.0007600806451612901,0.51101936558361,0.4771096557608331,0.3213817940861911,71
chr14,1171758,-0.0007600806451612901,0.51101936558361,0.4771096557608331,0.3213817940861911,71
chr14,1172991,-0.0010144230769230768,0.7782769548085191,0.3809701274813416,0.419109076761747,66
chr14,1197671,0.001124561403508772,1.0722332927949794,0.30422072855683624,0.516811197938668,68
chr14,1236209,-0.0008704566635601116,0.5976067145175621,0.4423384628767354,0.3542452955640198,66
chr14,1236614,-0.0005336538461538462,0.2525879037541344,0.6168590459548704,0.20981406215384787,71
chr14,1258913,0.0010995073891625618,0.9015056532043784,0.34606480524513916,0.4608425661639405,64
chr14,1260259,0.0010194444444444441,0.8197287298692004,0.36865538239660434,0.4333794209821483,66
chr14,1264102,-0.0009262899262899264,0.7617659356877838,0.38584804109162174,0.4135837002740995,70
chr14,1264311,0.0007918660287081335,0.5613212079325157,0.4562750690746009,0.34077326048249673,71
chr14,1286623,0.0011612612612612611,1.104082049942879,0.29726293012659755,0.5268592456731034,67
chr14,1288453,0.0010520833333333333,0.9362398608293201,0.3367791450334102,0.4726548099198251,68
chr14,1327993,-0.0009490131578947371,0.796729348637617,0.375220977317994,0.42571288969920607,70
chr14,1335036,-0.0007200165425971874,0.4477407950112807,0.5056752872330716,0.29612827017714743,70
chr14,1348299,0.0007741935483870965,0.4846714352058851,0.4887959376340445,0.31087241215676503,67
chr14,1360808,0.00060462074978204,0.3034192678407121,0.5836065773271213,0.23387982219192077,68
chr14,1376935,0.0006969696969696971,0.4291902402530697,0.5145967098817175,0.2885329948158835,70
chr14,1378693,0.0005458404074702888,0.24946791339911406,0.6190862399340427,0.20824884868799484,69
chr14,1512463,-0.00040490196078431364,0.11989010623242588,0.7303260165135773,0.13648322814530514,64
chr14,1512503,0.00040490196078431364,0.11989010623242588,0.7303260165135773,0.13648322814530514,64
chr14,1658901,-0.00025576036866359445,0.050488403387221936,0.8229314424769928,0.0846363438814443,66
chr14,1689834,-0.00033333333333333316,0.09793497829079727,0.7552797558767617,0.12189215574879995,70
chr14,1689868,-0.00020270270270270277,0.036620301071115684,0.8488021773274149,0.0711935150632794,71
chr14,1690062,-0.0007758620689655172,0.40893748377232086,0.5251167466032451,0.27974413131986153,58
chr14,1707150,-0.0004530651340996168,0.15437666688918833,0.6957138222317827,0.15756936812523317,65
chr14,1727371,0.00030833333333333337,0.07472339907772638,0.7854599254211487,0.10487596799184627,66
chr14,1739680,-0.0003385416666666664,0.09430500575772846,0.7597408152702827,0.11933454152975069,68
chr14,1799142,-0.00020270270270270277,0.036620301071115684,0.8488021773274149,0.0711935150632794,71
chr14,1799144,-0.00020270270270270277,0.036620301071115684,0.8488021773274149,0.0711935150632794,71
chr14,1804621,-0.0002349607672188316,0.0460993352154804,0.8306573631484249,0.08057808088493204,68
chr14,1811653,-0.00020270270270270277,0.036620301071115684,0.8488021773274149,0.0711935150632794,71
chr14,1816831,-0.00018755118755118746,0.030421398787618695,0.8620557592508007,0.06446464235190352,70
chr14,1825206,-0.0005497835497835497,0.2564892739981641,0.6142300978738062,0.211668906518395,68
chr14,1836116,0.00046190476190476146,0.19088287382923777,0.6635470865149141,0.17812825337525298,71
chr14,1866532,-0.000938725490196078,0.7819521971222966,0.3796607230659771,0.42060432948126525,70
chr14,1893223,-0.0010656249999999997,0.9304470461399605,0.3383218977875524,0.47066989171682466,67
chr14,1936611,-0.0008142857142857142,0.5798192296790867,0.4490159810803016,0.34773820159917657,70
chr14,1977400,-0.0010053475935828879,0.8770918380024328,0.3524661267135186,0.45288261395845414,67
chr14,1998552,-0.0005977742448330687,0.31978265276017825,0.5735726001771454,0.2414116032888107,71
chr14,1999102,-0.00046764946764946754,0.19255664314394735,0.6621883322935329,0.17901847575123653,70
chr14,1999263,0.0005977742448330683,0.31978265276017637,0.5735726001771454,0.2414116032888107,71
chr14,2021760,0.0006527777777777777,0.36585627847660396,0.5473147973916517,0.26176280996334805,69
chr14,2055238,-0.001049284578696344,0.9948926945003033,0.3220346517462993,0.4920973946006958,71
chr14,2120375,-0.001049284578696344,0.9948926945003033,0.3220346517462993,0.4920973946006958,71
chr14,2128371,-0.0011081081081081078,1.0641731677811666,0.3059748108202476,0.5143143250610747,69
chr14,2145756,-0.0009262899262899266,0.7617659356877838,0.38584804109162174,0.4135837002740995,70
chr14,2145794,-0.0009262899262899266,0.7617659356877838,0.38584804109162174,0.4135837002740995,70
chr14,2146770,-0.0011111111111111107,1.0531371125805167,0.3085322329915186,0.5106994576304328,68
chr14,2160607,0.0010477195945945948,0.9337267726686942,0.3373714697116701,0.4718916469119379,69
chr14,2165320,0.0012857142857142859,1.4879891075307161,0.22674261673157392,0.644466845678853,70
chr14,2332308,0.001420303605313093,1.5717284718967113,0.21458857713048013,0.6683933998967937,65
chr14,2384075,-0.001142857142857143,1.1703203321644482,0.283156968834372,0.547972745395144,70
chr14,2386371,-0.001195982142857143,1.1722129886105808,0.2829471248228473,0.548294714804872,67
chr14,2386381,-0.0012714285714285716,1.4311358153277174,0.235733763199247,0.627578210767994,70
chr14,2386395,-0.0013163865546218483,1.4923384649603346,0.226134936194703,0.6456323371482704,69
chr14,2386398,-0.001318614718614719,1.452721728433985,0.2323954525858757,0.6337723742859372,68
chr14,2386401,-0.001318614718614719,1.452721728433985,0.2323954525858757,0.6337723742859372,68
chr14,2395697,-0.0013000000000000002,1.4985044440896242,0.22512598768542183,0.6475743688070017,70
chr14,2396733,-0.0015654761904761903,1.715698409943575,0.19532504814879942,0.7092420599621705,61
chr14,2407051,0.0014046218487394953,1.7231241354862352,0.19377018230669724,0.7127130521354674,69
chr14,2420473,0.0013000000000000002,1.4985044440896242,0.22512598768542183,0.6475743688070017,70
chr14,2420479,-0.0013000000000000002,1.4985044440896242,0.22512598768542183,0.6475743688070017,70
chr14,2453837,-0.001142857142857143,1.1703203321644482,0.283156968834372,0.547972745395144,70
chr14,2459756,0.0009621212121212119,0.6944599142340729,0.40790274270261717,0.3894433745147084,63
chr14,2528102,0.0014822510822510822,1.9218526629761143,0.1703181663028417,0.7687390272909895,68
chr14,2528109,0.0014822510822510822,1.9218526629761143,0.1703181663028417,0.7687390272909895,68
chr14,2530068,0.0014749053030303026,1.7562139103399312,0.18988365746613792,0.7215124116594728,65
chr14,2538653,-0.00117641129032258,1.0895224167225819,0.30069605662296073,0.5218722672706755,63
chr14,2540563,-0.0013181818181818182,1.3909128497266525,0.24261666585870018,0.6150793698261199,66
chr14,2547936,0.0014664209664209667,1.9354292411919785,0.16870084473293487,0.772882742769892,70
chr14,2548014,0.0013560606060606056,1.6297207942314074,0.20614878531442948,0.6858192198381002,69
chr14,2550678,0.0013333333333333333,1.4452816983552987,0.23371584143418914,0.6313118498059421,66
chr14,2555270,-0.001227272727272727,1.210432857505244,0.2753674795796028,0.5600873504736908,66
chr14,2570906,-0.0013782679738562082,1.6867545210194854,0.19841631738860382,0.702422615143386,70
chr14,2570982,-0.0013782679738562082,1.6867545210194854,0.19841631738860382,0.702422615143386,70
chr14,2621255,-0.0015978991596638649,2.2834749725049193,0.13546098001055012,0.8681857867568645,69
chr14,2719460,0.0017205882352941176,2.608407194618467,0.11106941657688776,0.954405509379416,68
chr14,2719546,0.0017205882352941176,2.608407194618467,0.11106941657688776,0.954405509379416,68
chr14,2740559,0.0016176470588235294,2.2795519678476412,0.13586264084818006,0.8668999480064025,68
chr14,2740561,0.0014827731092436972,1.9398699297511717,0.16828730579258358,0.7739486423851768,69
chr14,2744575,0.0013943014705882347,1.5686136881910202,0.21496582724376725,0.6676305736612708,66
chr14,2744613,0.0013502673796791445,1.5154063551176773,0.22275177607528232,0.6521788245004277,67
chr14,2744952,0.0014233766233766234,1.725880148140761,0.1934862508788143,0.7133498904880277,68
chr14,2744959,0.0014233766233766234,1.725880148140761,0.1934862508788143,0.7133498904880277,68
chr14,2745094,0.0014113445378151255,1.7487959248783378,0.19052475062752677,0.7200485981367318,69
chr14,2745143,0.0014113445378151255,1.7487959248783378,0.19052475062752677,0.7200485981367318,69
chr14,2745848,0.0014229797979797973,1.7749802470332172,0.18728083368334872,0.727506666038941,69
chr14,2746000,0.0015186804451510333,2.117546102316418,0.15015430182964992,0.8234622210133417,71
chr14,2791579,0.0015220588235294106,2.068658549620692,0.1549403658934045,0.8098354227768145,70
chr14,2800131,0.0014109477124182996,1.798516515423869,0.18435436936868668,0.7343465647558712,70
chr14,2818951,0.0013088235294117644,1.5605459071886147,0.21599766463043765,0.6655509444212778,68
chr14,2833293,0.0018030303030303028,2.6625615474106015,0.10764659425300842,0.9679997059289562,66
chr14,2849367,0.0014857142857142857,2.001611112320652,0.1616951322464687,0.7913030541215434,70
chr14,2849409,0.0015948412698412692,2.346501446553484,0.13013685727031854,0.885599685435566,71
chr14,2862003,0.001315668202764977,1.408046046816719,0.2397672307426348,0.620210172697235,66
chr14,2862072,0.001315668202764977,1.408046046816719,0.2397672307426348,0.620210172697235,66
chr14,2866808,0.0012393790849673193,1.379383934391848,0.24430274776876576,0.6120716483188208,70
chr14,2866834,0.0012393790849673193,1.379383934391848,0.24430274776876576,0.6120716483188208,70
chr14,2878110,0.00149453781512605,1.9574461230938023,0.1663992447284004,0.7788486492654418,69
chr14,2878936,0.0012231092436974782,1.305861530314427,0.25721241877756795,0.5897080665551059,69
chr14,2879051,0.0012231092436974782,1.305861530314427,0.25721241877756795,0.5897080665551059,69
chr14,2892602,0.00147549019607843,1.9625364439613056,0.16578944035172102,0.780443134479494,70
chr14,3009072,-0.0013870967741935489,1.6877853175989528,0.19828090525264322,0.7027191069883401,70
chr14,3010058,-0.001262859633827376,1.3414292737044249,0.25095598497782784,0.6004024424929807,68
chr14,3014910,0.0015444444444444444,1.9520524927940193,0.16719126634691972,0.776786412760673,66
chr14,3014961,0.001315972222222222,1.4672654815114252,0.23009697302768364,0.63808909452571,68
chr14,3019650,0.0015138888888888895,1.9381988109410924,0.16860923987076643,0.7731186295040823,67
chr14,3020637,0.0015000000000000007,2.0072378058705467,0.16111530267190338,0.7928632084923581,70
chr14,3041917,0.0011063218390804596,0.8092348781958957,0.3721313385567553,0.4293037548933477,59
chr14,3045460,-0.0012356418918918917,1.3255031673999462,0.2536988491607428,0.5956815028384685,69
chr14,3045469,-0.0012356418918918917,1.3255031673999462,0.2536988491607428,0.5956815028384685,69
chr14,3062013,-0.0012705592105263157,1.418419431747713,0.23780444661467048,0.6237800289344861,70
chr14,3062193,-0.0012705592105263157,1.418419431747713,0.23780444661467048,0.6237800289344861,70
chr14,3084994,-0.0012310606060606055,1.3000647196397723,0.2582610242177428,0.5879411309709919,69
chr14,3086836,0.0009012987012987014,0.7226187132715524,0.3983595417594781,0.3997247758779558,68
chr14,3094549,0.001067810457516339,1.0185933624390655,0.31643075350744587,0.49972131458797786,70
chr14,3095001,0.0011893382352941172,1.137961290252427,0.29009116480132385,0.5374654981413662,66
chr14,3115623,0.0011176470588235292,1.0739810004620283,0.30383010180046965,0.5173692008543532,68
chr14,3117533,0.001067810457516339,1.0185933624390655,0.31643075350744587,0.49972131458797786,70
chr14,3120226,-0.001200757575757575,1.26843421829605,0.2640785162424786,0.5782669288076839,69
chr14,3120412,-0.0011537001897533208,1.0253078389133756,0.31513647168655806,0.5015013317177525,65
chr14,3127682,0.001085281385281385,0.9924402248971976,0.32278517074186597,0.4910864256628359,68
chr14,3240803,-0.0010954861111111107,1.0113384744700815,0.31825523354643775,0.4972244458623659,68
chr14,3242818,0.0008783891547049438,0.6919854650482244,0.40835957887729013,0.38895725272453374,71
chr14,3249281,-0.0012476190476190473,1.2072866471490282,0.2760515534381617,0.5590098045907752,65
chr14,3259476,0.0006471861471861471,0.3640907286867022,0.5483112392819682,0.2609728518584267,68
chr14,3259544,0.0008813131313131313,0.6594459732841172,0.4196314861916789,0.37713193285627133,69
chr14,3262822,0.0008230286738351258,0.5807485143985359,0.44877554223921734,0.3479708196662942,67
chr14,3303583,0.001913533834586466,2.969962554589931,0.08965228585139326,1.0474386328169054,66
chr14,3303683,-0.0016581896551724133,2.3750207412429636,0.1280000464727093,0.8927898726737133,69
chr14,3303691,0.0016581896551724133,2.3750207412429636,0.1280000464727093,0.8927898726737133,69
chr14,3303737,-0.0016446428571428569,2.2550760140820025,0.1379464022825938,0.860289621674044,68
chr14,3374800,-0.0018484405458089664,2.634729489810468,0.10954369209763176,0.9604126255525132,65
chr14,3375176,0.001746428571428571,2.549300835614774,0.11512048793548178,0.9388473783205984,68
chr14,3408909,-0.0014583333333333327,1.8693526698754608,0.17605190818471395,0.754359263353805,70
chr14,3425644,-0.0016428571428571427,2.1009993167065275,0.15224253788059505,0.8174639849788434,64
chr14,3430545,-0.0015057471264367818,2.0131504360554535,0.16064651639235475,0.7941286876535837,68
chr14,3430573,-0.001709913793103448,2.530720187784035,0.11635700680296217,0.9342074591822531,69
chr14,3434920,-0.0013517543859649123,1.5491627990382235,0.21766073322378582,0.6622199121733368,68
chr14,3478786,0.0016095076400679115,2.2589812148076254,0.13754051584843066,0.86156935116088,69
chr14,3539410,0.0016182795698924737,2.3445637963467676,0.13035999868046816,0.8848556526029152,70
chr14,3562388,0.0014885964912280704,1.9814198502857132,0.163933440920774,0.7853324452949034,68
chr14,3562400,0.0014885964912280704,1.9814198502857132,0.163933440920774,0.7853324452949034,68
chr14,3562419,0.0014885964912280704,1.9814198502857132,0.163933440920774,0.7853324452949034,68
chr14,3562431,0.0014885964912280704,1.9814198502857132,0.163933440920774,0.7853324452949034,68
chr14,3562445,0.0014885964912280704,1.9814198502857132,0.163933440920774,0.7853324452949034,68
chr14,3570217,0.0018068760611205433,2.965901253675621,0.08965081339967307,1.0474457657405374,69
chr14,3627340,-0.001501612903225807,2.0383231552098655,0.1578890611242783,0.8016479577556653,71
chr14,3627526,0.001683333333333333,2.5362910744907574,0.11589411305778705,0.9359386238418511,70
chr14,3646403,0.0015666666666666663,2.1526531175239283,0.14693377792938672,0.8328783547743874,70
chr14,3646488,0.001501612903225807,2.0383231552098655,0.1578890611242783,0.8016479577556653,71
chr14,3663387,-0.0019528455284552842,3.4894617167645325,0.06600736218934956,1.1804076223385476,71
chr14,3663444,-0.0019528455284552842,3.4894617167645325,0.06600736218934956,1.1804076223385476,71
chr14,3663579,-0.0021435344827586203,4.067739534700066,0.047719873757596766,1.32130071392147,69
chr14,3663738,-0.002150546677880572,4.198280342273393,0.04432638349349459,1.3533377005276372,70
chr14,3729965,-0.002268534482758621,4.638940584961637,0.03485564519741897,1.457726873820161,69
chr14,3774601,-0.0017991228070175442,2.7796696370536216,0.10020666180865544,0.9991034053094329,68
chr14,3774631,-0.0017991228070175442,2.7796696370536216,0.10020666180865544,0.9991034053094329,68
chr14,3777134,-0.001720833333333333,2.6121068138859935,0.110681195748401,0.9559261575892071,70
chr14,3912052,0.0013721955128205136,1.7050602914730784,0.19596436265417666,0.7078229006326028,71
chr14,3912185,0.001545078577336642,2.14073411729807,0.14804034769998375,0.8296199035552629,70
chr14,3944806,0.0023137668918918907,4.8901390955062976,0.030426521322954935,1.5167476978753263,69
chr14,3961327,0.0024932795698924736,5.31478663341527,0.02434651566130716,1.6135631838269529,67
chr14,3966985,0.002480180180180179,5.371443252811363,0.023627992008612504,1.6265731846999891,67
chr14,4009146,-0.002297979797979798,4.8119176414633245,0.03173739287800013,1.4984287519731863,69
chr14,4009334,0.002297979797979798,4.8119176414633245,0.03173739287800013,1.4984287519731863,69
chr14,4013963,0.002100328947368422,4.032683152036454,0.04860128900001221,1.3133522122568662,70
chr14,4013967,0.002100328947368422,4.032683152036454,0.04860128900001221,1.3133522122568662,70
chr14,4014044,0.002100328947368422,4.032683152036454,0.04860128900001221,1.3133522122568662,70
chr14,4190909,-0.0022559377559377564,4.759457483828934,0.032597946009516036,1.4868097638840858,70
chr14,4194893,-0.0021240031897926627,4.252797969476772,0.04295330185134942,1.3670034460189013,71
chr14,4195221,-0.002354901960784314,4.592825979240144,0.036038123267874984,1.4432378335539082,64
chr14,4211450,0.002639452332657201,5.468850773303105,0.022652110293625714,1.6448913324509287,63
chr14,4211454,0.002639452332657201,5.468850773303105,0.022652110293625714,1.6448913324509287,63
chr14,4352173,0.0017909090909090908,2.7757770422852692,0.10043994346835987,0.9980935403974492,68
chr14,4353879,0.0017606060606060606,2.6843952018348625,0.10609474083914291,0.9743061437249436,68
chr14,4372075,-0.0017377450980392143,2.7216134303907538,0.1036101754637563,0.984597590819041,70
chr14,4374383,0.001397619047619047,1.7879280423827897,0.1855703921752167,0.7314913144353701,71
chr14,4374443,0.001397619047619047,1.7879280423827897,0.1855703921752167,0.7314913144353701,71
chr14,4400090,-0.0015331439393939392,1.8597638078471324,0.1775051289997399,0.7507890935153506,65
chr14,4410443,0.001342857142857143,1.6264278831057721,0.20653770424742007,0.6850006546522698,70
chr14,4424785,0.001453968253968253,1.9391391565131775,0.16823336504815442,0.7740878681141488,71
chr14,4534882,0.0015142857142857143,2.0511355704698,0.1566736200488824,0.805004121793429,70
chr14,4576401,-0.0015468998410174887,2.199503536520506,0.14260860516266186,0.8458542678789288,71
chr14,4588922,0.0015403361344537814,2.077114510284007,0.15418016714264363,0.8119714878574965,69
chr14,4588953,-0.0015403361344537812,2.077114510284007,0.15418016714264363,0.8119714878574965,69
chr14,4747803,0.0015440340909090907,1.9791311601932173,0.1643960847483005,0.784108529815775,65
chr14,4749271,-0.0016035353535353532,2.2380168554939823,0.13934944124234458,0.8558947683633285,69
chr14,4752713,0.001394642857142857,1.6212549937539853,0.207451781152563,0.6830828320260964,67
chr14,4791370,-0.0016230158730158718,2.4330900648488774,0.1233736998221796,0.9087774111249672,71
chr14,4921364,-0.0014485294117647055,1.6988424224298895,0.19710889788511957,0.7052937703670022,66
chr14,4971793,0.0017576036866359447,2.512401907039755,0.11788284908632145,0.9285493763213047,66
chr14,4971808,0.0017576036866359447,2.512401907039755,0.11788284908632145,0.9285493763213047,66
chr14,4980233,-0.0019194805194805201,3.2326297949258986,0.07675842926332102,1.1148739209773664,68
chr14,5048850,0.0016186868686868686,2.283381282164319,0.13546886562496713,0.868160505829836,69
chr14,5048880,0.0016186868686868686,2.283381282164319,0.13546886562496713,0.868160505829836,69
chr14,5116739,0.0017043290043290045,2.505359506142549,0.11824017386536576,0.9272349403437571,68
chr14,5126322,-0.001632352941176471,2.3108045898620646,0.13325402942140283,0.8753196496258021,68
chr14,5126429,-0.0016024955436720143,2.162236477369511,0.1462631092841918,0.8348651985132061,67
chr14,5151605,-0.0014015151515151514,1.7565098404996213,0.18956221009608942,0.7222482365260192,69
chr14,5151623,-0.0014015151515151514,1.7565098404996213,0.18956221009608942,0.7222482365260192,69
chr14,5155168,-0.0016033613445378147,2.278419830464684,0.13588720520234757,0.8668214334191777,69
chr14,5164352,0.0012360641891891887,1.3410226724841123,0.25096506602969804,0.6003867274688365,69
chr14,5179628,-0.0012285353535353533,1.3318060774187952,0.2525841153802897,0.5975939650221922,69
chr14,5224628,0.0013459595959595958,1.5720147951706347,0.21427186948232316,0.6690348412330667,69
chr14,5224651,-0.0012238562091503257,1.3230391627287046,0.25407641309362305,0.5950356503323525,70
chr14,5266612,-0.001130952380952381,0.9748354519934341,0.3272540937595272,0.48511491197032314,65
chr14,5271085,-0.0009202266782911944,0.7199378568134981,0.3992312142894435,0.3987755103112802,68
chr14,5295247,-0.0014723502304147468,1.7476378890493172,0.1908796285306992,0.7192404188498885,66
chr14,5295344,-0.001386635944700461,1.5488592597078366,0.21784225507836716,0.6618578758775027,66
chr14,5309446,-0.0012595238095238091,1.2353152372672889,0.2705995055719367,0.567673001262327,65
chr14,5451750,-0.0010595238095238088,1.016328224688628,0.31691386257525495,0.49905876330808385,71
chr14,5490467,-0.00033823529411764695,0.09660496389142471,0.7569219944616035,0.12094887495231967,68
chr14,5543486,-0.0006136363636363634,0.3278991826893545,0.5688154346681249,0.24502862764353078,69
chr14,5543524,-0.0006136363636363634,0.3278991826893545,0.5688154346681249,0.24502862764353078,69
chr14,5562202,-0.0006813725490196072,0.4051979453713039,0.5265539909025154,0.2785570912422911,70
chr14,5682661,0.000614583333333333,0.31772588664006807,0.5748878095709756,0.24041690042027797,68
chr14,5710610,0.00047916666666666637,0.161483655249185,0.6892220833318354,0.16164081579233552,62
chr14,5756486,-0.0002486607142857141,0.05026036015940584,0.8233140472225553,0.08443447467812168,67
chr14,5758103,-0.0006142857142857138,0.3325082246411293,0.5660898568463548,0.2471146267001478,70
chr14,5766807,0.0007264537264537266,0.4598273748697299,0.5000057110024608,0.30102503517860074,70
chr14,5766836,0.0007264537264537266,0.4598273748697299,0.5000057110024608,0.30102503517860074,70
chr14,5773922,0.0007904040404040399,0.5303455503575238,0.46899928487954257,0.32882781948769996,69
chr14,5773983,0.0007904040404040399,0.5303455503575238,0.46899928487954257,0.32882781948769996,69
chr14,5774183,0.0007904040404040399,0.5303455503575238,0.46899928487954257,0.32882781948769996,69
chr14,5777564,0.0007326388888888886,0.45090126206612363,0.504250856201212,0.2973533556969598,68
chr14,5796478,-0.0012507936507936504,1.4246535641405529,0.23672664296073195,0.6257528606190104,71
chr14,5856822,-0.0008534946236559135,0.5880083526648604,0.44596655265441476,0.35069771201057315,67
chr14,5918024,-0.0001444444444444442,0.016909683435904887,0.8969448169936645,0.0472342753643304,66
chr14,5920662,-3.759398496240572e-05,0.0010725876184674962,0.9739755707335997,0.011451935963938072,66
chr14,5934004,0.00023801220575414092,0.049824597939662325,0.8240581923997716,0.08404211870852574,68
chr14,5934183,0.00014903846153846136,0.019634806632288036,0.8889700551303964,0.05111286795066589,71
chr14,5936228,-0.0007482456140350877,0.5033635454360658,0.480524923579042,0.3182840816850685,68
chr14,6021231,-0.00034525862068965547,0.10370312220450124,0.7484328323510379,0.12584716906603727,69
chr14,6021334,0.00034525862068965547,0.10370312220450124,0.7484328323510379,0.12584716906603727,69
chr14,6021335,0.00034525862068965547,0.10370312220450124,0.7484328323510379,0.12584716906603727,69
chr14,6046669,-0.0008904052936311004,0.6856900000117478,0.4105311032632152,0.3866539336386573,70
chr14,6048204,5.357142857142884e-05,0.002475296325796736,0.9604796735319783,0.017511821605314126,64
chr14,6134383,0.0010831918505942277,1.0109760168725668,0.3182867126522894,0.49718149126350747,69
chr14,6134408,-0.0010831918505942277,1.0109760168725668,0.3182867126522894,0.49718149126350747,69
chr14,6139037,-0.0011860360360360358,1.1428439719986547,0.2890062172054386,0.5390928144442414,67
chr14,6139077,-0.0011860360360360358,1.1428439719986547,0.2890062172054386,0.5390928144442414,67
chr14,6139303,-0.0012707979626485574,1.3745313645189317,0.24518666882518977,0.610503146768022,69
chr14,6304136,0.0014703832752613246,1.8171678292936009,0.18219085918532374,0.7394734160839764,69
chr15,26311,-0.0002577586206896551,0.055672524670935274,0.8141910590817841,0.08927367107079821,69
chr15,107533,0.0005331896551724136,0.23812154248155615,0.6271592839243327,0.2026221444259296,69
chr15,113110,0.00042499999999999976,0.15385418352061758,0.696105769797076,0.15732476649686578,70
chr15,259827,0.0010916666666666661,1.0275197368305184,0.31433519945722244,0.5026069836846611,70
chr15,259837,0.0010916666666666661,1.0275197368305184,0.31433519945722244,0.5026069836846611,70
chr15,259976,0.0012624740124740125,1.1388883738769555,0.29009281005267845,0.5374630350482247,63
chr15,335573,0.0008178861788617882,0.5875776083205863,0.4459720534991666,0.3506923551698555,71
chr15,335705,0.0009416666666666663,0.7738629243785559,0.38212296017461767,0.41779686658387133,70
chr15,336180,0.0007907509157509151,0.5034001553577293,0.48054735693513195,0.3182638070752192,67
chr15,382498,-0.0011835699797160242,1.0360923570493008,0.3127522855365028,0.5047995078783011,63
chr15,392382,-0.0007028225806451606,0.43645887686939316,0.5110362828880188,0.2915482644471626,71
chr15,392387,-0.0007028225806451606,0.43645887686939316,0.5110362828880188,0.2915482644471626,71
chr15,392454,-0.0007028225806451606,0.43645887686939316,0.5110362828880188,0.2915482644471626,71
chr15,417188,-0.0008988203266787657,0.681716075092739,0.41201662937634853,0.38508525508181823,67
chr15,417203,-0.0008988203266787657,0.681716075092739,0.41201662937634853,0.38508525508181823,67
chr15,452667,-0.00075955265610438,0.46223101949795065,0.49903504084585304,0.3018689583611825,66
chr15,469038,-0.0007028225806451606,0.43645887686939316,0.5110362828880188,0.2915482644471626,71
chr15,646387,-0.0014095394736842108,1.7827949730871953,0.18625920419635963,0.7298822569263996,70
chr15,670901,0.0015789473684210526,2.2156932208459432,0.14123688952487232,0.8500518555174581,70
chr15,684956,-0.0015515970515970518,2.1475630665150014,0.14740517333060751,0.831487274214352,70
chr15,754387,0.001752111486486486,2.7186132574009276,0.10386576873787326,0.9835275602172655,69
chr15,791912,0.0019338709677419348,3.447820650774897,0.06760418464978266,1.1700264207142634,71
chr15,791945,0.0019338709677419348,3.447820650774897,0.06760418464978266,1.1700264207142634,71
chr15,810883,-0.0017312271062271056,2.42515743790317,0.12425721742657236,0.9056783760553992,67
chr15,829899,-0.0019699477351916373,3.3665026358833203,0.07097458811989112,1.1488971190948494,69
chr15,830378,-0.001918656056587091,3.1611748858681086,0.0800152547467622,1.0968272077483678,68
chr15,844018,0.0018448275862068969,2.8545158051495583,0.09598398694788698,1.0178012144629323,66
chr15,845384,-0.0023819444444444448,4.04240602127351,0.049027705525066634,1.3095584310679034,60
chr15,845408,-0.0023819444444444448,4.04240602127351,0.049027705525066634,1.3095584310679034,60
chr15,884946,0.0017124999999999998,2.443813399085806,0.12277164821255002,0.9109019137035007,68
chr15,885032,0.0017124999999999998,2.443813399085806,0.12277164821255002,0.9109019137035007,68
chr15,901289,0.00195648604269294,3.4672507461194693,0.06685390217474155,1.174873238461859,71
chr15,984604,0.0012351900972590625,1.2763960376071608,0.2626595407884979,0.5806068193552845,68
chr15,984623,0.0012351900972590625,1.2763960376071608,0.2626595407884979,0.5806068193552845,68
chr15,1038711,0.0011789375582479031,1.1346281431261538,0.29079249565723203,0.5364168052982371,66
chr15,1071700,0.0012162162162162162,1.284654582640385,0.26107487046108363,0.5832349288101766,69
chr15,1120728,-0.001140625,0.9859154089007441,0.3246022189044947,0.4886485157646106,64
chr15,1125308,0.0013090909090909086,1.2915220179214688,0.26021261610299445,0.5846716510062253,63
chr15,1328591,-0.0012348214285714284,1.2688922771209152,0.2641162342135419,0.5782049035538733,67
chr15,1339964,0.001095670995670996,1.013371734231776,0.31777292502725585,0.49788310842559375,68
chr15,1358730,0.0008881640260950602,0.6286253916662341,0.4307894189455027,0.36573497238894753,66
chr15,1358736,0.0008881640260950602,0.6286253916662341,0.4307894189455027,0.36573497238894753,66
chr15,1363165,-0.001126945126945127,1.133641185819958,0.2907661609023625,0.5364561376634283,70
chr15,1363186,0.001126945126945127,1.133641185819958,0.2907661609023625,0.5364561376634283,70
chr15,1434422,0.001126945126945127,1.133641185819958,0.2907661609023625,0.5364561376634283,70
chr15,1439302,0.0009528862478777589,0.7771476472150038,0.3811665877628957,0.41888517567844974,69
chr15,1439407,0.0009528862478777589,0.7771476472150038,0.3811665877628957,0.41888517567844974,69
chr15,1439442,-0.0010657894736842105,0.9945985410613012,0.32215674349702916,0.49193277341930686,70
chr15,1453496,0.0011723996723996721,1.2178529040373127,0.27367248855321713,0.5627688586733913,70
chr15,1453624,0.0011723996723996721,1.2178529040373127,0.27367248855321713,0.5627688586733913,70
chr15,1525860,-0.0010871839581517002,1.0116011040315775,0.31819288048856154,0.49730954184569875,68
chr15,1590556,-0.0013980343980343984,1.7474158794478787,0.19063170626757536,0.7198048649155812,70
chr15,1629677,0.0012750397456279812,1.4792167790377284,0.22804144051429495,0.6419862242657243,71
chr15,1653041,0.0013446969696969695,1.56033128194723,0.21596329044479426,0.6656200641831497,69
chr15,1654944,-0.0012671568627450967,1.4209958184740026,0.23738311239194737,0.6245501803092439,70
chr15,1678710,-0.0012973214285714283,1.3976482601768168,0.24142450761906045,0.6172186456575651,67
chr15,1689015,0.001013091216216216,0.9033683043447351,0.3452962078182652,0.4618081912209059,69
chr15,1689226,0.0011404586404586406,1.165781531140643,0.2840845258062868,0.5465524218207757,70
chr15,1757649,-0.0013480519480519484,1.558775567966101,0.2162552958417264,0.665033248364064,68
chr15,1790713,0.00127323717948718,1.462974821980269,0.23058528911048648,0.6371684032942841,71
chr15,1801455,0.0012956989247311823,1.4685285027266242,0.22977211341094572,0.638702681159695,70
chr15,1805395,-0.0013040322580645158,1.5261283723943384,0.22088422755810522,0.6558352942192684,71
chr15,1843499,-0.001136538461538461,1.0007245566136571,0.3209025957542816,0.49362676991851445,66
chr15,1843581,-0.0012083333333333327,1.275648821383287,0.2626781853357889,0.5805759926180951,70
chr15,1889821,-0.0011149425287356324,1.0522441052645306,0.3087358192979507,0.510412981075061,68
chr15,1890434,-0.0013500000000000003,1.5229821928960405,0.22154512040793928,0.6545378109821481,68
chr15,1890485,-0.0013500000000000003,1.5229821928960405,0.22154512040793928,0.6545378109821481,68
chr15,1912480,-0.0016181214421252372,2.1015202032562765,0.1521128606581421,0.8178340661787709,65
chr15,1912747,0.0014952380952380953,1.751386027422519,0.1904853339794191,0.7201384562980822,65
chr15,1913501,0.0015576923076923085,2.2129919648040106,0.14140894704543772,0.8495231115466417,71
chr15,1993928,-0.0015044354838709675,2.0462206849681164,0.15709765291138972,0.8038303034084447,71
chr15,2008288,-0.0014460654288240501,1.7561050094450692,0.18968051539878727,0.7219772789658384,68
chr15,2008335,0.0014460654288240497,1.7561050094450639,0.18968051539878727,0.7219772789658384,68
chr15,2008440,-0.0015044354838709675,2.0462206849681164,0.15709765291138972,0.8038303034084447,71
chr15,2016006,0.001274561403508772,1.40219748641389,0.24060306643029442,0.6186988419784282,68
chr15,2027025,0.0015406719717064546,2.004034671055094,0.16158288806180374,0.7916046337460295,68
chr15,2029368,-0.0017129319955406907,2.049267761499381,0.15746801254611453,0.8028076538464349,62
chr15,2029380,-0.0017129319955406907,2.049267761499381,0.15746801254611453,0.8028076538464349,62
chr15,2035650,0.0014192982456140352,1.6948242229456325,0.19749175884486106,0.7044510223811989,68
chr15,2035719,0.0014192982456140352,1.6948242229456325,0.19749175884486106,0.7044510223811989,68
chr15,2056253,-0.0013791666666666663,1.6818981909681807,0.19905576534134514,0.7010252392319959,70
chr15,2064976,-0.0015314091680814943,2.0135728367732697,0.16053329937316557,0.7944348683431192,69
chr15,2069933,-0.0014153846153846159,1.7224158406619419,0.19386065364892985,0.7125103272654576,69
chr15,2070160,0.0013160714285714286,1.4349079761992578,0.23524930032946448,0.6284716595627866,68
chr15,2100343,-0.0013493589743589747,1.3185143066996474,0.25541634873542285,0.5927513077838759,62
chr15,2125343,0.0013791666666666668,1.6818981909681845,0.19905576534134514,0.7010252392319959,70
chr15,2148129,-0.0013791666666666663,1.6818981909681807,0.19905576534134514,0.7010252392319959,70
chr15,2155411,-0.0006388888888888887,0.34533351882966046,0.5589358616954335,0.25263802486827547,63
chr15,2155672,-0.0014389561975768875,1.6435661516940594,0.20446156841489535,0.6893883120765357,66
chr15,2231057,0.0014230769230769232,1.7330067065006403,0.19251309886927348,0.7155397151263673,69
chr15,2370479,-0.0014521551724137934,1.8170525997474796,0.18220453733828226,0.7394408122343561,69
chr15,2370517,-0.0014521551724137934,1.8170525997474796,0.18220453733828226,0.7394408122343561,69
chr15,2394650,-0.0014948717948717954,1.9384796488077913,0.16843771703337526,0.7735606535408167,69
chr15,2394812,0.0016174524400330847,2.3213069470534364,0.13225016340506754,0.8786037826888046,70
chr15,2394831,0.0016174524400330847,2.3213069470534364,0.13225016340506754,0.8786037826888046,70
chr15,2396301,0.0014972972972972973,1.8435811186079283,0.1792268432550048,0.7465969444257546,67
chr15,2421241,-0.0013718166383701194,1.636323619343735,0.20524317546341697,0.6877312746852797,69
chr15,2421621,0.0014286926994906627,1.7740718040186567,0.18739227617803048,0.727248313567716,69
chr15,2446441,-0.0012673141891891891,1.3761974892738094,0.24490369689800665,0.6110046590145823,69
chr15,2446505,-0.0012673141891891891,1.3761974892738094,0.24490369689800665,0.6110046590145823,69
chr15,2558839,-0.0015303030303030307,1.997381141773238,0.1624166438954091,0.789369467819273,66
chr15,2558841,-0.0015303030303030307,1.997381141773238,0.1624166438954091,0.789369467819273,66
chr15,2558966,-0.0012107843137254889,1.2977481229144023,0.25862216295964485,0.58733426043536,70
chr15,2581664,-0.0016421107628004183,1.9417757798430124,0.16861647629888535,0.7730999907072733,62
chr15,2583138,0.0016176470588235294,2.266097635721825,0.13700358491323267,0.8632680687000501,68
chr15,2608692,0.0016170634920634913,2.4146527676790055,0.12477968986691922,0.903856098119448,71
chr15,2608770,0.0015057189542483653,2.0557876537014623,0.1562112878155166,0.8062875872393219,70
chr15,2623328,0.0015966386554621848,2.238918224916541,0.139271107811811,0.856138969859888,69
chr15,2628653,0.0015057189542483653,2.0557876537014623,0.1562112878155166,0.8062875872393219,70
chr15,2636867,0.001699134199134199,2.449305199572948,0.12235941329305235,0.9123626141015526,68
chr15,2646528,0.0017289915966386552,2.6360846861022176,0.10915673860579315,0.9619494486953151,69
chr15,2666936,0.001699915110356537,2.5067160644867292,0.11807126060201185,0.9278557999382472,69
chr15,2689215,0.0017002457002457008,2.636534125090382,0.1090581854538996,0.9623417325240776,70
chr15,2721929,0.002303896103896104,4.679231444286297,0.03415592542683166,1.466533943316391,68
chr15,2738448,-0.002049019607843136,3.907631589333399,0.05212427681073515,1.2829599575200736,70
chr15,2738521,-0.002049019607843136,3.907631589333399,0.05212427681073515,1.2829599575200736,70
chr15,2768570,0.0021523809523809525,4.396712861288106,0.03967573056525403,1.401475067659759,71
chr15,2768641,0.0020490196078431365,3.907631589333399,0.05212427681073515,1.2829599575200736,70
chr15,2768687,0.0020490196078431365,3.907631589333399,0.05212427681073515,1.2829599575200736,70
chr15,2772672,-0.002225490196078429,4.586891125917968,0.03580282620251952,1.4460826896769834,70
chr15,2784811,-0.0020756302521008404,3.2035115283557967,0.07852676914516724,1.1049822705126626,62
chr15,2801374,0.0021523809523809525,4.396712861288106,0.03967573056525403,1.401475067659759,71
chr15,2824620,-0.00257192118226601,5.273905169722787,0.025039058971688646,1.6013819969904615,64
chr15,2862639,0.0022306722689075624,4.488605020168968,0.03783289455386904,1.42213043003471,69
chr15,2873502,0.0021363636363636368,4.148979180769731,0.045613615359554056,1.340905503981862,69
chr15,2907972,0.002314705882352941,4.886992009472645,0.03047812932737453,1.5160116924417033,69
chr15,2907987,0.002314705882352941,4.886992009472645,0.03047812932737453,1.5160116924417033,69
chr15,2943645,0.002053781512605042,3.815223278110229,0.054966781858806234,1.2598996889370329,69
chr15,2999402,0.002,3.2253606990449035,0.07737857385681823,1.1113792789029864,64
chr15,2999418,-0.002,3.2253606990449035,0.07737857385681823,1.1113792789029864,64
chr15,3014212,0.0022134581105169348,4.216685887144306,0.04405601169868725,1.3559948212036705,67
chr15,3020744,-0.0022075163398692804,4.5018526112131685,0.03750486742724157,1.4259123653492385,70
chr15,3022244,-0.002198214285714286,4.12635770280872,0.04631291279656462,1.3342979037028595,67
chr15,3022272,-0.002198214285714286,4.12635770280872,0.04631291279656462,1.3342979037028595,67
chr15,3022364,-0.002201388888888889,4.258404897733799,0.042992859285293235,1.366603670711524,68
chr15,3033721,0.0021544117647058813,4.3463047640555965,0.040847024756309455,1.388839571419805,70
chr15,3033782,-0.002154411764705881,4.3463047640555965,0.040847024756309455,1.388839571419805,70
chr15,3063360,0.0021544117647058813,4.3463047640555965,0.040847024756309455,1.388839571419805,70
chr15,3063660,-0.0022523847376788564,4.835884779390493,0.031227870671199653,1.50545762791439,71
chr15,3095766,-0.0021760979729729727,4.270289078941423,0.042652922911332734,1.3700512022275917,69
chr15,3096678,-0.0020541125541125548,3.7413700007110187,0.057369866223392074,1.241316162816014,68
chr15,3109228,0.0022031249999999994,4.362627436942334,0.04059634539170273,1.3915130611926612,68
chr15,3120922,-0.002493055555555555,5.542882314494854,0.021540869361350877,1.666736773126316,68
chr15,3120925,0.002408928571428572,5.065107233794053,0.027801929878871156,1.5559250563605533,67
chr15,3130999,-0.002209967320261437,4.5362363824414285,0.03680645391391668,1.4340760222654534,70
chr15,3194454,-0.002260851760851762,4.727345666521865,0.033170238832944836,1.479251401454391,70
chr15,3201603,-0.002260851760851762,4.727345666521865,0.033170238832944836,1.479251401454391,70
chr15,3218613,0.002252384737678856,4.835884779390493,0.031227870671199653,1.50545762791439,71
chr15,3218626,-0.0022523847376788564,4.835884779390493,0.031227870671199653,1.50545762791439,71
chr15,3219297,-0.002332347972972973,4.897140293350319,0.03031204555078049,1.5183847551057952,69
chr15,3262378,-0.0022523847376788564,4.835884779390493,0.031227870671199653,1.50545762791439,71
chr15,3277906,0.0021405228758169925,4.303603432746887,0.041819531321161486,1.3786208387056718,70
chr15,3294316,-0.0021904761904761906,3.8985011703574943,0.05271644774939593,1.2780538619726964,65
chr15,3357010,0.0025244115082824754,5.671335570291224,0.020136662212682233,1.6960125150508354,68
chr15,3357018,0.0025244115082824754,5.671335570291224,0.020136662212682233,1.6960125150508354,68
chr15,3365127,-0.0021161317567567565,4.2184281976629014,0.04389248795481462,1.3576098013736748,69
chr15,3365139,-0.0021161317567567565,4.2184281976629014,0.04389248795481462,1.3576098013736748,69
chr15,3365188,-0.0021161317567567565,4.2184281976629014,0.04389248795481462,1.3576098013736748,69
chr15,3367919,-0.002293859649122806,5.0115663464714375,0.02840689602232899,1.5465762183721339,71
chr15,3373809,0.0022938596491228055,5.0115663464714375,0.02840689602232899,1.5465762183721339,71
chr15,3399922,0.0018970588235294112,3.1844011356183586,0.07887158597560005,1.103079426150945,69
chr15,3399938,0.0019264705882352942,3.191196939045761,0.07862870503462356,1.1044188768321268,68
chr15,3401840,-0.0018364527629233518,2.8331105331606636,0.0971369638373653,1.012615475181342,67
chr15,3401914,-0.0018364527629233518,2.8331105331606636,0.0971369638373653,1.012615475181342,67
chr15,3410277,-0.0018142857142857142,3.0673484827952744,0.0843234217105118,1.07405177879373,71
chr15,3442225,0.0018227124183006523,3.0083086370697787,0.08736983924741189,1.0586384633500014,70
chr15,3475166,0.0018424603174603176,3.1677634659290206,0.07950840459615252,1.0995869609434559,71
chr15,3484780,0.0020367965367965373,3.611682621043131,0.061744054623337825,1.2094048545636265,68
chr15,3484783,0.0020367965367965373,3.611682621043131,0.061744054623337825,1.2094048545636265,68
chr15,3498262,-0.0018424603174603176,3.1677634659290206,0.07950840459615252,1.0995869609434559,71
chr15,3580503,0.0016879968203497618,2.6350705731798056,0.10908773022402896,0.9622240944681474,71
chr15,3580556,-0.001687996820349762,2.6350705731798056,0.10908773022402896,0.9622240944681474,71
chr15,3580652,0.0016879968203497618,2.6350705731798056,0.10908773022402896,0.9622240944681474,71
chr15,3580781,-0.0019930252833478645,3.449025911844149,0.0677518418878518,1.1690788936512397,68
chr15,3586071,0.0021777777777777785,3.9626847870234907,0.05079327988992953,1.2941937424360939,66
chr15,3613145,0.0015777027027027027,2.2231649751734306,0.14064743783912584,0.8518681749276079,69
chr15,3613336,0.0014722222222222218,1.904615265089046,0.17221970700094746,0.7639171539737261,68
chr15,3631844,-0.0017630718954248358,2.811793042916943,0.09816546105821261,1.0080412893043258,70
chr15,3656874,-0.0014406565656565657,1.9025487090903668,0.17238011114148996,0.7635128436144295,69
chr15,3665843,-0.0010199362041467305,0.9362428589446952,0.33662534245642417,0.47285319176280327,71
chr15,3706454,-0.0012049335863377614,1.1306422330108168,0.2916972244635368,0.5350677032262449,65
chr15,3706475,-0.0012049335863377614,1.1306422330108168,0.2916972244635368,0.5350677032262449,65
chr15,3743080,0.0007592592592592591,0.4212426825510945,0.5187538626206946,0.28503865652831745,63
chr15,3745767,0.0010059907834101384,0.8120256150753071,0.3709006771468416,0.4307423737868703,66
chr15,3791022,-0.001040296052631579,0.9443935019067258,0.33459468783034874,0.4754809583654958,70
chr15,3803508,0.00101993620414673,0.9362428589446952,0.33662534245642417,0.47285319176280327,71
chr15,3803524,0.00101993620414673,0.9362428589446952,0.33662534245642417,0.47285319176280327,71
chr15,3803536,0.00101993620414673,0.9362428589446952,0.33662534245642417,0.47285319176280327,71
chr15,3803611,0.00101993620414673,0.9362428589446952,0.33662534245642417,0.47285319176280327,71
chr15,3803623,0.00101993620414673,0.9362428589446952,0.33662534245642417,0.47285319176280327,71
chr15,3813946,0.00030050505050505067,0.07606380757004019,0.7835531069407828,0.10593156298644649,69
chr15,3813965,0.00030050505050505067,0.07606380757004019,0.7835531069407828,0.10593156298644649,69
chr15,3837163,-0.00031520737327188955,0.07778879154953675,0.7812158991228664,0.1072289266347413,66
chr15,3967274,0.00037275985663082445,0.11394341264848185,0.7367862034429751,0.13265851503797693,67
chr15,3968958,0.00024880763116057235,0.05518829998351156,0.8149651216012168,0.08886097754255266,71
chr15,3968998,0.00024880763116057235,0.05518829998351156,0.8149651216012168,0.08886097754255266,71
chr15,3994624,0.0005939393939393938,0.27116776909979506,0.6044346653552618,0.21865063609214355,63
chr15,3996979,0.0004822635135135136,0.19936494524975432,0.6566737863209273,0.1826503199137093,69
chr15,4003326,0.00019093286835222332,0.030173932887333912,0.8626278482064722,0.06417652563919855,68
chr15,4003341,0.00019093286835222332,0.030173932887333912,0.8626278482064722,0.06417652563919855,68
chr15,4003369,0.00019093286835222332,0.030173932887333912,0.8626278482064722,0.06417652563919855,68
chr15,4040490,-0.00024368686868686868,0.05037675639342768,0.8230920598280749,0.08455158782614304,69
chr15,4053139,7.142857142857154e-05,0.004479861704034177,0.9468324282060862,0.023726876271275104,70
chr15,4053141,7.142857142857154e-05,0.004479861704034177,0.9468324282060862,0.023726876271275104,70
chr15,4053145,7.142857142857154e-05,0.004479861704034177,0.9468324282060862,0.023726876271275104,70
chr15,4053213,7.142857142857154e-05,0.004479861704034177,0.9468324282060862,0.023726876271275104,70
chr15,4057322,0.00018137254901960765,0.028965656722803084,0.865363709859146,0.06280132145343324,70
chr15,4119926,0.0007640692640692642,0.5095838919374523,0.4778359620245234,0.3207211682716099,68
chr15,4120354,0.0004115079365079364,0.1514156342294914,0.6983844818098704,0.1559054192727297,71
chr15,4127769,0.000460858585858586,0.18074372603725508,0.6720972236466038,0.17256789861417413,69
chr15,4127905,0.000460858585858586,0.18074372603725508,0.6720972236466038,0.17256789861417413,69
chr15,4154762,-0.0002205882352941175,0.04337205464731606,0.8356398092803792,0.07798087872167868,71
chr15,4181274,0.00022095959595959584,0.041771040405133616,0.8386764088962055,0.07640557306731026,69
chr15,4188817,0.00027124183006535947,0.05031968302577439,0.8232829604229014,0.08445087313565397,61
chr15,4214884,-0.00025757575757575784,0.05743765877579874,0.8113135929531774,0.09081124768157725,70
chr15,4222400,-0.00022727272727272714,0.04466948839587524,0.8332450847260968,0.07922723954277511,70
chr15,4242137,0.00035386029411764696,0.09961175210765418,0.7533229530889948,0.1230187997942473,66
chr15,4255239,0.00022058823529411744,0.04337205464731606,0.8356398092803792,0.07798087872167868,71
chr15,4284090,0.00045490196078431367,0.15523696248583976,0.6949320147525636,0.15805768039119833,64
chr15,4284355,-0.00032121212121212126,0.07624627624207132,0.7833836758741499,0.10602548250942334,63
chr15,4306267,0.00030718954248366,0.0819259723734978,0.7755743748241555,0.11037654855712213,70
chr15,4354346,0.00023650793650793625,0.049942234681969636,0.8238241412279649,0.08416548568808234,71
chr15,4384907,0.00010771065182829879,0.01033605377252986,0.9193163495811055,0.03653501610463967,71
chr15,4385239,-0.0002489762489762492,0.05446946837583019,0.8161620912767514,0.08822358100560826,70
chr15,4386052,-0.00027972350230414745,0.06109530524541784,0.8055642690328093,0.09389980524741959,66
chr15,4394870,-0.0004552083333333333,0.15357462554646636,0.6965309484191979,0.1570595821415595,62
chr15,4421616,0.0005588235294117646,0.27292408847753097,0.603126189995401,0.21959181242852382,68
chr15,4440318,0.0005562880324543612,0.22790695675881886,0.6347862694697617,0.19737247567586455,63
chr15,4447087,0.00029880952380952373,0.07975407221369861,0.7784763644198154,0.10875456865511039,71
chr15,4454551,0.0003348484848484851,0.0823914923933565,0.7750551082711491,0.1106674170198928,63
chr15,4457177,0.00018571428571428593,0.030295361319371904,0.8623388895675875,0.0643220277416932,70
chr15,4457197,0.00018571428571428593,0.030295361319371904,0.8623388895675875,0.0643220277416932,70
chr15,4457762,0.0002916666666666667,0.07378835544613185,0.7867217511187858,0.10417884238168029,70
chr15,4459934,0.00029880952380952373,0.07975407221369861,0.7784763644198154,0.10875456865511039,71
chr15,4459935,0.00029880952380952373,0.07975407221369861,0.7784763644198154,0.10875456865511039,71
chr15,4460889,0.00029880952380952373,0.07975407221369861,0.7784763644198154,0.10875456865511039,71
chr15,4461325,0.00029880952380952373,0.07975407221369861,0.7784763644198154,0.10875456865511039,71
chr15,4462930,0.00035294117647058826,0.10441317029761639,0.7476181498131784,0.12632016386352296,68
chr15,4495451,7.465437788018456e-05,0.004580416018457774,0.9462523451250322,0.02399303116574264,66
chr15,4506673,0.0002926267281105992,0.06829633172395069,0.7946728340778513,0.09981163310332854,66
chr15,4507494,0.00025914149443561236,0.05987189385796732,0.8074247351552188,0.09289795027265133,71
chr15,4507619,0.0002766047297297299,0.06420714319457592,0.8007417792744236,0.0965075112767933,69
chr15,4507655,0.0002766047297297299,0.06420714319457592,0.8007417792744236,0.0965075112767933,69
chr15,4507707,0.0002766047297297299,0.06420714319457592,0.8007417792744236,0.0965075112767933,69
chr15,4577882,0.00038655462184873944,0.1280624938321624,0.7215743696513466,0.14171890134842619,69
chr15,4578045,0.00025163398692810437,0.05490758725883911,0.815437800503107,0.08860916022577625,70
chr15,4581062,0.0002600327600327602,0.058487175026337386,0.809631042974261,0.0917128484119344,70
chr15,4603817,0.00010851760851760876,0.010378687223536746,0.9191550404629527,0.036611226874579954,70
chr15,4603875,-0.00010851760851760876,0.010378687223536746,0.9191550404629527,0.036611226874579954,70
chr15,4604350,0.0003005050505050505,0.07778669870219569,0.7811785834373219,0.10724967171097444,69
chr15,4617959,-0.00025760135135135127,0.05726907567863045,0.811596094299253,0.09066005161942577,69
chr15,4618163,-0.00012993421052631582,0.014717382035234821,0.9037991454230924,0.043928073646785186,70
chr15,4702955,-0.00019164619164619185,0.0322623460135676,0.8579872446907403,0.06651916856341966,70
chr15,4703105,-0.00031220095693779864,0.08665683879007462,0.7693549081939599,0.11387327123483547,71
chr15,4740937,-0.00019164619164619185,0.0322623460135676,0.8579872446907403,0.06651916856341966,70
chr15,4777979,-0.00027538314176245196,0.05859416948578149,0.8095181108283284,0.09177343061064339,65
chr15,4783813,-0.00016891891891891893,0.024304041087323622,0.8765825551969643,0.05720717645764974,69
chr15,4802916,-0.00031220095693779864,0.08665683879007462,0.7693549081939599,0.11387327123483547,71
chr15,4843523,-0.0005538461538461536,0.2556264440539927,0.6148002484606957,0.21126596565978872,69
chr15,4868045,-0.0004170168067226891,0.12872407842001335,0.7210180717472311,0.1420538498967398,62
chr15,4929680,0.0006175136116152447,0.3038358702735433,0.5833774843922561,0.23405033660080907,67
chr15,4968335,-0.0005929276315789475,0.30397356753680504,0.5832091865953948,0.23417564371569072,70
chr15,5001634,-0.000754577157802964,0.48015899045473204,0.4907815188288519,0.30911179969761676,68
chr15,5011541,-0.000787186379928315,0.49805358100748043,0.48287832306081857,0.31616229011916946,67
chr15,5011544,-0.0007380122057541412,0.44906220723619233,0.5051186298397433,0.29660661349637374,68
chr15,5011712,-0.0005217959895379248,0.2253839345046469,0.6365350792967455,0.19617765748525698,68
chr15,5030947,0.0006516047297297291,0.3583080303104419,0.5514658289990273,0.25848139299157874,69
chr15,5051198,0.0004613486842105263,0.18661918395786856,0.6671122202706357,0.1758011037972817,70
chr15,5082387,0.0007482456140350879,0.4612037158989678,0.4994366728949833,0.3015195712134048,68
chr15,5103451,0.0003459252971137517,0.10260539922612714,0.7497220431664128,0.12509971993313201,69
chr15,5103460,-0.0002894736842105261,0.06965599972553892,0.7926606442740604,0.10091270406080707,68
chr15,5103473,0.0003459252971137517,0.10260539922612714,0.7497220431664128,0.12509971993313201,69
chr15,5105975,-0.0005717317487266553,0.28004175228656036,0.5984228409835638,0.2229918383992608,69
chr15,5107628,-0.0005248138957816375,0.23714506867240992,0.6278418232958165,0.2021497574133015,70
chr15,5122026,-0.00028389154704944154,0.07163823620683923,0.7897647317041866,0.10250226432985236,71
chr15,5122050,-0.00028389154704944154,0.07163823620683923,0.7897647317041866,0.10250226432985236,71
chr15,5122101,-0.00026478040540540515,0.06017203170308538,0.8069740522499265,0.09314042952309201,69
chr15,5163356,0.0011601307189542478,1.3057636077866674,0.2577790273810126,0.5887524192681378,61
chr15,5165961,-0.0003684210526315786,0.11457196706675901,0.73607232841379,0.13307950864125323,68
chr15,5166185,0.00020592948717948722,0.03749551800647584,0.8470285672271,0.0721019422314234,71
chr15,5169938,8.717105263157894e-05,0.006644992364826735,0.9352704077825114,0.029062806636161183,70
chr15,5173932,-0.0003097601323407773,0.08279887120431548,0.7744148564884498,0.11102632405056038,70
chr15,5174030,0.00019896331738436982,0.03516872489808009,0.8517929254235166,0.06966597128538295,71
chr15,5189928,-5.6587837837837424e-05,0.0027280484878116885,0.958500268019984,0.01840776134660319,69
chr15,5210929,-0.00020592948717948714,0.03749551800647584,0.8470285672271,0.0721019422314234,71
chr15,5251182,-4.532019704433502e-05,0.0015283591281410015,0.9689408719397922,0.01370272426375225,64
chr15,5415670,2.163461538461567e-05,0.00041362550040806404,0.9838326118003317,0.007078785669563289,71
chr15,5425620,7.816377171215871e-05,0.0052661052183010405,0.9423629715570637,0.025781787035303688,70
chr15,5425669,-2.1634615384615468e-05,0.00041362550040806404,0.9838326118003317,0.007078785669563289,71
chr15,5433285,-2.1634615384615468e-05,0.00041362550040806404,0.9838326118003317,0.007078785669563289,71
chr15,5442199,-7.298387096774182e-05,0.004677315560302845,0.9456722680129623,0.02425934653052533,71
chr15,5443857,-0.00010388513513513531,0.00906786620787864,0.9244200749506178,0.034130631836793345,69
chr15,5443988,0.00010261824324324327,0.00896509986942755,0.9248482651303258,0.03392951377129126,69
chr15,5444000,0.00010261824324324327,0.00896509986942755,0.9248482651303258,0.03392951377129126,69
chr15,5444001,0.00010261824324324327,0.00896509986942755,0.9248482651303258,0.03392951377129126,69
chr15,5450813,-0.00025328947368421053,0.06402934882298976,0.8010005505771027,0.09636718539826496,70
chr15,5468172,0.00020707070707070714,0.036941146950994604,0.8481662809248995,0.07151899702525444,69
chr15,5470891,0.0001154214559386973,0.010235091246318917,0.9197378922384098,0.03633592066852112,65
chr15,5498595,-0.00014442567567567576,0.017484212712981725,0.8952003478578292,0.04807975772109784,69
chr15,5512474,0.00029687500000000005,0.06621462508357377,0.7977822971667943,0.09811560493778107,64
chr15,5544890,-0.00016905901116427442,0.0253878374701807,0.8738699469656587,0.05855319610456178,71
chr15,5548302,-0.00016905901116427442,0.0253878374701807,0.8738699469656587,0.05855319610456178,71
chr15,5548371,-7.559121621621616e-05,0.00485218683534997,0.9446736465100888,0.024718199955414757,69
chr15,5582418,-0.00029040404040404054,0.07209626559122688,0.789133749091764,0.10284938263375021,69
chr15,5635319,-0.00012260536398467454,0.011490338000229501,0.9149765059290655,0.03859005727383591,65
chr15,5645002,0.000403767403767404,0.14937821561286918,0.7003370397568482,0.15469290387246193,70
chr15,5645030,-0.00016905901116427442,0.025387837470180707,0.8738699469656587,0.05855319610456178,71
chr15,5645041,-0.00016905901116427442,0.025387837470180707,0.8738699469656587,0.05855319610456178,71
chr15,5648878,-0.0004288194444444446,0.15424982341077315,0.695772340564397,0.15753284000208106,68
chr15,5648931,-0.0004288194444444446,0.15424982341077315,0.695772340564397,0.15753284000208106,68
chr15,5657616,-0.0006785714285714287,0.37045047662049496,0.5448800628471315,0.26369908263338915,67
chr15,5696638,-0.0011730769230769238,1.2021583915607728,0.2768160449817621,0.5578087406419825,69
chr15,5696699,0.0012853901996370237,1.3655888176798663,0.24683930900978615,0.6075856779992528,67
chr15,5700075,-0.001202233250620347,1.2609199813522776,0.26542606462789947,0.5760564320056546,70
chr15,5765497,-0.000836466165413534,0.5571107659646634,0.45815979012630315,0.3389830288361654,66
chr15,5803130,-0.001120879120879121,1.0155167793364728,0.3173215546732397,0.4985004266146664,67
chr15,5809574,0.0009787775891341264,0.8708703241334006,0.3540654340363656,0.45091646957065196,69
chr15,5809742,0.0008548387096774193,0.6317059313367174,0.42949561312431783,0.3670412677014965,70
chr15,5816622,-0.0008749999999999999,0.6832851413114436,0.4113071490073896,0.38583374187065006,71
chr15,5816655,0.0008749999999999999,0.6832851413114436,0.4113071490073896,0.38583374187065006,71
chr15,5877212,0.0009888663967611339,0.7131275148311177,0.40165431889923986,0.3961475588038421,64
chr15,5881848,-0.0011986863711001643,1.2618882864525998,0.2651872720096747,0.5764473242665713,71
chr15,5904172,-0.0009541595925297117,0.8144657158013154,0.3700363553681145,0.4317556052299838,69
chr15,5944446,-0.0007375000000000001,0.46555708601664864,0.497356000858055,0.3033326377025146,70
chr15,5958750,0.0007600806451612902,0.51101936558361,0.4771096557608331,0.3213817940861911,71
chr15,5958755,0.0007600806451612902,0.51101936558361,0.4771096557608331,0.3213817940861911,71
chr15,5985415,0.0008375,0.6129258744385311,0.4364063805924685,0.36010890832236947,70
chr15,5995042,0.000818744473916888,0.5476226656851901,0.461915011171928,0.335437923955654,68
chr15,6066950,0.0020414725069897483,3.627655766791773,0.06132292048400458,1.2123771701926653,66
chr15,6119023,0.0016714743589743598,2.560532269753526,0.11413082433501902,0.9425970459350494,71
chr15,6119097,0.0016714743589743598,2.560532269753526,0.11413082433501902,0.9425970459350494,71
chr15,6120125,0.0016773648648648642,2.4501517982420116,0.12222480129503552,0.9128406601106782,69
chr15,6126898,0.0016940789473684215,2.563219583325637,0.11401156492282342,0.9430510931598353,70
chr15,6126953,0.0018423076923076926,2.967936027624586,0.08954320581726616,1.047967361104847,69
chr15,6152447,0.0017650392327811682,2.6746595091167986,0.10671791740347447,0.9717626585868616,68
chr15,6167543,0.001907094594594594,3.3904340005149094,0.07000297909742823,1.154883477442262,69
chr15,6350800,0.0018801169590643276,2.9558496456299017,0.09047749481950738,1.0434594328519013,65
chr15,6368301,-0.0018421474358974363,3.135109552875995,0.08104009304953322,1.0913000689943255,71
chr15,6368401,0.0018421474358974363,3.135109552875995,0.08104009304953322,1.0913000689943255,71
chr15,6368403,0.0018421474358974363,3.135109552875995,0.08104009304953322,1.0913000689943255,71
chr15,6368449,0.0018421474358974363,3.135109552875995,0.08104009304953322,1.0913000689943255,71
chr15,6371511,-0.0017262200165425975,2.693152376602898,0.10539798185516928,0.9771677048497991,70
chr15,6371650,-0.0018858974358974365,3.1672118799751954,0.07966553651536358,1.0987295147165799,69
chr15,6372375,0.002,3.4745017216678824,0.06690949748509795,1.1745122318193968,66
chr15,6372695,0.0017942942942942943,2.4590004350446013,0.12194318987510828,0.913842448587201,64
chr15,6388022,0.0020281749369217843,3.6911019767577216,0.05889639284535347,1.2299113030962632,70
chr15,6388214,0.0020281749369217843,3.6911019767577216,0.05889639284535347,1.2299113030962632,70
chr15,6398525,0.0020267241379310344,3.57372781922539,0.06302624174350745,1.2004785890939487,69
chr15,6398621,0.0019419680403700598,3.334196828601387,0.07224408622476874,1.1411976977072815,70
chr15,6412903,-0.001979166666666666,3.499192511579774,0.06570271499521294,1.182416683970246,70
chr15,6425781,0.0018103448275862068,2.7230971194223828,0.10373043963393669,0.9840937814586531,67
chr15,6425989,-0.0020000000000000005,3.5087578909931527,0.06540820487453453,1.1843677698984902,69
chr15,6426219,-0.001979166666666666,3.499192511579774,0.06570271499521294,1.182416683970246,70
chr15,6448455,-0.0017089743589743592,2.5790289335085252,0.11299142796450985,0.9469545027902276,69
chr15,6486038,0.001641447368421053,2.4074794792062133,0.12539871469047995,0.9017069149063615,70
chr15,6486068,0.001641447368421053,2.4074794792062133,0.12539871469047995,0.9017069149063615,70
chr16,16269,0.0011624053030303031,1.0803558509273268,0.30259071129468856,0.5191444077582288,65
chr16,25640,0.0012601010101010103,1.468502667597486,0.22983851320659957,0.6385771963976702,69
chr16,83260,0.0016959921798631481,2.178090865278149,0.14504892241332784,0.838485493277614,64
chr16,83583,0.0017121212121212123,2.147408858172854,0.14794643966159285,0.8298954816958382,63
chr16,165228,-0.0007496031746031745,0.5050008403309494,0.4797061744866552,0.3190246915232101,71
chr16,232586,-9.872922776148586e-05,0.007737602844731695,0.930189075877724,0.031428765140436944,64
chr16,232632,-9.872922776148586e-05,0.007737602844731695,0.930189075877724,0.031428765140436944,64
chr16,296517,0.00024880763116057214,0.05518829998351158,0.8149651216012168,0.08886097754255266,71
chr16,296798,-0.00042812499999999974,0.1543017554642327,0.6957431775187682,0.15755104367948072,67
chr16,296824,-0.00042812499999999974,0.1543017554642327,0.6957431775187682,0.15755104367948072,67
chr16,296904,-0.00042812499999999974,0.1543017554642327,0.6957431775187682,0.15755104367948072,67
chr16,313979,0.00042232597623089965,0.15167268440799975,0.6981771345031189,0.156034378554969,69
chr16,388079,0.0002861607142857141,0.06718535685992086,0.7962990085990325,0.09892382497478443,67
chr16,388134,-0.00010753676470588243,0.010703159757978165,0.9179245154307414,0.037193031086099226,66
chr16,388151,-0.0012500000000000002,1.3054614097558905,0.25754171943858145,0.5891524091301062,65
chr16,406067,-0.00012059294871794833,0.012853786128464972,0.9100628499462913,0.04092861378625168,71
chr16,414803,-4.626485568760595e-05,0.0019208423258460978,0.9651723326713118,0.01539513593481912,69
chr16,448006,-3.051438535309823e-06,7.687270904350338e-06,0.9977961572772377,0.0009581729529653502,68
chr16,448057,-3.051438535309823e-06,7.687270904350338e-06,0.9977961572772377,0.0009581729529653502,68
chr16,459256,-0.0005666666666666669,0.2678746450202308,0.6064915158224777,0.2171752700772983,68
chr16,471280,-0.00037903225806451595,0.10410674207218344,0.7480593011834489,0.1260639727827245,63
chr16,572152,-0.0011764705882352942,1.172916296427934,0.2827436607904537,0.5486071233241265,68
chr16,572321,0.0010370535714285714,0.9310191582235028,0.33817448056346,0.470859168378232,67
chr16,593444,0.0007237903225806445,0.3821932616942854,0.5387332982302191,0.26862618058785,63
chr16,593471,-0.0007237903225806447,0.3821932616942854,0.5387332982302191,0.26862618058785,63
chr16,616282,0.000862301587301587,0.6698482844979868,0.415922128441205,0.3809879731088461,71
chr16,616283,0.000862301587301587,0.6698482844979868,0.415922128441205,0.3809879731088461,71
chr16,616321,0.000862301587301587,0.6698482844979868,0.415922128441205,0.3809879731088461,71
chr16,636503,-0.0007606209150326792,0.5107101904405199,0.4772778275825561,0.32122874074838753,70
chr16,636512,-0.0007606209150326792,0.5107101904405199,0.4772778275825561,0.32122874074838753,70
chr16,658835,0.0006792929292929288,0.393456426016367,0.5326199943572131,0.2735825343371484,69
chr16,658982,0.0006486486486486482,0.34391587043753247,0.5596087562578037,0.2521154986750371,67
chr16,673308,-0.0005196163905841324,0.22635673524622896,0.6358095509092778,0.19667295255203837,68
chr16,673338,0.0005196163905841321,0.22635673524622746,0.6358095509092778,0.19667295255203837,68
chr16,673340,0.0005196163905841321,0.22635673524622746,0.6358095509092778,0.19667295255203837,68
chr16,673378,0.0005196163905841321,0.22635673524622746,0.6358095509092778,0.19667295255203837,68
chr16,742023,-0.000669047619047619,0.3407251338042648,0.5614950824295295,0.250654042934263,65
chr16,742024,-0.000669047619047619,0.3407251338042648,0.5614950824295295,0.250654042934263,65
chr16,763943,-0.0012747208931419454,1.4736598078635368,0.22890789870055425,0.6403392212927783,71
chr16,777404,0.0012233952702702697,1.3777060738077849,0.24464783111504426,0.6114586300530045,69
chr16,781162,-0.0012747208931419454,1.4736598078635368,0.22890789870055425,0.6403392212927783,71
chr16,783510,0.0012020833333333334,1.052320046636464,0.30909141315546124,0.5099130598703743,62
chr16,793183,-0.0012747208931419454,1.4736598078635368,0.22890789870055425,0.6403392212927783,71
chr16,794099,-0.0012747208931419454,1.4736598078635368,0.22890789870055425,0.6403392212927783,71
chr16,794105,-0.0012747208931419454,1.4736598078635368,0.22890789870055425,0.6403392212927783,71
chr16,803704,0.001274720893141945,1.4736598078635368,0.22890789870055425,0.6403392212927783,71
chr16,851559,0.0012233952702702697,1.3777060738077849,0.24464783111504426,0.6114586300530045,69
chr16,882748,0.001274720893141945,1.4736598078635368,0.22890789870055425,0.6403392212927783,71
chr16,927549,-0.000942989864864865,0.7548336444422372,0.3880518028132617,0.4111102945753266,69
chr16,935011,-0.0012759856630824374,1.3426389789943307,0.2508085112269862,0.6006577297384702,67
chr16,1024725,-0.0010806451612903228,0.8952638370852326,0.3476698869197302,0.45883292367091033,65
chr16,1033642,0.0012645021645021643,1.365124460018336,0.24685444690272765,0.6075590448758015,68
chr16,1040827,-0.0011878151260504204,1.2363867138544695,0.27014256970647477,0.568406973265837,69
chr16,1040842,-0.0011878151260504204,1.2363867138544695,0.27014256970647477,0.568406973265837,69
chr16,1085173,0.0011099206349206353,1.1169143232817123,0.294270024784961,0.5312539741677773,71
chr16,1089977,0.0011515151515151514,1.068825536344182,0.305101733558508,0.5155553247313878,66
chr16,1094713,0.0010821428571428573,0.9805195274645083,0.32574246904257986,0.4871256161098011,67
chr16,1134731,0.0010142857142857143,0.9142476129514057,0.34237694761625936,0.4654954842404619,70
chr16,1148651,-0.0011099206349206353,1.1169143232817123,0.294270024784961,0.5312539741677773,71
chr16,1148653,0.0011099206349206353,1.1169143232817123,0.294270024784961,0.5312539741677773,71
chr16,1195029,-0.0011970588235294117,1.3027516282135572,0.2577743135993317,0.5887603609075774,69
chr16,1221634,-0.0006027777777777778,0.32570315311162923,0.570054244699004,0.24408381616513866,71
chr16,1224778,0.00026215277777777787,0.06040878915756357,0.8066137169926926,0.09333439680449583,68
chr16,1224801,0.00026215277777777787,0.06040878915756357,0.8066137169926926,0.09333439680449583,68
chr16,1232237,0.00041696428571428575,0.14039991466138765,0.7091035116091963,0.14929036391509704,67
chr16,1257460,0.00037352941176470593,0.12088575970413461,0.7291657180566793,0.13717375802145007,69
chr16,1257535,0.00037352941176470593,0.12088575970413461,0.7291657180566793,0.13717375802145007,69
chr16,1257721,0.0004539170506912443,0.14481208090025582,0.7049577637695948,0.1518369021735411,59
chr16,1329751,-0.00025714285714285726,0.05829496745515229,0.8099379808428496,0.09154823495952724,70
chr16,1366444,-0.00013316993464052278,0.015612317825060822,0.9009323745680724,0.045307806639305816,70
chr16,1389382,0.00016260504201680672,0.022276737963364518,0.8818016170602626,0.05462910909360977,69
chr16,1389407,0.00016260504201680672,0.022276737963364518,0.8818016170602626,0.05462910909360977,69
chr16,1389626,-5.238095238095241e-05,0.0022643508902024196,0.9621905310224823,0.01673892133172938,68
chr16,1409507,0.0001861111111111111,0.030917293007503538,0.8609400523994707,0.06502708759222545,71
chr16,1459464,0.0006591269841269837,0.38980469173442317,0.5344610556699003,0.2720839348403405,71
chr16,1487009,-0.000919117647058823,0.6700948720319826,0.41605616468078155,0.38084803868938344,66
chr16,1508576,-0.0006591269841269837,0.38980469173442317,0.5344610556699003,0.2720839348403405,71
chr16,1603052,-0.00027268907563025185,0.06267820529788226,0.8030780413379546,0.0952422488987023,69
chr16,1605007,-0.00041212121212121214,0.1412342260125251,0.7082623401629076,0.14980584996252888,68
chr16,1629815,-0.0002646825396825397,0.06256140324754984,0.8032356180648045,0.09515704175031478,71
chr16,1629913,0.0004,0.14123132351382928,0.7082298249086738,0.14982578822387912,70
chr16,1640464,-0.0004,0.14123132351382928,0.7082298249086738,0.14982578822387912,70
chr16,1648218,-0.00042092803030303026,0.13504656542848623,0.7144875852598334,0.14600531298916256,65
chr16,1648314,0.00042092803030303026,0.13504656542848623,0.7144875852598334,0.14600531298916256,65
chr16,1702020,0.0004,0.14123132351382928,0.7082298249086738,0.14982578822387912,70
chr16,1725309,-0.0004403361344537813,0.16642921683605108,0.6846057269283454,0.16455947218181735,69
chr16,1725435,-0.0004403361344537813,0.16642921683605108,0.6846057269283454,0.16455947218181735,69
chr16,1736413,0.00018008658008658013,0.02673820116326039,0.87061013701066,0.060176280410687524,68
chr16,1756158,0.0002646825396825397,0.06256140324754984,0.8032356180648045,0.09515704175031478,71
chr16,1767516,0.0006478296478296478,0.3646884750156008,0.5479232480279729,0.26128027234122203,70
chr16,1771547,0.0006259936406995233,0.3508446895961457,0.5555714797919253,0.25526005682734054,71
chr16,1785225,0.00053125,0.2273223211793666,0.6351926442409503,0.19709453983798553,64
chr16,1785288,-0.0006268939393939393,0.3240549551488819,0.571205001381913,0.24320799860047881,65
chr16,1785325,-0.0006268939393939393,0.3240549551488819,0.571205001381913,0.24320799860047881,65
chr16,1809401,0.0006439393939393941,0.3504810765921419,0.5558334888335335,0.25505529063266014,69
chr16,1839369,0.0005394957983193274,0.24604087188369642,0.6215000324996073,0.20655884431211963,69
chr16,1858582,-0.000998847926267281,0.6503865977679606,0.42332661934550264,0.3733244216479317,59
chr16,1905469,-0.0007904411764705884,0.4940862135683663,0.48465926919484204,0.31456347688793224,66
chr16,1905801,-0.0007785947712418297,0.5294222276933812,0.46934779714808084,0.32850521612491357,70
chr16,1905830,-0.0007785947712418297,0.5294222276933812,0.46934779714808084,0.32850521612491357,70
chr16,1905900,-0.0007785947712418297,0.5294222276933812,0.46934779714808084,0.32850521612491357,70
chr16,1911140,0.0008952762923351159,0.6508163824566241,0.4227629763965489,0.37390305317806133,67
chr16,1911649,0.0008962418300653587,0.7144052040512328,0.40094948936882346,0.39691033528528363,70
chr16,1911981,0.0007638888888888885,0.5093286122838074,0.47787203363443753,0.32068838482474604,70
chr16,1915338,0.0009305555555555553,0.7479249695202501,0.3902199222736755,0.40869056192085074,69
chr16,1927801,-0.001035714285714286,0.8872769532793863,0.3497041088527919,0.4562992649123417,67
chr16,1927814,0.001035714285714286,0.8872769532793863,0.3497041088527919,0.4562992649123417,67
chr16,1927897,-0.0011133004926108375,0.9315401892454648,0.3382127078066831,0.4708100785045818,64
chr16,1927902,-0.0010523809523809526,0.8593913955928643,0.35744700246288785,0.446788340559775,65
chr16,1927918,0.0011133004926108375,0.9315401892454648,0.3382127078066831,0.4708100785045818,64
chr16,1967879,0.000900252525252525,0.6993242876308592,0.40598347176382654,0.39149164688556487,69
chr16,1968319,0.0010160714285714285,0.8435358877026976,0.3617830847356559,0.44155174255552737,67
chr16,1968325,0.0010160714285714285,0.8435358877026976,0.3617830847356559,0.44155174255552737,67
chr16,1968357,0.0010160714285714285,0.8435358877026976,0.3617830847356559,0.44155174255552737,67
chr16,1968374,0.0009513888888888886,0.7580257920693774,0.3871028466376766,0.4121736349985616,68
chr16,2139670,-0.0011537001897533208,1.0287987879091096,0.3143206426060563,0.502627096311359,65
chr16,2139882,-0.000991626794258373,0.8843344520879505,0.35029784779585427,0.4555625309473825,71
chr16,2145222,0.001152138157894737,1.1808467801600901,0.2810207004918052,0.5512616880015332,70
chr16,2145286,0.001152138157894737,1.1808467801600901,0.2810207004918052,0.5512616880015332,70
chr16,2145289,0.001152138157894737,1.1808467801600901,0.2810207004918052,0.5512616880015332,70
chr16,2151336,-0.001808080808080808,2.867402724553981,0.09503557701021134,1.0221137841132737,69
chr16,2177157,0.0015011961722488035,2.0608456855849258,0.15564419106670102,0.8078670833640839,71
chr16,2193875,-0.002305092592592593,4.443253245192994,0.038900185911143914,1.4100483230961178,67
chr16,2194420,0.0015997596153846164,2.3382400951228597,0.1308038405899591,0.8833795043103786,71
chr16,2194440,-0.0015997596153846162,2.3382400951228597,0.1308038405899591,0.8833795043103786,71
chr16,2194618,-0.0015924317617866002,1.6496349868263631,0.2043923482474169,0.6895353667375499,57
chr16,2194620,-0.0015924317617866002,1.6496349868263631,0.2043923482474169,0.6895353667375499,57
chr16,2194644,-0.0015924317617866002,1.6496349868263631,0.2043923482474169,0.6895353667375499,57
chr16,2194710,0.001803970223325062,2.1674520289980888,0.1466591786235633,0.8336907516345098,57
chr16,2194720,0.001803970223325062,2.1674520289980888,0.1466591786235633,0.8336907516345098,57
chr16,2194745,0.001803970223325062,2.1674520289980888,0.1466591786235633,0.8336907516345098,57
chr16,2194755,0.001803970223325062,2.1674520289980888,0.1466591786235633,0.8336907516345098,57
chr16,2207412,-0.0016637717121588088,2.4565795269617503,0.12167547042989826,0.9147969659826356,70
chr16,2267243,0.0018822916666666669,2.600326766732545,0.1120897878598408,0.9504339527765361,62
chr16,2277043,0.001660876757650951,2.4858091739096806,0.11951847845464801,0.9225649443352067,70
chr16,2301281,0.0017020373514431242,2.5474310909940927,0.11518017399386517,0.9386222697502135,69
chr16,2329054,0.0015748638838475504,1.9964243235025294,0.16244150968450524,0.7893029829556812,67
chr16,2329072,-0.0015275891341256364,2.0034686552568566,0.16157131702566765,0.7916357349173393,69
chr16,2338037,-0.0017120582120582122,2.217600029527054,0.141597307618076,0.8489450043985755,63
chr16,2373370,-0.0016109040074557318,2.0932055968735437,0.1528356240964318,0.8157754052807943,66
chr16,2384696,0.001301209677419355,1.5193835854901596,0.2218962355210472,0.6538500655296157,71
chr16,2406571,0.001400330851943755,1.748590157480827,0.190484636136963,0.720140047337543,70
chr16,2560051,-0.0014487179487179492,1.754827813397881,0.1898395211664555,0.7216133702133279,68
chr16,2560133,-0.0014487179487179492,1.754827813397881,0.1898395211664555,0.7216133702133279,68
chr16,2595625,-0.0012667876588021779,1.2767769621140166,0.26265167442772236,0.5806198261862021,67
chr16,2599221,-0.001665540540540541,2.1693607066897664,0.1457635304841941,0.8363511213587593,65
chr16,2661120,0.0010482456140350873,0.9896927754396224,0.3232935032177695,0.49040302271607367,71
chr16,2670844,-0.0010855855855855857,1.0345949740759397,0.3126872810138844,0.5048897839244083,70
chr16,2672770,-0.0010482456140350877,0.9896927754396224,0.3232935032177695,0.49040302271607367,71
chr16,2672974,-0.001221132897603486,1.118612553138074,0.29452865511978293,0.530872445681647,61
chr16,2683943,-0.0013255517826825129,1.5337277024320484,0.21987549292132383,0.6578231739232442,69
chr16,2706256,-0.0012884615384615385,1.4273154889214947,0.23641520214604267,0.6263246005663118,69
chr16,2706448,0.0010592948717948723,1.0060664565757915,0.3193516686509569,0.49573081025905863,71
chr16,2706449,0.0010592948717948723,1.0060664565757915,0.3193516686509569,0.49573081025905863,71
chr16,2731063,-0.0013850877192982459,1.6283789743947727,0.20639989629201044,0.6852905252610031,68
chr16,2788906,0.0015875000000000004,2.2861079041112995,0.1351036711003016,0.8693328499643332,71
chr16,2877153,0.000830952380952381,0.5290321464075268,0.4696257980576758,0.3282480539104587,67
chr16,2888086,-0.0006980519480519478,0.3309142074362541,0.5672031621503504,0.24626135663207727,64
chr16,2888175,-0.0004999999999999999,0.2088564451467155,0.6491218311998741,0.18767378447509717,70
chr16,2923564,-0.0006818181818181817,0.36820523943232736,0.5460349847410118,0.2627795309340386,69
chr16,2954011,-0.0009465116279069767,0.7235426743782193,0.3980597648057288,0.400051717934459,68
chr16,2957457,0.001113636363636363,0.9247313769208318,0.339854955687936,0.4687063929118448,66
chr16,2958397,-0.0008992094861660078,0.6161272141043364,0.4353417119760018,0.3611697192126284,67
chr16,3024560,-0.00099953095684803,0.7912515479776423,0.37700231765107084,0.4236559799268938,67
chr16,3097678,-0.0008875968992248061,0.6542240954394963,0.4214274760678727,0.37527715283883206,70
chr16,3097684,-0.0008875968992248061,0.6542240954394963,0.4214274760678727,0.37527715283883206,70
chr16,3101229,0.0011632379248658316,1.1138350166718654,0.29504069151660445,0.5301180827255241,69
chr16,3101259,0.0012009302325581392,1.1418248679096434,0.2891598148025054,0.5388620620765266,68
chr16,3101264,0.0011632379248658316,1.1138350166718654,0.29504069151660445,0.5301180827255241,69
chr16,3108857,0.0012209302325581395,1.135244527407188,0.29060129634003085,0.5367024526943416,67
chr16,3110048,-0.0008571428571428568,0.6174590454670847,0.43472266466756426,0.36178771687504224,70
chr16,3110063,-0.0008571428571428568,0.6174590454670847,0.43472266466756426,0.36178771687504224,70
chr16,3134208,-0.0011137566137566137,1.0265871987068704,0.3146066620368055,0.5022320850973827,69
chr16,3155371,0.0010833333333333333,1.007141643490159,0.31914645047141943,0.49600998140572017,70
chr16,3179782,0.0011141114982578398,1.0406520801510648,0.3113393385118912,0.5067660016455914,69
chr16,3179819,0.0011141114982578398,1.0406520801510648,0.3113393385118912,0.5067660016455914,69
chr16,3224242,0.0008934056007226741,0.6459232047211207,0.42445922344461484,0.37216402481601213,68
chr16,3307119,0.00029734219269102993,0.07545812486527831,0.7843702935376659,0.10547886273114293,71
chr16,3307158,0.00029734219269102993,0.07545812486527831,0.7843702935376659,0.10547886273114293,71
chr16,3308016,-0.0006318681318681317,0.3172856617851529,0.5751521974448669,0.24021721659008863,68
chr16,3310989,0.00029734219269102993,0.07545812486527831,0.7843702935376659,0.10547886273114293,71
chr16,3312593,-0.00029734219269102993,0.07545812486527831,0.7843702935376659,0.10547886273114293,71
chr16,3324289,-0.0008038095238095237,0.5014521281594865,0.48139447899042287,0.3174988948622839,67
chr16,3364671,-0.0008225108225108223,0.4558385294553718,0.5020855391652403,0.2992222867937063,64
chr16,3386716,0.0004285714285714286,0.1317715540318344,0.717798438427955,0.14399749081032973,66
chr16,3408075,-0.00012836700336700337,0.013864437733467698,0.9066099416991769,0.04257952286676397,71
chr16,3436024,0.00015030146425495258,0.018580011863436646,0.891980136616708,0.04964481676043156,70
chr16,3441506,0.0003305008944543829,0.08793654632730905,0.7677342953074321,0.11478905867659792,69
chr16,3441717,-0.0003305008944543829,0.08793654632730905,0.7677342953074321,0.11478905867659792,69
chr16,3470973,0.0007601744186046511,0.43249150228995353,0.5130911882853929,0.28980544375796696,67
chr16,3477558,0.0005576923076923075,0.23562821751219698,0.6290392513940626,0.20132225418590707,66
chr16,3477678,0.0005698874296435274,0.25226846179420026,0.6171796241227983,0.20958842038773878,67
chr16,3485639,-0.0007460474308300396,0.4121948958448095,0.5231154475497639,0.2814024551081681,67
chr16,3510943,-0.0008898601398601396,0.6576937629156433,0.42020477051328675,0.37653902143069495,70
chr16,3565658,0.0010466666666666667,0.8836741924191388,0.3505246820499329,0.45528139595500494,70
chr16,3579772,-0.00015909090909090897,0.01936163190897518,0.8897584371708048,0.050727885089387276,68
chr16,3631508,-0.0002683031869078382,0.05963251879966862,0.8078130138579399,0.09268915463079194,70
chr16,3745940,-0.0003217391304347827,0.07059849446971202,0.7913633161498407,0.1016240854358617,63
chr16,3745941,0.00032173913043478247,0.07059849446971127,0.7913633161498407,0.1016240854358617,63
chr16,3747806,0.0001477174849267875,0.01806466746182992,0.893479458261035,0.04891542778780803,70
chr16,3779150,-0.00011154177433247198,0.010341424893728085,0.9192997909437979,0.03654283864535628,70
chr16,3820732,-0.0001693121693121698,0.023184981398418663,0.8794346228035417,0.05579644047144841,69
chr16,3838309,0.00014743589743589747,0.01587291003350621,0.9001428409847663,0.0456885681949701,65
chr16,3847841,0.00013902439024390264,0.014103720295748466,0.9058381989752919,0.04294936917482251,66
chr16,3847928,0.00018902439024390266,0.02709601504773227,0.8697628376354951,0.060599152378464395,67
chr16,3876433,7.142857142857145e-05,0.003988508632471461,0.9498342453195902,0.022352176420437273,68
chr16,3880962,0.00013842592592592577,0.01490717995970808,0.9032005090605912,0.044215826306579005,67
chr16,4019675,-3.197674418604646e-05,0.000871750526159562,0.9765307784337297,0.010314064006154205,71
chr16,4019802,-0.00022089947089947058,0.04024008252158305,0.8416195871312399,0.07488416567604722,69
chr16,4035184,0.00021036585365853634,0.037111366208828774,0.8478212279229733,0.07169571367674694,69
chr16,4040587,3.197674418604639e-05,0.000871750526159562,0.9765307784337297,0.010314064006154205,71
chr16,4060210,-0.00024763135228251506,0.050429063685318014,0.8229917638370449,0.08460451100646842,70
chr16,4060408,-0.00014021164021164022,0.01602814981976281,0.8996343260837686,0.04593398215552759,69
chr16,4060535,-0.00024038461538461534,0.043565125942422914,0.8353276753455223,0.07814312969106858,66
chr16,4089782,-4.999999999999978e-05,0.001645596999528118,0.9677766086857702,0.014224879067095611,62
chr16,4089796,4.999999999999978e-05,0.001645596999528118,0.9677766086857702,0.014224879067095611,62
chr16,4205985,-0.00045634920634920594,0.17018973781282476,0.6812603577652676,0.16668688172652382,69
chr16,4315003,-0.0009190518783542039,0.6756516671432652,0.4140037113587799,0.38299576560515464,69
chr16,4318281,0.0007893356643356642,0.5119475405258923,0.47674668515710916,0.3217123179421156,70
chr16,4318305,-0.0009631818181818181,0.7434544051002713,0.3916322656628608,0.4071215348921921,69
chr16,4318508,-0.001022361359570662,0.8491381065283916,0.3601025640389012,0.443573786309965,69
chr17,116086,-0.00042164502164502166,0.14837816572835305,0.7013287196398585,0.15407837623635637,68
chr17,136755,-0.000563725490196078,0.27643572208573164,0.6007574136032674,0.22130086111145503,70
chr17,136916,-0.0005343137254901959,0.24838550253448283,0.6198224226391249,0.20773271681519576,70
chr17,140006,-0.0005857142857142858,0.27699129878726875,0.6004713346294415,0.2215077201668229,67
chr17,170766,0.00042857142857142844,0.1621776322065689,0.68842275904896,0.16214478046244404,70
chr17,205186,0.0004546218487394957,0.17730915249821153,0.6750437261104145,0.17066809473428798,69
chr17,224949,0.0008137254901960777,0.6123315425538859,0.43662787425313554,0.359888542452109,70
chr17,261121,0.0005303030303030304,0.23789855072463773,0.6273203185010205,0.20251064571634506,69
chr17,279243,0.0008554112554112552,0.7083593979331958,0.40302827909661787,0.3946644798521146,68
chr17,302321,0.000510504201680672,0.2204649996447513,0.6402103751774343,0.19367729200726078,69
chr17,302452,0.0005343137254901957,0.24838550253448283,0.6198224226391249,0.20773271681519576,70
chr17,318873,0.00044453781512605005,0.16946711104569578,0.6818998244480523,0.1662794213624528,69
chr17,323640,0.0005857142857142854,0.2989382289868725,0.5863385697571579,0.23185153668377537,70
chr17,324194,-0.0004010416666666668,0.13271796186691226,0.7167950334071553,0.1446050125135358,68
chr17,324259,0.0004010416666666668,0.13271796186691226,0.7167950334071553,0.1446050125135358,68
chr17,344386,-0.00042857142857142844,0.1621776322065689,0.68842275904896,0.16214478046244404,70
chr17,344458,0.00042857142857142844,0.1621776322065689,0.68842275904896,0.16214478046244404,70
chr17,353497,-0.00042857142857142844,0.1621776322065689,0.68842275904896,0.16214478046244404,70
chr17,537479,-0.0011800476947535776,1.2631355489903466,0.26495335251678376,0.5768305808851556,71
chr17,583106,-0.001120168067226891,1.081773870685389,0.30203989366411066,0.5199356913013046,69
chr17,625542,-0.0012504456327985744,1.2993798730648205,0.2585096305797951,0.5875232729578395,67
chr17,625638,-0.0012504456327985744,1.2993798730648205,0.2585096305797951,0.5875232729578395,67
chr17,634330,0.0008215725806451612,0.506759002540727,0.47925900850253744,0.3194297150567389,63
chr17,679440,0.0010857142857142858,1.0544447069435825,0.3081246060558474,0.5112736186334811,70
chr17,738635,-0.0010025252525252526,0.8693695232711736,0.3544778101875261,0.4504109458539307,69
chr17,787748,-0.00043349358974358986,0.1664631781312348,0.6845376914267665,0.16460263412166595,71
chr17,787819,-0.00043349358974358986,0.1664631781312348,0.6845376914267665,0.16460263412166595,71
chr17,805270,-0.0006156597774244835,0.3393003650154059,0.562132044423062,0.25016165697811404,71
chr17,824893,0.0010765550239234443,1.0446910963009661,0.3103032003465881,0.5082137452482676,71
chr17,825023,0.0007777777777777776,0.496625390091841,0.48354337452597485,0.31556456300312274,66
chr17,825096,0.0008073476702508959,0.5528473805221905,0.45983582348164054,0.33739719806377516,67
chr17,828964,-0.0011792626728110598,1.0881774642545796,0.3007997797066834,0.5217224861395936,66
chr17,832121,-0.0009819734345351049,0.7413520095803084,0.39249329990534465,0.40616775252120774,65
chr17,832195,0.0009787878787878791,0.6919270579360864,0.40875424131454385,0.38853772798316577,63
chr17,832354,-0.0011012544802867382,0.9759073643967081,0.3268744803716759,0.48561898418067556,67
chr17,878193,-0.0010765550239234445,1.0446910963009661,0.3103032003465881,0.5082137452482676,71
chr17,878339,0.000965601965601966,0.8286018033128997,0.36589255195245496,0.43664643084919874,70
chr17,878358,-0.000965601965601966,0.8286018033128997,0.36589255195245496,0.43664643084919874,70
chr17,878427,-0.000965601965601966,0.8286018033128997,0.36589255195245496,0.43664643084919874,70
chr17,965051,-0.0006259936406995234,0.35084468959614573,0.5555714797919253,0.25526005682734054,71
chr17,1002027,-0.0010721561969439727,0.973372305994956,0.3273901429456727,0.48493440045476033,69
chr17,1037319,-0.000865749525616698,0.6025761088443566,0.440501428404134,0.35605267897264264,65
chr17,1085249,0.0005603686635944702,0.25519925490024464,0.6151729547055357,0.21100276599000342,66
chr17,1085347,0.0005603686635944702,0.25519925490024464,0.6151729547055357,0.21100276599000342,66
chr17,1119076,0.0005356265356265357,0.25282817227132337,0.6167153690103537,0.20991522849404667,70
chr17,1141823,0.0005356265356265357,0.25282817227132337,0.6167153690103537,0.20991522849404667,70
chr17,1177989,0.00028025210084033623,0.06725187030141365,0.7961760582961168,0.09899088616691323,69
chr17,1182362,0.0004960317460317457,0.2202242603518629,0.6403486194207585,0.19358352246986799,71
chr17,1264440,-0.00040992647058823534,0.13488556225620302,0.7146310141836502,0.14591813983167604,66
chr17,1265443,-0.0007705357142857145,0.491049820514186,0.48596036891972594,0.3133991469131697,67
chr17,1286552,-0.0005880557977332175,0.32540019063622494,0.5703172611684741,0.24388348390012105,68
chr17,1289518,0.0007613636363636364,0.5196456637210953,0.4735006809397506,0.3246793921028122,69
chr17,1295645,0.0011964285714285707,1.0558891009697868,0.30821214153647425,0.5111502569270402,63
chr17,1326865,0.0012589869281045742,1.4461066676039993,0.23332435401259144,0.6320399278960619,70
chr17,1348336,0.001119087837837838,1.0833833708014535,0.3016833847474423,0.5204486079927486,69
chr17,1348432,0.001123355263157895,1.1216225404702524,0.29331688346400375,0.5326629380960928,70
chr17,1349091,-0.0011461148648648648,1.136945891532117,0.2901259121450015,0.5374134811282943,69
chr17,1367089,0.0011441558441558444,1.1356695007584654,0.29045229764300334,0.5369251836576063,68
chr17,1367110,-0.0009050802139037437,0.7283719705276789,0.3965455982802817,0.40170686649795057,67
chr17,1368625,-0.0009825119236883944,0.8707518085312922,0.35400119055811885,0.4509952773754779,71
chr17,1393248,0.0009825119236883944,0.8707518085312922,0.35400119055811885,0.4509952773754779,71
chr17,1393340,-0.0009787581699346399,0.8404201331150605,0.36251656364522045,0.44067214540918387,70
chr17,1393445,-0.0007462184873949575,0.4998714898747216,0.4820084440787703,0.31694535349415376,69
chr17,1393479,0.0007462184873949575,0.4998714898747216,0.4820084440787703,0.31694535349415376,69
chr17,1393493,0.0007462184873949575,0.4998714898747216,0.4820084440787703,0.31694535349415376,69
chr17,1393665,0.0009787581699346396,0.8404201331150605,0.36251656364522045,0.44067214540918387,70
chr17,1393804,-0.0009825119236883944,0.8707518085312922,0.35400119055811885,0.4509952773754779,71
chr17,1393868,0.0009825119236883944,0.8707518085312922,0.35400119055811885,0.4509952773754779,71
chr17,1393919,-0.0009825119236883944,0.8707518085312922,0.35400119055811885,0.4509952773754779,71
chr17,1401013,0.0009825119236883944,0.8707518085312922,0.35400119055811885,0.4509952773754779,71
chr17,1405071,-0.0007638888888888886,0.5070315228087995,0.47893629714829467,0.31972224783135733,68
chr17,1405183,0.0009898648648648646,0.8314693556400643,0.36511728536907107,0.43756760621021296,69
chr17,1414026,-0.0008186147186147187,0.5624088142776295,0.45595637178170245,0.3410767108463746,68
chr17,1424879,0.0009093137254901957,0.7292224206809098,0.396133668521344,0.4021582441101451,70
chr17,1425024,0.0009093137254901957,0.7292224206809098,0.396133668521344,0.4021582441101451,70
chr17,1425107,-0.0008605042016806724,0.6396096773274046,0.42667861915478456,0.36989911907118167,69
chr17,1425114,-0.0008605042016806724,0.6396096773274046,0.42667861915478456,0.36989911907118167,69
chr17,1425967,0.0006470588235294117,0.3706230421162531,0.544754607494389,0.26379908783539874,68
chr17,1426039,0.0006470588235294117,0.3706230421162531,0.544754607494389,0.26379908783539874,68
chr17,1444396,-0.0006080357142857145,0.3174430194936635,0.5750869623666166,0.24026647805767012,67
chr17,1451127,0.0006382575757575756,0.3301428227007453,0.5676211587159978,0.24594142409840325,65
chr17,1479814,0.0009852941176470586,0.8256943631590402,0.36682675174012513,0.4355389998573411,68
chr17,1597202,-0.0008743697478991595,0.6548341030750509,0.4212541123780683,0.3754558464188009,69
chr17,1701502,-0.0004712121212121214,0.1622984717569074,0.6884575996826154,0.1621228016538281,63
chr17,1718430,-0.00012512315270935958,0.012079824217912103,0.9128371210607428,0.039606707389092485,64
chr17,1790201,-0.00020966420966420966,0.03861755093499065,0.8447944117884995,0.07324896760553438,70
chr17,1790229,-0.00020966420966420966,0.03861755093499065,0.8447944117884995,0.07324896760553438,70
chr17,1831209,-0.0003177083333333333,0.07686429569461767,0.782500371279141,0.1065154477183268,65
chr17,1856018,0.0002105990783410139,0.03470310518466449,0.8528083773939102,0.06914854209086359,66
chr17,1883213,0.00016722972972972984,0.023839544505678063,0.8777580450313369,0.056625181347994595,69
chr17,1925629,-0.0006992153443766347,0.40892718622947904,0.524727969523889,0.28006578602818044,68
chr17,1925634,-0.0006992153443766347,0.40892718622947904,0.524727969523889,0.28006578602818044,68
chr17,1960283,0.0008270202020202021,0.58918187937678,0.4454323691489739,0.3512182263859738,69
chr17,1973050,0.0009749999999999994,0.8587029660883192,0.35733189742406146,0.44692821453658543,71
chr17,2048669,0.0012524509803921561,1.396858367727915,0.24136693082465635,0.6173222319361228,70
chr17,2048700,0.0013084033613445377,1.4858654877127788,0.22713343014155418,0.643718940383898,69
chr17,2052051,0.0011084033613445376,1.0819342019939355,0.30200435507371776,0.5199867942254771,69
chr17,2083494,-0.0007844155844155844,0.5107836424254949,0.47732018536115506,0.3211901993953282,68
chr17,2083602,-0.0006894957983193278,0.4122452172457112,0.5230229433478131,0.28147925960155895,69
chr17,2083619,0.0006894957983193278,0.4122452172457112,0.5230229433478131,0.28147925960155895,69
chr17,2090349,-0.0008961038961038964,0.6801312762639831,0.4125122208434766,0.38456318077158896,68
chr17,2098028,-0.0006176470588235293,0.32570891430361787,0.5701348988274659,0.24402237435403035,68
chr17,2123374,0.000848039215686274,0.6305024307919392,0.42993343026271624,0.3665987842057373,70
chr17,2124664,-0.0006306722689075628,0.3489877907825427,0.5566742773960103,0.2543988459520269,69
chr17,2136537,-0.0007815656565656566,0.5281866950535752,0.46990187527881644,0.32799282179633543,69
chr17,2143936,-0.00040238095238095246,0.13283116140294662,0.7167349610939614,0.14464141087876098,65
chr17,2146546,0.0007731092436974791,0.5152042292884506,0.47538995228924275,0.32295000163907944,69
chr17,2241199,-0.0008120777027027026,0.565976562725668,0.45449716739001533,0.34246881913226507,69
chr17,2257946,0.0006603535353535355,0.3821545878659585,0.5385482303938518,0.2687753968117751,69
chr17,2263407,-0.0007964527027027027,0.5442636060071055,0.46324716527927123,0.3341872295532352,69
chr17,2281756,0.0005766129032258065,0.27821627003050925,0.5996685938396955,0.222088695666606,67
chr17,2442345,-0.0016710526315789468,2.5719548574731226,0.11334126666718718,0.9456119381256515,71
chr17,2442473,0.0016621621621621628,2.4768779329022013,0.12017293543719934,0.9201933302846813,70
chr17,2476562,-0.0016805555555555558,2.5234573069273156,0.11687270379015657,0.9322869086632597,69
chr17,2476592,-0.0016805555555555558,2.5234573069273156,0.11687270379015657,0.9322869086632597,69
chr17,2490367,0.001531639928698752,1.9922476869847547,0.16287507186937028,0.7881453796448905,67
chr17,2495725,0.0017444356120826711,2.821551491401083,0.09752923870381322,1.0108651657977803,71
chr17,2495928,-0.0016397058823529403,2.4517143751336747,0.12203874997942259,0.9135022494057312,70
chr17,2605316,-0.0016397058823529403,2.4517143751336747,0.12203874997942259,0.9135022494057312,70
chr17,2694390,-0.0017209595959595957,2.593209856339442,0.11202438425218984,0.9506874345303945,69
chr17,2800761,-0.0012178308823529408,1.2511095998176278,0.26752148054479064,0.5726413407174027,66
chr17,2832785,-0.0017741477272727269,2.530261827093478,0.11668767436921042,0.9329750157296268,65
chr17,2890739,-0.0017444356120826711,2.821551491401083,0.09752923870381322,1.0108651657977803,71
chr17,2894172,-0.001499080882352941,1.8472442512261131,0.1788745187656499,0.7474515216330275,66
chr17,3031161,-0.0018542178542178547,3.158865822984884,0.07998742259153885,1.0969782971145705,70
chr17,3170080,-0.0017516891891891891,2.7000092673818026,0.10503291676513266,0.9786745739858054,69
chr17,3171479,0.0014375000000000004,1.6924724246919982,0.1980897056030779,0.7031380934465404,64
chr17,3171571,0.0014502840909090908,1.7771726434008257,0.1872977097842589,0.7274675330045796,65
chr17,3287231,0.0009598817567567572,0.7966104403422622,0.375303224387149,0.42561770436514595,69
chr17,3300171,0.001034948741845294,0.8392388451234263,0.36305363071965757,0.44002921572092063,66
chr17,3331046,0.0010877403846153851,1.061666771024737,0.3064336242382377,0.5136635823164278,71
chr17,3331327,0.0009794407894736844,0.8492868005840255,0.3600123157540642,0.443682642086761,70
chr17,3334520,-0.0009859932088285236,0.8334628880484497,0.3645466030102581,0.43824694433790484,69
chr17,3352252,-0.0010745535714285718,0.9583839397929518,0.3312240719265698,0.47987810810399895,67
chr17,3361638,0.00116564952048823,1.154884541846232,0.28644212417497905,0.5429631143268124,68
chr17,3371875,-0.0010877403846153853,1.061666771024737,0.3064336242382377,0.5136635823164278,71
chr17,3381747,-0.0010781249999999999,0.9683565563764742,0.3286841338111184,0.48322125960741846,68
chr17,3514830,-0.000667145593869732,0.3617119984450756,0.5497150615439346,0.2598623637149879,65
chr17,3514866,-0.000667145593869732,0.3617119984450756,0.5497150615439346,0.2598623637149879,65
chr17,3514894,-0.000667145593869732,0.3617119984450756,0.5497150615439346,0.2598623637149879,65
chr17,3517982,0.0010515970515970524,0.984994943172969,0.32448728365789803,0.4888023181098889,70
chr17,3527972,-0.000752304147465438,0.36969233855996153,0.5455871640860375,0.26313585578592397,59
chr17,3568446,0.0010197478991596637,0.90143636820342,0.3458091057519026,0.46116357518662204,69
chr17,3675601,0.0006610576923076926,0.3883493086349678,0.5352228288732783,0.27146537087130745,71
chr17,3695454,0.0006610576923076926,0.3883493086349678,0.5352228288732783,0.27146537087130745,71
chr17,3738485,0.0006579391891891891,0.3745761789806232,0.5425918132986667,0.26552676322100655,69
chr17,3744581,-0.00045161290322580654,0.16986523837036857,0.6815672068290077,0.1664913135403885,68
chr17,3791323,-0.0006610576923076928,0.3883493086349678,0.5352228288732783,0.27146537087130745,71
chr17,3801695,-0.0008095238095238099,0.5122877882937713,0.4767946910425548,0.3216685889720134,65
chr17,3801756,-0.0007861111111111112,0.49686176255249104,0.4834397135067616,0.3156576761286001,66
chr17,3882815,0.0006242371403661726,0.3231803780994898,0.5716318942628389,0.24288354769785345,68
chr17,3907711,0.0003872549019607845,0.12419043612451973,0.7256734339696242,0.1392587756253372,67
chr17,3916491,-0.00019964349376114102,0.033482691917101716,0.8553811002696475,0.0678403497529039,67
chr17,3918449,-0.00030640394088669957,0.0683618060287777,0.7946037145977813,0.09984940904462754,64
chr17,3964609,-0.0003636363636363641,0.11629640329337056,0.7341380352215863,0.13422227482660126,70
chr17,4005617,-8.928571428571445e-05,0.006029865294206353,0.9383508124179581,0.02763476565737766,65
chr17,4023867,-0.00025757575757575805,0.057437658775798726,0.8113135929531774,0.09081124768157725,70
chr17,4036859,-0.0002968750000000003,0.07503306574707222,0.7849875682361948,0.10513722107534972,69
chr17,4114090,-0.0004820574162679427,0.2069605254869007,0.6505883788187963,0.18669369860096208,71
chr17,4114180,-0.0004820574162679427,0.2069605254869007,0.6505883788187963,0.18669369860096208,71
chr17,4114201,0.00048205741626794257,0.2069605254869007,0.6505883788187963,0.18669369860096208,71
chr17,4138359,0.0007849462365591401,0.548062228344332,0.46165908465193317,0.33567861385536846,70
chr17,4147588,0.0009952380952380957,0.8313331192494549,0.3653631085471204,0.4372753063629618,65
chr17,4157870,0.0009166666666666673,0.7051952031925182,0.4040301048815449,0.39358627375863925,69
chr17,4172790,-0.0011559139784946238,1.1861722910542951,0.27994780446694456,0.5529229341758909,70
chr17,4172800,-0.0011559139784946238,1.1861722910542951,0.27994780446694456,0.5529229341758909,70
chr17,4173192,-0.0009739583333333343,0.8485855367037167,0.36016245879977427,0.44350155744037606,71
chr17,4175167,0.0008833333333333337,0.6417361724206656,0.4259573566991305,0.37063387666546976,68
chr17,4175259,0.0009784946236559143,0.829411671398888,0.3656598021140086,0.43692278010390323,70
chr17,4175260,0.0008951612903225815,0.6812382086242992,0.412089863094358,0.3850080684560725,69
chr17,4187646,-0.0010879934210526322,1.0462227229473833,0.31000377648365707,0.5086330155333941,70
chr17,4187748,-0.0010879934210526322,1.0462227229473833,0.31000377648365707,0.5086330155333941,70
chr17,4217069,0.0009080209241499568,0.684578214121169,0.41099629580934605,0.38616209227675397,68
chr17,4217107,0.0009080209241499568,0.684578214121169,0.41099629580934605,0.38616209227675397,68
chr17,4217176,0.0009080209241499568,0.684578214121169,0.41099629580934605,0.38616209227675397,68
chr17,4221197,0.0008779688779688784,0.6793535942132917,0.412691146912769,0.3843748475465529,70
chr17,4233963,0.001116666666666667,1.0667382751166858,0.3053971655842842,0.5151349979829937,69
chr17,4256347,0.0011309523809523811,0.9549156267919054,0.3322688160542324,0.4785104160221241,64
chr17,4261196,-0.0009739583333333343,0.8485855367037167,0.36016245879977427,0.44350155744037606,71
chr17,4269274,0.0011346846846846848,1.069997157914052,0.30477933817494807,0.516014478345436,67
chr17,4303176,-0.001208791208791209,1.1880230210614782,0.2797530332822899,0.5532251958429769,67
chr17,4310006,0.0011230769230769237,1.0641476592812875,0.3059805623790641,0.5143061614910961,69
chr17,4324979,-0.0013585607940446653,1.6495049686561747,0.20338474995806655,0.6916816141338004,70
chr17,4325172,-0.000836744639376219,0.606116097373592,0.43916831625249053,0.3573689995530852,65
chr17,4325379,-0.0010472972972972977,0.9584085776428981,0.3311099534779697,0.48002776374933753,69
chr17,4326247,-0.0010611111111111116,0.8986958658860067,0.3466975496475345,0.4600492277936036,66
chr17,4326595,-0.0011730769230769238,1.2378889511652704,0.26973959158085425,0.5690553044067266,71
chr17,4377872,-0.0012083333333333336,1.1934562128874242,0.27872880736955047,0.5548181434679119,66
chr17,4413637,0.0012813620071684588,1.3277859119845434,0.25341988821819783,0.5961593049834261,67
chr17,4413647,0.0012813620071684588,1.3277859119845434,0.25341988821819783,0.5961593049834261,67
chr17,4415562,0.0013397435897435901,1.5450524936059835,0.21819969040995785,0.6611458699408133,69
chr17,4415634,0.0011650124069478916,1.1823401372313516,0.28071931227928193,0.5517277087484739,70
chr17,4426853,-0.0014473684210526319,1.593404381492382,0.21149330762354487,0.6747033706442581,65
chr17,4427601,-0.0012230769230769237,1.2634977697558574,0.26500128491121533,0.5767520202952763,69
chr17,4448454,0.001469439728353141,1.9124942116085872,0.1712781638418104,0.7662980014681954,69
chr17,4448466,0.001469439728353141,1.9124942116085872,0.1712781638418104,0.7662980014681954,69
chr17,4448484,0.001469439728353141,1.9124942116085872,0.1712781638418104,0.7662980014681954,69
chr17,4459548,-0.0011331738437001593,1.1593616128296722,0.2853482618208247,0.5446247685817255,71
chr17,4459729,0.0011241776315789479,1.1060617688748549,0.2966627006695755,0.5277370539921601,70
chr17,4489697,0.0011331738437001591,1.1593616128296722,0.2853482618208247,0.5446247685817255,71
chr17,4550744,0.0010929276315789478,1.0466838176523794,0.30989799157251063,0.5087812383841517,70
chr17,4554244,0.0011331738437001591,1.1593616128296722,0.2853482618208247,0.5446247685817255,71
chr17,4566919,0.001364350703060381,1.6355570243702386,0.20528344599844717,0.6876460706069634,70
chr17,4566928,0.001364350703060381,1.6355570243702386,0.20528344599844717,0.6876460706069634,70
chr17,4566946,0.001364350703060381,1.6355570243702386,0.20528344599844717,0.6876460706069634,70
chr17,4567015,-0.001364350703060381,1.6355570243702386,0.20528344599844717,0.6876460706069634,70
chr17,4602535,-0.0018040935672514618,2.685684802728748,0.10623870918801027,0.9737172146696753,65
chr17,4689535,-0.001327811682650393,1.48462593910603,0.22738973056386017,0.6432291529295383,68
chr17,4775022,0.0015321528424976703,1.880422364079383,0.17507526817375307,0.756775199743404,66
chr17,4775734,-0.0013675136116152455,1.6060347896305238,0.20957167964414178,0.678667405873769,67
chr17,4833494,0.0013026315789473688,1.415634763228534,0.2383857493703235,0.6227197101516664,68
chr17,4841252,0.001427631578947369,1.8008582339277965,0.18407262049017736,0.7350108049469555,70
chr17,4873483,0.0014074702886247882,1.6954432957449297,0.1973436663753356,0.704776807461433,69
chr17,4919088,0.001767857142857143,2.4705584461719035,0.12100589896859952,0.9171934575590429,65
chr18,122526,1.8196856906534615e-05,0.00028786892937198957,0.9865128650873647,0.0058972467523677775,70
chr18,150420,0.0003219298245614034,0.08564607640779527,0.7707051019842547,0.11311176602206913,68
chr18,156058,0.00032222222222222233,0.08166857344011254,0.7759717479013912,0.1101540905380584,66
chr18,393022,0.0003576576576576576,0.10237378295175366,0.7500256037105547,0.12492391079441553,67
chr18,421644,0.00036266447368421073,0.11420654085016456,0.7364460557301942,0.1328590594889933,70
chr18,421675,0.00036266447368421073,0.11420654085016456,0.7364460557301942,0.1328590594889933,70
chr18,453755,-0.0002777777777777776,0.06401505323676115,0.8010453734592142,0.09634288356012533,68
chr18,492128,-0.0010118755118755122,0.9068391775349797,0.3443272099989442,0.46302865639650453,70
chr18,494612,0.000573529411764706,0.2711771920061802,0.6042859314438718,0.2187575165697091,68
chr18,494711,-0.0006067226890756303,0.31223664497014414,0.5781738024680985,0.23794159046076238,69
chr18,536969,-0.0006818181818181818,0.37012920250865444,0.5450870523139086,0.26353413383252416,66
chr18,595373,0.0005857142857142858,0.2990320724114486,0.5862799345673103,0.23189496929092504,70
chr18,604757,0.000575757575757576,0.28003065222618095,0.5984565094427508,0.22296740481531144,68
chr18,665300,-0.0006313344594594595,0.3409566093310652,0.5612383613487555,0.25085265205440516,69
chr18,801811,-0.0012592436974789912,1.3744424936154138,0.24520177392044215,0.610476392224289,69
chr18,841891,0.0010239495798319328,0.9092727301847984,0.3437351319728732,0.46377607786505465,69
chr18,844552,-0.0013181818181818184,1.4232682871046307,0.23720280209875425,0.6248801849163804,67
chr18,912210,-0.0015275132275132267,1.6939492758252495,0.19805651974086966,0.7032108566634836,62
chr18,1016884,0.001152777777777777,1.1718218918964665,0.2828509651231859,0.548442335053468,70
chr18,1047102,-0.0003843813387423931,0.106216272676358,0.7456090892551559,0.12748880640877128,63
chr18,1047110,-0.0003843813387423931,0.106216272676358,0.7456090892551559,0.12748880640877128,63
chr18,1115546,0.00022940613026819926,0.04132215972602364,0.8395724836200735,0.07594180354341475,65
chr18,1134503,-0.0006524493243243243,0.37433312056612184,0.5427224319008491,0.26542222771216833,69
chr18,1159959,0.0005334967320261436,0.25143266430300154,0.6176876276747008,0.2092310975232719,70
chr18,1162000,0.0005029411764705883,0.21734651654288914,0.6425814323159813,0.1920718277406385,69
chr18,1350530,-0.00042455357142857117,0.1520389143049323,0.69786924631392,0.1562259397317573,67
chr18,1400736,-0.00029565929565929564,0.07683570517527834,0.7824731901158397,0.10653053376134482,70
chr18,1401235,-0.00029565929565929564,0.07683570517527834,0.7824731901158397,0.10653053376134482,70
chr18,1409275,-0.00029565929565929564,0.07683570517527834,0.7824731901158397,0.10653053376134482,70
chr18,1409881,-0.00039409722222222195,0.12924914457211045,0.7203595733097736,0.14245066784185875,68
chr18,1484113,-0.00015849673202614366,0.023031658937694575,0.8798241340712464,0.05560412925366262,70
chr18,1596095,-0.0006151515151515153,0.31595180254862265,0.57595476085441,0.23961162748456577,68
chr18,1616556,-0.00038786764705882326,0.11904508539983628,0.7312038584935138,0.13596152553732652,66
chr18,1616558,-0.00038786764705882326,0.11904508539983628,0.7312038584935138,0.13596152553732652,66
chr18,1616609,-0.00038786764705882326,0.11904508539983628,0.7312038584935138,0.13596152553732652,66
chr18,1643788,0.0004055555555555555,0.1470576522820163,0.7025422151394236,0.1533275742680605,71
chr18,1666809,-0.0002863993025283346,0.07270079295644903,0.7882854943914466,0.10331646501863688,68
chr18,1723361,-0.00040714285714285706,0.14146343924863697,0.7080188290198137,0.1499551925493978,69
chr18,1723375,-0.00040714285714285706,0.14146343924863697,0.7080188290198137,0.1499551925493978,69
chr18,1765380,-0.00012040441176470565,0.011620176238591783,0.914494016856761,0.03881913158132416,66
chr18,1766440,0.00041013071895424806,0.1464284325732796,0.7031656090594368,0.15294237820867806,70
chr18,1766564,-0.00045667726550079524,0.1862782127039694,0.6673780542379322,0.17562807859233007,71
chr18,1806464,-0.0001123737373737372,0.010719067017603261,0.9178492997958526,0.0372286190598816,69
chr18,1806609,-3.52941176470587e-05,0.0010735938267210342,0.9739588139962327,0.011459407836328046,69
chr18,1806610,-0.0001123737373737372,0.010719067017603261,0.9178492997958526,0.0372286190598816,69
chr18,1826247,-5.714285714285699e-05,0.002832094292080465,0.9577147077519956,0.01876384301073344,70
chr18,1826288,-5.714285714285699e-05,0.002832094292080465,0.9577147077519956,0.01876384301073344,70
chr18,1912366,-0.00018576388888888915,0.030286263252499453,0.8623749880858341,0.06430384804535655,68
chr18,1912497,-0.00017680921052631572,0.026917250371147082,0.870166836894013,0.06039747221358315,70
chr18,1913744,2.3765144454799316e-05,0.00044314934148778835,0.9832703773406931,0.0073270444860603105,66
chr18,1918766,-3.0303030303030228e-05,0.0007843852697519218,0.9777399203152626,0.009776652567368557,69
chr18,1954949,-0.0001919191919191918,0.03335039093153992,0.8556469517917629,0.0677053924681881,69
chr18,2004751,-1.706349206349178e-05,0.00025977644483881447,0.9871871012314278,0.0056005278454886965,71
chr18,2008527,-1.5151515151512813e-06,1.697778740409378e-06,0.998964617867189,0.0004498936930986976,63
chr18,2021587,0.0005811059907834101,0.2747630319482433,0.6019651810546787,0.22042862853145326,66
chr18,2121358,0.0001428571428571425,0.017981616441543793,0.8937231118210731,0.0487970109960603,70
chr18,2121360,0.0001428571428571425,0.017981616441543793,0.8937231118210731,0.0487970109960603,70
chr18,2128392,-2.8571428571428598e-05,0.0007487914725865929,0.9782495172927163,0.009550357725428369,70
chr18,2128399,-2.8571428571428598e-05,0.0007487914725865929,0.9782495172927163,0.009550357725428369,70
chr18,2129894,0.0001428571428571425,0.017981616441543793,0.8937231118210731,0.0487970109960603,70
chr18,2148546,0.00037168560606060596,0.11013395007537821,0.7410932365035577,0.13012715025041988,65
chr18,2150975,-0.00025757575757575735,0.05167561891111418,0.820908897427597,0.08570503720435443,65
chr18,2163116,0.00027063492063492025,0.06540959695937594,0.7989024621368698,0.09750624038751161,71
chr18,2163128,0.00027063492063492025,0.06540959695937594,0.7989024621368698,0.09750624038751161,71
chr18,2163137,0.00027063492063492025,0.06540959695937594,0.7989024621368698,0.09750624038751161,71
chr18,2163842,-0.00021895424836601297,0.04166960942846341,0.8388605657988842,0.07631022097890271,70
chr18,2163909,0.00021895424836601291,0.04166960942846341,0.8388605657988842,0.07631022097890271,70
chr18,2173574,0.00027063492063492025,0.06540959695937594,0.7989024621368698,0.09750624038751161,71
chr18,2179078,0.0001204044117647059,0.011667822768085343,0.9143195847811361,0.03890197751824493,66
chr18,2179093,0.0001204044117647059,0.011667822768085343,0.9143195847811361,0.03890197751824493,66
chr18,2184844,-7.589285714285733e-05,0.004963955368425978,0.9440475641346753,0.02500612400612766,67
chr18,2191222,-0.0001347256347256344,0.015868084186787326,0.9001285013509656,0.04569548673406567,70
chr18,2282802,7.070707070707054e-05,0.004280065980547988,0.9480326557016695,0.023176702802464554,69
chr18,2288483,0.00012418300653594725,0.01357582863198542,0.9075875477909208,0.04211147131816062,70
chr18,2288780,0.0002260416666666665,0.03795347721562877,0.846194763491462,0.07252966654171202,62
chr18,2296766,-0.0001241830065359474,0.01357582863198542,0.9075875477909208,0.04211147131816062,70
chr18,2302813,-6.23885918003563e-05,0.0031762839275117265,0.9552290786462392,0.019892465419707746,67
chr18,2302828,-6.23885918003563e-05,0.0031762839275117265,0.9552290786462392,0.019892465419707746,67
chr18,2314077,0.00022222222222222196,0.04251560263487147,0.8372653484057533,0.0771368824063964,69
chr18,2367222,0.0004882882882882881,0.19172495346257068,0.6629364410459981,0.178528107532162,67
chr18,2367371,0.0005087183958151695,0.21507600057541948,0.644343569336274,0.19088250146045702,68
chr18,2371919,0.0001694581280788174,0.021217369673956706,0.8846608921758188,0.05322317097387093,64
chr18,2371942,0.0001694581280788174,0.021217369673956706,0.8846608921758188,0.05322317097387093,64
chr18,2376610,-0.00015733590733590726,0.021781783962339894,0.8831404125400857,0.053970241446909956,65
chr18,2376637,-0.00015733590733590726,0.021781783962339894,0.8831404125400857,0.053970241446909956,65
chr18,2431418,0.00021116071428571413,0.036245808678376165,0.8496021215204952,0.07078441179521686,67
chr18,2433263,-0.0001989020270270266,0.03356043278738681,0.8551982151962738,0.0679332141734814,69
chr18,2433353,3.914141414141386e-05,0.0013227986348837535,0.9710952430621274,0.012738173276517209,69
chr18,2449305,-0.00027702702702702683,0.06843010036961585,0.7944157058836419,0.09995217827001156,71
chr18,2449380,-0.00027702702702702683,0.06843010036961585,0.7944157058836419,0.09995217827001156,71
chr18,2449431,-0.00027702702702702683,0.06843010036961585,0.7944157058836419,0.09995217827001156,71
chr18,2457606,0.00019285714285714257,0.03187056252187144,0.8588507545688487,0.06608229844880613,69
chr18,2459907,-0.00027702702702702683,0.06843010036961585,0.7944157058836419,0.09995217827001156,71
chr18,2459928,0.00027702702702702656,0.06843010036961585,0.7944157058836419,0.09995217827001156,71
chr18,2459979,0.00027702702702702656,0.06843010036961585,0.7944157058836419,0.09995217827001156,71
chr18,2478477,0.0002621527777777775,0.05736473439573642,0.8114528928892606,0.09073668711572037,68
chr18,2487639,-0.00015277777777777745,0.020549767545042036,0.8864362246189509,0.052352504611737224,70
chr18,2493316,-0.00019172297297297277,0.03164468546070299,0.8593464798917905,0.06583169767498456,69
chr18,2520092,0.0005191804707933737,0.22248510538740707,0.6387085302605415,0.19469728359096816,68
chr18,2540033,-0.0002542229729729729,0.055184795797463625,0.8149916141594358,0.08884685990176554,69
chr18,2540072,-0.0002542229729729729,0.055184795797463625,0.8149916141594358,0.08884685990176554,69
chr18,2573558,0.00048263888888888873,0.19616806582040017,0.6592801267521432,0.1809300153710612,68
chr18,2573566,0.00048263888888888873,0.19616806582040017,0.6592801267521432,0.1809300153710612,68
chr18,2573574,0.00048263888888888873,0.19616806582040017,0.6592801267521432,0.1809300153710612,68
chr18,2573595,0.000347222222222222,0.10324403112214997,0.7489710863543395,0.12553494769324106,69
chr18,2578711,0.00041047297297297253,0.14479040507927537,0.7047681390851508,0.15195373758731426,69
chr18,2634776,0.0006247747747747744,0.31491206772325936,0.5766110673140947,0.23911702613908142,67
chr18,2634805,0.0006247747747747744,0.31491206772325936,0.5766110673140947,0.23911702613908142,67
chr18,2655033,-3.39885339885343e-05,0.0010010416173395918,0.9748524316807468,0.011061120667801983,70
chr18,2655042,-3.39885339885343e-05,0.0010010416173395918,0.9748524316807468,0.011061120667801983,70
chr18,2655118,-3.39885339885343e-05,0.0010010416173395918,0.9748524316807468,0.011061120667801983,70
chr18,2659351,2.305246422893447e-05,0.0004733802050082043,0.9827043506157618,0.007577121240907804,71
chr18,2671767,-0.00020707070707070714,0.03641087745342684,0.8492465137607208,0.07096622727523112,69
chr18,2688622,0.00034285714285714307,0.10306825956528713,0.7491628514748534,0.1254237659997855,70
chr18,2698020,-0.00023650793650793671,0.04994223468196965,0.8238241412279649,0.08416548568808234,71
chr18,2704225,-0.00023650793650793671,0.04994223468196965,0.8238241412279649,0.08416548568808234,71
chr18,2707018,-0.00025714285714285726,0.05739592559787488,0.8113808332377531,0.09077525558830545,70
chr18,2707045,-0.00025714285714285726,0.05739592559787488,0.8113808332377531,0.09077525558830545,70
chr18,2707195,-0.0001045751633986931,0.009626621412845529,0.9221293428760988,0.03520815816803988,70
chr18,2716507,0.0002957516339869281,0.07606527979218279,0.7835386072090275,0.10593959972537345,70
chr18,2746527,-0.00019365530303030312,0.029979586765307892,0.8630916585673611,0.06394308065066712,65
chr18,2753019,-0.0003545751633986926,0.11033394859648266,0.7407859889159486,0.13030724041094024,70
chr18,2753033,-0.0003545751633986926,0.11033394859648266,0.7407859889159486,0.13030724041094024,70
chr18,2759993,-0.00027605042016806724,0.06513342531631923,0.7993407805663537,0.09726802973855943,69
chr18,2760040,-0.0002789661319073086,0.06261817081134605,0.8031939025819325,0.09517959711772116,67
chr18,2760043,-0.0002789661319073086,0.06261817081134605,0.8031939025819325,0.09517959711772116,67
chr18,2760095,-0.0002789661319073086,0.06261817081134605,0.8031939025819325,0.09517959711772116,67
chr18,2760096,0.0002789661319073086,0.06261817081134605,0.8031939025819325,0.09517959711772116,67
chr18,2760123,-0.0002789661319073086,0.06261817081134605,0.8031939025819325,0.09517959711772116,67
chr18,2782682,-0.0006156597774244835,0.33930036501540595,0.562132044423062,0.25016165697811404,71
chr18,2944831,-0.0006919934640522871,0.4204175088399928,0.5189124122014289,0.2849059410103757,70
chr18,2946370,-0.0006478758169934637,0.3714537538611374,0.544244018150752,0.26420633564175416,70
chr18,2946576,-0.0007718253968253967,0.5356223484289141,0.4667311672804467,0.33093319691651724,71
chr18,3063110,-0.0005618686868686868,0.2727292834701225,0.6032292497909157,0.2195176082609446,69
chr18,3066048,-0.0005882352941176473,0.2894197353563474,0.5924022051137583,0.22738333356245166,68
chr18,3104365,-0.0006478758169934637,0.3714537538611374,0.544244018150752,0.26420633564175416,70
chr18,3105776,-0.0006478758169934637,0.3714537538611374,0.544244018150752,0.26420633564175416,70
chr18,3160589,0.000548611111111111,0.2533844852091497,0.6163778979581602,0.21015294258000417,68
chr18,3160612,-0.000548611111111111,0.2533844852091497,0.6163778979581602,0.21015294258000417,68
chr18,3160621,-0.000548611111111111,0.2533844852091497,0.6163778979581602,0.21015294258000417,68
chr18,3160632,-0.000548611111111111,0.2533844852091497,0.6163778979581602,0.21015294258000417,68
chr18,3162641,-0.0006263392857142857,0.3202900853734418,0.573382058863015,0.24155590026064036,67
chr18,3176082,0.0004760504201680674,0.20044783027946342,0.6558038896408449,0.18322601181342704,69
chr18,3182989,-0.00014211076280041805,0.017276444011647574,0.8958670892258959,0.04775641745552415,62
chr18,3186447,0.0006945378151260502,0.4133303971679568,0.522478147752244,0.2819318688706449,69
chr18,3194813,-0.000490713587487781,0.1864975794850953,0.6673459311910317,0.17564898308219581,64
chr18,3194848,-0.000490713587487781,0.1864975794850953,0.6673459311910317,0.17564898308219581,64
chr18,3206122,-0.000673611111111111,0.37802042608366115,0.5407786088393561,0.2669804957771576,68
chr18,3274560,-0.0009428571428571429,0.7921948714657054,0.3765754408047627,0.4241480068651979,70
chr18,3295783,0.0006212121212121213,0.28107990713121567,0.5979509434511785,0.22333444454398507,62
chr18,3306216,0.0007656249999999999,0.45511577994778,0.502423432798841,0.2989301135027285,64
chr18,3336649,0.0010008658008658008,0.8418169557352799,0.36221835366880806,0.44102954768529773,68
chr18,3336650,0.0010298319327731093,0.9180111762633555,0.34144245556344544,0.46668247891383774,69
chr18,3336655,0.0010298319327731093,0.9180111762633555,0.34144245556344544,0.46668247891383774,69
chr18,3336873,0.0010298319327731093,0.9180111762633555,0.34144245556344544,0.46668247891383774,69
chr18,3370003,0.001264705882352941,1.3852702794742004,0.2434327220498064,0.6136210446330362,68
chr18,3374840,0.0015294117647058822,2.0037725680409615,0.16160990503982847,0.7915320249208848,68
chr18,3374853,0.0015294117647058822,2.0037725680409615,0.16160990503982847,0.7915320249208848,68
chr18,3405744,-0.0014689075630252102,1.8979795194799083,0.17288915504098457,0.7622322482158105,69
chr18,3405917,-0.0015784313725490185,2.2294884565154782,0.14002427946002158,0.8537966534554491,70
chr18,3460129,0.001633244206773619,2.249338004362829,0.13851331582929569,0.8585084741576168,67
chr18,3460510,-0.0016836134453781506,2.4817906910759624,0.11988155105351218,0.9212476466938289,69
chr18,3460531,0.0016836134453781508,2.4817906910759624,0.11988155105351218,0.9212476466938289,69
chr18,3460618,-0.0017419913419913422,2.5850968461523878,0.11264759746305149,0.948278066431638,68
chr18,3464000,-0.0018235294117647058,3.0327184624155086,0.08656101745143291,1.0626776474437676,64
chr18,3464030,-0.0018235294117647058,3.0327184624155086,0.08656101745143291,1.0626776474437676,64
chr18,3476144,-0.0011546345811051693,1.1703513204716676,0.2833263149104436,0.5477130870056695,67
chr18,3499931,-0.0015163865546218484,2.0360949295099946,0.1582473290982707,0.800663611280096,69
chr18,3547146,-0.00159313725490196,2.27236955230444,0.13633042411609286,0.865407214221916,70
chr18,3561107,-0.0014810606060606055,1.9270862932154802,0.16967627707382973,0.7703788733931332,69
chr18,3561272,-0.0014965277777777776,1.9145597397995733,0.1711196665353249,0.7667000747549565,68
chr18,3569583,-0.0014962049335863373,1.7558615505874233,0.18992749389311653,0.7214121622678498,65
chr18,3569592,-0.0015392156862745097,1.7998039367170646,0.18462953010047592,0.7336988356285234,64
chr18,3592085,0.0016486928104575151,2.4460997143399483,0.12245952182986151,0.9120074406953046,70
chr18,3592261,0.0016486928104575151,2.4460997143399483,0.12245952182986151,0.9120074406953046,70
chr18,3600128,-0.001631313131313131,2.3239704608215557,0.13210113572175888,0.8790934485809869,69
chr18,3600177,-0.001631313131313131,2.3239704608215557,0.13210113572175888,0.8790934485809869,69
chr18,3600252,-0.001631313131313131,2.3239704608215557,0.13210113572175888,0.8790934485809869,69
chr18,3600364,0.001779411764705882,2.720563310490845,0.10381509016014372,0.9837395145322879,68
chr18,3619061,-0.0014550420168067222,1.863144668146213,0.17682857029518487,0.7524475644410815,69
chr18,3639424,-0.0015964285714285713,2.1592745284083845,0.14653528005810357,0.834057801317098,67
chr18,3639453,0.0016008771929824563,2.2088931611018783,0.14197865597696083,0.847776939336335,68
chr18,3639498,-0.0016040178571428572,2.1628303112051688,0.14620861251256048,0.835027044228269,67
chr18,3653851,0.0012302083333333334,1.1902255243752944,0.2796459013268423,0.5533915415929477,62
chr18,3659636,0.0014681372549019596,1.951537872410198,0.16696359593511548,0.7773782103371848,70
chr18,3686147,-0.0014820261437908486,1.98304725474537,0.16362542202497288,0.7861492203013523,70
chr18,3702251,-0.001544117647058823,1.93995481068274,0.16849314154381098,0.7734177722424804,66
chr18,3736835,-0.0011944444444444442,1.296823355125494,0.2587326172120493,0.5871488183561936,71
chr18,3750792,-0.0015011961722488033,2.0608456855849258,0.15564419106670102,0.8078670833640839,71
chr18,3750936,-0.0014681372549019598,1.951537872410198,0.16696359593511548,0.7773782103371848,70
chr18,3750944,-0.0014681372549019598,1.951537872410198,0.16696359593511548,0.7773782103371848,70
chr18,3750992,-0.0014681372549019598,1.951537872410198,0.16696359593511548,0.7773782103371848,70
chr18,3750993,-0.0014681372549019598,1.951537872410198,0.16696359593511548,0.7773782103371848,70
chr18,3751011,-0.0014681372549019598,1.951537872410198,0.16696359593511548,0.7773782103371848,70
chr18,3769611,-0.001448051948051948,1.914178049467829,0.1711617362280396,0.7665933167754352,68
chr18,3789729,0.0018547979797979791,3.052825223473582,0.08517889974693095,1.0696679739936934,69
chr18,3795051,0.0018855325914149445,3.3192928275416547,0.07280536844282313,1.1378365959735819,71
chr18,3835742,-0.0014450892857142854,1.7146201398228056,0.19499680387838733,0.7099725069418686,67
chr18,3890651,0.0019040404040404034,3.216675522454908,0.07740430550028975,1.111234881655444,69
chr18,3890713,0.0019040404040404034,3.216675522454908,0.07740430550028975,1.111234881655444,69
chr18,3895990,0.0016142506142506148,2.3675265097329743,0.12852384501789424,0.8910162902394467,70
chr18,3924601,0.0016142506142506148,2.3675265097329743,0.12852384501789424,0.8910162902394467,70
chr18,3924646,0.001651182432432432,2.403661713066856,0.12576268450317724,0.9004482008492499,69
chr18,3924683,0.0012478070175438595,1.070019062492442,0.30509249748695116,0.515568471938319,62
chr18,3986730,-0.0016738095238095238,2.2101901179227883,0.14208958149943568,0.8474377648817067,65
chr18,4015111,0.0024298245614035084,5.27450119381855,0.02482162246596326,1.605169834239972,68
chr18,4026640,0.0023881578947368433,5.381605239686852,0.02335964887209248,1.631533689558729,70
chr18,4031739,0.002544912559618443,6.29562390757702,0.014455967739030965,1.8399528296485956,71
chr18,4032006,0.002544912559618443,6.29562390757702,0.014455967739030965,1.8399528296485956,71
chr18,4075024,0.002540990990990991,5.650721355137636,0.020401143421336,1.690345491022115,67
chr18,4129545,-0.0019632352941176454,3.5704664109252673,0.06307969291356552,1.2001104295832836,70
chr18,4129622,-0.0019632352941176454,3.5704664109252673,0.06307969291356552,1.2001104295832836,70
chr18,4129630,-0.0019632352941176454,3.5704664109252673,0.06307969291356552,1.2001104295832836,70
chr18,4129675,0.0019632352941176463,3.570466410925274,0.0630796929135649,1.2001104295832878,70
chr18,4157056,0.0018455882352941158,3.2720307170204204,0.07489107240769746,1.1255699504602235,70
chr18,4167858,0.002208110516934047,4.131104894418536,0.046191244956924254,1.335440332392204,67
chr18,4204433,0.0011944444444444442,1.296823355125494,0.2587326172120493,0.5871488183561936,71
chr18,4241445,0.0008027649769585253,0.5291283295928307,0.4696262686937417,0.3282476186819324,66
chr18,4241497,0.0009191964285714284,0.7090185377759624,0.40285731821686144,0.3948487426508564,67
chr18,4241510,0.0009191964285714284,0.7090185377759624,0.40285731821686144,0.3948487426508564,67
chr18,4241527,0.0009191964285714284,0.7090185377759624,0.40285731821686144,0.3948487426508564,67
chr18,4243084,0.0010767973856209145,1.036073257770301,0.3123444152280505,0.5053662549086873,70
chr18,4252662,-0.0011489898989898986,1.1495224741425982,0.287495896329725,0.5413683499798302,69
chr18,4252721,0.0011489898989898986,1.1495224741425982,0.287495896329725,0.5413683499798302,69
chr18,4252858,-0.0012446524064171124,1.2693287115170626,0.26403489834043464,0.5783386672399596,67
chr18,4286529,0.0009393939393939394,0.7706810753012082,0.38314371602530584,0.4166382929519094,69
chr18,4286545,0.0009393939393939394,0.7706810753012082,0.38314371602530584,0.4166382929519094,69
chr18,4286621,0.0009393939393939394,0.7706810753012082,0.38314371602530584,0.4166382929519094,69
chr18,4313853,0.001022932022932023,0.9313023031412523,0.3379443257055159,0.47115484123253615,70
chr18,4326867,0.0010916666666666661,0.9505293248292095,0.3332553531557958,0.4772228656879951,66
chr18,4345730,-0.0010871212121212122,1.0272138152022976,0.3144601317776307,0.5024344079183236,69
chr18,4391341,0.0011331738437001585,1.159361612829669,0.2853482618208247,0.5446247685817255,71
chr18,4413612,0.0008833333333333334,0.6314166448615035,0.429773005740712,0.3667608662434175,66
chr18,4413617,0.0008833333333333334,0.6314166448615035,0.429773005740712,0.3667608662434175,66
chr18,4413676,0.0008833333333333334,0.6314166448615035,0.429773005740712,0.3667608662434175,66
chr18,4414038,-0.00048709677419354837,0.19966306771319473,0.6565014073596362,0.18276433856480048,66
chr18,4442151,-0.000975,0.7436678023051857,0.3919222165543159,0.40680011734998545,62
chr18,4442164,-0.000975,0.7436678023051857,0.3919222165543159,0.40680011734998545,62
chr18,4447299,-0.00221260162601626,4.544704403310929,0.03658361950261376,1.4367133285958462,71
chr18,4474098,0.001726044226044226,2.730730130279951,0.10304469506915107,0.9869743615897476,70
chr18,4474196,-0.0020000000000000005,3.674562901859488,0.059451619544637416,1.2258363100996394,70
chr18,4479715,-0.001575119236883943,2.2831642219320183,0.13535123053453976,0.8685377915230935,71
chr18,4479846,0.001789273648648648,2.8410370343254256,0.09653728234886104,1.0153049313046292,69
chr18,4480269,0.0017714646464646465,2.7914696049971335,0.09943258443368395,1.00247127233524,69
chr18,4480415,0.0017714646464646465,2.7914696049971335,0.09943258443368395,1.00247127233524,69
chr18,4500714,0.0017320075757575753,2.4518249734705746,0.12239792859647991,0.9122259319186498,65
chr18,4540909,-0.001282251082251082,1.4093978702977767,0.23941175825326647,0.6208545238581408,68
chr18,4558632,-0.001453968253968253,1.9391391565131764,0.16823336504815442,0.7740878681141488,71
chr18,4596509,-0.0013970588235294114,1.648091683314056,0.2037076799503756,0.6909925974249921,68
chr18,4596666,-0.0017913306451612903,2.407465533429213,0.12593094880942862,0.899867524495771,63
chr18,4640799,-0.0009824046920821113,0.7729415774312764,0.38270338096728074,0.4171377010131606,64
chr18,4646694,0.0015588235294117646,2.0347978408257354,0.15852030551809218,0.7999150993160609,67
chr18,4646715,0.0015588235294117646,2.0347978408257354,0.15852030551809218,0.7999150993160609,67
chr18,4653442,0.0015661764705882353,2.0457533642878967,0.15749563707959255,0.8027314724680462,66
chr18,4690269,-0.0013151260504201676,1.500258937124928,0.22492044510068157,0.6479710657255965,69
chr18,4690368,-0.0013151260504201676,1.500258937124928,0.22492044510068157,0.6479710657255965,69
chr18,4698188,-0.0014437499999999993,1.7427079109667107,0.19142618419063745,0.7179986576159301,67
chr18,4698288,-0.0014437499999999993,1.7427079109667107,0.19142618419063745,0.7179986576159301,67
chr18,4743308,0.0012050653594771232,1.3074763644764282,0.2568616542106963,0.5903007248799838,70
chr18,4744677,-0.0014191176470588233,1.7320845859768963,0.19283935806232283,0.7148043228976748,66
chr18,4782542,0.0014506912442396316,1.660407865299237,0.20218702567463886,0.6942467164932635,66
chr18,4844844,-0.0014142857142857134,1.7693879035743747,0.1879681188911356,0.7259158047989613,69
chr18,4845587,-0.0013353174603174599,1.6284020855442716,0.20620301244325998,0.685704994348679,71
chr18,4845667,0.0013353174603174599,1.6284020855442716,0.20620301244325998,0.685704994348679,71
chr18,4847592,-0.001736458333333334,2.3239653790872192,0.13264890279312289,0.8772963379384403,62
chr18,4849166,0.0012930735930735927,1.5046303046608904,0.2243183523510958,0.6491351936539452,68
chr18,4859794,0.0013353174603174599,1.6284020855442716,0.20620301244325998,0.685704994348679,71
chr18,4905491,0.0016060606060606059,1.971149836445949,0.16539677389782567,0.7814729657147688,63
chr18,4965644,-0.0013353174603174599,1.6284020855442716,0.20620301244325998,0.685704994348679,71
chr18,4967000,0.0010214646464646465,0.9486246582075437,0.3335730339024371,0.47680906505086373,69
chr18,4996289,0.0011285714285714287,1.1450016727641656,0.2883814741841343,0.5400326424201084,70
chr18,4996298,0.0011285714285714287,1.1450016727641656,0.2883814741841343,0.5400326424201084,70
chr18,4996299,0.0011285714285714287,1.1450016727641656,0.2883814741841343,0.5400326424201084,70
chr18,5011808,0.0014999999999999998,1.6858991852169527,0.19911102221200705,0.7009046980170079,62
chr18,5024071,-0.0011338383838383835,1.10629746585325,0.2966670106927947,0.5277307444503819,69
chr18,5068247,-0.0014529074529074538,1.9053148110441107,0.17200557388579638,0.7644574794376728,70
chr18,5172826,0.0016397058823529398,2.4517143751336747,0.12203874997942259,0.9135022494057312,70
chr18,5173426,-0.0015336134453781507,2.045355315745807,0.15731838601596687,0.8032205178175609,69
chr18,5216964,-0.0009749999999999996,0.8587029660883194,0.35733189742406146,0.44692821453658543,71
chr18,5219496,0.0007276688453159042,0.388845577509002,0.5353102708988379,0.27139442380898965,61
chr18,5232308,0.0010999999999999996,1.0778501384834196,0.30285664914724564,0.5187628870617372,70
chr18,5235303,0.0011911764705882354,1.2006022058701173,0.27718362699315147,0.5572324267172803,68
chr18,5253772,-0.0012222222222222215,1.3205017044557754,0.2545279457625777,0.5942645275740401,70
chr18,5297508,-0.0012522522522522529,1.4052599619128006,0.23997096344021426,0.6198413048741849,70
chr18,5326553,-0.0012181372549019602,1.3254541286557444,0.25364760828929633,0.595769228405351,70
chr18,5326697,-0.001375,1.673129560617251,0.20028167614503292,0.698358782674104,69
chr18,5345590,-0.0012181372549019602,1.3254541286557444,0.25364760828929633,0.595769228405351,70
chr18,5585842,-0.0009820261437908488,0.8595210070550439,0.35715174552255635,0.4471472229887969,70
chr18,5585847,-0.0009820261437908488,0.8595210070550439,0.35715174552255635,0.4471472229887969,70
chr18,5640151,0.0005531045751633984,0.27032916124756334,0.6047996019423365,0.21838850334399212,70
chr18,5681335,-0.0008038194444444441,0.5429847780398002,0.4638097792604303,0.3336600986603695,68
chr18,5687196,-0.0003995798319327729,0.13788860719227972,0.7115607854608593,0.14778799415645913,69
chr18,5687198,-0.0003995798319327729,0.13788860719227972,0.7115607854608593,0.14778799415645913,69
chr18,5687214,-0.0003995798319327729,0.13788860719227972,0.7115607854608593,0.14778799415645913,69
chr18,5714240,-0.00020000000000000017,0.035463030960971094,0.851189570081748,0.06997370657592453,70
chr18,5716236,-0.000349206349206349,0.10897124291122821,0.7423185836614649,0.12940966691518202,71
chr18,5717028,-0.0005025210084033609,0.2167114249914749,0.6430668481133914,0.191743878929956,69
chr18,5717166,-0.000349206349206349,0.10897124291122821,0.7423185836614649,0.12940966691518202,71
chr18,5717212,-0.0003714285714285715,0.11986190640090935,0.7302532589691915,0.13652649618367887,70
chr18,5717326,0.0003714285714285715,0.11986190640090935,0.7302532589691915,0.13652649618367887,70
chr18,5728762,0.0006449579831932773,0.3650642150417214,0.5477476154063086,0.2614195044439089,69
chr18,5728764,0.0006449579831932773,0.3650642150417214,0.5477476154063086,0.2614195044439089,69
chr18,5766075,-0.00037100840336134436,0.11809777979602253,0.7321829393446607,0.13538039486830056,69
chr18,5766196,-0.0003839826839826842,0.1235598817801844,0.7263248714220116,0.1388690841101216,68
chr18,5766661,0.00043014705882352914,0.146549734131708,0.7031231082847991,0.15296862865309926,66
chr18,5790621,8.149058149058136e-05,0.005811973087410996,0.9394549624348897,0.027124035185426904,70
chr18,5804366,0.00022395833333333317,0.04130709326133897,0.8395716128844095,0.07594225395823605,68
chr18,5804398,0.00022395833333333317,0.04130709326133897,0.8395716128844095,0.07594225395823605,68
chr18,5836038,0.00022031122031122065,0.04264175232884026,0.8370183639836889,0.07726501358464649,70
chr18,5846964,-0.0005462735462735466,0.2669778596659235,0.60704273278842,0.216780735677667,70
chr18,5863519,-0.00019896331738436998,0.035168724898080685,0.8517929254235166,0.06966597128538295,71
chr18,5863585,-0.00019896331738436998,0.035168724898080685,0.8517929254235166,0.06966597128538295,71
chr18,5863611,-0.00019896331738436998,0.035168724898080685,0.8517929254235166,0.06966597128538295,71
chr18,5867946,2.8571428571428415e-05,0.0006301480847999095,0.9800523509036716,0.008750725224498868,65
chr18,5889079,0.0005642915642915645,0.2807281114378584,0.5979501544476618,0.22333501760119545,70
chr18,5902308,-0.0005188370188370193,0.23512306004548697,0.6293093246851468,0.20113583311934738,70
chr18,5929004,-0.0006824561403508774,0.38705434111513587,0.5359952611746319,0.2708390499617184,68
chr18,5929137,-0.0005657894736842106,0.27242930631834855,0.6034281704942858,0.21937441904561272,69
chr18,5962329,9.594594594594602e-05,0.007425817911355893,0.9315936470386244,0.030773481779131064,67
chr18,6013388,-0.0010648648648648644,0.953145608284778,0.3325394715322184,0.47815679772561615,67
chr18,6104576,0.001599134199134199,2.1754152915467975,0.14498624978604038,0.8386731834561159,68
chr18,6104580,0.001599134199134199,2.1754152915467975,0.14498624978604038,0.8386731834561159,68
chr18,6104623,0.001599134199134199,2.1754152915467975,0.14498624978604038,0.8386731834561159,68
chr18,6105918,0.001738888888888889,2.457633755493895,0.12188629193935022,0.9140451349875168,66
chr18,6105968,0.001542857142857143,2.0540840943507495,0.15659111956142668,0.8052328708529578,67
chr18,6116980,0.0015333333333333334,1.8642538637344397,0.17699031205419205,0.7520505050311561,65
chr19,10613,0.0020723362658846534,3.4011647209083393,0.06992939424592723,1.1553402337616288,64
chr19,10665,0.0020723362658846534,3.4011647209083393,0.06992939424592723,1.1553402337616288,64
chr19,32832,-0.0021194556451612904,3.4374417617093407,0.06857065640625642,1.1638616931443584,63
chr19,32842,-0.0021194556451612904,3.4374417617093407,0.06857065640625642,1.1638616931443584,63
chr19,90487,0.0013714285714285716,1.6981205696819954,0.19692928328301895,0.7056896996941198,70
chr19,90520,0.0013714285714285716,1.6981205696819954,0.19692928328301895,0.7056896996941198,70
chr19,90555,0.0013714285714285716,1.6981205696819954,0.19692928328301895,0.7056896996941198,70
chr19,99607,-0.0003219696969696972,0.08837387505833642,0.7671744624385104,0.1151058623111008,69
chr19,111343,0.0006186147186147187,0.33548500062768505,0.5644187749070497,0.2483985482434991,68
chr19,112816,0.0004678571428571425,0.1958482882246514,0.6594772686145585,0.18080016946621524,71
chr19,112828,0.0004678571428571425,0.1958482882246514,0.6594772686145585,0.18080016946621524,71
chr19,112834,-0.0004678571428571425,0.1958482882246514,0.6594772686145585,0.18080016946621524,71
chr19,150206,-0.0006000000000000001,0.3185976095617528,0.5743088528545087,0.2408544891058628,70
chr19,175597,0.00019073083778966141,0.03012855642905558,0.8627382867206764,0.06412092835303063,67
chr19,276221,0.00042815126050420164,0.16367779742572777,0.6870814789923748,0.16299175816818987,69
chr19,280163,0.00017448330683624791,0.02713006871110284,0.8696521960352515,0.06065440202916813,71
chr19,280165,0.00017448330683624791,0.02713006871110284,0.8696521960352515,0.06065440202916813,71
chr19,280167,0.00017448330683624791,0.02713006871110284,0.8696521960352515,0.06065440202916813,71
chr19,280203,0.00017448330683624791,0.02713006871110284,0.8696521960352515,0.06065440202916813,71
chr19,280363,0.00017448330683624791,0.02713006871110284,0.8696521960352515,0.06065440202916813,71
chr19,288077,0.00017448330683624791,0.02713006871110284,0.8696521960352515,0.06065440202916813,71
chr19,298975,-0.00023353040540540537,0.04922538063732905,0.82509156893455,0.08349785063046179,69
chr19,305176,0.0001948561464690498,0.03181771216797681,0.8589747196735703,0.06601961762141144,68
chr19,337410,0.00014629049111807715,0.014962586662767523,0.903053073790691,0.04428672479492605,62
chr19,591660,-0.0001077106518282993,0.01033605377252986,0.9193163495811055,0.03653501610463967,71
chr19,591720,0.0002489762489762494,0.05446946837583018,0.8161620912767514,0.08822358100560826,70
chr19,638703,0.0005413354531001587,0.26203027282191726,0.6103632320897014,0.21441163590097814,71
chr19,678468,-0.0005937001594896328,0.31441124831281536,0.5768021251352722,0.23897314819705004,71
chr19,686252,0.0006523297491039422,0.34979922339994063,0.5562781791386058,0.2547079755895694,67
chr19,727828,-0.0005250896057347668,0.22454414723555555,0.6371869540255395,0.19573312466739154,67
chr19,804368,0.0002448275862068964,0.0530095008701131,0.8186084249778732,0.08692378998323406,69
chr19,862634,-0.00030555555555555533,0.06900137919863551,0.7936534717775962,0.10036907961946338,65
chr19,902467,6.644238856181655e-05,0.003930551926129053,0.9501940059665954,0.022187713533570474,70
chr19,921005,0.00036965811965812003,0.11148005079533115,0.7396295374204083,0.13098575343154362,62
chr19,939985,0.0005310483870967737,0.24850948648084165,0.6197119815984266,0.20781010705868377,71
chr19,939986,0.0005310483870967737,0.24850948648084165,0.6197119815984266,0.20781010705868377,71
chr19,963730,0.00023915343915343877,0.04322686633190082,0.8360027985227215,0.07779226875603003,62
chr19,1004276,0.00038333333333333313,0.12381258459465715,0.7260399657045127,0.13903947240292058,69
chr19,1041621,0.0005310483870967737,0.24850948648084165,0.6197119815984266,0.20781010705868377,71
chr19,1041765,0.0005310483870967737,0.24850948648084165,0.6197119815984266,0.20781010705868377,71
chr19,1043080,0.00019736842105263136,0.03458380551549951,0.8530586447863704,0.0690211115855401,66
chr19,1043156,0.00019736842105263136,0.03458380551549951,0.8530586447863704,0.0690211115855401,66
chr19,1043168,0.00019736842105263136,0.03458380551549951,0.8530586447863704,0.0690211115855401,66
chr19,1053588,-0.0004715447154471544,0.1942062829726835,0.6608162105659354,0.17991931182420257,71
chr19,1069136,-0.00047729184188393585,0.1922611460997972,0.662431227216279,0.17885920296222185,70
chr19,1099872,-0.0003395225464190979,0.09641123706463098,0.7571579958522681,0.12081348698976435,68
chr19,1128134,-0.000941029900332226,0.7633137801908119,0.3853240815526532,0.4141738480889592,71
chr19,1128275,-0.000941029900332226,0.7633137801908119,0.3853240815526532,0.4141738480889592,71
chr19,1240598,0.000616300366300366,0.3041242922874256,0.5831706775858067,0.23420432090892312,68
chr19,1240795,0.001071428571428571,0.9884652139386532,0.3236425425539138,0.48993439564434466,70
chr19,1272357,0.00025457875457875423,0.05153751155231711,0.8211108808078883,0.08559819285436324,68
chr19,1272447,0.0004775132275132272,0.1835730594646517,0.669694732570069,0.1741231169586232,69
chr19,1309461,0.00037522361359570636,0.1124131891839443,0.7384608428147933,0.13167252838225857,69
chr19,1422902,0.00041041041041041035,0.140427910205472,0.7091347501614578,0.14927123210736387,64
chr19,1535159,0.0010132783882783878,0.8208516599457636,0.3682775828906446,0.4338247159080297,67
chr19,1549792,0.0010238095238095238,0.9160200621532596,0.3418636315339282,0.4661470982798603,71
chr19,1581822,-0.0009878048780487805,0.8334509165305295,0.3645020544143538,0.43830001955916703,70
chr19,1641908,-0.00042788461538461513,0.14909785246552393,0.7006796660963114,0.15448048566084696,66
chr19,1641934,-0.00042788461538461513,0.14909785246552393,0.7006796660963114,0.15448048566084696,66
chr19,1667550,0.0010238095238095238,0.9160200621532596,0.3418636315339282,0.4661470982798603,71
chr19,1667551,0.0010238095238095238,0.9160200621532596,0.3418636315339282,0.4661470982798603,71
chr19,1667563,-0.0010238095238095238,0.9160200621532596,0.3418636315339282,0.4661470982798603,71
chr19,1667653,0.0010238095238095238,0.9160200621532596,0.3418636315339282,0.4661470982798603,71
chr19,1667872,0.0010772200772200767,0.9147409812351752,0.3425154500739408,0.4653198337174778,65
chr19,1713363,0.0009999999999999996,0.8739798213482437,0.35316395206809237,0.4520236318692974,70
chr19,1713433,0.0009999999999999996,0.8739798213482437,0.35316395206809237,0.4520236318692974,70
chr19,1713438,0.0009999999999999996,0.8739798213482437,0.35316395206809237,0.4520236318692974,70
chr19,1713454,0.0009999999999999996,0.8739798213482437,0.35316395206809237,0.4520236318692974,70
chr19,1715519,0.0009405405405405403,0.7220107291081479,0.3986040775461609,0.39945826296935005,67
chr19,1730601,0.0011322580645161285,1.1443205888906343,0.28846911581260387,0.5399006766161991,71
chr19,1759140,0.0010487804878048777,0.9714894671736506,0.32775267453522317,0.48445375568318744,71
chr19,1773963,-0.0009108494533221197,0.7168082888869506,0.4001626387672723,0.39776346176339555,70
chr19,1788765,0.0007222222222222222,0.43338096934868703,0.512624523055843,0.2902006217704172,68
chr19,1855239,0.0013662601626016257,1.665018516979339,0.20123452389060287,0.6962975094562688,71
chr19,1855338,-0.0014461206896551721,1.7642551277574496,0.18860155803821219,0.7244547238754495,69
chr19,1907688,0.001048780487804878,0.9714894671736506,0.32775267453522317,0.48445375568318744,71
chr19,1907785,0.001048780487804878,0.9714894671736506,0.32775267453522317,0.48445375568318744,71
chr19,1949374,-0.0006474358974358976,0.33599516917052547,0.5642172690541623,0.24855362548275323,65
chr19,1951146,0.0007890243902439023,0.5465174382246437,0.462251775232869,0.33512141229997666,71
chr19,1951187,-0.0007890243902439023,0.5465174382246437,0.462251775232869,0.33512141229997666,71
chr19,1964198,0.0005482142857142857,0.25861718226636854,0.6127675108255748,0.21270426922927632,68
chr19,2156766,2.631578947368542e-06,5.679868497849734e-06,0.9981056344271698,0.0008234927596548086,68
chr19,2177461,-0.00023888888888888915,0.045779702975085025,0.8312569620245224,0.08026470432803146,66
chr19,2177560,-0.0002571428571428569,0.05156160009699995,0.8211031550596448,0.08560227910592054,65
chr19,2381230,0.000416871416871417,0.15056015316577626,0.6992126937248146,0.15539069598492222,70
chr19,2387385,-0.0004284578696343405,0.16391516195392358,0.6868296399705358,0.16315097123114272,71
chr19,2434430,0.0009000000000000002,0.710294442748415,0.40230077344681725,0.395449132471339,70
chr19,2474921,0.0008660130718954243,0.6560175829142529,0.4207947839045104,0.3759296522562385,70
chr19,2474932,0.0008660130718954243,0.6560175829142529,0.4207947839045104,0.3759296522562385,70
chr19,2474947,0.0008660130718954243,0.6560175829142529,0.4207947839045104,0.3759296522562385,70
chr19,2474955,0.0008660130718954243,0.6560175829142529,0.4207947839045104,0.3759296522562385,70
chr19,2513160,-0.0003400735294117647,0.09005732067876648,0.7650768824485695,0.11629492047324001,66
chr19,2513231,-0.0003400735294117647,0.09005732067876648,0.7650768824485695,0.11629492047324001,66
chr19,2523591,0.0004493243243243243,0.174178610957165,0.6777588689082608,0.16892479068924451,69
chr19,2523611,0.0004493243243243243,0.174178610957165,0.6777588689082608,0.16892479068924451,69
chr19,2523634,0.0004493243243243243,0.174178610957165,0.6777588689082608,0.16892479068924451,69
chr19,2523645,0.0004493243243243243,0.174178610957165,0.6777588689082608,0.16892479068924451,69
chr19,2532562,-0.0007941919191919194,0.540479691569553,0.46479966772382497,0.33273419108623015,69
chr19,2532944,-0.000573529411764706,0.2715527735247808,0.6040361868603257,0.21893704269841394,68
chr19,2545508,0.0008059523809523807,0.5844456771872999,0.44718166621822464,0.3495160101830724,71
chr19,2545773,0.000762254901960784,0.5084901725434259,0.4782332348922458,0.3203602458096204,70
chr19,2545837,0.000762254901960784,0.5084901725434259,0.4782332348922458,0.3203602458096204,70
chr19,2545841,0.000762254901960784,0.5084901725434259,0.4782332348922458,0.3203602458096204,70
chr19,2546057,-0.000665800865800866,0.3703036267981632,0.5449275145017036,0.2636612631280394,68
chr19,2560814,-0.0006609477124183003,0.3838716938073332,0.537608942404679,0.26953351598714165,70
chr19,2602184,-0.0005510822510822515,0.25582833653424253,0.6146859387174355,0.2113467214932197,68
chr19,2676885,-0.00029134199134199143,0.0706078691443987,0.7912820525333624,0.10166868461258871,68
chr19,2717547,3.8235294117647096e-05,0.0011181714492560111,0.9734318744563023,0.011694437141367482,64
chr19,2745042,0.0006000000000000004,0.31403348936571257,0.5770572420511897,0.2387811042204973,70
chr19,2762329,0.0002632034632034636,0.05745120845926016,0.8113135722327267,0.09081125877319163,68
chr19,2762799,-0.00027478991596638667,0.06453938589181768,0.8002380323830168,0.09678081204028917,69
chr19,2778903,0.0002083333333333333,0.03874571069740982,0.8445319431919324,0.07338391922544267,71
chr19,2796600,0.0003176470588235294,0.08603627101421632,0.7701846501333665,0.11340514116486798,69
chr19,2832561,-0.0004558823529411767,0.17444949914461344,0.6775429849522244,0.1690631468958179,68
chr19,2841890,-0.00014864864864864847,0.019152484030426707,0.8903392397158675,0.0504444856415682,70
chr19,2842100,-5.5462184873949474e-05,0.0025936494778869505,0.9595345140617011,0.017939399253717844,69
chr19,2842201,-9.395424836601282e-05,0.0076485406685612165,0.9305661436724282,0.031252752236574664,70
chr19,2842441,-9.395424836601282e-05,0.0076485406685612165,0.9305661436724282,0.031252752236574664,70
chr19,2849821,-0.0002411764705882351,0.04980527407560103,0.824081475958442,0.08402984799962358,69
chr19,2866307,-1.1111111111111018e-05,0.00011014834564824393,0.9916565150495459,0.0036387305178144087,71
chr19,2878831,-0.00029393939393939413,0.07275512373746014,0.7882083263993411,0.10335898168788828,68
chr19,2879470,2.2875816993464025e-05,0.0004534186192164906,0.9830737862079304,0.00741388426316255,70
chr19,2887666,0.0001987394957983192,0.0338856257638939,0.8545063229025864,0.06828471937795076,69
chr19,2887993,0.00015388257575757594,0.01868492785655829,0.8917094929391971,0.04977660993191095,65
chr19,2895104,1.1111111111111018e-05,0.00011014834564824393,0.9916565150495459,0.0036387305178144087,71
chr19,2895163,1.1111111111111018e-05,0.00011014834564824393,0.9916565150495459,0.0036387305178144087,71
chr19,2982037,4.4117647058823526e-05,0.0016620365109376212,0.9676020286755495,0.014303229766882707,69
chr19,2986505,-0.00012857142857142855,0.014516894206947614,0.9044534085797412,0.043613800189335174,70
chr19,2990979,-0.0001000000000000002,0.008769990419338092,0.9256639832059586,0.03354663396890126,70
chr19,3022659,-0.00018181818181818192,0.026096116163961677,0.8721747024113995,0.0593965142717042,66
chr19,3022856,0.00018181818181818192,0.026096116163961677,0.8721747024113995,0.0593965142717042,66
chr19,3028011,-0.00021512605042016826,0.03904742333019099,0.8439530279489333,0.07368172431067957,69
chr19,3051294,0.00022610294117647047,0.0398971075116239,0.8423151902083216,0.07452536722468237,66
chr19,3051841,0.0001801587301587301,0.028970449506117702,0.8653453697252795,0.06281052579520256,71
chr19,3056820,-0.00030524642289348164,0.08309909384546267,0.7740049039108421,0.11125628772192435,71
chr19,3068371,-0.0003982142857142857,0.1289089258838426,0.7207296749559133,0.14222759615301084,67
chr19,3079221,-0.0005156249999999998,0.19617402825315006,0.6593684952377287,0.1808718073767838,64
chr19,3135888,-0.0007436507936507932,0.49695501966778965,0.48321400627365063,0.31586048589520277,71
chr19,3165964,0.0007810457516339868,0.5329587930509149,0.4678731679933861,0.32987186039992816,70
chr19,3167412,0.0005441176470588234,0.2645379647142178,0.6087375134119106,0.21556993405151406,68
chr19,3195356,-0.0007941176470588232,0.5703413940256045,0.45280997246400645,0.34408401702650565,68
chr19,3195395,-0.0007941176470588232,0.5703413940256045,0.45280997246400645,0.34408401702650565,68
chr19,3195886,0.0005016339869281046,0.23141253594758754,0.63202273173307,0.19926730132410525,70
chr19,3195911,0.0005016339869281046,0.23141253594758754,0.63202273173307,0.19926730132410525,70
chr19,3244699,0.0007752525252525248,0.5101849418323601,0.47753997208254284,0.32099027030364724,69
chr19,3244713,-0.0007752525252525248,0.5101849418323601,0.47753997208254284,0.32099027030364724,69
chr19,3269141,8.571428571428544e-05,0.006472286557314706,0.9361152544663365,0.02867067765369842,70
chr19,3270440,-6.008403361344533e-05,0.0030458245374638364,0.9561521447993714,0.019472996437816942,69
chr19,3329787,-0.0003229166666666669,0.09013894751203425,0.7649442214755018,0.11637023175955345,68
chr19,3329835,-0.0003229166666666669,0.09013894751203425,0.7649442214755018,0.11637023175955345,68
chr19,3331091,0.00012053571428571407,0.011721011577346502,0.9141200873948596,0.0389967475187828,67
chr19,3367064,-0.00031558028616852153,0.08882820121598146,0.7665677874345859,0.1154494345381502,71
chr19,3367602,-0.00021160130718954215,0.039253262526418156,0.8435388781726303,0.07389489625596549,70
chr19,3367679,0.00021160130718954223,0.039253262526418156,0.8435388781726303,0.07389489625596549,70
chr19,3379034,-0.00031558028616852153,0.08882820121598146,0.7665677874345859,0.1154494345381502,71
chr19,3406870,2.7511961722488143e-05,0.0006721042523350251,0.9793920137360997,0.009043441674227123,71
chr19,3415701,-0.0001599825632083696,0.021207986996831,0.8846576396915787,0.05322476767444518,68
chr19,3415785,5.592105263157894e-05,0.0026932095542334705,0.9587635992156587,0.018288462915262576,70
chr19,3417261,0.000282706093189964,0.06494973047688742,0.7996417399468011,0.09710454452459118,67
chr19,3422646,-0.00023856209150326772,0.05012774987308011,0.8235124403211317,0.08432983581175908,70
chr19,3532584,9.82800982801001e-06,8.359565825050006e-05,0.9927317615090405,0.003168083059085981,70
chr19,3554061,0.000532051282051282,0.20756797861223433,0.6502467641943632,0.18692180029476418,65
chr19,3554128,0.00037719298245614025,0.10619268145933163,0.7456010140795257,0.1274935099769791,65
chr19,3554144,0.00041153846153846134,0.1253137339079832,0.7245048940364521,0.13995867652014043,66
chr19,3576368,9.721011333914583e-05,0.007766811225619895,0.9300406016389089,0.031498091572047485,68
chr19,3579140,0.00011869313482216694,0.012194455104045631,0.9123948192828938,0.03981718937877277,70
chr19,3603546,-0.00028620689655172414,0.06740020645888407,0.7959564671778395,0.0991106842490724,69
chr19,3607917,-0.00013475499092558926,0.014343938745256983,0.9050377828802663,0.04333328979602127,67
chr19,3607943,-0.00017152961980548167,0.023828230640468972,0.8777938394242133,0.05660747146718836,68
chr19,3607999,-0.00017152961980548167,0.023828230640468972,0.8777938394242133,0.05660747146718836,68
chr19,3611714,-0.0005404761904761902,0.26085955574290814,0.6113153844776757,0.21373467453626552,65
chr19,3616789,-0.0003494623655913979,0.10672551633958516,0.7449067683330134,0.12789807964398345,70
chr19,3617629,0.0002161290322580643,0.041039105905797804,0.8400586132040347,0.07569041095834225,71
chr19,3617654,-0.0002161290322580643,0.041039105905797804,0.8400586132040347,0.07569041095834225,71
chr19,3617724,-6.666666666666675e-05,0.003993745090409825,0.9497957625134281,0.02236977234206169,70
chr19,3623871,0.00030344827586206876,0.07581209370109897,0.7839024411649215,0.10573798310652124,69
chr19,3644914,0.00013439434129089314,0.015776764999615316,0.9004259652568569,0.045551989898546225,68
chr19,3645068,-0.0003839285714285712,0.11797497655175565,0.7323330134898269,0.1352913874754838,68
chr19,3697708,-0.0004285714285714286,0.1463160050065191,0.7033101333100888,0.15285312521569783,68
chr19,3729117,0.0005285714285714286,0.22627723744879016,0.6358687695207268,0.1966325047189918,68
chr19,3733646,-0.00041666666666666653,0.1501379502813769,0.6996137386195984,0.15514167067978799,70
chr19,3755872,-0.0004946428571428569,0.19503232576474192,0.6602044121157886,0.18032157762591675,68
chr19,3760142,0.00038844086021505385,0.12447647330419993,0.725370756225685,0.13943995725547978,67
chr19,3779527,-0.0004521551724137929,0.16855600185585412,0.6827083635640747,0.1657647767623873,69
chr19,3779752,0.0004521551724137929,0.16855600185585412,0.6827083635640747,0.1657647767623873,69
chr19,3779786,0.0004521551724137929,0.16855600185585412,0.6827083635640747,0.1657647767623873,69
chr19,3781243,0.0006267857142857141,0.3178355493471521,0.5748219865772559,0.2404666287309905,68
chr19,3781294,0.0006267857142857141,0.3178355493471521,0.5748219865772559,0.2404666287309905,68
chr19,3894144,-0.0008820598006644519,0.6697449314100696,0.41595792553403044,0.38095059637450185,71
chr19,3960398,-0.0011916666666666662,1.2282733991518449,0.27164767942507745,0.5659940006143883,70
chr19,4001384,-0.0011913513513513517,1.0377574315793254,0.3124337942274574,0.5052419970331155,62
chr19,4021827,0.0014385888501742166,1.7254192828452013,0.19347736567277676,0.713369834460992,69
chr19,4023564,0.001424137931034483,1.7084161987745072,0.19565921727860466,0.7084996881724703,69
chr19,4025273,0.0015852749301025167,2.0485062033085875,0.1572208364667681,0.8034898974640994,66
chr19,4038306,0.0014166666666666666,1.7054945758264264,0.1961044668699134,0.7075125138545992,68
chr19,4038381,0.0014666666666666667,1.908260072330896,0.17167904143288376,0.7652827202474818,70
chr19,4038382,0.0013846153846153847,1.6708500919783442,0.2005847457091366,0.6977020977674854,69
chr19,4038462,0.0016126126126126126,2.185159697075349,0.14417627937983413,0.8411061860926367,67
chr19,4038566,0.0016528424976700842,2.2204329717214635,0.14110696682817475,0.8504515434367288,66
chr19,4064198,-0.0012927350427350429,1.2176343324589989,0.27423149946532777,0.5618826616607697,62
chr19,4088291,-0.0014666666666666665,1.908260072330896,0.17167904143288376,0.7652827202474818,70
chr19,4092518,0.0012192749778956679,1.2278059751200183,0.2718559195918338,0.565661205910096,68
chr19,4092538,0.0012192749778956679,1.2278059751200183,0.2718559195918338,0.565661205910096,68
chr19,4092628,0.0015366379310344828,2.0370627140881448,0.15814994991501763,0.8009309412862597,69
chr19,4092659,0.0015366379310344828,2.0370627140881448,0.15814994991501763,0.8009309412862597,69
chr19,4159307,0.0013373983739837397,1.5938078821716062,0.21103314779773674,0.675649323019963,71
chr19,4191234,0.0013899193548387095,1.7390118758196815,0.19162432227202428,0.7175493681273432,71
chr19,4268474,0.001506366723259763,1.9807262215028565,0.16393638240795919,0.7853246527408942,69
chr19,4359028,-0.0012043859649122812,1.217646700630301,0.27383014647587833,0.5625187412735766,68
chr19,4374102,-0.0014291666666666665,1.780466336499471,0.186543320050042,0.7292202980428669,70
chr19,4377515,-0.0013899193548387095,1.7390118758196815,0.19162432227202428,0.7175493681273432,71
chr19,4381149,-0.0013899193548387095,1.7390118758196815,0.19162432227202428,0.7175493681273432,71
chr19,4381164,-0.0013899193548387095,1.7390118758196815,0.19162432227202428,0.7175493681273432,71
chr19,4463642,0.0011504934210526323,1.1774194120576125,0.2817139811003874,0.5501915990061469,70
chr19,4491305,-0.0004284578696343407,0.16391516195392364,0.6868296399705358,0.16315097123114272,71
chr19,4550581,-0.000265625,0.059108570302808604,0.8086880181526929,0.09221899152363384,66
chr19,4583006,5.127186009538945e-05,0.002341775653715935,0.9615437176175152,0.017030965311694197,71
chr19,4583014,3.2352941176470416e-05,0.0009052656971330883,0.976086609659301,0.010511645009244256,69
chr19,4589207,0.00022478991596638662,0.044135305193567585,0.8342396367690125,0.07870917960512899,69
chr19,4589431,-0.00014242424242424256,0.01719499679471802,0.8960716065576766,0.0476572837639078,68
chr19,4589446,-0.00014242424242424256,0.01719499679471802,0.8960716065576766,0.0476572837639078,68
chr19,4589455,0.00014242424242424243,0.01719499679471802,0.8960716065576766,0.0476572837639078,68
chr19,4589510,-0.00014242424242424256,0.01719499679471802,0.8960716065576766,0.0476572837639078,68
chr19,4658263,-0.0003289915966386556,0.09282878073821037,0.761555685371166,0.1182983353151607,69
chr19,4715765,-0.00020276292335115863,0.033625410618072955,0.8550766950703254,0.06799493000631227,67
chr19,4743866,-0.00013781512605042003,0.016582413490431977,0.8979232682518794,0.04676077424428628,69
chr19,4834720,-0.0002857142857142856,0.0719835708085445,0.7892825442839402,0.1027675019139953,70
chr19,4847565,1.2121212121212185e-05,0.00010881193863184061,0.9917112218741169,0.003614772406973598,63
chr19,4849945,0.0005285714285714286,0.2458770456298253,0.621592138587275,0.20649448679040502,70
chr19,4850103,0.00028025210084033607,0.06725187030141365,0.7961760582961168,0.09899088616691323,69
chr19,4898994,0.0004506493506493509,0.17108862306945494,0.6804871041003581,0.16718010069006892,68
chr19,4912045,0.0002857142857142856,0.0719835708085445,0.7892825442839402,0.1027675019139953,70
chr21,388266,-0.0011617647058823524,1.1463678008649791,0.28821067539527084,0.5402899368482162,68
chr21,519622,0.0012218487394957977,1.305090750326022,0.25735153926975457,0.5894732298060348,69
chr21,519757,0.0013510822510822509,1.5704158526775411,0.21456812528243746,0.6684347932839012,68
chr21,524352,-0.0012647058823529414,1.4548331124603178,0.23187354531082321,0.6347487976358722,71
chr21,529083,-0.0014645021645021646,1.815617812278113,0.18244346037867776,0.7388716991524705,68
chr21,529882,0.001424242424242424,1.6778741736787781,0.19986012124772531,0.6992738534547399,66
chr21,598330,0.001264705882352941,1.4548331124603178,0.23187354531082321,0.6347487976358722,71
chr21,603635,0.001257575757575757,1.2880999404003655,0.26063119055926776,0.5839736121184245,66
chr21,607210,0.0011840607210626185,1.094845616536614,0.29939808816509267,0.5237509772127444,65
chr21,617983,0.0013073593073593072,1.4614217316155715,0.23101714413979346,0.6363557892462648,68
chr21,787541,0.0013800675675675667,1.639026339456315,0.2048738637595015,0.6885134420332664,69
chr21,797443,-0.0016111111111111107,2.014760432766612,0.16078423570957506,0.7937565344430456,64
chr21,797889,0.0011538461538461537,1.1390391773228166,0.28968601163195845,0.5380724755167268,69
chr21,919176,0.0011972222222222217,1.1726330671820349,0.28292390673860324,0.5483303536176432,66
chr21,952531,0.0016742286751361157,2.287694139421663,0.135250671579343,0.8688605697520495,67
chr21,1019948,0.0013070829450139796,1.372319071018987,0.24575670079851847,0.6094946318675586,66
chr21,1019954,0.0013070829450139796,1.372319071018987,0.24575670079851847,0.6094946318675586,66
chr21,1020052,0.0016675675675675672,2.304757823996626,0.1338275047614696,0.8734546194640166,67
chr21,1020077,-0.0016675675675675672,2.304757823996626,0.1338275047614696,0.8734546194640166,67
chr21,1051353,0.0009638888888888884,0.7384973235593738,0.3933501394281056,0.40522069155345924,66
chr21,1051428,0.0010542114695340499,0.9080289316194909,0.34416817125321564,0.46322929579885347,67
chr21,1069482,-0.0009218750000000002,0.7513177644487158,0.3891076483466106,0.40993023256792743,70
chr21,1072091,0.0009218750000000001,0.7513177644487158,0.3891076483466106,0.40993023256792743,70
chr21,1105787,0.0010686517783291976,0.9917833540919687,0.3228375865897053,0.49101590797035244,70
chr21,1118871,0.0009218750000000001,0.7513177644487158,0.3891076483466106,0.40993023256792743,70
chr21,1128241,0.0008666982922201137,0.6211202569527909,0.4335867474334847,0.36292400046521,65
chr21,1128285,-0.0008666982922201138,0.6211202569527909,0.4335867474334847,0.36292400046521,65
chr21,1156324,0.0006588861588861588,0.37761206554019305,0.5409347151351691,0.2668551462934636,70
chr21,1192261,-0.0010207910750507096,0.7652934619597647,0.38510846839294,0.41441693129706203,63
chr21,1194623,0.0005945945945945941,0.30154737961959593,0.5847395494285398,0.23303753123933132,69
chr21,1200483,0.0006536502546689302,0.3641047957621616,0.5482727453332807,0.26100334238125594,69
chr21,1228627,-0.0007651515151515145,0.5238037643573932,0.4716702283367623,0.3263615354081264,71
chr21,1229029,-0.00041792929292929284,0.15844533180645104,0.6918574599332461,0.15998337193187337,69
chr21,1229052,-0.00041792929292929284,0.15844533180645104,0.6918574599332461,0.15998337193187337,69
chr21,1238305,-0.0006691919191919188,0.38471595700309547,0.5371941239030358,0.26986874650675474,69
chr21,1266178,0.0006388888888888881,0.3611657251527435,0.5498575856762788,0.2597497791673124,70
chr21,1266550,0.0007232142857142855,0.4349859395702412,0.5118825889077807,0.2908296422213346,67
chr21,1266561,-0.0007232142857142856,0.4349859395702412,0.5118825889077807,0.2908296422213346,67
chr21,1273172,0.0006684027777777773,0.3906905360425817,0.5340918187350197,0.2723840745405968,68
chr21,1287584,-0.0005894957983193272,0.29858187614794995,0.5865879633178306,0.23166685291066538,69
chr21,1289259,0.0007406417112299464,0.4495255379506398,0.5049356474138493,0.29676396792872456,67
chr21,1292240,0.00046969696969696934,0.1807653869023244,0.6721205712281351,0.17255281218120994,67
chr21,1295950,-0.0004929006085192696,0.17704980691214428,0.6753997120491327,0.17043912885829068,63
chr21,1296136,-0.0004628543499511241,0.16999768689823141,0.6815360503086327,0.16651116692244988,64
chr21,1296563,0.0009090909090909087,0.6756756756756741,0.4141316649035448,0.3828615616562197,66
chr21,1321417,0.0002901069518716578,0.07215155483850319,0.7890802048082253,0.1028788513719144,67
chr21,1355776,-0.0011891891891891893,1.0053950212171199,0.31996961343439095,0.4948912633812651,63
chr21,1398645,0.00034285714285714247,0.10799602955773592,0.7434471658580072,0.1287498898073053,70
chr21,1403937,0.00045714285714285675,0.18458275898632195,0.6688224477687505,0.17468915904617052,70
chr21,1403938,0.00045714285714285675,0.18458275898632195,0.6688224477687505,0.17468915904617052,70
chr21,1404120,-0.00045714285714285675,0.18458275898632195,0.6688224477687505,0.17468915904617052,70
chr21,1445181,-0.0006070261437908491,0.3208263553712508,0.572976206475293,0.24186341225780314,70
chr21,1463325,0.0005805555555555551,0.3020276655087363,0.5843884646325374,0.23329836528373613,71
chr21,1467872,2.843137254901909e-05,0.0008102272552107644,0.9773831152224096,0.009935167895401322,64
chr21,1504965,0.0006503189792663473,0.3775828213760511,0.5409206988263968,0.2668663995634999,71
chr21,1505098,-0.0006503189792663471,0.3775828213760511,0.5409206988263968,0.2668663995634999,71
chr21,1505110,-0.0006503189792663471,0.3775828213760511,0.5409206988263968,0.2668663995634999,71
chr21,1545119,0.0007829647829647828,0.5425318558565333,0.4639189441469207,0.3335578926882076,70
chr21,1554214,-0.0006735197368421052,0.39273271696779294,0.5329647916891712,0.27330148005440835,70
chr21,1557014,0.0008813131313131308,0.6750126202981362,0.4142234839145804,0.3827652829283171,69
chr21,1583836,-0.0008235294117647061,0.6094665060952678,0.437658902552056,0.35886423299128245,71
chr21,1591933,-0.0009309523809523812,0.676237242051012,0.41398704931511987,0.3830132446253646,65
chr21,1598205,0.0009051036682615625,0.7351716123917807,0.3941803573846402,0.4043050210814509,71
chr21,1614312,-0.0010409500409500408,0.9648689550151864,0.32944524630303096,0.48221675467967745,70
chr21,1620203,-0.000984742807323452,0.8151870954879966,0.3698746068618788,0.43194548344079325,68
chr21,1622098,0.0009051036682615625,0.7351716123917807,0.3941803573846402,0.4043050210814509,71
chr21,1622216,0.000787162162162162,0.5635720861799651,0.45545309524812083,0.34155634212414415,69
chr21,1667288,0.00041031941031941004,0.14814219980135196,0.7015183202147033,0.1539609828476507,70
chr21,1671402,0.00033059210526315745,0.09433154320037086,0.7596796942212833,0.11936948186938288,70
chr21,1671558,0.00033059210526315745,0.09433154320037086,0.7596796942212833,0.11936948186938288,70
chr21,1682161,-4.2284219703574436e-05,0.0015752372543302651,0.9684606801962926,0.013918007077475427,68
chr21,1691341,0.00041031941031941004,0.14814219980135196,0.7015183202147033,0.1539609828476507,70
chr21,1693305,-0.00014738175675675663,0.01856457950670643,0.8920307217548475,0.04962018815880272,69
chr21,1695948,-0.00017863175675675628,0.02708687297846016,0.8697693935174955,0.06059587887386839,69
chr21,1699780,-0.00014611486486486443,0.019261801060619293,0.8900348664149862,0.05059297987752013,69
chr21,1699874,-0.00014611486486486443,0.019261801060619293,0.8900348664149862,0.05059297987752013,69
chr21,1699886,-0.00014611486486486443,0.019261801060619293,0.8900348664149862,0.05059297987752013,69
chr21,1734903,-0.00010294117647058838,0.008745788013348322,0.925774639471738,0.0334947203865825,68
chr21,1734945,-0.00010294117647058838,0.008745788013348322,0.925774639471738,0.0334947203865825,68
chr21,1735353,-0.00014285714285714268,0.017981616441543793,0.8937231118210731,0.0487970109960603,70
chr21,1811255,4.411764705882362e-05,0.0017210108186100513,0.9670344423207021,0.014558057619744522,68
chr21,1853755,-0.00041577540106951875,0.1376279984836291,0.7118569694030445,0.14760725866522853,67
chr21,1864253,-0.0002771836007130122,0.06575654873772542,0.798428401161138,0.09776402301304181,67
chr21,1874015,-0.0004673202614379081,0.1927586517601568,0.6620224118269786,0.1791273078895595,70
chr21,1938716,0.00022410714285714254,0.04253932402025339,0.8372398109482566,0.07715012903846744,67
chr21,2055093,0.0002655228758169931,0.06113515968788888,0.8054556970881437,0.09395834232023155,70
chr21,2079959,9.642857142857126e-05,0.007700938674297753,0.9303412104707917,0.031357741072827926,67
chr21,2083391,0.0005882352941176473,0.29227141386296396,0.5905885127303223,0.22871500455406066,68
chr21,2093766,-0.00011428571428571443,0.011575699542504892,0.914637410505012,0.03875103907646487,70
chr21,2101965,-0.00027142857142857166,0.0639397380731605,0.8011368657789792,0.09629328294830908,70
chr21,2121237,-0.00023611111111111123,0.04693290027312366,0.8291471820077563,0.08136837094524452,69
chr21,2204727,0.0005854838709677426,0.2390360903801926,0.6267157320866925,0.20292940331712764,61
chr21,2204759,0.0005854838709677426,0.2390360903801926,0.6267157320866925,0.20292940331712764,61
chr21,2240524,0.000352941176470588,0.10251987190119488,0.7498859329909238,0.1250047931951575,65
chr21,2277053,0.0008424369747899161,0.6054236894810329,0.43925523715001713,0.3572830517978483,69
chr21,2277260,-0.0010086580086580092,0.8617309877161987,0.3566373273836052,0.4477732034255849,68
chr21,2320553,-0.0007285373608903023,0.4760605024630995,0.4925263823351552,0.30757050141874637,71
chr21,2320556,-0.0007285373608903023,0.4760605024630995,0.4925263823351552,0.30757050141874637,71
chr21,2360666,-0.0008947583947583949,0.7128801440554654,0.4014500250336076,0.3963685106667347,70
chr21,2360859,0.0003069556451612903,0.06964187398344017,0.7927484250622517,0.1008646121043462,63
chr21,2397257,-0.0011893382352941178,1.1418794719585919,0.2892695358527886,0.538697301255852,66
chr21,2462578,0.0007214052287581695,0.4540038772702131,0.5027236647940301,0.2986706706749248,70
chr21,2544252,-0.0006102941176470585,0.3294066907701584,0.5679022771762565,0.2457263898777316,70
chr21,2544330,0.0006102941176470586,0.3294066907701584,0.5679022771762565,0.2457263898777316,70
chr21,2544381,0.0007285373608903024,0.4760605024630995,0.4925263823351552,0.30757050141874637,71
chr21,2602953,0.0007281512605042018,0.4617090720398415,0.4991671917689594,0.3017539667990649,69
chr21,2602957,0.0007281512605042018,0.4617090720398415,0.4991671917689594,0.3017539667990649,69
chr21,2602993,-0.0007281512605042018,0.4617090720398415,0.4991671917689594,0.3017539667990649,69
chr21,2603008,-0.0007281512605042018,0.4617090720398415,0.4991671917689594,0.3017539667990649,69
chr21,2617486,0.0007285373608903024,0.4760605024630995,0.4925263823351552,0.30757050141874637,71
chr21,2632081,-0.0007995798319327731,0.5440830144345581,0.46332107022431157,0.33411794915130777,69
chr21,2705294,0.0015888888888888886,2.328428605426467,0.1316010343665778,0.8807406972119448,71
chr21,2709901,-0.001607843137254902,2.1584195821290635,0.146613948723963,0.8338247093288056,67
chr21,2721744,0.0015888888888888886,2.328428605426467,0.1316010343665778,0.8807406972119448,71
chr21,2721798,-0.0015888888888888886,2.328428605426467,0.1316010343665778,0.8807406972119448,71
chr21,2728119,-0.0014008403361344538,1.7221946668208805,0.19388891475527803,0.7124470202056369,69
chr21,2744179,0.0014142857142857143,1.8027265350284043,0.18384819682087894,0.7355406253250754,70
chr21,2760886,-0.0016033386327503978,2.3685395074315667,0.12837644527854578,0.8915146540239623,71
chr21,2794635,-0.0021056511056511064,4.06175814896018,0.047819618359973545,1.3203938942348603,70
chr21,2808744,0.0019078282828282826,3.400844397888174,0.06958487482746142,1.1574851496541527,69
chr21,2808760,0.0019078282828282826,3.400844397888174,0.06958487482746142,1.1574851496541527,69
chr21,2808801,0.0019078282828282826,3.400844397888174,0.06958487482746142,1.1574851496541527,69
chr21,2846437,0.0019656862745098024,3.5241811359309074,0.06476977636714923,1.1886276024471216,70
chr21,2846679,0.0021818181818181815,3.9640604090995946,0.050754322077786705,1.2945269686933931,66
chr21,2863496,0.0018445887445887445,2.910549099651117,0.09270396139378236,1.0329017073366056,68
chr21,2863522,-0.001844588744588745,2.910549099651117,0.09270396139378236,1.0329017073366056,68
chr21,2867436,-0.0019329365079365068,3.5026968542034407,0.06550849403189046,1.183702384404995,71
chr21,2868639,0.0019329365079365068,3.5026968542034407,0.06550849403189046,1.183702384404995,71
chr21,2899739,-0.0017419642857142864,2.6230891879669076,0.1101613934308685,0.9579705793278416,67
chr21,2906952,-0.002044117647058824,3.6888136769938433,0.05910048039423329,1.2284089889712535,68
chr21,2914195,0.0018285714285714285,3.0786780148115427,0.08382967724289686,1.0766022059383697,70
chr21,2914196,0.0019329365079365068,3.5026968542034407,0.06550849403189046,1.183702384404995,71
chr21,2914229,0.0019329365079365068,3.5026968542034407,0.06550849403189046,1.183702384404995,71
chr21,2946592,-0.0021008658008658016,3.8266615158261676,0.0546774231151165,1.2621919614278543,68
chr21,2947907,0.002014285714285714,3.720287956674412,0.057930306375430875,1.2370941746459942,70
chr21,2966124,0.0021426767676767677,4.103615485463691,0.046777068678556515,1.3299669970761454,69
chr21,2984889,0.001906045751633986,3.3553642078693966,0.07136635455085245,1.146506486777941,70
chr21,3087678,0.0018803763440860216,2.974773481069419,0.08932446940988659,1.049029554840527,67
chr21,3126281,0.002121621621621623,4.257048437394181,0.04285243297950753,1.368024515640931,71
chr21,3126290,-0.0021216216216216224,4.257048437394181,0.04285243297950753,1.368024515640931,71
chr21,3126320,-0.0021216216216216224,4.257048437394181,0.04285243297950753,1.368024515640931,71
chr21,3143848,0.0022175438596491234,4.298939729030632,0.04204316595038828,1.3763045880050315,68
chr21,3143862,0.0022175438596491234,4.298939729030632,0.04204316595038828,1.3763045880050315,68
chr21,3144125,0.0022175438596491234,4.298939729030632,0.04204316595038828,1.3763045880050315,68
chr21,3148022,0.002666034155597723,5.936074241753463,0.017672527130567512,1.7527013429445406,65
chr21,3148042,0.002666034155597723,5.936074241753463,0.017672527130567512,1.7527013429445406,65
chr21,3148045,-0.002666034155597723,5.936074241753471,0.017672527130567352,1.7527013429445444,65
chr21,3148052,-0.002666034155597723,5.936074241753471,0.017672527130567352,1.7527013429445444,65
chr21,3161374,-0.0023191573926868055,5.1485689148510145,0.02639585832226395,1.5784642113458334,71
chr21,3174634,-0.002349603174603174,5.304143783385569,0.024294445294202334,1.6144930125679327,71
chr21,3207473,0.0017262200165425968,2.6931523766028933,0.10539798185516928,0.9771677048497991,70
chr21,3236805,-0.0020004135649296932,3.6490023244470904,0.060320936016790526,1.2195319280173749,70
chr21,3236806,-0.0020004135649296932,3.6490023244470904,0.060320936016790526,1.2195319280173749,70
chr21,3271281,-0.0016794871794871798,2.4198981097305117,0.12451407010659506,0.9047815704606672,69
chr21,3271346,-0.0015530503978779843,2.0206272448584266,0.15988320572097794,0.7961971525499499,68
chr21,3361703,-0.0017235663082437276,2.5564256702801904,0.11469677496434962,0.9404487933879906,67
chr21,3368641,0.0014958881578947373,2.014583694752746,0.1603619436901236,0.7948986884605564,70
chr21,3396851,-0.0016629811629811633,2.4794084301171306,0.11998709722345861,0.9208654531684862,70
chr21,3396864,-0.001670111287758347,2.577450648204831,0.11296357504932451,0.947061571607203,71
chr21,3436825,-0.002035130718954247,3.83858230671731,0.05418725374071912,1.2661028588690306,70
chr21,3438974,0.0023823529411764696,4.950632676340286,0.029613038470884794,1.528517029171407,66
chr21,3439000,0.0023823529411764696,4.950632676340286,0.029613038470884794,1.528517029171407,66
chr21,3439534,0.0019353885135135137,3.386067557249283,0.0701791634147864,1.1537918131868343,69
chr21,3443662,-0.0019529074529074535,3.4660812695575896,0.06696158697329449,1.1741742622194327,70
chr21,3443671,-0.0019529074529074535,3.4660812695575896,0.06696158697329449,1.1741742622194327,70
chr21,3443808,0.0019074529074529082,3.2977669277279875,0.07378254869230826,1.1320463468879138,70
chr21,3443819,-0.0019074529074529082,3.2977669277279875,0.07378254869230826,1.1320463468879138,70
chr21,3443938,-0.0017947635135135132,2.8592427012173696,0.0954975490817481,1.0200077743212936,69
chr21,3455489,-0.0020267379679144385,3.4653770908717,0.06718863079019258,1.1727042091308761,67
chr21,3487997,-0.0018260135135135132,2.963324810900355,0.0897872725398913,1.04678522076519,69
chr21,3517226,0.0015225806451612907,1.890945588440471,0.17389012931300346,0.7597250695588762,66
chr21,3518059,0.001786240786240787,2.921729219550566,0.09195452450423727,1.036426896998161,70
chr21,3518137,-0.001786240786240787,2.921729219550566,0.09195452450423727,1.036426896998161,70
chr21,3550514,0.00179064039408867,2.434546846530283,0.12377851021692987,0.9073547487272265,64
chr21,3551676,0.0017506142506142509,2.7559154910462267,0.10150037091474957,0.9935323706972248,70
chr21,3554091,0.0015453356582388839,2.045135786930523,0.15741049293669407,0.8029663210708751,68
chr21,3558005,0.0017265500794912568,2.7616860297915524,0.10108354917841451,0.9953195178251315,71
chr21,3576122,0.001227114210985179,1.2651302655490557,0.2647562357112567,0.5771538023135939,68
chr21,3688900,0.0013155694879832811,1.2182617870828267,0.2741091282612609,0.5620765015364423,62
chr21,3688936,0.0013155694879832811,1.2182617870828267,0.2741091282612609,0.5620765015364423,62
chr21,3690115,0.0013243464052287571,1.555155134001666,0.2166542136426907,0.6642328600846077,70
chr21,3690230,0.0013243464052287571,1.555155134001666,0.2166542136426907,0.6642328600846077,70
chr21,3709481,0.0011338682432432432,1.1208921770132727,0.2935285216786947,0.5323496926928591,69
chr21,3709537,0.0011338682432432432,1.1208921770132727,0.2935285216786947,0.5323496926928591,69
chr21,3729694,-0.0013235294117647058,1.4942477331932074,0.2259060717635153,0.6460720962245999,68
chr21,3757220,-0.0012507936507936506,1.4246535641405527,0.23672664296073195,0.6257528606190104,71
chr21,3757457,-0.0011339869281045746,1.1509612884090121,0.28714059480009085,0.541905404329067,70
chr21,3775233,-0.0011663851351351349,1.1613429618622921,0.285051999661558,0.5450759080401888,69
chr21,3775331,-0.0011663851351351349,1.1613429618622921,0.285051999661558,0.5450759080401888,69
chr21,3790158,0.0010590277777777772,0.9427762104040193,0.335109942980203,0.47481268610870564,68
chr21,3815095,-0.001167929292929293,1.2209092608811314,0.27313451513423137,0.5636234159891693,69
chr21,3815110,0.001167929292929293,1.2209092608811314,0.27313451513423137,0.5636234159891693,69
chr21,3827738,-0.0012757601351351348,1.4048511595472255,0.2400999844557817,0.6196078680594593,69
chr21,3850174,0.0008596256684491978,0.6210311296585685,0.43352894469661796,0.36298190141181985,67
chr21,3860480,0.0007521008403361347,0.4816603971637965,0.49007057778270424,0.3097413703096125,69
chr21,3876673,0.0010285714285714284,0.9301108179419496,0.3382514499188013,0.47076033311796683,70
chr21,3880743,0.0008168067226890754,0.5755708701593317,0.45071432733523054,0.3460986363294378,69
chr21,4034693,-0.0009957983193277311,0.8601907882502231,0.3570144249404008,0.4473142361414311,69
chr21,4055261,0.0009154411764705886,0.6924923038260995,0.40841235308286195,0.38890113045734576,66
chr21,4057458,-0.0009714285714285715,0.8363175981190077,0.3636835117603926,0.43927638801264596,70
chr21,4115094,-0.0009617647058823527,0.8006486873585853,0.37410277849485296,0.42700906624578977,69
chr21,4172868,0.0011986607142857144,1.180568499613261,0.2812532638811905,0.5509024289610583,67
chr21,4213767,-0.0014453781512605037,1.8406041323258782,0.1794338961609806,0.7460955126567623,69
chr21,4225150,-0.0013573232323232324,1.5898489295088225,0.21172082297280923,0.6742364265461809,69
chr21,4240530,-0.0012285714285714285,1.0782614079623543,0.30325347857718576,0.5181942087030648,62
chr21,4240549,-0.001391482391482392,1.71602831178917,0.1946132827951369,0.7108275214789401,70
chr21,4240551,-0.0013573232323232324,1.5898489295088225,0.21172082297280923,0.6742364265461809,69
chr21,4243150,0.0013879173290938004,1.7596910872492546,0.18903688387542245,0.7234534503201598,71
chr21,4243180,0.0013879173290938004,1.7596910872492546,0.18903688387542245,0.7234534503201598,71
chr21,4243216,0.0013879173290938004,1.7596910872492546,0.18903688387542245,0.7234534503201598,71
chr21,4243242,0.0011490581490581498,1.2289511633722277,0.2715166441986998,0.5662035426420203,70
chr21,4243475,0.0013724747474747477,1.6260020878273953,0.20666093919062056,0.6847416012490388,69
chr21,4249853,0.0011570945945945945,1.1454667109869923,0.28834065792570535,0.5400941149208164,69
chr21,4305354,-0.0008214285714285715,0.47818161008549737,0.492005921323007,0.30802967043907714,60
chr21,4330198,0.0007314189189189189,0.4523644772453876,0.5035273155086428,0.29797696472725504,69
chr21,4396886,0.0009098214285714285,0.6836467779155111,0.4113588075847916,0.3857791995987635,67
chr21,4416449,-0.0011903815580286178,1.2857694211254895,0.2607533398966167,0.5837701201425388,71
chr21,4416456,-0.0011903815580286178,1.2857694211254895,0.2607533398966167,0.5837701201425388,71
chr21,4431448,-0.001432263814616756,1.715552975661319,0.19487695086019372,0.7102395241773095,67
chr21,4441520,0.001765475152571927,2.6386203277263665,0.10906075833074295,0.962331486864564,68
chr21,4441540,0.001765475152571927,2.6386203277263665,0.10906075833074295,0.962331486864564,68
chr21,4449823,-0.001813068651778329,2.983149684963572,0.0886754270599922,1.0521967112929924,70
chr21,4450601,0.0019004934210526327,3.2667000830372066,0.07512295521217272,1.1242273359829587,70
chr21,4456980,0.0018711433756805813,2.915148370442105,0.09252419267830812,1.0337446956614975,67
chr21,4461542,-0.0015430402930402926,2.0419938238606723,0.15779728971207108,0.8019004603990973,67
chr21,4467270,0.001905241935483871,3.3415860068011645,0.07187266954557754,1.1434362239705487,71
chr21,4494933,-0.001903639371381306,3.2512308849706755,0.07580034345102712,1.120328826577076,70
chr21,4507841,-0.0024595516569200777,4.797104831016645,0.03221687741420419,1.4919165553972036,65
chr21,4542668,0.0018933150183150177,3.1304614918686213,0.08153278696711763,1.0886677122969217,67
chr21,4552108,0.0020424710424710424,3.587835638099372,0.06279668415209323,1.2020632876715238,65
chr21,4613540,-0.003000448028673835,8.165994765578565,0.00572791547279085,2.242003399563917,67
chr21,4613818,-0.002889639639639639,7.502492363038391,0.007943002758867142,2.1000152866057684,67
chr21,4613860,-0.0026453867660764215,6.350355614584612,0.014241474979934644,1.8464450287838958,66
chr21,4613882,-0.0026453867660764215,6.350355614584612,0.014241474979934644,1.8464450287838958,66
chr21,4613884,-0.0026453867660764215,6.350355614584612,0.014241474979934644,1.8464450287838958,66
chr21,4623044,-0.0026670673076923087,6.91606199296065,0.010525052238799681,1.9777757399610691,71
chr21,4660313,-0.002989639639639639,8.019370882495686,0.006154306504820447,2.210820878248229,67
chr21,4671625,-0.002759305210918113,7.217230372024073,0.009067349360456686,2.042519650797526,70
chr21,4675807,0.0027605263157894733,6.980074120723837,0.010281622997302158,1.987938324724295,68
chr21,4681886,0.003378571428571427,9.67952970748213,0.0028333749681913644,2.5476959472443417,63
chr21,4705312,0.0031549549549549543,9.148350223603495,0.003562465588537514,2.448249322009525,67
chr21,4730136,0.002979967948717949,8.854502702385496,0.0040279080887949915,2.3949204479954247,71
chr21,4871345,-0.0025738539898132436,6.125165907232048,0.015863872525268007,1.7995907885780384,69
chr21,4871577,-0.002424731182795699,5.436579178592138,0.022689588029587097,1.6441733894434596,70
chr22,473,0.0003749999999999999,0.12318449070395587,0.7266910589449362,0.13865018324249692,70
chr22,164991,0.0004976958525345621,0.19464863321508274,0.6605623506038489,0.1800861829772643,66
chr22,225216,-0.00031282051282051224,0.08117572227025757,0.7765892280067543,0.10980863780448458,69
chr22,225381,-0.000194736842105263,0.03110735918991554,0.8605411663719105,0.06522834915917028,68
chr22,237977,0.0003365853658536582,0.09881180183647949,0.7542087068713639,0.1225084582412429,71
chr22,238018,0.0003365853658536582,0.09881180183647949,0.7542087068713639,0.1225084582412429,71
chr22,274330,-0.00022499999999999961,0.043711857277770085,0.8350156792949823,0.07830536958542861,70
chr22,279339,-0.00022499999999999961,0.043711857277770085,0.8350156792949823,0.07830536958542861,70
chr22,280928,0.00026982758620689644,0.060822078221205465,0.8059553629300751,0.09368901051497663,69
chr22,308604,-0.0003641715727502101,0.11182455268322077,0.7391056123002493,0.13129349995150658,70
chr22,389817,-0.0005339756592292087,0.20641728643948115,0.6512026951059797,0.18628381071831304,63
chr22,412301,-1.6216216216215883e-05,0.00021516989440916083,0.9883414456014294,0.0050929923325570454,67
chr22,412567,-0.0003365853658536582,0.09881180183647949,0.7542087068713639,0.1225084582412429,71
chr22,462190,-0.0004303571428571427,0.1481604962468681,0.7015371157192092,0.15394934712224323,68
chr22,548404,-0.0001277777777777778,0.013069652376044964,0.9093399821887198,0.04127371327629655,66
chr22,589391,0.0004281250000000003,0.13714496990797187,0.7124401026468241,0.14725164245410535,62
chr22,612056,-7.981803143093472e-05,0.005455466112418383,0.9413377319590767,0.026254532990294534,70
chr22,616465,-0.00020161290322580672,0.034452273906370796,0.853308858579413,0.06889374573946183,69
chr22,671286,-0.0003803552769070015,0.10362126319853797,0.7486453601850813,0.12572386265938978,62
chr22,697466,0.00047619047619047586,0.1887826563546673,0.6654402115129869,0.17689095893678095,64
chr22,715405,0.0007614942528735635,0.5037691558761134,0.4802404264050245,0.31854128404234794,71
chr22,718799,0.0007614942528735635,0.5037691558761134,0.4802404264050245,0.31854128404234794,71
chr22,749151,-0.0007601626016260165,0.5069780844260222,0.4788505827985752,0.31979997967333984,71
chr22,754090,0.0009137931034482761,0.6534794078269234,0.4218662087688413,0.3748252599534033,66
chr22,789697,0.0007564102564102565,0.4772761410429202,0.492045337818227,0.30799487882386367,69
chr22,830421,0.0004404761904761906,0.14441321391626305,0.7052312270681022,0.15166846573870135,64
chr22,837837,-0.0003041556145004422,0.07412937157439387,0.7862666281480679,0.10443015688964634,68
chr22,857043,0.0003928571428571428,0.12765874913344966,0.7219949762436596,0.1414658243102053,69
chr22,857103,0.0003928571428571428,0.12765874913344966,0.7219949762436596,0.1414658243102053,69
chr22,881293,0.00012209302325581376,0.01198117664761185,0.9131659723111534,0.039450280178774215,69
chr22,903301,0.00040435139573070564,0.1413010526994674,0.7081442554128412,0.14987826356979356,71
chr22,903311,-0.00040435139573070564,0.1413010526994674,0.7081442554128412,0.14987826356979356,71
chr22,903573,0.0005224999999999999,0.21074849061006595,0.6477614156864568,0.18858492457764667,65
chr22,910351,0.0004301934398654333,0.15619767252997116,0.6939187232285267,0.15869139427203058,70
chr22,912182,-0.0004423885618166527,0.16534105055108628,0.6855629748562873,0.16395264535820853,70
chr22,913131,0.00040435139573070564,0.1413010526994674,0.7081442554128412,0.14987826356979356,71
chr22,947228,0.0007047413793103444,0.41071351485406365,0.5237936380180392,0.28083978080662275,69
chr22,971856,0.0007499999999999999,0.47188659699183105,0.49445661955327,0.30587180460281505,70
chr22,972135,0.0009407064760302778,0.753670489110915,0.38837018757195685,0.41075411519533456,70
chr22,972621,0.0009166666666666663,0.7217018410063124,0.3985673163979213,0.3994983175020678,70
chr22,984578,0.0007745358090185679,0.5031212565276261,0.480630167584129,0.318188973431956,68
chr22,984668,0.0007745358090185679,0.5031212565276261,0.480630167584129,0.318188973431956,68
chr22,987281,0.000767031118587048,0.5067645886382091,0.47897803846145015,0.31968439888952943,70
chr22,992453,0.0009662162162162163,0.7139440221894016,0.4013350957578419,0.3964928606311834,65
chr22,1154960,0.001026026026026026,0.7801445544338165,0.3805090079525014,0.4196350575326783,64
chr22,1157389,0.0007828947368421049,0.47303885767297904,0.49407766572836387,0.3062047775013077,66
chr22,1157398,0.0007828947368421049,0.47303885767297904,0.49407766572836387,0.3062047775013077,66
chr22,1159879,0.0007456140350877193,0.46515253023076686,0.4976122984596627,0.30310889462116913,68
chr22,1160262,-0.000621392190152801,0.32854861333612123,0.5684338619731557,0.24532005877051052,69
chr22,1161313,-0.0007624999999999995,0.49757304304677535,0.48297787273002146,0.3160727656695638,70
chr22,1167155,-0.000618693134822167,0.3344116007280939,0.5649831779735375,0.24796448283901737,70
chr22,1177106,-0.0008974358974358973,0.6820225260635219,0.41182222819093306,0.3852902159498155,69
chr22,1183982,0.000618693134822167,0.3344116007280939,0.5649831779735375,0.24796448283901737,70
chr22,1189203,-0.0007728070175438593,0.4871287875521576,0.4876626157939721,0.31188053613836736,68
chr22,1196573,-0.0007468982630272958,0.4808072052648277,0.49041867576211695,0.30943299969274823,70
chr22,1215617,-0.0007286290322580647,0.4693213958068118,0.4955945427478765,0.3048734845145627,71
chr22,1216069,0.0007340777502067824,0.46428113090663675,0.49794398870759227,0.302819506162548,70
chr22,1216165,0.0007340777502067824,0.46428113090663675,0.49794398870759227,0.302819506162548,70
chr22,1244785,0.0008791666666666663,0.6713458348181649,0.41544531423314157,0.38148613503227685,70
chr22,1261145,0.0008543233082706765,0.5805074259076412,0.4489122226324178,0.34783856980541183,66
chr22,1261176,0.0008416927899686522,0.5243001125883623,0.47182707864020745,0.3262171381292049,62
chr22,1261177,0.0008416927899686522,0.5243001125883623,0.47182707864020745,0.3262171381292049,62
chr22,1261180,0.0008416927899686522,0.5243001125883623,0.47182707864020745,0.3262171381292049,62
chr22,1278031,0.0007286290322580647,0.4693213958068118,0.4955945427478765,0.3048734845145627,71
chr22,1279426,-0.000618693134822167,0.3344116007280939,0.5649831779735375,0.24796448283901737,70
chr22,1279434,-0.000618693134822167,0.3344116007280939,0.5649831779735375,0.24796448283901737,70
chr22,1279496,-0.000618693134822167,0.3344116007280939,0.5649831779735375,0.24796448283901737,70
chr22,1279504,-0.000618693134822167,0.3344116007280939,0.5649831779735375,0.24796448283901737,70
chr22,1279513,-0.000618693134822167,0.3344116007280939,0.5649831779735375,0.24796448283901737,70
chr22,1279558,-0.0007286290322580647,0.4693213958068118,0.4955945427478765,0.3048734845145627,71
chr22,1279802,-0.0007286290322580647,0.4693213958068118,0.4955945427478765,0.3048734845145627,71
chr22,1315158,0.0009681697612732097,0.7765183829490494,0.38140590435705024,0.41861258813889046,68
chr22,1398707,-0.001243951612903226,1.3859817160553753,0.24312985668587137,0.6141617059130141,71
chr22,1424841,0.0009846225535880707,0.7626756031590533,0.38575752564381194,0.4136855926434287,66
chr22,1433098,0.0011447154471544711,1.160473908678509,0.28511920458486506,0.5449735292204,71
chr22,1433321,0.0011447154471544711,1.160473908678509,0.28511920458486506,0.5449735292204,71
chr22,1463024,0.0011447154471544711,1.160473908678509,0.28511920458486506,0.5449735292204,71
chr22,1464662,0.0010416666666666662,0.9493668058475628,0.33333397897988737,0.47712041351827006,70
chr22,1464688,-0.0010416666666666664,0.9493668058475628,0.33333397897988737,0.47712041351827006,70
chr22,1464928,-0.0013124999999999996,1.4091503267973846,0.23945259324000817,0.6207804552439363,68
chr22,1478915,0.0015243386243386232,1.6980440248858317,0.19752270477479295,0.7043829760291179,62
chr22,1525742,0.002013980263157895,3.6902911994556464,0.058923479274013396,1.2297116171435098,70
chr22,1525845,0.002013980263157895,3.6902911994556464,0.058923479274013396,1.2297116171435098,70
chr22,1548817,-0.0019524617996604407,3.3639295936739795,0.0710799298680231,1.148253009369066,69
chr22,1583357,-0.002128183361629881,4.068056309161791,0.04771145980464271,1.3213772953379086,69
chr22,1610405,-0.002255128205128205,4.492057694402505,0.0377615368503367,1.4229503387373577,69
chr22,1644274,-0.0019580592105263163,3.5262718092640934,0.06469238013679028,1.189146870172565,70
chr22,1664613,-0.0020792483660130707,3.9638296406529894,0.050508013773370795,1.2966397097736464,70
chr22,1664739,-0.0020792483660130707,3.9638296406529894,0.050508013773370795,1.2966397097736464,70
chr22,1671964,-0.002054848966613673,3.978099790655899,0.05004781820449959,1.3006148505003436,71
chr22,1715282,0.0022361111111111106,4.544479156977855,0.0366956846845635,1.4353850046272858,69
chr22,1718744,0.002211711711711712,4.568435820992324,0.03616504386800886,1.4417110037696128,70
chr22,1724604,0.00195424836601307,3.5361568311521725,0.06432780320382381,1.1916012795144078,70
chr22,1729686,-0.002054848966613673,3.978099790655899,0.05004781820449959,1.3006148505003436,71
chr22,1729687,-0.002054848966613673,3.978099790655899,0.05004781820449959,1.3006148505003436,71
chr22,1729753,-0.002054848966613673,3.978099790655899,0.05004781820449959,1.3006148505003436,71
chr22,1755614,0.002054848966613672,3.978099790655899,0.05004781820449959,1.3006148505003436,71
chr22,1755616,0.002054848966613672,3.978099790655899,0.05004781820449959,1.3006148505003436,71
chr22,1755640,-0.002054848966613673,3.978099790655899,0.05004781820449959,1.3006148505003436,71
chr22,1759342,-0.0020931372549019595,4.020556822953903,0.04893137060967043,1.3104126191086511,70
chr22,1836907,0.0017571428571428569,2.7868218314208595,0.09964045498167834,1.001564298040578,70
chr22,1838446,-0.0017357142857142842,2.796889569346282,0.09897630015253968,1.0044687846465838,71
chr22,1838498,-0.0017357142857142842,2.796889569346282,0.09897630015253968,1.0044687846465838,71
chr22,1840375,-0.0017857142857142854,2.8838115710734047,0.0940459309632104,1.0266599901024724,70
chr22,1840401,-0.0017857142857142854,2.8838115710734047,0.0940459309632104,1.0266599901024724,70
chr22,1856998,-0.001561051693404635,2.040743212693235,0.15792266946509936,0.8015555234626619,67
chr22,1896272,-0.001387958532695374,1.7540604466266116,0.18973727364329823,0.7218473441378498,71
chr22,1908609,-0.0012929292929292928,1.458535861069933,0.23140915789719346,0.635619458065697,69
chr22,1914618,-0.0015394736842105267,2.1302499679968347,0.14902164516648284,0.8267506463955437,70
chr22,1927808,-0.001387958532695374,1.7540604466266116,0.18973727364329823,0.7218473441378498,71
chr22,1936743,0.0013879585326953743,1.7540604466266116,0.18973727364329823,0.7218473441378498,71
chr22,1936861,-0.001387958532695374,1.7540604466266116,0.18973727364329823,0.7218473441378498,71
chr22,2113227,0.0019108952702702703,3.2085280618818794,0.07777185431941326,1.1091775460096676,69
chr22,2113328,-0.0019169407894736846,3.317412259296983,0.07294849485092651,1.1369836644926776,70
chr22,2140710,-0.0018027871621621619,2.885015813545677,0.0940468791824195,1.0266556113453065,69
chr22,2140858,-0.0019037828947368427,3.269479048349635,0.07500197185961392,1.1249273185217394,70
chr22,2157421,-0.0018975044563279858,2.997996455847271,0.0881116226061963,1.054966800999862,67
chr22,2157482,-0.0018975044563279858,2.997996455847271,0.0881116226061963,1.054966800999862,67
chr22,2157676,-0.0018979779411764707,2.907243638686786,0.09303242966167626,1.031365636735369,66
chr22,2165320,0.0015962325962325969,2.3131816856239342,0.1329178759161745,0.8764166075472182,70
chr22,2169865,-0.0017929292929292934,2.8232548995087843,0.09756501158661017,1.0107058995379958,69
chr22,2169995,-0.0017929292929292934,2.8232548995087843,0.09756501158661017,1.0107058995379958,69
chr22,2177756,-0.0016327985739750446,2.225845626124683,0.14055609910549657,0.8521503044472097,67
chr22,2218432,-0.0017261513157894744,2.672374271321909,0.10672498948771306,0.9717338793015132,70
chr22,2218445,-0.0017261513157894744,2.672374271321909,0.10672498948771306,0.9717338793015132,70
chr22,2218448,-0.0017261513157894744,2.672374271321909,0.10672498948771306,0.9717338793015132,70
chr22,2218478,-0.0017261513157894744,2.672374271321909,0.10672498948771306,0.9717338793015132,70
chr22,2218644,-0.0016566506410256418,2.5136695423220474,0.11743557556702941,0.9302003193406494,71
chr22,2222428,-0.001573684210526316,2.114033422020183,0.15069321186434198,0.8219063105006085,68
chr22,2222484,-0.001573684210526316,2.114033422020183,0.15069321186434198,0.8219063105006085,68
chr22,2333703,0.0013721955128205136,1.705060291473078,0.19596436265417666,0.7078229006326028,71
chr22,2415268,-0.0013721955128205136,1.705060291473078,0.19596436265417666,0.7078229006326028,71
chr22,2415503,0.001306306306306306,1.443929978812672,0.23386436485101916,0.6310359488945475,67
chr22,2425445,0.0014383223684210531,1.833435992447211,0.18020522037737552,0.7442326320681197,70
chr22,2425747,0.0013721955128205136,1.705060291473078,0.19596436265417666,0.7078229006326028,71
chr22,2464835,-0.0015754141238012206,2.1017334423848464,0.15186772378486782,0.8185345162726285,68
chr22,2464839,-0.0015754141238012206,2.1017334423848464,0.15186772378486782,0.8185345162726285,68
chr22,2473450,-0.0014565929565929572,1.8895599658437436,0.17376467713329763,0.7600385022555832,70
chr22,2481851,-0.0014565929565929572,1.8895599658437436,0.17376467713329763,0.7600385022555832,70
chr22,2490595,0.0015810810810810807,2.1909496060664413,0.14351087680803806,0.843115182144629,69
chr22,2514393,-0.0013484848484848484,1.5936700472859586,0.2111790232609028,0.6753492231386161,69
chr22,2514405,-0.0013484848484848484,1.5936700472859586,0.2111790232609028,0.6753492231386161,69
chr22,2514525,0.0013484848484848484,1.5936700472859586,0.2111790232609028,0.6753492231386161,69
chr22,2531574,-0.0012944307944307946,1.49863784543962,0.22510556914155863,0.6476137603636347,70
chr22,2541377,0.0013401785714285712,1.5103315158931134,0.22351916429313962,0.6506852349931201,67
chr22,2569978,0.001387958532695374,1.7540604466266112,0.18973727364329823,0.7218473441378498,71
chr22,2569979,0.001387958532695374,1.7540604466266112,0.18973727364329823,0.7218473441378498,71
chr22,2570125,0.0014144736842105266,1.7667636476561916,0.1882256161125008,0.7253212726236299,70
chr22,2609142,0.0008924632352941179,0.6885624033264633,0.40973831844631603,0.38749341922573116,66
chr22,2634200,-0.0013211446740858505,1.5906373251391737,0.21148261565806695,0.6747253267952028,71
chr22,2669975,-0.0012065972222222218,1.2367014823162734,0.27014213088687133,0.5684076787343876,68
chr22,2671015,0.0012246732026143777,1.341725138512753,0.2507819644242122,0.6007037000290851,70
chr22,2688422,-0.0013211446740858505,1.5906373251391737,0.21148261565806695,0.6747253267952028,71
chr22,2693413,-0.0013300573300573301,1.5642103020236549,0.2153362188590182,0.6668829170984824,70
chr22,2693539,-0.001445887445887446,1.7591322396429327,0.1893042687199115,0.7228395927947868,68
chr22,2693609,-0.001445887445887446,1.7591322396429327,0.1893042687199115,0.7228395927947868,68
chr22,2699172,-0.0013635620915032672,1.6508883329416395,0.20319758751381145,0.6920814525675424,70
chr22,2718781,0.0014336405529953916,1.650359252006894,0.20354045320794117,0.6913492628072718,66
chr22,2718835,0.0012191964285714284,1.2420740267703205,0.2691756454501646,0.5699642368889405,67
chr22,2718916,0.0015365418894830666,1.9379277510529667,0.16863858581618008,0.7730430483959426,67
chr22,2720291,0.0013211446740858503,1.5906373251391737,0.21148261565806695,0.6747253267952028,71
chr22,2734310,-0.0011696428571428567,0.9349979098855365,0.33758240757632463,0.4716201938343009,60
chr22,2734311,-0.0011696428571428567,0.9349979098855365,0.33758240757632463,0.4716201938343009,60
chr22,2734312,-0.0011696428571428567,0.9349979098855365,0.33758240757632463,0.4716201938343009,60
chr22,2734455,0.0013090909090909088,1.4663685366731727,0.2302379156291831,0.6378231551084845,68
chr22,2738034,-0.0008814338235294118,0.6400590520088609,0.4266490897841111,0.36992917655697133,66
chr22,2759486,0.0014428571428571426,1.8560175523090887,0.177580665308285,0.7506043212546453,70
chr22,2759578,0.001391666666666667,1.7723407527850434,0.18747455437170216,0.727057670047648,71
chr22,2775418,-0.001655844155844156,2.355987228175664,0.1295830610406105,0.8874517652662571,68
chr22,2775419,-0.001655844155844156,2.355987228175664,0.1295830610406105,0.8874517652662571,68
chr22,2788177,0.001391666666666667,1.7723407527850434,0.18747455437170216,0.727057670047648,71
chr22,2814158,-0.0010392857142857142,0.8132918432616196,0.37069593551731583,0.4309821757510639,63
chr22,2814222,-0.0010392857142857142,0.8132918432616196,0.37069593551731583,0.4309821757510639,63
chr22,2838133,-0.0013541666666666663,1.5579561358665135,0.21637467104656868,0.6647935793719795,68
chr22,2838206,-0.0013541666666666663,1.5579561358665135,0.21637467104656868,0.6647935793719795,68
chr22,2838963,-0.0012769607843137244,1.4661373910950601,0.23014775613439278,0.6379932549790092,70
chr22,2842415,-0.0012769607843137244,1.4661373910950601,0.23014775613439278,0.6379932549790092,70
chr22,2992777,0.001450604838709677,1.5685884119082452,0.21519261946217474,0.6671726279025698,63
chr22,2992820,0.001450604838709677,1.5685884119082452,0.21519261946217474,0.6671726279025698,63
chr22,3025311,0.0010909090909090907,1.0344952886057814,0.3127640242455339,0.5047832075629368,69
chr22,3027963,0.0011515151515151512,1.164760306234954,0.2843504546152424,0.5461460730677541,69
chr22,3028007,0.0011515151515151512,1.164760306234954,0.2843504546152424,0.5461460730677541,69
chr22,3028591,0.001052941176470588,0.9622409890613459,0.3301518525910305,0.4812862614144316,69
chr22,3035949,0.0010303030303030303,0.9188834875147197,0.3412147394212881,0.4669722169210656,69
chr22,3035984,0.0010303030303030303,0.9188834875147197,0.3412147394212881,0.4669722169210656,69
chr22,3088419,-0.0006495535714285713,0.28731460040205953,0.5939963548130506,0.2262162201525356,60
chr22,3102239,0.001138095238095238,1.1753164254042097,0.2820851766376082,0.5496197350911254,71
chr22,3102285,0.0011857142857142858,1.2424068828702688,0.26893173483912164,0.5703579465594948,70
chr22,3102462,-0.0010196078431372539,0.9274812577632898,0.3389306069220138,0.4698892106930474,70
chr22,3110370,0.0009999999999999998,0.8625861545797405,0.35635002081698497,0.44812321149674145,69
chr22,3140949,0.001281524926686217,1.2733019168229596,0.2634957164737334,0.5792264405157295,64
chr22,3176754,0.0010122850122850126,0.9117580102545809,0.3430306417818022,0.4646670841485564,70
chr22,3183628,-0.001138071895424836,1.1410633759782596,0.2892052894627023,0.5387937682120283,70
chr22,3183646,-0.0007567567567567569,0.4986122546150701,0.4825228716580997,0.31648209620726164,70
chr22,3183649,-0.0007567567567567569,0.4986122546150701,0.4825228716580997,0.31648209620726164,70
chr22,3304278,-0.0010117647058823526,0.8731911748565345,0.35342904056003077,0.4516977682508712,69
chr22,3403271,0.0012444852941176467,1.2448556807481934,0.2687091107583026,0.570717608278488,66
chr22,3403286,0.0012444852941176467,1.2448556807481934,0.2687091107583026,0.570717608278488,66
chr22,3420249,-0.0011831168831168833,1.1759842194431414,0.282120534298918,0.5495653023304415,68
chr22,3425004,0.0012647058823529404,1.4149271647389834,0.23837703528778428,0.6227355858788994,70
chr22,3444266,0.0014708333333333338,1.5691420984731375,0.21519201352271472,0.6671738507908594,62
chr22,3481377,-0.0012499999999999998,1.1997739919037593,0.27767280801178396,0.5564666478285986,63
chr22,3487194,0.0012491087344028522,1.2797926529377488,0.262094229319067,0.5815425410620824,67
chr22,3506617,0.0011142857142857144,1.1115911655650483,0.29546813165895064,0.5294893540078451,70
chr22,3540330,0.0013387096774193548,1.2972494570470867,0.2592433011013025,0.586292457050116,62
chr22,3542885,-0.0013593073593073594,1.545679636371931,0.21817272464196505,0.6611995446638274,68
chr22,3542891,0.002269090909090908,4.265164126192206,0.0427737226211313,1.368822951205388,69
chr22,3543032,0.0012205882352941174,1.261770631559663,0.2653855951543857,0.5761226538707652,68
chr22,3566661,-0.0013457983193277308,1.562887070297377,0.21559191117600254,0.6663675375369105,69
chr22,3607937,0.0015179211469534052,1.912980086607505,0.1713652905422126,0.7660771383783421,67
chr22,3666922,0.0014588744588744595,1.8480459794373443,0.17863756467481623,0.7480272105338993,68
chr22,3681865,-0.0013088235294117642,1.4409995755166856,0.23426857012068172,0.6302859731988371,68
chr22,3682030,0.0013412698412698402,1.643298666646872,0.20416413223560467,0.6900205528484317,71
chr22,3744159,0.001387958532695374,1.7540604466266112,0.18973727364329823,0.7218473441378498,71
chr22,3757840,-0.0013679163034001746,1.5805850962305692,0.21310720220606658,0.6714018725500096,68
chr22,3758208,0.0015894736842105267,2.122780271620172,0.14986436436017522,0.8243016240004185,68
chr22,3763996,-0.001387958532695374,1.7540604466266112,0.18973727364329823,0.7218473441378498,71
chr22,3764608,0.0011799107142857143,1.1558544099764319,0.2863015968558031,0.5431762296810572,67
chr22,3767886,0.0015361111111111111,1.8973814343580633,0.1731699603164735,0.7615274425743009,66
chr22,3780573,-0.0015056277056277058,1.9083992578208808,0.1718001543344023,0.7649764503618826,68
chr22,3866309,-0.0015919790758500438,2.158215131887727,0.14655992904671736,0.8339847539288625,68
chr22,3877235,-0.0013897058823529411,1.550369333917231,0.2176207315923526,0.6622997340323026,66
chr22,3877446,-0.001385416666666666,1.6423518157711492,0.204487210928789,0.6893338485208865,68
chr22,3881260,-0.001387958532695374,1.7540604466266112,0.18973727364329823,0.7218473441378498,71
chr22,3902791,-0.0016829371816638372,2.4852291285692614,0.11962996777270375,0.9221600142602318,69
chr22,3920063,0.001353618421052632,1.6407967942414035,0.20456768486774235,0.6891629698029712,70
chr22,3923361,0.0014851973684210532,1.9532725651954672,0.16677776539587053,0.7778618494389244,70
chr22,3937868,-0.0015583333333333334,1.9489180447214571,0.16752744322548654,0.7759140395815154,66
chr22,4022875,0.0010124999999999997,0.8962556574948113,0.3471398273545845,0.4594955568614146,70
chr22,4038409,0.0013713813068651779,1.6752762491717943,0.19993167210682086,0.6991184018215202,70
chr22,4044024,-0.0013713813068651779,1.6752762491717943,0.19993167210682086,0.6991184018215202,70
chr22,4069467,-0.001202252252252252,1.1636623503599566,0.28469415381336427,0.545621450986746,67
chr22,4096492,-0.0013557611438183353,1.6087063024061352,0.20899890478871833,0.6798559897045555,70
chr22,4109867,0.0013388030888030888,1.3618523852386262,0.2476149334473158,0.6062231669290069,65
chr22,4134613,-0.0011294871794871797,1.0930935346372985,0.299544199505887,0.52353908584486,69
chr22,4142285,0.0010798990748528176,1.004482263199841,0.3197815438059573,0.49514660517555753,70
chr22,4142398,0.001211672473867596,1.233422655770776,0.2707123127821832,0.5674919908059614,69
chr22,4166717,-0.0010782051282051284,0.9921351625161161,0.3228049060994227,0.49105987334366186,69
chr22,4182769,-0.001195833333333333,1.2368375900589976,0.269997815733787,0.5686397492432365,70
chr22,4182773,-0.001195833333333333,1.2368375900589976,0.269997815733787,0.5686397492432365,70
chr22,4206669,-0.0010708333333333336,1.0040716555942288,0.31987975225528864,0.49501324901279253,70
chr22,4308395,-0.0007858870967741938,0.5465885143995696,0.4622227806841308,0.3351486540935897,71
chr22,4382097,0.00012499999999999992,0.0134853208316477,0.9078947051431,0.04196451670686142,70
chr22,4392072,-0.0004916666666666665,0.21238045591617163,0.6463785470074457,0.18951306601889248,70
chr22,4407495,0.0003560975609756096,0.11061921244719947,0.740448636671963,0.13050506217127839,71
chr22,4417998,0.0012385057471264369,1.2156268486255206,0.27441470800597234,0.5615926151422176,65
chr22,4425143,-0.001266502463054187,1.2931991274737193,0.2598351778082341,0.5853020522861622,64
chr22,4448394,0.0013693134822167078,1.6553749359192174,0.20259199174355194,0.6933777258578899,70
chr22,4448702,0.001454391891891892,1.5315507492959122,0.22078244155761237,0.6560354682519621,61
chr22,4448712,0.0015763888888888885,1.779385156717463,0.18743930829764588,0.7271393270736513,60
chr22,4448776,0.001454391891891892,1.5315507492959122,0.22078244155761237,0.6560354682519621,61
chr22,4529374,0.0012282051282051282,1.2769732093542692,0.2624918856797446,0.5808841172446108,69
chr23,11144,-0.0015165898617511525,1.9270482616171833,0.1698951584976848,0.7698189970444256,66
chr23,139911,-0.0020331069609507645,3.926743319527184,0.05162913734835855,1.28710513135366,69
chr23,195890,0.0018990384615384622,3.3412646168543008,0.0718860223974925,1.143355546136845,71
chr23,196109,-0.0018990384615384618,3.341264616854295,0.0718860223974936,1.1433555461368385,71
chr23,198791,0.00176510989010989,2.5629219271428596,0.11424568529193584,0.9421601929148973,67
chr23,198851,-0.00176510989010989,2.5629219271428596,0.11424568529193584,0.9421601929148973,67
chr23,198859,-0.00176510989010989,2.5629219271428596,0.11424568529193584,0.9421601929148973,67
chr23,198874,-0.00176510989010989,2.5629219271428596,0.11424568529193584,0.9421601929148973,67
chr23,203859,-0.0017962648556876064,2.8483361515278,0.09611892071511252,1.0171911143777361,69
chr23,203864,-0.0017962648556876064,2.8483361515278,0.09611892071511252,1.0171911143777361,69
chr23,203889,-0.0017962648556876064,2.8483361515278,0.09611892071511252,1.0171911143777361,69
chr23,264717,-0.002263091216216216,4.662248196374126,0.034417006482925276,1.4632269063641805,69
chr23,264741,0.0022630912162162164,4.662248196374133,0.03441700648292497,1.4632269063641843,69
chr23,276568,0.0022205882352941183,4.3097388724375625,0.0417939806667426,1.3788862625182763,68
chr23,277267,-0.0024242424242424242,4.893258628310648,0.030537973917588102,1.5151597801676242,66
chr23,283184,0.0018874521072796938,2.939479568052855,0.0913545299107568,1.0392699128273857,65
chr23,283213,0.0018874521072796938,2.939479568052855,0.0913545299107568,1.0392699128273857,65
chr23,292048,-0.0026304554079696406,6.32905626674363,0.014439015799264121,1.8404624083948988,65
chr23,292127,-0.0026304554079696406,6.32905626674363,0.014439015799264121,1.8404624083948988,65
chr23,314261,0.002234499205087442,4.754118414285732,0.03264150101303037,1.4862298785123003,71
chr23,325526,0.00206875,3.7101693771107738,0.05845707160749972,1.2331629443080052,67
chr23,340373,0.001913865546218488,3.3096960683627263,0.0733406542970077,1.134655219868838,69
chr23,352522,-0.0021142857142857135,3.996272294233743,0.04965976638547824,1.3039953278289038,69
chr23,362783,-0.0020285714285714286,3.771335526388171,0.05628171990228205,1.2496326395127444,70
chr23,467342,-0.0013574542284219707,1.5591324316868937,0.2162033327538924,0.6651376157228138,68
chr23,467401,-0.0013574542284219707,1.5591324316868937,0.2162033327538924,0.6651376157228138,68
chr23,470146,0.0013574542284219703,1.5591324316868937,0.2162033327538924,0.6651376157228138,68
chr23,470180,0.0013574542284219703,1.5591324316868937,0.2162033327538924,0.6651376157228138,68
chr23,492823,0.0015888888888888892,2.0562160153642437,0.1564541652035714,0.8056128703519344,66
chr23,517709,-0.0010607287449392714,0.8626414788389802,0.35660253983538504,0.4478155679678303,64
chr23,558758,0.0009943019943019944,0.7628460838158903,0.38570474560304613,0.41374501766354776,66
chr23,558845,-0.0009943019943019946,0.7628460838158903,0.38570474560304613,0.41374501766354776,66
chr23,581529,-0.001115384615384615,0.9878437587396289,0.32407214158530406,0.4893583008893838,65
chr23,581578,-0.0009353846153846153,0.6792407022442053,0.4130076545576865,0.38404189918776754,64
chr23,581584,-0.0009353846153846153,0.6792407022442053,0.4130076545576865,0.38404189918776754,64
chr23,586457,-0.0009715447154471545,0.832008767130875,0.36486827548047795,0.4378638959741475,71
chr23,586463,-0.0009715447154471545,0.832008767130875,0.36486827548047795,0.4378638959741475,71
chr23,706967,-0.0009600504625735921,0.7850984559421029,0.37870918451735414,0.4216941621703353,70
chr23,707000,-0.0008551724137931039,0.6156737304301385,0.43542511535855266,0.3610865244289329,69
chr23,709009,-0.0009255677039529022,0.7306425170391218,0.39567656627430436,0.4026596698227309,70
chr23,711131,-0.0009834494773519168,0.7953483681751216,0.37567952274301875,0.42518247648859275,69
chr23,711137,-0.0009834494773519168,0.7953483681751216,0.37567952274301875,0.42518247648859275,69
chr23,711657,-0.00082962962962963,0.5393064976218775,0.46536132445082734,0.33220971317550574,67
chr23,714064,-0.0006679929266136167,0.3816934847277407,0.5388243146794032,0.2685528147812082,68
chr23,714275,-0.0006542882404951373,0.35824551288118095,0.5515309555469159,0.2584301070752414,68
chr23,769408,0.0007455197132616493,0.44371129654744257,0.5076938772101277,0.29439807415672975,67
chr23,769409,0.0006391705069124427,0.3203069788436311,0.5734023414698036,0.24154053795852795,66
chr23,809236,0.0007964254577157804,0.5339334855785957,0.46754391392281447,0.33017759189588475,68
chr23,1095792,0.0010253968253968254,0.9510234454223703,0.3328655426806181,0.4777311594789296,71
chr23,1095805,0.0010253968253968254,0.9510234454223703,0.3328655426806181,0.4777311594789296,71
chr23,1232362,-0.001067708333333333,0.9434957083216663,0.33492689011066734,0.4750499830726562,68
chr23,1270538,0.0008590090090090088,0.6780863921410204,0.4132575806673784,0.38377917112175275,67
chr23,1352210,-0.0011012378426171533,1.0616139878525546,0.30660847518542883,0.5134158446695315,68
chr23,1515249,0.003907088122605364,6.255394785569144,0.014910603468625678,1.8265047792304065,67
chr23,1515310,-0.0021780604133545324,4.501523194165868,0.0374582150283123,1.426452921617059,71
chr23,1530201,0.002188131313131314,4.389382769302013,0.03994670447965947,1.3985190432669827,69
chr23,1534446,0.0020728910728910737,3.9942127538617367,0.04965684236853812,1.304020900277226,70
chr23,1557026,0.00275,6.4053865799860645,0.014162132517729416,1.8488713461554063,59
chr23,1565034,0.0022473118279569882,4.693693101254005,0.03378154278699032,1.4713205202896822,70
chr23,1565038,0.0022473118279569882,4.693693101254005,0.03378154278699032,1.4713205202896822,70
chr23,1570458,-0.0015452380952380954,1.9319291383039612,0.16943949869036412,0.7709853421535559,65
chr23,1570522,0.0018125000000000003,2.999218847040314,0.08783906880614888,1.0563122768841329,70
chr23,1570580,0.0018125000000000003,2.999218847040314,0.08783906880614888,1.0563122768841329,70
chr23,1570707,0.0018125000000000003,2.999218847040314,0.08783906880614888,1.0563122768841329,70
chr23,1622610,-0.0018999172870140606,3.2899474788129153,0.07411743496654405,1.130079619023293,70
chr23,1684098,-0.0020318336162988117,3.739466873118849,0.05736725677936185,1.241335916965564,69
chr23,1703853,0.001828378378378378,2.8710351324575476,0.0949734909012239,1.0223975985205764,67
chr23,1739283,0.0016999999999999997,2.5886847131660415,0.11226294008650346,0.949763588104013,70
chr23,1739320,-0.0016999999999999993,2.5886847131660415,0.11226294008650346,0.949763588104013,70
chr23,1739475,-0.0018193548387096766,3.0341541027359087,0.0859852171714662,1.0655762075088593,71
chr23,1791691,0.0012678571428571424,1.274560770426669,0.263126851507857,0.5798348308703603,66
chr23,1878501,-0.001126910016977929,1.101248854624973,0.29776284686145355,0.5261294919755677,69
chr23,1880590,-0.001329744816586921,1.6066543354668714,0.20922374643249678,0.6793890255441137,71
chr23,1955825,-0.001553235053235054,2.1568318942045273,0.14654807324795122,0.8340198871080674,70
chr23,1955827,-0.001553235053235054,2.1568318942045273,0.14654807324795122,0.8340198871080674,70
chr23,1955852,-0.001553235053235054,2.1568318942045273,0.14654807324795122,0.8340198871080674,70
chr23,2021086,0.001174242424242424,1.199709775584133,0.2773014711259282,0.5570478264186113,69
chr23,2021112,-0.001174242424242424,1.199709775584133,0.2773014711259282,0.5570478264186113,69
chr23,2021133,-0.001174242424242424,1.199709775584133,0.2773014711259282,0.5570478264186113,69
chr23,2097977,-0.001311868686868687,1.4790134030547586,0.2281962860514392,0.64169142810576,69
chr23,2099724,-0.001126945126945127,1.1336411858199584,0.2907661609023625,0.5364561376634283,70
chr23,2101594,0.0012468203497615269,1.4131386567975892,0.23861124567200626,0.6223090920227319,71
chr23,2103293,0.0012468203497615269,1.4131386567975892,0.23861124567200626,0.6223090920227319,71
chr23,2103439,-0.001126945126945127,1.1336411858199584,0.2907661609023625,0.5364561376634283,70
chr23,2103447,-0.001126945126945127,1.1336411858199584,0.2907661609023625,0.5364561376634283,70
chr23,2103692,0.0006961805555555555,0.47048653834261056,0.49516593551228727,0.30524923985203645,68
chr23,2115401,0.0009900318979266342,0.88145576667534,0.35107824118739384,0.4545960860147829,71
chr23,2139470,-0.0009032258064516125,0.7238328377800437,0.39783237856737774,0.4002998736477318,71
chr23,2139476,-0.0009032258064516125,0.7238328377800437,0.39783237856737774,0.4002998736477318,71
chr23,2158333,0.0009032258064516125,0.7238328377800437,0.39783237856737774,0.4002998736477318,71
chr23,2179357,0.000489655172413793,0.19805016342948428,0.6577337935091732,0.18194984408034226,69
chr23,2215716,0.0006166943521594685,0.32576450715324,0.5700180070619058,0.24411142460102506,71
chr23,2226782,-0.0006166943521594686,0.32576450715324,0.5700180070619058,0.24411142460102506,71
chr23,2236198,0.0006166943521594685,0.32576450715324,0.5700180070619058,0.24411142460102506,71
chr23,2246264,0.00040198735320686537,0.13665076463639494,0.712817057581616,0.14702191625943428,68
chr23,2282257,-0.00037369337979094053,0.11466841257114867,0.7359494935019848,0.1331519892576567,69
chr23,2384766,0.0005487179487179487,0.26504469035496314,0.6083696632025846,0.21583245049051153,69
chr23,2401525,-0.0011509009009009008,1.1090598238279117,0.29618558743407575,0.5284360783270962,67
chr23,2401645,-0.0011509009009009008,1.1090598238279117,0.29618558743407575,0.5284360783270962,67
chr24,115684,-0.0003166666666666669,0.07830621571357806,0.7805227690133547,0.10761442339896739,65
chr24,167103,-0.00014141414141414116,0.017333885522040786,0.8956492011487219,0.04786205712016369,69
chr24,221458,0.0006724137931034481,0.3494813207675109,0.5565912364351584,0.25446363594271415,63
chr24,438467,-0.0001743243243243246,0.024583273664825628,0.875895920380902,0.057547496445727736,67
chr24,438587,-0.0001743243243243246,0.024583273664825628,0.875895920380902,0.057547496445727736,67
chr24,442029,0.0001901211556383972,0.028098117057005004,0.8674069119566059,0.0617771214855587,66
chr24,477901,-4.513888888888901e-05,0.0017001081734598687,0.9672351306845053,0.014467937968884027,68
chr24,499357,0.00024234904880066123,0.0510986070263631,0.8218406024383247,0.08521240654053101,70
chr24,499630,0.00024234904880066123,0.0510986070263631,0.8218406024383247,0.08521240654053101,70
chr24,499708,0.00024234904880066123,0.0510986070263631,0.8218406024383247,0.08521240654053101,70
chr24,543755,-8.968058968059013e-05,0.006955457320826362,0.9337790064170328,0.029755894272987363,70
chr24,546999,2.3226351351350863e-05,0.0004576401389223192,0.9829961190436382,0.007448196797833515,69
chr24,547168,-0.00012152777777777781,0.01240271310307903,0.9116629495981813,0.04016569476936058,68
chr24,548719,4.873054873054838e-05,0.0020755755495980013,0.9637956879536705,0.016015021074980332,70
chr24,548973,0.00021874999999999954,0.04009361513380387,0.84191336663098,0.0747325953528844,68
chr24,577240,9.285714285714355e-05,0.007253826219179946,0.9324056426048603,0.030395106939599695,63
chr24,654632,8.809523809523835e-05,0.00585774695133587,0.9392352799744639,0.02722560262705725,65
chr24,665819,-0.00014235190097259013,0.016263089741220253,0.8989112086670598,0.04628320425160323,68
chr24,665869,3.1339031339031934e-05,0.0007495222328097327,0.978243910808153,0.009552846734871221,66
chr24,693571,-0.0001909722222222219,0.03045555190295726,0.8619948239710761,0.06449534197986827,68
chr24,693587,0.0001909722222222219,0.03045555190295726,0.8619948239710761,0.06449534197986827,68
chr24,773387,8.717105263157848e-05,0.006644992364826733,0.9352704077825114,0.029062806636161183,70
chr24,786041,0.0002525337837837842,0.05454310886652044,0.8160505868937492,0.0882829185404392,69
chr24,824875,-1.303088803088778e-05,0.00013071875147780174,0.9909139300325198,0.003964066337401487,65
chr24,848301,4.999999999999946e-05,0.0021572919640874075,0.9630903871962933,0.01633295190092906,70
chr24,877141,4.5372050816697305e-05,0.0016054567429589178,0.968161610804134,0.014052141842273628,67
chr24,882848,-0.00014102564102564156,0.016492834456454775,0.8981978145529607,0.04662800597419954,69
chr24,883119,0.0001767399267399269,0.024244732888770125,0.876746376527865,0.057126020322086184,67
chr24,883178,0.00010654288240495177,0.009102530386172487,0.9242805009829343,0.03419620892903484,68
chr24,886546,-9.649122807017084e-06,7.764934338271045e-05,0.9929958045283716,0.0030525864230744075,68
chr24,902316,-4.999999999999938e-05,0.0021572919640874075,0.9630903871962933,0.01633295190092906,70
chr24,929621,-0.0001158536585365849,0.011080745939986404,0.9164799497591141,0.0378770318520407,69
chr24,929697,-0.0001158536585365849,0.011080745939986404,0.9164799497591141,0.0378770318520407,69
chr24,952812,-8.999158957106787e-05,0.006924745519391041,0.9339250246182985,0.029687987476040335,70
chr24,978128,0.00036681034482758567,0.1123810089998931,0.7384968799577625,0.13165133517937014,69
chr24,978251,0.0003382882882882879,0.09282958582740755,0.7615836798976815,0.11828237109196778,67
chr24,1009502,-0.0005765107212475628,0.25304340769580097,0.6166943939048903,0.20992999953419061,65
chr24,1013571,-0.0007791666666666662,0.5279278291212282,0.46997318232873975,0.3279269231258446,70
chr24,1013608,-0.0006458333333333329,0.35622215685680225,0.5525939138074529,0.2575939026522162,70
chr24,1119770,0.0008032852564102566,0.5749762585388281,0.4508704743240898,0.345948203943753,71
chr24,1119783,0.0008032852564102566,0.5749762585388281,0.4508704743240898,0.345948203943753,71
chr24,1171704,-0.0008815789473684208,0.6563251251402628,0.42077179603641,0.37595337825607533,68
chr24,1175378,-0.000973076923076923,0.8011278764405786,0.37396069264735543,0.4271740444933509,69
chr24,1187329,-0.0009660876757650945,0.8211955324284523,0.36803075849265054,0.434115883268328,70
chr24,1187628,0.0009802123552123548,0.7479245900114928,0.39041526813151295,0.40847320653914354,65
chr24,1226279,-0.00106102877070619,0.9524812464666303,0.3326521881660468,0.4780096154456065,68
chr24,1396546,-0.001367857142857142,1.3957587042384692,0.24202055073563972,0.6161477551263929,63
chr24,1397126,0.0014027898866608532,1.6929723131203989,0.1977337246920886,0.7039192527976758,68
chr24,1425448,-0.0011285963382737577,1.0802612682806207,0.30243183231635024,0.5193724993091882,68
chr24,1437170,-0.0013103448275862066,1.3328240482380338,0.2527339561491345,0.5973364043899995,64
chr24,1473788,0.0018622807017543866,3.032019835431949,0.08629586340773422,1.0640100216921116,68
chr24,1480925,0.0016319272125723736,2.3968798297934195,0.12621933120792472,0.8988741253296582,70
chr24,1522109,-0.0012955536181342637,1.4083839104255818,0.2395790765513482,0.6205511133907421,68
chr24,1522232,-0.0012955536181342637,1.4083839104255818,0.2395790765513482,0.6205511133907421,68
chr24,1579828,-0.0012896959459459457,1.4420234518961415,0.23404042218465496,0.6307091271383976,69
chr24,1579856,-0.001288194444444444,1.3991734927470756,0.2411055746142342,0.6177927481616914,68
chr24,1683660,0.001444444444444444,1.803682376691925,0.1838682950087293,0.7354931510763957,68
chr24,1727644,-0.000793460925039872,0.5636030853350388,0.4553647834833855,0.34164055942625793,71
chr24,1727841,-0.000793460925039872,0.5636030853350388,0.4553647834833855,0.34164055942625793,71
chr24,1727892,-0.000793460925039872,0.5636030853350388,0.4553647834833855,0.34164055942625793,71
chr24,1732398,-0.0008276003276003278,0.597482142996973,0.44221893802734535,0.3543626626965615,70
chr24,1782357,0.0009506578947368422,0.7995258671963594,0.37438909972776313,0.4266768041566802,70
chr24,1782366,0.0009506578947368422,0.7995258671963594,0.37438909972776313,0.4266768041566802,70
chr24,1782374,-0.0009506578947368424,0.7995258671963594,0.37438909972776313,0.4266768041566802,70
chr24,1851196,-0.0009847972972972967,0.8360725855485563,0.36380142358225853,0.4391356058423269,69
chr24,1855784,-0.0007361607142857144,0.43793488075635967,0.5104601891110808,0.29203812296702447,67
chr24,1875578,-0.0008601762820512825,0.6601100378411968,0.4193154754024562,0.37745910907778446,71
chr24,1875812,-0.0008601762820512825,0.6601100378411968,0.4193154754024562,0.37745910907778446,71
chr24,1875879,-0.0006990740740740741,0.3581518854808845,0.5517502399351273,0.2582574693081666,63
chr24,1894079,-0.0010239867659222496,0.9239535752739537,0.33984465050952317,0.46871956191203035,70
chr24,2000647,-0.0005318444995864349,0.24679872410441106,0.6209405891657587,0.20694995059923155,70
chr24,2008154,-0.0004901960784313725,0.177443639320961,0.6750361932695222,0.17067294107143535,64
chr24,2008189,-0.0004901960784313725,0.177443639320961,0.6750361932695222,0.17067294107143535,64
chr24,2012951,-0.00040281224152191933,0.13917114020160726,0.7102668032551952,0.14857848308945176,70
chr24,2013530,-0.0005641025641025642,0.26876731959134514,0.6058678359092997,0.21762210255856557,69
chr24,2068012,0.0003885135135135135,0.11780686499484538,0.732568142723927,0.1351519714755065,65
chr24,2146222,0.00028981481481481463,0.06552568832721464,0.7987747674745723,0.09757566252897364,67
chr24,2148638,-0.00014606227106227112,0.017121051918440253,0.8963001294909485,0.047546540833242196,67
chr24,2179620,0.00020324074074074057,0.03245863541270494,0.857585272078595,0.06672268603507325,67
chr24,2179662,0.00020324074074074057,0.03245863541270494,0.857585272078595,0.06672268603507325,67
chr24,2179666,0.00020324074074074057,0.03245863541270494,0.857585272078595,0.06672268603507325,67
chr24,2285816,-0.00021994773519163748,0.03934887412443973,0.8433597778521857,0.07398711552579611,69
chr24,2285950,-0.00039521228545618764,0.12456364853199522,0.7252613219555788,0.1395054827604555,68
chr24,2355438,-0.0001894179894179893,0.024766220372880978,0.8754793965573506,0.05775407010222577,62
chr24,2355446,-0.0001894179894179893,0.024766220372880978,0.8754793965573506,0.05775407010222577,62
chr24,2355462,-0.0001894179894179893,0.024766220372880978,0.8754793965573506,0.05775407010222577,62
chr24,2355479,-0.0001894179894179893,0.024766220372880978,0.8754793965573506,0.05775407010222577,62
chr24,2356808,0.00021994773519163748,0.03934887412443973,0.8433597778521857,0.07398711552579611,69
chr24,2435108,-0.00031959706959706967,0.07958553215254616,0.7787426252029482,0.10860605314026074,68
chr24,2452509,0.00029351851851851875,0.06638732929486864,0.797485317618334,0.09827730392725345,67
chr24,2513821,0.00039747064137308065,0.12490702551968243,0.7248986021724473,0.13972273770034904,68
chr24,2513848,0.00039747064137308065,0.12490702551968243,0.7248986021724473,0.13972273770034904,68
chr24,2514136,-0.0001886304909560725,0.02971800567260807,0.8636436860218077,0.06366539769682698,70
chr24,2547363,0.0003791666666666669,0.12321010382891122,0.7266638096902953,0.1386664685987899,70
chr24,2547414,0.0003791666666666669,0.12321010382891122,0.7266638096902953,0.1386664685987899,70
chr24,2573843,-0.0005444139194139196,0.23451796171169845,0.6298216494394024,0.2007824150388348,67
chr24,2673373,0.00032083333333333345,0.08853445320798344,0.7669557706978931,0.11522968050434124,70
chr24,2713983,-0.00034084084084084115,0.08511174400008223,0.7714599783491497,0.11268659926118542,64
chr24,2734437,-0.00011923076923076954,0.012048197280038074,0.9129244291847729,0.039565171366477254,69
chr24,2740512,-0.0003562030075187972,0.10028041463601566,0.752524014338144,0.12347963642763088,66
chr24,2745854,-0.00020773759461732545,0.03691659659435901,0.8482075854239458,0.07149784801279561,70
chr24,2745889,-4.7967479674796794e-05,0.0020040256896154745,0.9644228552475524,0.015732506102257394,71
chr24,2775586,-5.897435897435913e-05,0.0029251977023625354,0.957028314958909,0.01907521285168757,69
chr24,2775601,-5.897435897435913e-05,0.0029251977023625354,0.957028314958909,0.01907521285168757,69
chr24,2775602,-5.897435897435913e-05,0.0029251977023625354,0.957028314958909,0.01907521285168757,69
chr24,2775624,-5.897435897435913e-05,0.0029251977023625354,0.957028314958909,0.01907521285168757,69
chr24,2775633,9.263854425144735e-05,0.007345450972508403,0.9319522976876806,0.030606316595809417,70
chr24,2775772,-9.263854425144735e-05,0.007345450972508403,0.9319522976876806,0.030606316595809417,70
chr24,2777766,-0.0001710526315789473,0.023654335384007543,0.8782370079738793,0.05638826613825664,68
chr24,2788090,-0.0008618421052631582,0.6457470171950966,0.4244375239179409,0.37218622771577764,70
chr24,2815527,0.0010824884792626729,0.944389732446348,0.3348100749207341,0.475201481931324,66
chr24,2849605,-0.0005296052631578948,0.242295127712906,0.6241388237533878,0.20471880184878288,70
chr24,2865373,-0.0005107526881720432,0.20664614148986046,0.6509234569743818,0.18647007774221883,67
chr24,2970298,-0.0005076400679117146,0.2176331313723879,0.642362648966889,0.19221971962721218,69
chr24,3084304,-0.0001541666666666667,0.020514791422008873,0.8865322405207869,0.05230546578707337,70
chr24,3105246,-0.00032048872180451136,0.07917376287777252,0.7793280024830698,0.1082797185954299,66
chr24,3131651,0.0005892241379310345,0.30710823004415766,0.5813051783228118,0.23559580828908602,69
chr24,3132298,0.0004894869638351559,0.20229437966653324,0.6543057251120424,0.18421927965014645,70
chr24,3132582,-0.0005073260073260073,0.20296209817715785,0.6538396372108606,0.1845287550616118,67
chr24,3238955,0.000782342657342657,0.4992434545655945,0.4822468590946344,0.3167305922632601,70
chr24,3283624,0.0007977272727272725,0.51095308405012,0.4772099011799379,0.3212905541399974,69
chr24,3289443,-0.0003953252032520323,0.11231405304815083,0.7386382087358041,0.13156823064939896,65
chr24,3388206,-6.549232158988257e-05,0.003419470054663519,0.953545983016558,0.020658359053390207,68
chr24,3466421,-0.0004572649572649573,0.16462292933986003,0.6862887842035882,0.16349309858607905,66
chr24,3493462,-0.00014942528735632175,0.01926231449709961,0.8900213661271018,0.050599567422818105,71
chr24,3500537,-0.0003622402890695572,0.10613629119933761,0.7456172070344045,0.1274840780764695,68
chr24,3562316,-5.743589743589737e-05,0.0023314737054968473,0.9616440485450374,0.016985651828535366,64
chr24,3565571,0.0004983974358974359,0.188373583310353,0.665804997064591,0.1766529496578231,63
chr24,3565632,-0.0004983974358974359,0.188373583310353,0.665804997064591,0.1766529496578231,63
chr24,3588373,-5.3571428571428555e-05,0.002415996104930053,0.9609416271754413,0.017302992940780436,70
chr24,3599008,-0.0004470899470899471,0.16667922402001942,0.6843819561965104,0.16470144920047258,69
chr24,3609811,-0.00022222222222222223,0.035338631714249086,0.8515117976873772,0.06980933051402519,63
chr24,3609844,-0.00022222222222222223,0.035338631714249086,0.8515117976873772,0.06980933051402519,63
chr24,3662853,0.0007321603128054739,0.42337809790199893,0.5176603968600211,0.2859550590534064,64
chr24,3694321,0.0011447368421052635,1.1479412164446188,0.28776855439254184,0.5409566648814507,70
chr24,3790442,0.0014480158730158725,1.9228528732320163,0.17000644131405934,0.7695346234796311,71
chr24,3891379,0.0014000000000000002,1.7714750718819456,0.18764516844524612,0.7266626134762253,70
chr25,5932,0.0010818858560794039,1.033025580044222,0.3130518241610312,0.5043837612263753,70
chr25,21585,0.0010583333333333334,0.9674457826649183,0.32880478989772266,0.48306186445620314,70
chr25,34120,-0.0012777777777777779,1.2793442403709006,0.26237725076641627,0.5810738228593118,64
chr25,34135,-0.0012777777777777779,1.2793442403709006,0.26237725076641627,0.5810738228593118,64
chr25,47210,0.0004808943089430893,0.2020066855951329,0.6545146341008815,0.1840806387416296,71
chr25,102140,-0.0005472756410256414,0.2656976439004978,0.6078801693362261,0.21618202422261065,71
chr25,115594,-0.00017121588089330015,0.025101767782725406,0.8745833237371174,0.05819880789442746,70
chr25,169038,0.00039943609022556414,0.1249023592553802,0.7249386488649977,0.13969874596253834,66
chr25,176859,0.0004144144144144142,0.14326191677132466,0.7062929544789704,0.1510151259676726,67
chr25,191385,-0.00014473684210526328,0.018322412554905083,0.8927269006158437,0.04928137839629712,70
chr25,191493,-0.00014473684210526328,0.018322412554905083,0.8927269006158437,0.04928137839629712,70
chr25,290639,-0.000354054054054054,0.10366345730971434,0.7485100620923957,0.1258023571354489,67
chr25,308610,-0.00012249346120313866,0.012466116511340195,0.9114383936275344,0.0402726810537884,68
chr25,312426,-0.0003069556451612901,0.06771391457050199,0.7955712353728587,0.09932092758967662,63
chr25,380365,0.0003541666666666664,0.1080543249551821,0.743380423463124,0.1287888800090401,70
chr25,380366,0.0003541666666666664,0.1080543249551821,0.743380423463124,0.1287888800090401,70
chr25,380378,0.00023846153846153852,0.04848840189504481,0.8263843390457524,0.08281792180118822,69
chr25,380382,0.00023846153846153852,0.04848840189504481,0.8263843390457524,0.08281792180118822,69
chr25,380396,0.00019938107869142346,0.03278600226973693,0.8568682728839994,0.06708593741952833,68
chr25,406261,0.0005267241379310345,0.23689550097945608,0.6280458356849685,0.2020086596726009,69
chr25,407549,0.0004520325203252032,0.17842586700549262,0.6740429156196288,0.17131245150110752,71
chr25,407620,0.00034166666666666666,0.10087979024120353,0.7517496562527504,0.12392676181416627,70
chr25,462961,-0.0004387931034482759,0.16100250542043862,0.6895121007446026,0.16145810767450833,69
chr25,462988,-0.00042661361626878877,0.14834435221036507,0.7013610810559479,0.1540583370453254,68
chr25,467492,-0.0003999999999999999,0.12923987759189826,0.7203691680848243,0.14244488332775843,68
chr25,467646,-0.00042378048780487815,0.14712360577737169,0.7025138953878731,0.1533450812013947,69
chr25,480987,0.0004301934398654333,0.15619767252997116,0.6939187232285267,0.15869139427203058,70
chr25,483591,0.0004448275862068964,0.16326241038169786,0.687457351437596,0.16275423947564507,69
chr25,494072,0.0006495370370370368,0.3305762136467186,0.5673048693711562,0.24618348872165835,67
chr25,497154,-0.0004043513957307058,0.1413010526994674,0.7081442554128412,0.14987826356979356,71
chr25,497262,0.0004043513957307058,0.1413010526994674,0.7081442554128412,0.14987826356979356,71
chr25,634257,-0.0002960470984020186,0.0750163980666181,0.7849984844928211,0.10513118169683718,70
chr25,672254,-0.000486295313881521,0.19002344279191266,0.6643196134134199,0.17762292523197842,68
chr25,701183,0.0003850806451612906,0.13044790415393295,0.7190716242084128,0.14322784890883775,71
chr25,701228,0.0003850806451612906,0.13044790415393295,0.7190716242084128,0.14322784890883775,71
chr25,702871,0.0002712985938792389,0.06404778874533787,0.800972512509566,0.0963823876239406,70
chr25,736423,-0.0003850806451612906,0.13044790415393295,0.7190716242084128,0.14322784890883775,71
chr25,781749,-0.0002712985938792389,0.06404778874533787,0.800972512509566,0.0963823876239406,70
chr25,786538,0.0003850806451612906,0.13044790415393295,0.7190716242084128,0.14322784890883775,71
chr25,786569,0.0002712985938792389,0.06404778874533787,0.800972512509566,0.0963823876239406,70
chr25,797777,-0.0002712985938792389,0.06404778874533787,0.800972512509566,0.0963823876239406,70
chr25,801417,-0.0007490512333965844,0.45352227965231434,0.5031301892090301,0.2983196230170495,65
chr25,801432,-0.0007490512333965844,0.45352227965231434,0.5031301892090301,0.2983196230170495,65
chr25,814494,-0.0005601851851851849,0.23012616341644776,0.6331458869621855,0.19849621004147602,63
chr25,826925,-0.00039950372208436734,0.13686834829306804,0.7125641215120286,0.1471760487007212,70
chr25,874594,0.0003850806451612906,0.13044790415393295,0.7190716242084128,0.14322784890883775,71
chr25,874653,-0.0003850806451612906,0.13044790415393295,0.7190716242084128,0.14322784890883775,71
chr25,887972,-0.00040416666666666644,0.1392280971740787,0.7102102573248761,0.14861305962181,70
chr25,906994,0.0006996996996996996,0.3694848162849509,0.5455054232130938,0.26320092745911655,64
chr25,919039,0.00019768403639371362,0.03539579014389866,0.851329033407395,0.06990255533826087,70
chr25,928816,0.0005916666666666666,0.3045342364256299,0.5828628391893294,0.23443363253348748,70
chr25,928944,0.0004910256410256411,0.20685264420245084,0.6507157959415031,0.1866086507627369,69
chr25,948961,-0.0006242371403661727,0.3231803780994916,0.5716318942628389,0.24288354769785345,68
chr25,955439,0.00041731601731601715,0.14281525909436976,0.7067108395197659,0.15075824743224436,68
chr25,981418,0.00036570945945945917,0.11449949228516138,0.7361366384802428,0.13304156632784922,69
chr25,1032880,-2.4369747899159653e-05,0.000503758457211587,0.9821600435927258,0.007817737889374067,69
chr25,1062280,9.259259259259344e-06,6.212641401245918e-05,0.9937368354996973,0.002728611601091418,63
chr25,1065840,0.00027419354838709696,0.05759907549388876,0.8111109417932716,0.09091973997699221,65
chr25,1065956,0.00027419354838709696,0.05759907549388876,0.8111109417932716,0.09091973997699221,65
chr25,1094697,-4.9465240641711366e-05,0.0019815812080526524,0.9646304052331734,0.0156390531990445,67
chr25,1127139,0.0002045454545454547,0.03575720853210482,0.8505894149909397,0.07028002608899413,69
chr25,1132872,0.0003052464228934818,0.08309909384546361,0.7740049039108421,0.11125628772192435,71
chr25,1132923,0.0003052464228934818,0.08309909384546361,0.7740049039108421,0.11125628772192435,71
chr25,1132960,0.0003052464228934818,0.08309909384546361,0.7740049039108421,0.11125628772192435,71
chr25,1226227,-0.0003107638888888891,0.0788660976653178,0.779718446507128,0.10806219115896969,68
chr25,1261995,0.00038846153846153826,0.10936211866243795,0.7420430891858515,0.12957087524347038,61
chr25,1318741,-0.00017065390749601277,0.025869293218438078,0.872689922766023,0.05914003894376002,71
chr25,1394768,0.00020692567567567546,0.0359434507523445,0.8502055109486548,0.07047608430557672,69
chr25,1401469,-0.00023118279569892436,0.043381039181360555,0.8356607163260807,0.07797001315388587,67
chr25,1401502,-0.00023118279569892436,0.043381039181360555,0.8356607163260807,0.07797001315388587,67
chr25,1401637,-0.0002027027027027024,0.03662030107111506,0.8488021773274149,0.0711935150632794,71
chr25,1412192,-0.0003484848484848484,0.10386780053248325,0.7482400787717669,0.12595903294181826,69
chr25,1438616,0.00034776785714285677,0.10008136764216444,0.7527457296531725,0.12335169957252427,67
chr25,1474334,0.0002857142857142853,0.07007214847420784,0.7920444155058196,0.10125046377890068,69
chr25,1492143,-0.0002095238095238093,0.033803838074826724,0.8547151967597645,0.06817857425516322,65
chr25,1550746,0.00033333333333333283,0.09793497829079725,0.7552797558767617,0.12189215574879995,70
chr25,1564234,0.0005203984819734344,0.2174873630532175,0.6425697105064865,0.19207975010402759,65
chr25,1569256,0.00033067226890756295,0.09388651643497446,0.7602433855079175,0.11904734974339443,69
chr25,1633434,0.00024952561669829205,0.04724052034260484,0.828638880371848,0.08163469312944523,65
chr25,1674472,-0.00046969696969696956,0.19039888339853678,0.6639877220507919,0.1778399511965755,69
chr25,1674538,-0.00046969696969696956,0.19039888339853678,0.6639877220507919,0.1778399511965755,69
chr25,1681372,-0.00042857142857142877,0.15347923857009574,0.6964945092280861,0.15708230296053896,68
chr25,1696071,0.00037752525252525253,0.12193322230717478,0.7280422262253365,0.13784343101000138,69
chr25,1782768,0.00019526143790849634,0.03309497517149211,0.8561865368826432,0.0674316055177656,70
chr25,1782781,0.00019526143790849634,0.03309497517149211,0.8561865368826432,0.0674316055177656,70
chr25,1782784,0.00019526143790849634,0.03309497517149211,0.8561865368826432,0.0674316055177656,70
chr25,1782830,0.00019526143790849634,0.03309497517149211,0.8561865368826432,0.0674316055177656,70
chr25,1829559,0.0004401785714285713,0.16295660386900676,0.6877738885172516,0.1625543162838997,67
chr25,1838459,0.0008964285714285713,0.6551863939705238,0.4212177015926488,0.3754933859612214,67
chr25,1838476,0.0008749999999999997,0.6420842479125519,0.4258325079827624,0.37076118766370497,68
chr25,1899974,0.00023745519713261643,0.04585332407003295,0.8311129723354367,0.08033993899906916,67
chr25,1902037,1.7473118279569712e-05,0.0002475868397035074,0.9874940886489617,0.005465495473472398,67
chr25,1927364,-0.0002947635135135134,0.07512202349744475,0.784863351114781,0.10520594965312166,69
chr25,1927519,-0.00044899738448125534,0.17183234155626606,0.679832702076486,0.16759794832934785,68
chr25,1935743,0.0001181541582150102,0.010014015416555893,0.9206168755539947,0.03592106844616571,63
chr25,1935744,0.0001181541582150102,0.010014015416555893,0.9206168755539947,0.03592106844616571,63
chr25,1935766,0.0001181541582150102,0.010014015416555893,0.9206168755539947,0.03592106844616571,63
chr25,1937666,-0.00014564564564564588,0.018991338232414064,0.8908379086151001,0.0502013103267549,64
chr25,1952868,-0.0003449131513647642,0.10198264748441506,0.7504422339517615,0.12468273239010917,70
chr25,2011990,0.0004279398762157385,0.14937257300543108,0.7003789071449856,0.15466694175546683,68
chr25,2027268,-0.00023757628596338275,0.04758987130404798,0.827984545456981,0.0819777693568977,68
chr25,2027275,-0.00023757628596338275,0.04758987130404798,0.827984545456981,0.0819777693568977,68
chr25,2027287,-0.00023757628596338275,0.04758987130404798,0.827984545456981,0.0819777693568977,68
chr25,2059908,-0.0001303400174367917,0.013894502766605508,0.9065247484691326,0.04262033500270909,68
chr25,2073173,0.0001722972972972974,0.025465669415813574,0.8736923010599211,0.05864149125621939,69
chr25,2080837,-0.0002588235294117646,0.056605476813539155,0.8126699745463533,0.09008578568795034,69
chr25,2104326,5.714285714285729e-05,0.0028935554562668033,0.957258783884147,0.018970639840643306,70
chr25,2108080,7.598039215686286e-05,0.005081487074470696,0.9433805328202776,0.025313089904990073,70
chr25,2207759,0.00029126602564102553,0.07505128449420377,0.7849377402352669,0.10516478929880309,71
chr25,2214363,0.00029126602564102553,0.07505128449420377,0.7849377402352669,0.10516478929880309,71
chr25,2214439,0.0004923076923076926,0.2046539592062253,0.6524516167655108,0.18545168835878595,69
chr25,2319765,-6.587837837837848e-05,0.0036985053439369067,0.9516873215691842,0.021505716344965217,69
chr25,2361379,-7.637571157495278e-05,0.004515637441893869,0.9466364954287402,0.023816756303914565,65
chr25,2361437,3.2258064516129034e-05,0.0008281738839802232,0.977131190592433,0.010047123563297681,66
chr25,2417496,-0.0004613486842105264,0.18661918395786856,0.6671122202706357,0.1758011037972817,70
chr25,2428108,-0.0006076555023923443,0.2339765937617329,0.6304120797542391,0.2003754736270897,60
chr25,2439064,-0.0005705236486486485,0.2812639306194857,0.5976273845594028,0.2235695104387196,69
chr25,2445013,-0.0004166666666666666,0.13764545970715875,0.7118583345765979,0.147606425791775,66
chr25,2451473,-0.0003122009569377989,0.08665683879007462,0.7693549081939599,0.11387327123483547,71
chr25,2464820,-0.00031971153846153825,0.09044652255733084,0.7645146040661593,0.11661421410415578,71
chr25,2464821,-0.00031971153846153825,0.09044652255733084,0.7645146040661593,0.11661421410415578,71
chr25,2487453,-0.0002695121951219513,0.06332162983061194,0.8020689326460464,0.095788305305219,71
chr25,2524899,-0.00010167992926613603,0.008406567148424308,0.9272241845356455,0.03281524931214717,68
chr25,2524990,-9.116809116809122e-05,0.006393215325103738,0.9365204902385078,0.028482716206344242,66
chr25,2524994,-9.116809116809122e-05,0.006393215325103738,0.9365204902385078,0.028482716206344242,66
chr25,2566039,0.00043452380952380956,0.16004027814888377,0.6903733935326759,0.16091595435049488,70
chr25,2566332,0.000693315266485998,0.3793027936162705,0.5400948239050565,0.2675299848373837,68
chr25,2586023,0.0006663793103448277,0.36911361279610033,0.5455415656380848,0.2631721542607075,69
chr25,2596211,0.000587047939444912,0.2959298633688411,0.5882246343465946,0.23045679156515333,70
chr25,2596300,0.000587047939444912,0.2959298633688411,0.5882246343465946,0.23045679156515333,70
chr25,2614091,-0.0006849137931034481,0.3974713555511156,0.5305426112445163,0.2752797294154581,69
chr25,2631225,0.0006416666666666667,0.355526474981789,0.5529810527007972,0.2572897490722692,70
chr25,2631512,-0.0006416666666666665,0.355526474981789,0.5529810527007972,0.2572897490722692,70
chr25,2636707,-0.00073130081300813,0.46895444304490913,0.4957625383206271,0.30472629325054407,71
chr25,2644385,0.00073130081300813,0.46895444304490913,0.4957625383206271,0.30472629325054407,71
chr25,2644608,0.0007541666666666667,0.4866791466946536,0.48779095241447756,0.3117662592763008,70
chr25,2667396,-0.0005870479394449117,0.2959298633688411,0.5882246343465946,0.23045679156515333,70
chr25,2667554,0.0008291666666666664,0.5947736425277161,0.4432507351522459,0.3533505354285697,70
chr25,2667568,-0.0008291666666666661,0.5947736425277161,0.4432507351522459,0.3533505354285697,70
chr25,2667608,-0.0008291666666666661,0.5947736425277161,0.4432507351522459,0.3533505354285697,70
chr25,2667653,0.0008291666666666664,0.5947736425277161,0.4432507351522459,0.3533505354285697,70
chr25,2667670,-0.0006849137931034483,0.3974713555511177,0.5305426112445163,0.2752797294154581,69
chr25,2667768,0.0006849137931034483,0.3974713555511177,0.5305426112445163,0.2752797294154581,69
chr25,2730005,-0.0006371794871794875,0.34166942778659987,0.5608303598296864,0.25116848443223494,69
chr25,2733034,-0.0005404483430799219,0.22506890297602536,0.6368448303159635,0.19596637229055885,65
chr25,2783463,-0.0006467770034843208,0.34742574688438205,0.5575563872048369,0.253711204668023,69
chr25,2833184,0.00047796934865900365,0.17737447148708668,0.6750727624055117,0.17064941441618975,65
chr25,2900104,-0.00030984555984555945,0.07165118861471967,0.7898220684967505,0.10247073576475128,65
chr25,2934168,-0.0005576354679802956,0.2374812378306555,0.6277498908145542,0.2022133541525003,64
chr26,18937,0.0007918660287081343,0.5613212079325182,0.4562750690746009,0.34077326048249673,71
chr26,75324,0.001557233704292529,2.2299415903492723,0.1399178146005748,0.8541269867935537,71
chr26,75356,-0.0015572337042925291,2.2299415903492723,0.1399178146005748,0.8541269867935537,71
chr26,75373,0.001557233704292529,2.2299415903492723,0.1399178146005748,0.8541269867935537,71
chr26,75441,-0.0015572337042925291,2.2299415903492723,0.1399178146005748,0.8541269867935537,71
chr26,154882,-0.0011472291149710507,1.1637784550318573,0.2844951211656019,0.5459251769631993,70
chr26,154972,-0.0011472291149710507,1.1637784550318573,0.2844951211656019,0.5459251769631993,70
chr26,222862,-0.0015205882352941178,1.7875360701797982,0.18611171712314276,0.730226283925998,64
chr26,222867,-0.0015205882352941178,1.7875360701797982,0.18611171712314276,0.730226283925998,64
chr26,265458,-0.001351351351351351,1.5729943169237546,0.21419655652201028,0.66918751527592,68
chr26,265533,-0.001351351351351351,1.5729943169237546,0.21419655652201028,0.66918751527592,68
chr26,279374,0.0010438596491228072,0.9207132856827054,0.34078982401166935,0.46751338175029217,68
chr26,281252,0.001445101351351351,1.82626372274051,0.18111495836852842,0.7420456796216951,69
chr26,290480,0.001307125307125308,1.5095499330614306,0.22344297988378595,0.6508332854235238,70
chr26,344248,0.0014913003663003662,1.7950752549256332,0.1849743792549847,0.7328884214280237,67
chr26,344340,0.001527777777777778,1.865908883861469,0.17665214396550463,0.7528810873163831,67
chr26,344716,0.0011931216931216932,1.177460839843284,0.28176255772122305,0.5501167190174439,69
chr26,406365,0.0012473684210526316,1.301330657999448,0.2580928500972416,0.5882240264763738,68
chr26,406450,0.0012473684210526316,1.301330657999448,0.2580928500972416,0.5882240264763738,68
chr26,424213,-0.0010560344827586208,0.9432382668399806,0.33493964301135304,0.47503344689978333,69
chr26,434009,-0.001142241379310345,1.1086172137493469,0.2961652557589939,0.5284658915177106,69
chr26,466546,0.0011071428571428573,1.0021531931130991,0.32044627746471027,0.4942447691288307,68
chr26,466562,0.0011071428571428573,1.0021531931130991,0.32044627746471027,0.4942447691288307,68
chr26,466569,0.0011071428571428573,1.0021531931130991,0.32044627746471027,0.4942447691288307,68
chr26,509450,0.0009115853658536586,0.610429048794292,0.43755256098632445,0.35896976989829393,65
chr26,574789,0.0010628048780487807,0.7161878870449084,0.40081664950712725,0.3970542466246182,61
chr26,629568,-0.0006503189792663477,0.3775828213760531,0.5409206988263968,0.2668663995634999,71
chr26,629570,-0.0006503189792663477,0.3775828213760531,0.5409206988263968,0.2668663995634999,71
chr26,629613,0.0006503189792663481,0.3775828213760531,0.5409206988263968,0.2668663995634999,71
chr26,629714,0.0007829647829647835,0.5425318558565334,0.4639189441469207,0.3335578926882076,70
chr26,647538,0.0007025616698292222,0.3843140892849274,0.5375392942478842,0.269589783223941,65
chr26,652215,0.00024108658743633314,0.04943072839313306,0.8247331709891503,0.08368653764514211,69
chr26,676571,0.00035115131578947396,0.10750167592407975,0.7440139562873604,0.1284189178388788,70
chr26,685347,0.0003506944444444446,0.10164667474184363,0.7508692468584715,0.12443568258537925,68
chr26,698770,0.00042777777777777785,0.14273360338628255,0.7068285274299162,0.1506859307903762,66
chr26,700867,0.0004844389844389849,0.20488917476676374,0.6522439255912224,0.18558995683410004,70
chr26,900588,-0.000786111111111111,0.48408639235177436,0.4890960507881513,0.31060584388049256,66
chr26,900642,-0.000786111111111111,0.48408639235177436,0.4890960507881513,0.31060584388049256,66
chr26,903393,-0.0007486772486772487,0.3995012714631317,0.5297480825887888,0.2759306065333841,62
chr26,975877,-0.0006413412563667236,0.3537607995469059,0.5539953332722366,0.25649389365180947,69
chr26,979563,-0.0004508771929824564,0.17042736815742468,0.6810703488791998,0.1668080267772291,68
chr26,983733,-0.000550566695727986,0.2510810724646376,0.6179820365150253,0.2090241487878593,68
chr26,1001736,-0.0005748355263157898,0.29016425720209477,0.5918743981918724,0.2277704452358942,70
chr26,1001781,-0.0005748355263157898,0.29016425720209477,0.5918743981918724,0.2277704452358942,70
chr26,1002058,0.0005748355263157898,0.29016425720209477,0.5918743981918724,0.2277704452358942,70
chr26,1004546,0.0005748355263157898,0.29016425720209477,0.5918743981918724,0.2277704452358942,70
chr26,1028679,-0.0011727504244482179,1.1806544231932308,0.2811165910977472,0.551113522199143,69
chr26,1036836,0.0010494555353901998,0.8822748310269009,0.3510568403316595,0.454622560332335,67
chr26,1036889,0.0010494555353901998,0.8822748310269009,0.3510568403316595,0.454622560332335,67
chr26,1037263,0.001865608465608465,2.5732721054449894,0.11393420016102332,0.9433458921478428,62
chr26,1041822,-0.001527295285359801,2.057728916564878,0.15601882917562157,0.8068229855326854,70
chr26,1085510,0.00138733552631579,1.7176612169949734,0.1944037196185393,0.7112954297680153,70
chr26,1126513,0.0014082719082719086,1.7593444281547246,0.1891439865631748,0.7232074616350237,70
chr26,1126878,0.0014652777777777776,1.846243454095177,0.17884664352196245,0.7475192059962464,68
chr26,1155556,-0.0018578431372549018,2.87407791900662,0.09503359767929884,1.0221228293726599,64
chr26,1166085,0.0015902777777777775,2.168008972438439,0.14566147412294714,0.8366552992133969,68
chr26,1171722,0.0013284050179211474,1.4380200169407282,0.23481332877264446,0.6292772547493097,67
chr26,1188976,0.001545535714285714,2.017127955648086,0.16031207154676075,0.7950337739106313,67
chr26,1198478,-0.0014640522875816987,1.9232050524062583,0.17003327863684162,0.7694660708927787,70
chr26,1235461,0.0013276003276003281,1.5835132388898063,0.21255889762361146,0.672520710936996,70
chr26,1237139,0.0013080808080808083,1.4956801944532319,0.22562155527096336,0.6466194113906333,69
chr26,1245003,0.0011881977671451352,1.2768202802538422,0.26240386360059625,0.5810297747534419,71
chr26,1245028,0.0011881977671451352,1.2768202802538422,0.26240386360059625,0.5810297747534419,71
chr26,1253734,-0.001287059787059788,1.4731250452857994,0.2290521064511671,0.6400657099306317,70
chr26,1257378,-0.001192465192465193,1.2516711456041145,0.26717015682944456,0.5732120546101545,70
chr26,1257398,-0.001192465192465193,1.2516711456041145,0.26717015682944456,0.5732120546101545,70
chr26,1258438,0.0011881977671451352,1.2768202802538422,0.26240386360059625,0.5810297747534419,71
chr26,1258976,-0.0012642857142857148,1.2287929703818274,0.27185585646089805,0.5656613067628576,65
chr26,1260422,0.0011735197368421058,1.2074317850179037,0.27571669107610436,0.5595369421900807,70
chr26,1262635,0.001193609022556391,1.0916666381127038,0.30003261062562536,0.5228315391301263,66
chr26,1285615,0.0008521241830065356,0.6350177222126913,0.4282943404635893,0.3682576643885644,70
chr26,1285636,0.0008521241830065356,0.6350177222126913,0.4282943404635893,0.3682576643885644,70
chr26,1290084,-0.0006969696969696973,0.42919024025306957,0.5145967098817175,0.2885329948158835,70
chr26,1295666,0.0006874999999999996,0.404807885655832,0.5267842743137521,0.2783671981762745,69
chr26,1341878,-0.0001887254901960786,0.031221151630957858,0.860273119295538,0.06536364716090119,70
chr26,1342057,-0.0002988095238095236,0.07975407221369864,0.7784763644198154,0.10875456865511039,71
chr26,1342090,-0.0002988095238095236,0.07975407221369864,0.7784763644198154,0.10875456865511039,71
chr26,1342129,-0.0002988095238095236,0.07975407221369864,0.7784763644198154,0.10875456865511039,71
chr26,1342149,-0.0002988095238095236,0.07975407221369864,0.7784763644198154,0.10875456865511039,71
chr26,1389014,0.0003471861471861474,0.09868808743772706,0.7544005507627969,0.12239800320662914,68
chr26,1390655,-0.0003514198782961462,0.09210560978967386,0.7625499065128604,0.11773172783182713,63
chr26,1401264,0.0005142857142857143,0.23378111669956003,0.6302875764645686,0.2004612531251514,70
chr26,1407025,0.0007272727272727274,0.45024182910743316,0.5046346790418077,0.29702290760563865,66
chr26,1413336,-0.00015165441176470605,0.018748142495825376,0.8915208133752899,0.04986851336521224,66
chr26,1413339,-0.00015165441176470605,0.018748142495825376,0.8915208133752899,0.04986851336521224,66
chr26,1413363,-0.00015165441176470605,0.018748142495825376,0.8915208133752899,0.04986851336521224,66
chr26,1446218,-4.523809523809532e-05,0.0018259228262637209,0.9660395268593999,0.015005103454353444,71
chr26,1446228,4.523809523809532e-05,0.0018259228262637209,0.9660395268593999,0.015005103454353444,71
chr26,1456679,-0.00031250000000000033,0.07558515782355478,0.7842715224812074,0.10553355427947515,65
chr26,1456684,-0.0004419354838709676,0.15691564722494117,0.6933298211954378,0.15906011971743594,66
chr26,1456718,-0.0003093749999999999,0.07837306387185361,0.7804034043973852,0.10768084472629748,67
chr26,1456763,-0.0003093749999999999,0.07837306387185361,0.7804034043973852,0.10768084472629748,67
chr26,1502124,-4.523809523809532e-05,0.0018259228262637209,0.9660395268593999,0.015005103454353444,71
chr26,1526927,-4.523809523809532e-05,0.0018259228262637209,0.9660395268593999,0.015005103454353444,71
chr26,1551319,-0.0003970588235294117,0.1353638568317745,0.7141114992191208,0.14623397349685852,68
chr26,1564349,4.523809523809532e-05,0.0018259228262637209,0.9660395268593999,0.015005103454353444,71
chr26,1564834,-5.392156862745092e-05,0.0025406706468859837,0.9599473677542837,0.017752577919288477,70
chr26,1730351,0.0007320261437908492,0.47277076560189696,0.49405389041123016,0.30622567651819366,70
chr26,1785067,0.0007941176470588234,0.5271553943749931,0.4703722470907654,0.3275583104244861,68
chr26,1841120,0.0005103668261562997,0.23206645851815733,0.6315202282417864,0.19961273398737026,71
chr26,1949744,-0.0005679770679770681,0.2806929368256908,0.5979730467154378,0.22331839113962176,70
chr26,1953342,0.0006148989898989894,0.323022583454461,0.5716968576607759,0.24283419488444324,69
chr26,1953387,-0.0002382075471698113,0.03420262231430736,0.8538351672328109,0.06862596171218073,69
chr26,1953388,0.0002607466063348413,0.04319536412153582,0.835988307905884,0.07779979654120531,69
chr26,1957685,0.00020674486803519073,0.0327769209496256,0.8569235963096127,0.06705789824055439,64
chr26,1963737,-0.0005103668261562997,0.23206645851815733,0.6315202282417864,0.19961273398737026,71
chr26,1988694,0.0003923013923013924,0.13539203082518425,0.7140485275695626,0.14627227206203916,70
chr26,1988746,0.0003923013923013924,0.13539203082518425,0.7140485275695626,0.14627227206203916,70
chr26,2007495,0.00043538851351351333,0.1618788723882421,0.6887133105284021,0.16196152347151857,69
chr26,2061389,-2.3052464228934698e-05,0.00047338020500820434,0.9827043506157618,0.007577121240907804,71
chr26,2061425,-7.598039215686261e-05,0.005015124497464868,0.9437508329943946,0.025142652035910994,70
chr26,2061429,-5.882352941176486e-05,0.0028919463675400187,0.9572754267488532,0.01896308927898185,68
chr26,2061466,-2.3052464228934698e-05,0.00047338020500820434,0.9827043506157618,0.007577121240907804,71
chr26,2061785,2.6617526617526536e-05,0.000612308713734765,0.980330935798135,0.008627292338652299,70
chr26,2076356,-0.00022255067567567577,0.041630969453561956,0.8389433263958268,0.07626737631658248,69
chr26,2077492,0.0002776442307692311,0.06818873411672141,0.7947703006278704,0.09975837019134104,71
chr26,2077549,-0.00021354166666666665,0.03727935254232812,0.8474903376553096,0.07186524454305428,68
chr26,2079406,0.00028596338273757625,0.06660198952102671,0.797153140452496,0.0984582386231329,68
chr26,2079733,-0.00027764423076923094,0.06818873411672141,0.7947703006278704,0.09975837019134104,71
chr26,2080064,-0.00028098471986417675,0.06614089758905527,0.7978289866354065,0.098090188999961,69
chr26,2080125,0.00028098471986417675,0.06614089758905527,0.7978289866354065,0.098090188999961,69
chr26,2080972,-0.0003275434243176183,0.0920636129330027,0.7624963141966189,0.1177622512965059,70
chr26,2081100,-0.0003275434243176183,0.0920636129330027,0.7624963141966189,0.1177622512965059,70
chr26,2081611,-6.54761904761901e-05,0.0031832809434256867,0.9551882031129962,0.019911049860609188,64
chr26,2112060,0.0003410138248847928,0.09289981640792584,0.7615114889117939,0.11832354008452932,66
chr26,2181334,-0.00021937321937321938,0.038772009881827184,0.8445250054335656,0.07338748693247345,66
chr26,2210097,0.00018592730661696195,0.02748032693572905,0.8688590100785956,0.061050690884585715,66
chr26,2245351,0.0004336206896551727,0.15977028092150664,0.6906395358733721,0.16074856395329448,69
chr26,2253026,0.00020609318996415776,0.034166188793784344,0.8539292871339175,0.0685780912302478,67
noOrient_tig00001000_pilon_64852,46534,0.0005115384615384619,0.23002879072672278,0.6330644179500042,0.1985520957696967,69
noOrient_tig00001624_pilon_246163,35334,2.3052464228934864e-05,0.0004733802050082043,0.9827043506157618,0.007577121240907804,71
noOrient_tig00001624_pilon_246163,76257,-2.305246422893499e-05,0.0004733802050082043,0.9827043506157618,0.007577121240907804,71
noOrient_tig00001624_pilon_246163,77300,0.0002647058823529411,0.0590861866973187,0.808700017591823,0.09221254744208376,68
noOrient_tig00001624_pilon_246163,77546,-0.0002647058823529411,0.0590861866973187,0.808700017591823,0.09221254744208376,68
noOrient_tig00001624_pilon_246163,109613,-1.4705882352940985e-05,0.00018166504269128035,0.9892868446213813,0.004677766062920559,68
noOrient_tig00001624_pilon_246163,145519,-0.0002518939393939394,0.049301154769659725,0.8250020196828156,0.08354498825488903,65
noOrient_tig00001624_pilon_246163,149052,2.3052464228934864e-05,0.0004733802050082043,0.9827043506157618,0.007577121240907804,71
noOrient_tig00001624_pilon_246163,149427,2.5108225108224993e-05,0.000516753073957403,0.9819324762288548,0.007918375970152118,68
noOrient_tig00001648_pilon_227981,27022,-0.0002537815126050415,0.05626405216033727,0.8132250849099049,0.08978923348957447,69
noOrient_tig00001648_pilon_227981,83394,-0.00013939393939393918,0.016249681187156587,0.8989526612849206,0.046263177548245465,68
noOrient_tig00001648_pilon_227981,148906,-0.00010459433040078199,0.008267173090289848,0.927846104938724,0.03252405106387401,64
noOrient_tig00001648_pilon_227981,152988,-0.00010457516339869271,0.009626621412845532,0.9221293428760988,0.03520815816803988,70
noOrient_tig00001648_pilon_227981,153132,-0.00010457516339869271,0.009626621412845532,0.9221293428760988,0.03520815816803988,70
noOrient_tig00000340_pilon_15884,9488,-0.0017547694753577113,2.856467691532348,0.09552061878749171,1.0199028728235557,71
noOrient_tig00001631_pilon_362455,33164,-0.0017547694753577113,2.856467691532348,0.09552061878749171,1.0199028728235557,71
noOrient_tig00001631_pilon_362455,56544,-0.0017904040404040404,2.8080033149479946,0.09845620510008965,1.0067569077045624,69
noOrient_tig00001631_pilon_362455,57798,-0.0016398268398268405,2.3128641716458995,0.13308413723781465,0.8758737065135822,68
noOrient_tig00001631_pilon_362455,145693,-0.0017647058823529412,2.653710839336576,0.10807279896483404,0.9662836006442852,68
noOrient_tig00001631_pilon_362455,149221,-0.001552083333333333,2.084099853641675,0.15357004087679635,0.8136935001309209,68
noOrient_tig00001631_pilon_362455,149342,-0.0020013392857142855,3.412107040751677,0.06927177814868474,1.15944366424348,67
noOrient_tig00001631_pilon_362455,175820,-0.001958333333333333,3.4652197326215775,0.06705936122114395,1.1735405877913863,69
noOrient_tig00001631_pilon_362455,187592,-0.0018398853398853404,3.065580962623977,0.08447637210383555,1.0732647454863606,70
noOrient_tig00001631_pilon_362455,199801,-0.0018645021645021652,2.9720399103165356,0.08939645481529891,1.0486797036278133,68
noOrient_tig00001631_pilon_362455,294567,-0.0017547694753577113,2.856467691532348,0.09552061878749171,1.0199028728235557,71
noOrient_tig00001631_pilon_362455,294731,-0.001641414141414142,2.383680276036203,0.1273188517986792,0.895107286637166,69
noOrient_tig00000832_pilon_152307,113203,0.0014776182432432437,1.888330113210731,0.17396997954295082,0.7595256876006058,69
noOrient_tig00000832_pilon_152307,124022,-0.001741935483870968,2.3965536988169895,0.12661203199947388,0.8975250211537162,65
noOrient_tig00001450_pilon_528679,37065,-0.0026289473684210523,6.20747172723189,0.015242469184164846,1.8169446743221611,68
noOrient_tig00001450_pilon_528679,37067,-0.0026289473684210523,6.20747172723189,0.015242469184164846,1.8169446743221611,68
noOrient_tig00001450_pilon_528679,37069,-0.0026289473684210523,6.20747172723189,0.015242469184164846,1.8169446743221611,68
noOrient_tig00001450_pilon_528679,37086,-0.0026289473684210523,6.20747172723189,0.015242469184164846,1.8169446743221611,68
noOrient_tig00001450_pilon_528679,37104,-0.0026289473684210523,6.20747172723189,0.015242469184164846,1.8169446743221611,68
noOrient_tig00001450_pilon_528679,37115,-0.0026289473684210523,6.20747172723189,0.015242469184164846,1.8169446743221611,68
noOrient_tig00001450_pilon_528679,48622,0.0026503759398496234,5.850737415313199,0.018424647035929206,1.7346008232418582,66
noOrient_tig00001450_pilon_528679,48649,0.0026503759398496234,5.850737415313199,0.018424647035929206,1.7346008232418582,66
noOrient_tig00001450_pilon_528679,274817,0.0025139358108108105,5.863778362909276,0.01816945808066523,1.7406580256961752,69
noOrient_tig00001450_pilon_528679,277125,0.002532072368421054,6.109791268795318,0.01595193443168686,1.7971866441386826,70
noOrient_tig00001450_pilon_528679,277182,0.002631977671451355,6.753131330665716,0.011433893833124627,1.9418058446477386,71
noOrient_tig00001450_pilon_528679,299184,0.002631977671451355,6.753131330665716,0.011433893833124627,1.9418058446477386,71
noOrient_tig00001450_pilon_528679,341654,0.002171428571428572,4.08255889183499,0.04758381325828962,1.3225407575346844,65
noOrient_tig00001450_pilon_528679,344850,0.0026659628378378378,6.540453045040739,0.012814451417479784,1.892299981088083,69
noOrient_tig00001450_pilon_528679,344985,0.002321171171171171,4.899205086914194,0.03038489555349741,1.5173422521788564,67
noOrient_tig00001450_pilon_528679,404163,0.0026837860780984726,6.664472536030128,0.0120288260452283,1.9197767556158989,69
noOrient_tig00001450_pilon_528679,404470,0.0026289473684210523,6.217565684700219,0.015163420145034754,1.8192028315145718,68
noOrient_tig00001450_pilon_528679,404700,0.0025274930102516316,5.451658573662369,0.02269854684646844,1.644001945307361,66
noOrient_tig00001450_pilon_528679,409293,0.002407072368421053,5.719262737477621,0.019551756297849485,1.7088142246514721,70
noOrient_tig00001450_pilon_528679,409477,0.002640868140868142,6.617761272710026,0.012284667279975339,1.910636601530463,70
noOrient_tig00001450_pilon_528679,409514,0.002640868140868142,6.617761272710026,0.012284667279975339,1.910636601530463,70
noOrient_tig00001450_pilon_528679,414493,0.002631977671451355,6.753131330665716,0.011433893833124627,1.9418058446477386,71
noOrient_tig00001450_pilon_528679,437572,0.002221693121693121,3.8074610419236015,0.05569825119391183,1.2541584405310677,62
noOrient_tig00001450_pilon_528679,437616,0.002221693121693121,3.8074610419236015,0.05569825119391183,1.2541584405310677,62
noOrient_tig00001450_pilon_528679,454969,0.0025823888404533568,6.003883853354047,0.016933430707448828,1.7712550450586104,68
noOrient_tig00001450_pilon_528679,455176,0.0026273546273546285,6.549782575835932,0.012718979732221662,1.8955477247282873,70
noOrient_tig00001450_pilon_528679,458832,0.00373030303030303,9.360732008911187,0.003170747557738074,2.4988383333893602,70
noOrient_tig00001450_pilon_528679,482617,0.002595016891891892,6.2739867770400295,0.01469126870244784,1.8329406979687302,69
noOrient_tig00001450_pilon_528679,482665,0.002595016891891892,6.2739867770400295,0.01469126870244784,1.8329406979687302,69
noOrient_tig00001450_pilon_528679,482750,0.002237322515212982,4.075862751406689,0.04790149631585968,1.3196509201643247,63
noOrient_tig00001450_pilon_528679,482980,0.0025274493243243237,5.924920863609225,0.01760009578040836,1.7544849687318935,69
noOrient_tig00001450_pilon_528679,483010,0.0026197916666666665,6.248260162041876,0.014925692229395895,1.8260655178578669,68
noOrient_tig00001450_pilon_528679,486831,0.0022966893039049244,5.093327554472118,0.027284120803055822,1.564090036256254,69
noOrient_tig00001450_pilon_528679,486885,0.002532072368421054,6.109791268795318,0.01595193443168686,1.7971866441386826,70
noOrient_tig00001450_pilon_528679,488911,0.002621171171171171,6.1431743360228115,0.01579706092608943,1.8014237068629475,67
noOrient_tig00001450_pilon_528679,489144,0.002621171171171171,6.1431743360228115,0.01579706092608943,1.8014237068629475,67
noOrient_tig00001450_pilon_528679,499675,0.002417953667953668,4.994754155029505,0.02897859619458372,1.5379226568121414,65
noOrient_tig00000990_pilon_52906,1810,-0.0005726351351351349,0.3262034410010886,0.5698141435621591,0.24426677518294546,69
noOrient_tig00000990_pilon_52906,1846,-0.0005726351351351349,0.3262034410010886,0.5698141435621591,0.24426677518294546,69
noOrient_tig00000990_pilon_52906,1868,-0.0005726351351351349,0.3262034410010886,0.5698141435621591,0.24426677518294546,69
noOrient_tig00000990_pilon_52906,1869,-0.0005726351351351349,0.3262034410010886,0.5698141435621591,0.24426677518294546,69
noOrient_tig00000990_pilon_52906,1874,-0.0005726351351351349,0.3262034410010886,0.5698141435621591,0.24426677518294546,69
noOrient_tig00000990_pilon_52906,1881,-0.0005726351351351349,0.3262034410010886,0.5698141435621591,0.24426677518294546,69
noOrient_tig00000990_pilon_52906,9112,0.0007157802964254577,0.4507538603406633,0.5043203140068782,0.2972935381200458,68
noOrient_tig00000990_pilon_52906,10156,0.0009836199836199839,0.8602083699397196,0.3569607561130411,0.4473795271381911,70
noOrient_tig00000990_pilon_52906,10160,0.0009836199836199839,0.8602083699397196,0.3569607561130411,0.4473795271381911,70
noOrient_tig00000990_pilon_52906,10164,0.0009836199836199839,0.8602083699397196,0.3569607561130411,0.4473795271381911,70
noOrient_tig00000990_pilon_52906,10168,0.0009836199836199839,0.8602083699397196,0.3569607561130411,0.4473795271381911,70
noOrient_tig00000990_pilon_52906,10170,0.000963260135135135,0.7998886864613496,0.37432828601147805,0.42674735430542193,69
noOrient_tig00000990_pilon_52906,10178,0.000963260135135135,0.7998886864613496,0.37432828601147805,0.42674735430542193,69
noOrient_tig00000365_pilon_63758,59215,0.00254383788254756,6.045922983694361,0.016489033509396612,1.7828047994092724,70
noOrient_tig00001097_pilon_49019,289,-0.002693972835314093,6.784238405178398,0.0113181918251693,1.94622294974452,69
noOrient_tig00001097_pilon_49019,16206,-0.002764864864864864,6.747468448955659,0.011600284804292435,1.9355313480649574,67
noOrient_tig00001097_pilon_49019,30099,-0.0026481481481481477,5.690876906442324,0.020174043679441252,1.6952070432024404,63
noOrient_tig00001097_pilon_49019,31610,-0.0024449013157894738,5.569467014635437,0.02115273032408519,1.6746335673833392,70
noOrient_tig00000591_pilon_104854,74968,0.0005773026315789475,0.2882347365521966,0.5931063042505642,0.22686745973553787,70
noOrient_tig00000569_pilon_318490,6600,0.0005294117647058824,0.24470652801960277,0.6224455403981326,0.20589864027916185,69
noOrient_tig00000569_pilon_318490,20618,0.0005464285714285712,0.2674293587766884,0.6067152280339656,0.2170151044986338,71
noOrient_tig00000569_pilon_318490,135255,0.00024999999999999973,0.052853587665271824,0.8188812293266237,0.08677908381781041,68
noOrient_tig00000569_pilon_318490,135317,0.00024999999999999973,0.052853587665271824,0.8188812293266237,0.08677908381781041,68
noOrient_tig00000569_pilon_318490,304730,0.0007499999999999998,0.47355354118276743,0.4937685401500853,0.30647658405671035,68
noOrient_tig00000569_pilon_318490,304921,0.0005464285714285712,0.2674293587766884,0.6067152280339656,0.2170151044986338,71
noOrient_tig00000818_pilon_136553,24317,0.00041911764705882324,0.1549586240675947,0.6950726742621035,0.1579697847898213,70
noOrient_tig00000818_pilon_136553,24402,0.00041911764705882324,0.1549586240675947,0.6950726742621035,0.1579697847898213,70
noOrient_tig00000818_pilon_136553,30472,0.00031249999999999974,0.08157346143388033,0.7760707844961245,0.11009866545045967,68
noOrient_tig00000818_pilon_136553,30501,0.00031249999999999974,0.08157346143388033,0.7760707844961245,0.11009866545045967,68
noOrient_tig00000818_pilon_136553,89277,0.0006571428571428569,0.38017332487846006,0.5395693274196074,0.2679527463815764,70
noOrient_tig00000818_pilon_136553,123969,0.0005428571428571428,0.2565099268547552,0.6141663417414203,0.2117139879523924,70
noOrient_tig00000818_pilon_136553,123982,0.0005464285714285712,0.2674293587766884,0.6067152280339656,0.2170151044986338,71
noOrient_tig00000845_pilon_22831,2184,0.0003901515151515147,0.13036582180099346,0.7191890575444303,0.14315692901151414,69
noOrient_tig00000845_pilon_22831,2288,0.0005464285714285712,0.2674293587766884,0.6067152280339656,0.2170151044986338,71
noOrient_tig00000845_pilon_22831,2621,0.00040530303030303014,0.14061201095029674,0.7088577483775556,0.1494409090949083,69
noOrient_tig00000864_pilon_59115,9325,0.00046590909090909045,0.18426900970697913,0.6691071433306246,0.17450433360508172,69
noOrient_tig00000864_pilon_59115,9418,0.0002623376623376624,0.05904224140682826,0.8087697606633726,0.09217509508093187,68
noOrient_tig00000873_pilon_52174,8967,0.0005156249999999995,0.22346232463469168,0.6379739120989076,0.1951970799984839,68
noOrient_tig00000937_pilon_80045,9663,0.00041911764705882324,0.1549586240675947,0.6950726742621035,0.1579697847898213,70
noOrient_tig00000937_pilon_80045,20674,0.0005464285714285712,0.2674293587766884,0.6067152280339656,0.2170151044986338,71
noOrient_tig00001651_pilon_69433,17182,0.00046785714285714307,0.17958440401785844,0.6731297438370853,0.1719012186856913,67
noOrient_tig00001738_pilon_267032,1004,0.000492647058823529,0.21161178609652892,0.6469745533003148,0.18911280059650556,70
noOrient_tig00001738_pilon_267032,117885,0.0003636363636363637,0.1077365504664381,0.743807384054178,0.1285395145518436,66
noOrient_tig00001738_pilon_267032,133306,0.00040530303030303014,0.14061201095029674,0.7088577483775556,0.1494409090949083,69
noOrient_tig00001738_pilon_267032,188666,0.000267825311942959,0.060468331779489175,0.8065320817428816,0.09337835282952438,67
noOrient_tig00001792_pilon_128194,55575,0.00040267857142857125,0.13073734600774284,0.7188414802945524,0.14336687015062716,67
noOrient_tig00001792_pilon_128194,119491,0.0005464285714285712,0.2674293587766884,0.6067152280339656,0.2170151044986338,71
noOrient_tig00001792_pilon_128194,119553,0.0005464285714285712,0.2674293587766884,0.6067152280339656,0.2170151044986338,71
noOrient_tig00001159_pilon_21758,16716,6.0483870967742105e-05,0.0028909647998980057,0.957285164719799,0.018958671401516344,67
noOrient_tig00000288_pilon_64439,10217,0.0007524509803921566,0.4943704500793548,0.48438457257323286,0.3148096973890401,70
noOrient_tig00000288_pilon_64439,12129,0.0008348214285714284,0.5808126248289033,0.4487506148955732,0.34799494332600006,67
noOrient_tig00000288_pilon_64439,51309,0.0006323529411764705,0.3320598847365743,0.5664086527530239,0.24687012075933962,68
noOrient_tig00000911_pilon_96407,51914,-0.00019999999999999987,0.035745237313656454,0.8506408628174602,0.07025375861954915,66
noOrient_tig00001173_pilon_14872,13148,0.00034059233449477354,0.0958642145520629,0.7578112679520301,0.12043894145610726,69
noOrient_tig00000970_pilon_78179,63637,0.00038248638838475456,0.11761955314979841,0.7327374491656896,0.13505161172237054,67
noOrient_tig00000955_pilon_67684,9530,0.001850043591979075,2.973327306980761,0.08932862177049684,1.0490093665830689,68
noOrient_tig00000955_pilon_67684,9615,0.001850043591979075,2.973327306980761,0.08932862177049684,1.0490093665830689,68
noOrient_tig00000955_pilon_67684,60029,0.001987664473684211,3.581633241039986,0.06267918281085672,1.202876674345265,70
noOrient_tig00000955_pilon_67684,60037,0.0019411057692307705,3.4985236773529507,0.0656653466006218,1.1826637590630666,71
noOrient_tig00001593_pilon_64768,21718,0.0014335288367546429,1.6065372218904306,0.20971914488132343,0.6783619217673919,64
noOrient_tig00001065_pilon_26454,20013,0.0008272357723577237,0.6012057926041396,0.4407676766437475,0.35579026163805927,71
noOrient_tig00001119_pilon_16593,10029,6.421052631578929e-05,0.002926647660689314,0.9570334778991929,0.01907286994250455,63
noOrient_tig00001119_pilon_16593,10121,-6.421052631578945e-05,0.002926647660689314,0.9570334778991929,0.01907286994250455,63
noOrient_tig00001119_pilon_16593,10122,-6.421052631578945e-05,0.002926647660689314,0.9570334778991929,0.01907286994250455,63
noOrient_tig00001119_pilon_16593,10126,-6.421052631578945e-05,0.002926647660689314,0.9570334778991929,0.01907286994250455,63
noOrient_tig00001119_pilon_16593,16160,-0.0002689655172413793,0.0595100524713845,0.808017459304575,0.09257925506982637,69
noOrient_tig00001013_pilon_31063,3224,-0.00043749999999999963,0.16413566709424726,0.686648868967498,0.16326529096610742,70
noOrient_tig00001013_pilon_31063,17598,6.08465608465607e-05,0.00301806530458753,0.9563522089989046,0.01938213465438827,69
noOrient_tig00000383_pilon_498172,150,0.0016002722323049002,2.070119636243435,0.1550078097617882,0.8096464202103202,67
noOrient_tig00000383_pilon_498172,11639,0.0013032094594594588,1.4810033882606743,0.22788698501595675,0.6422804773521206,69
noOrient_tig00000383_pilon_498172,11810,0.001409539473684211,1.7589117699006442,0.18919770596795885,0.7230841337455197,70
noOrient_tig00000383_pilon_498172,102362,0.0013716216216216215,1.5945162446195849,0.2111933925888724,0.6753196732929629,67
noOrient_tig00000383_pilon_498172,151213,0.0014445773524720885,1.9041153384539014,0.17207348900005526,0.7642860353544664,71
noOrient_tig00000383_pilon_498172,156110,0.0017657894736842106,2.6892415698188157,0.1057860487719827,0.9755716039535496,68
noOrient_tig00000383_pilon_498172,157975,0.0014445773524720885,1.9041153384539014,0.17207348900005526,0.7642860353544664,71
noOrient_tig00000383_pilon_498172,158090,0.0014445773524720885,1.9041153384539014,0.17207348900005526,0.7642860353544664,71
noOrient_tig00000383_pilon_498172,159585,0.0014445773524720885,1.9041153384539014,0.17207348900005526,0.7642860353544664,71
noOrient_tig00000383_pilon_498172,166755,0.0013382473382473389,1.6096174364974816,0.20887150684361916,0.6801208001564871,70
noOrient_tig00000383_pilon_498172,166781,0.0013382473382473389,1.6096174364974816,0.20887150684361916,0.6801208001564871,70
noOrient_tig00000383_pilon_498172,257056,0.0014598689598689602,1.8931480282835538,0.1733622052703242,0.7610455771690795,70
noOrient_tig00000383_pilon_498172,267218,0.0014272013949433303,1.7400921407445833,0.19168555754867223,0.7174106075872564,68
noOrient_tig00000383_pilon_498172,300202,0.0016172413793103446,1.9614530788520634,0.16634293377005513,0.7789956431862237,64
noOrient_tig00000383_pilon_498172,300228,0.0016172413793103446,1.9614530788520634,0.16634293377005513,0.7789956431862237,64
noOrient_tig00000383_pilon_498172,300275,0.0016172413793103446,1.9614530788520634,0.16634293377005513,0.7789956431862237,64
noOrient_tig00000383_pilon_498172,311009,0.0015077838827838826,1.8559228425209375,0.17779825118514542,0.7500725150439627,67
noOrient_tig00000383_pilon_498172,311021,0.0015256410256410263,1.9685036842417205,0.16529379735451544,0.7817434430120276,68
noOrient_tig00000383_pilon_498172,311049,0.0015077838827838826,1.8559228425209375,0.17779825118514542,0.7500725150439627,67
noOrient_tig00000383_pilon_498172,311072,0.0015077838827838826,1.8559228425209375,0.17779825118514542,0.7500725150439627,67
noOrient_tig00000383_pilon_498172,311086,0.0015077838827838826,1.8559228425209375,0.17779825118514542,0.7500725150439627,67
noOrient_tig00000383_pilon_498172,311108,0.0015095119933829614,2.0178828528047394,0.16002493028453002,0.7958123533341749,70
noOrient_tig00000383_pilon_498172,311149,0.0015095119933829614,2.0178828528047394,0.16002493028453002,0.7958123533341749,70
noOrient_tig00000383_pilon_498172,311154,0.0015095119933829614,2.0178828528047394,0.16002493028453002,0.7958123533341749,70
noOrient_tig00000383_pilon_498172,311186,0.0015095119933829614,2.0178828528047394,0.16002493028453002,0.7958123533341749,70
noOrient_tig00000383_pilon_498172,313388,0.0011175675675675675,1.1507612487437104,0.28735645555690204,0.5415790418528941,67
noOrient_tig00000383_pilon_498172,313413,0.0011175675675675675,1.1507612487437104,0.28735645555690204,0.5415790418528941,67
noOrient_tig00000383_pilon_498172,355412,0.0014270833333333334,1.7147401424389044,0.19491181348878325,0.7101618377550919,68
noOrient_tig00000383_pilon_498172,355442,0.0014270833333333334,1.7147401424389044,0.19491181348878325,0.7101618377550919,68
noOrient_tig00000383_pilon_498172,355447,0.0014270833333333334,1.7147401424389044,0.19491181348878325,0.7101618377550919,68
noOrient_tig00000383_pilon_498172,355451,0.0014270833333333334,1.7147401424389044,0.19491181348878325,0.7101618377550919,68
noOrient_tig00000383_pilon_498172,355457,0.0014270833333333334,1.7147401424389044,0.19491181348878325,0.7101618377550919,68
noOrient_tig00000383_pilon_498172,355515,0.0014270833333333334,1.7147401424389044,0.19491181348878325,0.7101618377550919,68
noOrient_tig00000383_pilon_498172,355518,0.0014270833333333334,1.7147401424389044,0.19491181348878325,0.7101618377550919,68
noOrient_tig00000383_pilon_498172,355519,0.0014270833333333334,1.7147401424389044,0.19491181348878325,0.7101618377550919,68
noOrient_tig00000383_pilon_498172,356400,0.0017593378607809846,2.759742046520735,0.10133662920420083,0.9942335458945912,69
noOrient_tig00000383_pilon_498172,356404,0.0017593378607809846,2.759742046520735,0.10133662920420083,0.9942335458945912,69
noOrient_tig00000383_pilon_498172,356444,0.0017086466165413534,2.358774784689033,0.12950933342163903,0.8876989319112981,66
noOrient_tig00000383_pilon_498172,356458,0.0017657894736842106,2.6892415698188157,0.1057860487719827,0.9755716039535496,68
noOrient_tig00000383_pilon_498172,375908,0.0014407894736842108,1.8360047372987698,0.1799043746759614,0.7449582759288769,70
noOrient_tig00000383_pilon_498172,375909,0.0014407894736842108,1.8360047372987698,0.1799043746759614,0.7449582759288769,70
noOrient_tig00000383_pilon_498172,401289,0.001409539473684211,1.7589117699006442,0.18919770596795885,0.7230841337455197,70
noOrient_tig00000383_pilon_498172,401381,0.001409539473684211,1.7589117699006442,0.18919770596795885,0.7230841337455197,70
noOrient_tig00000383_pilon_498172,401384,0.001409539473684211,1.7589117699006442,0.18919770596795885,0.7230841337455197,70
noOrient_tig00000383_pilon_498172,403177,0.0013888888888888885,1.6392735162013279,0.20490675064266717,0.6884437335530965,68
noOrient_tig00000383_pilon_498172,403277,0.0015004095004095008,2.0058433532529127,0.16125877510346676,0.7924766433573631,70
noOrient_tig00000383_pilon_498172,417585,0.0012903225806451615,1.3819516523623825,0.2440570160896878,0.6125087028395123,67
noOrient_tig00000383_pilon_498172,417620,0.0013324561403508773,1.4793239169374506,0.2282123855402826,0.6416607892524504,68
noOrient_tig00000383_pilon_498172,417645,0.0013324561403508773,1.4793239169374506,0.2282123855402826,0.6416607892524504,68
noOrient_tig00000383_pilon_498172,417651,0.0013324561403508773,1.4793239169374506,0.2282123855402826,0.6416607892524504,68
noOrient_tig00000383_pilon_498172,417670,0.0013324561403508773,1.4793239169374506,0.2282123855402826,0.6416607892524504,68
noOrient_tig00000383_pilon_498172,417674,0.0013324561403508773,1.4793239169374506,0.2282123855402826,0.6416607892524504,68
noOrient_tig00000383_pilon_498172,417709,0.0013324561403508773,1.4793239169374506,0.2282123855402826,0.6416607892524504,68
noOrient_tig00000383_pilon_498172,420804,0.0014445773524720885,1.9041153384539014,0.17207348900005526,0.7642860353544664,71
noOrient_tig00000383_pilon_498172,420812,0.0014445773524720885,1.9041153384539014,0.17207348900005526,0.7642860353544664,71
noOrient_tig00000383_pilon_498172,420847,0.0014445773524720885,1.9041153384539014,0.17207348900005526,0.7642860353544664,71
noOrient_tig00000383_pilon_498172,420851,0.0014445773524720885,1.9041153384539014,0.17207348900005526,0.7642860353544664,71
noOrient_tig00000383_pilon_498172,420857,0.0014445773524720885,1.9041153384539014,0.17207348900005526,0.7642860353544664,71
noOrient_tig00000383_pilon_498172,420880,0.0014445773524720885,1.9041153384539014,0.17207348900005526,0.7642860353544664,71
noOrient_tig00000383_pilon_498172,420918,0.0014445773524720885,1.9041153384539014,0.17207348900005526,0.7642860353544664,71
noOrient_tig00000383_pilon_498172,420963,0.0014445773524720885,1.9041153384539014,0.17207348900005526,0.7642860353544664,71
noOrient_tig00000383_pilon_498172,420970,0.0014445773524720885,1.9041153384539014,0.17207348900005526,0.7642860353544664,71
noOrient_tig00000383_pilon_498172,420975,0.0014445773524720885,1.9041153384539014,0.17207348900005526,0.7642860353544664,71
noOrient_tig00000383_pilon_498172,429068,0.0008687739463601535,0.6160812938555625,0.43544896343860573,0.3610627389246315,65
noOrient_tig00000383_pilon_498172,429148,0.0008687739463601535,0.6160812938555625,0.43544896343860573,0.3610627389246315,65
noOrient_tig00000383_pilon_498172,429154,0.0008687739463601535,0.6160812938555625,0.43544896343860573,0.3610627389246315,65
noOrient_tig00000383_pilon_498172,429164,0.0008687739463601535,0.6160812938555625,0.43544896343860573,0.3610627389246315,65
noOrient_tig00000383_pilon_498172,429183,0.0008687739463601535,0.6160812938555625,0.43544896343860573,0.3610627389246315,65
noOrient_tig00000383_pilon_498172,429216,0.0008687739463601535,0.6160812938555625,0.43544896343860573,0.3610627389246315,65
noOrient_tig00000383_pilon_498172,429217,0.0008687739463601535,0.6160812938555625,0.43544896343860573,0.3610627389246315,65
noOrient_tig00000383_pilon_498172,429258,0.0012083333333333336,1.168713294953324,0.28372265409848024,0.547105986173947,66
noOrient_tig00000383_pilon_498172,429285,0.0012083333333333336,1.168713294953324,0.28372265409848024,0.547105986173947,66
noOrient_tig00000383_pilon_498172,429291,0.0012083333333333336,1.168713294953324,0.28372265409848024,0.547105986173947,66
noOrient_tig00000383_pilon_498172,429340,0.0013198198198198197,1.4158083718692767,0.2384225742595674,0.6226526272362283,67
noOrient_tig00000383_pilon_498172,429344,0.0013198198198198197,1.4158083718692767,0.2384225742595674,0.6226526272362283,67
noOrient_tig00000383_pilon_498172,429381,0.0013198198198198197,1.4158083718692767,0.2384225742595674,0.6226526272362283,67
noOrient_tig00000383_pilon_498172,429408,0.001375490196078431,1.4253368868410026,0.23707496215978383,0.6251143100877053,64
noOrient_tig00000383_pilon_498172,429454,0.0012476489028213167,1.109857034779157,0.296337150884238,0.5282138989329818,62
noOrient_tig00000383_pilon_498172,429489,0.001351926977687627,1.3308321379013723,0.25315733744664415,0.5966094806160366,63
noOrient_tig00000383_pilon_498172,429506,0.001351926977687627,1.3308321379013723,0.25315733744664415,0.5966094806160366,63
noOrient_tig00000383_pilon_498172,429507,0.001351926977687627,1.3308321379013723,0.25315733744664415,0.5966094806160366,63
noOrient_tig00000383_pilon_498172,433428,0.0015819185059422751,2.1688127372681456,0.1455173099962479,0.8370853421508938,69
noOrient_tig00000383_pilon_498172,433461,0.0015819185059422751,2.1688127372681456,0.1455173099962479,0.8370853421508938,69
noOrient_tig00000383_pilon_498172,433464,0.0015819185059422751,2.1688127372681456,0.1455173099962479,0.8370853421508938,69
noOrient_tig00000383_pilon_498172,433480,0.0015819185059422751,2.1688127372681456,0.1455173099962479,0.8370853421508938,69
noOrient_tig00000383_pilon_498172,435312,0.0012659110723626848,1.354596230862155,0.24866644476500813,0.604382814796761,68
noOrient_tig00000383_pilon_498172,435334,0.0012659110723626848,1.354596230862155,0.24866644476500813,0.604382814796761,68
noOrient_tig00000383_pilon_498172,435388,0.0012659110723626848,1.354596230862155,0.24866644476500813,0.604382814796761,68
noOrient_tig00000383_pilon_498172,435442,0.0012659110723626848,1.354596230862155,0.24866644476500813,0.604382814796761,68
noOrient_tig00000383_pilon_498172,450219,0.0013174603174603166,1.2398687360142036,0.2699373445394623,0.5687370287243722,62
noOrient_tig00000383_pilon_498172,451440,0.0012268518518518514,1.1036003020410936,0.2976214696287835,0.5263357431362677,63
noOrient_tig00000383_pilon_498172,451513,0.0012268518518518514,1.1036003020410936,0.2976214696287835,0.5263357431362677,63
noOrient_tig00000383_pilon_498172,451531,0.0012268518518518514,1.1036003020410936,0.2976214696287835,0.5263357431362677,63
noOrient_tig00000383_pilon_498172,456654,0.0014407894736842108,1.8360047372987698,0.1799043746759614,0.7449582759288769,70
noOrient_tig00000383_pilon_498172,456713,0.0014044991511035654,1.6910922116730396,0.19791250077515582,0.7035267735237242,69
noOrient_tig00000383_pilon_498172,456769,0.0014407894736842108,1.8360047372987698,0.1799043746759614,0.7449582759288769,70
noOrient_tig00000383_pilon_498172,456772,0.0014407894736842108,1.8360047372987698,0.1799043746759614,0.7449582759288769,70
noOrient_tig00000383_pilon_498172,456820,0.0014876644736842109,1.9602693476638002,0.1660306746125523,0.7798116674763927,70
noOrient_tig00000383_pilon_498172,456833,0.0014876644736842109,1.9602693476638002,0.1660306746125523,0.7798116674763927,70
noOrient_tig00000383_pilon_498172,456935,0.0014876644736842109,1.9602693476638002,0.1660306746125523,0.7798116674763927,70
noOrient_tig00000383_pilon_498172,487161,0.0013065302144249513,1.2799154738829366,0.26220295780325875,0.5813624135216457,65
noOrient_tig00000383_pilon_498172,487162,0.0013065302144249513,1.2799154738829366,0.26220295780325875,0.5813624135216457,65
noOrient_tig00000462_pilon_378347,56328,0.0012689144736842107,1.4596867417879427,0.2311649130387753,0.636078083876207,70
noOrient_tig00000462_pilon_378347,106508,0.0014445773524720885,1.9041153384539014,0.17207348900005526,0.7642860353544664,71
noOrient_tig00000462_pilon_378347,106748,0.0013344594594594593,1.5513740564617395,0.21727099373989125,0.6629982492871715,69
noOrient_tig00000462_pilon_378347,139301,0.0014594594594594592,1.8776770147720676,0.17517244939504348,0.7565341973492866,69
noOrient_tig00000462_pilon_378347,199959,0.0013788142981691366,1.606131379340341,0.20948991272576742,0.6788368841678881,68
noOrient_tig00000462_pilon_378347,205137,0.0013382473382473389,1.6096174364974816,0.20887150684361916,0.6801208001564871,70
noOrient_tig00000462_pilon_378347,205316,0.001409539473684211,1.7589117699006442,0.18919770596795885,0.7230841337455197,70
noOrient_tig00000462_pilon_378347,205577,0.0014445773524720885,1.9041153384539014,0.17207348900005526,0.7642860353544664,71
noOrient_tig00000462_pilon_378347,214019,0.0013382473382473389,1.6096174364974816,0.20887150684361916,0.6801208001564871,70
noOrient_tig00000462_pilon_378347,225758,0.0013382473382473389,1.6096174364974816,0.20887150684361916,0.6801208001564871,70
noOrient_tig00000462_pilon_378347,239503,0.0014445773524720885,1.9041153384539014,0.17207348900005526,0.7642860353544664,71
noOrient_tig00000462_pilon_378347,253783,0.001323232323232323,1.5308637701574725,0.22030176311402294,0.6569820270996769,69
noOrient_tig00000462_pilon_378347,253792,0.0014328419328419335,1.8235154188063425,0.18137267785770503,0.7414281348576719,70
noOrient_tig00000462_pilon_378347,260893,0.0018738095238095241,2.817763219988286,0.09818029959241659,1.0079756470056052,65
noOrient_tig00000462_pilon_378347,286208,0.0013833333333333334,1.4927219921375412,0.22634660602081516,0.6452260131964848,65
noOrient_tig00000462_pilon_378347,290978,0.001409498207885305,1.692357348252186,0.1978834635700447,0.7035904967503778,67
noOrient_tig00000462_pilon_378347,306136,0.0014445773524720885,1.9041153384539014,0.17207348900005526,0.7642860353544664,71
noOrient_tig00000462_pilon_378347,316876,0.0012301392301392305,1.4122365075856633,0.2388193539372196,0.6219304808611569,70
noOrient_tig00000633_pilon_228425,138,0.0014445773524720885,1.9041153384539014,0.17207348900005526,0.7642860353544664,71
noOrient_tig00000633_pilon_228425,494,0.0014445773524720885,1.9041153384539014,0.17207348900005526,0.7642860353544664,71
noOrient_tig00000633_pilon_228425,58164,0.0013382473382473389,1.6096174364974816,0.20887150684361916,0.6801208001564871,70
noOrient_tig00000633_pilon_228425,58484,0.0013382473382473389,1.6096174364974816,0.20887150684361916,0.6801208001564871,70
noOrient_tig00000633_pilon_228425,199211,-0.001315789473684211,1.4436259684688766,0.23384728145715009,0.6310676745261472,68
noOrient_tig00000633_pilon_228425,228079,0.0014445773524720885,1.9041153384539014,0.17207348900005526,0.7642860353544664,71
noOrient_tig00000739_pilon_113526,31762,0.001346117424242424,1.4177869661059788,0.2382351792128323,0.6229941076310531,65
noOrient_tig00000739_pilon_113526,58076,0.0013382473382473389,1.6096174364974816,0.20887150684361916,0.6801208001564871,70
noOrient_tig00000739_pilon_113526,60563,0.0014044991511035654,1.69045873897193,0.1979954804253023,0.7033447231160143,69
noOrient_tig00000739_pilon_113526,60657,0.0014445773524720885,1.9041153384539014,0.17207348900005526,0.7642860353544664,71
noOrient_tig00000739_pilon_113526,60878,0.001323232323232323,1.5308637701574725,0.22030176311402294,0.6569820270996769,69
noOrient_tig00000739_pilon_113526,60880,0.001323232323232323,1.5308637701574725,0.22030176311402294,0.6569820270996769,69
noOrient_tig00000739_pilon_113526,77931,0.0009814814814814816,0.6789658052634662,0.41326171147336044,0.38377483005854734,61
noOrient_tig00000739_pilon_113526,90517,0.0014445773524720885,1.9041153384539014,0.17207348900005526,0.7642860353544664,71
noOrient_tig00000739_pilon_113526,90758,0.0014445773524720885,1.9041153384539014,0.17207348900005526,0.7642860353544664,71
noOrient_tig00000764_pilon_109116,62450,0.0013399830220713073,1.549488162035254,0.217547546272492,0.6624458107685361,69
noOrient_tig00000764_pilon_109116,62529,0.0014407894736842108,1.8360047372987698,0.1799043746759614,0.7449582759288769,70
noOrient_tig00000764_pilon_109116,63455,0.001669136878814298,2.46631194874861,0.12109273326943928,0.9168819179277515,68
noOrient_tig00000764_pilon_109116,63620,0.0013382473382473389,1.6096174364974816,0.20887150684361916,0.6801208001564871,70
noOrient_tig00000764_pilon_109116,68401,0.0013382473382473389,1.6096174364974816,0.20887150684361916,0.6801208001564871,70
noOrient_tig00000764_pilon_109116,69591,0.001425164473684211,1.796913687434206,0.18454751098470945,0.7338918078126512,70
noOrient_tig00000764_pilon_109116,69634,0.0014445773524720885,1.9041153384539014,0.17207348900005526,0.7642860353544664,71
noOrient_tig00001136_pilon_33507,2750,0.0014445773524720885,1.9041153384539014,0.17207348900005526,0.7642860353544664,71
noOrient_tig00001136_pilon_33507,14469,0.0015434966216216215,2.0605335838549714,0.1558094373798268,0.8074062406438541,69
noOrient_tig00001136_pilon_33507,22681,0.0015657894736842107,2.1938610436923462,0.14318064260062138,0.8441156927822882,70
noOrient_tig00001136_pilon_33507,22682,0.0015657894736842107,2.1938610436923462,0.14318064260062138,0.8441156927822882,70
noOrient_tig00001136_pilon_33507,22965,0.0013382473382473389,1.6096174364974816,0.20887150684361916,0.6801208001564871,70
noOrient_tig00001747_pilon_74125,14050,0.001459459459459459,1.8182011007698078,0.1821367909646827,0.7396023194490297,68
noOrient_tig00001747_pilon_74125,14131,0.001459459459459459,1.8182011007698078,0.1821367909646827,0.7396023194490297,68
noOrient_tig00001747_pilon_74125,50019,0.0013190476190476194,1.3538162988612816,0.24899997002662896,0.6038007051824581,65
noOrient_tig00000298_pilon_510753,5268,-0.0007483193277310928,0.4829214079464953,0.48950506358816703,0.3102428113643663,69
noOrient_tig00000298_pilon_510753,5301,0.0007714285714285716,0.5282777582403538,0.46982662033739864,0.3280623797718912,70
noOrient_tig00000298_pilon_510753,53645,0.0007289915966386555,0.4588138225378583,0.5005111466071839,0.30058624614452895,69
noOrient_tig00000298_pilon_510753,53712,-0.0007289915966386554,0.4588138225378583,0.5005111466071839,0.30058624614452895,69
noOrient_tig00000298_pilon_510753,53941,-0.0006013824884792628,0.2870703608101617,0.5939612642265237,0.22624187704105675,66
noOrient_tig00000298_pilon_510753,54023,-0.0006013824884792628,0.2870703608101617,0.5939612642265237,0.22624187704105675,66
noOrient_tig00000298_pilon_510753,54026,-0.0006013824884792628,0.2870703608101617,0.5939612642265237,0.22624187704105675,66
noOrient_tig00000298_pilon_510753,189829,0.0013142981691368783,1.4587357234461513,0.23144160433258923,0.6355585688589686,68
noOrient_tig00000298_pilon_510753,192583,0.001425164473684211,1.7969136874342058,0.18454751098470945,0.7338918078126512,70
noOrient_tig00000298_pilon_510753,211777,0.0014445773524720885,1.9041153384539014,0.17207348900005526,0.7642860353544664,71
noOrient_tig00000298_pilon_510753,226465,0.0016864791288566242,2.3266731331928026,0.1320247055256213,0.8793447925101009,67
noOrient_tig00000298_pilon_510753,256801,0.0013883701188455012,1.6529943174538875,0.20297788762532298,0.6925512714728705,69
noOrient_tig00000298_pilon_510753,264920,0.0013154121863799286,1.4204422190213055,0.23766398430605126,0.62403662644278,67
noOrient_tig00000298_pilon_510753,266161,0.0014876644736842109,1.9602693476638002,0.1660306746125523,0.7798116674763927,70
noOrient_tig00000298_pilon_510753,287265,0.0014407894736842108,1.8360047372987698,0.1799043746759614,0.7449582759288769,70
noOrient_tig00000298_pilon_510753,394784,-0.001378814298169137,1.6049134483370673,0.20966067763750948,0.6784830148680207,68
noOrient_tig00000298_pilon_510753,432214,0.0014657894736842107,1.78036451544524,0.1866901083024262,0.7288786923534362,68
noOrient_tig00000298_pilon_510753,442901,0.0013611111111111107,1.6041524575497992,0.20976746064273946,0.6782618791515447,68
noOrient_tig00001109_pilon_30453,15051,-0.00048529411764705843,0.19338330651714228,0.6615521665594722,0.17943590392448938,68
noOrient_tig00001109_pilon_30453,21046,0.00043193277310924345,0.157578132345664,0.6926578127612796,0.15948126283656225,69
noOrient_tig00000909_pilon_88595,14654,-0.0006965195246179969,0.41117121413328805,0.5235631283394788,0.2810309460069749,69
noOrient_tig00000909_pilon_88595,54145,-0.0005916666666666664,0.30341907199019863,0.583552131352473,0.23392034039427478,70
noOrient_tig00000909_pilon_88595,54316,-0.0007314516129032257,0.4729895493846184,0.4939205135732785,0.30634293628697795,71
noOrient_tig00000598_pilon_46059,39157,0.001769607843137254,2.85100705687808,0.09589802627860035,1.0181903311518974,70
noOrient_tig00000663_pilon_152077,10118,0.0018823529411764706,3.182258007557297,0.07903875549633176,1.1021599065445538,68
noOrient_tig00000663_pilon_152077,61430,0.0021071428571428573,3.8632838211277343,0.053628840563026976,1.270601592231834,67
noOrient_tig00000308_pilon_184722,25158,-0.0018142857142857145,2.8956081351589407,0.09345779760117236,1.0293844576464786,69
noOrient_tig00000308_pilon_184722,93179,-0.001641571969696969,2.2219954915767715,0.1410472188691813,0.8506354727250329,65
noOrient_tig00000489_pilon_156511,15558,-0.0013814616755793232,1.6756786784343283,0.20007957604068946,0.6987972415263753,67
noOrient_tig00000489_pilon_156511,15609,-0.0013814616755793232,1.6756786784343283,0.20007957604068946,0.6987972415263753,67
noOrient_tig00000489_pilon_156511,23604,-0.0014857142857142855,1.9837601032376393,0.16361855994830146,0.786167434002428,69
noOrient_tig00000489_pilon_156511,32156,-0.0014852678571428573,1.884884522368413,0.17449814818278855,0.7582091775200664,67
noOrient_tig00000489_pilon_156511,32488,-0.0014852678571428573,1.884884522368413,0.17449814818278855,0.7582091775200664,67
noOrient_tig00000788_pilon_175246,72917,-0.0017196969696969694,2.588945849831909,0.1123141783787532,0.9495654155731301,69
noOrient_tig00000788_pilon_175246,72997,-0.001612554112554113,2.2367428853408935,0.1395311647150753,0.8553287805468687,68
noOrient_tig00000788_pilon_175246,75553,-0.0015857142857142858,2.2788119458195117,0.13578514841758174,0.8671477286785884,70
noOrient_tig00000928_pilon_68749,9956,0.0011314338235294122,1.0718902679446498,0.3044150808384032,0.5165338362553895,66
noOrient_tig00000928_pilon_68749,9957,-0.0011314338235294122,1.0718902679446498,0.3044150808384032,0.5165338362553895,66
noOrient_tig00000928_pilon_68749,50537,-0.0014199346405228755,1.7976928517297437,0.18445359141010437,0.7341128844089528,70
noOrient_tig00000928_pilon_68749,50546,-0.0014199346405228755,1.7976928517297437,0.18445359141010437,0.7341128844089528,70
noOrient_tig00000928_pilon_68749,50726,-0.0016411255411255415,2.322613428380371,0.13228327925621203,0.878495047616626,68
noOrient_tig00000928_pilon_68749,54146,-0.0014199346405228755,1.7976928517297437,0.18445359141010437,0.7341128844089528,70
noOrient_tig00000928_pilon_68749,59338,-0.0014907563025210087,1.9300844614565655,0.16934931967691733,0.7712165436969665,69
noOrient_tig00001052_pilon_38617,6291,-0.0016836007130124776,2.3455116379223897,0.1304971227693449,0.8843990636450254,67
noOrient_tig00001052_pilon_38617,15406,-0.0014310924369747894,1.783861678665829,0.18619543793547186,0.7300309640835838,69
noOrient_tig00001052_pilon_38617,23348,-0.0015428571428571427,2.1163415522338407,0.1504034779531398,0.8227421209359138,69
noOrient_tig00001052_pilon_38617,23396,-0.0015428571428571427,2.1163415522338407,0.1504034779531398,0.8227421209359138,69
noOrient_tig00001515_pilon_160006,136056,-0.0015173160173160174,1.9617383529628518,0.16601158791131065,0.7798615963557655,68
noOrient_tig00001516_pilon_320660,96358,-0.0012,1.0801639717604183,0.30269709214425067,0.518991751067781,64
noOrient_tig00001516_pilon_320660,124161,0.0014109477124183,1.7985165154238731,0.18435436936868668,0.7343465647558712,70
noOrient_tig00000479_pilon_274116,99615,0.001146306818181818,1.02962386826315,0.31412823269644763,0.5028930290479793,65
noOrient_tig00000479_pilon_274116,207386,0.001257142857142857,1.3988736584847499,0.24103116619159434,0.6179267979649159,70
noOrient_tig00000479_pilon_274116,210735,0.001257142857142857,1.3988736584847499,0.24103116619159434,0.6179267979649159,70
noOrient_tig00000479_pilon_274116,230416,0.0012567460317460311,1.4385287129960596,0.23448005310475226,0.6298940962111329,71
noOrient_tig00000647_pilon_179951,37224,0.0012491830065359472,1.380157394865163,0.24417186817008654,0.6123043739795023,70
noOrient_tig00000647_pilon_179951,142656,-0.0012567460317460311,1.4385287129960596,0.23448005310475226,0.6298940962111329,71
noOrient_tig00001128_pilon_11455,5958,-0.0018484848484848486,2.805555882803391,0.09881831171479447,1.0051625701917142,66
noOrient_tig00001128_pilon_11455,5962,-0.0018484848484848486,2.805555882803391,0.09881831171479447,1.0051625701917142,66
noOrient_tig00001086_pilon_35940,17855,-0.001375,1.6134646197361724,0.2084652638061427,0.680966300374154,68
noOrient_tig00001086_pilon_35940,23191,0.0012529711375212228,1.356216282300713,0.24832422596103973,0.6049809095716172,69
noOrient_tig00000541_pilon_277767,8234,-0.0002942754919499106,0.06906698330169964,0.793506579285359,0.10044946798225145,69
noOrient_tig00000541_pilon_277767,8237,-0.0002942754919499106,0.06906698330169964,0.793506579285359,0.10044946798225145,69
noOrient_tig00000541_pilon_277767,10229,-0.0002202797202797202,0.03931768179048606,0.843412241475145,0.07396009982752964,70
noOrient_tig00000541_pilon_277767,221206,0.00037333333333333354,0.10600971864719917,0.7457793844517284,0.12738962599294887,67
noOrient_tig00000541_pilon_277767,224911,-0.0005023255813953487,0.19764557999390076,0.658082486937675,0.18171966660394298,68
noOrient_tig00000541_pilon_277767,229864,0.0003215563506261179,0.08322060558383362,0.7738700879505839,0.11133193960346327,69
noOrient_tig00000637_pilon_198092,80458,0.0005544090056285176,0.23779661109795924,0.6274428289266489,0.20242583990721022,67
noOrient_tig00000637_pilon_198092,140356,0.00011855036855036847,0.008737816622559787,0.925852984885051,0.03345796895745389,59
noOrient_tig00001443_pilon_190853,65081,0.00046590909090909067,0.16392976746350768,0.6868732478080015,0.16312339810255144,68
noOrient_tig00001443_pilon_190853,155148,-0.00010694444444444431,0.00887965482893747,0.9252061729497985,0.03376147829107325,69
noOrient_tig00001443_pilon_190853,155157,-0.00010694444444444431,0.00887965482893747,0.9252061729497985,0.03376147829107325,69
noOrient_tig00001443_pilon_190853,155744,-0.00028803418803418783,0.06880159860229529,0.7938712366212328,0.10024993303857963,71
noOrient_tig00001443_pilon_190853,156564,0.00031111111111111123,0.07716812437685924,0.7820152675863101,0.10678476795836186,70
noOrient_tig00001443_pilon_190853,159794,0.0001971343873517787,0.02847285108277622,0.8665259295410329,0.06221843711844072,67
noOrient_tig00001443_pilon_190853,165976,0.0003511111111111109,0.09844787114377436,0.754660765688233,0.1222482281032402,70
noOrient_tig00001443_pilon_190853,166092,0.00014510489510489514,0.017584900886636674,0.8948949725053911,0.04822793176551994,70
noOrient_tig00001699_pilon_378412,148958,0.0003487179487179485,0.10089294346899619,0.7517199393011169,0.12394392998059044,71
noOrient_tig00001699_pilon_378412,148997,0.0003487179487179485,0.10089294346899619,0.7517199393011169,0.12394392998059044,71
noOrient_tig00001699_pilon_378412,242023,-0.0005384210526315788,0.20519254983891394,0.6521689673105167,0.1856398704280187,63
noOrient_tig00001699_pilon_378412,257919,-0.0008710526315789473,0.6321946526543956,0.42940158343631063,0.36713635841773884,68
noOrient_tig00001699_pilon_378412,257964,-0.0009820512820512821,0.8139001875798488,0.37020156222381173,0.43156175288795157,69
noOrient_tig00001699_pilon_378412,257972,-0.0009820512820512821,0.8139001875798488,0.37020156222381173,0.43156175288795157,69
noOrient_tig00001699_pilon_378412,258905,-0.001315018315018315,1.449028902861918,0.23304942002622026,0.6325519735283301,67
noOrient_tig00001699_pilon_378412,258912,-0.0012806267806267807,1.3254675139294243,0.25389617782478713,0.595343836984089,66
noOrient_tig00001699_pilon_378412,258928,-0.0012806267806267807,1.3254675139294243,0.25389617782478713,0.595343836984089,66
noOrient_tig00001699_pilon_378412,258935,-0.0012806267806267807,1.3254675139294243,0.25389617782478713,0.595343836984089,66
noOrient_tig00001699_pilon_378412,259117,-0.0007680921052631585,0.5117358775799581,0.47683747416864064,0.3216296211681411,70
noOrient_tig00001699_pilon_378412,259170,-0.0007680921052631585,0.5117358775799581,0.47683747416864064,0.3216296211681411,70
noOrient_tig00001699_pilon_378412,259192,-0.0007680921052631585,0.5117358775799581,0.47683747416864064,0.3216296211681411,70
noOrient_tig00001856_pilon_46646,20131,0.0003762993762993761,0.10056962856308428,0.7522300108319678,0.12364934403416522,63
noOrient_tig00001855_pilon_186703,20450,-0.0002385620915032673,0.04947266970746631,0.8246501350733002,0.08373026555235617,70
noOrient_tig00001855_pilon_186703,46430,7.085561497326168e-05,0.004058311269670011,0.9494007291115286,0.022550439092282756,67
noOrient_tig00000979_pilon_67283,20253,0.0001857142857142856,0.027028891997288824,0.8699307346670839,0.06051532525426937,66
noOrient_tig00000979_pilon_67283,21235,0.0005743697478991596,0.2836621526942345,0.5960729275445772,0.22470060252045868,69
noOrient_tig00000979_pilon_67283,38939,0.0006142857142857142,0.3296418646111884,0.5677644526355973,0.24583180185503403,70
noOrient_tig00000979_pilon_67283,39143,0.0005334967320261436,0.25143266430300154,0.6176876276747008,0.2092310975232719,70
noOrient_tig00000538_pilon_243350,36579,0.00045450785773366436,0.17851153310951745,0.6739885553385705,0.17134747793872376,70
noOrient_tig00000538_pilon_243350,48466,-0.0006488095238095237,0.32614443791132103,0.5700026229753649,0.24412314583433994,64
noOrient_tig00000538_pilon_243350,69436,-0.000620247568523431,0.31651002000385325,0.5756186181073306,0.23986516746213316,68
noOrient_tig00000538_pilon_243350,98674,-0.00045450785773366436,0.17851153310951745,0.6739885553385705,0.17134747793872376,70
noOrient_tig00000538_pilon_243350,99443,0.0005549549549549551,0.2441154017500399,0.6229150394264871,0.20557118355660847,67
noOrient_tig00000538_pilon_243350,119760,-0.0005732758620689658,0.2708858431031969,0.6044538848625115,0.21863682683579375,69
noOrient_tig00000538_pilon_243350,126457,-0.000528225806451613,0.2458654083060219,0.6215772564719027,0.20650488476289575,71
noOrient_tig00000538_pilon_243350,137808,-0.000528225806451613,0.2458654083060219,0.6215772564719027,0.20650488476289575,71
noOrient_tig00000538_pilon_243350,151221,-0.0005526061776061777,0.24000784406450842,0.6259021679077588,0.20349354419882654,65
noOrient_tig00000538_pilon_243350,157637,-0.0007838196286472153,0.5101399005402724,0.47759681794812625,0.32093857541338916,68
noOrient_tig00001595_pilon_392707,31957,0.0024614718614718624,5.822151425948694,0.018610907508638596,1.7302324492021377,68
noOrient_tig00001595_pilon_392707,32156,0.002165126050420168,4.2815497109899585,0.04238878808703709,1.3727489999129354,69
noOrient_tig00001595_pilon_392707,42939,0.0022595307917888563,4.001294446560635,0.04984996790970218,1.3023351169239152,64
noOrient_tig00001595_pilon_392707,47683,0.0021142857142857144,4.179683466157816,0.04478559473964656,1.3488616541070682,70
noOrient_tig00001595_pilon_392707,151063,0.0023583333333333347,4.550981114527929,0.03699881871138218,1.4318121417524121,62
noOrient_tig00001595_pilon_392707,167406,0.0019551587301587297,3.587910070382233,0.062393432458883104,1.2048611218075667,71
noOrient_tig00001595_pilon_392707,184971,0.0020619047619047626,3.779527274391263,0.05614793977617547,1.2506661745806817,68
noOrient_tig00001595_pilon_392707,212370,0.002220959595959596,4.567395119260476,0.036239928275386225,1.4408126705326088,69
noOrient_tig00001595_pilon_392707,293237,0.0019551587301587297,3.587910070382233,0.062393432458883104,1.2048611218075667,71
noOrient_tig00001595_pilon_392707,293428,-0.002131907308377897,3.9295232072506368,0.05167580066289023,1.2867127857063583,67
noOrient_tig00001634_pilon_172913,21166,0.002090909090909091,3.635131588365825,0.06106358343377604,1.2142177133054435,66
noOrient_tig00001634_pilon_172913,24596,0.002363636363636364,5.055649328728347,0.027996700893316774,1.552893142523617,66
noOrient_tig00001634_pilon_172913,27444,0.0021142857142857144,4.179683466157816,0.04478559473964656,1.3488616541070682,70
noOrient_tig00001634_pilon_172913,69963,0.0021063025210084027,4.02818241933161,0.048783271319927456,1.3117290800256376,69
noOrient_tig00001634_pilon_172913,93042,0.0019551587301587297,3.587910070382233,0.062393432458883104,1.2048611218075667,71
noOrient_tig00001634_pilon_172913,95749,-0.0021142857142857144,4.179683466157816,0.04478559473964656,1.3488616541070682,70
noOrient_tig00001634_pilon_172913,107203,0.002002757352941177,3.3505970641797918,0.07183737902709664,1.1436495212020237,66
noOrient_tig00001634_pilon_172913,134441,0.002010620915032679,3.694784887375443,0.05877352458476269,1.2308182643338388,70
noOrient_tig00001634_pilon_172913,160467,0.0021142857142857144,4.179683466157816,0.04478559473964656,1.3488616541070682,70
noOrient_tig00001800_pilon_122100,53937,-0.0002622779519331247,0.05977626289701894,0.8076841012606999,0.09275846584060352,62
noOrient_tig00001800_pilon_122100,78831,0.0002685810810810813,0.06117676607172885,0.8054019668035465,0.0939873141737272,69
noOrient_tig00001800_pilon_122100,87150,4.901960784313452e-06,2.108031989384887e-05,0.9963501039287015,0.001588029560880972,70
noOrient_tig00001800_pilon_122100,106341,0.0001069264069264074,0.009360556393082314,0.9232181519350019,0.03469566518519417,68
noOrient_tig00001850_pilon_142024,8443,0.00037891737891737896,0.11032752509470291,0.740856972876217,0.13026562722467777,66
noOrient_tig00001850_pilon_142024,8554,-0.0005402930402930402,0.22933117152313476,0.633627287547603,0.19816612785769908,67
noOrient_tig00002013_pilon_17517,12849,0.0017993421052631584,2.943900939185193,0.09075556603906416,1.0421267301935182,70
noOrient_tig00002013_pilon_17517,14107,0.0020368421052631576,3.617602958468935,0.06153664405239042,1.210866192022096,68
noOrient_tig00002013_pilon_17517,14162,0.0020368421052631576,3.617602958468935,0.06153664405239042,1.210866192022096,68
noOrient_tig00001062_pilon_64369,13892,0.0015273684210526316,1.693337148533003,0.19805526849142474,0.7032136003875815,63
noOrient_tig00001062_pilon_64369,21130,0.0017988115449915113,3.0352177664177007,0.08606440661976424,1.065176421190336,69
noOrient_tig00001062_pilon_64369,29858,0.001552522746071133,2.162069321058794,0.1460662980982131,0.8354499773469674,70
noOrient_tig00001062_pilon_64369,30050,0.0016714743589743598,2.560532269753526,0.11413082433501902,0.9425970459350494,71
noOrient_tig00001666_pilon_166600,116881,0.0015448997384481255,2.032513157853443,0.15867842475326047,0.7994821195437551,68
noOrient_tig00001666_pilon_166600,133212,0.001558974358974359,2.1089139302996673,0.15111031625287275,0.8207058855037341,69
noOrient_tig00001666_pilon_166600,143508,0.0016505555555555555,1.913099992862753,0.1718313259820885,0.7648976585433529,61
noOrient_tig00001666_pilon_166600,158816,0.0016773648648648642,2.4464456220956974,0.12250266519821724,0.9118544625787335,69
noOrient_tig00000855_pilon_96617,15316,-0.001799342105263158,2.943900939185193,0.09075556603906416,1.0421267301935182,70
noOrient_tig00000855_pilon_96617,48525,0.0016714743589743598,2.560532269753526,0.11413082433501902,0.9425970459350494,71
noOrient_tig00000855_pilon_96617,52210,0.0017460711331679065,2.7170767920507046,0.10389286138970896,0.9834142923424066,70
noOrient_tig00000498_pilon_300192,3663,0.001315972222222222,1.482714036078522,0.2276859598332343,0.6426637491606566,68
noOrient_tig00000498_pilon_300192,3783,0.0012676767676767678,1.4168286768822622,0.23812658028766406,0.623192124847245,69
noOrient_tig00000498_pilon_300192,13505,0.0011428571428571434,1.1703203321644482,0.283156968834372,0.547972745395144,70
noOrient_tig00000498_pilon_300192,187010,-0.0017450738916256158,2.73036455136918,0.10300058133491774,0.9871603241313867,71
noOrient_tig00000498_pilon_300192,187097,-0.0017450738916256158,2.73036455136918,0.10300058133491774,0.9871603241313867,71
noOrient_tig00000498_pilon_300192,187138,-0.0017450738916256158,2.73036455136918,0.10300058133491774,0.9871603241313867,71
noOrient_tig00000498_pilon_300192,187155,-0.0017450738916256158,2.73036455136918,0.10300058133491774,0.9871603241313867,71
noOrient_tig00000498_pilon_300192,238066,0.0010560072267389344,1.0416885982940725,0.3111557424697039,0.5070221795746039,68
noOrient_tig00000498_pilon_300192,238107,0.0010560072267389344,1.0416885982940725,0.3111557424697039,0.5070221795746039,68
noOrient_tig00000498_pilon_300192,238118,0.0010560072267389344,1.0416885982940725,0.3111557424697039,0.5070221795746039,68
noOrient_tig00000498_pilon_300192,280105,-0.0022459677419354837,4.732962529147145,0.03301828996511253,1.4812454228341732,71
noOrient_tig00000498_pilon_300192,280271,0.0021530190239867656,4.283787470531844,0.04227926737228232,1.3738725468833386,70
noOrient_tig00000498_pilon_300192,285949,-0.00257735321528425,5.548607687899851,0.021571494990399696,1.666119755519513,66
noOrient_tig00000951_pilon_69009,58739,0.0017428571428571434,2.9930797151226964,0.08829498853051079,1.0540639455199408,68
noOrient_tig00000951_pilon_69009,58791,0.0013163865546218492,1.492338464960339,0.226134936194703,0.6456323371482704,69
noOrient_tig00000951_pilon_69009,58814,0.0017428571428571434,2.9930797151226964,0.08829498853051079,1.0540639455199408,68
noOrient_tig00000951_pilon_69009,58888,0.0016334821428571425,2.5769881100621914,0.1132757869426211,0.9458629120342256,67
noOrient_tig00000727_pilon_165674,9102,0.0011521381578947368,1.18084678016009,0.2810207004918052,0.5512616880015332,70
noOrient_tig00002000_pilon_27976,25080,-0.0005141025641025644,0.22674425738318527,0.6354976483883529,0.19688605218133656,69
noOrient_tig00001998_pilon_70501,44690,-0.0005037375415282391,0.21701545369639136,0.642790667259368,0.19193043742702146,71
noOrient_tig00001998_pilon_70501,45735,-0.0004043513957307062,0.1413010526994674,0.7081442554128412,0.14987826356979356,71
noOrient_tig00001998_pilon_70501,45745,-0.0004043513957307062,0.1413010526994674,0.7081442554128412,0.14987826356979356,71
noOrient_tig00001063_pilon_34828,21024,0.0005934684684684682,0.24548225537966617,0.622114706982526,0.2061295316811872,61
noOrient_tig00001150_pilon_31802,24110,-0.0008645833333333335,0.6254947358863564,0.43184557974369553,0.36467152136610087,68
noOrient_tig00001064_pilon_35205,13186,0.0005595439189189192,0.2676481187781781,0.6066176791099931,0.21708493687396738,69
noOrient_tig00001955_pilon_69177,10273,0.00041174055829228264,0.14652360840889078,0.7030565687194642,0.15300972975354513,71
noOrient_tig00001955_pilon_69177,10292,0.00041174055829228264,0.14652360840889078,0.7030565687194642,0.15300972975354513,71
noOrient_tig00001956_pilon_117609,38091,0.0006678571428571428,0.35827205421503044,0.5515162551403352,0.25844168283627544,68
noOrient_tig00001956_pilon_117609,38095,0.0006946864111498261,0.39715431505421117,0.5307061172106584,0.27514590642465175,69
noOrient_tig00001956_pilon_117609,80437,-0.00032905982905982896,0.08873066990421122,0.7667619529680708,0.11533944512361384,66
noOrient_tig00000774_pilon_116304,59647,-0.0011036290322580643,1.0862846050130668,0.3009339636200874,0.5215287947112376,71
noOrient_tig00000774_pilon_116304,61763,0.0011036290322580643,1.0862846050130668,0.3009339636200874,0.5215287947112376,71
noOrient_tig00000935_pilon_96169,29991,0.0011909482758620687,1.185489559384103,0.2801421998786887,0.5526214652785251,69
noOrient_tig00001110_pilon_5950,3392,-0.0008692307692307693,0.6322699543984636,0.42933182789214697,0.3672069145358063,69
noOrient_tig00001110_pilon_5950,3443,-0.0008692307692307693,0.6322699543984636,0.42933182789214697,0.3672069145358063,69
unMap_tig00000004_pilon_26047,24774,0.00041911764705882345,0.1549586240675947,0.6950726742621035,0.1579697847898213,70
unMap_tig00000094_pilon_26754,24842,0.00042900696864111513,0.14990893247526674,0.6998495591985628,0.15499530660251276,69
unMap_tig00000098_pilon_31263,29819,-0.0008105263157894739,0.548907233718035,0.4613924126183019,0.3359295515251488,68
unMap_tig00000331_pilon_35134,24542,0.0011668081494057728,1.1549227320665454,0.28637604833258296,0.5430633079842216,69
unMap_tig00000384_pilon_192157,17775,0.00010457516339869268,0.009626621412845532,0.9221293428760988,0.03520815816803988,70
unMap_tig00000384_pilon_192157,21154,-0.00020723362658846544,0.03328783026834351,0.8558252240526506,0.0676149175419197,64
unMap_tig00000384_pilon_192157,22844,-6.806722689075617e-05,0.003968382932906559,0.9499579650889098,0.02229561148359896,69
unMap_tig00000384_pilon_192157,30172,-0.0001599821746880568,0.020791130735058592,0.8857955440976952,0.05266650871896181,67
unMap_tig00000384_pilon_192157,42516,-0.0002691622103386811,0.060003195779036976,0.8072625784187013,0.09298517926803357,67
unMap_tig00000384_pilon_192157,55066,-0.00010457516339869271,0.009626621412845532,0.9221293428760988,0.03520815816803988,70
unMap_tig00000384_pilon_192157,57957,2.3052464228934864e-05,0.0004733802050082043,0.9827043506157618,0.007577121240907804,71
unMap_tig00000384_pilon_192157,57982,2.3052464228934864e-05,0.0004733802050082043,0.9827043506157618,0.007577121240907804,71
unMap_tig00000384_pilon_192157,103165,-0.0006060606060606061,0.3094216474285374,0.5799750422937813,0.23659069475999767,66
unMap_tig00000384_pilon_192157,103221,-0.0003844155844155843,0.12743790453969506,0.7222423240214281,0.14131706513326608,68
unMap_tig00000384_pilon_192157,104160,-0.00010110294117647043,0.008000243643783695,0.9290083140956038,0.03198039930056109,66
unMap_tig00000384_pilon_192157,104744,0.00012510822510822502,0.013041583384921713,0.9094261457689362,0.04123256409622135,68
unMap_tig00000384_pilon_192157,110493,-0.0004393939393939396,0.16137388467811675,0.6892330818596517,0.16163388542555918,66
unMap_tig00000384_pilon_192157,114740,-2.305246422893499e-05,0.0004733802050082043,0.9827043506157618,0.007577121240907804,71
unMap_tig00000384_pilon_192157,130140,0.00010457516339869268,0.009626621412845532,0.9221293428760988,0.03520815816803988,70
unMap_tig00000384_pilon_192157,130182,-9.663865546218441e-05,0.007989589166096512,0.9290430001315125,0.031964184512647896,69
unMap_tig00000427_pilon_343620,237172,-0.002937068965517241,8.102367556728234,0.005861610871868593,2.2319830159572183,69
unMap_tig00000427_pilon_343620,237306,-0.0026708333333333337,6.6515054377545395,0.01207490685521923,1.9181162106733718,70
unMap_tig00000427_pilon_343620,237328,-0.0026455284552845525,6.6863687418571365,0.011829820707883194,1.9270218374656485,71
unMap_tig00000427_pilon_343620,237333,-0.0026455284552845525,6.6863687418571365,0.011829820707883194,1.9270218374656485,71
unMap_tig00000427_pilon_343620,260066,-0.002692672413793104,6.534752907245527,0.01285183554210438,1.8910348405134196,69
unMap_tig00000427_pilon_343620,260245,-0.002763532763532764,6.56981817396289,0.012733410446517726,1.89505526172452,66
unMap_tig00000427_pilon_343620,262180,-0.0029137931034482764,8.07250162732536,0.005971790470725968,2.2238954385565033,68
unMap_tig00000427_pilon_343620,306711,0.0027113174182139704,6.584640019387699,0.012563809596367713,1.9008786539253495,68
unMap_tig00000427_pilon_343620,324705,-0.002989661654135338,7.819899175333595,0.006815479627203666,2.1665035760555145,66
unMap_tig00000427_pilon_343620,324706,-0.002989661654135338,7.819899175333595,0.006815479627203666,2.1665035760555145,66
unMap_tig00000464_pilon_105346,101472,0.0005523809523809523,0.27331064438315944,0.6027942646926658,0.2198308884479444,71
unMap_tig00000484_pilon_401613,31493,-0.0029107142857142843,7.551815538242372,0.007750867166062085,2.110649705962388,67
unMap_tig00000484_pilon_401613,31685,0.0029107142857142843,7.551815538242372,0.007750867166062085,2.110649705962388,67
unMap_tig00000484_pilon_401613,216140,0.0028380217785843927,7.697324085426143,0.007211961511549175,2.1419465996654443,67
unMap_tig00000484_pilon_401613,240620,-0.0026455284552845525,6.6863687418571365,0.011829820707883194,1.9270218374656485,71
unMap_tig00000484_pilon_401613,240683,-0.0026455284552845525,6.6863687418571365,0.011829820707883194,1.9270218374656485,71
unMap_tig00000484_pilon_401613,361359,0.0024754385964912283,5.498880938389718,0.0220454840865947,1.6566803602611748,68
unMap_tig00000484_pilon_401613,378698,-0.0026846153846153856,6.745368104529239,0.011543854179744526,1.937649167823457,69
unMap_tig00000639_pilon_219053,29715,-0.00044453781512605005,0.16946711104569578,0.6818998244480523,0.1662794213624528,69
unMap_tig00000639_pilon_219053,32700,0.000563725490196078,0.27643572208573164,0.6007574136032674,0.22130086111145503,70
unMap_tig00000639_pilon_219053,48297,0.0005523809523809523,0.27331064438315944,0.6027942646926658,0.2198308884479444,71
unMap_tig00000639_pilon_219053,110597,0.00042857142857142844,0.1621776322065689,0.68842275904896,0.16214478046244404,70
unMap_tig00000639_pilon_219053,122893,0.0003382352941176468,0.09571090995816674,0.7580133244827059,0.12032316020112212,68
unMap_tig00000639_pilon_219053,156505,-0.0004632352941176469,0.16748524870981782,0.6837228983700194,0.1651198750228585,66
unMap_tig00000639_pilon_219053,213910,-0.000563725490196078,0.27643572208573164,0.6007574136032674,0.22130086111145503,70
unMap_tig00000641_pilon_42203,32440,0.0013075657894736845,1.534302218377734,0.21972679312093713,0.6581169827012309,70
unMap_tig00000683_pilon_9901,873,0.0016114864864864862,1.86122203999429,0.17766540185897156,0.7503971374433221,61
unMap_tig00000686_pilon_217140,23632,0.0013660130718954242,1.6564298854212334,0.2024499104454428,0.6936824110074898,70
unMap_tig00000686_pilon_217140,44973,-0.0012954545454545454,1.4696479335829955,0.22965887217367925,0.6389167722724313,69
unMap_tig00000686_pilon_217140,45023,0.0012954545454545454,1.4696479335829955,0.22965887217367925,0.6389167722724313,69
unMap_tig00000686_pilon_217140,45024,0.0012954545454545454,1.4696479335829955,0.22965887217367925,0.6389167722724313,69
unMap_tig00000686_pilon_217140,45027,-0.0012954545454545454,1.4696479335829955,0.22965887217367925,0.6389167722724313,69
unMap_tig00000686_pilon_217140,45120,0.0012954545454545454,1.4696479335829955,0.22965887217367925,0.6389167722724313,69
unMap_tig00000686_pilon_217140,57190,-0.0013047619047619045,1.3113868135116036,0.25647547460719056,0.5909541578504434,65
unMap_tig00000686_pilon_217140,187183,-0.0012119932432432432,1.2903612355748304,0.2600283756032441,0.5849792570465235,69
unMap_tig00000744_pilon_72326,47877,-0.000606060606060606,0.24885606486312814,0.6196470924196069,0.20785558381019695,64
unMap_tig00000747_pilon_29940,1880,0.002282773109243697,4.862121492469329,0.030889277232195006,1.5101922534901235,69
unMap_tig00000781_pilon_32728,8556,-0.0010976190476190474,0.9331028410844696,0.3377515305755471,0.4714026742259671,65
unMap_tig00000781_pilon_32728,8821,0.0011175115207373272,0.9996729202800441,0.32115503567871273,0.49328526390262284,66
unMap_tig00000781_pilon_32728,8876,-0.0011175115207373272,0.9996729202800441,0.32115503567871273,0.49328526390262284,66
unMap_tig00000782_pilon_26727,23848,0.00021925133689839544,0.0392895518432672,0.8434947658245739,0.07391760801327654,67
unMap_tig00000791_pilon_40371,30459,-0.0021578947368421056,4.330950703599991,0.04119387775706381,1.3851673241099278,70
unMap_tig00000801_pilon_121330,58417,0.0005773026315789475,0.2882347365521966,0.5931063042505642,0.22686745973553787,70
unMap_tig00000801_pilon_121330,58590,0.0007355687606112053,0.46151500156714503,0.49925708469568664,0.30167576356810283,69
unMap_tig00000801_pilon_121330,63958,0.0007043610547667346,0.3726735421631817,0.5438184034997813,0.2645460994275139,63
unMap_tig00000811_pilon_73098,45464,-0.00010101010101010083,0.008713664749551854,0.925906464953088,0.03343288351944109,69
unMap_tig00000811_pilon_73098,52391,0.00011846405228758113,0.012399204428468022,0.9116654727915577,0.040164492781888966,70
unMap_tig00000811_pilon_73098,52395,0.00011846405228758113,0.012399204428468022,0.9116654727915577,0.040164492781888966,70
unMap_tig00000816_pilon_26157,14966,-0.002010620915032678,3.6947848873754348,0.05877352458476321,1.230818264333835,70
unMap_tig00000819_pilon_137906,46211,0.00131900081900082,1.538967802947674,0.21903477039072258,0.6594869381726702,70
unMap_tig00000819_pilon_137906,63714,0.0012739898989898987,1.40887898643636,0.2394341160936158,0.6208139684844047,69
unMap_tig00000819_pilon_137906,81857,0.0013660130718954242,1.6564298854212327,0.2024499104454428,0.6936824110074898,70
unMap_tig00000819_pilon_137906,98079,0.0014099099099099104,1.7672846628015786,0.1881613224471829,0.7254696432575702,70
unMap_tig00000831_pilon_40212,15914,-0.0005833333333333337,0.28327308882425634,0.596324531626492,0.22451732426004103,69
unMap_tig00000865_pilon_95668,38310,0.001910714285714285,2.7189671188227567,0.10430341300780989,0.9817014803921918,63
unMap_tig00000865_pilon_95668,47571,0.0016714743589743598,2.560532269753526,0.11413082433501902,0.9425970459350494,71
unMap_tig00000865_pilon_95668,49290,0.001595614035087719,2.161969415497446,0.1462147715442492,0.8350087499766975,68
unMap_tig00000865_pilon_95668,49598,0.0017160441426146012,2.558641029088857,0.11439825496972963,0.9415806002177963,69
unMap_tig00000884_pilon_75284,14649,-0.0006192810457516338,0.33922827521644894,0.5622013295315602,0.2501081316785294,70
unMap_tig00000884_pilon_75284,14680,-0.0006192810457516338,0.33922827521644894,0.5622013295315602,0.2501081316785294,70
unMap_tig00000884_pilon_75284,14732,-0.000751633986928104,0.49300007426454395,0.48498857999776124,0.31426848758814335,70
unMap_tig00000930_pilon_22969,7784,-0.0005343137254901959,0.24838550253448283,0.6198224226391249,0.20773271681519576,70
unMap_tig00000939_pilon_84056,397,0.001409539473684211,1.7589117699006442,0.18919770596795885,0.7230841337455197,70
unMap_tig00000939_pilon_84056,3098,0.0014445773524720885,1.9041153384539014,0.17207348900005526,0.7642860353544664,71
unMap_tig00000939_pilon_84056,3308,0.0013382473382473389,1.6096174364974816,0.20887150684361916,0.6801208001564871,70
unMap_tig00000963_pilon_27923,14738,-0.0005523809523809523,0.27331064438315944,0.6027942646926658,0.2198308884479444,71
unMap_tig00000999_pilon_67664,46927,0.0005784313725490191,0.291185986148527,0.5912242170044912,0.22824778520860078,70
unMap_tig00000999_pilon_67664,49229,0.0005624999999999998,0.24517892886784204,0.6222407481838411,0.20604155199952384,64
unMap_tig00001041_pilon_48055,30716,-0.0007272727272727273,0.4195765991349857,0.5194653832949543,0.2844433881354714,66
unMap_tig00001057_pilon_43327,13812,0.00033936261843238593,0.09628277747369063,0.7572859329071372,0.12074011041102457,70
unMap_tig00001072_pilon_70125,4395,0.00027083333333333343,0.056544798368115365,0.8128144766010453,0.09000857000606859,65
unMap_tig00001072_pilon_70125,14294,0.0001617647058823528,0.021770539710925976,0.8831489820151225,0.05396602732918633,68
unMap_tig00001081_pilon_26363,5208,0.0010217864923747276,0.8521538807077064,0.35970361052567046,0.44405520292792794,61
unMap_tig00001081_pilon_26363,5209,0.0010217864923747276,0.8521538807077064,0.35970361052567046,0.44405520292792794,61
unMap_tig00001081_pilon_26363,5215,0.0010217864923747276,0.8521538807077064,0.35970361052567046,0.44405520292792794,61
unMap_tig00001081_pilon_26363,5223,0.0010217864923747276,0.8521538807077064,0.35970361052567046,0.44405520292792794,61
unMap_tig00001081_pilon_26363,5234,0.0010217864923747276,0.8521538807077064,0.35970361052567046,0.44405520292792794,61
unMap_tig00001081_pilon_26363,5247,0.0010217864923747276,0.8521538807077064,0.35970361052567046,0.44405520292792794,61
unMap_tig00001081_pilon_26363,5328,0.0014445773524720885,1.9041153384539014,0.17207348900005526,0.7642860353544664,71
unMap_tig00001081_pilon_26363,5340,0.0014445773524720885,1.9041153384539014,0.17207348900005526,0.7642860353544664,71
unMap_tig00001081_pilon_26363,5372,0.0014445773524720885,1.9041153384539014,0.17207348900005526,0.7642860353544664,71
unMap_tig00001081_pilon_26363,5395,0.0014328419328419335,1.8235154188063425,0.18137267785770503,0.7414281348576719,70
unMap_tig00001081_pilon_26363,5405,0.0014328419328419335,1.8235154188063425,0.18137267785770503,0.7414281348576719,70
unMap_tig00001081_pilon_26363,5517,0.0014328419328419335,1.8235154188063425,0.18137267785770503,0.7414281348576719,70
unMap_tig00001081_pilon_26363,5838,0.0010972222222222225,1.1918597943066287,0.278924061394181,0.5545140196888316,68
unMap_tig00001081_pilon_26363,5867,0.0010972222222222225,1.1918597943066287,0.278924061394181,0.5545140196888316,68
unMap_tig00001081_pilon_26363,5876,0.0010972222222222225,1.1918597943066287,0.278924061394181,0.5545140196888316,68
unMap_tig00001081_pilon_26363,5917,0.0010972222222222225,1.1918597943066287,0.278924061394181,0.5545140196888316,68
unMap_tig00001081_pilon_26363,5962,0.0014876644736842109,1.9602693476638002,0.1660306746125523,0.7798116674763927,70
unMap_tig00001081_pilon_26363,6010,0.0014876644736842109,1.9602693476638002,0.1660306746125523,0.7798116674763927,70
unMap_tig00001081_pilon_26363,6041,0.0014876644736842109,1.9602693476638002,0.1660306746125523,0.7798116674763927,70
unMap_tig00001081_pilon_26363,6046,0.0014876644736842109,1.9602693476638002,0.1660306746125523,0.7798116674763927,70
unMap_tig00001081_pilon_26363,6048,0.0014876644736842109,1.9602693476638002,0.1660306746125523,0.7798116674763927,70
unMap_tig00001081_pilon_26363,6072,0.0013802083333333333,1.6163906972396986,0.20805809954937174,0.6818153727759675,68
unMap_tig00001081_pilon_26363,6078,0.0013802083333333333,1.6163906972396986,0.20805809954937174,0.6818153727759675,68
unMap_tig00001081_pilon_26363,6096,0.0013802083333333333,1.6163906972396986,0.20805809954937174,0.6818153727759675,68
unMap_tig00001081_pilon_26363,6114,0.0013802083333333333,1.6163906972396986,0.20805809954937174,0.6818153727759675,68
unMap_tig00001081_pilon_26363,6160,0.0013802083333333333,1.6163906972396986,0.20805809954937174,0.6818153727759675,68
unMap_tig00001081_pilon_26363,6163,0.0013802083333333333,1.6163906972396986,0.20805809954937174,0.6818153727759675,68
unMap_tig00001081_pilon_26363,6209,0.0013802083333333333,1.6163906972396986,0.20805809954937174,0.6818153727759675,68
unMap_tig00001081_pilon_26363,9693,0.0013510101010101008,1.5957105119359125,0.21089038965218074,0.6759432107589707,69
unMap_tig00001081_pilon_26363,9721,0.0013510101010101008,1.5957105119359125,0.21089038965218074,0.6759432107589707,69
unMap_tig00001081_pilon_26363,9740,0.0013510101010101008,1.5957105119359125,0.21089038965218074,0.6759432107589707,69
unMap_tig00001081_pilon_26363,9780,0.0013382473382473389,1.6096174364974816,0.20887150684361916,0.6801208001564871,70
unMap_tig00001081_pilon_26363,9804,0.0013382473382473389,1.6096174364974816,0.20887150684361916,0.6801208001564871,70
unMap_tig00001081_pilon_26363,9805,0.0013382473382473389,1.6096174364974816,0.20887150684361916,0.6801208001564871,70
unMap_tig00001081_pilon_26363,9809,0.0013382473382473389,1.6096174364974816,0.20887150684361916,0.6801208001564871,70
unMap_tig00001081_pilon_26363,9835,0.0014445773524720885,1.9041153384539014,0.17207348900005526,0.7642860353544664,71
unMap_tig00001081_pilon_26363,9860,0.0014445773524720885,1.9041153384539014,0.17207348900005526,0.7642860353544664,71
unMap_tig00001081_pilon_26363,9864,0.0014445773524720885,1.9041153384539014,0.17207348900005526,0.7642860353544664,71
unMap_tig00001115_pilon_15777,13013,-0.0011283524904214556,0.9907743079382333,0.3233610424714447,0.49031230372094653,65
unMap_tig00001115_pilon_15777,13167,-0.0011172413793103444,0.9440200137385591,0.3350215371609051,0.47492727305425214,64
unMap_tig00001118_pilon_43555,24764,-0.0006212121212121209,0.2951956286361614,0.5888274850674471,0.23001192636326084,65
unMap_tig00001118_pilon_43555,25208,-0.0008419642857142858,0.601416884158171,0.440850356752692,0.3557088034241325,67
unMap_tig00001118_pilon_43555,27070,0.0005523809523809523,0.27331064438315944,0.6027942646926658,0.2198308884479444,71
unMap_tig00001118_pilon_43555,38004,-0.0005523809523809523,0.27331064438315944,0.6027942646926658,0.2198308884479444,71
unMap_tig00001124_pilon_21235,925,-0.0014340277777777776,1.7784633739409237,0.18692242814167626,0.7283385860808399,68
unMap_tig00001167_pilon_32072,6251,0.0007516339869281044,0.49300007426454395,0.48498857999776124,0.31426848758814335,70
unMap_tig00001167_pilon_32072,7841,-0.0007957516339869275,0.5538546707288992,0.4593110277171699,0.33789312736844507,70
unMap_tig00001167_pilon_32072,28286,-0.0007810457516339862,0.5329587930509123,0.4678731679933861,0.32987186039992816,70
unMap_tig00001167_pilon_32072,29079,-0.000751633986928104,0.49300007426454395,0.48498857999776124,0.31426848758814335,70
unMap_tig00001184_pilon_16527,4673,-0.0005874363327674028,0.28929735887739466,0.5924533598046515,0.22734583329549932,69
unMap_tig00001187_pilon_20704,8937,-0.00018513257575757564,0.026800389666386412,0.8704848858583741,0.06023876509264818,65
unMap_tig00001239_pilon_16084,15803,-0.002599239864864865,6.292795145928149,0.01454972189070315,1.8371453078799511,69
unMap_tig00001241_pilon_8079,5140,-0.000528225806451613,0.2458654083060219,0.6215772564719027,0.20650488476289575,71
unMap_tig00001264_pilon_10493,10069,0.0026673675357443234,6.57010175044658,0.01258749134566038,1.9000608150308367,70
unMap_tig00001278_pilon_30812,24512,-0.0009455128205128206,0.7991759260417637,0.37444750859562426,0.42660905466693627,71
unMap_tig00001278_pilon_30812,24619,-0.0009455128205128206,0.7991759260417637,0.37444750859562426,0.42660905466693627,71
unMap_tig00001454_pilon_103922,18712,0.002123440285204991,3.864519716949098,0.05359167628311808,1.270902658535364,67
unMap_tig00001454_pilon_103922,18861,0.002123440285204991,3.864519716949098,0.05359167628311808,1.270902658535364,67
unMap_tig00001454_pilon_103922,18880,0.002123440285204991,3.864519716949098,0.05359167628311808,1.270902658535364,67
unMap_tig00001491_pilon_83558,32181,0.0017372665534804762,2.6596290089883743,0.10761711872892579,0.9681186396532051,69
unMap_tig00001504_pilon_58132,1496,0.0020601325757575754,3.400850867369538,0.06986595240712105,1.1557344163015553,65
unMap_tig00001504_pilon_58132,4040,0.0022134199134199134,4.33508430675554,0.04121536892773907,1.3849408083384345,68
unMap_tig00001504_pilon_58132,5842,0.0017493506493506496,3.0859668760347896,0.08360858631749876,1.0777491197042166,68
unMap_tig00001504_pilon_58132,16164,-0.002006926406926408,3.555137026277881,0.06376391446975876,1.1954250294345257,68
unMap_tig00001528_pilon_192341,164305,0.0006503189792663481,0.3775828213760531,0.5409206988263968,0.2668663995634999,71
unMap_tig00001534_pilon_71199,50290,0.0025565878378378372,6.047890649047762,0.01651139338743762,1.782216275317409,69
unMap_tig00001534_pilon_71199,50455,0.0024507410636442897,5.43000891476993,0.022860694732789608,1.640910575601617,68
unMap_tig00001548_pilon_104191,23682,0.0011628289473684212,1.1842000202420013,0.2803445315615344,0.5523079108899482,70
unMap_tig00001548_pilon_104191,23796,-0.0011628289473684212,1.1842000202420013,0.2803445315615344,0.5523079108899482,70
unMap_tig00001548_pilon_104191,23919,0.0011628289473684212,1.1842000202420013,0.2803445315615344,0.5523079108899482,70
unMap_tig00001548_pilon_104191,32497,0.0012339527027027026,1.3018157680574671,0.2579437058160174,0.5884750650487555,69
unMap_tig00001548_pilon_104191,61836,0.0011927212572373858,1.2396874811089047,0.2694516173128335,0.569519205321134,70
unMap_tig00001548_pilon_104191,62090,-0.001248369058713886,1.2100324554747244,0.2754461592990485,0.5599632788610309,66
unMap_tig00001548_pilon_104191,76779,0.0011594551282051288,1.2088063559398596,0.2753899666431024,0.560051886558806,71
unMap_tig00001548_pilon_104191,82550,-0.0011594551282051284,1.2088063559398556,0.2753899666431024,0.560051886558806,71
unMap_tig00001548_pilon_104191,82722,0.0010959470636889986,1.0489384377497095,0.3093814195842967,0.5095057721308863,70
unMap_tig00001548_pilon_104191,94848,0.0011972222222222217,1.1479717261110134,0.28799798479963074,0.5406105511069575,66
unMap_tig00001548_pilon_104191,94999,-0.0010950305143853525,1.000187400571933,0.32091780896370087,0.49360618156434094,68
unMap_tig00001548_pilon_104191,101178,0.0010314309346567412,0.9376222103983147,0.33632159508838755,0.47324524589792066,70
unMap_tig00001551_pilon_65803,37275,0.002631977671451355,6.753131330665716,0.011433893833124627,1.9418058446477386,71
unMap_tig00001551_pilon_65803,37326,0.002532072368421054,6.109791268795318,0.01595193443168686,1.7971866441386826,70
unMap_tig00001551_pilon_65803,37419,0.002532072368421054,6.109791268795318,0.01595193443168686,1.7971866441386826,70
unMap_tig00001551_pilon_65803,58605,0.0025430107526881723,5.649267910467184,0.02041666924470135,1.6900151068442597,67
unMap_tig00001551_pilon_65803,58820,0.0026503378378378377,6.461062106747961,0.013345623700225564,1.8746611248935767,69
unMap_tig00001551_pilon_65803,58880,0.002769642857142857,6.751366202915933,0.011577399567543483,1.936388977766663,67
unMap_tig00001567_pilon_56512,27154,-0.002273848684210527,4.97689234644627,0.028989939145790403,1.5377526962929904,70
unMap_tig00001567_pilon_56512,29600,0.002355687606112055,5.038090792581259,0.028102558842782992,1.5512541341623376,69
unMap_tig00001576_pilon_76660,20417,-0.0006339950372208437,0.34964910168745367,0.5562724419497258,0.25471245471964227,70
unMap_tig00001584_pilon_39859,24361,0.002861205432937183,7.693796885091662,0.0071713538503492685,2.1443988479260176,69
unMap_tig00001590_pilon_60593,3712,-0.00042857142857142844,0.1621776322065689,0.68842275904896,0.16214478046244404,70
unMap_tig00001590_pilon_60593,31258,-0.001445772058823529,1.7259674482983511,0.19361668184072567,0.7130572269901144,66
unMap_tig00001590_pilon_60593,51423,-0.00125852534562212,1.3390156157740838,0.2515083247180159,0.5994476355811592,66
unMap_tig00001601_pilon_55013,33227,-0.0027315315315315303,6.560123053269118,0.01275849847729624,1.894200433874696,67
unMap_tig00001601_pilon_55013,33277,0.002731531531531531,6.560123053269118,0.01275849847729624,1.894200433874696,67
unMap_tig00001604_pilon_41347,35729,-0.0017547694753577113,2.856467691532348,0.09552061878749171,1.0199028728235557,71
unMap_tig00001604_pilon_41347,35945,-0.0017547694753577113,2.856467691532348,0.09552061878749171,1.0199028728235557,71
unMap_tig00001621_pilon_33979,9782,-0.0017547694753577113,2.856467691532348,0.09552061878749171,1.0199028728235557,71
unMap_tig00001621_pilon_33979,9861,-0.0017547694753577113,2.856467691532348,0.09552061878749171,1.0199028728235557,71
unMap_tig00001647_pilon_63484,27907,-0.001345238095238095,1.7910128814678072,0.18526062633684937,0.732216872001268,70
unMap_tig00001649_pilon_33435,16413,0.0014659090909090906,1.735604135453484,0.19246804793677566,0.7156413583971613,65
unMap_tig00001649_pilon_33435,20605,0.0012491830065359472,1.380157394865163,0.24417186817008654,0.6123043739795023,70
unMap_tig00001671_pilon_34049,17873,-0.0004491691104594331,0.1508769287247768,0.699029375385814,0.15550457346761942,64
unMap_tig00001671_pilon_34049,17902,-0.0004491691104594331,0.1508769287247768,0.699029375385814,0.15550457346761942,64
unMap_tig00001689_pilon_41968,27294,-0.001421875,1.570337972166997,0.21486337339333403,0.6678376100500019,64
unMap_tig00001689_pilon_41968,27322,-0.001421875,1.570337972166997,0.21486337339333403,0.6678376100500019,64
unMap_tig00001691_pilon_90707,62832,-0.0013722689075630252,1.6574251578389727,0.20238086078144213,0.6938305612493931,69
unMap_tig00001691_pilon_90707,62879,-0.0013676470588235294,1.5985717886247157,0.21055255419720628,0.6766394858180496,68
unMap_tig00001718_pilon_142280,36212,0.002672855879752432,6.3723533582923935,0.014003991108898554,1.8537481736394759,68
unMap_tig00001718_pilon_142280,36324,0.0027616379310344825,6.911155172745785,0.01061315620912115,1.9741554435852362,69
unMap_tig00001718_pilon_142280,62674,-0.002558333333333334,6.159218792495837,0.015548975688382384,1.8082982154818785,70
unMap_tig00001718_pilon_142280,62885,0.002346491228070176,4.548607855807434,0.03684877640887751,1.433576928637908,65
unMap_tig00001718_pilon_142280,72690,0.0024789473684210532,5.5541479413642465,0.021413655710379075,1.6693091842087746,68
unMap_tig00001718_pilon_142280,72728,-0.0024789473684210532,5.5541479413642465,0.021413655710379075,1.6693091842087746,68
unMap_tig00001718_pilon_142280,73909,0.0025499999999999997,5.594641525686399,0.02105731266691059,1.6765970542521862,66
unMap_tig00001731_pilon_34555,13303,0.0005714285714285714,0.2843373997762919,0.5956108924501056,0.22503736852946632,70
unMap_tig00001736_pilon_62821,34979,-0.0005343137254901959,0.24838550253448283,0.6198224226391249,0.20773271681519576,70
unMap_tig00001739_pilon_62723,26580,0.0016976840363937134,2.559175605183203,0.11429206521633073,0.9419839196692954,70
unMap_tig00001739_pilon_62723,29907,0.0016714743589743598,2.560532269753526,0.11413082433501902,0.9425970459350494,71
unMap_tig00001739_pilon_62723,29925,0.0016714743589743598,2.560532269753526,0.11413082433501902,0.9425970459350494,71
unMap_tig00001739_pilon_62723,29935,0.0016714743589743598,2.560532269753526,0.11413082433501902,0.9425970459350494,71
unMap_tig00001752_pilon_58495,14122,0.0024395032051282056,5.692982390921909,0.01978164834342662,1.7037375228183052,71
unMap_tig00001752_pilon_58495,14345,0.0025896381578947377,6.417272403308254,0.013612768390739077,1.866053544557167,70
unMap_tig00001755_pilon_113164,25479,-0.0005115864527629236,0.20948835641652233,0.6486950490559691,0.18795941666184673,67
unMap_tig00001757_pilon_136162,36831,-0.0004947916666666666,0.20093611638203607,0.6554344295688168,0.1834707491315193,68
unMap_tig00001757_pilon_136162,69112,-0.00022242647058823522,0.039220073767846045,0.8436410148987584,0.07384231452855934,66
unMap_tig00001757_pilon_136162,69135,-0.00022242647058823522,0.039220073767846045,0.8436410148987584,0.07384231452855934,66
unMap_tig00001766_pilon_54153,18258,0.00027764423076923067,0.06818873411672058,0.7947703006278704,0.09975837019134104,71
unMap_tig00001766_pilon_54153,18441,0.00027764423076923067,0.06818873411672058,0.7947703006278704,0.09975837019134104,71
unMap_tig00001766_pilon_54153,19429,0.0006374773139745913,0.37408826906028153,0.542917588670206,0.2652660884627952,67
unMap_tig00001766_pilon_54153,19471,0.0007075551782682513,0.48464595826315066,0.4887334444641459,0.31092794079739233,69
unMap_tig00001794_pilon_95214,24263,-0.00037356321839080456,0.10469397146801723,0.747339443346885,0.12648209579033898,65
unMap_tig00001794_pilon_95214,32260,0.0004428571428571426,0.17263169017805355,0.6790916488373929,0.16807161025794667,70
unMap_tig00001794_pilon_95214,36166,-0.0007612903225806453,0.40462918292355343,0.5271681858658717,0.27805080691139666,61
unMap_tig00001794_pilon_95214,72895,-0.00035569852941176453,0.09929536685206224,0.7537020091184408,0.12280032704227505,66
unMap_tig00001795_pilon_139039,36799,-0.0016946597760551243,2.444854961793772,0.12255302786626922,0.9116759543476999,70
unMap_tig00001795_pilon_139039,96232,-0.0017774999999999996,2.4132405716732555,0.12532263868599858,0.9019704695619226,65
unMap_tig00001798_pilon_37430,7489,-0.00163859649122807,2.2716637024489073,0.13653025207873987,0.864771107925965,68
unMap_tig00001798_pilon_37430,7783,0.0016138838475499091,2.1301064128034257,0.14924691459625675,0.8260946383404411,67
unMap_tig00001807_pilon_75264,21944,0.001546558704453441,1.845719340450222,0.17920467663450204,0.7466506609124187,64
unMap_tig00001807_pilon_75264,21991,0.001546558704453441,1.845719340450222,0.17920467663450204,0.7466506609124187,64
unMap_tig00001807_pilon_75264,22002,0.001546558704453441,1.845719340450222,0.17920467663450204,0.7466506609124187,64
unMap_tig00001807_pilon_75264,22026,0.001546558704453441,1.845719340450222,0.17920467663450204,0.7466506609124187,64
unMap_tig00001810_pilon_131194,93488,0.0014966216216216208,1.9344488644530538,0.168874687196841,0.7724354424040311,69
unMap_tig00001810_pilon_131194,93510,0.0014966216216216208,1.9344488644530538,0.168874687196841,0.7724354424040311,69
unMap_tig00001810_pilon_131194,93515,0.0014966216216216208,1.9344488644530538,0.168874687196841,0.7724354424040311,69
unMap_tig00001810_pilon_131194,93526,0.0014966216216216208,1.9344488644530538,0.168874687196841,0.7724354424040311,69
unMap_tig00001810_pilon_131194,93537,0.0014966216216216208,1.9344488644530538,0.168874687196841,0.7724354424040311,69
unMap_tig00001810_pilon_131194,93543,0.0014966216216216208,1.9344488644530538,0.168874687196841,0.7724354424040311,69
unMap_tig00001810_pilon_131194,93567,0.0014966216216216208,1.9344488644530538,0.168874687196841,0.7724354424040311,69
unMap_tig00001810_pilon_131194,93606,0.0014966216216216208,1.9344488644530538,0.168874687196841,0.7724354424040311,69
unMap_tig00001810_pilon_131194,93646,0.0014923076923076925,1.9146109707941874,0.1710446963057264,0.7668903877219314,69
unMap_tig00001810_pilon_131194,93661,0.0014923076923076925,1.9146109707941874,0.1710446963057264,0.7668903877219314,69
unMap_tig00001810_pilon_131194,93688,0.0014923076923076925,1.9146109707941874,0.1710446963057264,0.7668903877219314,69
unMap_tig00001810_pilon_131194,118597,0.0012398989898989895,1.3570590873884485,0.24817875222510483,0.6052354032820763,69
unMap_tig00001810_pilon_131194,118629,0.0012398989898989895,1.3570590873884485,0.24817875222510483,0.6052354032820763,69
unMap_tig00001810_pilon_131194,118655,0.0012398989898989895,1.3570590873884485,0.24817875222510483,0.6052354032820763,69
unMap_tig00001810_pilon_131194,118656,0.0012398989898989895,1.3570590873884485,0.24817875222510483,0.6052354032820763,69
unMap_tig00001810_pilon_131194,118698,0.0012398989898989895,1.3570590873884485,0.24817875222510483,0.6052354032820763,69
unMap_tig00001810_pilon_131194,120096,0.0013294642857142858,1.4593743464224531,0.2314066434465866,0.6356241770576606,67
unMap_tig00001810_pilon_131194,120139,0.0013294642857142858,1.4593743464224531,0.2314066434465866,0.6356241770576606,67
unMap_tig00001810_pilon_131194,120171,0.0013294642857142858,1.4593743464224531,0.2314066434465866,0.6356241770576606,67
unMap_tig00001810_pilon_131194,120172,-0.0013294642857142858,1.4593743464224531,0.2314066434465866,0.6356241770576606,67
unMap_tig00001810_pilon_131194,120177,0.0013294642857142858,1.4593743464224531,0.2314066434465866,0.6356241770576606,67
unMap_tig00001810_pilon_131194,120187,0.0012878787878787877,1.3566960460995023,0.24843420215503656,0.6047886146762694,66
unMap_tig00001810_pilon_131194,120204,0.0011702317290552585,1.1409087794040889,0.2894113248161616,0.5384844787147754,67
unMap_tig00001810_pilon_131194,120209,0.0011702317290552585,1.1409087794040889,0.2894113248161616,0.5384844787147754,67
unMap_tig00001810_pilon_131194,125034,0.0016824561403508773,2.414039550131345,0.12503417170101727,0.9029712785675672,68
unMap_tig00001810_pilon_131194,125040,0.0012554446460980037,1.4796899276407998,0.22822185391902564,0.6416427710395918,67
unMap_tig00001810_pilon_131194,125044,0.0012554446460980037,1.4796899276407998,0.22822185391902564,0.6416427710395918,67
unMap_tig00001826_pilon_220708,48953,0.0005823255813953484,0.2650075529329299,0.6084203401102035,0.2157962754705136,68
unMap_tig00001826_pilon_220708,50316,-0.00048751076658053367,0.1959204436048329,0.6594389001504282,0.1808254375047005,70
unMap_tig00001826_pilon_220708,80573,0.00048751076658053356,0.1959204436048329,0.6594389001504282,0.1808254375047005,70
unMap_tig00001826_pilon_220708,158949,0.0005245478036175709,0.22688763191602648,0.6353682456598706,0.19697449407183104,70
unMap_tig00001841_pilon_78640,54274,0.0014563894523326574,1.5649565775310506,0.2157178162763647,0.6661139847491869,63
unMap_tig00001843_pilon_56848,10259,0.0011594551282051288,1.2088063559398596,0.2753899666431024,0.560051886558806,71
unMap_tig00001893_pilon_66635,20665,0.0001111111111111111,0.009988612981201307,0.9206836104957034,0.03588958785169842,70
unMap_tig00001893_pilon_66635,61872,1.818181818181807e-05,0.00021019514245806375,0.9884791418860323,0.005032490396208537,64
unMap_tig00001893_pilon_66635,62221,0.0002565656565656564,0.046411995202150995,0.8301031947688813,0.08086791469278137,67
unMap_tig00001893_pilon_66635,62308,0.0003674242424242423,0.10173850837290592,0.7507605485986546,0.12449855700976296,68
unMap_tig00001912_pilon_26430,8679,-0.002573684210526316,5.821715611165709,0.018615135583327395,1.730133796250505,68
unMap_tig00001928_pilon_45998,15825,0.0025526061776061783,5.451790867658834,0.022748091628051425,1.6430550311022607,65
unMap_tig00001960_pilon_39414,20425,0.0006900337837837833,0.40609885769130605,0.5261279049295744,0.278908663351022,69
unMap_tig00001963_pilon_70016,58195,0.0005784313725490191,0.291185986148527,0.5912242170044912,0.22824778520860078,70
unMap_tig00001983_pilon_53968,39633,0.001729344729344729,2.3852053104058624,0.1274194967997164,0.8947641143500218,66
unMap_tig00001983_pilon_53968,39757,0.001681555004135649,2.5096774098490875,0.11778914698330849,0.928894723321409,70
unMap_tig00001983_pilon_53968,48322,0.0017138130686517776,2.610198466058672,0.11080912901854763,0.9554244587496413,70
unMap_tig00001997_pilon_32547,10373,0.0008482999128160416,0.6054678402046886,0.43928000022702507,0.3572585690742311,68
unMap_tig00002005_pilon_31202,26832,0.0008937728937728938,0.6426043589763757,0.4256901691284326,0.37090637928627296,67
unMap_tig00002025_pilon_35782,14780,0.0005343137254901957,0.24838550253448283,0.6198224226391249,0.20773271681519576,70
unMap_tig00002025_pilon_35782,14880,-0.0006363636363636365,0.34476508670565176,0.5590650879308976,0.25253762738427,69
