chrom,pos,beta,F,p,LOD,n
chr01,131685,4.369747899159667e-05,0.6866169425746904,0.410259654834671,0.38694118969697155,69
chr01,131821,4.458874458874465e-05,0.693772442274367,0.4078882519882515,0.38945880306768205,68
chr01,200772,-4.28571428571429e-05,0.6800000000000062,0.41247001541874784,0.3846076170813091,70
chr01,200779,5.7983193277310975e-05,1.3204798628963557,0.2545916830611561,0.5941557878765644,69
chr01,222996,-6.250000000000006e-05,1.319148936170213,0.2551568268040775,0.5931928074858676,64
chr01,223269,-6.250000000000006e-05,1.319148936170213,0.2551568268040775,0.5931928074858676,64
chr01,238341,5.9821428571428646e-05,1.3225022775585145,0.25435702203149396,0.5945562683041671,67
chr01,238503,5.8080808080808125e-05,1.3227467811159264,0.25418827848618997,0.5948444801633557,69
chr01,238526,6.256109481915939e-05,1.320465890182997,0.25492223350730725,0.5935922850939077,64
chr01,243020,4.3277310924369766e-05,0.6733441893995492,0.4147980925246666,0.38216324940912105,69
chr01,244975,-4.2483660130718934e-05,0.6675331276094084,0.4167663318422864,0.380107372447746,70
chr01,251624,4.248366013071893e-05,0.6675331276094084,0.4167663318422864,0.380107372447746,70
chr01,351727,4.4563279857398117e-07,7.241541044439309e-05,0.9932363684697139,0.002947386644115017,67
chr01,378870,1.4705882352941177e-05,0.07706464228203143,0.782170249976375,0.10669870655929907,69
chr01,409030,1.4285714285714297e-05,0.0727191470344012,0.7882468902782845,0.10333773391674696,69
chr01,409188,1.4705882352941194e-05,0.0681318681318984,0.7949278272961905,0.0996722998087618,65
chr01,412390,-3.033088235294118e-05,0.32517321016162126,0.5705117578260298,0.24373540066497004,66
chr01,412674,-1.515151515151517e-05,0.0793705332600484,0.7790337428019035,0.10844373103693475,68
chr01,415635,-1.5625000000000017e-05,0.0818198165797337,0.7757558935561072,0.11027491631850053,67
chr01,460564,1.4705882352941173e-05,0.07706464228203143,0.782170249976375,0.10669870655929907,69
chr01,475305,-6.060606060606066e-05,1.319587628865934,0.25494133854943424,0.5935597382918575,66
chr01,476636,-4.3277310924369766e-05,0.6733441893995492,0.4147980925246666,0.38216324940912105,69
chr01,476659,-4.248366013071894e-05,0.6675331276094082,0.4167663318422864,0.380107372447746,70
chr01,494511,-7.316017316017324e-05,1.9015619830041877,0.17255911747369906,0.7630620890302374,68
chr01,545840,-4.390681003584235e-05,0.649380640704973,0.42327254161522276,0.3733799040083435,67
chr01,553844,4.265202702702703e-05,0.6505102016536238,0.4227840496677988,0.3738814056406938,69
chr01,556600,-5.729166666666671e-05,1.252705882352966,0.2670931634288691,0.5733372281265704,68
chr01,572004,4.687500000000004e-05,0.6788321167883712,0.4131474460526029,0.38389492757095184,64
chr01,572024,-4.687500000000004e-05,0.6788321167883712,0.4131474460526029,0.38389492757095184,64
chr01,592304,4.194078947368428e-05,0.6461285549893396,0.4243013477510773,0.3723255887379181,70
chr01,611254,4.217854217854221e-05,0.6562586420202247,0.42070985440617026,0.3760173152611132,70
chr01,611258,-4.217854217854221e-05,0.6562586420202247,0.42070985440617026,0.3760173152611132,70
chr01,611281,4.217854217854221e-05,0.6562586420202247,0.42070985440617026,0.3760173152611132,70
chr01,611393,4.217854217854221e-05,0.6562586420202247,0.42070985440617026,0.3760173152611132,70
chr01,639463,1.4705882352941189e-05,0.07791554959785306,0.7810713301597231,0.10730930302385851,64
chr01,642128,4.5238095238095306e-05,0.6481887878701352,0.42378912085505815,0.3728501963115395,65
chr01,643414,4.3722943722943785e-05,0.6668218337981526,0.41709960567728843,0.37976022073258786,68
chr01,679690,-4.28571428571429e-05,0.6800000000000062,0.41247001541874784,0.3846076170813091,70
chr01,684439,4.28571428571429e-05,0.6800000000000062,0.41247001541874784,0.3846076170813091,70
chr01,684464,4.28571428571429e-05,0.6800000000000062,0.41247001541874784,0.3846076170813091,70
chr01,709138,-4.4117647058823566e-05,0.6796338672769756,0.41268230228089686,0.38438415527221437,68
chr01,722292,-4.687500000000004e-05,0.8040345821326242,0.3733584030993884,0.4278740696507742,64
chr01,732608,-4.369747899159668e-05,0.6866169425746905,0.410259654834671,0.38694118969697155,69
chr01,764433,-4.369747899159668e-05,0.6866169425746905,0.410259654834671,0.38694118969697155,69
chr01,855655,1.4285714285714299e-05,0.0748898678414346,0.7851753351822295,0.10503335140837709,70
chr01,855789,1.470588235294118e-05,0.07706464228203143,0.782170249976375,0.10669870655929907,69
chr01,903574,1.562500000000001e-05,0.08419560595324335,0.7725999017457906,0.11204535142193063,68
chr01,906860,1.5151515151515151e-05,0.08167411621293746,0.7759231117245666,0.11018131199973372,69
chr01,925316,-1.6129032258064537e-05,0.08197474167623309,0.7755783513041933,0.1103743218733034,65
chr01,954863,0.0,0.0,1.0,-0.0,64
chr01,964194,-1.666666666666667e-05,0.08974059359665217,0.7654779424073446,0.11606731917707441,66
chr01,1021452,-1.5625000000000027e-05,0.08657237646239047,0.7694904001068018,0.11379679390482132,69
chr01,1026340,1.6666666666666684e-05,0.09227640716722812,0.7622731543105468,0.11788937491721975,67
chr01,1048089,3.3333333333333355e-05,0.4033204762703282,0.5276087160865925,0.2776880385293042,67
chr01,1096028,3.0399274047186933e-05,0.3310025081705809,0.5670557407246355,0.24637424851575657,67
chr01,1096036,3.0399274047186933e-05,0.3310025081705809,0.5670557407246355,0.24637424851575657,67
chr01,1125870,-1.6129032258064547e-05,0.0917874396135253,0.7628556601698584,0.11755762708021775,69
chr01,1125872,1.6129032258064547e-05,0.0917874396135253,0.7628556601698584,0.11755762708021775,69
chr01,1139517,-2.1114864864864852e-06,0.0017169080075549975,0.9670718736334973,0.014541247569060866,69
chr01,1164849,-5.055055055055059e-05,0.7713252224476717,0.38319829623209667,0.41657643053984966,64
chr01,1205428,-5.964912280701763e-05,1.3389021479713088,0.25139842008265334,0.5996374559720243,68
chr01,1206984,3.133903133903138e-05,0.3360381861574961,0.5641601803377929,0.24859757055544618,66
chr01,1207368,-4.9857549857549894e-05,0.7915673841928478,0.3769587622123216,0.42370615728281286,66
chr01,1237179,-4.615384615384619e-05,0.7538547020419142,0.3883579585232687,0.4107677905292112,69
chr01,1237241,4.5833333333333374e-05,0.762770000926988,0.38553687129390113,0.4139340813387155,70
chr01,1308414,-4.985754985754985e-05,0.7915673841928477,0.3769587622123216,0.42370615728281286,66
chr01,1310641,-4.583333333333337e-05,0.762770000926988,0.38553687129390113,0.4139340813387155,70
chr01,1310850,-4.583333333333337e-05,0.762770000926988,0.38553687129390113,0.4139340813387155,70
chr01,1369076,9.339080459770121e-05,3.085908063300578,0.08383237323827283,1.0765882390816865,65
chr01,1394356,-4.9537037037037076e-05,0.8017930272121139,0.3738618791351115,0.42728881546971365,67
chr01,1401980,-2.0000000000000015e-05,0.13068048033909724,0.7189974489591919,0.1432726505140736,62
chr01,1446475,-3.0677655677655716e-05,0.3340492444580507,0.5652814193011986,0.24773528948695248,67
chr01,1456038,-4.953703703703708e-05,0.8017930272121138,0.3738618791351115,0.42728881546971365,67
chr01,1517611,4.615384615384618e-05,0.7538547020419142,0.3883579585232687,0.4107677905292112,69
chr01,1560405,-4.54159592529712e-05,0.7347263847422543,0.39441111379692173,0.40405085591979156,69
chr01,1560447,-4.54159592529712e-05,0.7347263847422543,0.39441111379692173,0.40405085591979156,69
chr01,1569992,3.282051282051285e-05,0.34101065658298246,0.5613651106892122,0.25075458262784406,64
chr01,1653991,-4.7640653357531825e-05,0.7561608711480046,0.38773247343335426,0.41146782436726004,67
chr01,1704109,-1.4705882352941199e-05,0.06738159070598561,0.7961072329940002,0.09902843030131028,60
chr01,1884958,-4.726890756302523e-05,0.759123540327349,0.3870758867443057,0.41220388262077995,62
chr01,1913773,1.3513513513513547e-05,0.06684350132628591,0.7968321466361075,0.09863315346857876,65
chr01,1987026,1.612903225806451e-05,0.094243070362472,0.7597888724082098,0.11930707125392258,70
chr01,1994535,2.2401433691756306e-06,0.0018201674554044621,0.9661006259525704,0.014977636503797622,67
chr01,1994595,2.380952380952364e-06,0.0019330490012567816,0.965070203548481,0.015441092972544798,65
chr01,2022653,2.928692699490662e-05,0.32864150138624926,0.5683793267019792,0.24536172677294957,69
chr01,2086633,-1.6666666666666667e-05,0.09735106739691174,0.7560008474644699,0.12147771766157572,69
chr01,2108744,-1.5625000000000027e-05,0.08657237646239048,0.7694904001068018,0.11379679390482132,69
chr01,2120416,1.5625000000000024e-05,0.08895008605853953,0.7664255977144137,0.11552999876188329,70
chr01,2120420,-1.562500000000002e-05,0.08895008605853953,0.7664255977144137,0.11552999876188329,70
chr01,2139637,-1.562500000000002e-05,0.08895008605853953,0.7664255977144137,0.11552999876188329,70
chr01,2168473,2.8991596638655474e-05,0.3253113785095762,0.5703409107839184,0.24386547517894486,69
chr01,2224895,-4.503676470588242e-05,0.6660684949913326,0.4174529799797029,0.3793924343967847,66
chr01,2224903,-4.503676470588242e-05,0.6660684949913326,0.4174529799797029,0.3793924343967847,66
chr01,2224907,-4.503676470588242e-05,0.6660684949913326,0.4174529799797029,0.3793924343967847,66
chr01,2236918,-2.9411764705882377e-05,0.3251231527093505,0.5704810046975779,0.24375881170565292,68
chr01,2298034,-4.3277310924369766e-05,0.6733441893995491,0.4147980925246666,0.38216324940912105,69
chr01,2298264,-4.3277310924369766e-05,0.6733441893995491,0.4147980925246666,0.38216324940912105,69
chr01,2327205,2.9437229437229476e-05,0.32540603248260713,0.5703138093368324,0.2438861124650852,68
chr01,2362289,-4.28571428571429e-05,0.6800000000000059,0.41247001541874784,0.3846076170813091,70
chr01,2362398,-4.28571428571429e-05,0.6800000000000059,0.41247001541874784,0.3846076170813091,70
chr01,2362914,-5.7983193277310975e-05,1.3204798628963552,0.2545916830611561,0.5941557878765644,69
chr01,2363350,-4.456327985739752e-05,0.6727803423934738,0.41508174806813536,0.38186636295385024,67
chr01,2387165,-4.503676470588241e-05,0.6660684949913326,0.4174529799797029,0.3793924343967847,66
chr01,2435235,-1.666666666666668e-05,0.10011398176289571,0.7527557398673913,0.12334592424664655,64
chr01,2446840,-1.6989060827786337e-20,0.0,1.0,-0.0,67
chr01,2449842,1.3888888888888874e-05,0.06650711676534307,0.7972944443090464,0.09838126213808734,68
chr01,2502358,1.3888888888888871e-05,0.0707249923524092,0.7910887788939426,0.10177477564238743,70
chr01,2502602,-1.3888888888888895e-05,0.06650711676534307,0.7972944443090464,0.09838126213808734,68
chr01,2514066,1.4285714285714304e-05,0.07271914703440117,0.7882468902782845,0.10333773391674696,69
chr01,2541995,1.6129032258064537e-05,0.09982174688056902,0.7530717275825394,0.12316365672129091,66
chr01,2561595,-1.3157894736842108e-05,0.061057706440909076,0.8055875373194845,0.0938872610681967,69
chr01,2594237,-1.3157894736842135e-05,0.05906216441953181,0.8087381385752584,0.09219207589244127,68
chr01,2617554,1.3157894736842114e-05,0.0630541871921305,0.802489464035981,0.09556066078112438,70
chr01,2681870,1.3157894736842114e-05,0.0630541871921305,0.802489464035981,0.09556066078112438,70
chr01,2724856,1.315789473684213e-05,0.06982649174779182,0.7924129825384675,0.10104841778943446,68
chr01,2759021,-1.351351351351351e-05,0.0606343283582014,0.8062721061705144,0.09351836481403282,67
chr01,2771991,-1.3157894736842118e-05,0.0630541871921305,0.802489464035981,0.09556066078112438,70
chr01,2804731,1.5625000000000017e-05,0.08181981657973371,0.7757558935561072,0.11027491631850053,67
chr01,2880380,2.9437229437229465e-05,0.3254060324826071,0.5703138093368324,0.2438861124650852,68
chr01,2880570,2.985739750445633e-05,0.3250727774875249,0.5705404939110004,0.24371352625366616,67
chr01,2888149,1.4705882352941189e-05,0.07930029154518728,0.7791030841146338,0.10840507647337351,70
chr01,2918935,-1.4705882352941197e-05,0.07930029154518728,0.7791030841146338,0.10840507647337351,70
chr01,2986574,1.5151515151515168e-05,0.08397863818426196,0.7728581879382631,0.11190018764177287,70
chr01,2986650,-1.5151515151515158e-05,0.08167411621293748,0.7759231117245666,0.11018131199973372,69
chr01,2986692,1.5151515151515158e-05,0.08167411621293748,0.7759231117245666,0.11018131199973372,69
chr01,3020530,-1.4705882352941194e-05,0.07930029154518728,0.7791030841146338,0.10840507647337351,70
chr01,3024746,-1.4705882352941172e-05,0.07706464228203143,0.782170249976375,0.10669870655929907,69
chr01,3109321,3.125000000000003e-05,0.32460732984300417,0.570910578810156,0.2434319095659044,64
chr01,3109439,3.175403225806452e-05,0.32455029136048924,0.5709779777652719,0.24338064187579875,63
chr01,3142756,3.030303030303033e-05,0.3248730964467636,0.5706891943904071,0.24360035044218808,66
chr01,3148811,-1.5151515151515165e-05,0.08167411621293749,0.7759231117245666,0.11018131199973372,69
chr01,3150873,1.4705882352941185e-05,0.07930029154518728,0.7791030841146338,0.10840507647337351,70
chr01,3168912,-1.1264438155693468e-20,0.0,1.0,-0.0,68
chr01,3168913,-1.1264438155693468e-20,0.0,1.0,-0.0,68
chr01,3173634,1.5151515151515195e-05,0.07706793137119645,0.7821919681519421,0.10668664786381649,67
chr01,3182315,-1.4705882352941194e-05,0.07930029154518728,0.7791030841146338,0.10840507647337351,70
chr01,3196956,5.040322580645148e-07,8.177130041890068e-05,0.9928145382445172,0.0031318718869035394,63
chr01,3205286,-1.7241379310344842e-05,0.10662342767295449,0.7451213035984385,0.12777301960740195,64
chr01,3205336,-1.7241379310344842e-05,0.10662342767295449,0.7451213035984385,0.12777301960740195,64
chr01,3206508,-2.89915966386555e-05,0.3253113785095762,0.5703409107839184,0.24386547517894486,69
chr01,3208844,-2.930344557064358e-20,0.0,1.0,-0.0,59
chr01,3209970,1.5151515151515146e-05,0.08167411621293749,0.7759231117245666,0.11018131199973372,69
chr01,3209973,1.5151515151515178e-05,0.0793705332600484,0.7790337428019035,0.10844373103693475,68
chr01,3261071,3.279569892473123e-05,0.32426344715743155,0.571218412384771,0.24319780216285664,61
chr01,3311194,-3.128054740957969e-05,0.324926301998063,0.5707219303448111,0.2435754390950787,64
chr01,3317296,-3.0891789841039128e-21,0.0,1.0,-0.0,66
chr01,3317362,-3.0891789841039128e-21,0.0,1.0,-0.0,66
chr01,3317364,-3.0891789841039128e-21,0.0,1.0,-0.0,66
chr01,3375937,-1.666666666666667e-05,0.09481324663543354,0.7591147005506755,0.11969259821168511,68
chr01,3415469,1.6129032258064527e-05,0.10272168568919966,0.7496157375885217,0.12516130435599335,67
chr01,3415539,-2.9513888888888883e-05,0.32625763303283717,0.5698110552883194,0.2442691289748562,68
chr01,3415542,-2.9513888888888883e-05,0.32625763303283717,0.5698110552883194,0.2442691289748562,68
chr01,3460759,1.3888888888888871e-05,0.0707249923524092,0.7910887788939426,0.10177477564238743,70
chr01,3494445,-1.2500000000000006e-05,0.0542570718494498,0.8165247504457852,0.0880306464213531,69
chr01,3494448,-1.2500000000000006e-05,0.0542570718494498,0.8165247504457852,0.0880306464213531,69
chr01,3500916,-1.3157894736842133e-05,0.05308160399439321,0.8185317780218617,0.08696445522377218,65
chr01,3518130,-1.2500000000000007e-05,0.05236314178852474,0.8197086716934421,0.08634047049018866,68
chr01,3518244,-1.2500000000000007e-05,0.05236314178852474,0.8197086716934421,0.08634047049018866,68
chr01,3518254,-1.2500000000000007e-05,0.05236314178852474,0.8197086716934421,0.08634047049018866,68
chr01,3518265,-1.2195121951219535e-05,0.0511060259344012,0.8218379925311342,0.08521378572536019,69
chr01,3518273,-1.2195121951219535e-05,0.0511060259344012,0.8218379925311342,0.08521378572536019,69
chr01,3527044,-1.250000000000002e-05,0.0504701923906367,0.8229518492931713,0.08462557450587031,67
chr01,3527270,-1.2820512820512842e-05,0.05368414842781391,0.8175001511742366,0.0875121583568131,67
chr01,3527810,-1.8417536904401156e-20,0.0,1.0,-0.0,63
chr01,3527960,-1.2820512820512827e-05,0.05368414842781392,0.8175001511742366,0.0875121583568131,67
chr01,3612807,1.219512195121954e-05,0.05295381310418904,0.8186917428431294,0.08687958979335184,70
chr01,3632156,4.16666666666667e-05,0.6164662349676909,0.4350905576649524,0.361420341663625,70
chr01,3632242,4.16666666666667e-05,0.6164662349676909,0.4350905576649524,0.361420341663625,70
chr01,3633132,-4.3621013133208274e-05,0.6118880548036081,0.4369181893716698,0.3595998747701523,67
chr01,3643575,-3.101503759398498e-05,0.33254605573927054,0.5661865093614331,0.24704048286863234,66
chr01,3674026,4.2247386759581945e-05,0.6185278831709855,0.43436778679899557,0.36214238998961795,69
chr01,3674087,4.16666666666667e-05,0.6164662349676909,0.4350905576649524,0.361420341663625,70
chr01,3677857,2.000000000000002e-05,0.13788777372261626,0.7116558870387819,0.14772995367482114,64
chr01,3700888,-4.4230769230769246e-05,0.6136001159924427,0.43632474646471675,0.3601901549978273,66
chr01,3701234,4.4230769230769246e-05,0.6136001159924427,0.43632474646471675,0.3601901549978273,66
chr01,3725862,4.16316232127839e-05,0.6222857142857109,0.43294091446947924,0.36357136986093747,70
chr01,3768060,-4.224738675958193e-05,0.6185278831709853,0.43436778679899557,0.36214238998961795,69
chr01,3815710,-4.1631623212783905e-05,0.6222857142857109,0.43294091446947924,0.36357136986093747,70
chr01,3849711,-4.2241379310344884e-05,0.6248742420534744,0.43203087769075277,0.3644852126029518,69
chr01,3903997,4.285714285714289e-05,0.6208315641637056,0.43355923240821925,0.36295156127717015,68
chr01,3908382,-4.285714285714289e-05,0.6208315641637058,0.43355923240821925,0.36295156127717015,68
chr01,3911561,1.2500000000000031e-05,0.05425707184944981,0.8165247504457852,0.0880306464213531,69
chr01,4077264,3.067765567765569e-05,0.3340492444580508,0.5652814193011986,0.24773528948695248,67
chr01,4083738,-2.9824561403508785e-05,0.3297090802233963,0.567782337838189,0.2458181213182933,68
chr01,4085989,-7.518796992481208e-05,2.19683561276478,0.14320177928697062,0.8440515858709536,66
chr01,4221914,-4.1770057899090194e-05,0.6371057513915139,0.4275395927452559,0.3690236607847273,70
chr01,4224510,4.355716878402906e-05,0.6308845274052804,0.4299214755322712,0.36661086036749496,67
chr01,4239563,4.1770057899090194e-05,0.6371057513915139,0.4275395927452559,0.3690236607847273,70
chr01,4243262,-3.0180180180180196e-05,0.328604844186239,0.5684597415506272,0.24530028672208498,67
chr01,4243396,-4.355716878402907e-05,0.6308845274052807,0.4299214755322712,0.36661086036749496,67
chr01,4243408,4.3557168784029054e-05,0.6308845274052807,0.4299214755322712,0.36661086036749496,67
chr01,4257776,-4.3557168784029074e-05,0.6308845274052807,0.4299214755322712,0.36661086036749496,67
chr01,4259313,4.1770057899090194e-05,0.6371057513915139,0.4275395927452559,0.3690236607847273,70
chr01,4303915,-4.5545545545545586e-05,0.6246860886154306,0.43232400805939997,0.3641906463118115,64
chr01,4323227,-4.244482173174877e-05,0.6408490580475028,0.42623306807446937,0.37035285981851956,69
chr01,4330305,5.9649122807017604e-05,1.3389021479713084,0.25139842008265334,0.5996374559720243,68
chr01,4363434,4.3498168498168546e-05,0.6233960138785661,0.43265889896800425,0.3638543592482595,67
chr01,4557571,4.288240495137051e-05,0.627733345194049,0.43102661343215043,0.36549591380702295,68
chr01,4562341,-4.230769230769237e-05,0.632311012123991,0.4293169160868888,0.36722199896884106,69
chr01,4581813,4.230769230769237e-05,0.6323110121239912,0.4293169160868888,0.36722199896884106,69
chr01,4635257,6.0728744939271305e-06,0.014211491442546796,0.9054928638319233,0.04311496800108786,64
chr01,4679409,4.636390869181303e-21,0.0,1.0,-0.0,62
chr01,4679805,1.1904761904761902e-05,0.048105305145589666,0.827060420978967,0.08246276186313388,69
chr01,4683048,-1.1904761904761932e-05,0.04990825688073117,0.8238927647849821,0.08412931098835132,70
chr01,4719487,-1.2195121951219533e-05,0.05110602593440121,0.8218379925311342,0.08521378572536019,69
chr01,4719520,-1.2195121951219533e-05,0.05110602593440121,0.8218379925311342,0.08521378572536019,69
chr01,4733553,1.1904761904761932e-05,0.04990825688073117,0.8238927647849821,0.08412931098835132,70
chr01,4822449,1.2195121951219538e-05,0.04925917735515256,0.825042737141275,0.08352355445140403,68
chr01,4822470,1.2195121951219538e-05,0.04925917735515256,0.825042737141275,0.08352355445140403,68
chr01,4822988,1.2820512820512825e-05,0.04980237154152201,0.824129535230828,0.08400452129489248,65
chr01,4838027,1.2195121951219531e-05,0.05110602593440121,0.8218379925311342,0.08521378572536019,69
chr01,4907940,1.2500000000000009e-05,0.05615194054502282,0.813397139575277,0.08969735918598912,70
chr01,4933977,-1.3888888888888896e-05,0.06018777796080391,0.8069968184562,0.09312817745840044,65
chr01,4943132,-2.7777777777777803e-05,0.253504672897161,0.6164023241343379,0.21013573245067332,64
chr01,5032950,1.1904761904761903e-05,0.04810530514558966,0.827060420978967,0.08246276186313388,69
chr01,5107957,1.2195121951219518e-05,0.05295381310418904,0.8186917428431294,0.08687958979335184,70
chr01,5128035,-1.2820512820512832e-05,0.05562659846549552,0.8142771625958192,0.08922774535907112,68
chr01,5292447,4.1770057899090194e-05,0.6371057513915139,0.4275395927452559,0.3690236607847273,70
chr01,5307288,2.6315789473684215e-05,0.24897635715227437,0.6194813482584818,0.20797176510771317,67
chr01,5323756,-6.27413127413128e-05,1.3457114689450054,0.25040665846334864,0.6013541271571212,65
chr01,5324001,-4.244482173174877e-05,0.6408490580475029,0.42623306807446937,0.37035285981851956,69
chr01,5424752,4.349816849816855e-05,0.6233960138785661,0.43265889896800425,0.3638543592482595,67
chr01,5452710,4.355716878402907e-05,0.6308845274052806,0.4299214755322712,0.36661086036749496,67
chr01,5536885,4.444444444444449e-05,0.6436709358057585,0.42535377776129146,0.37124970567417953,66
chr01,5622762,4.1770057899090194e-05,0.6371057513915139,0.4275395927452559,0.3690236607847273,70
chr01,5657677,-4.1770057899090194e-05,0.6371057513915139,0.4275395927452559,0.3690236607847273,70
chr01,5708172,4.230769230769237e-05,0.6323110121239912,0.4293169160868888,0.36722199896884106,69
chr01,5708183,4.230769230769237e-05,0.6323110121239912,0.4293169160868888,0.36722199896884106,69
chr01,5722865,4.230769230769238e-05,0.6323110121239912,0.4293169160868888,0.36722199896884106,69
chr01,5744219,4.17700578990902e-05,0.6371057513915139,0.4275395927452559,0.3690236607847273,70
chr01,5781012,-3.5714285714285744e-05,0.5197324414715431,0.4736226334418142,0.3245675517580778,65
chr01,5783622,-7.341269841269848e-05,2.0010844964163987,0.1621893787708501,0.789977589657809,64
chr01,5786211,-4.1666666666666706e-05,0.6291635825314232,0.4304212879840553,0.366106257264125,70
chr01,5811063,4.2241379310344884e-05,0.6248742420534744,0.43203087769075277,0.3644852126029518,69
chr01,5811325,5.8908045977011544e-05,1.1988792664288834,0.27771424053024496,0.556401850083604,65
chr01,5811332,5.8908045977011544e-05,1.1988792664288834,0.27771424053024496,0.556401850083604,65
chr01,5811505,4.349816849816853e-05,0.623396013878566,0.43265889896800425,0.3638543592482595,67
chr01,5811543,4.349816849816853e-05,0.623396013878566,0.43265889896800425,0.3638543592482595,67
chr01,5811570,4.349816849816853e-05,0.623396013878566,0.43265889896800425,0.3638543592482595,67
chr01,5830177,6.28571428571429e-05,1.1422526041666436,0.2896048749636291,0.5381941318672105,60
chr01,5842700,4.41595441595442e-05,0.6193257340798763,0.4342025766154929,0.36230760371308113,66
chr01,5842715,-4.415954415954421e-05,0.6193257340798763,0.4342025766154929,0.36230760371308113,66
chr01,5842743,-4.415954415954421e-05,0.6193257340798763,0.4342025766154929,0.36230760371308113,66
chr01,5842749,4.48717948717949e-05,0.6155533399800697,0.43564478964889175,0.3608674758001504,65
chr01,5856442,4.563492063492068e-05,0.6328728002469227,0.42933875105357777,0.3671999114058971,64
chr01,5917134,1.3513513513513539e-05,0.06926406926406062,0.793256773912204,0.10058621061093474,66
chr01,5971838,1.2820512820512849e-05,0.05757002921463369,0.8111112409658021,0.09091957979057566,69
chr01,6100532,-1.388888888888889e-05,0.0711587147030264,0.7905283273483421,0.10208256318825482,65
chr01,6177444,-1.7857142857142855e-05,0.1123966942148698,0.7384639422849163,0.13167070556394742,70
chr01,6223276,1.7857142857142855e-05,0.1123966942148698,0.7384639422849163,0.13167070556394742,70
chr01,6223342,1.7857142857142855e-05,0.1123966942148698,0.7384639422849163,0.13167070556394742,70
chr01,6274611,-1.7241379310344855e-05,0.10592705167173107,0.7458289998562833,0.1273607340979311,70
chr01,6314269,-1.7241379310344842e-05,0.10067271589490771,0.7520254149244502,0.12376748204807085,68
chr01,6323806,3.0677655677655716e-05,0.33404924445805073,0.5652814193011986,0.24773528948695248,67
chr01,6372763,-1.3157894736842113e-05,0.06105770644090907,0.8055875373194845,0.0938872610681967,69
chr01,6372795,-1.3157894736842113e-05,0.06105770644090907,0.8055875373194845,0.0938872610681967,69
chr01,6384075,1.2820512820512847e-05,0.053684148427813924,0.8175001511742366,0.0875121583568131,67
chr01,6406964,5.357142857142866e-06,0.010452042019323919,0.918879948869587,0.036741225228911746,68
chr01,6407181,4.741379310344848e-06,0.008482618845071064,0.9268925188352632,0.03297062311875498,69
chr01,6424595,-1.282051282051283e-05,0.055626598465495516,0.8142771625958192,0.08922774535907112,68
chr01,6424597,-1.282051282051283e-05,0.055626598465495516,0.8142771625958192,0.08922774535907112,68
chr01,6424598,-1.282051282051283e-05,0.055626598465495516,0.8142771625958192,0.08922774535907112,68
chr01,6465476,-1.2500000000000007e-05,0.05615194054502283,0.813397139575277,0.08969735918598912,70
chr01,6478827,1.315789473684213e-05,0.055074067244463336,0.8152073617547216,0.08873190707447519,66
chr01,6478828,-1.3157894736842126e-05,0.055074067244463336,0.8152073617547216,0.08873190707447519,66
chr01,6478867,-1.3157894736842111e-05,0.057067603160678326,0.8119438221522327,0.09047401826289159,67
chr01,6525609,2.7105054312137278e-21,0.0,1.0,-0.0,68
chr01,6535725,-3.071364046973805e-05,0.3395883777239681,0.5620526782864486,0.2502229783509136,68
chr01,6559278,-1.2820512820512832e-05,0.05951439864485737,0.8079996477031648,0.09258882858259809,70
chr01,6559330,-1.2820512820512832e-05,0.05951439864485737,0.8079996477031648,0.09258882858259809,70
chr01,6559374,1.2820512820512832e-05,0.05951439864485737,0.8079996477031648,0.09258882858259809,70
chr01,6559386,1.2820512820512832e-05,0.05951439864485737,0.8079996477031648,0.09258882858259809,70
chr01,6559391,1.2820512820512832e-05,0.05951439864485737,0.8079996477031648,0.09258882858259809,70
chr01,6559395,1.2820512820512832e-05,0.05951439864485737,0.8079996477031648,0.09258882858259809,70
chr01,6559399,1.2820512820512832e-05,0.05951439864485737,0.8079996477031648,0.09258882858259809,70
chr01,6559496,-3.84615384615385e-06,0.005629673889700393,0.9404135056239096,0.026681142439675155,69
chr01,6559545,-3.84615384615385e-06,0.005629673889700393,0.9404135056239096,0.026681142439675155,69
chr01,6559581,-3.84615384615385e-06,0.005629673889700393,0.9404135056239096,0.026681142439675155,69
chr01,6578657,1.315789473684211e-05,0.061057706440909076,0.8055875373194845,0.0938872610681967,69
chr01,6596198,-3.0061892130857682e-05,0.33234597156395873,0.5662419222856576,0.24699798035533704,68
chr01,6603644,-7.751053020384354e-21,0.0,1.0,-0.0,68
chr01,6690604,-1.3157894736842133e-05,0.05906216441953181,0.8087381385752584,0.09219207589244127,68
chr01,6696689,-1.2820512820512847e-05,0.057570029214633674,0.8111112409658021,0.09091957979057566,69
chr01,6719470,-1.3513513513513544e-05,0.06678571428574023,0.7968561991657952,0.09862004440500619,70
chr01,6722621,1.5151515151515165e-05,0.08567785805356527,0.7707074118816695,0.11311046439036188,65
chr01,6722661,1.5151515151515165e-05,0.08567785805356527,0.7707074118816695,0.11311046439036188,65
chr01,6722703,-9.775171065493519e-07,0.0003811725359054643,0.9844860739744862,0.006790422785193804,64
chr01,6774813,1.4705882352941189e-05,0.06590136054421585,0.7982506141551973,0.09786073865245662,64
chr01,6788720,0.0,0.0,1.0,-0.0,66
chr01,6788816,-1.4285714285714292e-05,0.07271914703440119,0.7882468902782845,0.10333773391674696,69
chr01,6788878,-1.4285714285714292e-05,0.07271914703440119,0.7882468902782845,0.10333773391674696,69
chr01,6795329,-1.388888888888891e-05,0.06861558514105595,0.794166910030295,0.10008821232455797,69
chr01,6795473,-1.38888888888889e-05,0.0707249923524092,0.7910887788939426,0.10177477564238743,70
chr01,6845564,-1.38888888888889e-05,0.0707249923524092,0.7910887788939426,0.10177477564238743,70
chr01,6895391,3.420744822280467e-20,0.0,1.0,-0.0,67
chr01,6895408,-3.420744822280467e-20,0.0,1.0,-0.0,67
chr01,6908419,-1.388888888888891e-05,0.06861558514105595,0.794166910030295,0.10008821232455797,69
chr01,6928008,1.612903225806454e-05,0.0917874396135253,0.7628556601698584,0.11755762708021775,69
chr01,6928113,1.612903225806454e-05,0.0917874396135253,0.7628556601698584,0.11755762708021775,69
chr01,6928293,1.5625000000000024e-05,0.08895008605853955,0.7664255977144137,0.11552999876188329,70
chr01,6928336,1.5625000000000024e-05,0.08895008605853955,0.7664255977144137,0.11552999876188329,70
chr01,6928384,1.5625000000000024e-05,0.08895008605853955,0.7664255977144137,0.11552999876188329,70
chr01,6945738,1.612903225806454e-05,0.0917874396135253,0.7628556601698584,0.11755762708021775,69
chr01,6950473,-1.612903225806454e-05,0.0917874396135253,0.7628556601698584,0.11755762708021775,69
chr01,6953669,-1.612903225806454e-05,0.0917874396135253,0.7628556601698584,0.11755762708021775,69
chr01,6980495,1.6129032258064517e-05,0.08687903764758179,0.7691223111613268,0.11400459018747049,67
chr01,6980535,1.6129032258064517e-05,0.08687903764758179,0.7691223111613268,0.11400459018747049,67
chr01,6993528,4.476351351351356e-05,0.7172179095831775,0.40007293316602455,0.39786082971140313,69
chr01,6996386,-4.513888888888893e-05,0.7093163751986432,0.40271243551786184,0.3950049594330419,68
chr01,7001122,4.614695340501797e-05,0.7180850786880669,0.39988222918696736,0.3980678955352097,67
chr01,7001246,4.476351351351356e-05,0.7172179095831775,0.40007293316602455,0.39786082971140313,69
chr01,7047321,-4.4763513513513556e-05,0.7172179095831775,0.40007293316602455,0.39786082971140313,69
chr01,7091993,6.350806451612908e-05,1.3192584963954597,0.25520931057073515,0.5931034856885926,63
chr01,7101501,4.595588235294119e-05,0.6938301156961657,0.4079624243839386,0.3893798360135921,66
chr01,7121045,-5.9714795008912676e-05,1.3200969990905924,0.2547850729435387,0.5938260195397881,67
chr01,7128077,9.099264705882361e-05,3.050553683196995,0.0855073920714127,1.0679963391074483,66
chr01,7141794,7.963709677419357e-05,2.302046863189701,0.13436939425888103,0.8716996406433329,63
chr01,7149808,9.68750000000001e-05,3.054187192118424,0.08564533233409395,1.0672963010789134,62
chr01,7149814,9.68750000000001e-05,3.054187192118424,0.08564533233409395,1.0672963010789134,62
chr01,7194814,-7.142857142857149e-05,1.9230769230768163,0.17004730974227203,0.76943023449473,70
chr01,7194861,7.142857142857149e-05,1.9230769230768163,0.17004730974227203,0.76943023449473,70
chr01,7195241,-7.226890756302525e-05,1.912040252504195,0.171328281762757,0.7661709405973561,69
chr01,7201067,7.142857142857149e-05,1.9230769230768163,0.17004730974227203,0.76943023449473,70
chr01,7208505,7.268907563025215e-05,1.9349818732020077,0.16881682869716952,0.7725842624140209,69
chr01,7208726,-7.544642857142864e-05,1.9627706195240184,0.16597363021518483,0.7799609069102418,67
chr01,7219371,6.060606060606066e-05,1.3264248704662756,0.25372651446479383,0.5956341465580667,66
chr01,7219408,6.060606060606066e-05,1.3264248704662756,0.25372651446479383,0.5956341465580667,66
chr01,7246074,8.823529411764713e-05,3.0461538461537625,0.08558268409885678,1.0676140970172807,68
chr01,7260433,7.963709677419357e-05,2.3020468631897,0.13436939425888103,0.8716996406433329,63
chr01,7260478,7.963709677419357e-05,2.3020468631897,0.13436939425888103,0.8716996406433329,63
chr01,7329338,-8.823529411764713e-05,3.0461538461537625,0.08558268409885678,1.0676140970172807,68
chr01,7338891,8.973214285714297e-05,3.0532834774481326,0.08529696919483606,1.0690664000791723,67
chr01,7338905,8.973214285714297e-05,3.0532834774481326,0.08529696919483606,1.0690664000791723,67
chr01,7491240,-7.142857142857149e-05,1.9230769230768165,0.17004730974227203,0.76943023449473,70
chr01,7491461,5.798319327731095e-05,1.3204798628963554,0.2545916830611561,0.5941557878765644,69
chr01,7502036,-5.971479500891266e-05,1.3200969990905924,0.2547850729435387,0.5938260195397881,67
chr01,7522215,-5.9027777777777854e-05,1.324675324675394,0.2539074505729519,0.5953245551513061,68
chr01,7522295,-4.476351351351354e-05,0.7172179095831777,0.40007293316602455,0.39786082971140313,69
chr01,7565985,-5.887445887445893e-05,1.321165734471627,0.2545312111607822,0.5942589559448801,68
chr01,7569397,-2.9411764705882377e-05,0.3267326732673177,0.5695309877060966,0.24448264134143152,68
chr01,7569440,-2.9411764705882377e-05,0.3267326732673177,0.5695309877060966,0.24448264134143152,68
chr01,7584658,-6.155303030303035e-05,1.3196906219787077,0.2549905582461602,0.593475900262153,65
chr01,7603852,-3.083491461100573e-05,0.3254390844790524,0.5703862766818857,0.24383093202194697,65
chr01,7626037,-3.2291666666666675e-05,0.32466399022516795,0.5709454957018006,0.24340534892711696,62
chr01,7722772,4.545454545454549e-05,0.6792452830187922,0.4129076950477293,0.38414702343281487,66
chr01,7723094,-4.3277310924369766e-05,0.6733441893995492,0.4147980925246666,0.38216324940912105,69
chr01,7754520,4.2483660130718934e-05,0.6675331276094084,0.4167663318422864,0.380107372447746,70
chr01,7760158,-5.971479500891266e-05,1.3200969990905924,0.2547850729435387,0.5938260195397881,67
chr01,7770667,7.268907563025216e-05,1.9349818732020077,0.16881682869716952,0.7725842624140209,69
chr01,7770724,7.268907563025216e-05,1.9349818732020077,0.16881682869716952,0.7725842624140209,69
chr01,7802540,-7.18954248366013e-05,1.9473836026774658,0.16740960924035195,0.7762196173087879,70
chr01,7804970,7.323232323232328e-05,1.9614648240330872,0.16597103048420483,0.7799677095430463,69
chr01,7805088,-7.465277777777781e-05,1.97699548009784,0.16439794939353447,0.7841036039044035,68
chr01,7823330,7.189542483660128e-05,1.9473836026774658,0.16740960924035195,0.7762196173087879,70
chr01,7823335,7.189542483660128e-05,1.9473836026774658,0.16740960924035195,0.7762196173087879,70
chr01,7823338,7.189542483660128e-05,1.9473836026774658,0.16740960924035195,0.7762196173087879,70
chr01,7823359,7.268907563025215e-05,1.9349818732020077,0.16881682869716952,0.7725842624140209,69
chr01,7925030,-0.00011422413793103459,4.597126293306674,0.03615669540785728,1.4418112693392364,61
chr01,7978480,-9.285714285714294e-05,3.067415730337183,0.08474333484182252,1.0718944495289853,65
chr01,7997169,8.973214285714295e-05,3.0532834774481334,0.08529696919483606,1.0690664000791723,67
chr01,8004034,-7.248157248157258e-05,1.9752002670226567,0.16444941773480215,0.7839676598828169,70
chr01,8008297,-7.628676470588239e-05,1.9490131070000456,0.16751723596132104,0.775940501476177,66
chr01,8008474,-7.544642857142864e-05,1.9627706195240184,0.16597363021518483,0.7799609069102418,67
chr01,8008820,-7.323232323232328e-05,1.9614648240330872,0.16597103048420483,0.7799677095430463,69
chr01,8022953,7.541412380122069e-05,2.009736771420974,0.1609964270796486,0.7931837619607642,68
chr01,8028059,-7.248157248157258e-05,1.9752002670226567,0.16444941773480215,0.7839676598828169,70
chr01,8028069,-7.390202702702709e-05,1.991649510453402,0.1627954375064043,0.7883577707831707,69
chr01,8065425,6.349206349206354e-05,1.340540540540564,0.2513795096536639,0.5996701252459867,64
chr01,8097357,-4.684684684684688e-05,0.7362569694329024,0.3940155343080125,0.40448665550626217,67
chr01,8097394,-4.9227799227799286e-05,0.7586425611704479,0.38706067008987954,0.41222095585932633,65
chr01,8097528,-4.6846846846846884e-05,0.7362569694329025,0.3940155343080125,0.40448665550626217,67
chr01,8097722,4.61538461538462e-05,0.7538547020419142,0.3883579585232687,0.4107677905292112,69
chr01,8125775,4.799627213420321e-05,0.7469877397265965,0.3906594402262331,0.40820167656719236,66
chr01,8147787,-3.174603174603177e-05,0.329787234042559,0.5678621644541253,0.2457570665449073,64
chr01,8147932,-3.225806451612909e-05,0.4010712035286649,0.5286924581393992,0.2767968848129782,69
chr01,8187373,4.764065335753183e-05,0.7561608711480046,0.38773247343335426,0.41146782436726004,67
chr01,8230276,4.922779922779928e-05,0.7586425611704479,0.38706067008987954,0.41222095585932633,65
chr01,8243575,2.9487179487179508e-05,0.3308997208503493,0.5670566573064006,0.24637354652818724,69
chr01,8286119,4.541595925297119e-05,0.7347263847422543,0.39441111379692173,0.40405085591979156,69
chr01,8288390,3.13706563706564e-05,0.3311231503193701,0.5670481778666354,0.24638004076714212,65
chr01,8288481,3.13706563706564e-05,0.3311231503193701,0.5670481778666354,0.24638004076714212,65
chr01,8288484,3.13706563706564e-05,0.3311231503193701,0.5670481778666354,0.24638004076714212,65
chr01,8288508,3.13706563706564e-05,0.3311231503193701,0.5670481778666354,0.24638004076714212,65
chr01,8306217,4.615384615384618e-05,0.7538547020419138,0.3883579585232687,0.4107677905292112,69
chr01,8306295,4.615384615384618e-05,0.7538547020419138,0.3883579585232687,0.4107677905292112,69
chr01,8313270,-6.012378426171534e-05,1.3497744360902912,0.2495018482696804,0.6029262328447992,68
chr01,8348070,-5.897435897435903e-05,1.3435047951177652,0.25053125649096175,0.601138083470473,69
chr01,8348190,-5.897435897435903e-05,1.3435047951177652,0.25053125649096175,0.601138083470473,69
chr01,8351473,4.61538461538462e-05,0.753854702041914,0.3883579585232687,0.4107677905292112,69
chr01,8358357,6.349206349206354e-05,1.6156351791531225,0.20844974227135002,0.6809986375019424,64
chr01,8363471,4.700854700854704e-05,0.7379079901917253,0.39375083731306915,0.4047785096720347,62
chr01,8371337,-4.7640653357531805e-05,0.7561608711480045,0.38773247343335426,0.41146782436726004,67
chr01,8371353,-4.887218045112785e-05,0.7682568432640683,0.3840349903560566,0.4156292042099259,66
chr01,8371373,-4.649122807017549e-05,0.7450149891901354,0.39118489934406864,0.40761791834793853,68
chr01,8417102,4.4763513513513556e-05,0.7172179095831777,0.40007293316602455,0.39786082971140313,69
chr01,8431155,4.922779922779928e-05,0.7586425611704478,0.38706067008987954,0.41222095585932633,65
chr01,8504560,-1.6129032258064517e-05,0.0868790376475818,0.7691223111613268,0.11400459018747049,67
chr01,8544384,-1.4705882352941194e-05,0.07930029154518728,0.7791030841146338,0.10840507647337351,70
chr01,8549576,-1.5151515151515192e-05,0.07937053326004839,0.7790337428019035,0.10844373103693475,68
chr01,8573307,-1.4705882352941189e-05,0.07482993197282231,0.7852842374037242,0.10497311982424265,68
chr01,8584568,-1.4285714285714307e-05,0.07271914703440117,0.7882468902782845,0.10333773391674696,69
chr01,8584604,-1.4285714285714299e-05,0.07488986784143462,0.7851753351822295,0.10503335140837709,70
chr01,8584610,-1.4285714285714307e-05,0.07271914703440117,0.7882468902782845,0.10333773391674696,69
chr01,8584639,-1.4285714285714307e-05,0.07271914703440117,0.7882468902782845,0.10333773391674696,69
chr01,8620563,-1.6129032258064527e-05,0.08197474167623307,0.7755783513041933,0.1103743218733034,65
chr01,8632375,1.4705882352941189e-05,0.07482993197282231,0.7852842374037242,0.10497311982424265,68
chr01,8707204,1.5151515151515161e-05,0.08567785805356529,0.7707074118816695,0.11311046439036188,65
chr01,8728601,0.0,0.0,1.0,-0.0,68
chr01,8860718,-1.5151515151515155e-05,0.08167411621293745,0.7759231117245666,0.11018131199973372,69
chr01,8891511,3.030303030303032e-05,0.3365823941516788,0.5638144145369606,0.24886382510535898,67
chr01,8912293,1.5151515151515168e-05,0.08167411621293745,0.7759231117245666,0.11018131199973372,69
chr01,8916567,1.4705882352941194e-05,0.07930029154518728,0.7791030841146338,0.10840507647337351,70
chr01,8916763,-1.5151515151515161e-05,0.08167411621293745,0.7759231117245666,0.11018131199973372,69
chr01,8916766,-1.5151515151515161e-05,0.08167411621293745,0.7759231117245666,0.11018131199973372,69
chr01,8924806,1.5625000000000038e-05,0.08271298593881074,0.7746450026639564,0.11089727646831422,62
chr01,8924838,1.5625000000000038e-05,0.08271298593881074,0.7746450026639564,0.11089727646831422,62
chr01,9028813,-1.4705882352941163e-05,0.07259620266016649,0.7884470398675569,0.10322747299548488,67
chr01,9075663,1.3513513513513505e-05,0.0626838235294361,0.8030809857471797,0.09524065660222683,68
chr01,9075749,1.3513513513513505e-05,0.0626838235294361,0.8030809857471797,0.09524065660222683,68
chr01,9131130,-1.3888888888888895e-05,0.07072499235240919,0.7910887788939426,0.10177477564238743,70
chr01,9151688,-1.3513513513513522e-05,0.06473429951690013,0.7999431467925541,0.09694087789763972,69
chr01,9164490,0.0,0.0,1.0,-0.0,64
chr01,9174375,-1.4285714285714309e-05,0.0662127886797711,0.7977584678310339,0.09812857727826393,66
chr01,9177366,-1.3157894736842108e-05,0.06305418719213049,0.802489464035981,0.09556066078112438,70
chr01,9177452,-1.3157894736842108e-05,0.06305418719213049,0.802489464035981,0.09556066078112438,70
chr01,9192007,1.388888888888891e-05,0.0786299329858613,0.7800398212065802,0.10788322591357292,68
chr01,9234479,1.3157894736842114e-05,0.061057706440909076,0.8055875373194845,0.0938872610681967,69
chr01,9241098,2.8571428571428588e-05,0.289044289044315,0.5926982138345094,0.22716638155630026,66
chr01,9246973,1.3157894736842116e-05,0.061057706440909076,0.8055875373194845,0.0938872610681967,69
chr01,9252411,-1.2820512820512823e-05,0.0556265984654955,0.8142771625958192,0.08922774535907112,68
chr01,9275351,1.3513513513513527e-05,0.060634328358201386,0.8062721061705144,0.09351836481403282,67
chr01,9287568,-1.2820512820512833e-05,0.05951439864485737,0.8079996477031648,0.09258882858259809,70
chr01,9300640,1.2820512820512833e-05,0.05951439864485737,0.8079996477031648,0.09258882858259809,70
chr01,9377708,-1.4745905746097453e-20,0.0,1.0,-0.0,68
chr01,9377823,1.3513513513513525e-05,0.05858585858585126,0.809519096285539,0.09177290192776094,66
chr01,9397161,-6.410256410256419e-06,0.014876033057849174,0.9033131003268572,0.04416169135242309,65
chr01,9397207,-6.410256410256419e-06,0.014876033057849174,0.9033131003268572,0.04416169135242309,65
chr01,9397225,5.76923076923077e-06,0.012361576100946696,0.9118194785724577,0.04009113450060998,66
chr01,9397285,-5.76923076923077e-06,0.012361576100946696,0.9118194785724577,0.04009113450060998,66
chr01,9407647,-3.174603174603177e-05,0.329787234042559,0.5678621644541253,0.2457570665449073,64
chr01,9428034,5.905905905905913e-05,1.1521075333105883,0.2872683572471332,0.5417122091274177,64
chr01,9434412,-4.554554554554557e-05,0.6246860886154307,0.43232400805939997,0.3641906463118115,64
chr01,9439774,6.0123784261715384e-05,1.3497744360902912,0.2495018482696804,0.6029262328447992,68
chr01,9466626,-5.733082706766921e-05,1.1566733208021822,0.28619432527663397,0.543338981776373,66
chr01,9466654,-5.733082706766921e-05,1.1566733208021822,0.28619432527663397,0.543338981776373,66
chr01,9466820,-5.799220272904491e-05,1.140825943236392,0.2895535827930648,0.5382710569518772,65
chr01,9478906,4.230769230769237e-05,0.6323110121239912,0.4293169160868888,0.36722199896884106,69
chr01,9516454,-6.135902636916841e-05,1.2287601932223293,0.27199974604582,0.565431501447237,63
chr01,9516496,-6.135902636916841e-05,1.2287601932223293,0.27199974604582,0.565431501447237,63
chr01,9555969,4.483430799220279e-05,0.7364065736777486,0.39406750620025965,0.4044293744714231,65
chr01,9584705,4.285714285714287e-05,0.6208315641637056,0.43355923240821925,0.36295156127717015,68
chr01,9614320,4.2247386759581945e-05,0.6185278831709857,0.43436778679899557,0.36214238998961795,69
chr01,9614326,4.1631623212783885e-05,0.6222857142857109,0.43294091446947924,0.36357136986093747,70
chr01,9625578,4.1631623212783885e-05,0.6222857142857109,0.43294091446947924,0.36357136986093747,70
chr01,9628359,4.3498168498168566e-05,0.623396013878566,0.43265889896800425,0.3638543592482595,67
chr01,9628383,4.417293233082712e-05,0.6262419547026661,0.43166024877141995,0.36485794331523663,66
chr01,9629227,-4.1631623212783905e-05,0.6222857142857109,0.43294091446947924,0.36357136986093747,70
chr01,9680261,4.1770057899090214e-05,0.6371057513915142,0.4275395927452559,0.3690236607847273,70
chr01,9698168,4.2982456140350944e-05,0.6357611111557092,0.42810923266332623,0.36844540600942166,68
chr01,9698271,4.2982456140350944e-05,0.6357611111557092,0.42810923266332623,0.36844540600942166,68
chr01,9714835,-4.1770057899090214e-05,0.6371057513915142,0.4275395927452559,0.3690236607847273,70
chr01,9715036,-4.230769230769237e-05,0.6323110121239911,0.4293169160868888,0.36722199896884106,69
chr01,9780646,1.2820512820512849e-05,0.05757002921463368,0.8111112409658021,0.09091957979057566,69
chr01,9897171,-1.5625000000000034e-05,0.08895008605853953,0.7664255977144137,0.11552999876188329,70
chr01,9897214,-1.5625000000000034e-05,0.08895008605853953,0.7664255977144137,0.11552999876188329,70
chr01,9901996,-1.5625000000000034e-05,0.08895008605853953,0.7664255977144137,0.11552999876188329,70
chr01,9901997,-1.5625000000000034e-05,0.08895008605853953,0.7664255977144137,0.11552999876188329,70
chr01,9953575,-1.5625000000000034e-05,0.08895008605853953,0.7664255977144137,0.11552999876188329,70
chr01,9969187,1.666666666666666e-05,0.08720585327270826,0.7687309169033794,0.11422565207691904,65
chr01,9977282,-1.6666666666666705e-05,0.08213979679276909,0.7753894975791024,0.11048008567899192,63
chr01,9977298,-1.6666666666666705e-05,0.08213979679276909,0.7753894975791024,0.11048008567899192,63
chr01,10050044,1.5151515151515155e-05,0.08397863818426195,0.7728581879382631,0.11190018764177287,70
chr01,10050059,-1.5151515151515155e-05,0.08397863818426195,0.7728581879382631,0.11190018764177287,70
chr01,10156881,-1.3513513513513505e-05,0.06473429951690012,0.7999431467925541,0.09694087789763972,69
chr01,10185940,1.3157894736842133e-05,0.059062164419531805,0.8087381385752584,0.09219207589244127,68
chr01,10185946,1.3157894736842133e-05,0.059062164419531805,0.8087381385752584,0.09219207589244127,68
chr01,10230006,1.2500000000000012e-05,0.05615194054502282,0.813397139575277,0.08969735918598912,70
chr01,10230013,-1.2500000000000012e-05,0.05615194054502282,0.813397139575277,0.08969735918598912,70
chr01,10244168,1.7600684618270576e-21,0.0,1.0,-0.0,61
chr01,10244198,-2.5510639352600188e-20,0.0,1.0,-0.0,62
chr01,10244677,-1.2499999999999987e-05,0.05236314178852473,0.8197086716934421,0.08634047049018866,68
chr01,10313380,-1.250000000000001e-05,0.05425707184944981,0.8165247504457852,0.0880306464213531,69
chr01,10321578,6.018518518518516e-06,0.01527580582136081,0.9020170845988096,0.04478523665238038,67
chr01,10394012,1.6129032258064554e-05,0.09178743961352524,0.7628556601698584,0.11755762708021775,69
chr01,10420364,1.3888888888888901e-05,0.06867088607595699,0.7941505840318928,0.10009714037709713,64
chr01,10486902,-1.5625000000000014e-05,0.08419560595324334,0.7725999017457906,0.11204535142193063,68
chr01,10489689,-1.200366690966097e-20,0.0,1.0,-0.0,67
chr01,10516511,1.5625000000000044e-05,0.08657237646239048,0.7694904001068018,0.11379679390482132,69
chr01,10545704,-1.47058823529412e-05,0.07930029154518727,0.7791030841146338,0.10840507647337351,70
chr01,10561506,-1.4705882352941155e-05,0.07259620266016652,0.7884470398675569,0.10322747299548488,67
chr01,10561601,-1.4705882352941189e-05,0.07482993197282231,0.7852842374037242,0.10497311982424265,68
chr01,10638184,-1.47058823529412e-05,0.07930029154518728,0.7791030841146338,0.10840507647337351,70
chr01,10682142,1.4705882352941189e-05,0.07482993197282231,0.7852842374037242,0.10497311982424265,68
chr01,10744673,1.4705882352941185e-05,0.07930029154518728,0.7791030841146338,0.10840507647337351,70
chr01,10748216,1.5625e-05,0.08419560595324334,0.7725999017457906,0.11204535142193063,68
chr01,10763542,1.4705882352941167e-05,0.07259620266016649,0.7884470398675569,0.10322747299548488,67
chr01,10858351,1.5151515151515165e-05,0.07476635514020141,0.7853998118129064,0.10490920712547593,66
chr01,10858382,1.5151515151515165e-05,0.07476635514020141,0.7853998118129064,0.10490920712547593,66
chr01,10872366,-1.562500000000002e-05,0.08181981657973371,0.7757558935561072,0.11027491631850053,67
chr01,10891779,2.9857397504456403e-05,0.32507277748752483,0.5705404939110004,0.24371352625366616,67
chr01,10891825,2.9857397504456403e-05,0.32507277748752483,0.5705404939110004,0.24371352625366616,67
chr01,10917515,1.5625000000000014e-05,0.09112426035504982,0.7637469924431217,0.11705048695289576,65
chr01,10918352,-6.295190098863501e-21,0.0,1.0,-0.0,63
chr01,10932849,1.612903225806455e-05,0.08933274802462017,0.7659662383685103,0.11579037242143247,68
chr01,11073471,-1.5625000000000027e-05,0.08657237646239047,0.7694904001068018,0.11379679390482132,69
chr01,11073507,1.562500000000003e-05,0.08657237646239047,0.7694904001068018,0.11379679390482132,69
chr01,11073926,3.279569892473123e-05,0.32426344715743144,0.571218412384771,0.24319780216285664,61
chr01,11102212,1.5151515151515166e-05,0.07937053326004842,0.7790337428019035,0.10844373103693475,68
chr01,11103191,-1.5625000000000017e-05,0.08419560595324337,0.7725999017457906,0.11204535142193063,68
chr01,11103468,-1.5625000000000014e-05,0.08181981657973371,0.7757558935561072,0.11027491631850053,67
chr01,11103477,1.5625000000000014e-05,0.08181981657973371,0.7757558935561072,0.11027491631850053,67
chr01,11119532,-3.788878559761171e-21,0.0,1.0,-0.0,67
chr01,11119538,-3.788878559761171e-21,0.0,1.0,-0.0,67
chr01,11119556,-3.788878559761171e-21,0.0,1.0,-0.0,67
chr01,11119615,1.5625000000000004e-05,0.08419560595324338,0.7725999017457906,0.11204535142193063,68
chr01,11161920,-1.7241379310344845e-05,0.0954223081882643,0.7583971411000076,0.12010331280979929,66
chr01,11185305,-1.562500000000002e-05,0.08895008605853953,0.7664255977144137,0.11552999876188329,70
chr01,11185847,2.2258828385225822e-21,0.0,1.0,-0.0,63
chr01,11228673,1.8571981658316576e-20,0.0,1.0,-0.0,63
chr01,11228674,1.8571981658316576e-20,0.0,1.0,-0.0,63
chr01,11272754,-1.562500000000002e-05,0.08895008605853953,0.7664255977144137,0.11552999876188329,70
chr01,11273840,-3.703703703703707e-05,0.44804687499999374,0.5057490139839014,0.29606495526357024,64
chr01,11277599,1.612903225806452e-05,0.0868790376475818,0.7691223111613268,0.11400459018747049,67
chr01,11277701,-1.612903225806455e-05,0.08933274802462018,0.7659662383685103,0.11579037242143247,68
chr01,11280259,-1.562500000000002e-05,0.08895008605853953,0.7664255977144137,0.11552999876188329,70
chr01,11280262,-1.5625000000000014e-05,0.08657237646239047,0.7694904001068018,0.11379679390482132,69
chr01,11280265,-1.5625000000000014e-05,0.08657237646239047,0.7694904001068018,0.11379679390482132,69
chr01,11304054,-1.6129032258064544e-05,0.08933274802462017,0.7659662383685103,0.11579037242143247,68
chr01,11305984,-3.018018018018021e-05,0.3286048441862389,0.5684597415506272,0.24530028672208498,67
chr01,11345233,6.791026679511422e-22,0.0,1.0,-0.0,61
chr01,11359110,1.7857142857142862e-05,0.10423091155790713,0.747846527006281,0.1261875188641921,67
chr01,11401335,-6.079854809437393e-05,1.344550787279974,0.2504748361564138,0.6012358988081485,67
chr01,11401419,-4.507857733664189e-05,0.7431772606015645,0.3916749940887906,0.4070741544565097,70
chr01,11441819,4.541595925297118e-05,0.7347263847422544,0.39441111379692173,0.40405085591979156,69
chr01,11441912,-4.507857733664189e-05,0.7431772606015645,0.3916749940887906,0.4070741544565097,70
chr01,11443689,4.507857733664189e-05,0.7431772606015645,0.3916749940887906,0.4070741544565097,70
chr01,11447939,-4.6153846153846185e-05,0.753854702041914,0.3883579585232687,0.4107677905292112,69
chr01,11487288,-5.019493177387916e-05,0.7814096231301503,0.3800714618158074,0.42013473876631485,65
chr01,11516164,4.577157802964263e-05,0.7263599846673068,0.3971477316808487,0.40104791359124603,68
chr01,11542476,4.615384615384619e-05,0.753854702041914,0.3883579585232687,0.4107677905292112,69
chr01,11542589,4.7303271441202514e-05,0.7654129154073187,0.38481253133891113,0.4147507936957489,68
chr01,11675624,-4.4763513513513556e-05,0.7172179095831775,0.40007293316602455,0.39786082971140313,69
chr01,11706459,-4.5955882352941196e-05,0.8217770929635266,0.36806156025043446,0.4340795371929631,66
chr01,11767703,4.4191919191919226e-05,0.7012140422223629,0.40535319319111507,0.3921664014555891,69
chr01,11767724,4.4191919191919226e-05,0.7012140422223629,0.40535319319111507,0.3921664014555891,69
chr01,11767762,4.4191919191919226e-05,0.7012140422223629,0.40535319319111507,0.3921664014555891,69
chr01,11798869,-4.5138888888888934e-05,0.7093163751986433,0.40271243551786184,0.3950049594330419,68
chr01,11811724,-5.092592592592596e-05,0.7613202681794896,0.38633731923976067,0.41303333804449543,63
chr01,11811896,5.092592592592596e-05,0.7613202681794896,0.38633731923976067,0.41303333804449543,63
chr01,11815938,4.6543778801843366e-05,0.7099094867143841,0.4026116298813669,0.3951136841906498,66
chr01,11822703,-3.095238095238098e-05,0.32668528121261586,0.5696511172823722,0.24439104648218155,65
chr01,11828615,-4.3300653594771264e-05,0.6937187891553236,0.4078182228328253,0.38953337223388934,70
chr01,11902056,4.476351351351358e-05,0.7172179095831774,0.40007293316602455,0.39786082971140313,69
chr01,11905265,-4.513888888888894e-05,0.7093163751986433,0.40271243551786184,0.3950049594330419,68
chr01,11925713,4.614695340501798e-05,0.718085078688067,0.39988222918696736,0.3980678955352097,67
chr01,11939262,-4.541595925297119e-05,0.7347263847422544,0.39441111379692173,0.40405085591979156,69
chr01,11939430,-4.541595925297119e-05,0.7347263847422544,0.39441111379692173,0.40405085591979156,69
chr01,11952099,4.577157802964264e-05,0.7263599846673068,0.3971477316808487,0.40104791359124603,68
chr01,11968696,4.684684684684688e-05,0.7362569694329024,0.3940155343080125,0.40448665550626217,67
chr01,11995716,-3.1527093596059144e-05,0.32750082535487746,0.5692037769828154,0.24473222679338794,64
chr01,12026882,4.614695340501798e-05,0.7180850786880671,0.39988222918696736,0.3980678955352097,67
chr01,12026917,4.614695340501798e-05,0.7180850786880671,0.39988222918696736,0.3980678955352097,67
chr01,12026918,4.614695340501798e-05,0.7180850786880671,0.39988222918696736,0.3980678955352097,67
chr01,12027194,4.577157802964263e-05,0.7263599846673069,0.3971477316808487,0.40104791359124603,68
chr01,12027210,4.577157802964263e-05,0.7263599846673069,0.3971477316808487,0.40104791359124603,68
chr01,12037878,-4.614695340501798e-05,0.7180850786880671,0.39988222918696736,0.3980678955352097,67
chr01,12038367,4.541595925297118e-05,0.7347263847422544,0.39441111379692173,0.40405085591979156,69
chr01,12051702,4.4407894736842156e-05,0.7252139565502904,0.397428087428082,0.4007414432554573,70
chr01,12051758,4.4407894736842156e-05,0.7252139565502904,0.397428087428082,0.4007414432554573,70
chr01,12068868,4.476351351351356e-05,0.7172179095831772,0.40007293316602455,0.39786082971140313,69
chr01,12085996,-4.577157802964259e-05,0.7263599846673069,0.3971477316808487,0.40104791359124603,68
chr01,12086018,-4.577157802964259e-05,0.7263599846673069,0.3971477316808487,0.40104791359124603,68
chr01,12140449,4.476351351351356e-05,0.7172179095831772,0.40007293316602455,0.39786082971140313,69
chr01,12196245,-1.7857142857142886e-05,0.10695187165778965,0.7446763996492779,0.12803240963790088,68
chr01,12196479,-1.724137931034482e-05,0.10329941412272446,0.748906083407064,0.12557264160018727,69
chr01,12198146,3.167641325536065e-05,0.3343676002286517,0.5651599041087025,0.24782865723046793,65
chr01,12198551,3.238866396761136e-05,0.3364993215739473,0.5639591797629389,0.2487523297848852,64
chr01,12198568,3.238866396761136e-05,0.3364993215739473,0.5639591797629389,0.2487523297848852,64
chr01,12241450,-1.7857142857142886e-05,0.10967381323111941,0.7415493682386629,0.12985993075842195,69
chr01,12241559,1.9230769230769255e-05,0.11803002790201651,0.7322897846955656,0.13531702414703603,67
chr01,12306139,-1.3157894736842116e-05,0.06040167865705422,0.8066739652753354,0.09330195932047398,64
chr01,12326133,1.7857142857142862e-05,0.10967381323111944,0.7415493682386629,0.12985993075842195,69
chr01,12355785,-1.8518518518518535e-05,0.11087420042643772,0.7402226854004316,0.13063760933377694,67
chr01,12359381,-1.8518518518518525e-05,0.11652173913043319,0.7339062419395777,0.13435941857045317,69
chr01,12363159,-1.7857142857142865e-05,0.1123966942148698,0.7384639422849163,0.13167070556394742,70
chr01,12363266,-1.7857142857142865e-05,0.1123966942148698,0.7384639422849163,0.13167070556394742,70
chr01,12363418,-1.8518518518518525e-05,0.11652173913043319,0.7339062419395777,0.13435941857045317,69
chr01,12363419,-1.8518518518518525e-05,0.11652173913043319,0.7339062419395777,0.13435941857045317,69
chr01,12384740,-1.7857142857142865e-05,0.1123966942148698,0.7384639422849163,0.13167070556394742,70
chr01,12417317,3.173076923076925e-05,0.3402609956500141,0.5617286249519076,0.2504734444843663,66
chr01,12434221,1.923076923076923e-05,0.12096351893875965,0.7290986116693556,0.1372137287361437,68
chr01,12486365,-1.8518518518518542e-05,0.11934693877550852,0.7308103029356317,0.13619533860938576,70
chr01,12493893,3.2500000000000024e-05,0.34310850439878016,0.5601330167157227,0.2517088273404732,65
chr01,12493930,3.1730769230769254e-05,0.3402609956500141,0.5617286249519076,0.2504734444843663,66
chr01,12493948,3.1730769230769254e-05,0.3402609956500141,0.5617286249519076,0.2504734444843663,66
chr01,12530015,1.9230769230769228e-05,0.12389799165701804,0.7259493809550219,0.13909366075766294,69
chr01,12611434,1.923076923076923e-05,0.12096351893875965,0.7290986116693556,0.1372137287361437,68
chr01,12611698,1.923076923076923e-05,0.11509756316880537,0.735524362132516,0.13340293794053606,66
chr01,12617304,1.923076923076923e-05,0.12096351893875965,0.7290986116693556,0.1372137287361437,68
chr01,12649944,1.1363636363636387e-05,0.04251376938500505,0.8372688068042188,0.07713508851838867,69
chr01,12650071,1.1363636363636378e-05,0.04423317488118296,0.8340493139406251,0.07880827053835407,70
chr01,12653963,1.1627906976744224e-05,0.04524440288815914,0.8322011037916907,0.0797717125152867,69
chr01,12654034,1.1627906976744224e-05,0.04524440288815914,0.8322011037916907,0.0797717125152867,69
chr01,12660499,-1.1904761904761922e-05,0.04630329195900986,0.8302889837603814,0.0807707242396017,68
chr01,12661778,-1.2195121951219513e-05,0.045568466621098196,0.8316407384820124,0.08006424461162116,66
chr01,12689845,-1.3157894736842113e-05,0.049100099810048516,0.8253767567611325,0.08334776535018694,63
chr01,12735413,8.543431753169084e-21,0.0,1.0,-0.0,67
chr01,12848587,5.085376043553016e-21,0.0,1.0,-0.0,67
chr01,12851467,-1.2195121951219518e-05,0.047413309392885204,0.8283091569846782,0.08180753747490928,67
chr01,12851507,-1.2195121951219518e-05,0.047413309392885204,0.8283091569846782,0.08180753747490928,67
chr01,12930892,-1.1904761904761903e-05,0.04810530514558967,0.827060420978967,0.08246276186313388,69
chr01,12955242,-1.1904761904761917e-05,0.04990825688073115,0.8238927647849821,0.08412931098835132,70
chr01,12955431,-1.1904761904761929e-05,0.04630329195900987,0.8302889837603814,0.0807707242396017,68
chr01,12993768,-1.1904761904761922e-05,0.04630329195900986,0.8302889837603814,0.0807707242396017,68
chr01,13016943,-1.2195121951219521e-05,0.04372469635627531,0.8350413174187641,0.07829203531515214,65
chr01,13016963,-1.2195121951219521e-05,0.04372469635627531,0.8350413174187641,0.07829203531515214,65
chr01,13056378,1.3157894736842116e-05,0.06040167865705422,0.8066739652753354,0.09330195932047398,64
chr01,13122568,-1.2195121951219523e-05,0.051106025934401215,0.8218379925311342,0.08521378572536019,69
chr01,13147722,1.2500000000000007e-05,0.0466874166296287,0.8296291575258403,0.08111599296176561,65
chr01,13160305,1.25e-05,0.05236314178852474,0.8197086716934421,0.08634047049018866,68
chr01,13162656,1.2510025067140441e-20,0.0,1.0,-0.0,67
chr01,13162664,1.2510025067140441e-20,0.0,1.0,-0.0,67
chr01,13202855,9.010532960132552e-21,0.0,1.0,-0.0,68
chr01,13208439,4.2247386759581945e-05,0.6185278831709857,0.43436778679899557,0.36214238998961795,69
chr01,13217273,-4.224738675958196e-05,0.6185278831709856,0.43436778679899557,0.36214238998961795,69
chr01,13353605,1.1363636363636371e-05,0.04251376938500505,0.8372688068042188,0.07713508851838867,69
chr01,13388265,1.111111111111112e-05,0.041585127201564966,0.8390217119707175,0.07622680047396092,70
chr01,13397811,4.7326285306906124e-21,0.0,1.0,-0.0,69
chr01,13397915,2.644395542647581e-21,0.0,1.0,-0.0,68
chr01,13415361,1.250000000000001e-05,0.05966749396524024,0.8077916666443802,0.09270063141984242,67
chr01,13471583,1.1904761904761903e-05,0.048105305145589666,0.827060420978967,0.08246276186313388,69
chr01,13471715,4.054054054054058e-05,0.5692749461593948,0.4534502094420573,0.34347039317215,63
chr01,13806665,1.666666666666668e-05,0.09988982739627353,0.752929969350954,0.12324541601551889,70
chr01,13822518,1.666666666666668e-05,0.09988982739627353,0.752929969350954,0.12324541601551889,70
chr01,13822816,-1.6666666666666684e-05,0.09735106739691175,0.7560008474644699,0.12147771766157572,69
chr01,13878919,-1.3888888888888908e-05,0.06229316721822767,0.8037068752498597,0.09490231651684128,66
chr01,13889977,1.3157894736842116e-05,0.05906216441953181,0.8087381385752584,0.09219207589244127,68
chr01,13890116,1.3157894736842121e-05,0.05906216441953181,0.8087381385752584,0.09219207589244127,68
chr01,13904108,1.2820512820512823e-05,0.05951439864485735,0.8079996477031648,0.09258882858259809,70
chr01,13904164,1.2820512820512823e-05,0.05951439864485735,0.8079996477031648,0.09258882858259809,70
chr01,13904423,1.2820512820512823e-05,0.05951439864485735,0.8079996477031648,0.09258882858259809,70
chr01,13939666,2.7202205044439203e-21,0.0,1.0,-0.0,67
chr01,13963530,-1.3157894736842113e-05,0.061057706440909076,0.8055875373194845,0.0938872610681967,69
chr01,13969760,1.3157894736842111e-05,0.05906216441953181,0.8087381385752584,0.09219207589244127,68
chr01,14001697,2.5895007244631413e-21,0.0,1.0,-0.0,67
chr01,14001985,1.351351351351353e-05,0.06063432835820139,0.8062721061705144,0.09351836481403282,67
chr01,14121912,1.4285714285714299e-05,0.07572115384617906,0.7840824532517245,0.10563826498219964,65
chr01,14141834,1.7241379310344825e-05,0.10329941412272446,0.748906083407064,0.12557264160018727,69
chr01,14148911,1.7241379310344855e-05,0.10067271589490771,0.7520254149244502,0.12376748204807085,68
chr01,14148959,1.7241379310344835e-05,0.09804699904731527,0.7551885491266817,0.1219446038381627,67
chr01,14149022,1.7241379310344835e-05,0.09804699904731527,0.7551885491266817,0.1219446038381627,67
chr01,14169783,1.666666666666668e-05,0.09481324663543353,0.7591147005506755,0.11969259821168511,68
chr01,14170065,-1.612903225806454e-05,0.09178743961352527,0.7628556601698584,0.11755762708021775,69
chr01,14233812,1.3888888888888905e-05,0.07613829586246831,0.783475927422438,0.10597434284339259,67
chr01,14233831,-1.3888888888888905e-05,0.07613829586246831,0.783475927422438,0.10597434284339259,67
chr01,14233883,1.3888888888888905e-05,0.07613829586246831,0.783475927422438,0.10597434284339259,67
chr01,14233904,1.3888888888888905e-05,0.07613829586246831,0.783475927422438,0.10597434284339259,67
chr01,14251062,2.9138513513513526e-05,0.32696796095899155,0.5693634522730682,0.24461041387601984,69
chr01,14268186,-3.194726166328604e-05,0.32653581442772733,0.5698056663126143,0.2442732363249284,63
chr01,14277346,-1.5625e-05,0.08419560595324337,0.7725999017457906,0.11204535142193063,68
chr01,14308480,1.6129032258064527e-05,0.094243070362472,0.7597888724082098,0.11930707125392258,70
chr01,14313528,-1.6666666666666667e-05,0.08720585327270826,0.7687309169033794,0.11422565207691904,65
chr01,14321191,1.612903225806455e-05,0.08933274802462014,0.7659662383685103,0.11579037242143247,68
chr01,14328568,-3.4482758620689684e-05,0.4171952078928764,0.520649203881715,0.2834547913467423,66
chr01,14334310,0.0,0.0,1.0,-0.0,65
chr01,14334327,0.0,0.0,1.0,-0.0,64
chr01,14334483,0.0,0.0,1.0,-0.0,65
chr01,14335988,-4.722222222222226e-05,0.7275874277172583,0.3968474026420452,0.40137645779734954,66
chr01,14340587,-1.2529456606542618e-20,0.0,1.0,-0.0,66
chr01,14366904,4.177005789909021e-05,0.6371057513915139,0.4275395927452559,0.3690236607847273,70
chr01,14366920,4.177005789909021e-05,0.6371057513915139,0.4275395927452559,0.3690236607847273,70
chr01,14366930,-4.177005789909021e-05,0.6371057513915139,0.4275395927452559,0.3690236607847273,70
chr01,14366940,4.177005789909021e-05,0.6371057513915139,0.4275395927452559,0.3690236607847273,70
chr01,14366958,-4.177005789909021e-05,0.6371057513915139,0.4275395927452559,0.3690236607847273,70
chr01,14371878,4.244482173174877e-05,0.6408490580475028,0.42623306807446937,0.37035285981851956,69
chr01,14376451,-3.083491461100572e-05,0.32543908447905245,0.5703862766818857,0.24383093202194697,65
chr01,14377487,4.5019157088122624e-05,0.6381611830792564,0.42737886395114033,0.3691869597020522,65
chr01,14474536,3.1754032258064554e-05,0.3245502913605602,0.5709779777652315,0.24338064187582947,63
chr01,14477050,-2.9857397504456396e-05,0.3250727774875248,0.5705404939110004,0.24371352625366616,67
chr01,14477116,-2.857142857142857e-05,0.298507462686594,0.5866901990839675,0.23159116680208242,67
chr01,14477117,-2.857142857142857e-05,0.298507462686594,0.5866901990839675,0.23159116680208242,67
chr01,14477119,-2.857142857142857e-05,0.298507462686594,0.5866901990839675,0.23159116680208242,67
chr01,14477138,-2.857142857142857e-05,0.298507462686594,0.5866901990839675,0.23159116680208242,67
chr01,14477151,-2.857142857142857e-05,0.298507462686594,0.5866901990839675,0.23159116680208242,67
chr01,14512084,-1.6129032258064544e-05,0.09112978524743105,0.7637725742133046,0.11703594046606666,63
chr01,14512153,-1.6129032258064544e-05,0.09112978524743105,0.7637725742133046,0.11703594046606666,63
chr01,14548652,-4.292929292929296e-05,0.6613272311212673,0.41897229690844595,0.3778146923023176,69
chr01,14579624,-4.696394686907026e-05,0.7018419482254894,0.4053325465398532,0.3921885227937978,65
chr01,14775776,-4.6653144016227216e-05,0.6469293959031733,0.42433626721102846,0.3722898483264421,63
chr01,14968061,-7.268907563025215e-05,1.9349818732020079,0.16881682869716952,0.7725842624140209,69
chr01,14968107,-7.323232323232328e-05,1.9614648240330874,0.16597103048420483,0.7799677095430463,69
chr01,14975246,5.092592592592596e-05,0.7613202681794897,0.38633731923976067,0.41303333804449543,63
chr01,14975473,4.960317460317465e-05,0.7491107330652579,0.390094725451293,0.40882992183095274,64
chr01,15002687,4.4191919191919226e-05,0.7012140422223629,0.40535319319111507,0.3921664014555891,69
chr01,15002719,4.4191919191919226e-05,0.7012140422223629,0.40535319319111507,0.3921664014555891,69
chr01,15015471,-4.440789473684215e-05,0.7252139565502906,0.397428087428082,0.4007414432554573,70
chr01,15015693,-4.4763513513513536e-05,0.7172179095831775,0.40007293316602455,0.39786082971140313,69
chr01,15028742,-3.128054740957969e-05,0.32492630199806305,0.5707219303448111,0.2435754390950787,64
chr01,15044359,2.9138513513513526e-05,0.32696796095899155,0.5693634522730682,0.24461041387601984,69
chr01,15127607,-4.513888888888892e-05,0.7093163751986431,0.40271243551786184,0.3950049594330419,68
chr01,15134545,-3.0303030303030346e-05,0.3466386554621729,0.5580318033526208,0.25334104904278976,68
chr01,15134553,-3.0303030303030346e-05,0.3466386554621729,0.5580318033526208,0.25334104904278976,68
chr01,15348742,4.5535714285714334e-05,0.7015174336822638,0.40534345413583994,0.39217683598243486,67
chr01,15348743,4.5535714285714334e-05,0.7015174336822638,0.40534345413583994,0.39217683598243486,67
chr01,15348787,4.5535714285714334e-05,0.7015174336822638,0.40534345413583994,0.39217683598243486,67
chr01,15355140,-4.419191919191924e-05,0.7012140422223632,0.40535319319111507,0.3921664014555891,69
chr01,15368043,4.3816543816543875e-05,0.7087615163322086,0.40280639117943895,0.3949036472744699,70
chr01,15376330,5.9821428571428605e-05,1.3225022775585145,0.25435702203149396,0.5945562683041671,67
chr02,34602,1.6129032258064527e-05,0.09982174688056904,0.7530717275825394,0.12316365672129091,66
chr02,34662,1.6129032258064527e-05,0.09982174688056904,0.7530717275825394,0.12316365672129091,66
chr02,41239,1.3513513513513544e-05,0.06678571428574023,0.7968561991657952,0.09862004440500619,70
chr02,293525,1.38888888888889e-05,0.06439962926268733,0.8004736250649407,0.0966529731481326,67
chr02,293547,1.38888888888889e-05,0.06439962926268733,0.8004736250649407,0.0966529731481326,67
chr02,293575,1.38888888888889e-05,0.06439962926268733,0.8004736250649407,0.0966529731481326,67
chr02,293599,1.38888888888889e-05,0.06439962926268733,0.8004736250649407,0.0966529731481326,67
chr02,293658,1.4705882352941187e-05,0.0681318681318984,0.7949278272961905,0.0996722998087618,65
chr02,293685,1.4285714285714299e-05,0.06621278867977111,0.7977584678310339,0.09812857727826393,66
chr02,293721,1.4285714285714316e-05,0.06404608607253912,0.8010355671013085,0.09634820020427012,65
chr02,293730,1.4285714285714299e-05,0.06621278867977111,0.7977584678310339,0.09812857727826393,66
chr02,293739,1.4285714285714299e-05,0.06621278867977111,0.7977584678310339,0.09812857727826393,66
chr02,293756,1.4285714285714299e-05,0.06621278867977111,0.7977584678310339,0.09812857727826393,66
chr02,298597,1.428571428571429e-05,0.07054936512052101,0.7913664956780773,0.10162234053719627,68
chr02,298649,1.428571428571429e-05,0.07054936512052101,0.7913664956780773,0.10162234053719627,68
chr02,298747,1.428571428571429e-05,0.07054936512052101,0.7913664956780773,0.10162234053719627,68
chr02,298796,1.428571428571429e-05,0.07054936512052101,0.7913664956780773,0.10162234053719627,68
chr02,298809,1.428571428571429e-05,0.07054936512052101,0.7913664956780773,0.10162234053719627,68
chr02,365421,3.033088235294121e-05,0.32517321016169565,0.5705117578259874,0.24373540066500232,66
chr02,479673,-4.244482173174876e-05,0.6408490580475025,0.42623306807446937,0.37035285981851956,69
chr02,479705,4.244482173174876e-05,0.6408490580475025,0.42623306807446937,0.37035285981851956,69
chr02,496658,-4.4700460829493145e-05,0.6542290827390841,0.4216014339289147,0.37509792069314724,66
chr02,605711,-4.194078947368428e-05,0.6461285549893395,0.4243013477510773,0.3723255887379181,70
chr02,605934,-4.265202702702706e-05,0.6505102016536238,0.4227840496677988,0.3738814056406938,69
chr02,605967,-4.265202702702706e-05,0.6505102016536238,0.4227840496677988,0.3738814056406938,69
chr02,613501,4.265202702702704e-05,0.6505102016536239,0.4227840496677988,0.3738814056406938,69
chr02,613645,4.265202702702704e-05,0.6505102016536239,0.4227840496677988,0.3738814056406938,69
chr02,626720,-7.410714285714293e-05,1.8916949360190374,0.17373260922477085,0.7601186577923637,67
chr02,699643,-7.196969696969707e-05,1.892517148744076,0.17350002144264945,0.7607004671991954,69
chr02,699656,-7.196969696969707e-05,1.892517148744076,0.17350002144264945,0.7607004671991954,69
chr02,708343,-7.316017316017322e-05,1.9015619830041879,0.17255911747369906,0.7630620890302374,68
chr02,749046,-7.226890756302524e-05,1.9120402525041953,0.171328281762757,0.7661709405973561,69
chr02,781760,-7.316017316017321e-05,1.9015619830041877,0.17255911747369906,0.7630620890302374,68
chr02,781800,-7.316017316017321e-05,1.9015619830041877,0.17255911747369906,0.7630620890302374,68
chr02,790959,-7.291666666666673e-05,1.8835177635411797,0.17458105562299336,0.7580028848273244,68
chr02,798479,-4.740957966764423e-05,0.8219088142471127,0.3681327057241557,0.43399559715655217,64
chr02,798522,-4.740957966764423e-05,0.8219088142471127,0.3681327057241557,0.43399559715655217,64
chr02,799153,-6.250000000000006e-05,1.3191489361702131,0.2551568268040775,0.5931928074858676,64
chr02,815683,-7.196969696969706e-05,1.892517148744076,0.17350002144264945,0.7607004671991954,69
chr02,815747,-7.196969696969706e-05,1.892517148744076,0.17350002144264945,0.7607004671991954,69
chr02,815781,-7.196969696969706e-05,1.892517148744076,0.17350002144264945,0.7607004671991954,69
chr02,815782,-7.107843137254905e-05,1.902145351738004,0.17235777560789783,0.7635691194075804,70
chr02,815792,-7.107843137254905e-05,1.902145351738004,0.17235777560789783,0.7635691194075804,70
chr02,875975,-7.500000000000009e-05,1.8676594211601856,0.17652541291602,0.7531927639604215,66
chr02,891708,-7.084357084357093e-05,1.8844883143820368,0.17433543385840644,0.7586143331126983,70
chr02,891709,7.084357084357093e-05,1.8844883143820368,0.17433543385840644,0.7586143331126983,70
chr02,999288,-4.3277310924369793e-05,0.6733441893995495,0.4147980925246666,0.38216324940912105,69
chr02,1030609,-4.265202702702706e-05,0.6505102016536239,0.4227840496677988,0.3738814056406938,69
chr02,1059038,-4.17700578990902e-05,0.6371057513915142,0.4275395927452559,0.3690236607847273,70
chr02,1062044,-4.17700578990902e-05,0.6371057513915142,0.4275395927452559,0.3690236607847273,70
chr02,1070851,-4.349816849816852e-05,0.623396013878566,0.43265889896800425,0.3638543592482595,67
chr02,1070859,-4.349816849816852e-05,0.623396013878566,0.43265889896800425,0.3638543592482595,67
chr02,1070873,-4.349816849816852e-05,0.623396013878566,0.43265889896800425,0.3638543592482595,67
chr02,1125865,-4.315605928509156e-05,0.6449312063809074,0.42481343876775257,0.37180175301330587,68
chr02,1125880,-6.036036036036038e-05,1.3346613545815884,0.2522068840498721,0.598243063424833,67
chr02,1150692,-4.5238095238095306e-05,0.6481887878701351,0.42378912085505815,0.3728501963115395,65
chr02,1156677,-2.7027027027027054e-05,0.2556473829201439,0.6148633792228813,0.21122137242134145,66
chr02,1171577,-4.2444821731748776e-05,0.6408490580475025,0.42623306807446937,0.37035285981851956,69
chr02,1201285,-1.3888888888888905e-05,0.06229316721822766,0.8037068752498597,0.09490231651684128,66
chr02,1220743,1.3513513513513512e-05,0.06473429951690013,0.7999431467925541,0.09694087789763972,69
chr02,1220758,1.3513513513513512e-05,0.06473429951690013,0.7999431467925541,0.09694087789763972,69
chr02,1225379,-1.612903225806453e-05,0.08823529411768374,0.7674586658274255,0.11494500567027675,62
chr02,1225462,-1.612903225806453e-05,0.08823529411768374,0.7674586658274255,0.11494500567027675,62
chr02,1254732,1.3888888888888923e-05,0.06650711676534304,0.7972944443090464,0.09838126213808734,68
chr02,1274986,-1.351351351351355e-05,0.06678571428574023,0.7968561991657952,0.09862004440500619,70
chr02,1334890,-3.0017921146953437e-05,0.3268292682926972,0.5695038698431433,0.24450332049477927,67
chr02,1335591,-1.3888888888888908e-05,0.06650711676534304,0.7972944443090464,0.09838126213808734,68
chr02,1335786,-1.351351351351355e-05,0.06678571428574023,0.7968561991657952,0.09862004440500619,70
chr02,1335891,1.351351351351355e-05,0.06678571428574023,0.7968561991657952,0.09862004440500619,70
chr02,1345013,-1.3513513513513508e-05,0.06268382352943612,0.8030809857471797,0.09524065660222683,68
chr02,1394126,1.3888888888888898e-05,0.06861558514105592,0.794166910030295,0.10008821232455797,69
chr02,1394259,1.3888888888888917e-05,0.06650711676534304,0.7972944443090464,0.09838126213808734,68
chr02,1401153,1.7361111111111313e-06,0.0011289191454391576,0.9732980152517171,0.011754162236566643,68
chr02,1401199,1.7361111111111313e-06,0.0011289191454391576,0.9732980152517171,0.011754162236566643,68
chr02,1401271,1.7361111111111313e-06,0.0011289191454391576,0.9732980152517171,0.011754162236566643,68
chr02,1413221,1.3157894736842103e-05,0.06305418719213049,0.802489464035981,0.09556066078112438,70
chr02,1451309,-1.3513513513513522e-05,0.06473429951690014,0.7999431467925541,0.09694087789763972,69
chr02,1469197,-1.4705882352941206e-05,0.07036349893492552,0.7916608002699546,0.10146085897329546,66
chr02,1546271,1.4285714285714299e-05,0.06838056413964372,0.7945362631122834,0.0998862765432449,67
chr02,1547180,-1.5151515151515165e-05,0.07476635514020141,0.7853998118129064,0.10490920712547593,66
chr02,1547209,-1.5151515151515165e-05,0.07476635514020141,0.7853998118129064,0.10490920712547593,66
chr02,1547287,1.5151515151515202e-05,0.07937053326004839,0.7790337428019035,0.10844373103693475,68
chr02,1555265,0.0,0.0,1.0,-0.0,65
chr02,1593592,-1.4285714285714302e-05,0.06838056413964372,0.7945362631122834,0.0998862765432449,67
chr02,1621844,-1.4285714285714307e-05,0.0727191470344012,0.7882468902782845,0.10333773391674696,69
chr02,1624748,8.658008658008684e-07,0.0002814931076855749,0.9866645317737205,0.005830483363320878,68
chr02,1651241,-1.470588235294118e-05,0.07706464228203143,0.782170249976375,0.10669870655929907,69
chr02,1660547,-1.4705882352941189e-05,0.07482993197282231,0.7852842374037242,0.10497311982424265,68
chr02,1660661,-1.470588235294118e-05,0.07706464228203144,0.782170249976375,0.10669870655929907,69
chr02,1665358,-1.4705882352941189e-05,0.07482993197282231,0.7852842374037242,0.10497311982424265,68
chr02,1693934,-1.5151515151515168e-05,0.08397863818426199,0.7728581879382631,0.11190018764177287,70
chr02,1696228,-1.5625000000000007e-05,0.08419560595324334,0.7725999017457906,0.11204535142193063,68
chr02,1708518,-1.5151515151515151e-05,0.08167411621293746,0.7759231117245666,0.11018131199973372,69
chr02,1715990,1.4705882352941177e-05,0.07706464228203143,0.782170249976375,0.10669870655929907,69
chr02,1717093,4.456327985739813e-07,7.241541044439309e-05,0.9932363684697139,0.002947386644115017,67
chr02,1718182,-1.5151515151515155e-05,0.08167411621293746,0.7759231117245666,0.11018131199973372,69
chr02,1723094,-4.761904761904764e-05,0.8516966337705246,0.3595938679838372,0.44418772273271523,65
chr02,1736310,1.612903225806455e-05,0.08933274802462014,0.7659662383685103,0.11579037242143247,68
chr02,1745680,1.6129032258064534e-05,0.09178743961352527,0.7628556601698584,0.11755762708021775,69
chr02,1761098,1.6129032258064557e-05,0.08933274802462016,0.7659662383685103,0.11579037242143247,68
chr02,1769725,0.0,0.0,1.0,-0.0,65
chr02,1775207,3.239289446186001e-05,0.3912494741270836,0.5340153798196645,0.27244623496652226,62
chr02,1775214,-3.239289446186e-05,0.3912494741270836,0.5340153798196645,0.27244623496652226,62
chr02,1776480,-1.61290322580645e-05,0.09424307036247201,0.7597888724082098,0.11930707125392258,70
chr02,1783925,8.27803010073393e-21,0.0,1.0,-0.0,67
chr02,1783928,8.27803010073393e-21,0.0,1.0,-0.0,67
chr02,1794326,1.6129032258064537e-05,0.08442635308306834,0.7723256992140046,0.11219951372936475,66
chr02,1794478,3.5087719298245644e-06,0.004563447477131411,0.9463454705878813,0.023950292159772197,68
chr02,1794506,2.9711375212224087e-06,0.00338236369836376,0.9537958106482305,0.0205445894470793,69
chr02,1798095,1.5625e-05,0.08419560595324335,0.7725999017457906,0.11204535142193063,68
chr02,1798116,1.5625000000000007e-05,0.08419560595324334,0.7725999017457906,0.11204535142193063,68
chr02,1798213,1.562500000000003e-05,0.08657237646239048,0.7694904001068018,0.11379679390482132,69
chr02,1798295,1.562500000000003e-05,0.08657237646239048,0.7694904001068018,0.11379679390482132,69
chr02,1816944,-1.5625000000000038e-05,0.08657237646239048,0.7694904001068018,0.11379679390482132,69
chr02,1829317,-1.5625000000000007e-05,0.08419560595324334,0.7725999017457906,0.11204535142193063,68
chr02,1856948,-3.0414746543778846e-05,0.3260768874478667,0.5699781318814456,0.24414180640716315,66
chr02,1857441,1.785714285714289e-05,0.12002763794294072,0.7301409828503658,0.13659327390377018,66
chr02,1857464,1.785714285714289e-05,0.12002763794294072,0.7301409828503658,0.13659327390377018,66
chr02,1857466,1.785714285714289e-05,0.12002763794294072,0.7301409828503658,0.13659327390377018,66
chr02,1886949,-1.612903225806454e-05,0.08933274802462016,0.7659662383685103,0.11579037242143247,68
chr02,1920140,1.4285714285714309e-05,0.07828282828285435,0.7805403966094449,0.10760461525298062,66
chr02,1982562,-3.174603174603177e-05,0.32978723404255894,0.5678621644541253,0.2457570665449073,64
chr02,2063304,-8.543431753169084e-21,0.0,1.0,-0.0,67
chr02,2124322,-1.9999999999999988e-05,0.12576008844664516,0.724017265717571,0.14025107701216413,67
chr02,2343576,3.399122807017548e-05,0.4106866858026644,0.5240614134348627,0.2806178161593445,62
chr02,2344997,1.8518518518518535e-05,0.11934693877550855,0.7308103029356317,0.13619533860938576,70
chr02,2345018,1.8518518518518535e-05,0.11934693877550855,0.7308103029356317,0.13619533860938576,70
chr02,2373063,-1.8518518518518545e-05,0.11652173913043316,0.7339062419395777,0.13435941857045317,69
chr02,2399168,2.7179487179487204e-05,0.25808220314869545,0.613243495543956,0.21236704950453428,64
chr02,2399169,2.7179487179487204e-05,0.25808220314869545,0.613243495543956,0.21236704950453428,64
chr02,2399194,2.7179487179487204e-05,0.25808220314869545,0.613243495543956,0.21236704950453428,64
chr02,2400360,1.8518518518518535e-05,0.11934693877550855,0.7308103029356317,0.13619533860938576,70
chr02,2400429,1.8518518518518535e-05,0.11934693877550855,0.7308103029356317,0.13619533860938576,70
chr02,2429402,7.319819819819817e-06,0.01542793925374016,0.9015718061141184,0.04499967797405453,61
chr02,2619196,1.9182038436282006e-20,0.0,1.0,-0.0,66
chr02,2649034,3.101503759398499e-05,0.3325460557392705,0.5661865093614331,0.24704048286863234,66
chr02,2649365,3.067765567765569e-05,0.3340492444580508,0.5652814193011986,0.24773528948695248,67
chr02,2655211,-3.282051282051285e-05,0.34101065658298246,0.5613651106892122,0.25075458262784406,64
chr02,2655212,-2.0000000000000005e-05,0.11965811965815121,0.7305581028472596,0.1363452379877621,65
chr02,2655466,-1.7857142857142882e-05,0.10967381323111941,0.7415493682386629,0.12985993075842195,69
chr02,2664549,-1.78571428571429e-05,0.10695187165778962,0.7446763996492779,0.12803240963790088,68
chr02,2687125,-3.071364046973806e-05,0.3395883777239681,0.5620526782864486,0.2502229783509136,68
chr02,2692793,9.07704144406423e-22,0.0,1.0,-0.0,68
chr02,2734415,3.190476190476192e-05,0.3474826458150229,0.5575850494337609,0.2536888795217151,67
chr02,2734417,3.190476190476192e-05,0.3474826458150229,0.5575850494337609,0.2536888795217151,67
chr02,2739955,4.761904761904767e-05,0.8074211502783656,0.3720545796329293,0.4293933453474476,70
chr02,2740069,4.761904761904767e-05,0.8074211502783656,0.3720545796329293,0.4293933453474476,70
chr02,2870084,-3.351648351648356e-05,0.331430150105855,0.5670076108986319,0.24641111156724474,61
chr02,2872687,2.0833333333333363e-05,0.12777640366066223,0.7219435055927097,0.14149678604434862,65
chr02,2932513,2.631578947368424e-05,0.25751435325901634,0.6136628640096029,0.2120701573803889,63
chr02,2940635,1.923076923076922e-05,0.12683340398476747,0.7228407126371212,0.14095739460625797,70
chr02,2947869,1.923076923076922e-05,0.12683340398476747,0.7228407126371212,0.14095739460625797,70
chr02,2950313,7.602862254025033e-06,0.021025188312428153,0.8851456787939297,0.05298524648894088,69
chr02,2950325,1.923076923076922e-05,0.12683340398476747,0.7228407126371212,0.14095739460625797,70
chr02,2950473,3.0858676207513454e-05,0.34636997077991344,0.5581541182752284,0.25324586651965225,69
chr02,2972156,3.393425238600215e-05,0.35264841805904623,0.5547782979603726,0.2558805361719337,64
chr02,2986992,1.1627906976744167e-05,0.04348513598990336,0.8354566811794457,0.07807606355928587,68
chr02,3016159,-1.1111111111111122e-05,0.041585127201564966,0.8390217119707175,0.07622680047396092,70
chr02,3016284,-1.1363636363636371e-05,0.042513769385005055,0.8372688068042188,0.07713508851838867,69
chr02,3218359,0.0,0.0,1.0,-0.0,65
chr02,3218405,0.0,0.0,1.0,-0.0,65
chr02,3269603,1.111111111111112e-05,0.041585127201564966,0.8390217119707175,0.07622680047396092,70
chr02,3269630,-1.1111111111111122e-05,0.041585127201564966,0.8390217119707175,0.07622680047396092,70
chr02,3369688,-2.1739130434782634e-05,0.15369110607208197,0.6963990274797817,0.1571418440458886,63
chr02,3402788,-4.222222222222227e-05,0.605465666929727,0.4391992858303597,0.3573383747514665,70
chr02,3402872,-4.222222222222227e-05,0.605465666929727,0.4391992858303597,0.3573383747514665,70
chr02,3411383,4.499494438827102e-05,0.6037548889301099,0.4400115307310354,0.35653594245189146,66
chr02,3449565,4.647435897435902e-05,0.6090512994028163,0.438163191621474,0.35836410862631746,63
chr02,3454692,4.7117516629711826e-05,0.6032279831537938,0.4403504355349064,0.3562015697753738,63
chr02,3457040,4.222222222222227e-05,0.605465666929727,0.4391992858303597,0.3573383747514665,70
chr02,3497435,4.3055555555555586e-05,0.6042380277592975,0.43970164722297056,0.3568419074107541,69
chr02,3497454,4.3055555555555586e-05,0.6042380277592975,0.43970164722297056,0.3568419074107541,69
chr02,3530603,7.681159420289863e-05,2.2310821218833023,0.14002470205243864,0.8537953427593428,68
chr02,3533387,6.56410256410257e-05,1.386927647675639,0.243425512823766,0.6136339063938696,64
chr02,3536147,7.200929152148667e-05,1.4756049186830076,0.2292224568421328,0.6397428369452216,62
chr02,3536152,7.200929152148667e-05,1.4756049186830076,0.2292224568421328,0.6397428369452216,62
chr02,3552472,-6.477732793522273e-05,1.3682758620689606,0.2465854930875556,0.6080324770401517,64
chr02,3700980,7.334525939177111e-05,1.8485564692172516,0.17850960665551904,0.7483384069735454,69
chr02,3747318,-0.00010096153846153851,3.2430379746835984,0.07667124539155998,1.1153674823249633,63
chr02,3776152,0.00010694444444444457,3.9102184248604472,0.05210952777677857,1.2830828624476802,69
chr02,3776907,-7.565789473684222e-05,2.105286431272043,0.1519992299786042,0.8181586121663472,62
chr02,3861062,-0.00013221360895779508,6.668330038497688,0.011971734380265735,1.9218429275205027,70
chr02,3879926,0.00011784897025171633,4.609687302078247,0.03591251837588954,1.4447541387780571,61
chr02,3907782,-0.00014410256410256423,6.694684819709358,0.012028258068836537,1.919797262591031,64
chr02,4012761,-0.00013942307692307705,6.668153323917658,0.01211328252435322,1.9167381533854542,66
chr02,4056901,0.00013221360895779508,6.668330038497688,0.011971734380265735,1.9218429275205027,70
chr02,4065768,-0.00014410256410256423,6.694684819709358,0.012028258068836537,1.919797262591031,64
chr02,4069567,0.0001335978835978837,6.655309411363874,0.012085097349010542,1.9177498468725647,69
chr02,4138988,0.00013095238095238112,6.622132796780665,0.012257277953270284,1.9116059654725985,70
chr02,4153659,-0.0001335978835978837,6.655309411363876,0.012085097349010542,1.9177498468725647,69
chr02,4162764,0.00012142857142857155,5.8134715025909465,0.018695308169888614,1.7282673716234798,68
chr02,4162786,0.00012142857142857155,5.8134715025909465,0.018695308169888614,1.7282673716234798,68
chr02,4190178,0.00013240418118466916,6.613891167623538,0.012342931814913628,1.908581670140133,69
chr02,4257744,-8.596491228070185e-05,2.8576117142134456,0.09566053855439693,1.0192671784447738,68
chr02,4270186,7.179487179487189e-05,1.8537549407114922,0.1779084253125789,0.7498034842931538,69
chr02,4276679,-5.964912280701759e-05,1.3389021479713086,0.25139842008265334,0.5996374559720243,68
chr02,4277222,7.502329916123027e-05,1.8563895976008582,0.17781767009373817,0.7500250845193424,66
chr02,4284562,-5.799220272904487e-05,1.140825943236392,0.2895535827930648,0.5382710569518772,65
chr02,4284608,-5.799220272904487e-05,1.140825943236392,0.2895535827930648,0.5382710569518772,65
chr02,4347567,-7.07236842105264e-05,1.8700379266751128,0.17597376815323298,0.7545520662504477,70
chr02,4368536,-7.291666666666673e-05,1.8835177635411797,0.17458105562299336,0.7580028848273244,68
chr02,4374289,-7.173174872665544e-05,1.8634109337859537,0.1767980613105213,0.7525225015783699,69
chr02,4374333,-7.07236842105264e-05,1.8700379266751128,0.17597376815323298,0.7545520662504477,70
chr02,4408277,5.902777777777779e-05,1.3246753246753937,0.2539074505729519,0.5953245551513061,68
chr02,4508898,7.07236842105264e-05,1.8700379266751128,0.17597376815323298,0.7545520662504477,70
chr02,4509007,7.179054054054058e-05,1.876325143125197,0.17532573886870995,0.7561543221943164,69
chr02,4510441,5.666957279860509e-05,1.2197309024740528,0.27342364311220113,0.563163934430933,68
chr02,4510504,7.179054054054058e-05,1.876325143125197,0.17532573886870995,0.7561543221943164,69
chr02,4525127,7.222222222222223e-05,2.0766055486225143,0.15444741375003504,0.8112193596415374,66
chr02,4573741,7.757757757757765e-05,1.8477468045409913,0.17896950772037265,0.7472209564884762,64
chr02,4574453,-5.778191985088543e-05,1.1854079031691074,0.28034071512462955,0.552313823146417,66
chr02,4577951,-7.387387387387393e-05,1.862199138478355,0.1770768968379707,0.7518380973660742,67
chr02,4599154,7.179054054054058e-05,1.8763251431251968,0.17532573886870995,0.7561543221943164,69
chr02,4608625,-7.279860505666965e-05,1.8688715337005095,0.17624271055136911,0.7538888365083886,68
chr02,4608755,8.781362007168468e-05,2.922620273787859,0.09211632817056985,1.0356633816830745,67
chr02,4694310,7.410714285714289e-05,1.8916949360190376,0.17373260922477085,0.7601186577923637,67
chr02,4768917,-7.280701754385973e-05,1.8575864294877626,0.17753572877250726,0.7507142327650885,68
chr02,4772683,7.511520737327197e-05,1.88249881542297,0.1748406657660423,0.7573575484534448,66
chr02,4777636,-7.173174872665546e-05,1.8634109337859537,0.1767980613105213,0.7525225015783699,69
chr02,4777712,-7.279860505666965e-05,1.8688715337005095,0.17624271055136911,0.7538888365083886,68
chr02,4786139,-7.179054054054061e-05,1.8763251431251966,0.17532573886870995,0.7561543221943164,69
chr02,4812156,-7.280701754385973e-05,1.8575864294877626,0.17753572877250726,0.7507142327650885,68
chr02,4812168,-7.280701754385973e-05,1.8575864294877626,0.17753572877250726,0.7507142327650885,68
chr02,4812370,-0.00010700757575757583,4.633510929355219,0.035190551553590924,1.453573926265012,65
chr02,4812445,0.00010700757575757583,4.633510929355219,0.035190551553590924,1.453573926265012,65
chr02,4847833,6.150978564771671e-05,1.339676498572704,0.2513925642123043,0.5996475721923181,66
chr02,4847876,-6.150978564771672e-05,1.339676498572704,0.2513925642123043,0.5996475721923181,66
chr02,4847880,-6.150978564771672e-05,1.339676498572704,0.2513925642123043,0.5996475721923181,66
chr02,4879307,-7.07236842105264e-05,1.870037926675113,0.17597376815323298,0.7545520662504477,70
chr02,4901582,-5.928509154315614e-05,1.3305662614882037,0.25286474799018505,0.5971117116617617,68
chr02,4902256,-7.179054054054058e-05,1.876325143125197,0.17532573886870995,0.7561543221943164,69
chr02,4902356,7.291666666666673e-05,1.8835177635411797,0.17458105562299336,0.7580028848273244,68
chr02,4902987,7.291666666666673e-05,1.8835177635411797,0.17458105562299336,0.7580028848273244,68
chr02,4903003,7.291666666666673e-05,1.8835177635411797,0.17458105562299336,0.7580028848273244,68
chr02,4933451,-7.291666666666673e-05,1.8835177635411797,0.17458105562299336,0.7580028848273244,68
chr02,4959773,7.072368421052642e-05,1.870037926675113,0.17597376815323298,0.7545520662504477,70
chr02,4959779,7.072368421052642e-05,1.870037926675113,0.17597376815323298,0.7545520662504477,70
chr02,4988363,7.31601731601732e-05,1.9015619830041872,0.17255911747369906,0.7630620890302374,68
chr02,4988399,7.31601731601732e-05,1.9015619830041872,0.17255911747369906,0.7630620890302374,68
chr02,4991879,-7.196969696969706e-05,1.8925171487440755,0.17350002144264945,0.7607004671991954,69
chr02,4991976,-7.291666666666673e-05,1.8835177635411797,0.17458105562299336,0.7580028848273244,68
chr02,5055098,-7.44206773618539e-05,1.9117143034913169,0.1715050077033851,0.7657231946521376,67
chr02,5055223,7.575757575757583e-05,1.9230769230769442,0.17032930330473692,0.7687106299658878,66
chr02,5059647,-0.00010168067226890766,3.893898435608226,0.052588717153132646,1.2791074232179347,69
chr02,5086181,-0.0001061827956989248,3.991233679984925,0.049925506864678275,1.3016775172952082,67
chr02,5102642,0.00010535714285714297,3.940594576708073,0.051356953774817166,1.28940074424649,67
chr02,5156484,-0.0001213235294117648,5.631999999999924,0.020649604901246187,1.6850882534918479,66
chr02,5157038,5.80808080808081e-05,1.3227467811159264,0.25418827848618997,0.5948444801633557,69
chr02,5159939,0.0001011466011466013,3.955278010830592,0.05075042085844465,1.2945603519222901,70
chr02,5235556,-0.00010049019607843139,3.9113088109496466,0.05201682547486398,1.283856155808311,70
chr02,5255293,-0.00010569852941176484,3.849389891712983,0.05411587242349817,1.2666753357266587,66
chr02,5312997,0.00010126050420168074,3.8599338001246677,0.05360137236053898,1.2708240908859731,69
chr02,5346359,-0.00010294117647058832,3.877697841726774,0.0531321554361362,1.2746425655125795,68
chr02,5353714,-0.00010000000000000009,3.8744186046513764,0.053105750539866714,1.2748584489277475,70
chr02,5378860,-0.00010168067226890763,3.893898435608225,0.052588717153132646,1.2791074232179347,69
chr02,5383571,0.0001093750000000001,3.8849104859336263,0.05318988094493802,1.2741709817609075,64
chr02,5385196,0.00010294117647058832,3.877697841726774,0.0531321554361362,1.2746425655125795,68
chr02,5385298,0.00010126050420168071,3.8599338001246677,0.05360137236053898,1.2708240908859731,69
chr02,5419533,7.619047619047627e-05,2.2273166689683723,0.1405802548540565,0.8520756736982235,65
chr02,5419595,7.619047619047627e-05,2.2273166689683723,0.1405802548540565,0.8520756736982235,65
chr02,5445848,-3.181818181818187e-05,0.39066788655085366,0.5342797657235822,0.27223127313319806,63
chr02,5464422,-7.352941176470594e-05,1.9230769230770517,0.1701840500900797,0.7690811450884324,68
chr02,5464430,-7.352941176470594e-05,1.9230769230770517,0.1701840500900797,0.7690811450884324,68
chr02,5464553,-7.637571157495263e-05,2.2473772939648002,0.1388356973291933,0.8574988540552488,65
chr02,5464566,-7.637571157495263e-05,2.2473772939648002,0.1388356973291933,0.8574988540552488,65
chr02,5503785,-7.44206773618539e-05,1.9117143034913169,0.1715050077033851,0.7657231946521376,67
chr02,5508150,-7.48663101604279e-05,1.9353613611332927,0.16891672895391735,0.7723273372105356,67
chr02,5539710,-7.268907563025215e-05,1.9349818732020072,0.16881682869716952,0.7725842624140209,69
chr02,5567920,-6.155303030303035e-05,1.319690621978708,0.2549905582461602,0.593475900262153,65
chr02,5567959,-6.155303030303035e-05,1.319690621978708,0.2549905582461602,0.593475900262153,65
chr02,5577362,-7.268907563025215e-05,1.9349818732020072,0.16881682869716952,0.7725842624140209,69
chr02,5587225,7.268907563025215e-05,1.9349818732020072,0.16881682869716952,0.7725842624140209,69
chr02,5599234,5.9714795008912676e-05,1.3200969990905924,0.2547850729435387,0.5938260195397881,67
chr02,5601792,7.352941176470594e-05,1.9230769230770517,0.1701840500900797,0.7690811450884324,68
chr02,5601818,7.352941176470594e-05,1.9230769230770517,0.1701840500900797,0.7690811450884324,68
chr02,5651054,7.323232323232329e-05,1.9614648240330874,0.16597103048420483,0.7799677095430463,69
chr02,5666332,-7.544642857142864e-05,1.962770619524018,0.16597363021518483,0.7799609069102418,67
chr02,5722559,-8.064516129032265e-05,1.9230769230770612,0.17064873915560602,0.7678969161740077,62
chr02,5723082,7.616487455197137e-05,1.9941190208276462,0.16268064873725646,0.788664104386156,67
chr02,5748487,-7.248157248157259e-05,1.975200267022657,0.16444941773480215,0.7839676598828169,70
chr02,5755161,8.71212121212122e-05,3.0514851485148378,0.08524593877058417,1.0693263022068844,69
chr02,5785123,7.779886148007597e-05,2.3350439599814217,0.13149699448792324,0.8810841733508539,65
chr02,5873440,-6.363636363636371e-05,1.321981424148576,0.2547246722484968,0.5939289878889914,63
chr02,5930174,8.957219251336914e-05,3.0475857242827376,0.08558238879177113,1.0676155955734474,67
chr02,5930207,8.957219251336914e-05,3.0475857242827376,0.08558238879177113,1.0676155955734474,67
chr02,5930210,8.957219251336914e-05,3.0475857242827376,0.08558238879177113,1.0676155955734474,67
chr02,5930217,8.957219251336914e-05,3.0475857242827376,0.08558238879177113,1.0676155955734474,67
chr02,5936062,6.269592476489032e-05,1.5023160706088954,0.225104672512002,0.6476154902277415,62
chr02,5966961,7.189542483660131e-05,1.947383602677466,0.16740960924035195,0.7762196173087879,70
chr02,5966969,7.189542483660131e-05,1.947383602677466,0.16740960924035195,0.7762196173087879,70
chr02,5974349,6.107954545454549e-05,1.305883671829864,0.2574655515064132,0.5892808706674323,65
chr02,5984241,7.323232323232328e-05,1.9614648240330872,0.16597103048420483,0.7799677095430463,69
chr02,5984298,7.402597402597413e-05,1.94817206124618,0.16746194223598274,0.7760838761190167,68
chr02,5989579,-7.465277777777783e-05,1.9769954800978402,0.16439794939353447,0.7841036039044035,68
chr02,6021979,7.628676470588239e-05,1.9490131070000456,0.16751723596132104,0.775940501476177,66
chr02,6130899,7.248157248157259e-05,1.975200267022657,0.16444941773480215,0.7839676598828169,70
chr02,6133736,-7.248157248157259e-05,1.975200267022657,0.16444941773480215,0.7839676598828169,70
chr02,6170353,6.155303030303035e-05,1.3196906219787077,0.2549905582461602,0.593475900262153,65
chr02,6355824,4.577157802964262e-05,0.7263599846673071,0.3971477316808487,0.40104791359124603,68
chr02,6368899,-4.595588235294119e-05,0.6938301156961656,0.4079624243839386,0.3893798360135921,66
chr02,6377722,-4.4191919191919246e-05,0.7012140422223628,0.40535319319111507,0.3921664014555891,69
chr02,6410536,6.548856548856557e-05,1.3613177470775406,0.2478503235540329,0.6058105098125347,63
chr02,6417473,7.736516357206018e-05,2.087964646381243,0.1531950601772472,0.8147552384393894,68
chr02,6422348,7.631578947368429e-05,2.0466311054300785,0.15726106974925108,0.8033787744244513,68
chr02,6506510,7.47028862478778e-05,2.025737131434216,0.1592939081596516,0.7978008325054338,69
chr02,6569978,-4.853479853479855e-05,0.777947260556989,0.38101981144741204,0.419052442228319,67
chr02,6570229,-4.583333333333337e-05,0.762770000926988,0.38553687129390113,0.4139340813387155,70
chr02,6599957,7.470288624787782e-05,2.0257371314342154,0.1592939081596516,0.7978008325054338,69
chr02,6600034,7.70270270270271e-05,2.0296297008199575,0.1590419479113191,0.7984883137694702,67
chr02,6616605,-7.564102564102571e-05,2.0639740174691594,0.15546974188984808,0.8083541224503763,69
chr02,6633078,7.631578947368428e-05,2.046631105430078,0.15726106974925108,0.8033787744244513,68
chr02,6633419,-7.40281224152193e-05,2.042090464318401,0.1575770851553944,0.8025069373167999,70
chr02,6651634,-7.40281224152193e-05,2.042090464318401,0.1575770851553944,0.8025069373167999,70
chr02,6651671,-7.40281224152193e-05,2.042090464318401,0.1575770851553944,0.8025069373167999,70
chr02,6696483,-5.174291938997825e-05,0.878620871731815,0.35240098588455493,0.45296288526673467,61
chr02,6696886,8.119658119658126e-05,2.1432282003709435,0.1480949899504045,0.8294596334011226,66
chr02,6716156,-7.63157894736843e-05,2.0466311054300785,0.15726106974925108,0.8033787744244513,68
chr02,6717653,7.921245421245427e-05,2.114293818897948,0.15074111678821847,0.8217682715163713,67
chr02,6717665,7.921245421245427e-05,2.114293818897948,0.15074111678821847,0.8217682715163713,67
chr02,6717802,-7.988721804511284e-05,2.0948005998088783,0.15268178424631892,0.8162127735080911,66
chr02,6724492,-8.786078098471997e-05,3.078579356270812,0.08390177204866771,1.076228866551146,69
chr02,6724759,7.803992740471878e-05,2.069577121602763,0.15506107219795853,0.8094972173480218,67
chr02,6724823,6.203007518797e-05,1.3512476007676715,0.24937650738666559,0.6031444618153624,66
chr02,6724882,6.203007518797e-05,1.3512476007676715,0.24937650738666559,0.6031444618153624,66
chr02,6724886,7.875116495806158e-05,2.051519640852867,0.1569206595054052,0.8043198752878726,66
chr02,6782467,7.63157894736843e-05,2.0466311054300785,0.15726106974925108,0.8033787744244513,68
chr02,6790234,-9.22646784715751e-05,3.0952613580850414,0.08329986683179427,1.0793556928820855,66
chr02,6790326,-9.22646784715751e-05,3.0952613580850414,0.08329986683179427,1.0793556928820855,66
chr02,6819110,-7.857142857142863e-05,1.9967694053959257,0.16255662643119603,0.7889953222992183,65
chr02,6856728,-7.500000000000005e-05,2.0816326530611473,0.15367134807815155,0.813407098873136,70
chr02,6893704,7.40281224152193e-05,2.042090464318401,0.1575770851553944,0.8025069373167999,70
chr02,6960692,7.695852534562218e-05,1.9789169316462039,0.16434208424501726,0.7842512094497138,66
chr02,7024738,-7.24815724815726e-05,1.9752002670226567,0.16444941773480215,0.7839676598828169,70
chr02,7254868,5.902777777777784e-05,1.3246753246753942,0.2539074505729519,0.5953245551513061,68
chr02,7298253,-7.390202702702711e-05,1.9916495104534016,0.1627954375064043,0.7883577707831707,69
chr02,7312117,-7.541412380122064e-05,2.009736771420974,0.1609964270796486,0.7931837619607642,68
chr02,7315409,-7.465277777777783e-05,1.9769954800978402,0.16439794939353447,0.7841036039044035,68
chr02,7335060,7.73399014778326e-05,2.2183871005202502,0.14144509084241677,0.8494121210740596,64
chr02,7338465,7.24815724815726e-05,1.9752002670226567,0.16444941773480215,0.7839676598828169,70
chr02,7350141,-7.465277777777781e-05,1.9769954800978402,0.16439794939353447,0.7841036039044035,68
chr02,7363925,-7.24815724815726e-05,1.9752002670226567,0.16444941773480215,0.7839676598828169,70
chr02,7373078,7.777777777777781e-05,2.012998475487415,0.16080856540236788,0.793690822453785,66
chr02,7411701,-6.0829493087557665e-05,1.3245531514581836,0.2540583544549987,0.5950665191790027,66
chr02,7418841,7.24815724815726e-05,1.9752002670226567,0.16444941773480215,0.7839676598828169,70
chr02,7419462,7.402597402597413e-05,1.9481720612461804,0.16746194223598274,0.7760838761190167,68
chr02,7419739,-5.982142857142859e-05,1.3225022775585145,0.25435702203149396,0.5945562683041671,67
chr02,7421707,-7.541412380122065e-05,2.009736771420974,0.1609964270796486,0.7931837619607642,68
chr02,7425382,7.24815724815726e-05,1.9752002670226567,0.16444941773480215,0.7839676598828169,70
chr02,7448806,-7.390202702702711e-05,1.9916495104534016,0.1627954375064043,0.7883577707831707,69
chr02,7461613,-7.486631016042788e-05,1.935361361133293,0.16891672895391735,0.7723273372105356,67
chr02,7528788,-5.974264705882359e-05,1.286938808534585,0.26084404712923437,0.5836190701105733,66
chr02,7528793,-5.974264705882359e-05,1.286938808534585,0.26084404712923437,0.5836190701105733,66
chr02,7529075,6.024667931688809e-05,1.2673468242337012,0.2645353604614576,0.5775162675725876,65
chr02,7529084,-6.024667931688811e-05,1.2673468242337012,0.2645353604614576,0.5775162675725876,65
chr02,7529092,-6.024667931688811e-05,1.2673468242337012,0.2645353604614576,0.5775162675725876,65
chr02,7560460,5.887445887445893e-05,1.321165734471627,0.2545312111607822,0.5942589559448801,68
chr02,7582825,-7.470288624787781e-05,2.025737131434216,0.1592939081596516,0.7978008325054338,69
chr02,7608661,-6.158088235294122e-05,1.3690736584273988,0.24630993776101606,0.6085180655149187,66
chr02,7662736,-7.777777777777784e-05,2.0129984754874153,0.16080856540236788,0.793690822453785,66
chr02,7673904,-7.390202702702711e-05,1.9916495104534016,0.1627954375064043,0.7883577707831707,69
chr02,7678407,-7.390202702702711e-05,1.9916495104534016,0.1627954375064043,0.7883577707831707,69
chr02,7703848,-7.61648745519714e-05,1.9941190208276465,0.16268064873725646,0.788664104386156,67
chr02,7756835,9.687500000000008e-05,3.7027206370274426,0.0590703246216594,1.2286306424652598,62
chr02,7774441,6.150978564771676e-05,1.3396764985727043,0.2513925642123043,0.5996475721923181,66
chr02,7923450,-3.225806451612906e-05,0.3474864130435482,0.5576815204040674,0.2536137462552736,64
chr02,7923458,3.225806451612906e-05,0.3474864130435482,0.5576815204040674,0.2536137462552736,64
chr02,7928648,-4.5138888888888934e-05,0.7093163751986432,0.40271243551786184,0.3950049594330419,68
chr02,7928721,-4.654377880184334e-05,0.7099094867143843,0.4026116298813669,0.3951136841906498,66
chr02,7936394,4.4588744588744666e-05,0.6937724422743667,0.4078882519882515,0.38945880306768205,68
chr02,7942759,4.6146953405017954e-05,0.718085078688067,0.39988222918696736,0.3980678955352097,67
chr02,7942785,-4.6146953405017954e-05,0.718085078688067,0.39988222918696736,0.3980678955352097,67
chr02,7942895,-4.5955882352941196e-05,0.6938301156961657,0.4079624243839386,0.3893798360135921,66
chr02,7996783,-4.614695340501796e-05,0.718085078688067,0.39988222918696736,0.3980678955352097,67
chr02,7996797,-4.614695340501796e-05,0.718085078688067,0.39988222918696736,0.3980678955352097,67
chr02,8002722,-4.330065359477128e-05,0.6937187891553234,0.4078182228328253,0.38953337223388934,70
chr02,8010626,-6.06617647058824e-05,1.3208255159474493,0.2547208542939268,0.59393549738418,66
chr02,8041207,-4.419191919191922e-05,0.7012140422223632,0.40535319319111507,0.3921664014555891,69
chr02,8041246,-4.419191919191922e-05,0.7012140422223632,0.40535319319111507,0.3921664014555891,69
chr02,8041389,-4.513888888888893e-05,0.7093163751986432,0.40271243551786184,0.3950049594330419,68
chr02,8054642,-4.4191919191919226e-05,0.7012140422223629,0.40535319319111507,0.3921664014555891,69
chr02,8073664,4.3697478991596676e-05,0.6866169425746904,0.410259654834671,0.38694118969697155,69
chr02,8108382,-4.5138888888888934e-05,0.7093163751986431,0.40271243551786184,0.3950049594330419,68
chr02,8122519,-3.181818181818186e-05,0.39066788655085366,0.5342797657235822,0.27223127313319806,63
chr02,8122549,-3.181818181818186e-05,0.39066788655085366,0.5342797657235822,0.27223127313319806,63
chr02,8137579,4.3697478991596656e-05,0.6866169425746904,0.410259654834671,0.38694118969697155,69
chr02,8137834,4.28571428571429e-05,0.6800000000000062,0.41247001541874784,0.3846076170813091,70
chr02,8147921,4.761904761904764e-05,0.7190139237617632,0.3996776982789635,0.398290084375873,65
chr02,8151407,4.458874458874463e-05,0.6937724422743669,0.4078882519882515,0.38945880306768205,68
chr02,8168321,-4.5008912655971555e-05,0.6864460385179385,0.41040783198464703,0.38678435999356153,67
chr02,8168935,-4.4588744588744625e-05,0.6937724422743669,0.4078882519882515,0.38945880306768205,68
chr02,8168972,-4.4588744588744625e-05,0.6937724422743669,0.4078882519882515,0.38945880306768205,68
chr02,8204393,4.640151515151518e-05,0.8128267820198659,0.3707197122938435,0.43095432059889,65
chr02,8208058,4.5535714285714354e-05,0.7015174336822638,0.40534345413583994,0.39217683598243486,67
chr02,8208149,4.5535714285714354e-05,0.7015174336822638,0.40534345413583994,0.39217683598243486,67
chr02,8208152,4.5535714285714354e-05,0.7015174336822638,0.40534345413583994,0.39217683598243486,67
chr02,8208200,4.369747899159669e-05,0.6866169425746906,0.410259654834671,0.38694118969697155,69
chr02,8208209,4.369747899159669e-05,0.6866169425746906,0.410259654834671,0.38694118969697155,69
chr02,8208367,-4.761904761904764e-05,0.7190139237617634,0.3996776982789635,0.398290084375873,65
chr02,8221063,-4.500891265597156e-05,0.6864460385179382,0.41040783198464703,0.38678435999356153,67
chr02,8222638,-4.6401515151515174e-05,0.6862645464237326,0.41056529361473904,0.3866177657025509,65
chr02,8236666,-4.614695340501795e-05,0.7180850786880671,0.39988222918696736,0.3980678955352097,67
chr02,8241488,3.0414746543778846e-05,0.3260768874478668,0.5699781318814456,0.24414180640716315,66
chr02,8263159,-6.190476190476196e-05,1.3273905996758966,0.2536232445428354,0.5958109459240908,65
chr02,8263391,-4.5771578029642596e-05,0.726359984667307,0.3971477316808487,0.40104791359124603,68
chr02,8265214,-4.3816543816543875e-05,0.7087615163322086,0.40280639117943895,0.3949036472744699,70
chr02,8266939,3.0180180180180196e-05,0.3286048441862389,0.5684597415506272,0.24530028672208498,67
chr02,8266991,3.0180180180180196e-05,0.3286048441862389,0.5684597415506272,0.24530028672208498,67
chr02,8283518,4.330065359477127e-05,0.6937187891553233,0.4078182228328253,0.38953337223388934,70
chr02,8289779,4.330065359477127e-05,0.6937187891553233,0.4078182228328253,0.38953337223388934,70
chr02,8289780,4.3697478991596656e-05,0.6866169425746903,0.410259654834671,0.38694118969697155,69
chr02,8289785,4.330065359477127e-05,0.6937187891553233,0.4078182228328253,0.38953337223388934,70
chr02,8289900,4.419191919191922e-05,0.701214042222363,0.40535319319111507,0.3921664014555891,69
chr02,8289912,4.419191919191922e-05,0.701214042222363,0.40535319319111507,0.3921664014555891,69
chr02,8292021,4.513888888888893e-05,0.7093163751986431,0.40271243551786184,0.3950049594330419,68
chr02,8397725,1.5151515151515202e-05,0.07937053326004842,0.7790337428019035,0.10844373103693475,68
chr02,8429165,4.595588235294116e-05,0.6938301156961657,0.4079624243839386,0.3893798360135921,66
chr02,8517518,-1.428571428571432e-05,0.070549365120521,0.7913664956780773,0.10162234053719627,68
chr02,8517716,-1.4705882352941167e-05,0.0725962026601665,0.7884470398675569,0.10322747299548488,67
chr02,8517728,-1.4705882352941167e-05,0.0725962026601665,0.7884470398675569,0.10322747299548488,67
chr02,8546316,3.041474654377882e-05,0.3260768874478668,0.5699781318814456,0.24414180640716315,66
chr02,8565840,0.0,0.0,1.0,-0.0,62
chr02,8570730,1.3888888888888884e-05,0.0707249923524092,0.7910887788939426,0.10177477564238743,70
chr02,8570740,-1.3888888888888896e-05,0.0707249923524092,0.7910887788939426,0.10177477564238743,70
chr02,8598485,1.4285714285714302e-05,0.06838056413964372,0.7945362631122834,0.0998862765432449,67
chr02,8598488,1.4285714285714302e-05,0.06838056413964372,0.7945362631122834,0.0998862765432449,67
chr02,8598510,1.4285714285714302e-05,0.06838056413964372,0.7945362631122834,0.0998862765432449,67
chr02,8610365,1.4231499051233346e-06,0.0006932430201921683,0.9790777434408815,0.009182821775156143,65
chr02,8614245,4.788306451612907e-05,0.8126561948750437,0.37088174374669736,0.4307645438221165,63
chr02,8625512,-2.951388888888889e-05,0.3262576330328371,0.5698110552883194,0.2442691289748562,68
chr02,8639721,1.3888888888888906e-05,0.06861558514105594,0.794166910030295,0.10008821232455797,69
chr02,8640747,1.3513513513513537e-05,0.06678571428574023,0.7968561991657952,0.09862004440500619,70
chr02,8657856,1.3513513513513537e-05,0.06678571428574023,0.7968561991657952,0.09862004440500619,70
chr02,8691087,1.4285714285714299e-05,0.07054936512052101,0.7913664956780773,0.10162234053719627,68
chr02,8691191,1.3888888888888903e-05,0.06861558514105595,0.794166910030295,0.10008821232455797,69
chr02,8693917,1.4285714285714306e-05,0.07054936512052101,0.7913664956780773,0.10162234053719627,68
chr02,8711962,1.42857142857143e-05,0.0662127886797711,0.7977584678310339,0.09812857727826393,66
chr02,8711986,-1.42857142857143e-05,0.0662127886797711,0.7977584678310339,0.09812857727826393,66
chr02,8738264,-1.3513513513513537e-05,0.06678571428574023,0.7968561991657952,0.09862004440500619,70
chr02,8742661,-1.562499999999998e-05,0.07944505293904651,0.7789602926124596,0.10848467986121622,66
chr02,8742693,-1.562499999999998e-05,0.07944505293904651,0.7789602926124596,0.10848467986121622,66
chr02,8887656,2.8571428571428588e-05,0.298507462686594,0.5866901990839675,0.23159116680208242,67
chr02,8977329,1.5151515151515165e-05,0.07476635514020143,0.7853998118129064,0.10490920712547593,66
chr02,9079177,-1.5624999999999987e-05,0.07944505293904651,0.7789602926124596,0.10848467986121622,66
chr02,9116730,1.3888888888888884e-05,0.07072499235240919,0.7910887788939426,0.10177477564238743,70
chr02,9159113,1.4285714285714299e-05,0.0748898678414346,0.7851753351822295,0.10503335140837709,70
chr02,9185116,-1.6129032258064547e-05,0.09982174688056904,0.7530717275825394,0.12316365672129091,66
chr02,9185127,-4.282143034186381e-21,0.0,1.0,-0.0,69
chr02,9185254,-1.1388678282410111e-21,0.0,1.0,-0.0,69
chr02,9185270,-1.1388678282410111e-21,0.0,1.0,-0.0,69
chr02,9186793,1.5151515151515161e-05,0.0724658519051183,0.7886594494009445,0.1031104887722389,65
chr02,9326363,-2.9513888888888883e-05,0.32625763303283706,0.5698110552883194,0.2442691289748562,68
chr02,9342408,-1.4285714285714285e-05,0.07271914703440117,0.7882468902782845,0.10333773391674696,69
chr02,9342731,3.0330882352941223e-05,0.32517321016169565,0.5705117578259874,0.24373540066500232,66
chr02,9414726,-1.612903225806454e-05,0.09112978524743104,0.7637725742133046,0.11703594046606666,63
chr02,9503643,-1.5624999999999997e-05,0.08419560595324335,0.7725999017457906,0.11204535142193063,68
chr02,9601440,-4.390681003584233e-05,0.649380640704973,0.42327254161522276,0.3733799040083435,67
chr02,9609476,4.2483660130718934e-05,0.6675331276094084,0.4167663318422864,0.380107372447746,70
chr02,9675344,-4.3697478991596676e-05,0.6866169425746904,0.410259654834671,0.38694118969697155,69
chr02,9675460,-4.4117647058823566e-05,0.6796338672769756,0.41268230228089686,0.38438415527221437,68
chr02,9675865,4.369747899159667e-05,0.6866169425746904,0.410259654834671,0.38694118969697155,69
chr02,9736482,1.388888888888891e-05,0.06439962926268732,0.8004736250649407,0.0966529731481326,67
chr02,9746308,-3.001792114695345e-05,0.3268292682926972,0.5695038698431433,0.24450332049477927,67
chr02,9746633,-1.3888888888888883e-05,0.06650711676534306,0.7972944443090464,0.09838126213808734,68
chr02,9747138,2.9642545771578025e-05,0.3276869158878293,0.5689692160399873,0.24491123038107965,68
chr02,9795367,1.3513513513513544e-05,0.06678571428574023,0.7968561991657952,0.09862004440500619,70
chr02,9824500,1.724137931034485e-05,0.10352400918438516,0.7487409741804499,0.1256683998443704,63
chr02,9824526,1.7241379310344842e-05,0.10662342767295449,0.7451213035984385,0.12777301960740195,64
chr02,9824527,1.7241379310344842e-05,0.10662342767295449,0.7451213035984385,0.12777301960740195,64
chr02,9828309,1.6129032258064513e-05,0.0969230769230756,0.7565816490203895,0.12114419678083085,65
chr02,9843411,4.761904761904766e-05,0.8516966337705246,0.3595938679838372,0.44418772273271523,65
chr02,9886613,3.001792114695345e-05,0.32682926829269726,0.5695038698431433,0.24450332049477927,67
chr02,9886622,3.001792114695345e-05,0.32682926829269726,0.5695038698431433,0.24450332049477927,67
chr02,9909549,3.0414746543778826e-05,0.3260768874478668,0.5699781318814456,0.24414180640716315,66
chr02,9911575,-9.445700745138924e-21,0.0,1.0,-0.0,63
chr02,9911610,-9.445700745138924e-21,0.0,1.0,-0.0,63
chr02,9911684,-9.445700745138924e-21,0.0,1.0,-0.0,63
chr02,9912976,1.3888888888888908e-05,0.06861558514105595,0.794166910030295,0.10008821232455797,69
chr02,9943832,2.9513888888888876e-05,0.32625763303283717,0.5698110552883194,0.2442691289748562,68
chr02,9943851,2.9513888888888876e-05,0.32625763303283717,0.5698110552883194,0.2442691289748562,68
chr02,9956240,1.3513513513513544e-05,0.06678571428574023,0.7968561991657952,0.09862004440500619,70
chr02,10069807,1.3513513513513544e-05,0.06678571428574023,0.7968561991657952,0.09862004440500619,70
chr02,10069924,1.3513513513513544e-05,0.06678571428574023,0.7968561991657952,0.09862004440500619,70
chr02,10071514,3.095238095238098e-05,0.3266852812126159,0.5696511172823722,0.24439104648218155,65
chr02,10071584,4.876847290640398e-05,0.8634702391779587,0.35637321620696705,0.4480949434977341,64
chr02,10082532,1.3513513513513503e-05,0.06473429951690013,0.7999431467925541,0.09694087789763972,69
chr02,10082789,1.612903225806453e-05,0.08928571428575141,0.7661196832470201,0.11570337956640296,62
chr02,10082825,1.612903225806453e-05,0.08928571428575141,0.7661196832470201,0.11570337956640296,62
chr02,10089092,1.3513513513513544e-05,0.06678571428574023,0.7968561991657952,0.09862004440500619,70
chr02,10089151,1.3513513513513544e-05,0.06678571428574023,0.7968561991657952,0.09862004440500619,70
chr02,10100765,1.3513513513513544e-05,0.06678571428574023,0.7968561991657952,0.09862004440500619,70
chr02,10100852,1.3888888888888905e-05,0.06861558514105594,0.794166910030295,0.10008821232455797,69
chr02,10100887,1.3513513513513503e-05,0.06473429951690013,0.7999431467925541,0.09694087789763972,69
chr02,10103272,1.612903225806453e-05,0.08823529411768374,0.7674586658274255,0.11494500567027675,62
chr02,10103374,1.612903225806453e-05,0.08823529411768374,0.7674586658274255,0.11494500567027675,62
chr02,10103411,1.4285714285714267e-05,0.06838056413964372,0.7945362631122834,0.0998862765432449,67
chr02,10103570,1.3888888888888898e-05,0.06650711676534306,0.7972944443090464,0.09838126213808734,68
chr02,10132637,3.0555555555555574e-05,0.32759422987441145,0.5690843407347166,0.24482336453412606,66
chr02,10132709,3.0555555555555574e-05,0.32759422987441145,0.5690843407347166,0.24482336453412606,66
chr02,10137341,1.5151515151515165e-05,0.07476635514020143,0.7853998118129064,0.10490920712547593,66
chr02,10273247,-1.470588235294118e-05,0.07706464228203143,0.782170249976375,0.10669870655929907,69
chr02,10292473,-1.4285714285714296e-05,0.07271914703440119,0.7882468902782845,0.10333773391674696,69
chr02,10333061,-4.3300653594771264e-05,0.6937187891553236,0.4078182228328253,0.38953337223388934,70
chr02,10333071,-4.3300653594771264e-05,0.6937187891553236,0.4078182228328253,0.38953337223388934,70
chr02,10333261,4.3300653594771264e-05,0.6937187891553236,0.4078182228328253,0.38953337223388934,70
chr02,10339297,5.7983193277310935e-05,1.3204798628963554,0.2545916830611561,0.5941557878765644,69
chr02,10349929,4.513888888888895e-05,0.7093163751986432,0.40271243551786184,0.3950049594330419,68
chr02,10357047,-4.89583333333334e-05,0.693959401228373,0.40812476246510476,0.38920705414685214,62
chr02,10390824,-4.4117647058823566e-05,0.6796338672769756,0.41268230228089686,0.38438415527221437,68
chr02,10404729,1.5151515151515205e-05,0.07706793137119645,0.7821919681519421,0.10668664786381649,67
chr02,10406239,1.4705882352941184e-05,0.07706464228203146,0.782170249976375,0.10669870655929907,69
chr02,10584628,1.4705882352941189e-05,0.07482993197282233,0.7852842374037242,0.10497311982424265,68
chr02,10589414,1.785714285714285e-05,0.12716347723857963,0.7226635362310033,0.14106385812713113,61
chr02,10594835,-1.5151515151515199e-05,0.07706793137119647,0.7821919681519421,0.10668664786381649,67
chr02,10604874,1.5151515151515165e-05,0.0724658519051183,0.7886594494009445,0.1031104887722389,65
chr02,10627024,1.4285714285714302e-05,0.070549365120521,0.7913664956780773,0.10162234053719627,68
chr02,10627147,-1.4285714285714304e-05,0.070549365120521,0.7913664956780773,0.10162234053719627,68
chr02,10627148,-1.4285714285714304e-05,0.070549365120521,0.7913664956780773,0.10162234053719627,68
chr02,10627161,-1.388888888888888e-05,0.07072499235240919,0.7910887788939426,0.10177477564238743,70
chr02,10690231,4.4196428571428585e-05,0.6604454286186145,0.4193693545867849,0.37740330877798434,67
chr02,10690402,-4.340277777777781e-05,0.6552715604200033,0.42114306806462576,0.37557034331877587,68
chr02,10718232,7.453889935837826e-21,0.0,1.0,-0.0,67
chr02,10718283,1.5151515151515192e-05,0.0793705332600484,0.7790337428019035,0.10844373103693475,68
chr02,10718429,1.4285714285714299e-05,0.0748898678414346,0.7851753351822295,0.10503335140837709,70
chr02,10718433,1.4285714285714299e-05,0.0748898678414346,0.7851753351822295,0.10503335140837709,70
chr02,10719756,-1.4705882352941192e-05,0.07706464228203144,0.782170249976375,0.10669870655929907,69
chr02,10727545,-1.4285714285714297e-05,0.07271914703440119,0.7882468902782845,0.10333773391674696,69
chr02,10727546,-1.4285714285714297e-05,0.07271914703440119,0.7882468902782845,0.10333773391674696,69
chr02,10728687,1.4285714285714299e-05,0.0748898678414346,0.7851753351822295,0.10503335140837709,70
chr02,10728688,1.4285714285714299e-05,0.0748898678414346,0.7851753351822295,0.10503335140837709,70
chr02,10779027,-1.3888888888888878e-05,0.06861558514105597,0.794166910030295,0.10008821232455797,69
chr02,10807752,1.3888888888888906e-05,0.06650711676534307,0.7972944443090464,0.09838126213808734,68
chr02,10807753,1.3888888888888906e-05,0.06650711676534307,0.7972944443090464,0.09838126213808734,68
chr02,10807755,1.3888888888888906e-05,0.06650711676534307,0.7972944443090464,0.09838126213808734,68
chr02,10807967,-1.3888888888888906e-05,0.06650711676534307,0.7972944443090464,0.09838126213808734,68
chr02,10808197,1.3888888888888898e-05,0.06650711676534306,0.7972944443090464,0.09838126213808734,68
chr02,10818003,-1.3513513513513522e-05,0.06473429951690014,0.7999431467925541,0.09694087789763972,69
chr02,10818040,-1.3513513513513522e-05,0.06473429951690014,0.7999431467925541,0.09694087789763972,69
chr02,10830694,1.4285714285714292e-05,0.05971610376898708,0.807765319529542,0.09271479669743675,63
chr02,10872683,-1.3888888888888901e-05,0.06861558514105594,0.794166910030295,0.10008821232455797,69
chr02,10872685,-1.3888888888888901e-05,0.06861558514105594,0.794166910030295,0.10008821232455797,69
chr02,10900571,-2.7777777777777803e-05,0.25350467289722445,0.6164023241342946,0.21013573245070383,64
chr02,10901976,-1.3157894736842125e-05,0.0630541871921305,0.802489464035981,0.09556066078112438,70
chr02,10944700,-1.3157894736842123e-05,0.05706760316067833,0.8119438221522327,0.09047401826289159,67
chr02,10944745,1.3157894736842123e-05,0.05706760316067833,0.8119438221522327,0.09047401826289159,67
chr02,10969031,-2.702702702702705e-05,0.26458616010851504,0.6087313125486336,0.21557435798524752,67
chr02,11039476,2.7777777777777803e-05,0.28107127911838753,0.5978064184961563,0.22343942636181283,67
chr02,11058781,1.3513513513513503e-05,0.06473429951690016,0.7999431467925541,0.09694087789763972,69
chr02,11096421,-1.3157894736842106e-05,0.06105770644090908,0.8055875373194845,0.0938872610681967,69
chr02,11096650,-1.3157894736842128e-05,0.0630541871921305,0.802489464035981,0.09556066078112438,70
chr02,11096651,-1.3157894736842128e-05,0.0630541871921305,0.802489464035981,0.09556066078112438,70
chr02,11096662,-1.3157894736842128e-05,0.0630541871921305,0.802489464035981,0.09556066078112438,70
chr02,11096840,-1.8518518518518535e-05,0.10777027027026877,0.7438793271112413,0.12849751044911997,60
chr02,11136884,-1.3157894736842106e-05,0.06105770644090907,0.8055875373194845,0.0938872610681967,69
chr02,11158565,1.3157894736842121e-05,0.057067603160678326,0.8119438221522327,0.09047401826289159,67
chr02,11158584,1.3157894736842121e-05,0.057067603160678326,0.8119438221522327,0.09047401826289159,67
chr02,11158590,1.3157894736842121e-05,0.057067603160678326,0.8119438221522327,0.09047401826289159,67
chr02,11158625,1.3157894736842121e-05,0.057067603160678326,0.8119438221522327,0.09047401826289159,67
chr02,11191896,1.3157894736842116e-05,0.0630541871921305,0.802489464035981,0.09556066078112438,70
chr02,11281819,-1.3157894736842125e-05,0.05906216441953181,0.8087381385752584,0.09219207589244127,68
chr02,11282783,1.3513513513513503e-05,0.06268382352943612,0.8030809857471797,0.09524065660222683,68
chr02,11282793,1.388888888888891e-05,0.06439962926268732,0.8004736250649407,0.0966529731481326,67
chr02,11282886,-1.3513513513513522e-05,0.06268382352943612,0.8030809857471797,0.09524065660222683,68
chr02,11282898,1.3513513513513503e-05,0.06268382352943612,0.8030809857471797,0.09524065660222683,68
chr02,11292836,-1.3513513513513505e-05,0.06268382352943613,0.8030809857471797,0.09524065660222683,68
chr02,11298173,-1.3888888888888878e-05,0.0661844484629368,0.797841292753094,0.09808349027394661,63
chr02,11298185,0.0,0.0,1.0,-0.0,64
chr02,11298219,0.0,0.0,1.0,-0.0,64
chr02,11302307,-1.3157894736842128e-05,0.0630541871921305,0.802489464035981,0.09556066078112438,70
chr02,11302665,1.3888888888888903e-05,0.06439962926268732,0.8004736250649407,0.0966529731481326,67
chr02,11341768,4.340277777777782e-05,0.6552715604200031,0.42114306806462576,0.37557034331877587,68
chr02,11386819,-4.217854217854222e-05,0.6562586420202247,0.42070985440617026,0.3760173152611132,70
chr02,11423675,-4.248366013071896e-05,0.6675331276094084,0.4167663318422864,0.380107372447746,70
chr02,11423679,-4.248366013071896e-05,0.6675331276094084,0.4167663318422864,0.380107372447746,70
chr02,11423700,4.248366013071895e-05,0.6675331276094084,0.4167663318422864,0.380107372447746,70
chr02,11423713,4.248366013071895e-05,0.6675331276094084,0.4167663318422864,0.380107372447746,70
chr02,11471174,1.666666666666668e-05,0.10011398176289571,0.7527557398673913,0.12334592424664655,64
chr02,11482295,1.3888888888888881e-05,0.07072499235240921,0.7910887788939426,0.10177477564238743,70
chr02,11556002,1.4285714285714287e-05,0.07054936512052101,0.7913664956780773,0.10162234053719627,68
chr02,11569268,-1.6633064516129037e-05,0.09805901343148547,0.7552396345099193,0.12191522660554109,63
chr02,11574630,1.4285714285714299e-05,0.0748898678414346,0.7851753351822295,0.10503335140837709,70
chr02,11574661,1.4285714285714299e-05,0.0748898678414346,0.7851753351822295,0.10503335140837709,70
chr02,11574728,1.4285714285714304e-05,0.07271914703440119,0.7882468902782845,0.10333773391674696,69
chr02,11581800,1.4705882352941216e-05,0.07036349893492555,0.7916608002699546,0.10146085897329546,66
chr02,11606258,-1.5151515151515165e-05,0.08839779005526577,0.7671869185303655,0.11509881102315006,66
chr02,11651504,-1.42857142857143e-05,0.07271914703440119,0.7882468902782845,0.10333773391674696,69
chr02,11675467,-3.225806451612906e-05,0.43076923076922485,0.5140019194565033,0.28903525919964423,65
chr02,11702019,-1.4705882352941197e-05,0.07930029154518728,0.7791030841146338,0.10840507647337351,70
chr02,11706855,1.4705882352941189e-05,0.07482993197282231,0.7852842374037242,0.10497311982424265,68
chr02,11743647,-4.554079696394691e-05,0.7810799903140893,0.3801713572157386,0.4200206067544859,65
chr02,11777354,-3.1250000000000055e-05,0.28491228070175434,0.5955393212657409,0.22508955837103684,60
chr02,11777356,-3.1250000000000055e-05,0.28491228070175434,0.5955393212657409,0.22508955837103684,60
chr02,11792967,-1.388888888888891e-05,0.06439962926268732,0.8004736250649407,0.0966529731481326,67
chr02,11805992,0.0,0.0,1.0,-0.0,64
chr02,11853088,1.4285714285714289e-05,0.06838056413964372,0.7945362631122834,0.0998862765432449,67
chr02,11853487,3.125000000000003e-05,0.3056027164685907,0.5824449836276704,0.2347450907917874,62
chr02,11874278,5.6818181818181866e-05,1.2710435344706585,0.2635923975375607,0.5790671197043529,69
chr02,11883680,4.292929292929295e-05,0.6613272311212675,0.41897229690844595,0.3778146923023176,69
chr02,11915835,4.4700460829493145e-05,0.6542290827390841,0.4216014339289147,0.37509792069314724,66
chr02,11915864,4.4700460829493145e-05,0.6542290827390841,0.4216014339289147,0.37509792069314724,66
chr02,11961086,4.545454545454549e-05,0.6792452830187922,0.4129076950477293,0.38414702343281487,66
chr02,11961125,4.592803030303032e-05,0.6721819346718352,0.4153830236451672,0.3815512566884581,65
chr02,11961205,4.592803030303032e-05,0.6721819346718352,0.4153830236451672,0.3815512566884581,65
chr02,12032736,4.2483660130718934e-05,0.6675331276094084,0.4167663318422864,0.380107372447746,70
chr02,12084488,-4.372294372294378e-05,0.6668218337981526,0.41709960567728843,0.37976022073258786,68
chr02,12212664,-9.007352941176481e-05,3.002246839771194,0.08796570491835698,1.0556866127103044,66
chr02,12212854,-8.892763731473419e-05,3.071167883211721,0.08433644211909888,1.0739847244100216,68
chr02,12215046,-7.387387387387389e-05,1.8621991384783547,0.1770768968379707,0.7518380973660742,67
chr02,12228275,7.072368421052642e-05,1.8700379266751128,0.17597376815323298,0.7545520662504477,70
chr02,12234319,-9.330628803245443e-05,2.918554696332623,0.09265067442427846,1.0331514150102044,63
chr02,12304537,-4.340277777777778e-05,0.6552715604200032,0.42114306806462576,0.37557034331877587,68
chr02,12307664,-7.41071428571429e-05,2.2480182337555528,0.13862717068199762,0.8581516404255949,67
chr02,12313296,4.581280788177346e-05,0.642342743790184,0.42592474076498343,0.3706671322539397,64
chr02,12339789,4.327731092436976e-05,0.6733441893995492,0.4147980925246666,0.38216324940912105,69
chr02,12339955,-4.327731092436976e-05,0.6733441893995492,0.4147980925246666,0.38216324940912105,69
chr02,12340008,-4.327731092436976e-05,0.6733441893995492,0.4147980925246666,0.38216324940912105,69
chr02,12349135,5.887445887445893e-05,1.3211657344716268,0.2545312111607822,0.5942589559448801,68
chr02,12349226,5.887445887445893e-05,1.3211657344716268,0.2545312111607822,0.5942589559448801,68
chr02,12405088,1.3888888888888901e-05,0.06861558514105592,0.794166910030295,0.10008821232455797,69
chr02,12405157,1.3888888888888859e-05,0.07072499235240921,0.7910887788939426,0.10177477564238743,70
chr02,12408481,2.904040404040409e-05,0.32586170437729717,0.5700158274414895,0.2441130852484388,69
chr02,12417687,3.0555555555555574e-05,0.32759422987441145,0.5690843407347166,0.24482336453412606,66
chr02,12496386,-1.3888888888888878e-05,0.07072499235240921,0.7910887788939426,0.10177477564238743,70
chr02,12496472,1.3888888888888859e-05,0.07072499235240921,0.7910887788939426,0.10177477564238743,70
chr02,12496496,1.3888888888888903e-05,0.06861558514105595,0.794166910030295,0.10008821232455797,69
chr02,12520386,1.4285714285714296e-05,0.06838056413964372,0.7945362631122834,0.0998862765432449,67
chr02,12520468,1.4285714285714296e-05,0.06838056413964372,0.7945362631122834,0.0998862765432449,67
chr02,12584360,-1.4285714285714294e-05,0.07054936512052101,0.7913664956780773,0.10162234053719627,68
chr02,12620191,-3.03308823529412e-05,0.3251732101616213,0.5705117578260298,0.24373540066497004,66
chr02,12624962,-1.428571428571428e-05,0.07054936512052101,0.7913664956780773,0.10162234053719627,68
chr02,12628495,-1.4705882352941145e-05,0.07259620266016649,0.7884470398675569,0.10322747299548488,67
chr02,12649908,-1.4705882352941162e-05,0.0725962026601665,0.7884470398675569,0.10322747299548488,67
chr02,12654541,1.4285714285714297e-05,0.07054936512052103,0.7913664956780773,0.10162234053719627,68
chr02,12654563,1.4285714285714297e-05,0.07054936512052103,0.7913664956780773,0.10162234053719627,68
chr02,12654623,1.4285714285714297e-05,0.07054936512052103,0.7913664956780773,0.10162234053719627,68
chr02,12697696,-1.4705882352941155e-05,0.07259620266016649,0.7884470398675569,0.10322747299548488,67
chr03,81454,4.068173927062364e-20,0.0,1.0,-0.0,67
chr03,92165,1.4705882352941173e-05,0.0725962026601665,0.7884470398675569,0.10322747299548488,67
chr03,103130,-1.428571428571429e-05,0.070549365120521,0.7913664956780773,0.10162234053719627,68
chr03,103163,-1.428571428571429e-05,0.070549365120521,0.7913664956780773,0.10162234053719627,68
chr03,127209,-1.5151515151515165e-05,0.07476635514020143,0.7853998118129064,0.10490920712547593,66
chr03,127220,1.5151515151515165e-05,0.07476635514020143,0.7853998118129064,0.10490920712547593,66
chr03,146869,3.0776515151515174e-05,0.3248195446973848,0.5707524534569539,0.24355221295988827,65
chr03,152255,0.0,0.0,1.0,-0.0,68
chr03,178742,1.42857142857143e-05,0.07271914703440119,0.7882468902782845,0.10333773391674696,69
chr03,249256,-5.040322580645109e-07,8.177130041890068e-05,0.9928145382445172,0.0031318718869035394,63
chr03,260647,1.3888888888888898e-05,0.06650711676534307,0.7972944443090464,0.09838126213808734,68
chr03,260936,-1.3888888888888918e-05,0.06861558514105595,0.794166910030295,0.10008821232455797,69
chr03,307100,1.388888888888891e-05,0.06650711676534306,0.7972944443090464,0.09838126213808734,68
chr03,348428,1.4705882352941189e-05,0.07482993197282231,0.7852842374037242,0.10497311982424265,68
chr03,353963,0.0,0.0,1.0,-0.0,65
chr03,379261,-1.4285714285714297e-05,0.0727191470344012,0.7882468902782845,0.10333773391674696,69
chr03,415069,1.5151515151515165e-05,0.07476635514020143,0.7853998118129064,0.10490920712547593,66
chr03,415112,1.5151515151515199e-05,0.07937053326004839,0.7790337428019035,0.10844373103693475,68
chr03,422655,-1.428571428571431e-05,0.0727191470344012,0.7882468902782845,0.10333773391674696,69
chr03,442707,1.4705882352941196e-05,0.07706464228203143,0.782170249976375,0.10669870655929907,69
chr03,442727,1.4705882352941196e-05,0.07706464228203143,0.782170249976375,0.10669870655929907,69
chr03,442728,1.4705882352941196e-05,0.07706464228203143,0.782170249976375,0.10669870655929907,69
chr03,442729,1.4705882352941196e-05,0.07706464228203143,0.782170249976375,0.10669870655929907,69
chr03,453244,-1.4285714285714279e-05,0.06838056413964372,0.7945362631122834,0.0998862765432449,67
chr03,453562,-1.5151515151515178e-05,0.07481206412460666,0.785410333334958,0.10490338918626485,61
chr03,453736,-1.9230769230769255e-05,0.13260322628388324,0.7171194147462159,0.14440851958026354,58
chr03,569494,-4.5008912655971555e-05,0.6864460385179381,0.41040783198464703,0.38678435999356153,67
chr03,569524,-4.5008912655971555e-05,0.6864460385179381,0.41040783198464703,0.38678435999356153,67
chr03,569566,-4.5008912655971555e-05,0.6864460385179381,0.41040783198464703,0.38678435999356153,67
chr03,593573,-4.722222222222226e-05,0.727587427717258,0.3968474026420452,0.40137645779734954,66
chr03,593901,-4.799627213420322e-05,0.7469877397265964,0.3906594402262331,0.40820167656719236,66
chr03,658481,-4.73032714412025e-05,0.7654129154073187,0.38481253133891113,0.4147507936957489,68
chr03,674768,-4.8958333333333396e-05,0.8220503501188245,0.3682082933755386,0.43390643384756605,62
chr03,674769,4.8958333333333396e-05,0.8220503501188245,0.3682082933755386,0.43390643384756605,62
chr03,674793,-4.8958333333333396e-05,0.8220503501188245,0.3682082933755386,0.43390643384756605,62
chr03,674794,-4.8958333333333396e-05,0.8220503501188245,0.3682082933755386,0.43390643384756605,62
chr03,674858,-6.458333333333343e-05,1.5911035072711603,0.21205078685359074,0.6735601116714326,62
chr03,675180,4.730327144120249e-05,0.7654129154073187,0.38481253133891113,0.4147507936957489,68
chr03,675206,4.730327144120249e-05,0.7654129154073187,0.38481253133891113,0.4147507936957489,68
chr03,688740,3.2258064516129074e-05,0.4010712035286649,0.5286924581393992,0.2767968848129782,69
chr03,688779,-3.2258064516129074e-05,0.4010712035286649,0.5286924581393992,0.2767968848129782,69
chr03,703639,4.0657581468206264e-21,0.0,1.0,-0.0,62
chr03,703660,4.0657581468206264e-21,0.0,1.0,-0.0,62
chr03,797241,1.5151515151515188e-05,0.0793705332600484,0.7790337428019035,0.10844373103693475,68
chr03,851938,-1.57384186328541e-20,0.0,1.0,-0.0,67
chr03,852021,-1.57384186328541e-20,0.0,1.0,-0.0,67
chr03,875682,-1.4745905746097453e-20,0.0,1.0,-0.0,68
chr03,889839,-1.562500000000001e-05,0.08419560595324337,0.7725999017457906,0.11204535142193063,68
chr03,889963,2.224751769705919e-20,0.0,1.0,-0.0,67
chr03,890148,-2.224751769705919e-20,0.0,1.0,-0.0,67
chr03,898464,-1.612903225806454e-05,0.09178743961352531,0.7628556601698584,0.11755762708021775,69
chr03,898525,-1.5625000000000024e-05,0.08895008605853953,0.7664255977144137,0.11552999876188329,70
chr03,898540,-1.5625000000000024e-05,0.08895008605853953,0.7664255977144137,0.11552999876188329,70
chr03,912213,1.612903225806452e-05,0.08687903764758179,0.7691223111613268,0.11400459018747049,67
chr03,925079,1.6129032258064524e-05,0.08687903764758179,0.7691223111613268,0.11400459018747049,67
chr03,937193,1.5625000000000024e-05,0.08895008605853953,0.7664255977144137,0.11552999876188329,70
chr03,937234,1.5625000000000024e-05,0.08895008605853953,0.7664255977144137,0.11552999876188329,70
chr03,954447,-1.5625000000000034e-05,0.08657237646239048,0.7694904001068018,0.11379679390482132,69
chr03,954463,-1.5625000000000024e-05,0.08895008605853953,0.7664255977144137,0.11552999876188329,70
chr03,957141,1.5625000000000017e-05,0.08419560595324337,0.7725999017457906,0.11204535142193063,68
chr03,957216,1.5625000000000017e-05,0.08419560595324337,0.7725999017457906,0.11204535142193063,68
chr03,957934,2.9513888888888934e-05,0.3262576330329138,0.5698110552882758,0.24426912897488945,68
chr03,971891,1.5625000000000038e-05,0.08657237646239048,0.7694904001068018,0.11379679390482132,69
chr03,971901,-1.562500000000004e-05,0.08657237646239048,0.7694904001068018,0.11379679390482132,69
chr03,972103,1.5625000000000024e-05,0.08895008605853953,0.7664255977144137,0.11552999876188329,70
chr03,1036248,-1.1697970808396255e-20,0.0,1.0,-0.0,68
chr03,1103196,4.42684063373719e-05,0.7512030172974942,0.3893334944769854,0.4096782321904109,66
chr03,1165791,4.419191919191923e-05,0.701214042222363,0.40535319319111507,0.3921664014555891,69
chr03,1165848,-4.419191919191923e-05,0.701214042222363,0.40535319319111507,0.3921664014555891,69
chr03,1165851,-4.419191919191923e-05,0.701214042222363,0.40535319319111507,0.3921664014555891,69
chr03,1212248,-7.465277777777781e-05,1.9769954800978402,0.16439794939353447,0.7841036039044035,68
chr03,1212469,7.465277777777781e-05,1.9769954800978402,0.16439794939353447,0.7841036039044035,68
chr03,1252320,-5.857385398981327e-05,1.3341991341990822,0.25216248355947857,0.5983195267838706,69
chr03,1252414,-5.928509154315609e-05,1.3305662614882035,0.25286474799018505,0.5971117116617617,68
chr03,1268050,6.0829493087557665e-05,1.3245531514581836,0.2540583544549987,0.5950665191790027,66
chr03,1271169,-7.390202702702711e-05,1.9916495104534022,0.1627954375064043,0.7883577707831707,69
chr03,1320835,4.3697478991596656e-05,0.6866169425746907,0.410259654834671,0.38694118969697155,69
chr03,1320929,4.4563279857397524e-05,0.6727803423934741,0.41508174806813536,0.38186636295385024,67
chr03,1320951,4.3697478991596656e-05,0.6866169425746907,0.410259654834671,0.38694118969697155,69
chr03,1352223,4.340277777777781e-05,0.6552715604200032,0.42114306806462576,0.37557034331877587,68
chr03,1352332,4.248366013071895e-05,0.6675331276094083,0.4167663318422864,0.380107372447746,70
chr03,1387953,4.34027777777778e-05,0.6552715604200032,0.42114306806462576,0.37557034331877587,68
chr03,1387974,4.34027777777778e-05,0.6552715604200032,0.42114306806462576,0.37557034331877587,68
chr03,1392056,4.4563279857397524e-05,0.6727803423934741,0.41508174806813536,0.38186636295385024,67
chr03,1392437,4.248366013071895e-05,0.6675331276094083,0.4167663318422864,0.380107372447746,70
chr03,1399684,4.2929292929292966e-05,0.6613272311212673,0.41897229690844595,0.3778146923023176,69
chr03,1400445,-2.9910714285714326e-05,0.3256561728856791,0.5701957808369045,0.24397600057624294,67
chr03,1403385,4.2929292929292966e-05,0.6613272311212673,0.41897229690844595,0.3778146923023176,69
chr03,1403495,-4.503676470588241e-05,0.7888336182423182,0.3777789301012874,0.42276226768448005,66
chr03,1410308,4.265202702702707e-05,0.6505102016536238,0.4227840496677988,0.3738814056406938,69
chr03,1410327,4.265202702702707e-05,0.6505102016536238,0.4227840496677988,0.3738814056406938,69
chr03,1421395,3.256302521008405e-05,0.32740714662910064,0.569327650201461,0.24463772355133215,62
chr03,1421439,3.256302521008405e-05,0.32740714662910064,0.569327650201461,0.24463772355133215,62
chr03,1421444,3.256302521008405e-05,0.32740714662910064,0.569327650201461,0.24463772355133215,62
chr03,1424763,-4.265202702702707e-05,0.6505102016536237,0.4227840496677988,0.3738814056406938,69
chr03,1444288,4.2652027027027064e-05,0.6505102016536238,0.4227840496677988,0.3738814056406938,69
chr03,1471523,3.095238095238098e-05,0.3266852812126159,0.5696511172823722,0.24439104648218155,65
chr03,1495699,-4.265202702702708e-05,0.6505102016536238,0.4227840496677988,0.3738814056406938,69
chr03,1524143,-3.0017921146953423e-05,0.32682926829269726,0.5695038698431433,0.24450332049477927,67
chr03,1525728,-4.2178542178542224e-05,0.6562586420202248,0.42070985440617026,0.3760173152611132,70
chr03,1526030,5.974264705882359e-05,1.2869388085345845,0.26084404712923437,0.5836190701105733,66
chr03,1532263,-3.095238095238098e-05,0.3266852812126159,0.5696511172823722,0.24439104648218155,65
chr03,1540205,4.2178542178542224e-05,0.6562586420202248,0.42070985440617026,0.3760173152611132,70
chr03,1541635,-4.292929292929298e-05,0.6613272311212675,0.41897229690844595,0.3778146923023176,69
chr03,1620959,-4.419642857142859e-05,0.6604454286186144,0.4193693545867849,0.37740330877798434,67
chr03,1631251,-4.503676470588242e-05,0.6660684949913324,0.4174529799797029,0.3793924343967847,66
chr03,1673093,-4.327731092436978e-05,0.6733441893995492,0.4147980925246666,0.38216324940912105,69
chr03,1687848,4.248366013071895e-05,0.6675331276094083,0.4167663318422864,0.380107372447746,70
chr03,1740865,6.212121212121215e-05,1.2653290391045908,0.2650515496174184,0.5766696523380392,63
chr03,1798853,4.7916666666666716e-05,0.664419836302308,0.4182277713811231,0.3785871323095265,62
chr03,1817259,-4.390681003584233e-05,0.6493806407049731,0.42327254161522276,0.3733799040083435,67
chr03,1817274,-4.390681003584233e-05,0.6493806407049731,0.42327254161522276,0.3733799040083435,67
chr03,1901099,-1.4705882352941168e-05,0.07706464228203144,0.782170249976375,0.10669870655929907,69
chr03,1930190,-4.4563279857399753e-07,7.241541044439309e-05,0.9932363684697139,0.002947386644115017,67
chr03,2021647,1.4705882352941204e-05,0.07036349893492554,0.7916608002699546,0.10146085897329546,66
chr03,2087227,-1.47058823529412e-05,0.07930029154518725,0.7791030841146338,0.10840507647337351,70
chr03,2105981,0.0,0.0,1.0,-0.0,64
chr03,2105995,0.0,0.0,1.0,-0.0,64
chr03,2116066,-1.4285714285714296e-05,0.07271914703440116,0.7882468902782845,0.10333773391674696,69
chr03,2116101,-1.4285714285714296e-05,0.07271914703440116,0.7882468902782845,0.10333773391674696,69
chr03,2116118,-1.4285714285714296e-05,0.07271914703440116,0.7882468902782845,0.10333773391674696,69
chr03,2116120,-1.4285714285714296e-05,0.07271914703440116,0.7882468902782845,0.10333773391674696,69
chr03,2153042,-1.5151515151515205e-05,0.07706793137119647,0.7821919681519421,0.10668664786381649,67
chr03,2156726,1.4285714285714299e-05,0.0748898678414346,0.7851753351822295,0.10503335140837709,70
chr03,2170588,1.4285714285714299e-05,0.07271914703440116,0.7882468902782845,0.10333773391674696,69
chr03,2196906,-2.9857397504456413e-05,0.3250727774875248,0.5705404939110004,0.24371352625366616,67
chr03,2196950,-1.3888888888888874e-05,0.07072499235240921,0.7910887788939426,0.10177477564238743,70
chr03,2197089,-1.4705882352941189e-05,0.07482993197282231,0.7852842374037242,0.10497311982424265,68
chr03,2211024,2.7777777777777772e-05,0.29026937877950887,0.5918606200715717,0.2277805552039623,68
chr03,2214387,-1.3513513513513503e-05,0.06473429951690013,0.7999431467925541,0.09694087789763972,69
chr03,2263540,-1.4285714285714296e-05,0.06838056413964372,0.7945362631122834,0.0998862765432449,67
chr03,2264305,-1.4285714285714294e-05,0.070549365120521,0.7913664956780773,0.10162234053719627,68
chr03,2273760,-1.3888888888888903e-05,0.06861558514105598,0.794166910030295,0.10008821232455797,69
chr03,2273770,-1.3888888888888903e-05,0.06861558514105598,0.794166910030295,0.10008821232455797,69
chr03,2273838,1.3888888888888903e-05,0.06861558514105598,0.794166910030295,0.10008821232455797,69
chr03,2288918,1.3513513513513507e-05,0.0626838235294361,0.8030809857471797,0.09524065660222683,68
chr03,2295227,3.2032032032032064e-05,0.33277423683325724,0.5661187705970095,0.24709244513032252,64
chr03,2343005,-3.083491461100572e-05,0.3254390844790524,0.5703862766818857,0.24383093202194697,65
chr03,2395294,1.4705882352941155e-05,0.0725962026601665,0.7884470398675569,0.10322747299548488,67
chr03,2434341,0.0,0.0,1.0,-0.0,64
chr03,2467168,1.0601573662408599e-20,0.0,1.0,-0.0,63
chr03,2489284,-4.39188847945331e-20,0.0,1.0,-0.0,67
chr03,2531058,1.4705882352941158e-05,0.0725962026601665,0.7884470398675569,0.10322747299548488,67
chr03,2554024,2.8571428571428564e-05,0.3174470457079437,0.5750268206025857,0.24031189832244937,69
chr03,2561120,0.0,0.0,1.0,-0.0,68
chr03,2714966,4.5238095238095306e-05,0.6481887878701351,0.42378912085505815,0.3728501963115395,65
chr03,2721257,-3.0017921146953444e-05,0.32682926829269726,0.5695038698431433,0.24450332049477927,67
chr03,2722262,6.478578892372e-05,1.3243147027411575,0.25438481965269616,0.5945088086595262,62
chr03,2749333,4.390681003584236e-05,0.6493806407050761,0.42327254161518624,0.37337990400838095,67
chr03,2764985,4.3906810035842374e-05,0.6493806407050761,0.42327254161518624,0.37337990400838095,67
chr03,2806479,4.3156059285091544e-05,0.6449312063809075,0.42481343876775257,0.37180175301330587,68
chr03,2877299,4.230769230769238e-05,0.6323110121239911,0.4293169160868888,0.36722199896884106,69
chr03,2929825,-4.163162321278389e-05,0.6222857142857109,0.43294091446947924,0.36357136986093747,70
chr03,2966887,-1.7857142857142913e-05,0.10396753350776375,0.74825923864469,0.12594791228578042,61
chr03,2977375,4.2307692307692375e-05,0.6323110121239912,0.4293169160868888,0.36722199896884106,69
chr03,2981483,6.079854809437395e-05,1.3445507872799736,0.2504748361564138,0.6012358988081485,67
chr03,2981498,6.079854809437395e-05,1.3445507872799736,0.2504748361564138,0.6012358988081485,67
chr03,2982549,-4.501915708812263e-05,0.6381611830792563,0.42737886395114033,0.3691869597020522,65
chr03,3078112,5.6140350877193024e-05,1.1892101141983211,0.2794543204889548,0.5536891716089729,68
chr03,3207971,1.724137931034485e-05,0.1006727158949077,0.7520254149244502,0.12376748204807085,68
chr03,3208019,-1.7241379310344852e-05,0.1006727158949077,0.7520254149244502,0.12376748204807085,68
chr03,3212548,-1.851851851851853e-05,0.11087420042643772,0.7402226854004316,0.13063760933377694,67
chr03,3243601,1.7857142857142872e-05,0.10967381323111945,0.7415493682386629,0.12985993075842195,69
chr03,3243677,-1.7241379310344866e-05,0.10592705167173105,0.7458289998562833,0.1273607340979311,70
chr03,3255564,-2.2751322751322775e-05,0.1749466991307986,0.6772457268586878,0.16925372650527323,62
chr03,3255614,-2.2751322751322775e-05,0.1749466991307986,0.6772457268586878,0.16925372650527323,62
chr03,3255747,1.7241379310344845e-05,0.10329941412272446,0.748906083407064,0.12557264160018727,69
chr03,3304212,-1.7006066894680933e-21,0.0,1.0,-0.0,65
chr03,3308206,-1.612903225806452e-05,0.094243070362472,0.7597888724082098,0.11930707125392258,70
chr03,3327808,-1.5625000000000017e-05,0.08657237646239048,0.7694904001068018,0.11379679390482132,69
chr03,3327809,-1.5625000000000017e-05,0.08657237646239048,0.7694904001068018,0.11379679390482132,69
chr03,3332216,1.6129032258064537e-05,0.09178743961352531,0.7628556601698584,0.11755762708021775,69
chr03,3337680,-1.5625000000000017e-05,0.08895008605853953,0.7664255977144137,0.11552999876188329,70
chr03,3390103,-3.0017921146953437e-05,0.3268292682926974,0.5695038698431433,0.24450332049477927,67
chr03,3392402,1.5625000000000014e-05,0.08895008605853953,0.7664255977144137,0.11552999876188329,70
chr03,3398597,-1.6129032258064537e-05,0.09178743961352531,0.7628556601698584,0.11755762708021775,69
chr03,3398612,-1.6129032258064537e-05,0.09178743961352531,0.7628556601698584,0.11755762708021775,69
chr03,3398640,1.6129032258064537e-05,0.09178743961352531,0.7628556601698584,0.11755762708021775,69
chr03,3401292,3.322440087145973e-05,0.3285257873117231,0.5687066930517788,0.24511166054974928,61
chr03,3403911,5.221851861209257e-21,0.0,1.0,-0.0,67
chr03,3404027,5.221851861209257e-21,0.0,1.0,-0.0,67
chr03,3429667,1.6129032258064537e-05,0.09178743961352531,0.7628556601698584,0.11755762708021775,69
chr03,3459831,-1.5625000000000017e-05,0.08895008605853953,0.7664255977144137,0.11552999876188329,70
chr03,3459907,1.5625000000000014e-05,0.08895008605853953,0.7664255977144137,0.11552999876188329,70
chr03,3470169,-1.5625000000000017e-05,0.08657237646239048,0.7694904001068018,0.11379679390482132,69
chr03,3470188,-1.5625000000000017e-05,0.08657237646239048,0.7694904001068018,0.11379679390482132,69
chr03,3490199,-1.5625000000000017e-05,0.08895008605853953,0.7664255977144137,0.11552999876188329,70
chr03,3499171,-1.666666666666667e-05,0.09481324663543352,0.7591147005506755,0.11969259821168511,68
chr03,3514808,3.083491461100572e-05,0.3254390844790524,0.5703862766818857,0.24383093202194697,65
chr03,3514809,3.083491461100572e-05,0.3254390844790524,0.5703862766818857,0.24383093202194697,65
chr03,3514832,3.083491461100572e-05,0.3254390844790524,0.5703862766818857,0.24383093202194697,65
chr03,3514877,3.083491461100572e-05,0.3254390844790524,0.5703862766818857,0.24383093202194697,65
chr03,3530711,1.666666666666667e-05,0.09481324663543352,0.7591147005506755,0.11969259821168511,68
chr03,3548914,1.6129032258064524e-05,0.0868790376475818,0.7691223111613268,0.11400459018747049,67
chr03,3548955,1.5625000000000007e-05,0.08419560595324335,0.7725999017457906,0.11204535142193063,68
chr03,3548965,1.5625000000000007e-05,0.08419560595324335,0.7725999017457906,0.11204535142193063,68
chr03,3548999,1.5625000000000007e-05,0.08419560595324335,0.7725999017457906,0.11204535142193063,68
chr03,3581393,3.229166666666669e-05,0.3246639902251679,0.5709454957018006,0.24340534892711696,62
chr03,3581401,3.229166666666669e-05,0.3246639902251679,0.5709454957018006,0.24340534892711696,62
chr03,3644924,1.5625000000000017e-05,0.08551530773754892,0.7709502326784446,0.11297365615232668,63
chr03,3732829,-2.9411764705882377e-05,0.3267326732673177,0.5695309877060966,0.24448264134143152,68
chr03,3753298,7.771260997067456e-05,1.9002924231842233,0.1729995784941652,0.7619549550092459,64
chr03,3758642,4.372294372294379e-05,0.6668218337981529,0.41709960567728843,0.37976022073258786,68
chr03,3758704,4.372294372294379e-05,0.6668218337981529,0.41709960567728843,0.37976022073258786,68
chr03,3767919,-6.0661764705882405e-05,1.3208255159474493,0.2547208542939268,0.59393549738418,66
chr03,3767948,-6.0661764705882405e-05,1.3208255159474493,0.2547208542939268,0.59393549738418,66
chr03,3767950,-6.0661764705882405e-05,1.3208255159474493,0.2547208542939268,0.59393549738418,66
chr03,3780372,-4.372294372294378e-05,0.6668218337981531,0.41709960567728843,0.37976022073258786,68
chr03,3853610,-2.857142857142862e-05,0.27958579881659323,0.5988308246124017,0.22269585259330996,65
chr03,3853678,2.857142857142862e-05,0.27958579881659323,0.5988308246124017,0.22269585259330996,65
chr03,3866685,-4.340277777777781e-05,0.6552715604200032,0.42114306806462576,0.37557034331877587,68
chr03,3873142,-4.2483660130718954e-05,0.6675331276094083,0.4167663318422864,0.380107372447746,70
chr03,3888445,4.369747899159665e-05,0.6866169425746909,0.410259654834671,0.38694118969697155,69
chr03,3980582,-5.1322751322751336e-05,0.7514015407632032,0.38948628017248144,0.4095078359383415,62
chr03,3980614,-5.1322751322751336e-05,0.7514015407632032,0.38948628017248144,0.4095078359383415,62
chr03,3993813,-4.456327985739753e-05,0.6727803423934741,0.41508174806813536,0.38186636295385024,67
chr03,3995233,4.8387096774193594e-05,0.6783919597990825,0.4134029724342133,0.3836264050499601,62
chr03,4059339,-6.256109481915939e-05,1.320465890182997,0.25492223350730725,0.5935922850939077,64
chr03,4068806,-4.3277310924369766e-05,0.6733441893995493,0.4147980925246666,0.38216324940912105,69
chr03,4079463,-4.419642857142859e-05,0.6604454286186145,0.4193693545867849,0.37740330877798434,67
chr03,4087866,-4.3697478991596676e-05,0.6866169425746909,0.410259654834671,0.38694118969697155,69
chr03,4087868,-4.3697478991596676e-05,0.6866169425746909,0.410259654834671,0.38694118969697155,69
chr03,4088996,-4.327731092436978e-05,0.6733441893995493,0.4147980925246666,0.38216324940912105,69
chr03,4089054,-4.327731092436978e-05,0.6733441893995493,0.4147980925246666,0.38216324940912105,69
chr03,4160951,-7.179054054054058e-05,1.8763251431251957,0.17532573886870995,0.7561543221943164,69
chr03,4160988,-7.179054054054058e-05,1.8763251431251957,0.17532573886870995,0.7561543221943164,69
chr03,4162528,-9.215686274509812e-05,2.9455867171371133,0.09110544430926741,1.0404556695382652,64
chr03,4191536,-7.196969696969709e-05,1.8925171487440766,0.17350002144264945,0.7607004671991954,69
chr03,4191817,-7.511520737327198e-05,1.88249881542297,0.1748406657660423,0.7573575484534448,66
chr03,4211402,-7.291666666666674e-05,1.8835177635411795,0.17458105562299336,0.7580028848273244,68
chr03,4221265,7.084357084357093e-05,1.8844883143820363,0.17433543385840644,0.7586143331126983,70
chr03,4221439,7.084357084357093e-05,1.8844883143820363,0.17433543385840644,0.7586143331126983,70
chr03,4225141,-7.084357084357093e-05,1.8844883143820363,0.17433543385840644,0.7586143331126983,70
chr03,4230586,-7.27986050566696e-05,1.8688715337005095,0.17624271055136911,0.7538888365083886,68
chr03,4230651,-7.27986050566696e-05,1.8688715337005095,0.17624271055136911,0.7538888365083886,68
chr03,4230659,-7.27986050566696e-05,1.8688715337005095,0.17624271055136911,0.7538888365083886,68
chr03,4230844,-7.084357084357093e-05,1.8844883143820363,0.17433543385840644,0.7586143331126983,70
chr03,4230876,-7.084357084357093e-05,1.8844883143820363,0.17433543385840644,0.7586143331126983,70
chr03,4238027,-7.179054054054065e-05,1.8763251431251966,0.17532573886870995,0.7561543221943164,69
chr03,4238248,7.392473118279578e-05,1.8752086214295225,0.1755926139195472,0.7554937560919164,67
chr03,4238631,-7.392473118279578e-05,1.8752086214295225,0.1755926139195472,0.7554937560919164,67
chr03,4254378,7.869012707722394e-05,1.9499121563907014,0.1675757471076466,0.7757888357026681,64
chr03,4254680,7.084357084357093e-05,1.8844883143820363,0.17433543385840644,0.7586143331126983,70
chr03,4254692,7.084357084357093e-05,1.8844883143820363,0.17433543385840644,0.7586143331126983,70
chr03,4254740,7.084357084357093e-05,1.8844883143820363,0.17433543385840644,0.7586143331126983,70
chr03,4277766,7.084357084357093e-05,1.8844883143820363,0.17433543385840644,0.7586143331126983,70
chr03,4305880,7.084357084357093e-05,1.8844883143820363,0.17433543385840644,0.7586143331126983,70
chr03,4342639,7.395644283121601e-05,2.201374628267841,0.14272081078262716,0.8455126957775035,67
chr03,4359538,-5.733082706766922e-05,1.1566733208021824,0.28619432527663397,0.543338981776373,66
chr03,4379192,7.173174872665543e-05,1.8634109337859535,0.1767980613105213,0.7525225015783699,69
chr03,4379605,7.279860505666962e-05,1.8688715337005095,0.17624271055136911,0.7538888365083886,68
chr03,4414150,7.17905405405406e-05,1.8763251431251955,0.17532573886870995,0.7561543221943164,69
chr03,4414151,7.17905405405406e-05,1.8763251431251955,0.17532573886870995,0.7561543221943164,69
chr03,4417161,7.280701754385971e-05,1.8575864294877626,0.17753572877250726,0.7507142327650885,68
chr03,4441938,-4.4268406337371896e-05,0.6343516346416216,0.4287082062169866,0.36783820326183153,66
chr03,4462185,7.511520737327198e-05,1.8824988154229696,0.1748406657660423,0.7573575484534448,66
chr03,4462215,7.511520737327198e-05,1.8824988154229696,0.1748406657660423,0.7573575484534448,66
chr03,4462855,-7.084357084357094e-05,1.8844883143820366,0.17433543385840644,0.7586143331126983,70
chr03,4511103,-7.226890756302527e-05,1.9120402525041953,0.171328281762757,0.7661709405973561,69
chr03,4535187,7.226890756302527e-05,1.9120402525041953,0.171328281762757,0.7661709405973561,69
chr03,4535239,7.226890756302527e-05,1.9120402525041953,0.171328281762757,0.7661709405973561,69
chr03,4608607,-6.41163793103449e-05,1.2631840743367588,0.26560143274620096,0.5757695865627145,61
chr03,4608638,-6.41163793103449e-05,1.2631840743367588,0.26560143274620096,0.5757695865627145,61
chr03,4608651,-6.473214285714291e-05,1.2425933002165803,0.2695696317786207,0.56932903459157,60
chr03,4608707,-6.473214285714291e-05,1.2425933002165803,0.2695696317786207,0.56932903459157,60
chr03,4662288,4.595588235294118e-05,0.6938301156961658,0.4079624243839336,0.38937983601359744,66
chr03,4671408,-4.6543778801843346e-05,0.7099094867143843,0.4026116298813669,0.3951136841906498,66
chr03,4821815,-4.507857733664191e-05,0.7431772606015645,0.3916749940887906,0.4070741544565097,70
chr03,5024221,4.541595925297117e-05,0.7347263847422545,0.39441111379692173,0.40405085591979156,69
chr03,5024600,4.507857733664191e-05,0.7431772606015645,0.3916749940887906,0.4070741544565097,70
chr03,5027631,4.541595925297117e-05,0.7347263847422545,0.39441111379692173,0.40405085591979156,69
chr03,5027907,4.684684684684688e-05,0.7362569694329023,0.3940155343080125,0.40448665550626217,67
chr03,5032406,3.315789473684216e-05,0.33897856575814633,0.5625652313315941,0.24982711239022057,63
chr03,5143915,-4.698275862068968e-05,0.7747379751799741,0.38190162090742275,0.4180484983440022,69
chr03,5144205,-4.698275862068968e-05,0.7747379751799741,0.38190162090742275,0.4180484983440022,69
chr03,5166905,-1.7241379310344835e-05,0.11592978503707717,0.7345895785702018,0.13395523716899774,67
chr03,5167021,-1.7241379310344835e-05,0.11592978503707717,0.7345895785702018,0.13395523716899774,67
chr03,5167029,-3.0061892130857692e-05,0.33234597156395884,0.5662419222856576,0.24699798035533704,68
chr03,5173038,-4.698275862068967e-05,0.7747379751799739,0.38190162090742275,0.4180484983440022,69
chr03,5175263,-4.730327144120254e-05,0.7654129154073187,0.38481253133891113,0.4147507936957489,68
chr03,5233435,4.503676470588236e-05,0.7888336182423186,0.3777789301012874,0.42276226768448005,66
chr03,5248943,4.369747899159666e-05,0.6866169425746906,0.410259654834671,0.38694118969697155,69
chr03,5340870,-1.515151515151517e-05,0.08167411621293742,0.7759231117245666,0.11018131199973372,69
chr03,5340871,-1.515151515151517e-05,0.08167411621293742,0.7759231117245666,0.11018131199973372,69
chr03,5381041,-1.4705882352941196e-05,0.07706464228203143,0.782170249976375,0.10669870655929907,69
chr03,5406604,-1.3513513513513547e-05,0.06678571428574023,0.7968561991657952,0.09862004440500619,70
chr03,5406652,-1.3513513513513547e-05,0.06678571428574023,0.7968561991657952,0.09862004440500619,70
chr03,5427180,1.3513513513513507e-05,0.06473429951690013,0.7999431467925541,0.09694087789763972,69
chr03,5427235,1.3513513513513507e-05,0.06473429951690013,0.7999431467925541,0.09694087789763972,69
chr03,5451005,-1.2820512820512835e-05,0.059514398644857365,0.8079996477031648,0.09258882858259809,70
chr03,5451065,1.3157894736842111e-05,0.06105770644090907,0.8055875373194845,0.0938872610681967,69
chr03,5472242,-1.2820512820512835e-05,0.059514398644857365,0.8079996477031648,0.09258882858259809,70
chr03,5486593,1.2820512820512849e-05,0.057570029214633674,0.8111112409658021,0.09091957979057566,69
chr03,5486680,-1.2820512820512847e-05,0.057570029214633674,0.8111112409658021,0.09091957979057566,69
chr03,5497269,4.4208664898319975e-06,0.007187412879846383,0.9326940411518125,0.03026079787331294,68
chr03,5500146,-1.2820512820512833e-05,0.0575700292146337,0.8111112409658021,0.09091957979057566,69
chr03,5518051,-1.2820512820512847e-05,0.057570029214633674,0.8111112409658021,0.09091957979057566,69
chr03,5557367,4.419642857142858e-05,0.6604454286186147,0.4193693545867849,0.37740330877798434,67
chr03,5557382,4.419642857142858e-05,0.6604454286186147,0.4193693545867849,0.37740330877798434,67
chr03,5557385,4.419642857142858e-05,0.6604454286186147,0.4193693545867849,0.37740330877798434,67
chr03,5557595,4.340277777777779e-05,0.6552715604200032,0.42114306806462576,0.37557034331877587,68
chr03,5812951,1.5151515151515199e-05,0.07706793137119645,0.7821919681519421,0.10668664786381649,67
chr03,5812966,1.5151515151515199e-05,0.07706793137119645,0.7821919681519421,0.10668664786381649,67
chr03,5817801,1.8433179723502364e-06,0.001197711248657525,0.972500063456967,0.01211036166394131,66
chr03,5887063,1.4705882352941194e-05,0.07930029154518727,0.7791030841146338,0.10840507647337351,70
chr03,5891514,-4.503676470588238e-05,0.7888336182423185,0.3777789301012874,0.42276226768448005,66
chr03,5897693,1.5151515151515161e-05,0.08167411621293742,0.7759231117245666,0.11018131199973372,69
chr03,5910276,-1.6129032258064527e-05,0.08687903764758179,0.7691223111613268,0.11400459018747049,67
chr03,5913258,-1.5151515151515148e-05,0.08167411621293746,0.7759231117245666,0.11018131199973372,69
chr03,5917061,1.5625000000000014e-05,0.0818198165797337,0.7757558935561072,0.11027491631850053,67
chr03,5970721,-2.985739750445631e-05,0.3250727774875248,0.5705404939110004,0.24371352625366616,67
chr03,6043091,1.7857142857142892e-05,0.09064249533460758,0.7644028313319279,0.11667771299646555,62
chr03,6043125,1.724137931034484e-05,0.08755488010807039,0.768313926381358,0.11446129476223686,63
chr03,6043457,1.724137931034484e-05,0.08755488010807039,0.768313926381358,0.11446129476223686,63
chr03,6125388,-1.4705882352941189e-05,0.07482993197282231,0.7852842374037242,0.10497311982424265,68
chr03,6139314,-1.4705882352941184e-05,0.07706464228203143,0.782170249976375,0.10669870655929907,69
chr03,6152940,0.0,0.0,1.0,-0.0,68
chr03,6153008,-4.201680672268872e-07,6.83283718768337e-05,0.993429247082908,0.002863058293138583,69
chr03,6161187,-1.562500000000002e-05,0.0818198165797337,0.7757558935561072,0.11027491631850053,67
chr03,6199768,-1.5151515151515151e-05,0.08397863818426198,0.7728581879382631,0.11190018764177287,70
chr03,6204880,1.562499999999999e-05,0.0794450529390465,0.7789602926124596,0.10848467986121622,66
chr03,6205005,1.5151515151515151e-05,0.08397863818426198,0.7728581879382631,0.11190018764177287,70
chr03,6207631,1.6129032258064534e-05,0.0868790376475818,0.7691223111613268,0.11400459018747049,67
chr03,6243097,-1.5151515151515151e-05,0.08397863818426198,0.7728581879382631,0.11190018764177287,70
chr03,6243338,-1.5625000000000024e-05,0.08657237646239047,0.7694904001068018,0.11379679390482132,69
chr03,6246265,1.562500000000002e-05,0.08657237646239047,0.7694904001068018,0.11379679390482132,69
chr03,6262253,-1.3392857142857234e-06,0.000652908343944791,0.9796929008406731,0.008910038972540007,67
chr03,6262280,-1.3392857142857234e-06,0.000652908343944791,0.9796929008406731,0.008910038972540007,67
chr03,6262310,-1.3392857142857234e-06,0.000652908343944791,0.9796929008406731,0.008910038972540007,67
chr03,6262597,-1.3392857142857234e-06,0.000652908343944791,0.9796929008406731,0.008910038972540007,67
chr03,6262623,-1.3392857142857234e-06,0.000652908343944791,0.9796929008406731,0.008910038972540007,67
chr03,6291007,-1.6666666666666674e-05,0.08974059359665217,0.7654779424073446,0.11606731917707441,66
chr03,6315708,1.7857142857142872e-05,0.09607438016528393,0.7576318460353759,0.12054177863683718,64
chr03,6315721,1.851851851851853e-05,0.09959183673469249,0.7533971761712944,0.12297601192080927,63
chr03,6315797,1.851851851851853e-05,0.09959183673469249,0.7533971761712944,0.12297601192080927,63
chr03,6340810,3.2563025210084074e-05,0.3274071466291006,0.569327650201461,0.24463772355133215,62
chr03,6395646,1.3392857142857348e-06,0.000652908343944791,0.9796929008406731,0.008910038972540007,67
chr03,6395667,1.3392857142857348e-06,0.000652908343944791,0.9796929008406731,0.008910038972540007,67
chr03,6428150,2.982456140350883e-05,0.32970908022339646,0.567782337838189,0.2458181213182933,68
chr03,6480301,-1.6666666666666674e-05,0.09735106739691175,0.7560008474644699,0.12147771766157572,69
chr03,6480318,-1.6666666666666674e-05,0.09735106739691175,0.7560008474644699,0.12147771766157572,69
chr03,6483716,-1.724137931034483e-05,0.10329941412272443,0.748906083407064,0.12557264160018727,69
chr03,6545296,-1.724137931034486e-05,0.10067271589490773,0.7520254149244502,0.12376748204807085,68
chr03,6552203,-1.6666666666666674e-05,0.09735106739691175,0.7560008474644699,0.12147771766157572,69
chr03,6552527,-1.6666666666666674e-05,0.09735106739691175,0.7560008474644699,0.12147771766157572,69
chr03,6552738,-1.6129032258064513e-05,0.094243070362472,0.7597888724082098,0.11930707125392258,70
chr03,6562261,1.6129032258064513e-05,0.094243070362472,0.7597888724082098,0.11930707125392258,70
chr03,6562327,-1.6129032258064513e-05,0.094243070362472,0.7597888724082098,0.11930707125392258,70
chr03,6576505,-1.724137931034485e-05,0.1006727158949077,0.7520254149244502,0.12376748204807085,68
chr03,6576513,-1.724137931034485e-05,0.1006727158949077,0.7520254149244502,0.12376748204807085,68
chr03,6633389,1.3157894736842098e-05,0.0630541871921305,0.802489464035981,0.09556066078112438,70
chr03,6703019,-8.518731355243192e-21,0.0,1.0,-0.0,63
chr03,6732326,1.3157894736842111e-05,0.059062164419531805,0.8087381385752584,0.09219207589244127,68
chr03,6732334,1.3157894736842111e-05,0.059062164419531805,0.8087381385752584,0.09219207589244127,68
chr03,6732382,1.3157894736842111e-05,0.059062164419531805,0.8087381385752584,0.09219207589244127,68
chr03,6732699,1.2820512820512842e-05,0.05951439864485737,0.8079996477031648,0.09258882858259809,70
chr03,6775409,1.2500000000000002e-05,0.0542570718494498,0.8165247504457852,0.0880306464213531,69
chr03,6775431,1.2500000000000002e-05,0.0542570718494498,0.8165247504457852,0.0880306464213531,69
chr03,6780687,1.2500000000000009e-05,0.05615194054502283,0.813397139575277,0.08969735918598912,70
chr03,6787463,1.2820512820512849e-05,0.057570029214633674,0.8111112409658021,0.09091957979057566,69
chr03,6787474,1.2820512820512849e-05,0.057570029214633674,0.8111112409658021,0.09091957979057566,69
chr03,6823579,1.282051282051283e-05,0.05368414842781392,0.8175001511742366,0.0875121583568131,67
chr03,6840277,-1.250000000000001e-05,0.05615194054502283,0.813397139575277,0.08969735918598912,70
chr03,6861671,8.957795727088178e-21,0.0,1.0,-0.0,66
chr03,6886418,3.274428274428278e-05,0.33472694016196225,0.5650189609378393,0.24793697785754434,63
chr03,6886425,-3.274428274428278e-05,0.33472694016196225,0.5650189609378393,0.24793697785754434,63
chr03,6886426,3.274428274428278e-05,0.33472694016196225,0.5650189609378393,0.24793697785754434,63
chr03,6886430,-3.274428274428278e-05,0.33472694016196225,0.5650189609378393,0.24793697785754434,63
chr03,6886441,-3.274428274428278e-05,0.33472694016196225,0.5650189609378393,0.24793697785754434,63
chr03,6886637,1.2500000000000009e-05,0.05615194054502283,0.813397139575277,0.08969735918598912,70
chr03,6901043,1.2820512820512827e-05,0.055626598465495516,0.8142771625958192,0.08922774535907112,68
chr03,6901044,-1.2820512820512833e-05,0.053684148427813924,0.8175001511742366,0.0875121583568131,67
chr03,6949344,-1.2500000000000004e-05,0.05236314178852474,0.8197086716934421,0.08634047049018866,68
chr03,6949532,-1.2195121951219521e-05,0.05295381310418904,0.8186917428431294,0.08687958979335184,70
chr03,6985455,-4.232804232804236e-05,0.6132723112127917,0.43631780626625905,0.3601970629577569,69
chr03,6995885,4.564102564102568e-05,0.6121146099233505,0.4369707155533241,0.3595476671480008,64
chr03,6996076,-4.351851851851857e-05,0.6170629719241557,0.43499490148516096,0.3615158333208499,67
chr03,6996128,-4.290876242095759e-05,0.6150511742402303,0.43569801570807043,0.360814417959582,68
chr03,7022234,6.798245614035091e-05,1.3911742707553383,0.24286262632771075,0.6146393128131176,62
chr03,7067673,-1.250000000000001e-05,0.0542570718494498,0.8165247504457852,0.0880306464213531,69
chr03,7115274,1.2820512820512828e-05,0.055626598465495516,0.8142771625958192,0.08922774535907112,68
chr03,7182945,-8.17906902050469e-21,0.0,1.0,-0.0,68
chr03,7182982,-8.17906902050469e-21,0.0,1.0,-0.0,68
chr03,7183055,-8.17906902050469e-21,0.0,1.0,-0.0,68
chr03,7183056,-8.17906902050469e-21,0.0,1.0,-0.0,68
chr03,7188465,-3.3286908804378663e-21,0.0,1.0,-0.0,68
chr03,7188467,-3.3286908804378663e-21,0.0,1.0,-0.0,68
chr03,7188560,-3.3286908804378663e-21,0.0,1.0,-0.0,68
chr03,7199901,-1.3157894736842118e-05,0.06105770644090907,0.8055875373194845,0.0938872610681967,69
chr03,7202337,-3.153153153153151e-06,0.0035869096380295395,0.9524263550694319,0.02116859551950878,67
chr03,7223709,1.315789473684212e-05,0.05906216441953182,0.8087381385752584,0.09219207589244127,68
chr03,7282117,3.13706563706564e-05,0.3311231503193701,0.5670481778666354,0.24638004076714212,65
chr03,7286638,1.2820512820512828e-05,0.055626598465495516,0.8142771625958192,0.08922774535907112,68
chr03,7376036,-1.3513513513513529e-05,0.06063432835820137,0.8062721061705144,0.09351836481403282,67
chr03,7382605,-2.2342111831142288e-20,0.0,1.0,-0.0,69
chr03,7382647,2.2342111831142288e-20,0.0,1.0,-0.0,69
chr03,7405244,4.244482173174879e-05,0.6408490580475026,0.42623306807446937,0.37035285981851956,69
chr03,7405275,-4.244482173174879e-05,0.6408490580475026,0.42623306807446937,0.37035285981851956,69
chr03,7405452,-4.298245614035094e-05,0.6357611111557093,0.42810923266332623,0.36844540600942166,68
chr03,7405572,-4.444444444444448e-05,0.6436709358057586,0.42535377776129146,0.37124970567417953,66
chr03,7405644,4.444444444444449e-05,0.6436709358057586,0.42535377776129146,0.37124970567417953,66
chr03,7451947,3.0754892823858354e-05,0.32974238875876166,0.5678236666990744,0.24578651018527345,66
chr03,7457017,4.177005789909022e-05,0.6371057513915139,0.4275395927452559,0.3690236607847273,70
chr03,7457076,4.177005789909022e-05,0.6371057513915139,0.4275395927452559,0.3690236607847273,70
chr03,7472573,7.198275862068973e-05,1.8473717981039008,0.17864694331509862,0.7480044102633461,69
chr03,7504489,-7.387387387387391e-05,1.8621991384783545,0.1770768968379707,0.7518380973660742,67
chr03,7539239,-7.173174872665546e-05,1.863410933785954,0.1767980613105213,0.7525225015783699,69
chr03,7591493,4.315605928509156e-05,0.6449312063809073,0.42481343876775257,0.37180175301330587,68
chr03,7591501,4.315605928509156e-05,0.6449312063809073,0.42481343876775257,0.37180175301330587,68
chr03,7676064,4.21785421785422e-05,0.6562586420202247,0.42070985440617026,0.3760173152611132,70
chr03,7691364,4.21785421785422e-05,0.6562586420202247,0.42070985440617026,0.3760173152611132,70
chr03,7700319,2.9437229437229465e-05,0.3254060324826071,0.5703138093368324,0.2438861124650852,68
chr03,7766065,-2.9437229437229465e-05,0.3254060324826071,0.5703138093368324,0.2438861124650852,68
chr03,7766087,-2.9437229437229465e-05,0.3254060324826071,0.5703138093368324,0.2438861124650852,68
chr03,7807085,-3.001792114695345e-05,0.32682926829269726,0.5695038698431433,0.24450332049477927,67
chr03,7853743,4.1940789473684283e-05,0.6461285549893396,0.4243013477510773,0.3723255887379181,70
chr03,7853763,4.1940789473684283e-05,0.6461285549893396,0.4243013477510773,0.3723255887379181,70
chr03,7854860,-5.086580086580089e-05,0.8542877930795054,0.3591070554987087,0.44477606205840275,61
chr03,7900537,-3.181818181818185e-05,0.32520944402138835,0.5705882674280969,0.24367716265374445,63
chr03,7927250,6.389452332657205e-05,1.3274611398963467,0.25375286353370907,0.5955890481531282,63
chr03,7927251,6.389452332657205e-05,1.3274611398963467,0.25375286353370907,0.5955890481531282,63
chr03,7927267,6.389452332657205e-05,1.3274611398963467,0.25375286353370907,0.5955890481531282,63
chr03,7927327,6.389452332657205e-05,1.3274611398963467,0.25375286353370907,0.5955890481531282,63
chr03,8037265,-3.0330882352941186e-05,0.32517321016162126,0.5705117578260298,0.24373540066497004,66
chr03,8037273,-3.083491461100572e-05,0.3254390844790525,0.5703862766818857,0.24383093202194697,65
chr03,8037292,-3.0330882352941186e-05,0.32517321016162126,0.5705117578260298,0.24373540066497004,66
chr03,8037306,-3.0330882352941186e-05,0.32517321016162126,0.5705117578260298,0.24373540066497004,66
chr03,8037324,-3.0330882352941186e-05,0.32517321016162126,0.5705117578260298,0.24373540066497004,66
chr03,8096643,-3.077651515151517e-05,0.3248195446973847,0.5707524534569539,0.24355221295988827,65
chr03,8096673,-3.077651515151517e-05,0.3248195446973847,0.5707524534569539,0.24355221295988827,65
chr03,8103675,0.0,0.0,1.0,-0.0,66
chr03,8103677,0.0,0.0,1.0,-0.0,66
chr03,8106059,-1.4285714285714299e-05,0.0748898678414346,0.7851753351822295,0.10503335140837709,70
chr03,8106097,-1.4285714285714299e-05,0.0748898678414346,0.7851753351822295,0.10503335140837709,70
chr03,8114189,4.295257269784366e-20,0.0,1.0,-0.0,67
chr03,8114209,4.295257269784366e-20,0.0,1.0,-0.0,67
chr03,8132580,-1.3888888888888871e-05,0.0707249923524092,0.7910887788939426,0.10177477564238743,70
chr03,8132611,1.3888888888888871e-05,0.0707249923524092,0.7910887788939426,0.10177477564238743,70
chr03,8137169,1.3888888888888871e-05,0.0707249923524092,0.7910887788939426,0.10177477564238743,70
chr03,8137187,-1.3888888888888871e-05,0.0707249923524092,0.7910887788939426,0.10177477564238743,70
chr03,8137189,-1.3888888888888871e-05,0.0707249923524092,0.7910887788939426,0.10177477564238743,70
chr03,8145782,3.030303030303033e-05,0.3248730964467635,0.5706891943904071,0.24360035044218808,66
chr03,8159019,-7.158794586471765e-21,0.0,1.0,-0.0,63
chr03,8171694,-2.141203703703705e-05,0.14146895072619162,0.7082213666364741,0.14983097496234885,59
chr03,8176485,1.470588235294119e-05,0.07706464228203144,0.782170249976375,0.10669870655929907,69
chr03,8190966,1.5624999999999973e-05,0.0794450529390465,0.7789602926124596,0.10848467986121622,66
chr03,8242519,-1.4285714285714297e-05,0.07271914703440117,0.7882468902782845,0.10333773391674696,69
chr03,8243398,1.4449385570808594e-21,0.0,1.0,-0.0,66
chr03,8243479,1.4449385570808594e-21,0.0,1.0,-0.0,66
chr03,8253873,1.5151515151515158e-05,0.0724658519051183,0.7886594494009445,0.1031104887722389,65
chr03,8253903,1.5151515151515158e-05,0.0724658519051183,0.7886594494009445,0.1031104887722389,65
chr03,8291961,-1.4285714285714297e-05,0.07271914703440119,0.7882468902782845,0.10333773391674696,69
chr03,8310548,1.4705882352941189e-05,0.07482993197282231,0.7852842374037242,0.10497311982424265,68
chr03,8310568,1.4705882352941189e-05,0.07482993197282231,0.7852842374037242,0.10497311982424265,68
chr03,8311561,-3.030303030303034e-05,0.34663865546217276,0.5580318033526208,0.25334104904278976,68
chr03,8314571,-1.4705882352941177e-05,0.07706464228203144,0.782170249976375,0.10669870655929907,69
chr03,8315015,1.4285714285714299e-05,0.0748898678414346,0.7851753351822295,0.10503335140837709,70
chr03,8322675,-1.3888888888888871e-05,0.0707249923524092,0.7910887788939426,0.10177477564238743,70
chr03,8341596,1.3513513513513505e-05,0.06473429951690012,0.7999431467925541,0.09694087789763972,69
chr03,8341717,1.3513513513513505e-05,0.06473429951690012,0.7999431467925541,0.09694087789763972,69
chr03,8345370,-1.9387643014931773e-20,0.0,1.0,-0.0,68
chr03,8351786,1.4705882352941158e-05,0.0725962026601665,0.7884470398675569,0.10322747299548488,67
chr03,8360159,-1.3513513513513532e-05,0.06678571428574023,0.7968561991657952,0.09862004440500619,70
chr03,8360240,-1.3513513513513532e-05,0.06678571428574023,0.7968561991657952,0.09862004440500619,70
chr03,8360354,1.3513513513513532e-05,0.06678571428574023,0.7968561991657952,0.09862004440500619,70
chr03,8371131,-1.3157894736842106e-05,0.06105770644090907,0.8055875373194845,0.0938872610681967,69
chr03,8396182,-1.4285714285714324e-05,0.0640460860725391,0.8010355671013085,0.09634820020427012,65
chr03,8416407,1.315789473684212e-05,0.0630541871921305,0.802489464035981,0.09556066078112438,70
chr03,8416537,-1.3157894736842131e-05,0.05906216441953181,0.8087381385752584,0.09219207589244127,68
chr03,8416556,1.3157894736842131e-05,0.05906216441953181,0.8087381385752584,0.09219207589244127,68
chr03,8416589,1.3157894736842131e-05,0.05906216441953181,0.8087381385752584,0.09219207589244127,68
chr03,8417489,1.388888888888891e-05,0.06439962926268733,0.8004736250649407,0.0966529731481326,67
chr03,8457094,-1.3513513513513532e-05,0.06678571428574023,0.7968561991657952,0.09862004440500619,70
chr03,8488391,9.49301441346754e-21,0.0,1.0,-0.0,66
chr03,8515658,1.3513513513513532e-05,0.06678571428574023,0.7968561991657952,0.09862004440500619,70
chr03,8515740,-1.3513513513513532e-05,0.06678571428574023,0.7968561991657952,0.09862004440500619,70
chr03,8546941,-1.3888888888888903e-05,0.06439962926268733,0.8004736250649407,0.0966529731481326,67
chr03,8546945,-1.3888888888888903e-05,0.06439962926268733,0.8004736250649407,0.0966529731481326,67
chr03,8546948,-1.3888888888888903e-05,0.06439962926268733,0.8004736250649407,0.0966529731481326,67
chr03,8683345,1.3888888888888871e-05,0.0707249923524092,0.7910887788939426,0.10177477564238743,70
chr03,8756135,1.5151515151515165e-05,0.07752628764927544,0.7816354711437007,0.10699574026621803,62
chr03,8756192,1.5151515151515165e-05,0.07752628764927544,0.7816354711437007,0.10699574026621803,62
chr03,8778899,-1.351351351351351e-05,0.06268382352943612,0.8030809857471797,0.09524065660222683,68
chr03,8786719,2.964254577157804e-05,0.32768691588782933,0.5689692160399873,0.24491123038107965,68
chr03,8786729,-2.9642545771578056e-05,0.32768691588782933,0.5689692160399873,0.24491123038107965,68
chr03,8786892,-1.351351351351352e-05,0.06473429951690013,0.7999431467925541,0.09694087789763972,69
chr03,8838328,-1.3157894736842128e-05,0.05906216441953181,0.8087381385752584,0.09219207589244127,68
chr03,8878428,1.6666666666666684e-05,0.0922764071672281,0.7622731543105468,0.11788937491721975,67
chr03,8878556,1.6129032258064557e-05,0.08933274802462017,0.7659662383685103,0.11579037242143247,68
chr03,8885086,-1.6666666666666674e-05,0.08974059359665218,0.7654779424073446,0.11606731917707441,66
chr03,8885122,-1.6666666666666674e-05,0.08974059359665218,0.7654779424073446,0.11606731917707441,66
chr03,8903870,-1.5624999999999997e-05,0.08419560595324337,0.7725999017457906,0.11204535142193063,68
chr03,8909204,4.6846846846846864e-05,0.7362569694329023,0.3940155343080125,0.40448665550626217,67
chr03,8951713,6.0360360360360406e-05,1.3346613545815882,0.2522068840498721,0.598243063424833,67
chr03,9052568,-6.73400673400674e-05,1.3318025258323454,0.2532179812116456,0.5965054579606762,60
chr03,9058425,-4.513888888888894e-05,0.709316375198643,0.40271243551786184,0.3950049594330419,68
chr03,9070647,6.06617647058824e-05,1.3208255159474496,0.2547208542939268,0.59393549738418,66
chr03,9070675,6.06617647058824e-05,1.3208255159474496,0.2547208542939268,0.59393549738418,66
chr03,9119856,-4.882154882154886e-05,0.7574223602484266,0.38772418342082593,0.41147711000989207,60
chr03,9123216,4.6491228070175476e-05,0.7450149891901352,0.39118489934406864,0.40761791834793853,68
chr03,9148297,-4.887218045112785e-05,0.7682568432640682,0.3840349903560566,0.4156292042099259,66
chr03,9157905,-4.92277992277993e-05,0.7586425611704478,0.38706067008987954,0.41222095585932633,65
chr03,9158159,4.7996272134203226e-05,0.7469877397265965,0.3906594402262331,0.40820167656719236,66
chr03,9160838,6.256109481915939e-05,1.3204658901829969,0.25492223350730725,0.5935922850939077,64
chr03,9161004,4.764065335753182e-05,0.7561608711480048,0.38773247343335193,0.41146782436726265,67
chr03,9169802,-4.615384615384619e-05,0.753854702041914,0.3883579585232687,0.4107677905292112,69
chr03,9171987,-4.649122807017547e-05,0.7450149891901352,0.39118489934406864,0.40761791834793853,68
chr03,9177968,4.730327144120253e-05,0.7654129154073186,0.38481253133891113,0.4147507936957489,68
chr03,9220636,-4.6982758620689655e-05,0.7747379751799742,0.38190162090742275,0.4180484983440022,69
chr03,9240789,9.304511278195499e-05,3.1227205519959815,0.0819752986265744,1.0863169925709217,66
chr03,9242362,-7.500000000000005e-05,2.0816326530611473,0.15367134807815155,0.813407098873136,70
chr03,9298579,4.6677880571909234e-05,0.7841307277627952,0.3790014961107274,0.42135907564841635,70
chr03,9298698,4.6677880571909234e-05,0.7841307277627952,0.3790014961107274,0.42135907564841635,70
chr03,9317355,4.9537037037037076e-05,0.8017930272121139,0.3738618791351115,0.42728881546971365,67
chr03,9317368,4.9537037037037076e-05,0.8017930272121139,0.3738618791351115,0.42728881546971365,67
chr03,9374334,3.071364046973805e-05,0.33958837772396805,0.5620526782864486,0.2502229783509136,68
chr03,9374369,3.071364046973805e-05,0.33958837772396805,0.5620526782864486,0.2502229783509136,68
chr03,9384846,4.6677880571909234e-05,0.7841307277627952,0.3790014961107274,0.42135907564841635,70
chr03,9387675,-4.6677880571909234e-05,0.7841307277627952,0.3790014961107274,0.42135907564841635,70
chr03,9394960,4.790940766550527e-05,0.797534303714252,0.3750281058566799,0.4259361835761039,69
chr03,9429047,-4.8214285714285784e-05,0.7877081252763077,0.37801698127997263,0.4224886903465361,68
chr03,9429270,-5.1282051282051334e-05,0.8063999999999973,0.3726059001476947,0.4287502724099895,65
chr03,9453257,-5.0194931773879165e-05,0.7814096231301503,0.3800714618158074,0.42013473876631485,65
chr03,9496288,-4.803921568627455e-05,0.7105449060638332,0.40250321836652214,0.3952306427166511,64
chr03,9502988,-4.541595925297119e-05,0.7347263847422542,0.39441111379692173,0.40405085591979156,69
chr03,9543862,4.5415959252971195e-05,0.7347263847422544,0.39441111379692173,0.40405085591979156,69
chr03,9543895,-4.5415959252971195e-05,0.7347263847422544,0.39441111379692173,0.40405085591979156,69
chr03,9650987,-4.595588235294118e-05,0.6938301156961658,0.4079624243839336,0.38937983601359744,66
chr03,9660320,-5.8277027027027085e-05,1.3273040482342038,0.25337971815725086,0.5962281512714818,69
chr03,9660347,-5.8277027027027085e-05,1.3273040482342038,0.25337971815725086,0.5962281512714818,69
chr03,9660364,-5.8277027027027085e-05,1.3273040482342038,0.25337971815725086,0.5962281512714818,69
chr03,9674886,4.440789473684216e-05,0.7252139565502904,0.397428087428082,0.4007414432554573,70
chr03,9674910,4.440789473684216e-05,0.7252139565502904,0.397428087428082,0.4007414432554573,70
chr03,9675019,4.440789473684216e-05,0.7252139565502904,0.397428087428082,0.4007414432554573,70
chr03,9715649,1.5151515151515202e-05,0.07706793137119645,0.7821919681519421,0.10668664786381649,67
chr03,9715680,1.5151515151515165e-05,0.07476635514020141,0.7853998118129064,0.10490920712547593,66
chr03,9727032,1.5151515151515148e-05,0.08167411621293745,0.7759231117245666,0.11018131199973372,69
chr03,9727036,1.5151515151515148e-05,0.08167411621293745,0.7759231117245666,0.11018131199973372,69
chr03,9727058,1.5151515151515148e-05,0.08167411621293745,0.7759231117245666,0.11018131199973372,69
chr03,9745528,-1.5151515151515175e-05,0.07937053326004842,0.7790337428019035,0.10844373103693475,68
chr03,9745626,-1.4705882352941168e-05,0.07706464228203144,0.782170249976375,0.10669870655929907,69
chr03,9750282,-1.4705882352941189e-05,0.07930029154518727,0.7791030841146338,0.10840507647337351,70
chr03,9750624,-1.4705882352941168e-05,0.07706464228203144,0.782170249976375,0.10669870655929907,69
chr03,9763401,-1.562500000000001e-05,0.0770713623725843,0.7822151550928429,0.1066737740276692,65
chr03,9813804,-1.4705882352941189e-05,0.06590136054421586,0.7982506141551973,0.09786073865245662,64
chr03,9815008,-1.3888888888888917e-05,0.06439962926268732,0.8004736250649407,0.0966529731481326,67
chr03,9815044,-1.3513513513513505e-05,0.0626838235294361,0.8030809857471797,0.09524065660222683,68
chr03,9837546,-1.3888888888888906e-05,0.06861558514105594,0.794166910030295,0.10008821232455797,69
chr03,9837742,-1.3888888888888906e-05,0.06861558514105594,0.794166910030295,0.10008821232455797,69
chr03,9876935,1.4705882352941212e-05,0.07036349893492555,0.7916608002699546,0.10146085897329546,66
chr03,9876973,1.4705882352941212e-05,0.07036349893492555,0.7916608002699546,0.10146085897329546,66
chr03,9896289,-1.3513513513513502e-05,0.06473429951690014,0.7999431467925541,0.09694087789763972,69
chr03,9942671,1.4285714285714294e-05,0.070549365120521,0.7913664956780773,0.10162234053719627,68
chr03,10082580,0.0,0.0,1.0,-0.0,66
chr03,10098740,2.9040404040404083e-05,0.32586170437729717,0.5700158274414895,0.2441130852484388,69
chr03,10098789,2.9040404040404083e-05,0.32586170437729717,0.5700158274414895,0.2441130852484388,69
chr03,10105086,-1.126443815569347e-20,0.0,1.0,-0.0,68
chr03,10146257,1.3513513513513503e-05,0.06473429951690014,0.7999431467925541,0.09694087789763972,69
chr03,10146304,1.3513513513513503e-05,0.06473429951690014,0.7999431467925541,0.09694087789763972,69
chr03,10191043,3.3431281409657398e-21,0.0,1.0,-0.0,65
chr03,10199068,1.33928571428573e-06,0.0006529083439447907,0.9796929008406731,0.008910038972540007,67
chr03,10199073,-1.33928571428573e-06,0.0006529083439447907,0.9796929008406731,0.008910038972540007,67
chr03,10199075,-1.33928571428573e-06,0.0006529083439447907,0.9796929008406731,0.008910038972540007,67
chr03,10207886,1.315789473684213e-05,0.06305418719213049,0.802489464035981,0.09556066078112438,70
chr03,10215932,3.70370370370371e-05,0.4945149759644944,0.4846859628990279,0.31453955779688275,61
chr03,10271610,-1.3157894736842128e-05,0.06305418719213049,0.802489464035981,0.09556066078112438,70
chr03,10284309,-1.3513513513513508e-05,0.06473429951690012,0.7999431467925541,0.09694087789763972,69
chr03,10330102,-3.225806451612905e-05,0.4307692307692248,0.5140019194565033,0.28903525919964423,65
chr03,10330103,-3.225806451612905e-05,0.4307692307692248,0.5140019194565033,0.28903525919964423,65
chr03,10330149,-3.225806451612905e-05,0.4307692307692248,0.5140019194565033,0.28903525919964423,65
chr03,10330153,-3.225806451612905e-05,0.4307692307692248,0.5140019194565033,0.28903525919964423,65
chr03,10344004,2.951388888888889e-05,0.3262576330328371,0.5698110552883194,0.2442691289748562,68
chr03,10344057,2.951388888888889e-05,0.3262576330328371,0.5698110552883194,0.2442691289748562,68
chr03,10431581,-1.3888888888888886e-05,0.07072499235240921,0.7910887788939426,0.10177477564238743,70
chr03,10431605,1.3888888888888878e-05,0.07072499235240921,0.7910887788939426,0.10177477564238743,70
chr03,10479130,-3.194726166328602e-05,0.39226293763396175,0.533449082714283,0.27290702732015876,63
chr03,10479445,-6.57092225748798e-21,0.0,1.0,-0.0,69
chr03,10479446,-6.57092225748798e-21,0.0,1.0,-0.0,69
chr03,10479460,-6.57092225748798e-21,0.0,1.0,-0.0,69
chr03,10479529,-1.4705882352941189e-05,0.07482993197282233,0.7852842374037242,0.10497311982424265,68
chr03,10495442,1.470588235294119e-05,0.07930029154518727,0.7791030841146338,0.10840507647337351,70
chr03,10506005,-1.4705882352941165e-05,0.0725962026601665,0.7884470398675569,0.10322747299548488,67
chr03,10584617,1.3888888888888884e-05,0.07072499235240919,0.7910887788939426,0.10177477564238743,70
chr03,10619594,1.4285714285714299e-05,0.07488986784143462,0.7851753351822295,0.10503335140837709,70
chr03,10656030,-1.4285714285714299e-05,0.07488986784143462,0.7851753351822295,0.10503335140837709,70
chr03,10683357,1.5151515151515155e-05,0.08167411621293746,0.7759231117245666,0.11018131199973372,69
chr03,10683608,-1.126443815569347e-20,0.0,1.0,-0.0,68
chr03,10693035,-1.5151515151515155e-05,0.08167411621293746,0.7759231117245666,0.11018131199973372,69
chr03,10706801,1.470588235294118e-05,0.07706464228203143,0.782170249976375,0.10669870655929907,69
chr03,10727070,-1.4705882352941189e-05,0.07930029154518728,0.7791030841146338,0.10840507647337351,70
chr03,10756436,-1.4705882352941189e-05,0.07930029154518728,0.7791030841146338,0.10840507647337351,70
chr03,10771930,1.3888888888888906e-05,0.06650711676534306,0.7972944443090464,0.09838126213808734,68
chr03,10771984,1.3888888888888906e-05,0.06650711676534306,0.7972944443090464,0.09838126213808734,68
chr03,10773334,-1.388888888888889e-05,0.0707249923524092,0.7910887788939426,0.10177477564238743,70
chr03,10776088,-1.3888888888888893e-05,0.06861558514105594,0.794166910030295,0.10008821232455797,69
chr03,10783405,1.42857142857143e-05,0.0683805641396437,0.7945362631122834,0.0998862765432449,67
chr03,10783406,1.42857142857143e-05,0.0683805641396437,0.7945362631122834,0.0998862765432449,67
chr03,10786863,1.4285714285714306e-05,0.0683805641396437,0.7945362631122834,0.0998862765432449,67
chr03,10810450,-1.4705882352941209e-05,0.07036349893492555,0.7916608002699546,0.10146085897329546,66
chr03,10813713,1.4705882352941173e-05,0.0681318681318984,0.7949278272961905,0.0996722998087618,65
chr03,10813741,1.4705882352941173e-05,0.0681318681318984,0.7949278272961905,0.0996722998087618,65
chr03,10821479,1.4285714285714294e-05,0.07054936512052101,0.7913664956780773,0.10162234053719627,68
chr03,10843927,-1.4285714285714296e-05,0.06838056413964372,0.7945362631122834,0.0998862765432449,67
chr03,10861261,1.4705882352941167e-05,0.06813186813189838,0.7949278272961905,0.0996722998087618,65
chr03,10871495,-1.428571428571429e-05,0.07054936512052101,0.7913664956780773,0.10162234053719627,68
chr03,10871497,-1.3888888888888898e-05,0.06861558514105595,0.794166910030295,0.10008821232455797,69
chr03,10871499,-1.388888888888889e-05,0.0707249923524092,0.7910887788939426,0.10177477564238743,70
chr03,10914168,3.0891789841039128e-21,0.0,1.0,-0.0,66
chr03,10914455,-3.0891789841039128e-21,0.0,1.0,-0.0,66
chr03,10928607,-1.3888888888888905e-05,0.06861558514105594,0.794166910030295,0.10008821232455797,69
chr03,10930881,-1.2413659327827741e-20,0.0,1.0,-0.0,62
chr03,10936376,1.351351351351352e-05,0.058585858585851275,0.809519096285539,0.09177290192776094,66
chr03,10953833,9.767587139509221e-23,0.0,1.0,-0.0,67
chr03,10969772,1.315789473684211e-05,0.061057706440909076,0.8055875373194845,0.0938872610681967,69
chr03,10980313,-1.3157894736842126e-05,0.057067603160678326,0.8119438221522327,0.09047401826289159,67
chr03,10984275,1.4285714285714299e-05,0.06838056413964372,0.7945362631122834,0.0998862765432449,67
chr03,11100655,-5.6715063520871175e-05,1.1728109933889652,0.28282545999390224,0.5484814978554651,67
chr03,11102717,-1.1904761904761915e-05,0.048105305145589666,0.827060420978967,0.08246276186313388,69
chr03,11149885,1.666666666666668e-05,0.09988982739627354,0.752929969350954,0.12324541601551889,70
chr03,11171601,1.666666666666668e-05,0.09988982739627354,0.752929969350954,0.12324541601551889,70
chr03,11196240,-1.6666666666666678e-05,0.09988982739627354,0.752929969350954,0.12324541601551889,70
chr03,11196279,-1.6666666666666678e-05,0.09988982739627354,0.752929969350954,0.12324541601551889,70
chr03,11196294,-1.6666666666666678e-05,0.09988982739627354,0.752929969350954,0.12324541601551889,70
chr03,11214759,1.666666666666668e-05,0.09988982739627354,0.752929969350954,0.12324541601551889,70
chr03,11214866,1.666666666666668e-05,0.09988982739627354,0.752929969350954,0.12324541601551889,70
chr03,11264143,1.9151149485498914e-20,0.0,1.0,-0.0,66
chr03,11278336,-1.7241379310344835e-05,0.10067271589490771,0.7520254149244502,0.12376748204807085,68
chr03,11278337,-1.7241379310344835e-05,0.10067271589490771,0.7520254149244502,0.12376748204807085,68
chr03,11368336,-1.6129032258064513e-05,0.09424307036247202,0.7597888724082098,0.11930707125392258,70
chr03,11373002,3.2563025210084054e-05,0.32740714662910053,0.569327650201461,0.24463772355133215,62
chr03,11386755,-2.941176470588236e-05,0.32258064516128143,0.5721802778325971,0.2424671157304899,62
chr03,11386775,-2.941176470588236e-05,0.32258064516128143,0.5721802778325971,0.2424671157304899,62
chr03,11406854,-1.6129032258064513e-05,0.09424307036247202,0.7597888724082098,0.11930707125392258,70
chr03,11417710,1.724137931034485e-05,0.09804699904731527,0.7551885491266817,0.1219446038381627,67
chr03,11424088,1.7241379310344866e-05,0.10592705167173107,0.7458289998562833,0.1273607340979311,70
chr03,11428604,0.0,0.0,1.0,-0.0,64
chr03,11439512,1.666666666666668e-05,0.09988982739627356,0.752929969350954,0.12324541601551889,70
chr03,11441008,-1.7241379310344835e-05,0.10067271589490773,0.7520254149244502,0.12376748204807085,68
chr03,11443877,-2.0328790734103244e-20,0.0,1.0,-0.0,68
chr03,11452187,1.7241379310344818e-05,0.10329941412272445,0.748906083407064,0.12557264160018727,69
chr03,11491900,1.7857142857142892e-05,0.10695187165778963,0.7446763996492779,0.12803240963790088,68
chr03,11538974,-1.7857142857142862e-05,0.10423091155790715,0.747846527006281,0.1261875188641921,67
chr03,11542254,1.666666666666668e-05,0.09988982739627356,0.752929969350954,0.12324541601551889,70
chr03,11542391,1.666666666666668e-05,0.09988982739627356,0.752929969350954,0.12324541601551889,70
chr03,11544962,-2.780005570475649e-21,0.0,1.0,-0.0,68
chr03,11561246,1.7241379310344818e-05,0.10329941412272445,0.748906083407064,0.12557264160018727,69
chr03,11580204,1.923076923076923e-05,0.10630681550565223,0.7455045296356183,0.12754971345876964,63
chr03,11585225,5.421010862427529e-21,0.0,1.0,-0.0,66
chr03,11635662,4.761904761904767e-05,0.8074211502783656,0.3720545796329293,0.4293933453474476,70
chr03,11635787,4.9537037037037096e-05,0.8017930272121139,0.3738618791351115,0.42728881546971365,67
chr03,11641049,4.8941798941798954e-05,0.8224286495646594,0.36772116685837775,0.43448137044331386,69
chr03,11641266,3.5714285714285764e-05,0.4558532638014493,0.5019631306858074,0.29932818071900213,67
chr03,11645072,3.250000000000003e-05,0.34310850439878016,0.5601330167157227,0.2517088273404732,65
chr03,11645152,3.250000000000003e-05,0.34310850439878016,0.5601330167157227,0.2517088273404732,65
chr03,11645162,3.250000000000003e-05,0.34310850439878016,0.5601330167157227,0.2517088273404732,65
chr03,11645296,4.761904761904767e-05,0.8074211502783656,0.3720545796329293,0.4293933453474476,70
chr03,11650200,5.0366300366300414e-05,0.8387457254005887,0.363089929645635,0.4399857961435131,68
chr03,11673723,-4.894179894179896e-05,0.8224286495646594,0.36772116685837775,0.43448137044331386,69
chr03,11673726,5.190476190476192e-05,0.8565314173724601,0.35813458611451876,0.44595373586223064,67
chr03,11673728,4.8941798941798954e-05,0.8224286495646594,0.36772116685837775,0.43448137044331386,69
chr03,11770748,-3.448275862068967e-05,0.44015047879616354,0.5093605983786162,0.29297465295028796,68
chr03,11770750,-4.764065335753182e-05,0.8957286259432646,0.3474348004783119,0.45912668301399023,67
chr03,11773215,-4.6677880571909234e-05,0.7841307277627951,0.3790014961107274,0.42135907564841635,70
chr03,11773258,-4.6677880571909234e-05,0.7841307277627951,0.3790014961107274,0.42135907564841635,70
chr03,11803934,-2.951548563935112e-21,0.0,1.0,-0.0,67
chr03,11804100,-4.194829834021306e-21,0.0,1.0,-0.0,67
chr03,11861907,9.914100946601684e-21,0.0,1.0,-0.0,67
chr03,11881056,1.7241379310344825e-05,0.10329941412272443,0.748906083407064,0.12557264160018727,69
chr03,11901781,-1.6666666666666678e-05,0.09988982739627356,0.752929969350954,0.12324541601551889,70
chr03,11904494,-1.7857142857142875e-05,0.1264610078559532,0.7232640669515475,0.14070311089114546,68
chr03,11918056,5.10182006840428e-21,0.0,1.0,-0.0,65
chr03,11918079,4.3816441181274895e-21,0.0,1.0,-0.0,66
chr03,11927999,1.3157894736842106e-05,0.06105770644090906,0.8055875373194845,0.0938872610681967,69
chr03,11956064,-1.7857142857142865e-05,0.11681282886498502,0.7336547408502294,0.13450827171883578,65
chr03,12030650,4.224137931034489e-05,0.6248742420534743,0.43203087769075277,0.3644852126029518,69
chr03,12030670,-4.224137931034489e-05,0.6248742420534743,0.43203087769075277,0.3644852126029518,69
chr03,12068976,4.349816849816855e-05,0.623396013878566,0.43265889896800425,0.3638543592482595,67
chr03,12154128,-2.948717948717952e-05,0.3308997208503491,0.5670566573064006,0.24637354652818724,69
chr03,12164476,4.288240495137053e-05,0.627733345194049,0.43102661343215043,0.36549591380702295,68
chr03,12164597,-4.224137931034489e-05,0.6248742420534743,0.43203087769075277,0.3644852126029518,69
chr03,12187331,4.390681003584235e-05,0.6493806407049729,0.42327254161522276,0.3733799040083435,67
chr03,12198454,-3.055555555555559e-05,0.32759422987441145,0.5690843407347166,0.24482336453412606,66
chr03,12201671,-4.390681003584235e-05,0.649380640704973,0.42327254161522276,0.3733799040083435,67
chr03,12201985,-6.226053639846748e-05,1.3351809585915138,0.25224921556349855,0.5981701756439703,65
chr03,12206623,4.3722943722943785e-05,0.6668218337981525,0.41709960567728843,0.37976022073258786,68
chr03,12206640,4.3722943722943785e-05,0.6668218337981525,0.41709960567728843,0.37976022073258786,68
chr03,12234298,-7.107843137254906e-05,1.902145351738004,0.17235777560789783,0.7635691194075804,70
chr03,12234569,-7.107843137254906e-05,1.902145351738004,0.17235777560789783,0.7635691194075804,70
chr03,12234575,-7.107843137254906e-05,1.902145351738004,0.17235777560789783,0.7635691194075804,70
chr03,12237015,-7.196969696969705e-05,1.8925171487440755,0.17350002144264945,0.7607004671991954,69
chr03,12237072,-7.196969696969705e-05,1.8925171487440755,0.17350002144264945,0.7607004671991954,69
chr03,12262731,-7.352941176470594e-05,1.9230769230770517,0.1701840500900797,0.7690811450884324,68
chr03,12317447,-7.08333333333334e-05,1.850645070157397,0.17820098283103802,0.7490899050302361,70
chr03,12317461,-7.486631016042788e-05,1.9353613611332927,0.16891672895391735,0.7723273372105356,67
chr03,12320515,-7.323232323232325e-05,1.9614648240330872,0.16597103048420483,0.7799677095430463,69
chr03,12320594,7.189542483660131e-05,1.9473836026774662,0.16740960924035195,0.7762196173087879,70
chr03,12360952,7.31907894736843e-05,2.00669858241906,0.16117076468857364,0.7927137335353415,70
chr03,12367109,8.21428571428572e-05,2.4242355946209786,0.12464499546368171,0.9043251538721142,63
chr03,12367113,8.21428571428572e-05,2.4242355946209786,0.12464499546368171,0.9043251538721142,63
chr03,12435779,4.615384615384619e-05,0.7538547020419142,0.3883579585232687,0.4107677905292112,69
chr04,86523,-7.198275862068972e-05,1.8473717981039015,0.17864694331509862,0.7480044102633461,69
chr04,86524,-7.198275862068972e-05,1.8473717981039015,0.17864694331509862,0.7480044102633461,69
chr04,114879,-6.203007518796999e-05,1.3512476007676715,0.24937650738666559,0.6031444618153624,66
chr04,133494,-7.179487179487189e-05,1.8537549407114924,0.1779084253125789,0.7498034842931538,69
chr04,144231,-7.083333333333338e-05,1.850645070157397,0.17820098283103802,0.7490899050302361,70
chr04,163248,7.651072124756345e-05,1.8458293464242683,0.17911408646516666,0.7468702576265563,65
chr04,163280,7.651072124756345e-05,1.8458293464242683,0.17911408646516666,0.7468702576265563,65
chr04,300732,6.406406406406413e-05,1.3528810092055095,0.24923224125365273,0.6033957770496508,64
chr04,346136,7.106812447434827e-05,1.8457272105223022,0.17877104531953172,0.7477028204184126,70
chr04,516802,7.57142857142858e-05,1.850067382030822,0.1784743594315329,0.7484241681078457,67
chr04,557837,-0.00010235191637630673,3.801252949763753,0.055401122181493484,1.2564814382987466,69
chr04,602284,-0.00010119047619047628,3.8048402710552294,0.055227409764763646,1.257845325258122,70
chr04,667071,-9.40170940170941e-05,3.1569506726457672,0.08035658913718147,1.0949785058503518,66
chr04,667154,-9.40170940170941e-05,3.1569506726457672,0.08035658913718147,1.0949785058503518,66
chr04,680839,-0.00010119047619047628,3.8048402710552294,0.055227409764763646,1.257845325258122,70
chr04,686914,-7.10681244743483e-05,1.845727210522302,0.17877104531953172,0.7477028204184126,70
chr04,692203,-7.280701754385973e-05,1.8575864294877626,0.17753572877250726,0.7507142327650885,68
chr04,695519,-7.395644283121603e-05,1.8526482801975237,0.1781759801721428,0.7491508434069337,67
chr04,706803,-7.083333333333339e-05,1.8506450701573975,0.17820098283103802,0.7490899050302361,70
chr04,774758,-6.150978564771672e-05,1.3396764985727043,0.2513925642123043,0.5996475721923181,66
chr04,788936,-7.294429708222823e-05,1.8496615361810698,0.17845041734671493,0.7484824320111317,68
chr04,811446,-7.179487179487189e-05,1.8537549407114924,0.1779084253125789,0.7498034842931538,69
chr04,861502,-8.488964346349754e-05,2.87963965822555,0.0943474473450611,1.0252698455674247,69
chr04,950179,-7.19827586206897e-05,1.8473717981039015,0.17864694331509862,0.7480044102633461,69
chr04,998453,-7.596153846153851e-05,1.8442415931369203,0.17922312319898875,0.7466059587928987,66
chr04,1002244,7.198275862068971e-05,1.8473717981039015,0.17864694331509862,0.7480044102633461,69
chr04,1040125,-7.10681244743483e-05,1.845727210522302,0.17877104531953172,0.7477028204184126,70
chr04,1051051,7.106812447434827e-05,1.845727210522302,0.17877104531953172,0.7477028204184126,70
chr04,1051202,-7.10681244743483e-05,1.845727210522302,0.17877104531953172,0.7477028204184126,70
chr04,1096159,-8.711433756805816e-05,2.8365785286762804,0.09693686202104258,1.013511043092765,67
chr04,1096237,-7.50000000000001e-05,2.2194947909234854,0.14118957744920674,0.8501973615233315,66
chr04,1176538,-4.592803030303032e-05,0.6721819346718353,0.4153830236451672,0.3815512566884581,65
chr04,1184177,-4.3402777777777807e-05,0.6552715604200033,0.42114306806462576,0.37557034331877587,68
chr04,1185065,-4.4196428571428585e-05,0.6604454286186147,0.4193693545867849,0.37740330877798434,67
chr04,1198746,-4.3722943722943764e-05,0.6668218337981524,0.41709960567728843,0.37976022073258786,68
chr04,1203270,-2.7777777777777803e-05,0.27187765505525535,0.6038747366493713,0.21905313890182174,66
chr04,1203326,-2.7777777777777803e-05,0.253504672897161,0.6164023241343379,0.21013573245067332,64
chr04,1203483,-3.030303030303033e-05,0.32487309644676354,0.5706891943904071,0.24360035044218808,66
chr04,1203504,-3.030303030303033e-05,0.32487309644676354,0.5706891943904071,0.24360035044218808,66
chr04,1203509,-2.9857397504456403e-05,0.3250727774875248,0.5705404939110004,0.24371352625366616,67
chr04,1209660,3.0330882352941203e-05,0.32517321016162126,0.5705117578260298,0.24373540066497004,66
chr04,1298109,1.4705882352941177e-05,0.07527979914038685,0.7847260834552319,0.10528191166704065,63
chr04,1327288,-4.592803030303031e-05,0.6721819346718352,0.4153830236451672,0.3815512566884581,65
chr04,1332928,4.2178542178542224e-05,0.6562586420202248,0.42070985440617026,0.3760173152611132,70
chr04,1345390,4.3722943722943785e-05,0.6668218337981523,0.41709960567728843,0.37976022073258786,68
chr04,1357543,-3.030303030303033e-05,0.3248730964467635,0.5706891943904071,0.24360035044218808,66
chr04,1420299,1.4705882352941202e-05,0.07706464228203143,0.782170249976375,0.10669870655929907,69
chr04,1420523,1.5151515151515178e-05,0.07937053326004839,0.7790337428019035,0.10844373103693475,68
chr04,1421239,-1.515151515151517e-05,0.0793705332600484,0.7790337428019035,0.10844373103693475,68
chr04,1421335,1.5151515151515192e-05,0.07706793137119644,0.7821919681519421,0.10668664786381649,67
chr04,1421345,1.5151515151515192e-05,0.07706793137119644,0.7821919681519421,0.10668664786381649,67
chr04,1425943,-1.4285714285714299e-05,0.0748898678414346,0.7851753351822295,0.10503335140837709,70
chr04,1434172,1.993018699421884e-20,0.0,1.0,-0.0,66
chr04,1461716,-1.5624999999999994e-05,0.0865723764623905,0.7694904001068018,0.11379679390482132,69
chr04,1461896,-1.5151515151515168e-05,0.083978638184262,0.7728581879382631,0.11190018764177287,70
chr04,1461944,1.5151515151515168e-05,0.083978638184262,0.7728581879382631,0.11190018764177287,70
chr04,1535620,1.7857142857142845e-05,0.10151097754402974,0.7510613344045888,0.12432459547813655,66
chr04,1550113,1.6129032258064557e-05,0.09178743961352526,0.7628556601698584,0.11755762708021775,69
chr04,1550226,1.562500000000002e-05,0.08895008605853956,0.7664255977144137,0.11552999876188329,70
chr04,1550270,1.562500000000002e-05,0.08895008605853956,0.7664255977144137,0.11552999876188329,70
chr04,1551013,1.562499999999998e-05,0.0794450529390465,0.7789602926124596,0.10848467986121622,66
chr04,1552876,1.5151515151515168e-05,0.083978638184262,0.7728581879382631,0.11190018764177287,70
chr04,1569357,1.5625000000000014e-05,0.08419560595324335,0.7725999017457906,0.11204535142193063,68
chr04,1594986,1.5624999999999997e-05,0.08419560595324335,0.7725999017457906,0.11204535142193063,68
chr04,1595010,-1.47058823529412e-05,0.07930029154518727,0.7791030841146338,0.10840507647337351,70
chr04,1595016,-1.47058823529412e-05,0.07930029154518727,0.7791030841146338,0.10840507647337351,70
chr04,1605828,-1.5151515151515165e-05,0.07476635514020143,0.7853998118129064,0.10490920712547593,66
chr04,1681878,-1.25e-05,0.05425707184944981,0.8165247504457852,0.0880306464213531,69
chr04,1681927,-1.4705882352941189e-05,0.07482993197282233,0.7852842374037242,0.10497311982424265,68
chr04,1681955,-1.4705882352941189e-05,0.07482993197282233,0.7852842374037242,0.10497311982424265,68
chr04,1682112,-7.17057201899745e-21,0.0,1.0,-0.0,61
chr04,1688913,-1.3888888888888893e-05,0.06229316721822767,0.8037068752498597,0.09490231651684128,66
chr04,1688929,-1.3888888888888893e-05,0.06229316721822767,0.8037068752498597,0.09490231651684128,66
chr04,1688982,1.388888888888889e-05,0.06229316721822767,0.8037068752498597,0.09490231651684128,66
chr04,1713964,0.0,0.0,1.0,-0.0,68
chr04,1714251,-2.7733157174985684e-20,0.0,1.0,-0.0,67
chr04,1714299,-2.7733157174985684e-20,0.0,1.0,-0.0,67
chr04,1739760,-1.4285714285714318e-05,0.07271914703440117,0.7882468902782845,0.10333773391674696,69
chr04,1842240,-3.055555555555557e-05,0.32759422987441134,0.5690843407347166,0.24482336453412606,66
chr04,1842756,4.3300653594771284e-05,0.6937187891553233,0.4078182228328253,0.38953337223388934,70
chr04,1864817,-4.761904761904764e-05,0.7190139237617633,0.3996776982789635,0.398290084375873,65
chr04,1864841,-4.761904761904764e-05,0.7190139237617633,0.3996776982789635,0.398290084375873,65
chr04,1864846,-4.761904761904764e-05,0.7190139237617633,0.3996776982789635,0.398290084375873,65
chr04,1900186,4.476351351351359e-05,0.7172179095831775,0.40007293316602455,0.39786082971140313,69
chr04,1900216,4.476351351351359e-05,0.7172179095831775,0.40007293316602455,0.39786082971140313,69
chr04,1900349,4.5535714285714334e-05,0.701517433682264,0.40534345413583994,0.39217683598243486,67
chr04,1911706,-4.3816543816543895e-05,0.7087615163323208,0.40280639117940087,0.39490364727451094,70
chr04,1924390,-7.616487455197137e-05,1.9941190208276465,0.16268064873725646,0.788664104386156,67
chr04,1924463,7.402812241521924e-05,2.042090464318401,0.1575770851553944,0.8025069373167999,70
chr04,1924465,-7.402812241521924e-05,2.042090464318401,0.1575770851553944,0.8025069373167999,70
chr04,1925464,8.03030303030304e-05,1.9656651868167585,0.16597706095624976,0.7799519299630444,63
chr04,1930840,-7.323232323232328e-05,1.9614648240330874,0.16597103048420483,0.7799677095430463,69
chr04,1947862,-0.00010535714285714295,3.9405945767080732,0.051356953774817166,1.28940074424649,67
chr04,2070980,-4.356060606060609e-05,0.6045818975220322,0.43961344325872176,0.35692903543914434,68
chr04,2102902,-3.246124031007755e-05,0.3535763578793719,0.5541598586321772,0.25636493616101336,67
chr04,2224835,5.448717948717952e-05,0.9958199175281548,0.3222662642336137,0.491785155313063,63
chr04,2225245,-3.282051282051285e-05,0.34101065658298246,0.5613651106892122,0.25075458262784406,64
chr04,2275548,1.2820512820512835e-05,0.05951439864485735,0.8079996477031648,0.09258882858259809,70
chr04,2275660,1.2820512820512835e-05,0.05951439864485735,0.8079996477031648,0.09258882858259809,70
chr04,2303419,1.3888888888888895e-05,0.06018777796080391,0.8069968184562,0.09312817745840044,65
chr04,2316052,1.3888888888888888e-05,0.07862993298586128,0.7800398212065802,0.10788322591357292,68
chr04,2406463,2.9824561403508816e-05,0.32970908022339657,0.567782337838189,0.2458181213182933,68
chr04,2407782,1.6666666666666667e-05,0.09735106739691175,0.7560008474644699,0.12147771766157572,69
chr04,2428290,-1.6129032258064524e-05,0.09424307036247201,0.7597888724082098,0.11930707125392258,70
chr04,2428444,-1.6666666666666667e-05,0.09735106739691175,0.7560008474644699,0.12147771766157572,69
chr04,2558670,1.6129032258064534e-05,0.09178743961352527,0.7628556601698584,0.11755762708021775,69
chr04,2558738,1.6129032258064534e-05,0.09178743961352527,0.7628556601698584,0.11755762708021775,69
chr04,2564307,1.5625000000000024e-05,0.08895008605853955,0.7664255977144137,0.11552999876188329,70
chr04,2624543,0.0,0.0,1.0,-0.0,65
chr04,2624551,0.0,0.0,1.0,-0.0,65
chr04,2624577,0.0,0.0,1.0,-0.0,65
chr04,2626022,-3.0180180180180227e-05,0.3286048441862389,0.5684597415506272,0.24530028672208498,67
chr04,2626143,-3.0180180180180227e-05,0.3286048441862389,0.5684597415506272,0.24530028672208498,67
chr04,2651616,-1.6666666666666678e-05,0.08974059359665218,0.7654779424073446,0.11606731917707441,66
chr04,2700233,1.6129032258064524e-05,0.09178743961352528,0.7628556601698584,0.11755762708021775,69
chr04,2706697,-1.5625e-05,0.08419560595324335,0.7725999017457906,0.11204535142193063,68
chr04,2706715,-2.991071428571431e-05,0.32565617288560356,0.5701957808369433,0.24397600057621335,67
chr04,2706721,-1.5625e-05,0.08419560595324335,0.7725999017457906,0.11204535142193063,68
chr04,2706785,-1.5625e-05,0.08419560595324335,0.7725999017457906,0.11204535142193063,68
chr04,2728347,1.562500000000002e-05,0.08657237646239047,0.7694904001068018,0.11379679390482132,69
chr04,2754718,7.470288624787785e-05,2.025737131434216,0.1592939081596516,0.7978008325054338,69
chr04,2754829,7.470288624787785e-05,2.025737131434216,0.1592939081596516,0.7978008325054338,69
chr04,2841875,-0.0001135416666666668,3.931523999139727,0.05197268680885745,1.2842248310682562,62
chr04,2842392,-8.91774891774893e-05,3.127876849403205,0.08158471751433276,1.0883911858636441,68
chr04,2856064,-0.00010049019607843139,3.911308810949646,0.05201682547486398,1.283856155808311,70
chr04,2882434,-0.00010049019607843139,3.911308810949646,0.05201682547486398,1.283856155808311,70
chr04,2899854,0.00010049019607843139,3.911308810949646,0.05201682547486398,1.283856155808311,70
chr04,2899926,0.00010049019607843139,3.911308810949646,0.05201682547486398,1.283856155808311,70
chr04,2899928,0.00010049019607843139,3.911308810949646,0.05201682547486398,1.283856155808311,70
chr04,2899930,0.00010049019607843139,3.911308810949646,0.05201682547486398,1.283856155808311,70
chr04,2943036,-0.00010049019607843139,3.911308810949646,0.05201682547486398,1.283856155808311,70
chr04,2943283,8.823529411764713e-05,3.0618556701030086,0.08479803197451401,1.0716142269004427,68
chr04,2946958,-0.00010863377609108171,3.9465355050262465,0.051321500530257184,1.2897006542752114,65
chr04,2987997,0.00010227272727272736,3.935037731288604,0.051389822569783604,1.28912288177186,69
chr04,3061023,0.00010049019607843139,3.911308810949646,0.05201682547486398,1.283856155808311,70
chr04,3061071,0.00010049019607843139,3.911308810949646,0.05201682547486398,1.283856155808311,70
chr04,3098590,0.00010472370766488426,3.897889598931373,0.052598706632593695,1.2790249347290275,67
chr04,3150578,0.00011596638655462195,5.6138433515481045,0.020707918454331516,1.6838635538941402,69
chr04,3188985,0.00010618279569892482,3.9912336799849233,0.049925506864678275,1.3016775172952082,67
chr04,3192102,8.940092165898625e-05,3.573087443853248,0.06325270008927886,1.1989209308818554,66
chr04,3196564,0.00010049019607843137,3.9113088109496466,0.05201682547486398,1.283856155808311,70
chr04,3196893,0.00010168067226890763,3.8938984356082247,0.052588717153132646,1.2791074232179347,69
chr04,3246763,-0.00010505666957279869,4.015152086475654,0.049200849201184164,1.3080274012935027,68
chr04,3313163,7.32323232323233e-05,1.9614648240330872,0.16597103048420483,0.7799677095430463,69
chr04,3386201,7.777777777777784e-05,2.012998475487415,0.16080856540236788,0.793690822453785,66
chr04,3412075,0.00010748106060606068,4.621402082695749,0.03542206658501061,1.450726104910909,65
chr04,3459803,-7.541412380122067e-05,2.0097367714209744,0.1609964270796486,0.7931837619607642,68
chr04,3588543,7.56410256410257e-05,2.06397401746916,0.15546974188984808,0.8083541224503763,69
chr04,3781083,7.390202702702709e-05,1.9916495104534016,0.1627954375064043,0.7883577707831707,69
chr04,3799308,-7.875116495806157e-05,2.051519640852867,0.1569206595054052,0.8043198752878726,66
chr04,3799325,7.875116495806158e-05,2.051519640852867,0.1569206595054052,0.8043198752878726,66
chr04,3816917,8.973214285714293e-05,3.053283477447897,0.08529696919484747,1.0690664000791141,67
chr04,3837268,-9.584178498985809e-05,3.070306258322176,0.0847597682623391,1.0718102393435573,63
chr04,3837315,-9.584178498985809e-05,3.070306258322176,0.0847597682623391,1.0718102393435573,63
chr04,3839048,9.090909090909098e-05,3.047619047619174,0.08565454337869838,1.0672495957811836,66
chr04,3846411,-5.8874458874458944e-05,1.321165734471627,0.2545312111607822,0.5942589559448801,68
chr04,3918891,1.6666666666666674e-05,0.08974059359665218,0.7654779424073446,0.11606731917707441,66
chr04,4007134,4.444444444444448e-05,0.6436709358057585,0.42535377776129146,0.37124970567417953,66
chr04,4044858,4.4268406337371896e-05,0.6343516346416216,0.4287082062169866,0.36783820326183153,66
chr04,4044922,4.3557168784029054e-05,0.6308845274052804,0.4299214755322712,0.36661086036749496,67
chr04,4045080,4.3156059285091564e-05,0.6449312063809073,0.42481343876775257,0.37180175301330587,68
chr04,4176233,-1.724137931034482e-05,0.10352400918438515,0.7487409741804499,0.1256683998443704,63
chr04,4182811,-1.351351351351352e-05,0.06473429951690013,0.7999431467925541,0.09694087789763972,69
chr04,4375630,0.0,0.0,1.0,-0.0,64
chr04,4377112,-4.411904944312925e-21,0.0,1.0,-0.0,68
chr04,4397056,-1.315789473684211e-05,0.06305418719213049,0.802489464035981,0.09556066078112438,70
chr04,4425550,-1.7241379310344845e-05,0.11282637697731882,0.7380477349814762,0.13191554824657908,66
chr04,4425607,-1.7241379310344845e-05,0.11282637697731882,0.7380477349814762,0.13191554824657908,66
chr04,4445130,-1.3157894736842121e-05,0.06105770644090907,0.8055875373194845,0.0938872610681967,69
chr04,4505710,-3.13706563706564e-05,0.3311231503193702,0.5670481778666354,0.24638004076714212,65
chr04,4505765,-3.13706563706564e-05,0.3311231503193702,0.5670481778666354,0.24638004076714212,65
chr04,4535636,-1.2636388956707452e-20,0.0,1.0,-0.0,59
chr04,4546635,1.3157894736842111e-05,0.06305418719213049,0.802489464035981,0.09556066078112438,70
chr04,4619732,-1.315789473684211e-05,0.06305418719213049,0.802489464035981,0.09556066078112438,70
chr04,4619765,-1.351351351351352e-05,0.06473429951690013,0.7999431467925541,0.09694087789763972,69
chr04,4619864,-1.351351351351352e-05,0.06473429951690013,0.7999431467925541,0.09694087789763972,69
chr04,4658543,1.0992605359922473e-20,0.0,1.0,-0.0,66
chr04,4676364,3.075489282385836e-05,0.32974238875876166,0.5678236666990744,0.24578651018527345,66
chr04,4752123,1.666666666666668e-05,0.07455012853468782,0.7857933209648609,0.10469166689661379,60
chr04,4758618,0.0,0.0,1.0,-0.0,68
chr04,4758676,0.0,0.0,1.0,-0.0,68
chr04,4758678,0.0,0.0,1.0,-0.0,68
chr04,4759483,1.5151515151515192e-05,0.0793705332600484,0.7790337428019035,0.10844373103693475,68
chr04,4778001,-1.3888888888888896e-05,0.06861558514105597,0.794166910030295,0.10008821232455797,69
chr04,4783126,1.4285714285714314e-05,0.07271914703440117,0.7882468902782845,0.10333773391674696,69
chr04,4788742,-1.3888888888888901e-05,0.0707249923524092,0.7910887788939426,0.10177477564238743,70
chr04,4833549,1.4705882352941184e-05,0.07706464228203143,0.782170249976375,0.10669870655929907,69
chr04,4854779,-1.5151515151515165e-05,0.07476635514020143,0.7853998118129064,0.10490920712547593,66
chr04,4854880,0.0,0.0,1.0,-0.0,65
chr04,4854924,0.0,0.0,1.0,-0.0,65
chr04,4904209,-1.6666666666666684e-05,0.09735106739691173,0.7560008474644699,0.12147771766157572,69
chr04,4907585,-1.666666666666669e-05,0.09227640716722812,0.7622731543105468,0.11788937491721975,67
chr04,4911996,1.6666666666666647e-05,0.08974059359665215,0.7654779424073446,0.11606731917707441,66
chr04,4912015,1.724137931034485e-05,0.09804699904731527,0.7551885491266817,0.1219446038381627,67
chr04,4912051,1.6666666666666664e-05,0.09481324663543353,0.7591147005506755,0.11969259821168511,68
chr04,4933025,-1.7241379310344855e-05,0.10067271589490771,0.7520254149244502,0.12376748204807085,68
chr04,4946123,-3.351648351648357e-05,0.331430150105855,0.5670076108986319,0.24641111156724474,61
chr04,4956492,-1.6666666666666678e-05,0.09988982739627354,0.752929969350954,0.12324541601551889,70
chr04,4987072,1.666666666666668e-05,0.09988982739627354,0.752929969350954,0.12324541601551889,70
chr04,4987218,-1.7241379310344842e-05,0.09804699904731527,0.7551885491266817,0.1219446038381627,67
chr04,4987224,-1.7241379310344842e-05,0.09804699904731527,0.7551885491266817,0.1219446038381627,67
chr04,5006896,1.7241379310344825e-05,0.10329941412272442,0.748906083407064,0.12557264160018727,69
chr04,5009190,-1.724137931034485e-05,0.10592705167173107,0.7458289998562833,0.1273607340979311,70
chr04,5016282,-3.1527093596059144e-05,0.3275008253548775,0.5692037769828154,0.24473222679338794,64
chr04,5036099,1.78571428571429e-05,0.10695187165778963,0.7446763996492779,0.12803240963790088,68
chr04,5036656,1.7857142857142845e-05,0.10423091155790715,0.747846527006281,0.1261875188641921,67
chr04,5036967,1.666666666666668e-05,0.09988982739627354,0.752929969350954,0.12324541601551889,70
chr04,5037506,1.666666666666667e-05,0.09735106739691175,0.7560008474644699,0.12147771766157572,69
chr04,5055908,-1.1239250969084604e-20,0.0,1.0,-0.0,69
chr04,5148553,6.0798548094373906e-05,1.3445507872799738,0.2504748361564138,0.6012358988081485,67
chr04,5168001,-4.649122807017547e-05,0.7450149891901353,0.39118489934406864,0.40761791834793853,68
chr04,5258058,4.698275862068969e-05,0.7747379751799742,0.38190162090742275,0.4180484983440022,69
chr04,5306447,-4.667788057190922e-05,0.7841307277627951,0.3790014961107274,0.42135907564841635,70
chr04,5306511,-4.667788057190922e-05,0.7841307277627951,0.3790014961107274,0.42135907564841635,70
chr04,5312286,4.698275862068969e-05,0.7747379751799742,0.38190162090742275,0.4180484983440022,69
chr04,5312327,4.698275862068969e-05,0.7747379751799742,0.38190162090742275,0.4180484983440022,69
chr04,5312330,4.698275862068969e-05,0.7747379751799742,0.38190162090742275,0.4180484983440022,69
chr04,5344089,-4.8371647509578583e-05,0.7379000729101647,0.3935911352120828,0.4049546916731936,65
chr04,5344247,-4.960317460317465e-05,0.7491107330652579,0.390094725451293,0.40882992183095274,64
chr04,5344249,-4.960317460317465e-05,0.7491107330652579,0.390094725451293,0.40882992183095274,64
chr04,5344287,-4.960317460317465e-05,0.7491107330652579,0.390094725451293,0.40882992183095274,64
chr04,5344288,-4.960317460317465e-05,0.7491107330652579,0.390094725451293,0.40882992183095274,64
chr04,5350012,4.5078577336641884e-05,0.7431772606015642,0.3916749940887906,0.4070741544565097,70
chr04,5350021,4.5078577336641884e-05,0.7431772606015642,0.3916749940887906,0.4070741544565097,70
chr04,5377544,4.722222222222226e-05,0.7275874277172584,0.3968474026420452,0.40137645779734954,66
chr04,5377565,4.722222222222226e-05,0.7275874277172584,0.3968474026420452,0.40137645779734954,66
chr04,5377604,4.722222222222226e-05,0.7275874277172584,0.3968474026420452,0.40137645779734954,66
chr04,5381520,1.6666666666666678e-05,0.09988982739627354,0.752929969350954,0.12324541601551889,70
chr04,5395093,1.7857142857142852e-05,0.10151097754402975,0.7510613344045888,0.12432459547813655,66
chr04,5395192,-1.7857142857142855e-05,0.10151097754402975,0.7510613344045888,0.12432459547813655,66
chr04,5395225,-1.7857142857142855e-05,0.10151097754402975,0.7510613344045888,0.12432459547813655,66
chr04,5400239,3.5714285714285764e-05,0.4558532638014493,0.5019631306858074,0.29932818071900213,67
chr04,5400279,3.4482758620689684e-05,0.4401504787961634,0.5093605983786162,0.29297465295028796,68
chr04,5400418,3.7037037037037064e-05,0.47272727272726633,0.4942194104699158,0.3060802016809406,66
chr04,5400421,3.7037037037037064e-05,0.47272727272726633,0.4942194104699158,0.3060802016809406,66
chr04,5400460,3.5714285714285764e-05,0.4558532638014493,0.5019631306858074,0.29932818071900213,67
chr04,5400466,3.5714285714285764e-05,0.4558532638014493,0.5019631306858074,0.29932818071900213,67
chr04,5400487,3.5714285714285764e-05,0.4558532638014493,0.5019631306858074,0.29932818071900213,67
chr04,5405717,-1.6666666666666664e-05,0.09481324663543353,0.7591147005506755,0.11969259821168511,68
chr04,5405741,-1.6666666666666674e-05,0.09735106739691175,0.7560008474644699,0.12147771766157572,69
chr04,5433308,-1.666666666666669e-05,0.09227640716722812,0.7622731543105468,0.11788937491721975,67
chr04,5452793,-1.666666666666668e-05,0.08467223650383725,0.7720340600397246,0.11236353935207768,64
chr04,5452814,-1.666666666666668e-05,0.08467223650383725,0.7720340600397246,0.11236353935207768,64
chr04,5452847,-1.666666666666668e-05,0.08467223650383725,0.7720340600397246,0.11236353935207768,64
chr04,5467973,1.6666666666666678e-05,0.08974059359665218,0.7654779424073446,0.11606731917707441,66
chr04,5496690,-1.559139784946241e-05,0.08070505303184881,0.777338842256905,0.10938963081969623,61
chr04,5496729,1.559139784946241e-05,0.08070505303184881,0.777338842256905,0.10938963081969623,61
chr04,5496731,1.559139784946241e-05,0.08070505303184881,0.777338842256905,0.10938963081969623,61
chr04,5496946,-1.6129032258064547e-05,0.08933274802462016,0.7659662383685103,0.11579037242143247,68
chr04,5496992,-1.6129032258064544e-05,0.08933274802462014,0.7659662383685103,0.11579037242143247,68
chr04,5505828,2.9138513513513526e-05,0.32696796095899155,0.5693634522730682,0.24461041387601984,69
chr04,5532836,-1.5151515151515165e-05,0.07476635514020141,0.7853998118129064,0.10490920712547593,66
chr04,5532865,-1.5151515151515165e-05,0.07476635514020141,0.7853998118129064,0.10490920712547593,66
chr04,5545122,-1.5151515151515199e-05,0.07706793137119645,0.7821919681519421,0.10668664786381649,67
chr04,5545130,-1.5151515151515199e-05,0.07706793137119645,0.7821919681519421,0.10668664786381649,67
chr04,5584716,-1.5625000000000014e-05,0.08657237646239047,0.7694904001068018,0.11379679390482132,69
chr04,5585072,-1.6666666666666674e-05,0.09227640716722811,0.7622731543105468,0.11788937491721975,67
chr04,5657593,1.562500000000001e-05,0.08419560595324335,0.7725999017457906,0.11204535142193063,68
chr04,5721729,1.7241379310344852e-05,0.09804699904731527,0.7551885491266817,0.1219446038381627,67
chr04,5721775,1.7241379310344852e-05,0.09804699904731527,0.7551885491266817,0.1219446038381627,67
chr04,5721786,1.7241379310344852e-05,0.09804699904731527,0.7551885491266817,0.1219446038381627,67
chr04,5721787,1.7241379310344852e-05,0.09804699904731527,0.7551885491266817,0.1219446038381627,67
chr04,5721816,1.7241379310344852e-05,0.09804699904731527,0.7551885491266817,0.1219446038381627,67
chr04,5728415,-1.612903225806453e-05,0.094243070362472,0.7597888724082098,0.11930707125392258,70
chr04,5728524,1.612903225806453e-05,0.094243070362472,0.7597888724082098,0.11930707125392258,70
chr04,5728550,1.6666666666666674e-05,0.09735106739691175,0.7560008474644699,0.12147771766157572,69
chr04,5728560,1.6666666666666674e-05,0.09735106739691175,0.7560008474644699,0.12147771766157572,69
chr04,5792632,-1.7241379310344835e-05,0.10329941412272443,0.748906083407064,0.12557264160018727,69
chr04,5793663,1.6666666666666674e-05,0.09735106739691175,0.7560008474644699,0.12147771766157572,69
chr04,5880826,-4.74137931034483e-06,0.008482618845071064,0.9268925188352632,0.03297062311875498,69
chr04,5880908,1.7857142857142855e-05,0.10423091155790713,0.747846527006281,0.1261875188641921,67
chr04,5896977,-1.7241379310344852e-05,0.10592705167173107,0.7458289998562833,0.1273607340979311,70
chr04,6015385,-8.05555555555556e-05,2.164179104477628,0.14608491912957045,0.8353946155295254,67
chr04,6021552,-6.190061028770709e-05,1.4605179982440177,0.23115985110432985,0.6360875939451802,68
chr04,6021685,-7.470288624787778e-05,2.0257371314342163,0.1592939081596516,0.7978008325054338,69
chr04,6042619,7.564102564102572e-05,2.0639740174691594,0.15546974188984808,0.8083541224503763,69
chr04,6058848,-7.026143790849676e-05,1.5066360987197118,0.2245281208454452,0.6487292583881205,61
chr04,6134092,-7.61648745519714e-05,2.3704187887078723,0.128508250661809,0.8910689882714731,67
chr04,6137932,9.502923976608196e-05,3.1427475057559473,0.08109949087817231,1.0909818721697861,65
chr04,6170475,7.672413793103456e-05,2.1066572985761476,0.15132582416447624,0.8200869521148354,69
chr04,6170713,7.500000000000006e-05,2.0816326530611473,0.15367134807815155,0.813407098873136,70
chr04,6173426,6.135531135531139e-05,1.3571205983172638,0.2482947188038464,0.6050325177339553,67
chr04,6203409,-7.564102564102571e-05,2.06397401746916,0.15546974188984808,0.8083541224503763,69
chr04,6216441,7.40281224152193e-05,2.042090464318401,0.1575770851553944,0.8025069373167999,70
chr04,6216542,7.564102564102574e-05,2.06397401746916,0.15546974188984808,0.8083541224503763,69
chr04,6216609,7.564102564102574e-05,2.06397401746916,0.15546974188984808,0.8083541224503763,69
chr04,6231649,9.458128078817743e-05,3.0775594622543845,0.0843207297818761,1.0740656433688358,64
chr04,6238835,-8.947368421052644e-05,3.090909090909212,0.08336706287928296,1.0790054989442497,68
chr04,6248849,-7.564102564102571e-05,2.06397401746916,0.15546974188984808,0.8083541224503763,69
chr04,6248889,-7.564102564102571e-05,2.06397401746916,0.15546974188984808,0.8083541224503763,69
chr04,6248920,-7.40281224152193e-05,2.042090464318401,0.1575770851553944,0.8025069373167999,70
chr04,6258817,-7.564102564102571e-05,2.06397401746916,0.15546974188984808,0.8083541224503763,69
chr04,6259294,6.15449915110357e-05,1.4833669774135914,0.22752028153302226,0.6429798835550992,69
chr04,6259369,-7.40281224152193e-05,2.042090464318401,0.1575770851553944,0.8025069373167999,70
chr04,6286188,4.5415959252971175e-05,0.7347263847422543,0.39441111379692173,0.40405085591979156,69
chr04,6290531,4.440789473684216e-05,0.7252139565502904,0.397428087428082,0.4007414432554573,70
chr04,6295745,6.305418719211829e-05,1.331096947333154,0.25303835773084665,0.5968136397405536,64
chr04,6333671,6.305418719211829e-05,1.331096947333154,0.25303835773084665,0.5968136397405536,64
chr04,6381092,-4.6543778801843346e-05,0.7099094867143839,0.4026116298813669,0.3951136841906498,66
chr04,6381113,4.6543778801843346e-05,0.7099094867143839,0.4026116298813669,0.3951136841906498,66
chr04,6384805,4.5771578029642616e-05,0.726359984667307,0.3971477316808487,0.40104791359124603,68
chr04,6408211,-4.4407894736842156e-05,0.7252139565502904,0.397428087428082,0.4007414432554573,70
chr04,6408314,-4.513888888888893e-05,0.7093163751986431,0.40271243551786184,0.3950049594330419,68
chr04,6433450,-7.248157248157258e-05,1.9752002670226567,0.16444941773480215,0.7839676598828169,70
chr04,6441812,9.545454545454556e-05,3.0572792362769974,0.08540703013200066,1.0685063796403367,63
chr04,6471069,7.18954248366013e-05,1.9473836026774658,0.16740960924035195,0.7762196173087879,70
chr04,6488443,9.250474383301715e-05,3.055210146729607,0.08535060212491732,1.0687934107108574,65
chr04,6490553,7.18954248366013e-05,1.9473836026774658,0.16740960924035195,0.7762196173087879,70
chr04,6490628,7.18954248366013e-05,1.9473836026774658,0.16740960924035195,0.7762196173087879,70
chr04,6493424,-7.189542483660132e-05,1.9473836026774658,0.16740960924035195,0.7762196173087879,70
chr04,6503152,7.390202702702711e-05,1.991649510453402,0.1627954375064043,0.7883577707831707,69
chr04,6515039,7.390202702702711e-05,1.991649510453402,0.1627954375064043,0.7883577707831707,69
chr04,6521519,9.384164222873909e-05,3.052307692307732,0.08557431478863121,1.067656569662569,64
chr04,6521792,7.61648745519714e-05,1.9941190208276467,0.16268064873725646,0.788664104386156,67
chr04,6526024,7.248157248157258e-05,1.9752002670226567,0.16444941773480215,0.7839676598828169,70
chr04,6544884,-7.248157248157258e-05,1.9752002670226567,0.16444941773480215,0.7839676598828169,70
chr04,6603492,7.47028862478778e-05,2.0257371314342163,0.1592939081596516,0.7978008325054338,69
chr04,6667954,-7.672413793103457e-05,2.1066572985761476,0.15132582416447624,0.8200869521148354,69
chr04,6684834,7.631578947368429e-05,2.0466311054300785,0.15726106974925108,0.8033787744244513,68
chr04,6713762,-7.564102564102572e-05,2.063974017469159,0.15546974188984808,0.8083541224503763,69
chr04,6742478,-7.248157248157258e-05,1.975200267022657,0.16444941773480215,0.7839676598828169,70
chr04,6742522,-7.248157248157258e-05,1.975200267022657,0.16444941773480215,0.7839676598828169,70
chr04,6742523,-7.248157248157258e-05,1.975200267022657,0.16444941773480215,0.7839676598828169,70
chr04,6742725,-7.248157248157258e-05,1.975200267022657,0.16444941773480215,0.7839676598828169,70
chr04,6763384,-7.248157248157258e-05,1.975200267022657,0.16444941773480215,0.7839676598828169,70
chr04,6798747,7.248157248157258e-05,1.975200267022657,0.16444941773480215,0.7839676598828169,70
chr04,6824517,-7.18954248366013e-05,1.9473836026774658,0.16740960924035195,0.7762196173087879,70
chr04,6873432,-5.8823529411764755e-05,1.3199999999999636,0.25473882207932586,0.5939048637131911,68
chr04,6875131,-7.352941176470594e-05,1.9230769230770517,0.1701840500900797,0.7690811450884324,68
chr04,6903955,-9.09926470588236e-05,3.0505536831967612,0.08550739207142391,1.0679963391073914,66
chr04,6990709,8.957219251336911e-05,3.047585724282737,0.08558238879177113,1.0676155955734474,67
chr04,7052210,-7.323232323232326e-05,1.9614648240330865,0.16597103048420483,0.7799677095430463,69
chr04,7096924,7.142857142857149e-05,1.9230769230768163,0.17004730974227203,0.76943023449473,70
chr04,7107114,7.402597402597414e-05,1.9481720612461804,0.16746194223598274,0.7760838761190167,68
chr04,7117419,7.963709677419364e-05,1.936197698132959,0.16913585476903925,0.7717643174304157,63
chr04,7118496,7.544642857142865e-05,1.9627706195240184,0.16597363021518483,0.7799609069102418,67
chr04,7151914,7.226890756302525e-05,1.9120402525041953,0.171328281762757,0.7661709405973561,69
chr04,7152092,7.142857142857149e-05,1.9230769230768163,0.17004730974227203,0.76943023449473,70
chr04,7155584,-8.957219251336911e-05,3.047585724282737,0.08558238879177113,1.0676155955734474,67
chr04,7155740,-7.268907563025215e-05,1.9349818732020079,0.16881682869716952,0.7725842624140209,69
chr04,7188969,-7.268907563025216e-05,1.9349818732020083,0.16881682869716952,0.7725842624140209,69
chr04,7189061,7.268907563025215e-05,1.9349818732020083,0.16881682869716952,0.7725842624140209,69
chr04,7201696,4.28571428571429e-05,0.680000000000006,0.41247001541874784,0.3846076170813091,70
chr04,7201708,4.28571428571429e-05,0.680000000000006,0.41247001541874784,0.3846076170813091,70
chr04,7229593,-4.4563279857397524e-05,0.672780342393474,0.41508174806813536,0.38186636295385024,67
chr04,7250439,5.971479500891274e-05,1.3200969990905926,0.2547850729435387,0.5938260195397881,67
chr04,7261890,4.4588744588744645e-05,0.6937724422743669,0.4078882519882515,0.38945880306768205,68
chr04,7261929,4.3697478991596676e-05,0.6866169425746904,0.410259654834671,0.38694118969697155,69
chr04,7261947,4.3697478991596676e-05,0.6866169425746904,0.410259654834671,0.38694118969697155,69
chr04,7302751,5.798319327731099e-05,1.3204798628963557,0.2545916830611561,0.5941557878765644,69
chr04,7348920,-1.3888888888888901e-05,0.0707249923524092,0.7910887788939426,0.10177477564238743,70
chr04,7362747,1.4285714285714296e-05,0.0727191470344012,0.7882468902782845,0.10333773391674696,69
chr04,7442327,1.3888888888888884e-05,0.0707249923524092,0.7910887788939426,0.10177477564238743,70
chr04,7443596,0.0,0.0,1.0,-0.0,65
chr04,7475302,2.9513888888888883e-05,0.32625763303283706,0.5698110552883194,0.2442691289748562,68
chr04,7481529,-1.4705882352941184e-05,0.0681318681318984,0.7949278272961905,0.0996722998087618,65
chr04,7481540,1.4705882352941185e-05,0.0681318681318984,0.7949278272961905,0.0996722998087618,65
chr04,7490109,1.4705882352941165e-05,0.0725962026601665,0.7884470398675569,0.10322747299548488,67
chr04,7519201,0.0,0.0,1.0,-0.0,64
chr04,7562310,-1.4285714285714299e-05,0.0748898678414346,0.7851753351822295,0.10503335140837709,70
chr04,7586053,-1.4705882352941209e-05,0.07706464228203146,0.782170249976375,0.10669870655929907,69
chr04,7611796,-1.38888888888889e-05,0.0707249923524092,0.7910887788939426,0.10177477564238743,70
chr04,7628941,-1.4705882352941162e-05,0.07706464228203143,0.782170249976375,0.10669870655929907,69
chr04,7628954,-1.4705882352941162e-05,0.07706464228203143,0.782170249976375,0.10669870655929907,69
chr04,7629024,-1.4705882352941162e-05,0.07706464228203143,0.782170249976375,0.10669870655929907,69
chr04,7629052,1.470588235294118e-05,0.07706464228203143,0.782170249976375,0.10669870655929907,69
chr04,7630582,-1.4285714285714292e-05,0.07271914703440119,0.7882468902782845,0.10333773391674696,69
chr04,7648034,1.4285714285714289e-05,0.0727191470344012,0.7882468902782845,0.10333773391674696,69
chr04,7664228,1.4285714285714296e-05,0.07271914703440119,0.7882468902782845,0.10333773391674696,69
chr04,7688039,-5.1476825836497276e-21,0.0,1.0,-0.0,69
chr04,7688232,-5.1476825836497276e-21,0.0,1.0,-0.0,69
chr04,7709249,1.4285714285714296e-05,0.07271914703440119,0.7882468902782845,0.10333773391674696,69
chr04,7759786,-4.722222222222226e-05,0.8618424118168034,0.3567117559154228,0.4476825776673451,66
chr04,7759793,-4.722222222222226e-05,0.8618424118168034,0.3567117559154228,0.4476825776673451,66
chr04,7776338,-1.4285714285714306e-05,0.070549365120521,0.7913664956780773,0.10162234053719627,68
chr04,7776339,-1.4285714285714306e-05,0.070549365120521,0.7913664956780773,0.10162234053719627,68
chr04,7794926,-3.0776515151515174e-05,0.3248195446973848,0.5707524534569539,0.24355221295988827,65
chr04,7794982,-1.5151515151515165e-05,0.07476635514020143,0.7853998118129064,0.10490920712547593,66
chr04,7800134,-1.4285714285714287e-05,0.070549365120521,0.7913664956780773,0.10162234053719627,68
chr04,7804751,1.4705882352941184e-05,0.0681318681318984,0.7949278272961905,0.0996722998087618,65
chr04,7818146,1.3888888888888908e-05,0.06229316721822767,0.8037068752498597,0.09490231651684128,66
chr04,7840113,0.0,0.0,1.0,-0.0,68
chr04,7840191,0.0,0.0,1.0,-0.0,68
chr04,7895391,-1.3353225286126624e-20,0.0,1.0,-0.0,66
chr04,7895392,-1.3353225286126624e-20,0.0,1.0,-0.0,66
chr04,7917859,0.0,0.0,1.0,-0.0,66
chr04,8020626,-2.9910714285714323e-05,0.32565617288567916,0.5701957808369045,0.24397600057624294,67
chr04,8020634,-2.9910714285714323e-05,0.32565617288567916,0.5701957808369045,0.24397600057624294,67
chr04,8029292,-1.4705882352941165e-05,0.08583089912368214,0.7704790283076692,0.1132391778595246,67
chr04,8029348,-1.4705882352941165e-05,0.08583089912368214,0.7704790283076692,0.1132391778595246,67
chr04,8038412,1.612903225806453e-05,0.07462686567167283,0.7856535901574339,0.10476890058277635,62
chr04,8044959,-1.4285714285714297e-05,0.07271914703440117,0.7882468902782845,0.10333773391674696,69
chr04,8044987,1.4285714285714296e-05,0.07271914703440117,0.7882468902782845,0.10333773391674696,69
chr04,8114630,1.5151515151515165e-05,0.07476635514020144,0.7853998118129064,0.10490920712547593,66
chr04,8207937,2.985739750445639e-05,0.3250727774875248,0.5705404939110004,0.24371352625366616,67
chr04,8207967,2.9411764705882377e-05,0.3251231527093505,0.5704810046975779,0.24375881170565292,68
chr04,8247823,1.4285714285714296e-05,0.07271914703440117,0.7882468902782845,0.10333773391674696,69
chr04,8247940,-1.4285714285714297e-05,0.07271914703440117,0.7882468902782845,0.10333773391674696,69
chr04,8270093,1.4705882352941189e-05,0.07791554959785305,0.7810713301597231,0.10730930302385851,64
chr04,8271776,-1.4285714285714297e-05,0.07271914703440117,0.7882468902782845,0.10333773391674696,69
chr04,8293936,4.4563279857397524e-05,0.6727803423934741,0.41508174806813536,0.38186636295385024,67
chr04,8336565,-4.327731092436977e-05,0.6733441893995494,0.4147980925246666,0.38216324940912105,69
chr04,8339122,4.372294372294378e-05,0.6668218337981526,0.41709960567728843,0.37976022073258786,68
chr04,8339323,4.327731092436977e-05,0.6733441893995494,0.4147980925246666,0.38216324940912105,69
chr04,8372036,4.372294372294379e-05,0.6668218337981529,0.41709960567728843,0.37976022073258786,68
chr04,8372074,-4.37229437229438e-05,0.6668218337981529,0.41709960567728843,0.37976022073258786,68
chr04,8399950,4.327731092436976e-05,0.6733441893995492,0.4147980925246666,0.38216324940912105,69
chr04,8423820,-4.327731092436978e-05,0.6733441893995493,0.4147980925246666,0.38216324940912105,69
chr04,8429503,4.592803030303033e-05,0.6721819346718351,0.4153830236451672,0.3815512566884581,65
chr04,8439755,4.4117647058823566e-05,0.6796338672769756,0.41268230228089686,0.38438415527221437,68
chr04,8439918,4.3277310924369746e-05,0.6733441893995492,0.4147980925246666,0.38216324940912105,69
chr04,8495905,-4.327731092436977e-05,0.6733441893995494,0.4147980925246666,0.38216324940912105,69
chr04,8496054,-4.470046082949314e-05,0.654229082739084,0.4216014339289147,0.37509792069314724,66
chr04,8537974,-1.4705882352941177e-05,0.07706464228203144,0.782170249976375,0.10669870655929907,69
chr04,8538617,1.470588235294117e-05,0.07706464228203144,0.782170249976375,0.10669870655929907,69
chr04,8561496,-1.5625e-05,0.08419560595324337,0.7725999017457906,0.11204535142193063,68
chr04,8634730,1.5738418632854104e-20,0.0,1.0,-0.0,67
chr04,8634731,1.5738418632854104e-20,0.0,1.0,-0.0,67
chr04,8636231,-1.5625e-05,0.08419560595324337,0.7725999017457906,0.11204535142193063,68
chr04,8679371,-1.3157894736842121e-05,0.06305418719213049,0.802489464035981,0.09556066078112438,70
chr04,8680551,2.9642545771578045e-05,0.3276869158878293,0.5689692160399873,0.24491123038107965,68
chr04,8774368,-1.3513513513513505e-05,0.06268382352943613,0.8030809857471797,0.09524065660222683,68
chr04,8774408,-1.3513513513513505e-05,0.06268382352943613,0.8030809857471797,0.09524065660222683,68
chr04,8825144,0.0,0.0,1.0,-0.0,65
chr04,8829675,1.315789473684211e-05,0.06105770644090907,0.8055875373194845,0.0938872610681967,69
chr04,8829688,1.3513513513513507e-05,0.06268382352943612,0.8030809857471797,0.09524065660222683,68
chr04,8851596,1.3157894736842108e-05,0.06105770644090907,0.8055875373194845,0.0938872610681967,69
chr04,8944407,-1.2820512820512828e-05,0.05562659846549551,0.8142771625958192,0.08922774535907112,68
chr04,9013935,-7.536764705882362e-05,1.90094531319018,0.172772670003926,0.7625249551742793,66
chr04,9021811,-7.173174872665536e-05,1.8634109337859541,0.1767980613105213,0.7525225015783699,69
chr04,9055846,-7.280701754385973e-05,1.8575864294877626,0.17753572877250726,0.7507142327650885,68
chr04,9055849,-7.280701754385973e-05,1.8575864294877626,0.17753572877250726,0.7507142327650885,68
chr04,9067898,-7.071960297766756e-05,1.8587582029278449,0.17726520291043527,0.7513765078685977,70
chr04,9123911,-1.3513513513513515e-05,0.06268382352943612,0.8030809857471797,0.09524065660222683,68
chr04,9139242,1.3888888888888915e-05,0.06229316721822767,0.8037068752498597,0.09490231651684128,66
chr04,9139397,1.4285714285714326e-05,0.06404608607253912,0.8010355671013085,0.09634820020427012,65
chr04,9174234,-1.3888888888888915e-05,0.06229316721822767,0.8037068752498597,0.09490231651684128,66
chr04,9174265,-1.388888888888892e-05,0.06439962926268733,0.8004736250649407,0.0966529731481326,67
chr04,9245961,-1.2820512820512833e-05,0.053684148427813924,0.8175001511742366,0.0875121583568131,67
chr04,9379665,-1.2820512820512849e-05,0.05368414842781393,0.8175001511742366,0.0875121583568131,67
chr04,9405687,1.0479488083062662e-20,0.0,1.0,-0.0,62
chr04,9410163,-1.785714285714287e-05,0.09335782063054278,0.7609912687297442,0.11862032609965784,63
chr04,9426904,1.5624999999999997e-05,0.08419560595324337,0.7725999017457906,0.11204535142193063,68
chr04,9427056,-1.6129032258064513e-05,0.0868790376475818,0.7691223111613268,0.11400459018747049,67
chr04,9439654,-1.5625000000000004e-05,0.08419560595324337,0.7725999017457906,0.11204535142193063,68
chr04,9439670,1.5625000000000004e-05,0.08419560595324337,0.7725999017457906,0.11204535142193063,68
chr04,9439699,1.5625000000000004e-05,0.08419560595324337,0.7725999017457906,0.11204535142193063,68
chr04,9450720,-1.6129032258064544e-05,0.08933274802462016,0.7659662383685103,0.11579037242143247,68
chr04,9553958,1.5625000000000014e-05,0.0746987951807063,0.78552269100472,0.10484126519332011,64
chr04,9585395,3.2258064516129054e-05,0.401071203528665,0.5286924581393992,0.2767968848129782,69
chr04,9600651,4.476351351351356e-05,0.7172179095831773,0.40007293316602455,0.39786082971140313,69
chr04,9628205,-4.876847290640397e-05,0.7289051704284382,0.3965249296662514,0.40172950323631784,64
chr04,9676670,4.3697478991596676e-05,0.6866169425746909,0.410259654834671,0.38694118969697155,69
chr04,9686344,-4.5008912655971555e-05,0.6864460385179385,0.41040783198464703,0.38678435999356153,67
chr04,9878382,1.2790587841303636e-20,0.0,1.0,-0.0,66
chr04,9878591,1.5151515151515155e-05,0.08167411621293749,0.7759231117245666,0.11018131199973372,69
chr04,9878670,1.5151515151515155e-05,0.08167411621293749,0.7759231117245666,0.11018131199973372,69
chr04,9902664,3.420744822280467e-20,0.0,1.0,-0.0,67
chr04,9902665,-3.089178984103913e-21,0.0,1.0,-0.0,66
chr04,9902715,3.420744822280467e-20,0.0,1.0,-0.0,67
chr04,9996384,2.125886612716674e-20,0.0,1.0,-0.0,67
chr04,10029655,1.4285714285714302e-05,0.070549365120521,0.7913664956780773,0.10162234053719627,68
chr04,10029664,1.4285714285714302e-05,0.070549365120521,0.7913664956780773,0.10162234053719627,68
chr04,10029749,1.4285714285714302e-05,0.070549365120521,0.7913664956780773,0.10162234053719627,68
chr04,10054440,3.030303030303033e-05,0.32653061224496144,0.5697105757333347,0.24434571851067385,66
chr04,10061809,1.3888888888888908e-05,0.06861558514105592,0.794166910030295,0.10008821232455797,69
chr04,10061815,1.3888888888888908e-05,0.06861558514105592,0.794166910030295,0.10008821232455797,69
chr04,10061861,1.3888888888888908e-05,0.06861558514105592,0.794166910030295,0.10008821232455797,69
chr04,10061906,-1.3888888888888908e-05,0.06861558514105592,0.794166910030295,0.10008821232455797,69
chr04,10062273,-3.077651515151518e-05,0.324819544697458,0.5707524534569122,0.24355221295992005,65
chr04,10112183,-1.3157894736842114e-05,0.06305418719213048,0.802489464035981,0.09556066078112438,70
chr04,10112269,1.3157894736842114e-05,0.06305418719213048,0.802489464035981,0.09556066078112438,70
chr04,10112300,-1.3157894736842114e-05,0.06305418719213048,0.802489464035981,0.09556066078112438,70
chr04,10128177,1.3888888888888906e-05,0.06650711676534304,0.7972944443090464,0.09838126213808734,68
chr04,10131819,-1.3157894736842114e-05,0.06305418719213048,0.802489464035981,0.09556066078112438,70
chr04,10194711,-1.4285714285714296e-05,0.0662127886797711,0.7977584678310339,0.09812857727826393,66
chr04,10303275,1.6666666666666688e-05,0.10610665929816929,0.7456835969014404,0.12744541015266644,66
chr04,10318287,-1.4705882352941189e-05,0.07482993197282231,0.7852842374037242,0.10497311982424265,68
chr04,10319552,-5.334018289466415e-21,0.0,1.0,-0.0,69
chr05,4440,1.5961865317147702e-20,0.0,1.0,-0.0,66
chr05,52147,-3.083491461100572e-05,0.3254390844790524,0.5703862766818857,0.24383093202194697,65
chr05,406397,1.5151515151515148e-05,0.08167411621293745,0.7759231117245666,0.11018131199973372,69
chr05,440039,1.562500000000003e-05,0.0818198165797337,0.7757558935561072,0.11027491631850053,67
chr05,440326,-1.515151515151516e-05,0.0793705332600484,0.7790337428019035,0.10844373103693475,68
chr05,473750,1.5624999999999977e-05,0.0794450529390465,0.7789602926124596,0.10848467986121622,66
chr05,475558,1.5151515151515148e-05,0.08167411621293745,0.7759231117245666,0.11018131199973372,69
chr05,676334,-1.4285714285714299e-05,0.0748898678414346,0.7851753351822295,0.10503335140837709,70
chr05,853133,3.083491461100572e-05,0.3254390844790524,0.5703862766818857,0.24383093202194697,65
chr05,853134,3.083491461100572e-05,0.3254390844790524,0.5703862766818857,0.24383093202194697,65
chr05,862489,1.5151515151515199e-05,0.07937053326004839,0.7790337428019035,0.10844373103693475,68
chr05,862642,-1.5151515151515188e-05,0.07937053326004839,0.7790337428019035,0.10844373103693475,68
chr05,878481,-1.5624999999999994e-05,0.08419560595324335,0.7725999017457906,0.11204535142193063,68
chr05,882963,-1.5625000000000014e-05,0.08419560595324337,0.7725999017457906,0.11204535142193063,68
chr05,883022,1.666666666666669e-05,0.08974059359665215,0.7654779424073446,0.11606731917707441,66
chr05,885439,2.9910714285714323e-05,0.32565617288567916,0.5701957808369045,0.24397600057624294,67
chr05,885475,-2.9910714285714323e-05,0.32565617288567916,0.5701957808369045,0.24397600057624294,67
chr05,893950,1.5625000000000038e-05,0.08657237646239047,0.7694904001068018,0.11379679390482132,69
chr05,894714,1.666666666666668e-05,0.09227640716722811,0.7622731543105468,0.11788937491721975,67
chr05,911514,1.5625000000000014e-05,0.07707136237258431,0.7822151550928429,0.1066737740276692,65
chr05,911572,-1.5625000000000014e-05,0.07707136237258431,0.7822151550928429,0.1066737740276692,65
chr05,931973,2.991071428571431e-05,0.32565617288560356,0.5701957808369433,0.24397600057621335,67
chr05,931997,-2.991071428571431e-05,0.32565617288560356,0.5701957808369433,0.24397600057621335,67
chr05,958833,-1.5151515151515168e-05,0.08167411621293745,0.7759231117245666,0.11018131199973372,69
chr05,1045869,3.137254901960787e-05,0.32588699080160644,0.5701544961058924,0.2440074465823268,64
chr05,1045919,3.137254901960787e-05,0.32588699080160644,0.5701544961058924,0.2440074465823268,64
chr05,1081935,-1.4705882352941189e-05,0.07482993197282233,0.7852842374037242,0.10497311982424265,68
chr05,1113810,-1.3888888888888908e-05,0.06650711676534306,0.7972944443090464,0.09838126213808734,68
chr05,1141501,1.4285714285714287e-05,0.070549365120521,0.7913664956780773,0.10162234053719627,68
chr05,1179959,-1.388888888888889e-05,0.0707249923524092,0.7910887788939426,0.10177477564238743,70
chr05,1203259,-1.388888888888889e-05,0.0707249923524092,0.7910887788939426,0.10177477564238743,70
chr05,1237610,1.3888888888888905e-05,0.06861558514105595,0.794166910030295,0.10008821232455797,69
chr05,1238382,1.3888888888888905e-05,0.06861558514105595,0.794166910030295,0.10008821232455797,69
chr05,1247529,2.9411764705882377e-05,0.32512315270935055,0.5704810046975779,0.24375881170565292,68
chr05,1255648,4.4117647058823566e-05,0.6796338672769756,0.41268230228089686,0.38438415527221437,68
chr05,1262536,4.458874458874466e-05,0.6937724422743669,0.4078882519882515,0.38945880306768205,68
chr05,1321205,-7.352941176470594e-05,1.9230769230770517,0.1701840500900797,0.7690811450884324,68
chr05,1333610,6.256109481915939e-05,1.320465890182997,0.25492223350730725,0.5935922850939077,64
chr05,1337169,-7.268907563025216e-05,1.934981873202008,0.16881682869716952,0.7725842624140209,69
chr05,1387268,-4.458874458874463e-05,0.6937724422743667,0.4078882519882515,0.38945880306768205,68
chr05,1387279,4.500891265597156e-05,0.6864460385179381,0.41040783198464703,0.38678435999356153,67
chr05,1394710,4.640151515151519e-05,0.812826782019866,0.3707197122938435,0.43095432059889,65
chr05,1426424,-6.060606060606066e-05,1.319587628865934,0.25494133854943424,0.5935597382918575,66
chr05,1449942,4.372294372294377e-05,0.6668218337981524,0.41709960567728843,0.37976022073258786,68
chr05,1453650,4.419642857142858e-05,0.6604454286186145,0.4193693545867849,0.37740330877798434,67
chr05,1453871,-4.372294372294378e-05,0.6668218337981527,0.41709960567728843,0.37976022073258786,68
chr05,1477805,-4.194078947368426e-05,0.6461285549893396,0.4243013477510773,0.3723255887379181,70
chr05,1477993,-4.390681003584236e-05,0.6493806407050761,0.42327254161518624,0.37337990400838095,67
chr05,1486330,-6.150978564771672e-05,1.3396764985727043,0.2513925642123043,0.5996475721923181,66
chr05,1490139,4.3156059285091584e-05,0.6449312063809074,0.42481343876775257,0.37180175301330587,68
chr05,1494895,4.444444444444448e-05,0.6436709358057585,0.42535377776129146,0.37124970567417953,66
chr05,1562534,-1.2500000000000007e-05,0.05425707184944981,0.8165247504457852,0.0880306464213531,69
chr05,1585982,1.2820512820512832e-05,0.05562659846549552,0.8142771625958192,0.08922774535907112,68
chr05,1617897,-1.351351351351352e-05,0.058585858585851275,0.809519096285539,0.09177290192776094,66
chr05,1620734,-1.2195121951219538e-05,0.051106025934401215,0.8218379925311342,0.08521378572536019,69
chr05,1664664,1.2500000000000007e-05,0.05425707184944981,0.8165247504457852,0.0880306464213531,69
chr05,1664855,-1.2195121951219528e-05,0.052953813104189035,0.8186917428431294,0.08687958979335184,70
chr05,1680885,-1.2820512820512844e-05,0.05562659846549551,0.8142771625958192,0.08922774535907112,68
chr05,1699689,1.2820512820512855e-05,0.05757002921463368,0.8111112409658021,0.09091957979057566,69
chr05,1699856,-1.2820512820512849e-05,0.05757002921463368,0.8111112409658021,0.09091957979057566,69
chr05,1726592,-6.071428571428572e-05,1.363304981773984,0.24716641670116885,0.6070105385677684,68
chr05,1726658,-6.20370370370371e-05,1.372518121651453,0.24565628042041437,0.609672128264093,67
chr05,1726695,-6.20370370370371e-05,1.372518121651453,0.24565628042041437,0.609672128264093,67
chr05,1737959,4.349816849816855e-05,0.623396013878566,0.43265889896800425,0.3638543592482595,67
chr05,1741068,4.224738675958196e-05,0.6185278831709857,0.43436778679899557,0.36214238998961795,69
chr05,1800144,4.163162321278388e-05,0.6222857142857109,0.43294091446947924,0.36357136986093747,70
chr05,1800172,-4.163162321278389e-05,0.6222857142857109,0.43294091446947924,0.36357136986093747,70
chr05,1800210,-4.163162321278389e-05,0.6222857142857109,0.43294091446947924,0.36357136986093747,70
chr05,1800373,-4.224738675958196e-05,0.6185278831709857,0.43436778679899557,0.36214238998961795,69
chr05,1855647,4.417293233082712e-05,0.6262419547026661,0.43166024877141995,0.36485794331523663,66
chr05,1859396,4.224738675958196e-05,0.6185278831709857,0.43436778679899557,0.36214238998961795,69
chr05,1890958,4.5546558704453484e-05,0.6177668871044261,0.43487201933743924,0.36163853493820647,64
chr05,1917621,9.3045112781955e-05,3.784192713517728,0.05613430395810161,1.2507716580547892,66
chr05,1921672,7.321428571428573e-05,1.8451329641272167,0.17897559518669287,0.7472061846532958,68
chr05,1984556,4.3621013133208274e-05,0.611888054803608,0.4369181893716698,0.3595998747701523,67
chr05,1992884,-4.232804232804238e-05,0.6132723112127918,0.43631780626625905,0.3601970629577569,69
chr05,1999078,-3.455964325529545e-05,0.3475985797047435,0.5576893356698797,0.2536076601596966,62
chr05,2065093,-2.0000000000000015e-05,0.14149354295343428,0.7080645075014685,0.14992717454788665,65
chr05,2097029,2.3809523809523824e-05,0.19402985074625792,0.6610450178463015,0.17976896360588906,67
chr05,2118431,4.2328042328042376e-05,0.6132723112127919,0.43631780626625905,0.3601970629577569,69
chr05,2141092,-4.2247386759581945e-05,0.6185278831709855,0.43436778679899557,0.36214238998961795,69
chr05,2141338,-4.4230769230769267e-05,0.6136001159924429,0.43632474646471675,0.3601901549978273,66
chr05,2146480,-4.2908762420957595e-05,0.6150511742402305,0.43569801570807043,0.360814417959582,68
chr05,2146685,4.16666666666667e-05,0.6164662349676909,0.4350905576649524,0.361420341663625,70
chr05,2156051,4.2328042328042376e-05,0.6132723112127919,0.43631780626625905,0.3601970629577569,69
chr05,2156145,-4.4390243902439044e-05,0.6090761988820014,0.4380128689171995,0.35851312963830817,66
chr05,2173793,-3.219512195121953e-05,0.3452672878862008,0.5588720586572569,0.25268760280905467,66
chr05,2175820,4.2328042328042376e-05,0.6132723112127919,0.43631780626625905,0.3601970629577569,69
chr05,2223366,-4.351851851851856e-05,0.6170629719241557,0.43499490148516096,0.3615158333208499,67
chr05,2226045,-4.2857142857142856e-05,0.6208315641637058,0.43355923240821925,0.36295156127717015,68
chr05,2254125,4.3621013133208254e-05,0.611888054803608,0.4369181893716698,0.3595998747701523,67
chr05,2284268,-3.333333333333336e-05,0.3463687150837941,0.558313973218797,0.2531215026960909,64
chr05,2366418,-4.349816849816855e-05,0.623396013878566,0.43265889896800425,0.3638543592482595,67
chr05,2416120,4.4871794871794895e-05,0.6155533399800697,0.43564478964889175,0.3608674758001504,65
chr05,2463151,4.3255813953488376e-05,0.6068983261321282,0.4387424347176947,0.35779035904734047,68
chr05,2468047,4.30402930402931e-05,0.6103998325309188,0.4374308900496754,0.35909055164947495,68
chr05,2487004,4.30402930402931e-05,0.6103998325309188,0.4374308900496754,0.35909055164947495,68
chr05,2555252,-4.415954415954421e-05,0.6193257340798761,0.4342025766154929,0.36230760371308113,66
chr05,2555372,-4.349816849816854e-05,0.623396013878566,0.43265889896800425,0.3638543592482595,67
chr05,2555420,-4.349816849816854e-05,0.623396013878566,0.43265889896800425,0.3638543592482595,67
chr05,2557385,2.5641025641025674e-05,0.21724137931031465,0.6427574831155296,0.19195285850950627,65
chr05,2581470,-4.42684063373719e-05,0.6343516346416215,0.4287082062169866,0.36783820326183153,66
chr05,2581485,-4.42684063373719e-05,0.6343516346416215,0.4287082062169866,0.36783820326183153,66
chr05,2584198,-4.224137931034488e-05,0.6248742420534743,0.43203087769075277,0.3644852126029518,69
chr05,2595974,-7.279860505666965e-05,1.8688715337005095,0.17624271055136911,0.7538888365083886,68
chr05,2616277,-7.279860505666965e-05,1.8688715337005095,0.17624271055136911,0.7538888365083886,68
chr05,2619910,7.511520737327198e-05,1.8824988154229705,0.17484066576604196,0.7573575484534456,66
chr05,2640701,-7.173174872665544e-05,1.8634109337859535,0.1767980613105213,0.7525225015783699,69
chr05,2747626,-4.244482173174875e-05,0.6408490580475028,0.42623306807446937,0.37035285981851956,69
chr05,2747694,-4.244482173174875e-05,0.6408490580475028,0.42623306807446937,0.37035285981851956,69
chr05,2751720,-4.36936936936937e-05,0.6395385923322483,0.42679087190718656,0.3697848777263221,67
chr05,2751787,-4.2652027027027044e-05,0.6505102016536238,0.4227840496677988,0.3738814056406938,69
chr05,2752415,-4.369369369369372e-05,0.6395385923322484,0.42679087190718656,0.3697848777263221,67
chr05,2752533,-4.369369369369372e-05,0.6395385923322484,0.42679087190718656,0.3697848777263221,67
chr05,2773408,-4.2882404951370546e-05,0.6277333451940489,0.43102661343215043,0.36549591380702295,68
chr05,2776124,-4.230769230769237e-05,0.6323110121239912,0.4293169160868888,0.36722199896884106,69
chr05,2793925,-4.298245614035095e-05,0.6357611111557092,0.42810923266332623,0.36844540600942166,68
chr05,2793928,-4.298245614035095e-05,0.6357611111557092,0.42810923266332623,0.36844540600942166,68
chr05,2793988,-4.298245614035095e-05,0.6357611111557092,0.42810923266332623,0.36844540600942166,68
chr05,2813702,-4.177005789909021e-05,0.6371057513915139,0.4275395927452559,0.3690236607847273,70
chr05,2823619,-3.05555555555556e-05,0.3275942298744114,0.5690843407347166,0.24482336453412606,66
chr05,2829456,-2.8571428571428605e-05,0.2680513373175513,0.6066456359088108,0.2170649222847021,59
chr05,2894676,-4.298245614035095e-05,0.6357611111557092,0.42810923266332623,0.36844540600942166,68
chr05,2903905,-4.2982456140350944e-05,0.6357611111557092,0.42810923266332623,0.36844540600942166,68
chr05,2908952,-4.4444444444444494e-05,0.6436709358057585,0.42535377776129146,0.37124970567417953,66
chr05,2939055,-2.964254577157805e-05,0.3276869158878293,0.5689692160399873,0.24491123038107965,68
chr05,2939617,-4.265202702702703e-05,0.6505102016536238,0.4227840496677988,0.3738814056406938,69
chr05,2976379,-3.0017921146953467e-05,0.32682926829269726,0.5695038698431433,0.24450332049477927,67
chr05,3029375,3.00618921308577e-05,0.33234597156395873,0.5662419222856576,0.24699798035533704,68
chr05,3029440,-3.0061892130857706e-05,0.33234597156395873,0.5662419222856576,0.24699798035533704,68
chr05,3029464,-3.0061892130857706e-05,0.33234597156395873,0.5662419222856576,0.24699798035533704,68
chr05,3065583,-3.1527093596059144e-05,0.32750082535487746,0.5692037769828154,0.24473222679338794,64
chr05,3070437,-4.349816849816856e-05,0.623396013878566,0.43265889896800425,0.3638543592482595,67
chr05,3124585,4.224137931034488e-05,0.6248742420534744,0.43203087769075277,0.3644852126029518,69
chr05,3124699,2.500000000000001e-05,0.22837370242215807,0.6343113519663142,0.19769751617275075,68
chr05,3124895,4.16666666666667e-05,0.6291635825314232,0.4304212879840553,0.366106257264125,70
chr05,3135352,4.2307692307692355e-05,0.632311012123991,0.4293169160868888,0.36722199896884106,69
chr05,3210848,-4.343629343629364e-06,0.006348159804940964,0.936748024431107,0.02837721414510498,65
chr05,3212267,-1.4285714285714292e-05,0.05971610376898708,0.807765319529542,0.09271479669743675,63
chr05,3239197,1.3157894736842123e-05,0.057067603160678326,0.8119438221522327,0.09047401826289159,67
chr05,3241437,3.351351351351356e-05,0.33701757564772866,0.5637299350632068,0.2489289027572793,62
chr05,3241493,-1.3513513513513513e-05,0.057175159492845955,0.8118464206917186,0.090526119717581,61
chr05,3241697,1.3157894736842128e-05,0.061057706440909035,0.8055875373194845,0.0938872610681967,69
chr05,3259268,-1.315789473684213e-05,0.05906216441953181,0.8087381385752584,0.09219207589244127,68
chr05,3408083,-4.3300653594771284e-05,0.6937187891553234,0.4078182228328253,0.38953337223388934,70
chr05,3408192,4.3697478991596676e-05,0.6866169425746902,0.410259654834671,0.38694118969697155,69
chr05,3481071,5.133928571428573e-05,0.843491408934733,0.36220378704788236,0.4410470132008674,60
chr05,3531888,-4.503676470588242e-05,0.6660684949913325,0.4174529799797029,0.3793924343967847,66
chr05,3532103,-4.503676470588242e-05,0.6660684949913325,0.4174529799797029,0.3793924343967847,66
chr05,3547242,1.5151515151515178e-05,0.09111899068196709,0.7637230892810782,0.11706407937804447,67
chr05,3559315,4.28571428571429e-05,0.6800000000000058,0.41247001541874784,0.3846076170813091,70
chr05,3597508,2.9411764705882377e-05,0.3251231527093505,0.5704810046975779,0.24375881170565292,68
chr05,3626379,2.857142857142857e-05,0.3174470457079437,0.5750268206025857,0.24031189832244937,69
chr05,3642547,4.2929292929292946e-05,0.6613272311212676,0.41897229690844595,0.3778146923023176,69
chr05,3699701,-2.9642545771578056e-05,0.32768691588782933,0.5689692160399873,0.24491123038107965,68
chr05,3736478,6.190476190476197e-05,1.3273905996758966,0.2536232445428354,0.5958109459240908,65
chr05,3783613,1.5151515151515178e-05,0.0793705332600484,0.7790337428019035,0.10844373103693475,68
chr05,3922995,1.5151515151515146e-05,0.08167411621293748,0.7759231117245666,0.11018131199973372,69
chr05,3967575,1.562500000000004e-05,0.08657237646239048,0.7694904001068018,0.11379679390482132,69
chr05,3988883,2.9910714285714296e-05,0.3256561728856035,0.5701957808369433,0.24397600057621335,67
chr05,3989165,3.225806451612907e-05,0.3796236210253031,0.5399565172218133,0.26764121256774054,67
chr05,3994415,1.5151515151515148e-05,0.08167411621293749,0.7759231117245666,0.11018131199973372,69
chr05,3994615,1.5151515151515168e-05,0.08397863818426198,0.7728581879382631,0.11190018764177287,70
chr05,4075491,1.38888888888889e-05,0.0661844484629368,0.797841292753094,0.09808349027394661,63
chr05,4083557,-4.75444096133752e-05,0.7721980119235777,0.3830436074635254,0.41675178111567057,62
chr05,4083586,4.754440961337519e-05,0.7721980119235777,0.3830436074635254,0.41675178111567057,62
chr05,4083587,-4.75444096133752e-05,0.7721980119235777,0.3830436074635254,0.41675178111567057,62
chr05,4083608,-4.75444096133752e-05,0.7721980119235777,0.3830436074635254,0.41675178111567057,62
chr05,4086240,-1.5625000000000038e-05,0.08657237646239048,0.7694904001068018,0.11379679390482132,69
chr05,4113695,-1.562500000000002e-05,0.08419560595324337,0.7725999017457906,0.11204535142193063,68
chr05,4113737,-1.4705882352941177e-05,0.07706464228203144,0.782170249976375,0.10669870655929907,69
chr05,4146758,-1.470588235294118e-05,0.07706464228203144,0.782170249976375,0.10669870655929907,69
chr05,4168028,-1.851851851851855e-05,0.11109880372175299,0.740078260975533,0.13072235254918607,61
chr05,4179892,-1.470588235294119e-05,0.07930029154518728,0.7791030841146338,0.10840507647337351,70
chr05,4179941,1.4705882352941182e-05,0.07930029154518728,0.7791030841146338,0.10840507647337351,70
chr05,4234030,-1.5151515151515158e-05,0.08397863818426196,0.7728581879382631,0.11190018764177287,70
chr05,4252617,1.5151515151515158e-05,0.08397863818426196,0.7728581879382631,0.11190018764177287,70
chr05,4264567,1.5151515151515155e-05,0.08167411621293746,0.7759231117245666,0.11018131199973372,69
chr05,4271890,1.5625000000000027e-05,0.08419560595324337,0.7725999017457906,0.11204535142193063,68
chr05,4271943,1.5625000000000027e-05,0.08419560595324337,0.7725999017457906,0.11204535142193063,68
chr05,4280481,-1.5151515151515173e-05,0.07937053326004842,0.7790337428019035,0.10844373103693475,68
chr05,4283037,1.5625000000000027e-05,0.08895008605853953,0.7664255977144137,0.11552999876188329,70
chr05,4286471,1.5625000000000024e-05,0.08181981657973371,0.7757558935561072,0.11027491631850053,67
chr05,4309961,-1.562500000000003e-05,0.08895008605853953,0.7664255977144137,0.11552999876188329,70
chr05,4370995,3.181818181818186e-05,0.3252094440213885,0.5705882674280969,0.24367716265374445,63
chr05,4389050,1.5151515151515158e-05,0.08397863818426199,0.7728581879382631,0.11190018764177287,70
chr05,4389061,1.5151515151515158e-05,0.08397863818426199,0.7728581879382631,0.11190018764177287,70
chr05,4389131,1.5151515151515158e-05,0.08397863818426199,0.7728581879382631,0.11190018764177287,70
chr05,4389145,1.5151515151515158e-05,0.08397863818426199,0.7728581879382631,0.11190018764177287,70
chr05,4431938,2.9910714285714323e-05,0.32565617288567916,0.5701957808369045,0.24397600057624294,67
chr05,4432061,2.9910714285714323e-05,0.32565617288567916,0.5701957808369045,0.24397600057624294,67
chr05,4442514,1.5151515151515158e-05,0.08397863818426199,0.7728581879382631,0.11190018764177287,70
chr05,4456050,1.5624999999999987e-05,0.08419560595324335,0.7725999017457906,0.11204535142193063,68
chr05,4459166,1.562500000000003e-05,0.08419560595324335,0.7725999017457906,0.11204535142193063,68
chr05,4628001,-1.724137931034483e-05,0.09017619680850937,0.7649578782716966,0.11636247822914256,64
chr05,4731922,1.5625000000000034e-05,0.08657237646239047,0.7694904001068018,0.11379679390482132,69
chr05,4759182,-1.5625000000000027e-05,0.08657237646239048,0.7694904001068018,0.11379679390482132,69
chr05,4788790,0.0,0.0,1.0,-0.0,65
chr05,4788821,0.0,0.0,1.0,-0.0,65
chr05,4788845,0.0,0.0,1.0,-0.0,65
chr05,4807025,-2.951388888888894e-05,0.3262576330329138,0.5698110552882758,0.24426912897488945,68
chr05,4807172,1.5625000000000038e-05,0.08657237646239048,0.7694904001068018,0.11379679390482132,69
chr05,4807175,1.5625000000000038e-05,0.08657237646239048,0.7694904001068018,0.11379679390482132,69
chr05,4807239,-1.5625000000000027e-05,0.08657237646239048,0.7694904001068018,0.11379679390482132,69
chr05,4807619,1.5625000000000007e-05,0.08419560595324337,0.7725999017457906,0.11204535142193063,68
chr05,4843512,-1.1141801127385589e-20,0.0,1.0,-0.0,66
chr05,4846528,-1.736111111111109e-06,0.0011289191454391574,0.9732980152517171,0.011754162236566643,68
chr05,4872612,-1.562500000000003e-05,0.08657237646239047,0.7694904001068018,0.11379679390482132,69
chr05,4875718,-1.6129032258064544e-05,0.08933274802462016,0.7659662383685103,0.11579037242143247,68
chr05,4881274,-1.562500000000003e-05,0.08895008605853953,0.7664255977144137,0.11552999876188329,70
chr05,4884977,-1.562500000000003e-05,0.08895008605853953,0.7664255977144137,0.11552999876188329,70
chr05,4884991,-1.562500000000003e-05,0.08895008605853953,0.7664255977144137,0.11552999876188329,70
chr05,4922545,-1.6129032258064544e-05,0.0917874396135253,0.7628556601698584,0.11755762708021775,69
chr05,4922617,1.6129032258064544e-05,0.0917874396135253,0.7628556601698584,0.11755762708021775,69
chr05,4922708,-1.6129032258064544e-05,0.0917874396135253,0.7628556601698584,0.11755762708021775,69
chr05,4924471,-1.6129032258064544e-05,0.0917874396135253,0.7628556601698584,0.11755762708021775,69
chr05,4934359,-1.612903225806452e-05,0.094243070362472,0.7597888724082098,0.11930707125392258,70
chr05,4940270,1.666666666666666e-05,0.09481324663543353,0.7591147005506755,0.11969259821168511,68
chr05,4973637,1.7241379310344852e-05,0.09279869067102982,0.7616529557235165,0.11824286822260838,65
chr05,4978779,1.6129032258064537e-05,0.09178743961352528,0.7628556601698584,0.11755762708021775,69
chr05,4978788,-1.6129032258064537e-05,0.09178743961352528,0.7628556601698584,0.11755762708021775,69
chr05,5013513,1.612903225806452e-05,0.094243070362472,0.7597888724082098,0.11930707125392258,70
chr05,5064577,4.577157802964262e-05,0.7263599846673069,0.3971477316808487,0.40104791359124603,68
chr05,5067610,4.577157802964262e-05,0.726359984667307,0.3971477316808487,0.40104791359124603,68
chr05,5069932,4.553571428571435e-05,0.7015174336822639,0.40534345413583994,0.39217683598243486,67
chr05,5073901,4.381654381654388e-05,0.7087615163322089,0.40280639117943895,0.3949036472744699,70
chr05,5146628,-4.513888888888893e-05,0.7093163751986432,0.40271243551786184,0.3950049594330419,68
chr05,5180739,-4.4191919191919246e-05,0.701214042222363,0.40535319319111507,0.3921664014555891,69
chr05,5180740,4.4191919191919246e-05,0.701214042222363,0.40535319319111507,0.3921664014555891,69
chr05,5200038,-6.0661764705882385e-05,1.3208255159474493,0.2547208542939268,0.59393549738418,66
chr05,5396075,5.887445887445892e-05,1.321165734471627,0.2545312111607822,0.5942589559448801,68
chr05,5418817,4.440789473684215e-05,0.7252139565502904,0.397428087428082,0.4007414432554573,70
chr05,5419900,4.440789473684215e-05,0.7252139565502904,0.397428087428082,0.4007414432554573,70
chr05,5458575,-4.654377880184334e-05,0.709909486714384,0.4026116298813669,0.3951136841906498,66
chr05,5460027,4.5415959252971195e-05,0.7347263847422544,0.39441111379692173,0.40405085591979156,69
chr05,5463043,-4.6491228070175476e-05,0.7450149891901354,0.39118489934406864,0.40761791834793853,68
chr05,5463106,4.6491228070175476e-05,0.7450149891901354,0.39118489934406864,0.40761791834793853,68
chr05,5463149,2.9824561403508816e-05,0.32970908022339646,0.567782337838189,0.2458181213182933,68
chr05,5463173,2.9824561403508816e-05,0.32970908022339646,0.567782337838189,0.2458181213182933,68
chr05,5463305,4.507857733664189e-05,0.743177260601564,0.3916749940887906,0.4070741544565097,70
chr05,5476307,-6.036036036036042e-05,1.3346613545815884,0.2522068840498721,0.598243063424833,67
chr05,5476308,-6.036036036036042e-05,1.3346613545815884,0.2522068840498721,0.598243063424833,67
chr05,5476360,-6.036036036036042e-05,1.3346613545815884,0.2522068840498721,0.598243063424833,67
chr05,5480409,3.44827586206897e-05,0.4171952078928766,0.520649203881715,0.2834547913467423,66
chr05,5496306,1.7241379310344845e-05,0.0927986906710298,0.7616529557235165,0.11824286822260838,65
chr05,5499838,1.7857142857142852e-05,0.10423091155790712,0.747846527006281,0.1261875188641921,67
chr05,5513649,1.724137931034484e-05,0.10329941412272446,0.748906083407064,0.12557264160018727,69
chr05,5513895,-5.360623781676398e-06,0.009575971509501225,0.9223566044081595,0.03510113818237114,65
chr05,5513943,-1.8518518518518505e-05,0.10523076923076774,0.7467152110906363,0.12684500171119611,65
chr05,5518821,-1.724137931034482e-05,0.10329941412272445,0.748906083407064,0.12557264160018727,69
chr05,5552431,1.219512195121952e-05,0.0455684666210982,0.8316407384820124,0.08006424461162116,66
chr05,5560242,-1.2500000000000012e-05,0.05047019239063671,0.8229518492931713,0.08462557450587031,67
chr05,5560475,-1.1904761904761912e-05,0.04810530514558967,0.827060420978967,0.08246276186313388,69
chr05,5621023,1.190476190476191e-05,0.04810530514558967,0.827060420978967,0.08246276186313388,69
chr05,5664548,1.1904761904761907e-05,0.04810530514558966,0.827060420978967,0.08246276186313388,69
chr05,5666629,5.421010862427529e-21,0.0,1.0,-0.0,66
chr05,5687986,6.842105263157906e-06,0.014433705621856368,0.904766793491751,0.04346334714972955,63
chr05,5746023,-3.067765567765568e-05,0.3340492444580508,0.5652814193011986,0.24773528948695248,67
chr05,5816552,4.2307692307692375e-05,0.6323110121239912,0.4293169160868888,0.36722199896884106,69
chr05,5832129,4.288240495137053e-05,0.627733345194049,0.43102661343215043,0.36549591380702295,68
chr05,5832672,-4.349816849816855e-05,0.6233960138785659,0.43265889896800425,0.3638543592482595,67
chr05,5869061,4.177005789909023e-05,0.6371057513915138,0.4275395927452559,0.3690236607847273,70
chr05,5869238,4.177005789909023e-05,0.6371057513915138,0.4275395927452559,0.3690236607847273,70
chr05,5871142,-4.3557168784029074e-05,0.6308845274052804,0.4299214755322712,0.36661086036749496,67
chr05,5871197,-4.2982456140350944e-05,0.6357611111557093,0.42810923266332623,0.36844540600942166,68
chr05,5876005,-4.288240495137053e-05,0.627733345194049,0.43102661343215043,0.36549591380702295,68
chr05,5876050,-4.288240495137053e-05,0.627733345194049,0.43102661343215043,0.36549591380702295,68
chr05,5877543,-4.230769230769237e-05,0.6323110121239911,0.4293169160868888,0.36722199896884106,69
chr05,5877558,-4.230769230769237e-05,0.6323110121239911,0.4293169160868888,0.36722199896884106,69
chr05,5877561,-4.230769230769237e-05,0.6323110121239911,0.4293169160868888,0.36722199896884106,69
chr05,5877704,-4.1666666666666706e-05,0.6291635825314232,0.4304212879840553,0.366106257264125,70
chr05,5877844,4.16666666666667e-05,0.6291635825314232,0.4304212879840553,0.366106257264125,70
chr05,5931834,-4.1666666666666706e-05,0.6291635825314232,0.4304212879840553,0.366106257264125,70
chr05,5931837,-4.1666666666666706e-05,0.6291635825314232,0.4304212879840553,0.366106257264125,70
chr05,5934023,-4.7008547008547055e-05,0.6230623169593582,0.4330198215729918,0.3634922232707816,62
chr05,5977021,7.294429708222823e-05,1.8496615361810695,0.17845041734671493,0.7484824320111317,68
chr05,5977094,7.502329916123027e-05,1.8563895976008582,0.17781767009373817,0.7500250845193424,66
chr05,6019239,-5.9239130434782664e-05,1.0658598533147206,0.3059584267225712,0.5143375809418701,63
chr05,6073037,-4.285714285714284e-05,0.6208315641637057,0.43355923240821925,0.36295156127717015,68
chr05,6080967,4.2247386759581945e-05,0.6185278831709855,0.43436778679899557,0.36214238998961795,69
chr05,6082788,-4.22413793103449e-05,0.6248742420534745,0.43203087769075277,0.3644852126029518,69
chr05,6110032,4.2857142857142856e-05,0.6208315641637056,0.43355923240821925,0.36295156127717015,68
chr05,6132229,4.22413793103449e-05,0.6248742420534744,0.43203087769075277,0.3644852126029518,69
chr05,6138540,-4.22413793103449e-05,0.6248742420534745,0.43203087769075277,0.3644852126029518,69
chr05,6138647,-4.22413793103449e-05,0.6248742420534745,0.43203087769075277,0.3644852126029518,69
chr05,6196847,6.13553113553114e-05,1.357120598317264,0.2482947188038464,0.6050325177339553,67
chr05,6196937,4.230769230769237e-05,0.6323110121239911,0.4293169160868888,0.36722199896884106,69
chr05,6197046,4.16666666666667e-05,0.6291635825314233,0.4304212879840553,0.366106257264125,70
chr05,6200481,4.2307692307692375e-05,0.6323110121239911,0.4293169160868888,0.36722199896884106,69
chr05,6219460,4.2307692307692375e-05,0.6323110121239911,0.4293169160868888,0.36722199896884106,69
chr05,6224934,4.563492063492068e-05,0.6328728002469226,0.42933875105357777,0.3671999114058971,64
chr05,6231157,4.16666666666667e-05,0.6291635825314233,0.4304212879840553,0.366106257264125,70
chr05,6313475,-2.9642545771578045e-05,0.3276869158878293,0.5689692160399873,0.24491123038107965,68
chr05,6347827,4.1770057899090214e-05,0.6371057513915139,0.4275395927452559,0.3690236607847273,70
chr05,6477040,-4.7996272134203206e-05,0.8848714219434619,0.35040795382382317,0.4554260444486145,66
chr05,6481243,-4.501915708812264e-05,0.6381611830792563,0.42737886395114033,0.3691869597020522,65
chr05,6751155,4.265202702702704e-05,0.6505102016536239,0.4227840496677988,0.3738814056406938,69
chr05,6755890,-6.024667931688811e-05,1.2673468242337014,0.2645353604614576,0.5775162675725876,65
chr05,6916125,6.250000000000006e-05,1.3191489361702131,0.2551568268040775,0.5931928074858676,64
chr05,6950819,-4.390681003584237e-05,0.6493806407050758,0.42327254161518624,0.37337990400838095,67
chr05,6959785,4.8958333333333356e-05,0.8220503501188247,0.3682082933755386,0.43390643384756605,62
chr05,6982039,4.265202702702703e-05,0.6505102016536238,0.4227840496677988,0.3738814056406938,69
chr05,7007553,1.2820512820512842e-05,0.05951439864485737,0.8079996477031648,0.09258882858259809,70
chr05,7013154,-2.9487179487179528e-05,0.3308997208503492,0.5670566573064006,0.24637354652818724,69
chr05,7125948,-1.6666666666666667e-05,0.09735106739691175,0.7560008474644699,0.12147771766157572,69
chr05,7132662,-1.6666666666666667e-05,0.09481324663543354,0.7591147005506755,0.11969259821168511,68
chr05,7160547,2.964254577157807e-05,0.3276869158878293,0.5689692160399873,0.24491123038107965,68
chr05,7160556,2.964254577157807e-05,0.3276869158878293,0.5689692160399873,0.24491123038107965,68
chr05,7198941,-1.6129032258064547e-05,0.09178743961352527,0.7628556601698584,0.11755762708021775,69
chr05,7226694,-3.113026819923374e-05,0.3285725748214854,0.5685413039005875,0.24523797881353676,65
chr05,7289455,-1.3157894736842128e-05,0.059062164419531805,0.8087381385752584,0.09219207589244127,68
chr05,7432032,1.666666666666667e-05,0.09481324663543354,0.7591147005506755,0.11969259821168511,68
chr05,7640401,-1.6666666666666667e-05,0.09735106739691175,0.7560008474644699,0.12147771766157572,69
chr05,7669518,-1.4705882352941189e-05,0.07791554959785305,0.7810713301597231,0.10730930302385851,64
chr05,7713139,-2.951548563935112e-21,0.0,1.0,-0.0,67
chr05,7747401,-1.2195121951219523e-05,0.05110602593440121,0.8218379925311342,0.08521378572536019,69
chr05,7772820,1.219512195121951e-05,0.04556846662109819,0.8316407384820124,0.08006424461162116,66
chr05,7793656,-5.868900648781906e-21,0.0,1.0,-0.0,66
chr05,7802201,-1.2195121951219523e-05,0.05110602593440121,0.8218379925311342,0.08521378572536019,69
chr05,7808878,-1.6666666666666678e-05,0.09988982739627358,0.752929969350954,0.12324541601551889,70
chr05,7811155,2.6814643015936255e-20,0.0,1.0,-0.0,68
chr05,7839905,1.1904761904761925e-05,0.04990825688073116,0.8238927647849821,0.08412931098835132,70
chr05,7863272,7.408714845317592e-21,0.0,1.0,-0.0,67
chr05,7886569,7.408714845317592e-21,0.0,1.0,-0.0,67
chr05,7886609,-1.1627906976744182e-05,0.04348513598990336,0.8354566811794457,0.07807606355928587,68
chr05,7911603,-1.1627906976744185e-05,0.045244402888159146,0.8322011037916907,0.0797717125152867,69
chr05,7914427,7.409090909090915e-05,1.8561683616066593,0.1776301335132052,0.7504833577668422,69
chr05,7914432,7.409090909090915e-05,1.8561683616066593,0.1776301335132052,0.7504833577668422,69
chr05,7914471,7.409090909090915e-05,1.8561683616066593,0.1776301335132052,0.7504833577668422,69
chr05,7914478,7.255244755244757e-05,1.8509670664005602,0.17816373274978267,0.7491806968740482,70
chr05,7914497,7.409090909090915e-05,1.8561683616066593,0.1776301335132052,0.7504833577668422,69
chr05,7918206,-7.255244755244757e-05,1.8509670664005602,0.17816373274978267,0.7491806968740482,70
chr05,7918354,-6.22710622710623e-05,1.399002493765592,0.24113402893714095,0.617741497474904,68
chr05,8017181,4.2486583184257646e-05,0.609119746792287,0.4378681463115628,0.3586566473730549,69
chr05,8022959,4.2486583184257646e-05,0.609119746792287,0.4378681463115628,0.3586566473730549,69
chr05,8054581,-4.29087624209576e-05,0.6150511742402305,0.43569801570807043,0.360814417959582,68
chr05,8058651,4.224137931034487e-05,0.6248742420534744,0.43203087769075277,0.3644852126029518,69
chr05,8089351,4.224137931034487e-05,0.6248742420534744,0.43203087769075277,0.3644852126029518,69
chr05,8089465,4.224137931034487e-05,0.6248742420534744,0.43203087769075277,0.3644852126029518,69
chr05,8089466,4.224137931034487e-05,0.6248742420534744,0.43203087769075277,0.3644852126029518,69
chr05,8089868,4.16666666666667e-05,0.6291635825314232,0.4304212879840553,0.366106257264125,70
chr05,8092241,3.13706563706564e-05,0.3311231503193702,0.5670481778666354,0.24638004076714212,65
chr05,8092311,3.2032032032032064e-05,0.3327742368332572,0.5661187705970095,0.24709244513032252,64
chr05,8114606,4.488416988416993e-05,0.6293923660242815,0.4305561392044087,0.36597021388015955,65
chr05,8133639,-4.16316232127839e-05,0.6222857142857109,0.43294091446947924,0.36357136986093747,70
chr05,8177019,4.28571428571429e-05,0.6208315641637056,0.43355923240821925,0.36295156127717015,68
chr05,8211555,-4.2247386759581945e-05,0.6185278831709855,0.43436778679899557,0.36214238998961795,69
chr05,8218622,-4.2247386759581945e-05,0.6185278831709855,0.43436778679899557,0.36214238998961795,69
chr05,8219113,-4.351851851851857e-05,0.6170629719241558,0.43499490148516096,0.3615158333208499,67
chr05,8221380,-4.16666666666667e-05,0.6164662349676909,0.4350905576649524,0.361420341663625,70
chr05,8241861,4.2857142857142883e-05,0.6208315641637056,0.43355923240821925,0.36295156127717015,68
chr05,8241962,-4.2857142857142883e-05,0.6208315641637056,0.43355923240821925,0.36295156127717015,68
chr05,8252794,4.224137931034487e-05,0.6248742420534744,0.43203087769075277,0.3644852126029518,69
chr05,8737746,-3.3224400871459724e-05,0.32852578731172316,0.5687066930517788,0.24511166054974928,61
chr05,8737760,3.322440087145971e-05,0.32852578731172316,0.5687066930517788,0.24511166054974928,61
chr05,8741546,-4.224137931034487e-05,0.6248742420534744,0.43203087769075277,0.3644852126029518,69
chr05,8779750,-3.3157894736842126e-05,0.33897856575814633,0.5625652313315941,0.24982711239022057,63
chr05,8798173,-2.4390243902439053e-05,0.21480231436837038,0.6445539746021378,0.1907407092021515,68
chr05,8824175,4.16666666666667e-05,0.6291635825314232,0.4304212879840553,0.366106257264125,70
chr05,8825539,-3.113026819923374e-05,0.3285725748214854,0.5685413039005875,0.24523797881353676,65
chr05,8827642,4.2307692307692355e-05,0.632311012123991,0.4293169160868888,0.36722199896884106,69
chr05,8830619,-3.101503759398499e-05,0.33254605573927043,0.5661865093614331,0.24704048286863234,66
chr05,8847813,-4.16666666666667e-05,0.6291635825314232,0.4304212879840553,0.366106257264125,70
chr05,8866293,4.224137931034487e-05,0.6248742420534743,0.43203087769075277,0.3644852126029518,69
chr05,8873754,-4.224137931034487e-05,0.6248742420534743,0.43203087769075277,0.3644852126029518,69
chr05,8873866,-4.224137931034487e-05,0.6248742420534743,0.43203087769075277,0.3644852126029518,69
chr05,8878941,-2.9487179487179528e-05,0.3308997208503491,0.5670566573064006,0.24637354652818724,69
chr05,8923507,-3.006189213085767e-05,0.33234597156395873,0.5662419222856576,0.24699798035533704,68
chr05,8944492,4.355716878402908e-05,0.6308845274052803,0.4299214755322712,0.36661086036749496,67
chr05,8946246,-4.315605928509158e-05,0.6449312063809075,0.42481343876775257,0.37180175301330587,68
chr05,8978945,-7.083333333333338e-05,1.8506450701573973,0.17820098283103802,0.7490899050302361,70
chr05,8979009,-7.29442970822282e-05,1.8496615361810695,0.17845041734671493,0.7484824320111317,68
chr05,9032626,6.079854809437394e-05,1.3445507872799736,0.2504748361564138,0.6012358988081485,67
chr05,9058099,-7.294429708222821e-05,1.8496615361810695,0.17845041734671493,0.7484824320111317,68
chr05,9063713,4.876847290640398e-05,0.8634702391779587,0.35637321620696705,0.4480949434977341,64
chr05,9063723,5.0000000000000036e-05,0.8762826150689434,0.3529131807683107,0.4523321211015053,63
chr05,9072997,-7.173174872665544e-05,1.8634109337859537,0.1767980613105213,0.7525225015783699,69
chr05,9082336,-7.179487179487189e-05,1.8537549407114924,0.1779084253125789,0.7498034842931538,69
chr05,9091192,7.179487179487189e-05,1.8537549407114924,0.1779084253125789,0.7498034842931538,69
chr05,9093383,7.071960297766756e-05,1.8587582029278449,0.17726520291043527,0.7513765078685977,70
chr05,9128815,-5.928509154315615e-05,1.3305662614882035,0.25286474799018505,0.5971117116617617,68
chr05,9149064,6.0123784261715384e-05,1.349774436090291,0.2495018482696804,0.6029262328447992,68
chr05,9149068,-6.012378426171537e-05,1.349774436090291,0.2495018482696804,0.6029262328447992,68
chr05,9170351,7.173174872665546e-05,1.863410933785954,0.1767980613105213,0.7525225015783699,69
chr05,9172992,7.072368421052639e-05,1.870037926675113,0.17597376815323298,0.7545520662504477,70
chr05,9221356,0.00010721062618595835,3.837552772808753,0.05454596769832354,1.263237349037045,65
chr05,9221561,0.00011898395721925152,5.607797790420308,0.020864983395295092,1.6805819565709919,67
chr05,9221586,0.00012040441176470601,5.570199061747244,0.0213286848879858,1.671035922023554,66
chr05,9285485,0.00010714285714285726,3.816982317565784,0.055178916317962894,1.258226833065792,65
chr05,9288103,-0.00010092905405405413,3.8128355565118506,0.05504075399961201,1.2593156253607005,69
chr05,9288171,0.00010092905405405414,3.8128355565118506,0.05504075399961201,1.2593156253607005,69
chr05,9288292,-0.00011631944444444451,5.489096804076162,0.022159387519830688,1.6544422475732927,68
chr05,9334886,-0.00010092905405405413,3.8128355565118506,0.05504075399961201,1.2593156253607005,69
chr05,9371267,-8.973214285714296e-05,3.0532834774481326,0.08529696919483606,1.0690664000791723,67
chr05,9400170,-9.967320261437914e-05,3.8443878907584597,0.05401043852587992,1.2675222965459374,70
chr05,9400173,-9.967320261437914e-05,3.8443878907584597,0.05401043852587992,1.2675222965459374,70
chr05,9400224,-9.967320261437914e-05,3.8443878907584597,0.05401043852587992,1.2675222965459374,70
chr05,9400226,-9.967320261437914e-05,3.8443878907584597,0.05401043852587992,1.2675222965459374,70
chr05,9403527,8.202716823406484e-05,2.3585001945564,0.1298588521368608,0.8865284403114885,62
chr05,9404596,9.967320261437912e-05,3.8443878907584597,0.05401043852587992,1.2675222965459374,70
chr05,9407602,-0.00010126050420168074,3.8599338001246677,0.05360137236053898,1.2708240908859731,69
chr05,9425580,-0.00010294117647058832,3.8776978417267736,0.0531321554361362,1.2746425655125795,68
chr05,9431810,-8.957219251336905e-05,3.0475857242827376,0.08558238879177113,1.0676155955734474,67
chr05,9471485,-0.00010427807486631025,3.8628194107994154,0.05364281294447666,1.2704884565058796,67
chr05,9508942,-0.00010259740259740269,3.8468085371320453,0.054061667576096664,1.2671105622642402,68
chr05,9522988,-9.967320261437915e-05,3.8443878907584597,0.05401043852587992,1.2675222965459374,70
chr05,9541161,-0.00010101010101010109,3.8329519450801337,0.0544209060745002,1.2642342317609685,69
chr05,9545042,-0.00010101010101010109,3.8329519450801337,0.0544209060745002,1.2642342317609685,69
chr05,9545048,-0.00010101010101010109,3.8329519450801337,0.0544209060745002,1.2642342317609685,69
chr05,9545370,0.0001025974025974027,3.8468085371320453,0.054061667576096664,1.2671105622642402,68
chr05,9558737,7.226890756302524e-05,1.912040252504195,0.171328281762757,0.7661709405973561,69
chr05,9583559,-7.878787878787885e-05,1.8899124616160572,0.17424087539422975,0.7588499556672234,63
chr05,9583849,9.583333333333342e-05,3.0025541576009696,0.08827081845304761,1.0541828465859435,62
chr05,9602288,-7.291666666666673e-05,1.8835177635411797,0.17458105562299336,0.7580028848273244,68
chr05,9602767,7.196969696969703e-05,1.8925171487440757,0.17350002144264945,0.7607004671991954,69
chr05,9602869,7.196969696969703e-05,1.8925171487440757,0.17350002144264945,0.7607004671991954,69
chr05,9602893,-7.196969696969703e-05,1.8925171487440757,0.17350002144264945,0.7607004671991954,69
chr05,9611069,-8.286985539488328e-05,1.8988645077567128,0.1734988082686299,0.7607035039516981,60
chr05,9666350,7.196969696969703e-05,1.8925171487440757,0.17350002144264945,0.7607004671991954,69
chr05,9751734,0.00010346320346320361,3.915875871467325,0.05200718452507733,1.2839366566716146,68
chr05,9784389,0.00010294117647058832,3.8776978417267736,0.0531321554361362,1.2746425655125795,68
chr05,9801066,0.00010618279569892482,3.991233679984924,0.049925506864678275,1.3016775172952082,67
chr05,9801118,0.00010737327188940101,3.968330980542632,0.05063358500865302,1.2955613221814792,66
chr05,9851224,-0.00010427807486631027,3.862819410799416,0.05364281294447666,1.2704884565058796,67
chr05,9854570,0.00010243055555555561,3.823046842499477,0.05478870189943973,1.2613089891179228,68
chr05,9860272,9.250474383301716e-05,3.055210146729607,0.08535060212491732,1.0687934107108574,65
chr05,9899087,5.902777777777781e-05,1.324675324675394,0.2539074505729519,0.5953245551513061,68
chr05,9983709,-7.179487179487189e-05,1.8537549407114924,0.1779084253125789,0.7498034842931538,69
chr05,9983809,-7.179487179487189e-05,1.8537549407114924,0.1779084253125789,0.7498034842931538,69
chr05,10022280,-7.106812447434829e-05,1.845727210522302,0.17877104531953172,0.7477028204184126,70
chr05,10059232,-7.106812447434829e-05,1.845727210522302,0.17877104531953172,0.7477028204184126,70
chr05,10075847,-7.106812447434829e-05,1.845727210522302,0.17877104531953172,0.7477028204184126,70
chr05,10198629,-7.321428571428575e-05,1.8451329641272163,0.17897559518669287,0.7472061846532958,68
chr05,10198655,7.321428571428575e-05,1.8451329641272163,0.17897559518669287,0.7472061846532958,68
chr05,10236013,7.453703703703711e-05,1.844044790347548,0.17917292787976877,0.7467276094094808,67
chr05,10236032,7.453703703703711e-05,1.844044790347548,0.17917292787976877,0.7467276094094808,67
chr05,10246635,7.504690431519708e-05,1.8451575702468732,0.1790436127078141,0.7470411676162222,67
chr05,10252137,7.362240289069564e-05,1.8440760028267467,0.17909843278989118,0.7469082144506903,68
chr05,10260154,-7.275132275132279e-05,1.8446632869455364,0.17896140355628778,0.7472406228186658,69
chr05,10260215,-7.275132275132279e-05,1.8446632869455364,0.17896140355628778,0.7472406228186658,69
chr05,10272174,7.27513227513228e-05,1.8446632869455362,0.17896140355628778,0.7472406228186658,69
chr05,10282634,5.428571428571433e-05,0.922216349541955,0.34088013394525196,0.4673983081561353,60
chr05,10293381,7.27513227513228e-05,1.8446632869455362,0.17896140355628778,0.7472406228186658,69
chr05,10293447,-7.192075796726965e-05,1.8457672318144926,0.17876639752367088,0.7477141116111864,70
chr05,10312604,7.275132275132279e-05,1.8446632869455364,0.17896140355628778,0.7472406228186658,69
chr05,10312657,7.275132275132279e-05,1.8446632869455364,0.17896140355628778,0.7472406228186658,69
chr05,10346394,-7.504690431519707e-05,1.8451575702468734,0.1790436127078141,0.7470411676162222,67
chr05,10378257,-7.321428571428575e-05,1.8451329641272163,0.17897559518669287,0.7472061846532958,68
chr05,10378271,-7.321428571428575e-05,1.8451329641272163,0.17897559518669287,0.7472061846532958,68
chr05,10386602,7.3956442831216e-05,1.8526482801975241,0.1781759801721428,0.7491508434069337,67
chr05,10387390,-7.417582417582424e-05,1.84657651689333,0.17887887769427768,0.7474409385963946,67
chr05,10394014,-7.294429708222821e-05,1.8496615361810695,0.17845041734671493,0.7484824320111317,68
chr05,10427234,-7.395644283121603e-05,1.8526482801975237,0.1781759801721428,0.7491508434069337,67
chr05,10444297,6.548856548856554e-05,1.361317747077541,0.2478503235540329,0.6058105098125347,63
chr05,10491168,7.27513227513228e-05,1.8446632869455362,0.17896140355628778,0.7472406228186658,69
chr05,10491422,-7.192075796726965e-05,1.8457672318144926,0.17876639752367088,0.7477141116111864,70
chr05,10491439,-7.192075796726965e-05,1.8457672318144926,0.17876639752367088,0.7477141116111864,70
chr05,10527840,-9.42776735459663e-05,3.2156042333250916,0.07759151835543525,1.110185749524682,67
chr05,10528843,-6.410256410256416e-05,1.3755458515284915,0.24527687287275488,0.6103433994383471,65
chr05,10557321,7.142857142857147e-05,1.8440677966102454,0.17896388347654857,0.7472346047153137,70
chr05,10571695,-7.142857142857147e-05,1.8440677966102454,0.17896388347654857,0.7472346047153137,70
chr05,10573285,-5.947368421052636e-05,1.1101405154561126,0.29620707474102603,0.5284045728090863,63
chr05,10579824,7.275132275132279e-05,1.8446632869455364,0.17896140355628778,0.7472406228186658,69
chr05,10579878,-7.27513227513228e-05,1.8446632869455364,0.17896140355628778,0.7472406228186658,69
chr05,10590940,-4.9857549857549894e-05,0.9377990430621578,0.33649000522752215,0.47302783111013796,66
chr05,10687880,7.19207579672697e-05,1.8457672318144926,0.17876639752367088,0.7477141116111864,70
chr05,10785682,-7.651072124756346e-05,1.845829346424268,0.17911408646516666,0.7468702576265563,65
chr05,10793186,-6.305418719211829e-05,1.3310969473331538,0.25303835773084665,0.5968136397405536,64
chr05,10797361,-7.395644283121603e-05,1.8526482801975237,0.1781759801721428,0.7491508434069337,67
chr05,10812474,4.2444821731748756e-05,0.6408490580475028,0.42623306807446937,0.37035285981851956,69
chr05,10812659,4.390681003584236e-05,0.6493806407050758,0.42327254161518624,0.37337990400838095,67
chr05,10839328,1.3888888888888898e-05,0.0711587147030264,0.7905283273483421,0.10208256318825482,65
chr05,10883457,1.2820512820512847e-05,0.05951439864485737,0.8079996477031648,0.09258882858259809,70
chr05,10899023,2.9487179487179535e-05,0.33089972085034913,0.5670566573064006,0.24637354652818724,69
chr05,10899027,1.2820512820512847e-05,0.05951439864485737,0.8079996477031648,0.09258882858259809,70
chr05,10937842,1.3157894736842121e-05,0.06305418719213049,0.802489464035981,0.09556066078112438,70
chr05,10939122,0.0,0.0,1.0,-0.0,64
chr05,10962464,-1.282051282051285e-05,0.05757002921463368,0.8111112409658021,0.09091957979057566,69
chr05,11057849,-1.7857142857142865e-05,0.1123966942148698,0.7384639422849163,0.13167070556394742,70
chr05,11075633,1.7241379310344855e-05,0.09804699904731527,0.7551885491266817,0.1219446038381627,67
chr05,11092397,1.7857142857142865e-05,0.1123966942148698,0.7384639422849163,0.13167070556394742,70
chr05,11093024,2.6266416510318974e-05,0.2637298942182453,0.6093104625232342,0.21516136450297865,67
chr05,11201498,1.7857142857142865e-05,0.1123966942148698,0.7384639422849163,0.13167070556394742,70
chr05,11201504,-1.7857142857142865e-05,0.1123966942148698,0.7384639422849163,0.13167070556394742,70
chr05,11201538,1.7857142857142865e-05,0.1123966942148698,0.7384639422849163,0.13167070556394742,70
chr05,11201899,1.7857142857142892e-05,0.10967381323111942,0.7415493682386629,0.12985993075842195,69
chr05,11211560,-1.9230769230769255e-05,0.11803002790201651,0.7322897846955656,0.13531702414703603,67
chr05,11213571,-1.851851851851853e-05,0.11652173913043319,0.7339062419395777,0.13435941857045317,69
chr05,11213587,-1.8518518518518515e-05,0.11369747899163767,0.737043225295186,0.13250704137203057,68
chr05,11220252,-1.7857142857142882e-05,0.10967381323111941,0.7415493682386629,0.12985993075842195,69
chr05,11232670,3.101851851851854e-05,0.337780190801177,0.5631233174080017,0.2493964893310449,67
chr05,11245498,-1.923076923076925e-05,0.11509756316880536,0.735524362132516,0.13340293794053606,66
chr05,11270922,-1.7857142857142882e-05,0.10967381323111941,0.7415493682386629,0.12985993075842195,69
chr05,11294720,-1.851851851851853e-05,0.11652173913043319,0.7339062419395777,0.13435941857045317,69
chr05,11377833,-3.1135531135531186e-05,0.3442773857010985,0.5593722841629369,0.2522990559003051,68
chr05,11378713,5.190476190476193e-05,0.8565314173724603,0.35813458611451876,0.44595373586223064,67
chr05,11378749,5.190476190476193e-05,0.8565314173724603,0.35813458611451876,0.44595373586223064,67
chr05,11378769,5.190476190476193e-05,0.8565314173724603,0.35813458611451876,0.44595373586223064,67
chr05,11379001,4.8664944013781256e-05,0.8328300945730582,0.36467966229337745,0.43808845604472196,70
chr05,11387517,4.894179894179896e-05,0.8224286495646593,0.36772116685837775,0.43448137044331386,69
chr05,11387579,4.894179894179896e-05,0.8224286495646593,0.36772116685837775,0.43448137044331386,69
chr05,11474728,4.8664944013781256e-05,0.8328300945730582,0.36467966229337745,0.43808845604472196,70
chr05,11474863,4.894179894179896e-05,0.8224286495646594,0.36772116685837775,0.43448137044331386,69
chr05,11474869,4.894179894179896e-05,0.8224286495646594,0.36772116685837775,0.43448137044331386,69
chr05,11474870,4.894179894179896e-05,0.8224286495646594,0.36772116685837775,0.43448137044331386,69
chr05,11474879,4.894179894179896e-05,0.8224286495646594,0.36772116685837775,0.43448137044331386,69
chr05,11523235,1.923076923076925e-05,0.13609782030837683,0.7134092037315344,0.14666129210442874,66
chr05,11619608,1.9999999999999995e-05,0.12576008844664519,0.724017265717571,0.14025107701216413,67
chr05,11660512,1.785714285714289e-05,0.10967381323111942,0.7415493682386629,0.12985993075842195,69
chr05,11675851,1.7857142857142855e-05,0.1123966942148698,0.7384639422849163,0.13167070556394742,70
chr05,11717721,3.1015037593985e-05,0.33254605573927043,0.5661865093614331,0.24704048286863234,66
chr05,11721884,4.7860360360360387e-05,0.7252843543433526,0.3978595637446919,0.4002701979104926,61
chr05,11737053,3.0061892130857682e-05,0.3323459715639588,0.5662419222856576,0.24699798035533704,68
chr05,11777064,1.2500000000000014e-05,0.055195374101998394,0.8150196090116077,0.08883194220101802,65
chr05,11807731,-1.3157894736842108e-05,0.05569737758181636,0.8142341710817764,0.08925067547559613,62
chr05,11807931,1.7857142857142886e-05,0.1096738132311194,0.7415493682386629,0.12985993075842195,69
chr05,11807966,-1.7857142857142886e-05,0.1096738132311194,0.7415493682386629,0.12985993075842195,69
chr05,11830479,1.8518518518518535e-05,0.11652173913043315,0.7339062419395777,0.13435941857045317,69
chr05,11847221,1.923076923076924e-05,0.11509756316880537,0.735524362132516,0.13340293794053606,66
chr05,11880097,-3.071364046973807e-05,0.3395883777239681,0.5620526782864486,0.2502229783509136,68
chr05,11918942,1.8518518518518535e-05,0.11652173913043318,0.7339062419395777,0.13435941857045317,69
chr05,11919024,1.8518518518518535e-05,0.11652173913043318,0.7339062419395777,0.13435941857045317,69
chr05,11919154,5.662020905923341e-06,0.01197209084959025,0.9131987702122664,0.039434682037678664,69
chr05,11923215,3.1018518518518534e-05,0.337780190801177,0.5631233174080017,0.2493964893310449,67
chr05,11923222,3.1018518518518534e-05,0.337780190801177,0.5631233174080017,0.2493964893310449,67
chr05,11923240,3.1018518518518534e-05,0.337780190801177,0.5631233174080017,0.2493964893310449,67
chr05,11923243,3.1018518518518534e-05,0.337780190801177,0.5631233174080017,0.2493964893310449,67
chr05,11927992,-2.1433070724597716e-20,0.0,1.0,-0.0,67
chr05,11963808,1.2500000000000009e-05,0.05615194054502282,0.813397139575277,0.08969735918598912,70
chr05,11963847,1.2500000000000009e-05,0.05615194054502282,0.813397139575277,0.08969735918598912,70
chr05,11972878,2.7777777777777803e-05,0.2626887131559665,0.6100713022420441,0.2146194037423363,65
chr05,11987501,3.133903133903134e-05,0.33603818615749603,0.5641601803377929,0.24859757055544618,66
chr05,12046828,2.5946718657772733e-20,0.0,1.0,-0.0,66
chr05,12046910,2.5946718657772733e-20,0.0,1.0,-0.0,66
chr05,12087427,5.368286618849518e-21,0.0,1.0,-0.0,68
chr05,12089657,-3.282051282051285e-05,0.3410106565829824,0.5613651106892122,0.25075458262784406,64
chr05,12098870,1.785714285714288e-05,0.1200276379429407,0.7301409828503658,0.13659327390377018,66
chr05,12098986,-1.7857142857142872e-05,0.1200276379429407,0.7301409828503658,0.13659327390377018,66
chr05,12099141,1.3157894736842125e-05,0.05906216441953181,0.8087381385752584,0.09219207589244127,68
chr05,12128514,-1.3157894736842111e-05,0.06105770644090906,0.8055875373194845,0.0938872610681967,69
chr05,12139498,-1.2820512820512852e-05,0.05951439864485735,0.8079996477031648,0.09258882858259809,70
chr06,24099,0.00010535714285714296,3.9405945767080732,0.051356953774817166,1.28940074424649,67
chr06,24186,0.00010535714285714296,3.9405945767080732,0.051356953774817166,1.28940074424649,67
chr06,24365,0.00010049019607843139,3.9113088109496466,0.05201682547486398,1.283856155808311,70
chr06,29478,0.00010416666666666673,3.961584633853454,0.05069414072518066,1.2950422339166217,68
chr06,48562,0.00010227272727272731,3.935037731288602,0.051389822569783604,1.28912288177186,69
chr06,56279,0.00010416666666666673,3.961584633853454,0.05069414072518066,1.2950422339166217,68
chr06,56303,0.00010416666666666673,3.961584633853454,0.05069414072518066,1.2950422339166217,68
chr06,62051,0.00010795454545454553,3.9021446954530634,0.05260920867493226,1.2789382306243378,65
chr06,64364,8.917748917748926e-05,3.127876849403204,0.08158471751433276,1.0883911858636441,68
chr06,64452,8.917748917748926e-05,3.127876849403204,0.08158471751433276,1.0883911858636441,68
chr06,92485,-8.71212121212122e-05,3.0514851485148373,0.08524593877058417,1.0693263022068844,69
chr06,93436,0.00010346320346320361,3.9158758714673256,0.05200718452507733,1.2839366566716146,68
chr06,112715,0.00010227272727272731,3.935037731288602,0.051389822569783604,1.28912288177186,69
chr06,125279,0.00010049019607843139,3.9113088109496466,0.05201682547486398,1.283856155808311,70
chr06,146150,9.722222222222224e-05,3.1167883211677854,0.08249414756257302,1.0835768608008165,63
chr06,170569,-8.892763731473413e-05,3.0711678832117206,0.08433644211909888,1.0739847244100216,68
chr06,170698,-0.00010227272727272731,3.935037731288602,0.051389822569783604,1.28912288177186,69
chr06,223386,1.612903225806453e-05,0.07952425373134217,0.7788823574641439,0.10852813329328959,64
chr06,247104,1.3392857142857263e-06,0.0006529083439447908,0.9796929008406731,0.008910038972540007,67
chr06,247140,1.3392857142857263e-06,0.0006529083439447908,0.9796929008406731,0.008910038972540007,67
chr06,297664,-1.5151515151515188e-05,0.0793705332600484,0.7790337428019035,0.10844373103693475,68
chr06,297781,-1.5151515151515188e-05,0.07706793137119645,0.7821919681519421,0.10668664786381649,67
chr06,356487,4.330065359477127e-05,0.6937187891553234,0.4078182228328253,0.38953337223388934,70
chr06,384898,-1.5624999999999994e-05,0.08271298593881075,0.7746450026639564,0.11089727646831422,62
chr06,384906,-1.5624999999999994e-05,0.08271298593881075,0.7746450026639564,0.11089727646831422,62
chr06,384930,-1.5624999999999994e-05,0.08271298593881075,0.7746450026639564,0.11089727646831422,62
chr06,415313,-4.740957966764424e-05,0.6938922617235446,0.40804111899197815,0.38929607011720474,64
chr06,437844,-6.305418719211829e-05,1.3310969473331538,0.25303835773084665,0.5968136397405536,64
chr06,535080,-9.107142857142863e-05,3.166070525665365,0.07985820234910261,1.097680470232993,67
chr06,535258,9.280303030303037e-05,3.0986991703369515,0.08320860342491113,1.0798317671372504,65
chr06,539684,7.352941176470594e-05,1.9230769230770517,0.1701840500900797,0.7690811450884324,68
chr06,559000,-7.248157248157258e-05,1.9752002670226576,0.16444941773480215,0.7839676598828169,70
chr06,560507,7.54464285714286e-05,1.962770619524018,0.16597363021518483,0.7799609069102418,67
chr06,576602,-9.107142857142865e-05,3.166070525665365,0.07985820234910261,1.097680470232993,67
chr06,641565,4.458874458874466e-05,0.8216542122754669,0.36799447666441043,0.4341586997291181,68
chr06,641606,4.458874458874466e-05,0.8216542122754669,0.36799447666441043,0.4341586997291181,68
chr06,641653,4.458874458874466e-05,0.8216542122754669,0.36799447666441043,0.4341586997291181,68
chr06,655606,6.562847608453843e-05,1.547466850617142,0.2185139160857142,0.660520899715138,60
chr06,655941,7.248157248157258e-05,1.9752002670226572,0.16444941773480215,0.7839676598828169,70
chr06,655961,8.712121212121222e-05,3.0514851485148373,0.08524593877058417,1.0693263022068844,69
chr06,656006,8.712121212121222e-05,3.0514851485148373,0.08524593877058417,1.0693263022068844,69
chr06,656029,8.831168831168844e-05,3.0489130434783394,0.08544422170463913,1.0683173017746297,68
chr06,656043,8.712121212121222e-05,3.0514851485148373,0.08524593877058417,1.0693263022068844,69
chr06,702955,7.771260997067456e-05,2.2588976895405155,0.13792538367695767,0.8603557992603527,64
chr06,769842,7.63157894736843e-05,2.0466311054300785,0.15726106974925108,0.8033787744244513,68
chr06,780543,7.465277777777781e-05,1.9769954800978402,0.16439794939353447,0.7841036039044035,68
chr06,814466,0.00010416666666666675,4.133035106486342,0.04596020056988751,1.33761808472254,70
chr06,842209,-0.00010512820512820523,4.104632093006331,0.046750647438390545,1.3302123703107493,69
chr06,843581,-0.00010843920145190572,4.117997735185252,0.0465280163926595,1.3322854621472677,67
chr06,859129,-0.00010297766749379662,4.065717757333548,0.04771422060779638,1.321352165801071,70
chr06,859219,-0.00010512820512820523,4.104632093006331,0.046750647438390545,1.3302123703107493,69
chr06,859275,-0.00010512820512820523,4.104632093006331,0.046750647438390545,1.3302123703107493,69
chr06,870886,-9.845559845559855e-05,3.439248609507804,0.06834606514740378,1.1652864837876156,65
chr06,896964,-0.00010416666666666673,4.133035106486342,0.04596020056988751,1.33761808472254,70
chr06,912039,0.00010297766749379662,4.065717757333548,0.04771422060779638,1.321352165801071,70
chr06,912068,-0.00010512820512820523,4.104632093006331,0.046750647438390545,1.3302123703107493,69
chr06,912162,0.00010398981324278447,4.040004500418392,0.04846280510910677,1.3145914517720054,69
chr06,924524,-7.518796992481211e-05,2.1968356127647803,0.14320177928697062,0.8440515858709536,66
chr06,924544,7.518796992481211e-05,2.1968356127647803,0.14320177928697062,0.8440515858709536,66
chr06,924728,0.0001051282051282052,4.104632093006331,0.046750647438390545,1.3302123703107493,69
chr06,924742,0.0001051282051282052,4.104632093006331,0.046750647438390545,1.3302123703107493,69
chr06,959172,0.0001051282051282052,4.104632093006331,0.046750647438390545,1.3302123703107493,69
chr06,978918,-0.0001061403508771931,4.076999670905509,0.04753566355316858,1.3229804393690765,68
chr06,986272,0.0001186655405405406,5.900136618877862,0.01782857784484704,1.7488832983708313,69
chr06,1038467,-0.0001307565789473686,6.8475354006094165,0.010928659930120198,1.9614330878795871,70
chr06,1038589,-0.00013327674023769123,6.903529342914105,0.010654184833825566,1.9724797731402441,69
chr06,1039932,0.0001336805555555557,6.788106926639856,0.011329460763068578,1.9457907603216744,68
chr06,1070967,-0.00012670565302144263,5.812633073101592,0.018840176180800243,1.724915040290933,65
chr06,1102724,0.00012159709618874787,5.734035549703864,0.019531785796191803,1.7092580472407717,67
chr06,1128125,0.00013596491228070186,6.965909590124256,0.01035533674601179,1.984835773684407,68
chr06,1139635,-0.00012159709618874787,5.734035549703864,0.019531785796191803,1.7092580472407717,67
chr06,1144491,-0.00012072072072072076,5.6890920966688086,0.01999576327409662,1.699062013415853,67
chr06,1146217,0.0001336805555555557,6.788106926639856,0.011329460763068578,1.9457907603216744,68
chr06,1157443,-0.00013075657894736864,6.8475354006094165,0.010928659930120198,1.9614330878795871,70
chr06,1157447,-0.00013075657894736864,6.8475354006094165,0.010928659930120198,1.9614330878795871,70
chr06,1180459,-0.00010512820512820521,4.104632093006331,0.046750647438390545,1.3302123703107493,69
chr06,1189587,-0.00010416666666666673,4.133035106486342,0.04596020056988751,1.33761808472254,70
chr06,1189691,-0.00010646551724137941,4.178053684209358,0.04488437701738156,1.3479047983248302,69
chr06,1205040,-0.00010646551724137941,4.178053684209358,0.04488437701738156,1.3479047983248302,69
chr06,1205096,-0.00010646551724137941,4.178053684209358,0.04488437701738156,1.3479047983248302,69
chr06,1205184,-0.00010416666666666673,4.133035106486342,0.04596020056988751,1.33761808472254,70
chr06,1205940,0.00011354775828460049,4.213867961141115,0.04425362922777937,1.354051107136406,65
chr06,1205954,-0.00011354775828460048,4.213867961141115,0.04425362922777937,1.354051107136406,65
chr06,1205963,-0.00011354775828460048,4.213867961141115,0.04425362922777937,1.354051107136406,65
chr06,1209726,9.411196911196919e-05,3.110914155482364,0.08261771699616569,1.0829268102026481,65
chr06,1214238,0.00010297766749379662,4.065717757333548,0.04771422060779638,1.321352165801071,70
chr06,1214253,0.00010297766749379662,4.065717757333548,0.04771422060779638,1.321352165801071,70
chr06,1216699,0.00010512820512820523,4.104632093006331,0.046750647438390545,1.3302123703107493,69
chr06,1274089,0.00010843920145190574,4.117997735185251,0.0465280163926595,1.3322854621472677,67
chr06,1274295,-0.00010512820512820521,4.104632093006331,0.046750647438390545,1.3302123703107493,69
chr06,1274569,-0.00011354775828460049,4.213867961141114,0.04425362922777937,1.354051107136406,65
chr06,1303237,0.00010512820512820523,4.10463209300633,0.046750647438390545,1.3302123703107493,69
chr06,1310089,-0.0001026455026455027,3.4128500265996546,0.06962239863381152,1.157251018462192,62
chr06,1322725,-0.00010512820512820523,4.104632093006331,0.046750647438390545,1.3302123703107493,69
chr06,1354355,0.00010512820512820523,4.104632093006331,0.046750647438390545,1.3302123703107493,69
chr06,1402000,-0.00010512820512820523,4.104632093006331,0.046750647438390545,1.3302123703107493,69
chr06,1402031,-0.00010512820512820523,4.104632093006331,0.046750647438390545,1.3302123703107493,69
chr06,1409479,0.00010618279569892481,3.991233679984924,0.049925506864678275,1.3016775172952082,67
chr06,1409498,0.00010618279569892481,3.991233679984924,0.049925506864678275,1.3016775172952082,67
chr06,1483949,0.0001051282051282052,4.104632093006331,0.046750647438390545,1.3302123703107493,69
chr06,1487580,-0.00010297766749379662,4.065717757333547,0.04771422060779638,1.321352165801071,70
chr06,1503492,0.00011090225563909785,4.163447612106399,0.045435493838117014,1.3426047472416243,66
chr06,1527186,-0.00010297766749379662,4.065717757333547,0.04771422060779638,1.321352165801071,70
chr06,1528574,0.00010297766749379662,4.065717757333547,0.04771422060779638,1.321352165801071,70
chr06,1528618,9.0185676392573e-05,3.116666666666698,0.08212071435419487,1.0855472814308225,68
chr06,1528812,0.00010989010989011,4.195240016135712,0.04458089012932057,1.3508512643799455,67
chr06,1546216,0.00010297766749379662,4.065717757333547,0.04771422060779638,1.321352165801071,70
chr06,1575319,0.00010197368421052645,4.006621704475809,0.049313682475892864,1.307032565523094,70
chr06,1578837,8.947368421052644e-05,3.090909090909212,0.08336706287928296,1.0790054989442497,68
chr06,1592688,-8.131868131868136e-05,2.1986131242812683,0.14345715385498545,0.8432777896816496,61
chr06,1592725,-8.131868131868136e-05,2.1986131242812683,0.14345715385498545,0.8432777896816496,61
chr06,1669539,-0.00013596491228070194,5.980707395498641,0.01741424950948417,1.7590952373075495,62
chr06,1669614,-0.0001309771309771311,5.835990888382841,0.018711364103953954,1.7278945502218026,63
chr06,1748097,0.0001332767402376912,6.903529342914102,0.010654184833825618,1.9724797731402421,69
chr06,1748140,0.00013075657894736864,6.8475354006094165,0.010928659930120198,1.9614330878795871,70
chr06,1771784,0.00013596491228070186,6.965909590124255,0.01035533674601179,1.984835773684407,68
chr06,1824148,0.00011651583710407251,4.5569280900539555,0.037022930569419944,1.4315292074157786,60
chr06,1843529,0.00013075657894736864,6.8475354006094165,0.010928659930120198,1.9614330878795871,70
chr06,1843640,0.00012745098039215698,5.889163669064798,0.01815466149139529,1.7410118444536324,64
chr06,1915714,-0.0001373873873873874,6.928839487781947,0.010584182156351606,1.9753426944424757,67
chr06,1915986,-0.0001332767402376912,6.903529342914102,0.010654184833825618,1.9724797731402421,69
chr06,1946550,0.00013327674023769117,6.903529342914104,0.010654184833825618,1.9724797731402421,69
chr06,1946597,-0.00013327674023769117,6.903529342914104,0.010654184833825618,1.9724797731402421,69
chr06,1953552,0.0001332767402376912,6.903529342914102,0.010654184833825618,1.9724797731402421,69
chr06,1978371,-0.000131927212572374,6.939038527105647,0.010433369959261444,1.9815753925971225,70
chr06,1980956,0.0001466466466466468,7.151007631126343,0.009566158734705467,2.019262417000045,64
chr06,2007392,0.00014191729323308278,7.1127748451215504,0.009681671022608817,2.01404967851118,66
chr06,2007404,0.00014191729323308278,7.1127748451215504,0.009681671022608817,2.01404967851118,66
chr06,2038640,-0.00013883847549909267,7.035385340953333,0.010031375308946457,1.9986395208040983,67
chr06,2133685,-7.564102564102571e-05,2.063974017469159,0.15546974188984808,0.8083541224503763,69
chr06,2218923,7.46527777777778e-05,1.9769954800978395,0.16439794939353447,0.7841036039044035,68
chr06,2233902,-4.554554554554557e-05,0.7397840971965475,0.3930438075888889,0.40555904165047324,64
chr06,2245166,-7.390202702702709e-05,1.9916495104534022,0.1627954375064043,0.7883577707831707,69
chr06,2248147,6.560846560846564e-05,1.3415073927155128,0.25135784725335913,0.5997075517900607,62
chr06,2265026,6.066176470588236e-05,1.3208255159474493,0.2547208542939268,0.59393549738418,66
chr06,2265056,-6.066176470588236e-05,1.3208255159474493,0.2547208542939268,0.59393549738418,66
chr06,2302946,4.419191919191923e-05,0.701214042222363,0.40535319319111507,0.3921664014555891,69
chr06,2322413,4.553571428571435e-05,0.7015174336822639,0.40534345413583994,0.39217683598243486,67
chr06,2322427,4.553571428571435e-05,0.7015174336822639,0.40534345413583994,0.39217683598243486,67
chr06,2322501,-4.5535714285714354e-05,0.7015174336822639,0.40534345413583994,0.39217683598243486,67
chr06,2328489,-4.3816543816543875e-05,0.7087615163322086,0.40280639117943895,0.3949036472744699,70
chr06,2368673,4.4117647058823566e-05,0.6796338672769756,0.41268230228089686,0.38438415527221437,68
chr06,2389319,4.330065359477128e-05,0.6937187891553234,0.4078182228328253,0.38953337223388934,70
chr06,2389359,4.330065359477128e-05,0.6937187891553234,0.4078182228328253,0.38953337223388934,70
chr06,2389369,4.330065359477128e-05,0.6937187891553234,0.4078182228328253,0.38953337223388934,70
chr06,2410442,4.4763513513513583e-05,0.7172179095831777,0.40007293316602455,0.39786082971140313,69
chr06,2410504,4.3816543816543875e-05,0.7087615163322089,0.40280639117943895,0.3949036472744699,70
chr06,2413168,4.369747899159668e-05,0.6866169425746904,0.410259654834671,0.38694118969697155,69
chr06,2413422,4.369747899159668e-05,0.6866169425746904,0.410259654834671,0.38694118969697155,69
chr06,2413424,4.369747899159668e-05,0.6866169425746904,0.410259654834671,0.38694118969697155,69
chr06,2413435,4.369747899159668e-05,0.6866169425746904,0.410259654834671,0.38694118969697155,69
chr06,2448973,-4.419191919191924e-05,0.701214042222363,0.40535319319111507,0.3921664014555891,69
chr06,2505357,-4.5138888888888934e-05,0.7093163751986431,0.40271243551786184,0.3950049594330419,68
chr06,2505361,-4.5138888888888934e-05,0.7093163751986431,0.40271243551786184,0.3950049594330419,68
chr06,2534599,-4.476351351351357e-05,0.7172179095831777,0.40007293316602455,0.39786082971140313,69
chr06,2572067,4.523809523809528e-05,0.7676443784385673,0.38427529528216176,0.4153575350451741,65
chr06,2594140,1.6666666666666715e-05,0.09412687518385981,0.7600570595093847,0.11915380285096043,62
chr06,2594142,1.6666666666666715e-05,0.09412687518385981,0.7600570595093847,0.11915380285096043,62
chr06,2608978,-4.470046082949311e-05,0.7747859025033347,0.38203394034335647,0.41789805214313375,66
chr06,2665953,-1.47058823529412e-05,0.07930029154518728,0.7791030841146338,0.10840507647337351,70
chr06,2686230,1.562500000000001e-05,0.08419560595324337,0.7725999017457906,0.11204535142193063,68
chr06,2692501,1.5151515151515182e-05,0.07937053326004839,0.7790337428019035,0.10844373103693475,68
chr06,2692663,-1.5625000000000027e-05,0.0818198165797337,0.7757558935561072,0.11027491631850053,67
chr06,2692671,1.5151515151515182e-05,0.07937053326004839,0.7790337428019035,0.10844373103693475,68
chr06,2727603,-1.5151515151515155e-05,0.08167411621293746,0.7759231117245666,0.11018131199973372,69
chr06,2805491,3.640243228853345e-21,0.0,1.0,-0.0,67
chr06,2844535,1.6666666666666678e-05,0.09481324663543354,0.7591147005506755,0.11969259821168511,68
chr06,2869612,-6.195440985631443e-21,0.0,1.0,-0.0,66
chr06,2897022,1.5625000000000027e-05,0.08657237646239048,0.7694904001068018,0.11379679390482132,69
chr06,2917249,1.5624999999999997e-05,0.08419560595324334,0.7725999017457906,0.11204535142193063,68
chr06,2952954,1.1904761904761912e-05,0.05316096803591022,0.8183985906762274,0.08703512717231932,65
chr06,2954456,1.6129032258064554e-05,0.08933274802462016,0.7659662383685103,0.11579037242143247,68
chr06,2954459,1.6129032258064554e-05,0.08933274802462016,0.7659662383685103,0.11579037242143247,68
chr06,2954476,1.6129032258064554e-05,0.08933274802462016,0.7659662383685103,0.11579037242143247,68
chr06,2954484,1.6129032258064554e-05,0.08933274802462016,0.7659662383685103,0.11579037242143247,68
chr06,2954551,-1.6129032258064554e-05,0.08933274802462016,0.7659662383685103,0.11579037242143247,68
chr06,2968610,-1.6129032258064537e-05,0.0868790376475818,0.7691223111613268,0.11400459018747049,67
chr06,2982650,-1.5151515151515168e-05,0.08397863818426199,0.7728581879382631,0.11190018764177287,70
chr06,3023980,1.5151515151515151e-05,0.08167411621293745,0.7759231117245666,0.11018131199973372,69
chr06,3032144,-1.4705882352941196e-05,0.07706464228203143,0.782170249976375,0.10669870655929907,69
chr06,3032343,-1.5151515151515173e-05,0.0793705332600484,0.7790337428019035,0.10844373103693475,68
chr06,3164016,-1.4705882352941196e-05,0.07706464228203143,0.782170249976375,0.10669870655929907,69
chr06,3164072,-1.4705882352941196e-05,0.07706464228203143,0.782170249976375,0.10669870655929907,69
chr06,3187978,1.4705882352941184e-05,0.07706464228203144,0.782170249976375,0.10669870655929907,69
chr06,3188660,1.4705882352941197e-05,0.07930029154518728,0.7791030841146338,0.10840507647337351,70
chr06,3188710,1.4705882352941197e-05,0.07930029154518728,0.7791030841146338,0.10840507647337351,70
chr06,3195909,2.9857397504456396e-05,0.3250727774875248,0.5705404939110004,0.24371352625366616,67
chr06,3203557,-1.7647619777253153e-20,0.0,1.0,-0.0,68
chr06,3203809,-1.4705882352941189e-05,0.07482993197282231,0.7852842374037242,0.10497311982424265,68
chr06,3204730,-1.509722379966377e-20,0.0,1.0,-0.0,61
chr06,3213823,-1.4705882352941187e-05,0.07706464228203143,0.782170249976375,0.10669870655929907,69
chr06,3213837,-1.4705882352941187e-05,0.07706464228203143,0.782170249976375,0.10669870655929907,69
chr06,3231566,1.666666666666668e-05,0.1031096563011657,0.7491922022645152,0.12540675149316444,65
chr06,3231567,1.666666666666668e-05,0.1031096563011657,0.7491922022645152,0.12540675149316444,65
chr06,3260042,-1.6129032258064524e-05,0.08442635308306834,0.7723256992140046,0.11219951372936475,66
chr06,3266237,-1.785714285714289e-05,0.11038726022438766,0.7408426803531469,0.13027400566208708,63
chr06,3266260,-1.785714285714289e-05,0.11038726022438766,0.7408426803531469,0.13027400566208708,63
chr06,3266264,-1.785714285714289e-05,0.11038726022438766,0.7408426803531469,0.13027400566208708,63
chr06,3291335,-4.4588744588744645e-05,0.6937724422743667,0.4078882519882515,0.38945880306768205,68
chr06,3320216,-4.500891265597155e-05,0.6864460385179382,0.41040783198464703,0.38678435999356153,67
chr06,3333980,-6.190476190476196e-05,1.3273905996758966,0.2536232445428354,0.5958109459240908,65
chr06,3459013,4.3816543816543895e-05,0.7087615163323208,0.40280639117940087,0.39490364727451094,70
chr06,3494535,-4.3697478991596676e-05,0.6866169425746904,0.410259654834671,0.38694118969697155,69
chr06,3494580,-4.4117647058823566e-05,0.6796338672769756,0.41268230228089686,0.38438415527221437,68
chr06,3494688,-4.3697478991596676e-05,0.6866169425746904,0.410259654834671,0.38694118969697155,69
chr06,3622842,-2.9437229437229482e-05,0.325406032482607,0.5703138093368324,0.2438861124650852,68
chr06,3630262,-4.3697478991596676e-05,0.6866169425746904,0.410259654834671,0.38694118969697155,69
chr06,3654621,-3.322440087145971e-05,0.3285257873117231,0.5687066930517788,0.24511166054974928,61
chr06,3654637,-3.322440087145971e-05,0.3285257873117231,0.5687066930517788,0.24511166054974928,61
chr06,3654890,2.9437229437229452e-05,0.32540603248260697,0.5703138093368324,0.2438861124650852,68
chr06,3688829,3.0776515151515174e-05,0.3248195446973848,0.5707524534569539,0.24355221295988827,65
chr06,3848809,4.553571428571435e-05,0.7015174336822639,0.40534345413583994,0.39217683598243486,67
chr06,3935055,-5.7983193277310975e-05,1.3204798628963557,0.2545916830611561,0.5941557878765644,69
chr06,3948910,-3.0330882352941192e-05,0.32517321016162126,0.5705117578260298,0.24373540066497004,66
chr06,3993894,4.6401515151515174e-05,0.6862645464237325,0.4105652936147415,0.38661776570254835,65
chr06,4072257,5.1975051975052025e-05,0.930297817307808,0.3385938321311154,0.47032095731928397,63
chr06,4072273,5.1975051975052025e-05,0.930297817307808,0.3385938321311154,0.47032095731928397,63
chr06,4072296,3.3513513513513554e-05,0.404875925119681,0.5270017953335109,0.2781879052768104,62
chr06,4073192,9.718749203811477e-21,0.0,1.0,-0.0,67
chr06,4084384,4.1770057899090234e-05,0.6371057513915139,0.4275395927452559,0.3690236607847273,70
chr06,4084496,-4.1770057899090234e-05,0.6371057513915139,0.4275395927452559,0.3690236607847273,70
chr06,4099155,-4.2444821731748756e-05,0.6408490580475028,0.42623306807446937,0.37035285981851956,69
chr06,4121582,-4.1770057899090234e-05,0.6371057513915139,0.4275395927452559,0.3690236607847273,70
chr06,4151354,-4.1770057899090234e-05,0.6371057513915139,0.4275395927452559,0.3690236607847273,70
chr06,4152896,-4.230769230769237e-05,0.6323110121239912,0.4293169160868888,0.36722199896884106,69
chr06,4194402,-6.27413127413128e-05,1.3457114689450052,0.25040665846334864,0.6013541271571212,65
chr06,4194492,-6.27413127413128e-05,1.3457114689450052,0.25040665846334864,0.6013541271571212,65
chr06,4324432,4.2652027027027024e-05,0.6505102016536238,0.4227840496677988,0.3738814056406938,69
chr06,4428520,-5.857385398981331e-05,1.3341991341990826,0.25216248355947857,0.5983195267838706,69
chr06,4429685,7.631578947368429e-05,2.4329797492767895,0.12358948489268899,0.9080184778503082,68
chr06,4437062,4.36936936936937e-05,0.6395385923322484,0.42679087190718656,0.3697848777263221,67
chr06,4446550,-4.177005789909023e-05,0.637105751391514,0.4275395927452559,0.3690236607847273,70
chr06,4481723,7.083333333333339e-05,1.8506450701573969,0.17820098283103802,0.7490899050302361,70
chr06,4481773,7.083333333333339e-05,1.8506450701573969,0.17820098283103802,0.7490899050302361,70
chr06,4481941,-7.083333333333339e-05,1.8506450701573969,0.17820098283103802,0.7490899050302361,70
chr06,4542244,-5.964912280701758e-05,1.3389021479713086,0.25139842008265334,0.5996374559720243,68
chr06,4542263,5.964912280701758e-05,1.3389021479713086,0.25139842008265334,0.5996374559720243,68
chr06,4542314,5.964912280701758e-05,1.3389021479713086,0.25139842008265334,0.5996374559720243,68
chr06,4559849,7.071960297766754e-05,1.8587582029278449,0.17726520291043527,0.7513765078685977,70
chr06,4561509,4.244482173174877e-05,0.6408490580475028,0.42623306807446937,0.37035285981851956,69
chr06,4604516,-2.9642545771578056e-05,0.3276869158878293,0.5689692160399873,0.24491123038107965,68
chr06,4604898,3.001792114695345e-05,0.3268292682926972,0.5695038698431433,0.24450332049477927,67
chr06,4606145,-4.17700578990902e-05,0.6371057513915139,0.4275395927452559,0.3690236607847273,70
chr06,4606356,-4.17700578990902e-05,0.6371057513915139,0.4275395927452559,0.3690236607847273,70
chr06,4635146,4.17700578990902e-05,0.6371057513915139,0.4275395927452559,0.3690236607847273,70
chr06,4651367,-7.179487179487189e-05,1.8537549407114922,0.1779084253125789,0.7498034842931538,69
chr06,4714197,7.745098039215693e-05,1.8814279601680002,0.17511548461699813,0.7566754496539416,64
chr06,4714200,7.745098039215693e-05,1.8814279601680002,0.17511548461699813,0.7566754496539416,64
chr06,4731552,6.27413127413128e-05,1.3457114689450052,0.25040665846334864,0.6013541271571212,65
chr06,4748135,7.083333333333339e-05,1.850645070157397,0.17820098283103802,0.7490899050302361,70
chr06,4753486,-7.29442970822282e-05,1.8496615361810695,0.17845041734671493,0.7484824320111317,68
chr06,4763780,-5.266203703703709e-05,0.8557373126102974,0.35883428292087594,0.4451060712798476,59
chr06,4844205,-7.198275862068973e-05,1.8473717981039013,0.17864694331509862,0.7480044102633461,69
chr06,4853985,8.846153846153856e-05,3.1006036217305355,0.08282637699211956,1.0818313352213351,69
chr06,4853992,-8.846153846153856e-05,3.1006036217305355,0.08282637699211956,1.0818313352213351,69
chr06,4871228,7.07236842105264e-05,1.8700379266751128,0.17597376815323298,0.7545520662504477,70
chr06,4871255,7.07236842105264e-05,1.8700379266751128,0.17597376815323298,0.7545520662504477,70
chr06,4871307,7.07236842105264e-05,1.8700379266751128,0.17597376815323298,0.7545520662504477,70
chr06,4871451,-7.07236842105264e-05,1.8700379266751128,0.17597376815323298,0.7545520662504477,70
chr06,4898207,7.07236842105264e-05,1.8700379266751128,0.17597376815323298,0.7545520662504477,70
chr06,4928508,-6.515151515151521e-05,1.6831415737714384,0.19939273559585904,0.7002906682314972,63
chr06,4948389,-7.17905405405406e-05,1.8763251431251962,0.17532573886870995,0.7561543221943164,69
chr06,5057492,7.07236842105264e-05,1.8700379266751128,0.17597376815323298,0.7545520662504477,70
chr06,5072549,7.173174872665546e-05,1.8634109337859537,0.1767980613105213,0.7525225015783699,69
chr06,5080772,-6.0035842293906847e-05,1.3273392258458372,0.253498947390794,0.5960238396573468,67
chr06,5093398,7.071960297766754e-05,1.8587582029278449,0.17726520291043527,0.7513765078685977,70
chr06,5105558,-7.179487179487187e-05,1.8537549407114922,0.1779084253125789,0.7498034842931538,69
chr06,5120988,5.8573853989813296e-05,1.3341991341990824,0.25216248355947857,0.5983195267838706,69
chr06,5121055,-5.8573853989813296e-05,1.3341991341990824,0.25216248355947857,0.5983195267838706,69
chr06,5129579,7.280701754385971e-05,1.8575864294877626,0.17753572877250726,0.7507142327650885,68
chr06,5133226,7.071960297766754e-05,1.8587582029278449,0.17726520291043527,0.7513765078685977,70
chr06,5133483,6.389452332657204e-05,1.3274611398963467,0.25375286353370907,0.5955890481531282,63
chr06,5154048,7.179487179487189e-05,1.8537549407114922,0.1779084253125789,0.7498034842931538,69
chr06,5154108,7.083333333333339e-05,1.8506450701573973,0.17820098283103802,0.7490899050302361,70
chr06,5297462,-9.947368421052644e-05,3.1927443921352263,0.07893466975477094,1.1027322036847111,63
chr06,5321362,0.00011000000000000009,3.832579185520285,0.0546982774264529,1.2620263503752678,65
chr06,5325281,-0.00010000000000000009,3.7909407665504693,0.055662167560620666,1.2544398856540133,70
chr06,5344170,-0.00010000000000000009,3.7909407665504693,0.055662167560620666,1.2544398856540133,70
chr06,5355504,-9.966914805624487e-05,3.794320299740576,0.055556119658724944,1.2552680953616075,70
chr06,5360214,-8.892763731473419e-05,3.0711678832117197,0.08433644211909888,1.0739847244100216,68
chr06,5360215,-8.892763731473419e-05,3.0711678832117197,0.08433644211909888,1.0739847244100216,68
chr06,5360216,-8.892763731473419e-05,3.0711678832117197,0.08433644211909888,1.0739847244100216,68
chr06,5360281,8.892763731473416e-05,3.0711678832117197,0.08433644211909888,1.0739847244100216,68
chr06,5402415,9.950657894736854e-05,3.8043829649018823,0.05524165491975637,1.2577333193810167,70
chr06,5402467,-9.950657894736854e-05,3.8043829649018823,0.05524165491975637,1.2577333193810167,70
chr06,5402501,-9.966914805624487e-05,3.794320299740576,0.055556119658724944,1.2552680953616075,70
chr06,5402502,-9.966914805624487e-05,3.794320299740576,0.055556119658724944,1.2552680953616075,70
chr06,5402539,-9.950657894736854e-05,3.8043829649018823,0.05524165491975637,1.2577333193810167,70
chr06,5487879,5.808080808080811e-05,1.3227467811159264,0.25418827848618997,0.5948444801633557,69
chr06,5508532,7.500000000000006e-05,1.8676594211601858,0.17652541291602,0.7531927639604215,66
chr06,5512678,7.084357084357094e-05,1.8844883143820366,0.17433543385840644,0.7586143331126983,70
chr06,5512826,-7.084357084357094e-05,1.8844883143820366,0.17433543385840644,0.7586143331126983,70
chr06,5528042,-7.084357084357094e-05,1.8844883143820366,0.17433543385840644,0.7586143331126983,70
chr06,5533107,9.967320261437912e-05,3.84438789075846,0.05401043852587992,1.2675222965459374,70
chr06,5562138,-0.00010126050420168075,3.8599338001246677,0.05360137236053898,1.2708240908859731,69
chr06,5573135,0.00010000000000000009,3.8744186046513764,0.053105750539866714,1.2748584489277475,70
chr06,5578721,-0.00010168067226890763,3.8938984356082247,0.052588717153132646,1.2791074232179347,69
chr06,5582935,-0.00010168067226890763,3.8938984356082242,0.052588717153132646,1.2791074232179347,69
chr06,5751879,-0.00010398981324278444,4.040004500418392,0.04846280510910677,1.3145914517720054,69
chr06,5752063,-0.00010197368421052645,4.00662170447581,0.049313682475892864,1.307032565523094,70
chr06,5752297,-0.00010197368421052645,4.00662170447581,0.049313682475892864,1.307032565523094,70
chr06,5760751,0.0001030405405405406,3.983621750315653,0.050011948054632556,1.3009262285777077,69
chr06,5762936,0.00010505666957279874,4.015152086475654,0.049200849201184164,1.3080274012935027,68
chr06,5767856,0.0001030405405405406,3.983621750315653,0.050011948054632556,1.3009262285777077,69
chr06,5769605,-0.00010197368421052645,4.00662170447581,0.049313682475892864,1.307032565523094,70
chr06,5811829,0.00010505666957279877,4.015152086475655,0.049200849201184164,1.3080274012935027,68
chr06,5828671,-0.00010737327188940101,3.9683309805426314,0.05063358500865302,1.2955613221814792,66
chr06,5828705,0.00010737327188940101,3.9683309805426314,0.05063358500865302,1.2955613221814792,66
chr06,5857497,0.00010737327188940101,3.9683309805426314,0.05063358500865302,1.2955613221814792,66
chr06,5857901,8.786078098471997e-05,3.078579356270812,0.08390177204866771,1.076228866551146,69
chr06,5871042,-0.00010197368421052645,4.00662170447581,0.049313682475892864,1.307032565523094,70
chr06,5871290,-0.00010197368421052645,4.00662170447581,0.049313682475892864,1.307032565523094,70
chr06,5902193,-7.51879699248121e-05,2.196835612764781,0.14320177928697062,0.8440515858709536,66
chr06,5902199,-7.651072124756342e-05,2.1936065770608115,0.14356882062732298,0.84293986719521,65
chr06,5902200,-7.651072124756342e-05,2.1936065770608115,0.14356882062732298,0.84293986719521,65
chr06,5911433,0.00010416666666666671,3.961584633853454,0.05069414072518066,1.2950422339166217,68
chr06,5939551,-0.00010618279569892483,3.9912336799849237,0.049925506864678275,1.3016775172952082,67
chr06,5939792,-0.00010197368421052645,4.00662170447581,0.049313682475892864,1.307032565523094,70
chr06,5939865,-0.00010197368421052645,4.00662170447581,0.049313682475892864,1.307032565523094,70
chr06,5969392,-7.736516357206021e-05,2.087964646381243,0.1531950601772472,0.8147552384393894,68
chr06,6000944,6.267806267806273e-05,1.3656644034918182,0.24689277457181832,0.6074916197055938,66
chr06,6032811,-6.87134502923977e-05,1.6134369022086097,0.2086805911675899,0.6805179416426926,65
chr06,6033136,-7.994579945799469e-05,2.185393044669525,0.14408227427761697,0.8413894449801385,68
chr06,6051126,7.611438183347358e-05,2.1256326094423676,0.1494561977882418,0.8254860705248517,70
chr06,6104291,-6.672932330827073e-05,1.577106766976091,0.21374332432598955,0.6701074403596007,66
chr06,6115861,-6.335282651072131e-05,1.35911052107529,0.24808641748835938,0.6053970123151761,65
chr06,6116327,-6.422413793103458e-05,1.593192872191414,0.2112465907830816,0.6752102912116079,69
chr06,6143482,-7.500000000000005e-05,2.081632653061147,0.15367134807815155,0.813407098873136,70
chr06,6189274,7.402812241521927e-05,2.042090464318401,0.1575770851553944,0.8025069373167999,70
chr06,6189369,7.470288624787782e-05,2.025737131434216,0.1592939081596516,0.7978008325054338,69
chr06,6208987,7.702702702702711e-05,2.029629700819958,0.1590419479113191,0.7984883137694702,67
chr06,6242892,3.44827586206897e-05,0.44665012406947274,0.5064930516429289,0.29542650815924465,62
chr06,6243107,5.000000000000006e-05,0.8958611481975222,0.3476283301939007,0.45888483767353827,63
chr06,6243218,5.000000000000006e-05,0.8958611481975222,0.3476283301939007,0.45888483767353827,63
chr06,6256903,-7.402812241521927e-05,2.042090464318401,0.1575770851553944,0.8025069373167999,70
chr06,6257019,-7.402812241521927e-05,2.042090464318401,0.1575770851553944,0.8025069373167999,70
chr06,6257025,-7.402812241521927e-05,2.042090464318401,0.1575770851553944,0.8025069373167999,70
chr06,6268068,6.012378426171534e-05,1.3497744360902908,0.2495018482696804,0.6029262328447992,68
chr06,6268072,6.012378426171534e-05,1.3497744360902908,0.2495018482696804,0.6029262328447992,68
chr06,6268147,6.012378426171534e-05,1.3497744360902908,0.2495018482696804,0.6029262328447992,68
chr06,6316115,6.012378426171532e-05,1.3497744360902908,0.2495018482696804,0.6029262328447992,68
chr06,6370437,7.402812241521927e-05,2.042090464318401,0.1575770851553944,0.8025069373167999,70
chr06,6370656,5.8974358974359e-05,1.3435047951177652,0.25053125649096175,0.601138083470473,69
chr06,6372557,7.631578947368429e-05,2.0466311054300785,0.15726106974925108,0.8033787744244513,68
chr06,6393630,-4.54159592529712e-05,0.7347263847422544,0.39441111379692173,0.40405085591979156,69
chr06,6399600,-4.577157802964258e-05,0.726359984667307,0.3971477316808487,0.40104791359124603,68
chr06,6416076,1.851851851851853e-05,0.11776061776061614,0.7326559539552129,0.13509991673066757,63
chr06,6416098,1.851851851851853e-05,0.11776061776061614,0.7326559539552129,0.13509991673066757,63
chr06,6419126,-3.174603174603177e-05,0.329787234042559,0.5678621644541253,0.2457570665449073,64
chr06,6423817,-4.6846846846846904e-05,0.7362569694329024,0.3940155343080125,0.40448665550626217,67
chr06,6433959,-3.133903133903137e-05,0.33603818615749603,0.5641601803377929,0.24859757055544618,66
chr06,6441069,-4.507857733664188e-05,0.7431772606015643,0.3916749940887906,0.4070741544565097,70
chr06,6442593,-3.0061892130857692e-05,0.33234597156395884,0.5662419222856576,0.24699798035533704,68
chr06,6471177,4.5833333333333374e-05,0.762770000926988,0.38553687129390113,0.4139340813387155,70
chr06,6479770,-2.9741379310344848e-05,0.3337665150530309,0.5653861847592268,0.24765480772505796,69
chr06,6479849,-4.583333333333337e-05,0.762770000926988,0.38553687129390113,0.4139340813387155,70
chr06,6498361,-6.150978564771675e-05,1.3396764985727045,0.2513925642123043,0.5996475721923181,66
chr06,6507585,-4.7996272134203206e-05,0.7469877397265964,0.3906594402262331,0.40820167656719236,66
chr06,6518343,4.6153846153846206e-05,0.7538547020419141,0.3883579585232687,0.4107677905292112,69
chr06,6602039,1.3157894736842103e-05,0.0630541871921305,0.802489464035981,0.09556066078112438,70
chr06,6602096,-1.3157894736842106e-05,0.0630541871921305,0.802489464035981,0.09556066078112438,70
chr06,6643092,-4.244482173174876e-05,0.6408490580475026,0.42623306807446937,0.37035285981851956,69
chr06,6643222,-4.244482173174876e-05,0.6408490580475026,0.42623306807446937,0.37035285981851956,69
chr06,6643295,4.244482173174876e-05,0.6408490580475026,0.42623306807446937,0.37035285981851956,69
chr06,6663961,4.16666666666667e-05,0.6291635825314232,0.4304212879840553,0.366106257264125,70
chr06,6663966,4.16666666666667e-05,0.6291635825314232,0.4304212879840553,0.366106257264125,70
chr06,6847674,9.902597402597412e-05,3.073441502988865,0.0847751206086182,1.0717315836835228,61
chr06,6847677,9.902597402597412e-05,3.073441502988865,0.0847751206086182,1.0717315836835228,61
chr06,6852923,-7.950191570881235e-05,2.4183378374614155,0.12493175311959945,0.9033271656931833,65
chr06,6897696,6.350806451612907e-05,1.3192584963954594,0.25520931057073515,0.5931034856885926,63
chr06,6898748,6.346153846153851e-05,1.2490123614120634,0.2684296647578401,0.5711694910040405,59
chr06,6898885,-8.608058608058616e-05,2.218178670360263,0.14181182198069284,0.848287563179963,60
chr06,6900051,7.280701754385973e-05,1.8575864294877626,0.17753572877250726,0.7507142327650885,68
chr06,6900203,7.173174872665546e-05,1.863410933785954,0.1767980613105213,0.7525225015783699,69
chr06,6936753,7.625482625482631e-05,1.8515363424454305,0.17845305211780038,0.7484760198204896,65
chr06,6936802,7.625482625482631e-05,1.8515363424454305,0.17845305211780038,0.7484760198204896,65
chr06,6946297,7.071960297766754e-05,1.8587582029278453,0.17726520291043527,0.7513765078685977,70
chr06,6970217,-7.071960297766754e-05,1.8587582029278453,0.17726520291043527,0.7513765078685977,70
chr06,6970270,-7.280701754385971e-05,1.8575864294877626,0.17753572877250726,0.7507142327650885,68
chr06,6981933,-7.280701754385973e-05,1.8575864294877626,0.17753572877250726,0.7507142327650885,68
chr06,7019225,7.196969696969706e-05,1.8925171487440757,0.17350002144264945,0.7607004671991954,69
chr06,7104001,-7.702702702702707e-05,2.4128718489717236,0.12519724289027634,0.9024052351090037,67
chr06,7143010,7.179054054054058e-05,1.8763251431251966,0.17532573886870995,0.7561543221943164,69
chr06,7203370,-7.17905405405406e-05,1.8763251431251968,0.17532573886870995,0.7561543221943164,69
chr06,7236956,-4.248366013071896e-05,0.6675331276094084,0.4167663318422864,0.380107372447746,70
chr06,7250205,-2.9513888888888876e-05,0.32625763303283717,0.5698110552883194,0.2442691289748562,68
chr06,7265188,-4.2178542178542224e-05,0.6562586420202245,0.42070985440617026,0.3760173152611132,70
chr06,7265194,-4.2178542178542224e-05,0.6562586420202245,0.42070985440617026,0.3760173152611132,70
chr06,7308158,4.194078947368426e-05,0.6461285549893397,0.4243013477510773,0.3723255887379181,70
chr06,7310656,3.1527093596059144e-05,0.3275008253548775,0.5692037769828154,0.24473222679338794,64
chr06,7323136,-5.898617511520743e-05,1.250394707344184,0.267656902306838,0.5724215525976784,66
chr06,7323152,-5.898617511520743e-05,1.250394707344184,0.267656902306838,0.5724215525976784,66
chr06,7323203,-5.898617511520743e-05,1.250394707344184,0.267656902306838,0.5724215525976784,66
chr06,7367642,-5.857385398981327e-05,1.3341991341990826,0.25216248355947857,0.5983195267838706,69
chr06,7373014,6.036036036036038e-05,1.3346613545815882,0.2522068840498721,0.598243063424833,67
chr06,7386614,-4.244482173174877e-05,0.6408490580475027,0.42623306807446937,0.37035285981851956,69
chr06,7388261,-4.194078947368426e-05,0.6461285549893397,0.4243013477510773,0.3723255887379181,70
chr06,7402533,-4.194078947368426e-05,0.6461285549893397,0.4243013477510773,0.3723255887379181,70
chr06,7402705,-4.194078947368426e-05,0.6461285549893397,0.4243013477510773,0.3723255887379181,70
chr06,7402707,-4.194078947368426e-05,0.6461285549893397,0.4243013477510773,0.3723255887379181,70
chr06,7402744,-4.194078947368426e-05,0.6461285549893397,0.4243013477510773,0.3723255887379181,70
chr06,7421876,4.244482173174877e-05,0.6408490580475028,0.42623306807446937,0.37035285981851956,69
chr06,7421917,4.244482173174877e-05,0.6408490580475028,0.42623306807446937,0.37035285981851956,69
chr06,7423042,-4.265202702702705e-05,0.6505102016536239,0.4227840496677988,0.3738814056406938,69
chr06,7423223,-4.3906810035842353e-05,0.649380640704973,0.42327254161522276,0.3733799040083435,67
chr06,7423842,4.194078947368426e-05,0.6461285549893397,0.4243013477510773,0.3723255887379181,70
chr06,7427724,4.194078947368426e-05,0.6461285549893397,0.4243013477510773,0.3723255887379181,70
chr06,7437138,-4.298245614035094e-05,0.6357611111557093,0.42810923266332623,0.36844540600942166,68
chr06,7469364,-3.1818181818181854e-05,0.3252094440213884,0.5705882674280969,0.24367716265374445,63
chr06,7470960,4.369369369369371e-05,0.6395385923322482,0.42679087190718656,0.3697848777263221,67
chr06,7471007,4.369369369369371e-05,0.6395385923322482,0.42679087190718656,0.3697848777263221,67
chr06,7480457,-4.2444821731748776e-05,0.6408490580475025,0.42623306807446937,0.37035285981851956,69
chr06,7480520,-4.2444821731748776e-05,0.6408490580475025,0.42623306807446937,0.37035285981851956,69
chr06,7488664,-4.3557168784029074e-05,0.6308845274052807,0.4299214755322712,0.36661086036749496,67
chr06,7571146,4.2929292929292966e-05,0.6613272311212675,0.41897229690844595,0.3778146923023176,69
chr06,7571155,-4.2929292929292966e-05,0.6613272311212675,0.41897229690844595,0.3778146923023176,69
chr06,7571156,-4.2929292929292966e-05,0.6613272311212675,0.41897229690844595,0.3778146923023176,69
chr06,7571227,4.2929292929292966e-05,0.6613272311212675,0.41897229690844595,0.3778146923023176,69
chr06,7571265,4.2929292929292966e-05,0.6613272311212675,0.41897229690844595,0.3778146923023176,69
chr06,7583961,4.3156059285091544e-05,0.6449312063809074,0.42481343876775257,0.37180175301330587,68
chr06,7593266,4.3402777777777807e-05,0.6552715604200032,0.42114306806462576,0.37557034331877587,68
chr06,7593278,4.3402777777777807e-05,0.6552715604200032,0.42114306806462576,0.37557034331877587,68
chr06,7617950,-4.2929292929292966e-05,0.6613272311212673,0.41897229690844595,0.3778146923023176,69
chr06,7627673,4.4563279857397524e-05,0.6727803423934737,0.41508174806813536,0.38186636295385024,67
chr06,7643016,4.2178542178542224e-05,0.6562586420202245,0.42070985440617026,0.3760173152611132,70
chr06,7727725,-1.4285714285714299e-05,0.07488986784143459,0.7851753351822295,0.10503335140837709,70
chr06,7729584,-2.941176470588239e-05,0.33649017075619664,0.5638079807514024,0.24886878094443662,69
chr06,7729672,-2.941176470588239e-05,0.33649017075619664,0.5638079807514024,0.24886878094443662,69
chr06,7769800,-2.9437229437229465e-05,0.325406032482607,0.5703138093368324,0.2438861124650852,68
chr06,7775328,-1.4285714285714299e-05,0.07488986784143459,0.7851753351822295,0.10503335140837709,70
chr06,7893375,-1.4285714285714299e-05,0.07488986784143459,0.7851753351822295,0.10503335140837709,70
chr06,7906851,-3.128054740957969e-05,0.324926301998063,0.5707219303448111,0.2435754390950787,64
chr06,7906861,-3.128054740957969e-05,0.324926301998063,0.5707219303448111,0.2435754390950787,64
chr06,7906949,-3.1754032258064514e-05,0.32455029136048924,0.5709779777652719,0.24338064187579875,63
chr06,7931359,-1.470588235294119e-05,0.07930029154518728,0.7791030841146338,0.10840507647337351,70
chr06,7943788,-1.5151515151515158e-05,0.08167411621293746,0.7759231117245666,0.11018131199973372,69
chr06,7960932,1.562500000000001e-05,0.07707136237258433,0.7822151550928429,0.1066737740276692,65
chr06,7961080,1.5151515151515165e-05,0.07476635514020141,0.7853998118129064,0.10490920712547593,66
chr06,7982619,-1.4285714285714299e-05,0.07488986784143459,0.7851753351822295,0.10503335140837709,70
chr06,7982689,-1.4285714285714299e-05,0.07488986784143459,0.7851753351822295,0.10503335140837709,70
chr06,7982791,1.4285714285714299e-05,0.07488986784143459,0.7851753351822295,0.10503335140837709,70
chr06,8019311,-2.9437229437229465e-05,0.325406032482607,0.5703138093368324,0.2438861124650852,68
chr06,8019384,4.2929292929292966e-05,0.6613272311212673,0.41897229690844595,0.3778146923023176,69
chr06,8024417,-4.315605928509156e-05,0.6449312063809074,0.42481343876775257,0.37180175301330587,68
chr06,8024465,-3.0017921146953444e-05,0.3268292682926972,0.5695038698431433,0.24450332049477927,67
chr06,8024594,-3.0017921146953444e-05,0.3268292682926972,0.5695038698431433,0.24450332049477927,67
chr06,8041946,-9.792793815998086e-21,0.0,1.0,-0.0,61
chr06,8059369,1.5151515151515165e-05,0.0701664719625983,0.7919732246846038,0.10128950094623079,64
chr06,8078047,3.030303030303033e-05,0.3164835164835055,0.575725085663171,0.23978484692538363,65
chr06,8078125,3.030303030303033e-05,0.3164835164835055,0.575725085663171,0.23978484692538363,65
chr06,8088606,-1.3888888888888901e-05,0.06861558514105594,0.794166910030295,0.10008821232455797,69
chr06,8088712,-1.3888888888888901e-05,0.06861558514105594,0.794166910030295,0.10008821232455797,69
chr06,8088727,-1.3888888888888901e-05,0.06861558514105594,0.794166910030295,0.10008821232455797,69
chr06,8088728,-1.3888888888888901e-05,0.06861558514105594,0.794166910030295,0.10008821232455797,69
chr06,8091534,3.128054740957969e-05,0.32492630199806305,0.5707219303448111,0.2435754390950787,64
chr06,8102093,-1.5624999999999983e-05,0.07944505293904651,0.7789602926124596,0.10848467986121622,66
chr06,8102311,-1.51515151515153e-06,0.0007374363810008804,0.978424132025906,0.009472844323731555,63
chr06,8102328,-1.51515151515153e-06,0.0007374363810008804,0.978424132025906,0.009472844323731555,63
chr06,8126372,-1.5151515151515182e-05,0.07937053326004842,0.7790337428019035,0.10844373103693475,68
chr06,8126545,-1.5151515151515146e-05,0.08167411621293745,0.7759231117245666,0.11018131199973372,69
chr06,8151998,1.5151515151515151e-05,0.0701664719625983,0.7919732246846038,0.10128950094623079,64
chr06,8162048,-1.5625000000000017e-05,0.08181981657973371,0.7757558935561072,0.11027491631850053,67
chr06,8163310,3.1818181818181834e-05,0.32520944402138846,0.5705882674280969,0.24367716265374445,63
chr06,8163435,3.1818181818181834e-05,0.32520944402138846,0.5705882674280969,0.24367716265374445,63
chr06,8168947,-4.545454545454549e-05,0.6792452830187923,0.4129076950477293,0.38414702343281487,66
chr06,8195213,-4.419191919191925e-05,0.7012140422223628,0.40535319319111507,0.3921664014555891,69
chr06,8195798,4.553571428571432e-05,0.701517433682264,0.40534345413583994,0.39217683598243486,67
chr06,8198551,4.419191919191925e-05,0.7012140422223628,0.40535319319111507,0.3921664014555891,69
chr06,8211886,3.1250000000000035e-05,0.35742340926944227,0.5520180523501844,0.25804671953914377,67
chr06,8223381,-4.3816543816543875e-05,0.708761516332209,0.40280639117943895,0.3949036472744699,70
chr06,8226093,-5.902777777777784e-05,1.324675324675394,0.2539074505729519,0.5953245551513061,68
chr06,8262041,-6.082949308755765e-05,1.3245531514581836,0.2540583544549987,0.5950665191790027,66
chr06,8262938,6.21212121212122e-05,1.5263847333243572,0.22139295010223825,0.6548362126372568,63
chr06,8294493,4.330065359477128e-05,0.693718789155323,0.4078182228328253,0.38953337223388934,70
chr06,8347782,4.458874458874465e-05,0.6937724422743669,0.4078882519882515,0.38945880306768205,68
chr06,8347952,4.419191919191926e-05,0.701214042222363,0.40535319319111507,0.3921664014555891,69
chr06,8347991,4.419191919191926e-05,0.701214042222363,0.40535319319111507,0.3921664014555891,69
chr06,8490343,1.4705882352941155e-05,0.0725962026601665,0.7884470398675569,0.10322747299548488,67
chr06,8519591,1.4705882352941155e-05,0.0725962026601665,0.7884470398675569,0.10322747299548488,67
chr06,8519614,1.4705882352941155e-05,0.0725962026601665,0.7884470398675569,0.10322747299548488,67
chr06,8522087,3.077651515151518e-05,0.324819544697458,0.5707524534569122,0.24355221295992005,65
chr06,8522569,1.470588235294119e-05,0.07706464228203143,0.782170249976375,0.10669870655929907,69
chr06,8536920,1.4285714285714323e-05,0.0662127886797711,0.7977584678310339,0.09812857727826393,66
chr06,8561101,1.3513513513513522e-05,0.06678571428574023,0.7968561991657952,0.09862004440500619,70
chr06,8573606,1.3157894736842116e-05,0.0630541871921305,0.802489464035981,0.09556066078112438,70
chr06,8573665,1.3157894736842116e-05,0.0630541871921305,0.802489464035981,0.09556066078112438,70
chr06,8592884,1.4705882352941196e-05,0.06367202965842243,0.8016318601512438,0.09602503048267949,63
chr06,8592900,1.4705882352941196e-05,0.06367202965842243,0.8016318601512438,0.09602503048267949,63
chr06,8622844,-3.997058700407504e-22,0.0,1.0,-0.0,66
chr06,8713816,-1.35135135135135e-05,0.06473429951690014,0.7999431467925541,0.09694087789763972,69
chr06,8720827,1.351351351351351e-05,0.06473429951690013,0.7999431467925541,0.09694087789763972,69
chr06,8720942,1.351351351351351e-05,0.06473429951690013,0.7999431467925541,0.09694087789763972,69
chr06,8722675,-1.351351351351353e-05,0.06063432835820139,0.8062721061705144,0.09351836481403282,67
chr06,8892682,1.6163793103448284e-06,0.0007859971135681184,0.9777283424134594,0.009781795293498183,61
chr06,8895888,1.3513513513513522e-05,0.06678571428574023,0.7968561991657952,0.09862004440500619,70
chr06,8942651,-1.3513513513513522e-05,0.06678571428574023,0.7968561991657952,0.09862004440500619,70
chr06,8942660,-1.3513513513513522e-05,0.06678571428574023,0.7968561991657952,0.09862004440500619,70
chr06,8942661,-1.3513513513513522e-05,0.06678571428574023,0.7968561991657952,0.09862004440500619,70
chr06,8966763,1.3513513513513522e-05,0.06678571428574023,0.7968561991657952,0.09862004440500619,70
chr06,8974448,-1.3888888888888908e-05,0.06861558514105595,0.794166910030295,0.10008821232455797,69
chr06,9080379,1.3888888888888891e-05,0.06650711676534306,0.7972944443090464,0.09838126213808734,68
chr06,9080387,1.3888888888888891e-05,0.06650711676534306,0.7972944443090464,0.09838126213808734,68
chr06,9171640,-2.9711375212224464e-06,0.00338236369836376,0.9537958106482305,0.0205445894470793,69
chr06,9171706,1.3157894736842135e-05,0.0698264917477918,0.7924129825384675,0.10104841778943446,68
chr06,9236351,1.235558031322511e-20,0.0,1.0,-0.0,66
chr06,9236376,-1.9230769230769235e-05,0.13263157894739785,0.7169384653084387,0.1445181181450637,65
chr06,9321984,-4.54159592529712e-05,0.7347263847422543,0.39441111379692173,0.40405085591979156,69
chr06,9321986,-4.54159592529712e-05,0.7347263847422543,0.39441111379692173,0.40405085591979156,69
chr06,9322072,-4.54159592529712e-05,0.7347263847422543,0.39441111379692173,0.40405085591979156,69
chr06,9322145,4.507857733664188e-05,0.7431772606015642,0.3916749940887906,0.4070741544565097,70
chr06,9322154,4.507857733664188e-05,0.7431772606015642,0.3916749940887906,0.4070741544565097,70
chr06,9322187,4.507857733664188e-05,0.7431772606015642,0.3916749940887906,0.4070741544565097,70
chr06,9326797,4.54159592529712e-05,0.7347263847422543,0.39441111379692173,0.40405085591979156,69
chr06,9340983,4.476351351351358e-05,0.7172179095831775,0.40007293316602455,0.39786082971140313,69
chr06,9362776,1.6666666666666674e-05,0.09481324663543353,0.7591147005506755,0.11969259821168511,68
chr06,9363737,1.6666666666666664e-05,0.09735106739691177,0.7560008474644699,0.12147771766157572,69
chr06,9382775,-5.005005005005009e-06,0.009759721942376356,0.9216226899370372,0.03544684165399353,64
chr06,9406153,1.612903225806454e-05,0.09178743961352527,0.7628556601698584,0.11755762708021775,69
chr06,9447345,1.5624999999999994e-05,0.08419560595324334,0.7725999017457906,0.11204535142193063,68
chr06,9488361,-1.8433179723502333e-06,0.0011977112486575253,0.972500063456967,0.01211036166394131,66
chr06,9499999,-1.6666666666666678e-05,0.09481324663543354,0.7591147005506755,0.11969259821168511,68
chr06,9500290,-9.775171065493654e-07,0.00031731084179618,0.9858450588553909,0.006191335942862887,64
chr06,9523894,-1.666666666666667e-05,0.09227640716722811,0.7622731543105468,0.11788937491721975,67
chr06,9570417,-3.071364046973805e-05,0.3395883777239681,0.5620526782864486,0.2502229783509136,68
chr06,9577592,-4.821428571428577e-05,0.787708125276308,0.37801698127997263,0.4224886903465361,68
chr06,9597706,-5.35714285714286e-05,1.1091517178473083,0.2962264259545644,0.5283762012694925,66
chr06,9623958,-4.6982758620689676e-05,0.7747379751799742,0.38190162090742275,0.4180484983440022,69
chr06,9623983,-4.6982758620689676e-05,0.7747379751799742,0.38190162090742275,0.4180484983440022,69
chr06,9650318,-4.821428571428576e-05,0.7877081252763077,0.37801698127997263,0.4224886903465361,68
chr06,9655882,-4.6491228070175476e-05,0.7450149891901353,0.39118489934406864,0.40761791834793853,68
chr06,9660182,-4.6982758620689676e-05,0.7747379751799742,0.38190162090742275,0.4180484983440022,69
chr06,9690643,1.7857142857142862e-05,0.11239669421486978,0.7384639422849163,0.13167070556394742,70
chr06,9690758,1.785714285714287e-05,0.10967381323111942,0.7415493682386629,0.12985993075842195,69
chr06,9702594,0.0,0.0,1.0,-0.0,64
chr06,9712679,3.101503759398499e-05,0.3325460557392705,0.5661865093614331,0.24704048286863234,66
chr06,9729582,1.3513513513513534e-05,0.06200641176013043,0.8041889045524426,0.0946419231814914,63
chr06,9742579,-1.724137931034483e-05,0.10329941412272443,0.748906083407064,0.12557264160018727,69
chr06,9742681,-1.724137931034485e-05,0.10592705167173105,0.7458289998562833,0.1273607340979311,70
chr06,9853835,-1.7241379310344835e-05,0.09804699904731526,0.7551885491266817,0.1219446038381627,67
chr06,9916197,-1.3888888888888898e-05,0.06618444846293682,0.797841292753094,0.09808349027394661,63
chr06,9917359,-1.7241379310344845e-05,0.10067271589490773,0.7520254149244502,0.12376748204807085,68
chr06,9933452,1.724137931034484e-05,0.10329941412272443,0.748906083407064,0.12557264160018727,69
chr06,10006675,-2.0000000000000005e-05,0.11965811965815121,0.7305581028472596,0.1363452379877621,65
chr06,10011297,8.957795727088202e-21,0.0,1.0,-0.0,66
chr06,10017471,-1.7857142857142855e-05,0.10151097754402977,0.7510613344045888,0.12432459547813655,66
chr06,10040185,-3.0399274047186953e-05,0.3310025081705809,0.5670557407246355,0.24637424851575657,67
chr07,143327,-7.323232323232328e-05,1.9614648240330868,0.16597103048420483,0.7799677095430463,69
chr07,170600,7.323232323232328e-05,1.9614648240330868,0.16597103048420483,0.7799677095430463,69
chr07,170628,7.46527777777778e-05,1.97699548009784,0.16439794939353447,0.7841036039044035,68
chr07,198684,7.99373040752352e-05,2.2354323039019475,0.14012023837787396,0.8534991325154414,62
chr07,214600,7.46527777777778e-05,1.97699548009784,0.16439794939353447,0.7841036039044035,68
chr07,222068,7.323232323232328e-05,1.9614648240330868,0.16597103048420483,0.7799677095430463,69
chr07,340011,8.854166666666675e-05,3.0572207084469065,0.08502881952010892,1.0704338503185047,68
chr07,340364,6.267281105990789e-05,1.415142429502629,0.23859916589523691,0.6223310788875089,66
chr07,367055,-7.390202702702711e-05,1.9916495104534016,0.1627954375064043,0.7883577707831707,69
chr07,367147,7.390202702702711e-05,1.9916495104534016,0.1627954375064043,0.7883577707831707,69
chr07,368420,7.465277777777781e-05,1.97699548009784,0.16439794939353447,0.7841036039044035,68
chr07,388016,-0.0001213235294117648,5.631999999999925,0.020649604901246187,1.6850882534918479,66
chr07,462941,-0.00010000000000000009,3.8744186046513764,0.053105750539866714,1.2748584489277475,70
chr07,492900,0.00010912698412698422,3.8021002270516853,0.05571400615340538,1.2540356121784397,64
chr07,502293,0.00010092905405405413,3.81283555651185,0.05504075399961201,1.2593156253607005,69
chr07,532409,0.00010394265232974922,3.814824184163873,0.0551083393930156,1.2587826755888616,67
chr07,558786,0.00010555555555555566,3.8084562762711482,0.055373732030045045,1.2566962053044834,66
chr07,558931,0.00010394265232974922,3.814824184163873,0.0551083393930156,1.2587826755888616,67
chr07,668153,0.00010168067226890762,3.8938984356082242,0.052588717153132646,1.2791074232179347,69
chr07,686364,0.00010168067226890766,3.8938984356082247,0.052588717153132646,1.2791074232179347,69
chr07,695702,-0.00010427807486631026,3.8628194107994154,0.05364281294447666,1.2704884565058796,67
chr07,695773,-0.00010427807486631026,3.8628194107994154,0.05364281294447666,1.2704884565058796,67
chr07,695800,-0.00010427807486631026,3.8628194107994154,0.05364281294447666,1.2704884565058796,67
chr07,717261,0.00010168067226890762,3.8938984356082242,0.052588717153132646,1.2791074232179347,69
chr07,799553,-9.090909090909098e-05,3.047619047619174,0.08565454337869838,1.0672495957811836,66
chr07,821883,9.090909090909098e-05,3.047619047619174,0.08565454337869838,1.0672495957811836,66
chr07,822017,-0.0001004901960784314,3.9113088109496466,0.05201682547486398,1.283856155808311,70
chr07,881520,-0.00011189516129032265,4.777676068424919,0.03267943686430483,1.4857254358860164,63
chr07,881579,-0.00011189516129032265,4.777676068424919,0.03267943686430483,1.4857254358860164,63
chr07,905535,-7.291666666666674e-05,1.8835177635411795,0.17458105562299336,0.7580028848273244,68
chr07,906244,7.196969696969706e-05,1.8925171487440757,0.17350002144264945,0.7607004671991954,69
chr07,917284,-4.503676470588242e-05,0.6660684949913326,0.4174529799797029,0.3793924343967847,66
chr07,930182,4.470046082949315e-05,0.6542290827390841,0.4216014339289147,0.37509792069314724,66
chr07,941232,-4.5535714285714334e-05,0.7015174336822639,0.40534345413583994,0.39217683598243486,67
chr07,950794,-8.97321428571429e-05,3.0532834774478967,0.08529696919484747,1.0690664000791141,67
chr07,986731,6.060606060606066e-05,1.3264248704662758,0.25372651446479383,0.5956341465580667,66
chr07,986813,-7.402597402597413e-05,1.9481720612461804,0.16746194223598274,0.7760838761190167,68
chr07,986821,-7.486631016042788e-05,1.935361361133293,0.16891672895391735,0.7723273372105356,67
chr07,986861,-7.402597402597413e-05,1.9481720612461804,0.16746194223598274,0.7760838761190167,68
chr07,1020140,-7.53676470588236e-05,1.90094531319018,0.172772670003926,0.7625249551742793,66
chr07,1020270,-7.442067736185391e-05,1.911714303491317,0.1715050077033851,0.7657231946521376,67
chr07,1030608,-7.352941176470594e-05,1.9230769230770517,0.1701840500900797,0.7690811450884324,68
chr07,1043069,0.00010259740259740267,3.8468085371320457,0.054061667576096664,1.2671105622642402,68
chr07,1043111,0.00010259740259740267,3.8468085371320457,0.054061667576096664,1.2671105622642402,68
chr07,1060659,0.00010000000000000009,3.8744186046513764,0.053105750539866714,1.2748584489277475,70
chr07,1060714,0.00010259740259740266,3.8468085371320457,0.054061667576096664,1.2671105622642402,68
chr07,1061244,0.00010294117647058832,3.8776978417267736,0.0531321554361362,1.2746425655125795,68
chr07,1065381,-0.00011774891774891789,5.622298778577954,0.020660896353336972,1.6848508409546528,68
chr07,1104199,-7.072368421052642e-05,1.8700379266751128,0.17597376815323298,0.7545520662504477,70
chr07,1104292,-7.072368421052642e-05,1.8700379266751128,0.17597376815323298,0.7545520662504477,70
chr07,1104367,-7.500000000000009e-05,1.8676594211601856,0.17652541291602,0.7531927639604215,66
chr07,1104632,-7.072368421052642e-05,1.8700379266751128,0.17597376815323298,0.7545520662504477,70
chr07,1104793,-7.173174872665546e-05,1.863410933785954,0.1767980613105213,0.7525225015783699,69
chr07,1104811,-7.173174872665546e-05,1.863410933785954,0.1767980613105213,0.7525225015783699,69
chr07,1125187,-7.395644283121605e-05,1.8526482801975237,0.1781759801721428,0.7491508434069337,67
chr07,1143670,7.07236842105264e-05,1.8700379266751128,0.17597376815323298,0.7545520662504477,70
chr07,1179111,7.279860505666959e-05,1.8688715337005095,0.17624271055136911,0.7538888365083886,68
chr07,1203351,7.279860505666959e-05,1.8688715337005097,0.17624271055136911,0.7538888365083886,68
chr07,1217921,-7.179054054054058e-05,1.8763251431251962,0.17532573886870995,0.7561543221943164,69
chr07,1241921,7.316017316017321e-05,1.9015619830041872,0.17255911747369906,0.7630620890302374,68
chr07,1307398,7.173174872665544e-05,1.8634109337859541,0.1767980613105213,0.7525225015783699,69
chr07,1310778,-7.173174872665544e-05,1.8634109337859541,0.1767980613105213,0.7525225015783699,69
chr07,1310807,-7.173174872665544e-05,1.8634109337859541,0.1767980613105213,0.7525225015783699,69
chr07,1323225,7.28070175438597e-05,1.8575864294877626,0.17753572877250726,0.7507142327650885,68
chr07,1324702,-7.395644283121601e-05,1.8526482801975237,0.1781759801721428,0.7491508434069337,67
chr07,1353584,-4.876847290640398e-05,0.8634702391779587,0.35637321620696705,0.4480949434977341,64
chr07,1370616,7.651072124756342e-05,1.8458293464242679,0.17911408646516666,0.7468702576265563,65
chr07,1403446,9.401709401709408e-05,3.1569506726457672,0.08035658913718147,1.0949785058503518,66
chr07,1415603,-7.198275862068971e-05,1.8473717981039022,0.17864694331509862,0.7480044102633461,69
chr07,1453302,9.615384615384624e-05,3.181818181818199,0.07927806102579961,1.1008469803201262,65
chr07,1461689,-7.280701754385971e-05,1.8575864294877626,0.17753572877250726,0.7507142327650885,68
chr07,1465827,-7.08333333333334e-05,1.8506450701573964,0.17820098283103802,0.7490899050302361,70
chr07,1491758,7.083333333333339e-05,1.8506450701573964,0.17820098283103802,0.7490899050302361,70
chr07,1491982,7.198275862068973e-05,1.847371798103901,0.17864694331509862,0.7480044102633461,69
chr07,1523543,-7.229965156794435e-05,1.8443117840031775,0.17900226109394887,0.7471414831294755,69
chr07,1531164,7.198275862068972e-05,1.847371798103902,0.17864694331509862,0.7480044102633461,69
chr07,1531230,-7.453703703703713e-05,1.8440447903475476,0.17917292787976877,0.7467276094094808,67
chr07,1535602,7.321428571428576e-05,1.845132964127216,0.17897559518669287,0.7472061846532958,68
chr07,1570498,7.453703703703711e-05,1.8440447903475476,0.17917292787976877,0.7467276094094808,67
chr07,1570521,7.453703703703711e-05,1.8440447903475476,0.17917292787976877,0.7467276094094808,67
chr07,1612151,7.625482625482631e-05,1.8515363424454307,0.17845305211780038,0.7484760198204896,65
chr07,1612398,7.625482625482631e-05,1.8515363424454307,0.17845305211780038,0.7484760198204896,65
chr07,1612407,7.625482625482631e-05,1.8515363424454307,0.17845305211780038,0.7484760198204896,65
chr07,1612461,7.625482625482631e-05,1.8515363424454307,0.17845305211780038,0.7484760198204896,65
chr07,1657763,7.294429708222823e-05,1.8496615361810695,0.17845041734671493,0.7484824320111317,68
chr07,1684284,-7.757757757757764e-05,1.8477468045409915,0.17896950772037265,0.7472209564884762,64
chr07,1720239,-9.768907563025216e-05,3.7357732648960678,0.05798278233646882,1.2367009486156715,62
chr07,1720266,-9.768907563025216e-05,3.7357732648960678,0.05798278233646882,1.2367009486156715,62
chr07,1721905,-7.198275862068972e-05,1.8473717981039015,0.17864694331509862,0.7480044102633461,69
chr07,1722056,-7.08333333333334e-05,1.850645070157397,0.17820098283103802,0.7490899050302361,70
chr07,1725577,-7.651072124756343e-05,1.8458293464242679,0.17911408646516666,0.7468702576265563,65
chr07,1773284,7.120582120582127e-05,1.962332224399071,0.1663308576355506,0.7790271731637322,63
chr07,1784106,7.87037037037038e-05,1.8504251075890552,0.17873981251791365,0.7477787019371651,63
chr07,1793569,5.570291777188336e-05,1.1610201042442578,0.28517671095771935,0.5448859441621561,68
chr07,1797159,-6.406406406406413e-05,1.3528810092055092,0.24923224125365273,0.6033957770496508,64
chr07,1797185,-6.406406406406413e-05,1.3528810092055092,0.24923224125365273,0.6033957770496508,64
chr07,1797391,-7.173174872665544e-05,1.8634109337859537,0.1767980613105213,0.7525225015783699,69
chr07,1797535,-7.28070175438597e-05,1.8575864294877629,0.17753572877250726,0.7507142327650885,68
chr07,1797536,-7.28070175438597e-05,1.8575864294877629,0.17753572877250726,0.7507142327650885,68
chr07,1832844,7.614942528735639e-05,1.8609495767391517,0.17736900094314656,0.7511222801960474,65
chr07,1832847,7.614942528735639e-05,1.8609495767391517,0.17736900094314656,0.7511222801960474,65
chr07,1867374,7.17905405405406e-05,1.8763251431251966,0.17532573886870995,0.7561543221943164,69
chr07,1881286,-7.39247311827958e-05,1.8752086214295232,0.1755926139195472,0.7554937560919164,67
chr07,1884772,-7.279860505666962e-05,1.8688715337005097,0.17624271055136911,0.7538888365083886,68
chr07,1885088,4.16666666666667e-05,0.6765327695559877,0.4138372842705462,0.38317038456559377,66
chr07,1900656,-5.84821428571429e-05,1.2692484061359062,0.264049862034903,0.5783140550927217,67
chr07,1937930,7.410714285714292e-05,1.8916949360190374,0.17373260922477085,0.7601186577923637,67
chr07,1962587,-7.196969696969707e-05,1.8925171487440764,0.17350002144264945,0.7607004671991954,69
chr07,1962613,-7.196969696969707e-05,1.8925171487440764,0.17350002144264945,0.7607004671991954,69
chr07,1962854,7.511520737327198e-05,1.88249881542297,0.1748406657660423,0.7573575484534448,66
chr07,1997277,-7.107843137254906e-05,1.9021453517380038,0.17235777560789783,0.7635691194075804,70
chr07,1997284,-7.107843137254906e-05,1.9021453517380038,0.17235777560789783,0.7635691194075804,70
chr07,1997317,7.107843137254905e-05,1.9021453517380038,0.17235777560789783,0.7635691194075804,70
chr07,2042479,-5.9269162210338726e-05,1.3067060191315183,0.25718475957919973,0.5897547706885738,67
chr07,2122445,-8.831168831168844e-05,3.0489130434783394,0.08544422170463913,1.0683173017746297,68
chr07,2125034,-5.926916221033873e-05,1.3067060191315185,0.25718475957919973,0.5897547706885738,67
chr07,2126292,7.142857142857149e-05,1.9230769230768165,0.17004730974227203,0.76943023449473,70
chr07,2139218,7.316017316017322e-05,1.9015619830041877,0.17255911747369906,0.7630620890302374,68
chr07,2211647,-4.5138888888888914e-05,0.7093163751986433,0.40271243551786184,0.3950049594330419,68
chr07,2223860,-4.513888888888895e-05,0.7093163751986431,0.40271243551786184,0.3950049594330419,68
chr07,2230404,-4.458874458874461e-05,0.6937724422743669,0.4078882519882515,0.38945880306768205,68
chr07,2230434,-4.458874458874461e-05,0.6937724422743669,0.4078882519882515,0.38945880306768205,68
chr07,2230480,-4.419191919191922e-05,0.7012140422223628,0.40535319319111507,0.3921664014555891,69
chr07,2230509,-4.5008912655971555e-05,0.6864460385179382,0.41040783198464703,0.38678435999356153,67
chr07,2299406,2.9515485639351594e-21,0.0,1.0,-0.0,67
chr07,2299677,1.666666666666666e-05,0.09481324663543354,0.7591147005506755,0.11969259821168511,68
chr07,2316108,-1.666666666666666e-05,0.09481324663543354,0.7591147005506755,0.11969259821168511,68
chr07,2316352,-1.6666666666666674e-05,0.09735106739691174,0.7560008474644699,0.12147771766157572,69
chr07,2339103,1.666666666666668e-05,0.09735106739691175,0.7560008474644699,0.12147771766157572,69
chr07,2353586,3.018018018018022e-05,0.32860484418623886,0.5684597415506272,0.24530028672208498,67
chr07,2353609,-3.018018018018022e-05,0.32860484418623886,0.5684597415506272,0.24530028672208498,67
chr07,2385780,3.1130268199233745e-05,0.3285725748214854,0.5685413039005875,0.24523797881353676,65
chr07,2451443,-1.6129032258064554e-05,0.08933274802462017,0.7659662383685103,0.11579037242143247,68
chr07,2511916,-1.562500000000001e-05,0.08419560595324335,0.7725999017457906,0.11204535142193063,68
chr07,2523385,1.562500000000003e-05,0.08657237646239047,0.7694904001068018,0.11379679390482132,69
chr07,2532746,-2.991071428571431e-05,0.32565617288560356,0.5701957808369433,0.24397600057621335,67
chr07,2552211,-2.9910714285714326e-05,0.32565617288567916,0.5701957808369045,0.24397600057624294,67
chr07,2598416,1.612903225806453e-05,0.09178743961352527,0.7628556601698584,0.11755762708021775,69
chr07,2683907,-1.3888888888888883e-05,0.07115871470302639,0.7905283273483421,0.10208256318825482,65
chr07,2695652,-1.2820512820512827e-05,0.05174272367947538,0.820783189258188,0.08577154707530273,66
chr07,2734498,1.2500000000000009e-05,0.05615194054502283,0.813397139575277,0.08969735918598912,70
chr07,2744892,-2.702702702702704e-05,0.2556473829201439,0.6148633792228813,0.21122137242134145,66
chr07,2745188,-2.702702702702704e-05,0.2556473829201439,0.6148633792228813,0.21122137242134145,66
chr07,2748501,6.847592668329524e-21,0.0,1.0,-0.0,68
chr07,2785695,1.2820512820512849e-05,0.057570029214633674,0.8111112409658021,0.09091957979057566,69
chr07,2785770,1.2820512820512852e-05,0.055626598465495516,0.8142771625958192,0.08922774535907112,68
chr07,2785772,1.2820512820512852e-05,0.055626598465495516,0.8142771625958192,0.08922774535907112,68
chr07,2838971,0.0,0.0,1.0,-0.0,65
chr07,2885599,-1.3157894736842121e-05,0.055074067244463336,0.8152073617547216,0.08873190707447519,66
chr07,2909044,1.3157894736842125e-05,0.059062164419531805,0.8087381385752584,0.09219207589244127,68
chr07,2909045,1.3157894736842125e-05,0.059062164419531805,0.8087381385752584,0.09219207589244127,68
chr07,3007680,-1.250000000000001e-05,0.05615194054502283,0.813397139575277,0.08969735918598912,70
chr07,3015470,1.2820512820512849e-05,0.057570029214633674,0.8111112409658021,0.09091957979057566,69
chr07,3018193,-1.250000000000001e-05,0.05615194054502283,0.813397139575277,0.08969735918598912,70
chr07,3033162,4.298245614035094e-05,0.6357611111557094,0.42810923266332623,0.36844540600942166,68
chr07,3047162,-4.349816849816853e-05,0.6233960138785661,0.43265889896800425,0.3638543592482595,67
chr07,3052584,-4.4268406337371896e-05,0.6343516346416214,0.4287082062169866,0.36783820326183153,66
chr07,3052928,-4.2307692307692375e-05,0.6323110121239912,0.4293169160868888,0.36722199896884106,69
chr07,3052938,-4.2307692307692375e-05,0.6323110121239912,0.4293169160868888,0.36722199896884106,69
chr07,3063735,4.2241379310344884e-05,0.6248742420534745,0.43203087769075277,0.3644852126029518,69
chr07,3072660,-4.285714285714287e-05,0.6208315641637056,0.43355923240821925,0.36295156127717015,68
chr07,3081596,4.2882404951370526e-05,0.627733345194049,0.43102661343215043,0.36549591380702295,68
chr07,3081621,4.2882404951370526e-05,0.627733345194049,0.43102661343215043,0.36549591380702295,68
chr07,3094883,-4.2247386759581945e-05,0.6185278831709855,0.43436778679899557,0.36214238998961795,69
chr07,3118793,4.2882404951370526e-05,0.6277333451940489,0.43102661343215043,0.36549591380702295,68
chr07,3118826,4.2882404951370526e-05,0.6277333451940489,0.43102661343215043,0.36549591380702295,68
chr07,3237640,-3.0677655677655675e-05,0.3340492444580507,0.5652814193011986,0.24773528948695248,67
chr07,3238857,4.2247386759581945e-05,0.6185278831709855,0.43436778679899557,0.36214238998961795,69
chr07,3238917,-4.2247386759581945e-05,0.6185278831709855,0.43436778679899557,0.36214238998961795,69
chr07,3243158,3.1339031339031345e-05,0.33603818615749603,0.5641601803377929,0.24859757055544618,66
chr07,3259528,4.483430799220277e-05,0.7364065736777486,0.39406750620025965,0.4044293744714231,65
chr07,3259683,4.2247386759581945e-05,0.6185278831709855,0.43436778679899557,0.36214238998961795,69
chr07,3264801,1.2820512820512855e-05,0.05757002921463369,0.8111112409658021,0.09091957979057566,69
chr07,3264909,1.2500000000000009e-05,0.05615194054502282,0.813397139575277,0.08969735918598912,70
chr07,3264933,1.2500000000000009e-05,0.05615194054502282,0.813397139575277,0.08969735918598912,70
chr07,3264936,1.2820512820512855e-05,0.05757002921463369,0.8111112409658021,0.09091957979057566,69
chr07,3275136,-4.1631623212783885e-05,0.6222857142857107,0.43294091446947924,0.36357136986093747,70
chr07,3275241,-3.006189213085766e-05,0.33234597156395884,0.5662419222856576,0.24699798035533704,68
chr07,3323251,1.388888888888891e-05,0.06439962926268733,0.8004736250649407,0.0966529731481326,67
chr07,3331836,4.435372523804505e-21,0.0,1.0,-0.0,63
chr07,3331875,4.435372523804505e-21,0.0,1.0,-0.0,63
chr07,3348576,-1.2820512820512845e-05,0.05757002921463369,0.8111112409658021,0.09091957979057566,69
chr07,3353326,-1.3157894736842111e-05,0.06105770644090907,0.8055875373194845,0.0938872610681967,69
chr07,3362033,1.2820512820512849e-05,0.05951439864485737,0.8079996477031648,0.09258882858259809,70
chr07,3364444,-1.3157894736842111e-05,0.06105770644090907,0.8055875373194845,0.0938872610681967,69
chr07,3390931,-1.3513513513513525e-05,0.060634328358201386,0.8062721061705144,0.09351836481403282,67
chr07,3413742,-3.84615384615385e-06,0.005629673889700393,0.9404135056239096,0.026681142439675155,69
chr07,3413754,-3.84615384615385e-06,0.005629673889700393,0.9404135056239096,0.026681142439675155,69
chr07,3433028,-1.388888888888891e-05,0.06439962926268732,0.8004736250649407,0.0966529731481326,67
chr07,3449979,-1.3513513513513505e-05,0.06268382352943613,0.8030809857471797,0.09524065660222683,68
chr07,3470517,-1.3888888888888896e-05,0.06439962926268733,0.8004736250649407,0.0966529731481326,67
chr07,3481901,-1.3157894736842121e-05,0.06105770644090905,0.8055875373194845,0.0938872610681967,69
chr07,3496257,-1.3513513513513515e-05,0.06268382352943613,0.8030809857471797,0.09524065660222683,68
chr07,3502933,1.3888888888888917e-05,0.06439962926268733,0.8004736250649407,0.0966529731481326,67
chr07,3515994,-6.913620272183849e-21,0.0,1.0,-0.0,69
chr07,3541263,1.4705882352941189e-05,0.06590136054421586,0.7982506141551973,0.09786073865245662,64
chr07,3558518,-4.3693693693693725e-05,0.6395385923322483,0.42679087190718656,0.3697848777263221,67
chr07,3577022,-4.3156059285091564e-05,0.6449312063809073,0.42481343876775257,0.37180175301330587,68
chr07,3583767,-4.230769230769237e-05,0.6323110121239911,0.4293169160868888,0.36722199896884106,69
chr07,3583775,4.2307692307692375e-05,0.6323110121239911,0.4293169160868888,0.36722199896884106,69
chr07,3585433,-4.2444821731748756e-05,0.6408490580475028,0.42623306807446937,0.37035285981851956,69
chr07,3595492,-3.041474654377882e-05,0.32607688744786667,0.5699781318814456,0.24414180640716315,66
chr07,3613377,-3.214285714285713e-05,0.32854578096944675,0.5686237414896974,0.24517501136609424,63
chr07,3628081,-1.666666666666668e-05,0.10011398176289571,0.7527557398673913,0.12334592424664655,64
chr07,3628103,-1.666666666666668e-05,0.10011398176289571,0.7527557398673913,0.12334592424664655,64
chr07,3649686,-6.024667931688809e-05,1.2673468242337012,0.2645353604614576,0.5775162675725876,65
chr07,3649758,6.024667931688811e-05,1.2673468242337012,0.2645353604614576,0.5775162675725876,65
chr07,3650416,-4.244482173174877e-05,0.6408490580475027,0.42623306807446937,0.37035285981851956,69
chr07,3650545,-4.3156059285091564e-05,0.6449312063809073,0.42481343876775257,0.37180175301330587,68
chr07,3684425,4.28571428571429e-05,0.680000000000006,0.41247001541874784,0.3846076170813091,70
chr07,3684427,-4.28571428571429e-05,0.680000000000006,0.41247001541874784,0.3846076170813091,70
chr07,3688082,-5.971479500891275e-05,1.3200969990905926,0.2547850729435387,0.5938260195397881,67
chr07,3688185,-5.971479500891275e-05,1.3200969990905926,0.2547850729435387,0.5938260195397881,67
chr07,3694685,-4.369747899159668e-05,0.6866169425746903,0.410259654834671,0.38694118969697155,69
chr07,3717725,-4.553571428571435e-05,0.7015174336822639,0.40534345413583994,0.39217683598243486,67
chr07,3750207,5.860552283705408e-21,0.0,1.0,-0.0,66
chr07,3754988,1.5625000000000024e-05,0.08895008605853956,0.7664255977144137,0.11552999876188329,70
chr07,3755002,-3.0303030303030323e-05,0.28414594769136936,0.5961440462525431,0.22464878902820826,57
chr07,3784480,-1.6129032258064524e-05,0.08687903764758177,0.7691223111613268,0.11400459018747049,67
chr07,3795088,1.6129032258064544e-05,0.09178743961352527,0.7628556601698584,0.11755762708021775,69
chr07,3806624,1.612903225806456e-05,0.08933274802462014,0.7659662383685103,0.11579037242143247,68
chr07,3814611,3.571428571428578e-05,0.45585326380144925,0.5019631306858074,0.29932818071900213,67
chr07,3881242,1.5625000000000024e-05,0.08895008605853956,0.7664255977144137,0.11552999876188329,70
chr07,3908175,-1.5151515151515165e-05,0.0914931324767149,0.7633512828357649,0.11727556022491711,61
chr07,3949244,-1.2820512820512808e-05,0.04980237154152201,0.824129535230828,0.08400452129489248,65
chr07,3950491,0.0,0.0,1.0,-0.0,64
chr07,3957510,-3.3558638672170376e-21,0.0,1.0,-0.0,65
chr07,3988781,4.0834845735027486e-06,0.005972644945822377,0.9386359045055279,0.027502837263530634,67
chr07,4001936,-1.3157894736842143e-05,0.055074067244463336,0.8152073617547216,0.08873190707447519,66
chr07,4069735,-1.2500000000000016e-05,0.0542570718494498,0.8165247504457852,0.0880306464213531,69
chr07,4170209,-1.250000000000001e-05,0.05615194054502282,0.813397139575277,0.08969735918598912,70
chr07,4190500,1.2820512820512852e-05,0.053684148427813924,0.8175001511742366,0.0875121583568131,67
chr07,4358242,-4.2882404951370526e-05,0.627733345194049,0.43102661343215043,0.36549591380702295,68
chr07,4358273,-4.2882404951370526e-05,0.627733345194049,0.43102661343215043,0.36549591380702295,68
chr07,4436359,6.203703703703707e-05,1.372518121651453,0.24565628042041437,0.609672128264093,67
chr07,4447076,-3.3516483516483574e-05,0.33143015010585486,0.5670076108986319,0.24641111156724474,61
chr07,4525664,3.1425891181988744e-05,0.3422396856581242,0.5605646732630218,0.25137427491386216,67
chr07,4541860,6.380952380952388e-05,1.4125851443398256,0.23895200147111875,0.621689327460734,67
chr07,4541974,6.380952380952388e-05,1.4125851443398256,0.23895200147111875,0.621689327460734,67
chr07,4610018,6.325581395348845e-05,1.421602787456342,0.23740905143479468,0.6245027271958865,68
chr07,4623425,6.703296703296712e-05,1.3484451105283717,0.2502267514467486,0.6016662622499127,61
chr07,4734316,-4.248658318425764e-05,0.609119746792287,0.4378681463115628,0.3586566473730549,69
chr07,4787758,-3.0423280423280442e-05,0.3414580101927661,0.5609513108372477,0.25107483277658466,69
chr07,4820145,-1.2195121951219545e-05,0.049259177355152575,0.825042737141275,0.08352355445140403,68
chr07,4881465,1.2195121951219547e-05,0.05110602593440121,0.8218379925311342,0.08521378572536019,69
chr07,4906296,1.2195121951219501e-05,0.04741330939288519,0.8283091569846782,0.08180753747490928,67
chr07,4906376,1.2195121951219501e-05,0.04741330939288519,0.8283091569846782,0.08180753747490928,67
chr07,4911731,-1.190476190476192e-05,0.04990825688073116,0.8238927647849821,0.08412931098835132,70
chr07,4925345,1.190476190476192e-05,0.04990825688073116,0.8238927647849821,0.08412931098835132,70
chr07,4925363,1.190476190476192e-05,0.04990825688073116,0.8238927647849821,0.08412931098835132,70
chr07,4954722,1.2820512820512835e-05,0.049802371541522006,0.824129535230828,0.08400452129489248,65
chr07,4969817,-1.2820512820512833e-05,0.05757002921463369,0.8111112409658021,0.09091957979057566,69
chr07,4969975,-1.315789473684213e-05,0.059062164419531805,0.8087381385752584,0.09219207589244127,68
chr07,5038128,0.0,0.0,1.0,-0.0,65
chr07,5038165,0.0,0.0,1.0,-0.0,65
chr07,5038191,0.0,0.0,1.0,-0.0,65
chr07,5038421,-1.2355580313225133e-20,0.0,1.0,-0.0,66
chr07,5057448,1.7241379310344852e-05,0.10067271589490771,0.7520254149244502,0.12376748204807085,68
chr07,5069704,-1.6666666666666674e-05,0.09988982739627354,0.752929969350954,0.12324541601551889,70
chr07,5083690,0.0,0.0,1.0,-0.0,64
chr07,5117898,-3.333333333333336e-05,0.42550073277967193,0.5164367265651404,0.28698288031457075,69
chr07,5141474,1.6129032258064547e-05,0.0917874396135253,0.7628556601698584,0.11755762708021775,69
chr07,5142731,1.6129032258064513e-05,0.0868790376475818,0.7691223111613268,0.11400459018747049,67
chr07,5142763,1.6129032258064513e-05,0.0868790376475818,0.7691223111613268,0.11400459018747049,67
chr07,5150522,-4.730327144120251e-05,0.7654129154073187,0.38481253133891113,0.4147507936957489,68
chr07,5154975,4.730327144120252e-05,0.7654129154073186,0.38481253133891113,0.4147507936957489,68
chr07,5154979,-4.730327144120251e-05,0.7654129154073186,0.38481253133891113,0.4147507936957489,68
chr07,5163517,2.777777777777782e-05,0.28271112722003877,0.5968929516339796,0.22410354941213237,62
chr07,5176278,6.27413127413128e-05,1.3457114689450052,0.25040665846334864,0.6013541271571212,65
chr07,5224555,-4.821428571428579e-05,0.7877081252763077,0.37801698127997263,0.4224886903465361,68
chr07,5224727,-4.6982758620689676e-05,0.7747379751799742,0.38190162090742275,0.4180484983440022,69
chr07,5240526,3.042328042328045e-05,0.34145801019276606,0.5609513108372477,0.25107483277658466,69
chr07,5240556,3.042328042328045e-05,0.34145801019276606,0.5609513108372477,0.25107483277658466,69
chr07,5285660,-6.548856548856557e-05,1.361317747077541,0.2478503235540329,0.6058105098125347,63
chr07,5285695,6.548856548856557e-05,1.361317747077541,0.2478503235540329,0.6058105098125347,63
chr07,5300311,4.861111111111115e-05,0.7277848911651497,0.39711155376087104,0.4010874771728418,60
chr07,5315999,4.82142857142858e-05,0.7877081252763078,0.37801698127997263,0.4224886903465361,68
chr07,5355219,4.866494401378124e-05,0.8328300945730582,0.36467966229337745,0.43808845604472196,70
chr07,5381743,-4.0000000000000024e-05,0.5239085239084803,0.47185838341508746,0.326188324522258,65
chr07,5384190,-4.866494401378127e-05,0.8328300945730582,0.36467966229337745,0.43808845604472196,70
chr07,5427966,-4.923215898825658e-05,0.8120816072909098,0.37078226393002023,0.4308810481563043,68
chr07,5428091,-4.8941798941798974e-05,0.8224286495646593,0.36772116685837775,0.43448137044331386,69
chr07,5440179,4.866494401378124e-05,0.8328300945730582,0.36467966229337745,0.43808845604472196,70
chr07,5446223,6.56410256410257e-05,1.386927647675639,0.243425512823766,0.6136339063938696,64
chr07,5458191,4.8941798941798974e-05,0.8224286495646593,0.36772116685837775,0.43448137044331386,69
chr07,5463307,4.8941798941798974e-05,0.8224286495646593,0.36772116685837775,0.43448137044331386,69
chr07,5463357,-4.8941798941798974e-05,0.8224286495646593,0.36772116685837775,0.43448137044331386,69
chr07,5463853,4.866494401378124e-05,0.8328300945730582,0.36467966229337745,0.43808845604472196,70
chr07,5463868,4.866494401378124e-05,0.8328300945730582,0.36467966229337745,0.43808845604472196,70
chr07,5467612,4.866494401378124e-05,0.8328300945730582,0.36467966229337745,0.43808845604472196,70
chr07,5467627,-4.866494401378127e-05,0.8328300945730582,0.36467966229337745,0.43808845604472196,70
chr07,5474053,-4.923215898825658e-05,0.8120816072909098,0.37078226393002023,0.4308810481563043,68
chr07,5474245,-4.866494401378127e-05,0.8328300945730582,0.36467966229337745,0.43808845604472196,70
chr07,5519535,3.1425891181988785e-05,0.3422396856581242,0.5605646732630218,0.25137427491386216,67
chr07,5567436,-4.790940766550527e-05,0.7975343037142518,0.3750281058566799,0.4259361835761039,69
chr07,5570316,3.042328042328045e-05,0.3414580101927661,0.5609513108372477,0.25107483277658466,69
chr07,5570343,3.042328042328045e-05,0.3414580101927661,0.5609513108372477,0.25107483277658466,69
chr07,5570344,3.042328042328045e-05,0.3414580101927661,0.5609513108372477,0.25107483277658466,69
chr07,5570345,3.042328042328045e-05,0.3414580101927661,0.5609513108372477,0.25107483277658466,69
chr07,5570346,3.042328042328045e-05,0.3414580101927661,0.5609513108372477,0.25107483277658466,69
chr07,5584889,3.0713640469738065e-05,0.3395883777239681,0.5620526782864486,0.2502229783509136,68
chr07,5593829,-3.0357142857142915e-05,0.3356266826203591,0.564336755676317,0.24846166288332097,68
chr07,5607694,-4.76406533575318e-05,0.7561608711480049,0.38773247343335193,0.41146782436726265,67
chr07,5624395,5.235042735042742e-05,0.7746452365716304,0.38229558929362395,0.41760071259172415,62
chr07,5642015,-4.6153846153846206e-05,0.7538547020419138,0.3883579585232687,0.4107677905292112,69
chr07,5642134,-4.6153846153846206e-05,0.7538547020419138,0.3883579585232687,0.4107677905292112,69
chr07,5642276,-4.583333333333337e-05,0.7627700009269879,0.38553687129390113,0.4139340813387155,70
chr07,5674529,4.649122807017546e-05,0.7450149891901353,0.39118489934406864,0.40761791834793853,68
chr07,5678618,5.005005005005009e-06,0.009759721942376356,0.9216226899370372,0.03544684165399353,64
chr07,5679648,-4.6153846153846206e-05,0.7538547020419138,0.3883579585232687,0.4107677905292112,69
chr07,5679678,-4.6153846153846206e-05,0.7538547020419138,0.3883579585232687,0.4107677905292112,69
chr07,5980955,1.724137931034483e-05,0.10329941412272446,0.748906083407064,0.12557264160018727,69
chr07,5981004,1.724137931034483e-05,0.10329941412272446,0.748906083407064,0.12557264160018727,69
chr07,6015466,5.376344086021227e-07,8.714416747097271e-05,0.9925832666255197,0.003233050590898642,61
chr07,6097708,2.9857397504456403e-05,0.3250727774875248,0.5705404939110004,0.24371352625366616,67
chr07,6097758,2.9857397504456403e-05,0.3250727774875248,0.5705404939110004,0.24371352625366616,67
chr07,6104309,-1.388888888888889e-05,0.06861558514105597,0.794166910030295,0.10008821232455797,69
chr07,6108500,-1.3888888888888881e-05,0.0707249923524092,0.7910887788939426,0.10177477564238743,70
chr07,6128163,1.4705882352941189e-05,0.07482993197282233,0.7852842374037242,0.10497311982424265,68
chr07,6137042,-1.31578947368421e-05,0.061057706440909076,0.8055875373194845,0.0938872610681967,69
chr07,6152822,1.4285714285714297e-05,0.070549365120521,0.7913664956780773,0.10162234053719627,68
chr07,6155256,-1.4285714285714275e-05,0.070549365120521,0.7913664956780773,0.10162234053719627,68
chr07,6155327,-1.4285714285714296e-05,0.06838056413964372,0.7945362631122834,0.0998862765432449,67
chr07,6155410,-1.5151515151515165e-05,0.07476635514020141,0.7853998118129064,0.10490920712547593,66
chr07,6155445,1.5151515151515165e-05,0.07476635514020141,0.7853998118129064,0.10490920712547593,66
chr07,6167320,1.4285714285714304e-05,0.070549365120521,0.7913664956780773,0.10162234053719627,68
chr07,6175983,1.38888888888889e-05,0.06861558514105594,0.794166910030295,0.10008821232455797,69
chr07,6225004,-2.941176470588238e-05,0.31697945913993497,0.5753655107580051,0.24005617466050605,67
chr07,6245398,-2.964254577157805e-05,0.3276869158878293,0.5689692160399873,0.24491123038107965,68
chr07,6245655,-2.964254577157805e-05,0.3276869158878293,0.5689692160399873,0.24491123038107965,68
chr07,6245695,-2.964254577157805e-05,0.3276869158878293,0.5689692160399873,0.24491123038107965,68
chr07,6247051,-1.3513513513513522e-05,0.06678571428574023,0.7968561991657952,0.09862004440500619,70
chr07,6252832,-1.3513513513513522e-05,0.06678571428574023,0.7968561991657952,0.09862004440500619,70
chr07,6252926,-1.3513513513513522e-05,0.06678571428574023,0.7968561991657952,0.09862004440500619,70
chr07,6294171,-3.1527093596059144e-05,0.3275008253548775,0.5692037769828154,0.24473222679338794,64
chr07,6305294,-1.5151515151515165e-05,0.07476635514020141,0.7853998118129064,0.10490920712547593,66
chr07,6397733,1.6666666666666667e-05,0.0941268751838598,0.7600570595093847,0.11915380285096043,62
chr07,6397923,9.68037654004909e-22,0.0,1.0,-0.0,67
chr07,6398011,-9.680376540048858e-22,0.0,1.0,-0.0,67
chr07,6398306,-1.315789473684214e-05,0.0630541871921305,0.802489464035981,0.09556066078112438,70
chr07,6411870,1.4285714285714302e-05,0.0662127886797711,0.7977584678310339,0.09812857727826393,66
chr07,6415139,1.6666666666666698e-05,0.109104931270674,0.7422277613976787,0.12946280585311656,67
chr07,6415169,1.6666666666666698e-05,0.109104931270674,0.7422277613976787,0.12946280585311656,67
chr07,6415170,1.6666666666666698e-05,0.109104931270674,0.7422277613976787,0.12946280585311656,67
chr07,6420786,-1.3888888888888917e-05,0.06439962926268733,0.8004736250649407,0.0966529731481326,67
chr07,6421029,-1.315789473684214e-05,0.0630541871921305,0.802489464035981,0.09556066078112438,70
chr07,6478539,-1.666666666666666e-05,0.08720585327270826,0.7687309169033794,0.11422565207691904,65
chr07,6478590,-1.666666666666666e-05,0.08720585327270826,0.7687309169033794,0.11422565207691904,65
chr07,6484248,1.6129032258064547e-05,0.08197474167623309,0.7755783513041933,0.1103743218733034,65
chr07,6562930,6.309297912713477e-05,1.392634479483615,0.24239748193980412,0.6154718959963796,65
chr07,6580573,-4.500891265597156e-05,0.6864460385179382,0.41040783198464703,0.38678435999356153,67
chr07,6602960,-4.5138888888888934e-05,0.7093163751986431,0.40271243551786184,0.3950049594330419,68
chr07,6709207,4.5540796963946904e-05,0.6595120178109808,0.41979029781786026,0.3769676030400826,65
chr07,6709212,4.5540796963946904e-05,0.6595120178109808,0.41979029781786026,0.3769676030400826,65
chr07,6796899,4.327731092436977e-05,0.6733441893995492,0.4147980925246666,0.38216324940912105,69
chr07,6850074,4.545454545454549e-05,0.6792452830187922,0.4129076950477293,0.38414702343281487,66
chr07,6887664,-4.50367647058824e-05,0.6660684949913325,0.4174529799797029,0.3793924343967847,66
chr07,6940301,4.4117647058823566e-05,0.6796338672769756,0.41268230228089686,0.38438415527221437,68
chr07,6940303,-4.4117647058823566e-05,0.6796338672769756,0.41268230228089686,0.38438415527221437,68
chr07,6954757,4.816017316017321e-05,0.6455966193618345,0.424916759040604,0.37169613966755216,61
chr07,6954761,4.816017316017321e-05,0.6455966193618345,0.424916759040604,0.37169613966755216,61
chr07,6954778,4.816017316017321e-05,0.6455966193618345,0.424916759040604,0.37169613966755216,61
chr07,6954815,4.816017316017321e-05,0.6455966193618345,0.424916759040604,0.37169613966755216,61
chr07,6968381,4.4191919191919205e-05,0.7012140422223632,0.40535319319111507,0.3921664014555891,69
chr07,6969114,4.3816543816543875e-05,0.7087615163322085,0.40280639117943895,0.3949036472744699,70
chr07,6985994,6.0035842293906874e-05,1.3273392258458372,0.253498947390794,0.5960238396573468,67
chr07,6986001,-3.055555555555558e-05,0.32759422987441145,0.5690843407347166,0.24482336453412606,66
chr07,7006026,-4.553571428571435e-05,0.7015174336822639,0.40534345413583994,0.39217683598243486,67
chr07,7006030,-4.553571428571435e-05,0.7015174336822639,0.40534345413583994,0.39217683598243486,67
chr07,7046051,-1.362512998011918e-20,0.0,1.0,-0.0,67
chr07,7046931,1.4705882352941172e-05,0.07706464228203141,0.782170249976375,0.10669870655929907,69
chr07,7048291,1.4705882352941182e-05,0.07930029154518728,0.7791030841146338,0.10840507647337351,70
chr07,7051691,-1.4705882352941167e-05,0.0725962026601665,0.7884470398675569,0.10322747299548488,67
chr07,7051786,-1.4705882352941167e-05,0.0725962026601665,0.7884470398675569,0.10322747299548488,67
chr07,7078349,-1.4285714285714304e-05,0.0662127886797711,0.7977584678310339,0.09812857727826393,66
chr07,7078359,-1.4285714285714304e-05,0.0662127886797711,0.7977584678310339,0.09812857727826393,66
chr07,7079659,-1.4705882352941189e-05,0.07482993197282233,0.7852842374037242,0.10497311982424265,68
chr07,7086629,1.3888888888888906e-05,0.06439962926268732,0.8004736250649407,0.0966529731481326,67
chr07,7105325,4.581280788177346e-05,0.7607334982748465,0.38646431689465477,0.4128905992648325,64
chr07,7105369,6.0661764705882405e-05,1.3208255159474493,0.2547208542939268,0.59393549738418,66
chr07,7160320,3.3224400871459724e-05,0.3285257873117231,0.5687066930517788,0.24511166054974928,61
chr07,7162586,-1.3888888888888893e-05,0.07072499235240921,0.7910887788939426,0.10177477564238743,70
chr07,7250972,-1.4705882352941189e-05,0.07930029154518728,0.7791030841146338,0.10840507647337351,70
chr07,7251006,-1.4705882352941189e-05,0.07930029154518728,0.7791030841146338,0.10840507647337351,70
chr07,7285859,-1.5151515151515165e-05,0.07476635514020143,0.7853998118129064,0.10490920712547593,66
chr07,7363573,2.8991596638655525e-05,0.32531137850957614,0.5703409107839184,0.24386547517894486,69
chr07,7363935,1.4285714285714299e-05,0.0748898678414346,0.7851753351822295,0.10503335140837709,70
chr07,7364203,3.2291666666666715e-05,0.3246639902252377,0.5709454957017569,0.24340534892715024,62
chr07,7364291,3.2291666666666715e-05,0.3246639902252377,0.5709454957017569,0.24340534892715024,62
chr07,7379774,2.9437229437229465e-05,0.325406032482607,0.5703138093368324,0.2438861124650852,68
chr07,7413426,0.0,0.0,1.0,-0.0,62
chr07,7413432,-1.4705882352941206e-05,0.07036349893492555,0.7916608002699546,0.10146085897329546,66
chr07,7425051,2.9513888888888876e-05,0.3262576330328371,0.5698110552883194,0.2442691289748562,68
chr07,7458187,0.0,0.0,1.0,-0.0,66
chr07,7458190,0.0,0.0,1.0,-0.0,66
chr07,7496178,3.0303030303030323e-05,0.35669920141968603,0.5523582699313909,0.25777913933146,69
chr07,7496197,4.381654381654388e-05,0.7087615163322086,0.40280639117943895,0.3949036472744699,70
chr07,7496198,4.381654381654388e-05,0.7087615163322086,0.40280639117943895,0.3949036472744699,70
chr07,7512004,4.5138888888888934e-05,0.7093163751986431,0.40271243551786184,0.3950049594330419,68
chr07,7512041,4.5138888888888934e-05,0.7093163751986431,0.40271243551786184,0.3950049594330419,68
chr07,7550310,4.607843137254906e-05,0.773529278872262,0.38252365911023456,0.41734169854105707,64
chr07,7551525,4.381654381654388e-05,0.7087615163322086,0.40280639117943895,0.3949036472744699,70
chr07,7576072,-4.4191919191919246e-05,0.7012140422223632,0.40535319319111507,0.3921664014555891,69
chr07,7601882,-4.456327985739753e-05,0.6727803423934738,0.41508174806813536,0.38186636295385024,67
chr07,7626413,4.500891265597156e-05,0.6864460385179382,0.41040783198464703,0.38678435999356153,67
chr07,7628589,-4.2483660130718934e-05,0.6675331276094082,0.4167663318422864,0.380107372447746,70
chr07,7628603,4.248366013071893e-05,0.6675331276094082,0.4167663318422864,0.380107372447746,70
chr07,7725707,-4.4884169884169916e-05,0.6293923660242814,0.4305561392044087,0.36597021388015955,65
chr07,7742091,-2.964254577157804e-05,0.3276869158878293,0.5689692160399873,0.24491123038107965,68
chr07,7840824,-4.298245614035094e-05,0.6357611111557094,0.42810923266332623,0.36844540600942166,68
chr07,7923328,4.2444821731748756e-05,0.6408490580475027,0.42623306807446937,0.37035285981851956,69
chr07,7923332,4.2444821731748756e-05,0.6408490580475027,0.42623306807446937,0.37035285981851956,69
chr07,7923370,4.2444821731748756e-05,0.6408490580475027,0.42623306807446937,0.37035285981851956,69
chr07,7923426,4.2444821731748756e-05,0.6408490580475027,0.42623306807446937,0.37035285981851956,69
chr07,7923444,4.2444821731748756e-05,0.6408490580475027,0.42623306807446937,0.37035285981851956,69
chr07,7923449,4.2444821731748756e-05,0.6408490580475027,0.42623306807446937,0.37035285981851956,69
chr07,8123031,-4.17700578990902e-05,0.637105751391514,0.4275395927452559,0.3690236607847273,70
chr07,8136162,4.17700578990902e-05,0.637105751391514,0.4275395927452559,0.3690236607847273,70
chr07,8525116,5.964912280701758e-05,1.338902147971309,0.25139842008265334,0.5996374559720243,68
chr07,8547528,-7.083333333333339e-05,1.850645070157397,0.17820098283103802,0.7490899050302361,70
chr07,8547603,7.083333333333339e-05,1.850645070157397,0.17820098283103802,0.7490899050302361,70
chr07,8552319,6.0123784261715384e-05,1.3497744360902912,0.2495018482696804,0.6029262328447992,68
chr07,8552942,-7.083333333333339e-05,1.850645070157397,0.17820098283103802,0.7490899050302361,70
chr07,8568468,9.716599190283409e-05,3.8383490971624963,0.054593440866557146,1.262859532507274,64
chr07,8603030,0.00010050462573591264,3.79437714910907,0.055554337632925235,1.255282026075068,70
chr07,8606286,-0.00010300618921308588,3.794085880319835,0.05568920112501555,1.2542290121243544,68
chr07,8606321,-9.119782214156089e-05,3.1055383884002863,0.08272789630306042,1.0823480192552273,67
chr07,8609490,-0.00010235191637630674,3.801252949763753,0.055401122181493484,1.2564814382987466,69
chr07,8609498,-0.00010235191637630674,3.801252949763753,0.055401122181493484,1.2564814382987466,69
chr07,8609508,-0.00010235191637630674,3.801252949763753,0.055401122181493484,1.2564814382987466,69
chr07,8609591,0.00010235191637630674,3.801252949763753,0.055401122181493484,1.2564814382987466,69
chr08,127854,1.3888888888888908e-05,0.06229316721822767,0.8037068752498597,0.09490231651684128,66
chr08,128012,1.351351351351352e-05,0.05858585858585127,0.809519096285539,0.09177290192776094,66
chr08,139166,1.3513513513513498e-05,0.06268382352943613,0.8030809857471797,0.09524065660222683,68
chr08,163013,-8.769282277456255e-21,0.0,1.0,-0.0,66
chr08,334369,-1.428571428571429e-05,0.07054936512052101,0.7913664956780773,0.10162234053719627,68
chr08,385353,1.3513513513513527e-05,0.06473429951690014,0.7999431467925541,0.09694087789763972,69
chr08,440317,-1.5902360493612897e-20,0.0,1.0,-0.0,63
chr08,473594,2.7378842739535853e-22,0.0,1.0,-0.0,69
chr08,509200,1.7241379310344872e-05,0.09732962161047395,0.7561579058881918,0.12138750278585206,61
chr08,546377,-1.6129032258064527e-05,0.09112978524743101,0.7637725742133046,0.11703594046606666,63
chr08,562296,3.145232635025102e-22,0.0,1.0,-0.0,66
chr08,562358,0.0,0.0,1.0,-0.0,65
chr08,562629,-1.3513513513513549e-05,0.06678571428574023,0.7968561991657952,0.09862004440500619,70
chr08,562697,-1.3513513513513518e-05,0.06473429951690014,0.7999431467925541,0.09694087789763972,69
chr08,572276,1.4285714285714289e-05,0.0683805641396437,0.7945362631122834,0.0998862765432449,67
chr08,583007,-1.3513513513513518e-05,0.06473429951690014,0.7999431467925541,0.09694087789763972,69
chr08,583053,-1.3513513513513518e-05,0.06473429951690014,0.7999431467925541,0.09694087789763972,69
chr08,675894,-1.4285714285714294e-05,0.07054936512052101,0.7913664956780773,0.10162234053719627,68
chr08,696540,-1.3888888888888898e-05,0.06861558514105594,0.794166910030295,0.10008821232455797,69
chr08,775788,-1.0416666666666798e-06,0.0004058469010233181,0.9839940359523787,0.007007533845915876,62
chr08,830906,-4.230769230769236e-05,0.6323110121239911,0.4293169160868888,0.36722199896884106,69
chr08,878276,4.17700578990902e-05,0.6371057513915142,0.4275395927452559,0.3690236607847273,70
chr08,942091,-7.812500000000007e-05,1.9230769230768372,0.17048388985850546,0.7683166540680706,64
chr08,943006,7.107843137254905e-05,1.9021453517380038,0.17235777560789783,0.7635691194075804,70
chr08,948157,-7.417582417582423e-05,1.84657651689333,0.17887887769427768,0.7474409385963946,67
chr08,948196,-7.518796992481208e-05,1.8486924653144188,0.178706668896346,0.7478592403827607,66
chr08,950554,7.387387387387393e-05,1.862199138478355,0.1770768968379707,0.7518380973660742,67
chr08,956905,-4.687500000000004e-05,0.8040345821326242,0.3733584030993884,0.4278740696507742,64
chr08,992796,7.777777777777785e-05,2.3932080511303684,0.12679431357064533,0.8969002231125448,66
chr08,1023702,4.372294372294377e-05,0.6668218337981526,0.41709960567728843,0.37976022073258786,68
chr08,1023982,-4.327731092436976e-05,0.6733441893995492,0.4147980925246666,0.38216324940912105,69
chr08,1164161,-4.419191919191923e-05,0.7012140422223629,0.40535319319111507,0.3921664014555891,69
chr08,1175627,-4.513888888888895e-05,0.7093163751986432,0.40271243551786184,0.3950049594330419,68
chr08,1186625,3.194726166328604e-05,0.32653581442772733,0.5698056663126143,0.2442732363249284,63
chr08,1186664,-3.1947261663286054e-05,0.32653581442772733,0.5698056663126143,0.2442732363249284,63
chr08,1193179,3.0017921146953423e-05,0.3268292682926973,0.5695038698431433,0.24450332049477927,67
chr08,1250995,1.515151515151517e-05,0.08397863818426199,0.7728581879382631,0.11190018764177287,70
chr08,1251046,1.5151515151515151e-05,0.08167411621293748,0.7759231117245666,0.11018131199973372,69
chr08,1251125,1.5151515151515151e-05,0.08167411621293748,0.7759231117245666,0.11018131199973372,69
chr08,1303297,-4.458874458874463e-05,0.6937724422743667,0.4078882519882515,0.38945880306768205,68
chr08,1311588,-6.024667931688809e-05,1.2673468242337012,0.2645353604614576,0.5775162675725876,65
chr08,1318323,4.503676470588242e-05,0.6660684949913325,0.4174529799797029,0.3793924343967847,66
chr08,1318354,4.503676470588242e-05,0.6660684949913325,0.4174529799797029,0.3793924343967847,66
chr08,1349302,-6.0035842293906874e-05,1.3273392258458374,0.253498947390794,0.5960238396573468,67
chr08,1349376,-4.444444444444451e-05,0.7622592351353763,0.38588647509136087,0.4135404427194147,66
chr08,1356442,-4.4196428571428585e-05,0.6604454286186145,0.4193693545867849,0.37740330877798434,67
chr08,1407657,4.340277777777778e-05,0.6552715604200032,0.42114306806462576,0.37557034331877587,68
chr08,1430383,4.2178542178542224e-05,0.6562586420202245,0.42070985440617026,0.3760173152611132,70
chr08,1503135,-4.340277777777778e-05,0.6552715604200031,0.42114306806462576,0.37557034331877587,68
chr08,1538248,-4.780219780219789e-05,0.7416509032087685,0.3926190189412415,0.40602866647525937,61
chr08,1569765,6.0035842293906874e-05,1.3273392258458376,0.253498947390794,0.5960238396573468,67
chr08,1614538,4.340277777777781e-05,0.6552715604200031,0.42114306806462576,0.37557034331877587,68
chr08,1614567,4.419642857142858e-05,0.6604454286186145,0.4193693545867849,0.37740330877798434,67
chr08,1691130,-4.265202702702704e-05,0.6505102016536239,0.4227840496677988,0.3738814056406938,69
chr08,1703821,4.419642857142858e-05,0.6604454286186145,0.4193693545867849,0.37740330877798434,67
chr08,1734907,4.2652027027027044e-05,0.6505102016536239,0.4227840496677988,0.3738814056406938,69
chr08,1742132,-4.2178542178542224e-05,0.6562586420202245,0.42070985440617026,0.3760173152611132,70
chr08,1742406,4.340277777777778e-05,0.6552715604200031,0.42114306806462576,0.37557034331877587,68
chr08,1742407,4.340277777777778e-05,0.6552715604200031,0.42114306806462576,0.37557034331877587,68
chr08,1742434,-4.340277777777778e-05,0.6552715604200031,0.42114306806462576,0.37557034331877587,68
chr08,1809376,-4.265202702702704e-05,0.6505102016536239,0.4227840496677988,0.3738814056406938,69
chr08,1812839,-4.315605928509156e-05,0.6449312063809073,0.42481343876775257,0.37180175301330587,68
chr08,1831708,-4.340277777777779e-05,0.6552715604200032,0.42114306806462576,0.37557034331877587,68
chr08,1857227,4.292929292929295e-05,0.6613272311212675,0.41897229690844595,0.3778146923023176,69
chr08,1865267,5.974264705882359e-05,1.286938808534585,0.26084404712923437,0.5836190701105733,66
chr08,1865275,5.974264705882359e-05,1.286938808534585,0.26084404712923437,0.5836190701105733,66
chr08,1899740,6.003584229390686e-05,1.3273392258458374,0.253498947390794,0.5960238396573468,67
chr08,1927285,4.2178542178542224e-05,0.6562586420202245,0.42070985440617026,0.3760173152611132,70
chr08,1951901,-6.150978564771672e-05,1.339676498572704,0.2513925642123043,0.5996475721923181,66
chr08,1957002,-4.4196428571428605e-05,0.6604454286186145,0.4193693545867849,0.37740330877798434,67
chr08,1997043,-1.3513513513513493e-05,0.06268382352943612,0.8030809857471797,0.09524065660222683,68
chr08,2001710,1.3888888888888901e-05,0.06861558514105595,0.794166910030295,0.10008821232455797,69
chr08,2025460,1.3888888888888908e-05,0.0711587147030264,0.7905283273483421,0.10208256318825482,65
chr08,2025504,1.3888888888888908e-05,0.0711587147030264,0.7905283273483421,0.10208256318825482,65
chr08,2025527,1.3888888888888903e-05,0.06439962926268733,0.8004736250649407,0.0966529731481326,67
chr08,2030354,-1.4285714285714275e-05,0.070549365120521,0.7913664956780773,0.10162234053719627,68
chr08,2040096,1.3513513513513524e-05,0.060634328358201386,0.8062721061705144,0.09351836481403282,67
chr08,2126857,1.4285714285714299e-05,0.0748898678414346,0.7851753351822295,0.10503335140837709,70
chr08,2135185,-1.6855243857967923e-20,0.0,1.0,-0.0,69
chr08,2138338,1.4705882352941189e-05,0.07482993197282231,0.7852842374037242,0.10497311982424265,68
chr08,2166300,-1.3353225286126624e-20,0.0,1.0,-0.0,66
chr08,2203116,-1.315789473684213e-05,0.05334748594565192,0.818136618549109,0.08717416854405448,61
chr08,2213397,1.3513513513513518e-05,0.06473429951690013,0.7999431467925541,0.09694087789763972,69
chr08,2254959,8.270298703390016e-21,0.0,1.0,-0.0,62
chr08,2263691,-1.3157894736842106e-05,0.06305418719213049,0.802489464035981,0.09556066078112438,70
chr08,2263762,1.3157894736842116e-05,0.06305418719213049,0.802489464035981,0.09556066078112438,70
chr08,2288883,1.2820512820512837e-05,0.05951439864485737,0.8079996477031648,0.09258882858259809,70
chr08,2309605,1.2820512820512859e-05,0.05757002921463369,0.8111112409658021,0.09091957979057566,69
chr08,2328506,-1.2820512820512844e-05,0.05757002921463369,0.8111112409658021,0.09091957979057566,69
chr08,2350618,-1.2820512820512828e-05,0.05562659846549552,0.8142771625958192,0.08922774535907112,68
chr08,2420509,-1.3157894736842108e-05,0.06105770644090906,0.8055875373194845,0.0938872610681967,69
chr08,2447265,-1.1904761904761917e-05,0.04090331686664118,0.8403763518102001,0.07552617714047646,65
chr08,2453176,4.2178542178542224e-05,0.6562586420202247,0.42070985440617026,0.3760173152611132,70
chr08,2453449,4.2929292929292966e-05,0.6613272311212673,0.41897229690844595,0.3778146923023176,69
chr08,2460397,4.340277777777779e-05,0.6552715604200031,0.42114306806462576,0.37557034331877587,68
chr08,2480072,4.2483660130718934e-05,0.6675331276094084,0.4167663318422864,0.380107372447746,70
chr08,2504703,4.456327985739753e-05,0.6727803423934741,0.41508174806813536,0.38186636295385024,67
chr08,2516440,4.4191919191919246e-05,0.7012140422223629,0.40535319319111507,0.3921664014555891,69
chr08,2526692,-5.971479500891266e-05,1.3200969990905926,0.2547850729435387,0.5938260195397881,67
chr08,2526756,-5.971479500891266e-05,1.3200969990905926,0.2547850729435387,0.5938260195397881,67
chr08,2536879,-4.330065359477128e-05,0.6937187891553234,0.4078182228328253,0.38953337223388934,70
chr08,2538161,-4.500891265597155e-05,0.6864460385179382,0.41040783198464703,0.38678435999356153,67
chr08,2551814,-4.643206256109486e-05,0.665269270278478,0.41782832990995966,0.3790021169970398,64
chr08,2552048,-3.1754032258064493e-05,0.32455029136048924,0.5709779777652719,0.24338064187579875,63
chr08,2592171,-4.369747899159669e-05,0.6866169425746904,0.410259654834671,0.38694118969697155,69
chr08,2630082,-4.330065359477128e-05,0.6937187891553234,0.4078182228328253,0.38953337223388934,70
chr08,2630117,-4.330065359477128e-05,0.6937187891553234,0.4078182228328253,0.38953337223388934,70
chr08,2662136,-1.7857142857142865e-05,0.10396753350776373,0.74825923864469,0.12594791228578042,61
chr08,2668182,-4.3277310924369746e-05,0.6733441893995492,0.4147980925246666,0.38216324940912105,69
chr08,2668359,-4.4117647058823566e-05,0.6796338672769756,0.41268230228089686,0.38438415527221437,68
chr08,2669792,-3.0776515151515174e-05,0.3248195446973848,0.5707524534569539,0.24355221295988827,65
chr08,2683919,4.369747899159668e-05,0.6866169425746905,0.410259654834671,0.38694118969697155,69
chr08,2817936,7.544642857142864e-05,1.9627706195240184,0.16597363021518483,0.7799609069102418,67
chr08,2825727,7.189542483660131e-05,1.9473836026774662,0.16740960924035195,0.7762196173087879,70
chr08,2878305,-7.189542483660131e-05,1.9473836026774662,0.16740960924035195,0.7762196173087879,70
chr08,2878407,-5.902777777777784e-05,1.324675324675394,0.2539074505729519,0.5953245551513061,68
chr08,2902444,-5.982142857142862e-05,1.3225022775585147,0.25435702203149396,0.5945562683041671,67
chr08,2902497,5.9821428571428605e-05,1.3225022775585147,0.25435702203149396,0.5945562683041671,67
chr08,2976060,6.0829493087557665e-05,1.3245531514581836,0.2540583544549987,0.5950665191790027,66
chr08,3023739,-0.00010197368421052642,4.00662170447581,0.049313682475892864,1.307032565523094,70
chr08,3029035,0.00010304054054054068,3.9836217503156526,0.050011948054632556,1.3009262285777077,69
chr08,3038069,-0.00010197368421052642,4.00662170447581,0.049313682475892864,1.307032565523094,70
chr08,3049778,-0.00010304054054054063,3.9836217503156526,0.050011948054632556,1.3009262285777077,69
chr08,3057804,-0.00012007168458781372,5.6558441558440755,0.02034652106778514,1.6915098375554594,67
chr08,3057921,-0.00011857018308631225,5.664878510571123,0.020204877885660465,1.6945437700045098,68
chr08,3066504,-0.00010748106060606071,3.865894597700515,0.053686781976632306,1.270132627172468,65
chr08,3066530,-0.00010748106060606071,3.865894597700515,0.053686781976632306,1.270132627172468,65
chr08,3066588,-0.00010899315738025425,3.852148468734909,0.054173318574171105,1.2662145593859306,64
chr08,3066598,-0.00010899315738025425,3.852148468734909,0.054173318574171105,1.2662145593859306,64
chr08,3066625,-0.00010748106060606071,3.865894597700515,0.053686781976632306,1.270132627172468,65
chr08,3170256,0.00010294117647058832,3.8776978417267736,0.0531321554361362,1.2746425655125795,68
chr08,3181570,0.00010168067226890766,3.8938984356082247,0.052588717153132646,1.2791074232179347,69
chr08,3199512,-0.00010227272727272734,3.9350377312886025,0.051389822569783604,1.28912288177186,69
chr08,3270544,-0.00010049019607843139,3.9113088109496474,0.05201682547486398,1.283856155808311,70
chr08,3304112,0.00013873106060606074,6.71515554093238,0.011865758940335763,1.9257044788491808,65
chr08,3304342,-0.00013636363636363648,6.680412371133959,0.012038237443029289,1.9194370948723019,66
chr08,3305116,0.00013469921534437678,6.869735751973448,0.010870779672085048,1.9637393064066977,68
chr08,3307096,0.00013368055555555572,6.788106926639856,0.011329460763068578,1.9457907603216744,68
chr08,3316293,-0.0001346992153443767,6.869735751973095,0.010870779672087008,1.9637393064066193,68
chr08,3321772,-0.00013778801843317986,6.8079062971475555,0.011286211015039899,1.9474518341111031,66
chr08,3349080,-0.000131927212572374,6.939038527105647,0.010433369959261444,1.9815753925971225,70
chr08,3361175,-0.0001346992153443767,6.869735751973095,0.010870779672087008,1.9637393064066193,68
chr08,3362058,-0.00013620071684587826,6.83780608853223,0.011081917421860694,1.9553850903576566,67
chr08,3393410,0.00012452107279693498,5.7033426183843225,0.01994237703676321,1.7002230770964573,65
chr08,3414276,-0.000131927212572374,6.939038527105647,0.010433369959261444,1.9815753925971225,70
chr08,3454275,-0.00010512820512820523,4.10463209300633,0.046750647438390545,1.3302123703107493,69
chr08,3525992,-0.00010843920145190573,4.117997735185251,0.0465280163926595,1.3322854621472677,67
chr08,3540912,-0.00010416666666666673,4.133035106486342,0.04596020056988751,1.33761808472254,70
chr08,3540954,-0.00010416666666666673,4.133035106486342,0.04596020056988751,1.33761808472254,70
chr08,3540961,-0.00010416666666666673,4.133035106486342,0.04596020056988751,1.33761808472254,70
chr08,3578604,-0.0001061403508771931,4.076999670905508,0.04753566355316858,1.3229804393690765,68
chr08,3588898,-8.400809716599198e-05,2.561396564958865,0.11458554301726664,0.9408701728039394,64
chr08,3668640,-8.119658119658126e-05,2.1432282003709435,0.1480949899504045,0.8294596334011226,66
chr08,3683536,4.7909407665505274e-05,0.7975343037142519,0.3750281058566799,0.4259361835761039,69
chr08,4027647,-4.821428571428578e-05,0.7877081252763078,0.37801698127997263,0.4224886903465361,68
chr08,4043530,-4.730327144120249e-05,0.7654129154073187,0.38481253133891113,0.4147507936957489,68
chr08,4076631,4.7089947089947106e-05,0.7477061910815568,0.39064747226272056,0.40821498150646895,62
chr08,4088868,5.0194931773879165e-05,0.7814096231301503,0.3800714618158074,0.42013473876631485,65
chr08,4091006,4.583333333333337e-05,0.7627700009269879,0.38553687129390113,0.4139340813387155,70
chr08,4093953,4.6491228070175476e-05,0.7450149891901353,0.39118489934406864,0.40761791834793853,68
chr08,4133638,-3.173076923076927e-05,0.3402609956500141,0.5617286249519076,0.2504734444843663,66
chr08,4154909,4.837164750957862e-05,0.7379000729101647,0.3935911352120828,0.4049546916731936,65
chr08,4171429,6.267806267806273e-05,1.3656644034918182,0.24689277457181832,0.6074916197055938,66
chr08,4264377,4.9537037037037076e-05,0.8017930272121139,0.3738618791351115,0.42728881546971365,67
chr08,4340810,-4.730327144120251e-05,0.7654129154073186,0.38481253133891113,0.4147507936957489,68
chr08,4340827,-4.730327144120251e-05,0.7654129154073186,0.38481253133891113,0.4147507936957489,68
chr08,4381345,-4.4407894736842156e-05,0.7252139565502904,0.397428087428082,0.4007414432554573,70
chr08,4390860,-2.9642545771578056e-05,0.3276869158878293,0.5689692160399873,0.24491123038107965,68
chr08,4390921,-2.9642545771578056e-05,0.3276869158878293,0.5689692160399873,0.24491123038107965,68
chr08,4391033,-8.710407239819012e-05,2.4613986114092956,0.12211490171527588,0.9132313357453266,60
chr08,4400598,-4.4407894736842156e-05,0.7252139565502904,0.397428087428082,0.4007414432554573,70
chr08,4400775,-4.476351351351356e-05,0.7172179095831774,0.40007293316602455,0.39786082971140313,69
chr08,4439083,-1.132917630601331e-21,0.0,1.0,-0.0,62
chr08,4439142,-1.5625000000000034e-05,0.08895008605853956,0.7664255977144137,0.11552999876188329,70
chr08,4737131,-1.35135135135135e-05,0.0626838235294361,0.8030809857471797,0.09524065660222683,68
chr08,4737174,-1.35135135135135e-05,0.0626838235294361,0.8030809857471797,0.09524065660222683,68
chr08,4754949,-1.3513513513513508e-05,0.0626838235294361,0.8030809857471797,0.09524065660222683,68
chr08,4763674,-1.2820512820512838e-05,0.055626598465495516,0.8142771625958192,0.08922774535907112,68
chr08,4822359,1.3513513513513505e-05,0.0626838235294361,0.8030809857471797,0.09524065660222683,68
chr08,4834796,1.3157894736842123e-05,0.057067603160678326,0.8119438221522327,0.09047401826289159,67
chr08,4839487,1.315789473684211e-05,0.06105770644090906,0.8055875373194845,0.0938872610681967,69
chr08,4890275,1.3157894736842126e-05,0.057067603160678326,0.8119438221522327,0.09047401826289159,67
chr08,4890375,-1.315789473684214e-05,0.059062164419531805,0.8087381385752584,0.09219207589244127,68
chr08,4890392,-1.2820512820512833e-05,0.05757002921463368,0.8111112409658021,0.09091957979057566,69
chr08,4890401,-1.315789473684214e-05,0.059062164419531805,0.8087381385752584,0.09219207589244127,68
chr08,4890592,3.5087719298245636e-06,0.004563447477131411,0.9463454705878813,0.023950292159772197,68
chr08,4901181,-1.2820512820512845e-05,0.05951439864485737,0.8079996477031648,0.09258882858259809,70
chr08,4904651,1.2820512820512855e-05,0.05757002921463368,0.8111112409658021,0.09091957979057566,69
chr08,5076917,4.083484573502747e-06,0.005972644945822376,0.9386359045055279,0.027502837263530634,67
chr08,5124898,4.5000000000000043e-05,0.6104797224548353,0.4375336319690687,0.3589885583737824,65
chr08,5149545,-4.29087624209576e-05,0.6150511742402304,0.43569801570807043,0.360814417959582,68
chr08,5230894,3.0052264808362415e-05,0.3372729262420549,0.5633560014749812,0.24921707474959764,69
chr08,5243245,-4.2247386759581945e-05,0.6185278831709857,0.43436778679899557,0.36214238998961795,69
chr08,5243265,-4.2247386759581945e-05,0.6185278831709857,0.43436778679899557,0.36214238998961795,69
chr08,5243326,-4.2247386759581945e-05,0.6185278831709857,0.43436778679899557,0.36214238998961795,69
chr08,5243331,-4.2247386759581945e-05,0.6185278831709857,0.43436778679899557,0.36214238998961795,69
chr08,5245444,-3.1730769230769274e-05,0.3402609956500141,0.5617286249519076,0.2504734444843663,66
chr08,5260691,-4.166666666666669e-05,0.6164662349676908,0.4350905576649524,0.361420341663625,70
chr08,5316416,-4.224738675958194e-05,0.6185278831709857,0.43436778679899557,0.36214238998961795,69
chr08,5316684,-4.285714285714286e-05,0.6208315641637056,0.43355923240821925,0.36295156127717015,68
chr08,5320558,-4.423076923076926e-05,0.6136001159924429,0.43632474646471675,0.3601901549978273,66
chr08,5362708,1.2195121951219535e-05,0.05110602593440121,0.8218379925311342,0.08521378572536019,69
chr08,5362717,1.2195121951219535e-05,0.05110602593440121,0.8218379925311342,0.08521378572536019,69
chr08,5362944,1.2195121951219535e-05,0.05110602593440121,0.8218379925311342,0.08521378572536019,69
chr08,5363140,1.2195121951219535e-05,0.05110602593440121,0.8218379925311342,0.08521378572536019,69
chr08,5385235,1.2195121951219535e-05,0.04925917735515258,0.825042737141275,0.08352355445140403,68
chr08,5423044,1.1904761904761925e-05,0.04630329195900985,0.8302889837603814,0.0807707242396017,68
chr08,5423245,1.162790697674421e-05,0.04524440288815914,0.8322011037916907,0.0797717125152867,69
chr08,5436422,-1.1904761904761936e-05,0.044502259345471994,0.8335818993004627,0.07905172436997746,67
chr08,5436934,1.1627906976744182e-05,0.04700460829492825,0.8290091007887093,0.08144070177708151,70
chr08,5437074,1.2500000000000009e-05,0.04857826823146359,0.826257501835346,0.08288458440082117,66
chr08,5505298,-1.5863908767961224e-20,0.0,1.0,-0.0,66
chr08,5513105,-1.3157894736842143e-05,0.05308160399439321,0.8185317780218617,0.08696445522377218,65
chr08,5513181,-1.3157894736842128e-05,0.05906216441953182,0.8087381385752584,0.09219207589244127,68
chr08,5516461,-1.2820512820512837e-05,0.05368414842781392,0.8175001511742366,0.0875121583568131,67
chr08,5521112,-1.2500000000000007e-05,0.05615194054502283,0.813397139575277,0.08969735918598912,70
chr08,5521243,1.2500000000000009e-05,0.05615194054502283,0.813397139575277,0.08969735918598912,70
chr08,5537098,-1.2820512820512844e-05,0.057570029214633674,0.8111112409658021,0.09091957979057566,69
chr08,5537292,-1.282051282051282e-05,0.055626598465495516,0.8142771625958192,0.08922774535907112,68
chr08,5547134,0.0,0.0,1.0,-0.0,64
chr08,5547146,0.0,0.0,1.0,-0.0,65
chr08,5547203,0.0,0.0,1.0,-0.0,65
chr08,5561544,-1.2500000000000007e-05,0.05615194054502283,0.813397139575277,0.08969735918598912,70
chr08,5568899,-1.2500000000000007e-05,0.05615194054502283,0.813397139575277,0.08969735918598912,70
chr08,5574014,5.860552283705431e-21,0.0,1.0,-0.0,66
chr08,5604268,1.2820512820512849e-05,0.057570029214633674,0.8111112409658021,0.09091957979057566,69
chr08,5604360,1.2820512820512823e-05,0.055626598465495516,0.8142771625958192,0.08922774535907112,68
chr08,5608359,-1.2500000000000007e-05,0.05615194054502283,0.813397139575277,0.08969735918598912,70
chr08,5673485,-1.2500000000000007e-05,0.05615194054502283,0.813397139575277,0.08969735918598912,70
chr08,5673497,-1.2500000000000007e-05,0.05615194054502283,0.813397139575277,0.08969735918598912,70
chr08,5688304,-1.2990890895547029e-20,0.0,1.0,-0.0,67
chr08,5696531,-1.315789473684212e-05,0.057067603160678326,0.8119438221522327,0.09047401826289159,67
chr08,5825683,1.5625000000000038e-05,0.08657237646239048,0.7694904001068018,0.11379679390482132,69
chr08,5826125,-1.5151515151515209e-05,0.07706793137119645,0.7821919681519421,0.10668664786381649,67
chr08,5832731,-1.5151515151515146e-05,0.08167411621293746,0.7759231117245666,0.11018131199973372,69
chr08,5849256,-1.6666666666666667e-05,0.08720585327270826,0.7687309169033794,0.11422565207691904,65
chr08,5901802,1.5625000000000038e-05,0.08657237646239048,0.7694904001068018,0.11379679390482132,69
chr08,5937456,-1.5151515151515146e-05,0.08167411621293746,0.7759231117245666,0.11018131199973372,69
chr08,5947953,-1.5624999999999983e-05,0.07944505293904651,0.7789602926124596,0.10848467986121622,66
chr08,5967484,1.470588235294119e-05,0.07706464228203143,0.782170249976375,0.10669870655929907,69
chr08,5975175,-3.0330882352941186e-05,0.3251732101616213,0.5705117578260298,0.24373540066497004,66
chr08,5975177,-3.0330882352941186e-05,0.3251732101616213,0.5705117578260298,0.24373540066497004,66
chr08,5975227,-3.0330882352941186e-05,0.3251732101616213,0.5705117578260298,0.24373540066497004,66
chr08,5985683,-9.49301441346754e-21,0.0,1.0,-0.0,66
chr08,6033381,0.0,0.0,1.0,-0.0,64
chr08,6038019,1.4705882352941162e-05,0.07259620266016649,0.7884470398675569,0.10322747299548488,67
chr08,6038067,1.5151515151515165e-05,0.07476635514020143,0.7853998118129064,0.10490920712547593,66
chr08,6116003,1.4705882352941202e-05,0.07706464228203143,0.782170249976375,0.10669870655929907,69
chr08,6118202,1.5151515151515199e-05,0.0793705332600484,0.7790337428019035,0.10844373103693475,68
chr08,6152740,-3.3431281409657398e-21,0.0,1.0,-0.0,65
chr08,6152781,-1.666666666666668e-05,0.10011398176289571,0.7527557398673913,0.12334592424664655,64
chr08,6152830,-1.7241379310344828e-05,0.10662342767295449,0.7451213035984385,0.12777301960740195,64
chr08,6202948,-1.4705882352941187e-05,0.07706464228203143,0.782170249976375,0.10669870655929907,69
chr08,6207927,-2.9857397504456413e-05,0.3250727774875248,0.5705404939110004,0.24371352625366616,67
chr08,6207966,2.9857397504456413e-05,0.3250727774875248,0.5705404939110004,0.24371352625366616,67
chr08,6237649,1.4285714285714299e-05,0.07488986784143459,0.7851753351822295,0.10503335140837709,70
chr08,6298060,1.4705882352941189e-05,0.07482993197282231,0.7852842374037242,0.10497311982424265,68
chr08,6298061,1.4705882352941189e-05,0.07482993197282231,0.7852842374037242,0.10497311982424265,68
chr08,6351275,-1.4285714285714287e-05,0.070549365120521,0.7913664956780773,0.10162234053719627,68
chr08,6356938,-1.38888888888889e-05,0.0761382958624683,0.783475927422438,0.10597434284339259,67
chr08,6356941,-1.38888888888889e-05,0.0761382958624683,0.783475927422438,0.10597434284339259,67
chr08,6436131,4.372294372294376e-05,0.6668218337981523,0.41709960567728843,0.37976022073258786,68
chr08,6443655,2.857142857142859e-05,0.298507462686594,0.5866901990839675,0.23159116680208242,67
chr08,6443714,4.248366013071895e-05,0.6675331276094084,0.4167663318422864,0.380107372447746,70
chr08,6496388,4.248366013071895e-05,0.6675331276094084,0.4167663318422864,0.380107372447746,70
chr08,6496436,-4.248366013071895e-05,0.6675331276094084,0.4167663318422864,0.380107372447746,70
chr08,6505909,-4.194078947368428e-05,0.6461285549893396,0.4243013477510773,0.3723255887379181,70
chr08,6560540,1.6163793103448093e-06,0.0009442366886611255,0.9755898271611393,0.010732736885179213,61
chr08,6610200,7.352941176470594e-05,1.9230769230770517,0.1701840500900797,0.7690811450884324,68
chr08,6610201,-7.352941176470594e-05,1.9230769230770517,0.1701840500900797,0.7690811450884324,68
chr08,6617403,7.511520737327197e-05,1.8824988154229707,0.17484066576604196,0.7573575484534456,66
chr08,6653052,-7.291666666666673e-05,1.88351776354118,0.17458105562299336,0.7580028848273244,68
chr08,6653104,-7.291666666666673e-05,1.88351776354118,0.17458105562299336,0.7580028848273244,68
chr08,6655942,-7.387387387387389e-05,1.8621991384783552,0.1770768968379707,0.7518380973660742,67
chr08,6661644,-7.291666666666675e-05,1.88351776354118,0.17458105562299336,0.7580028848273244,68
chr08,6688293,-6.0661764705882405e-05,1.3208255159474491,0.2547208542939268,0.59393549738418,66
chr08,6711337,-7.179054054054061e-05,1.8763251431251966,0.17532573886870995,0.7561543221943164,69
chr08,6719240,7.179054054054057e-05,1.8763251431251968,0.17532573886870995,0.7561543221943164,69
chr08,6719264,7.179054054054057e-05,1.8763251431251968,0.17532573886870995,0.7561543221943164,69
chr08,6719271,7.179054054054057e-05,1.8763251431251968,0.17532573886870995,0.7561543221943164,69
chr08,6719279,7.179054054054057e-05,1.8763251431251968,0.17532573886870995,0.7561543221943164,69
chr08,6719286,7.179054054054057e-05,1.8763251431251968,0.17532573886870995,0.7561543221943164,69
chr08,6724558,7.291666666666674e-05,1.8835177635411797,0.17458105562299336,0.7580028848273244,68
chr08,6724579,7.072368421052642e-05,1.8700379266751137,0.17597376815323298,0.7545520662504477,70
chr08,6757902,4.41595441595442e-05,0.6193257340798761,0.4342025766154929,0.36230760371308113,66
chr08,6766911,3.0180180180180183e-05,0.328604844186239,0.5684597415506272,0.24530028672208498,67
chr08,6773674,3.0399274047186977e-05,0.33100250817058086,0.5670557407246355,0.24637424851575657,67
chr08,6788152,-1.315789473684213e-05,0.05906216441953181,0.8087381385752584,0.09219207589244127,68
chr08,6788352,-1.315789473684213e-05,0.05906216441953181,0.8087381385752584,0.09219207589244127,68
chr08,6795790,1.3888888888888908e-05,0.06439962926268733,0.8004736250649407,0.0966529731481326,67
chr08,6804991,-1.2820512820512832e-05,0.059514398644857365,0.8079996477031648,0.09258882858259809,70
chr08,6815209,1.2820512820512832e-05,0.059514398644857365,0.8079996477031648,0.09258882858259809,70
chr08,6815224,-1.2820512820512832e-05,0.059514398644857365,0.8079996477031648,0.09258882858259809,70
chr08,6816373,-1.2820512820512832e-05,0.059514398644857365,0.8079996477031648,0.09258882858259809,70
chr08,6833662,-1.3157894736842111e-05,0.0630541871921305,0.802489464035981,0.09556066078112438,70
chr08,6835562,1.3157894736842111e-05,0.0630541871921305,0.802489464035981,0.09556066078112438,70
chr08,6861180,1.3157894736842111e-05,0.0630541871921305,0.802489464035981,0.09556066078112438,70
chr08,6861256,-1.3157894736842111e-05,0.0630541871921305,0.802489464035981,0.09556066078112438,70
chr08,6876435,-2.9487179487179528e-05,0.33089972085034913,0.5670566573064006,0.24637354652818724,69
chr08,6915039,1.2820512820512852e-05,0.05757002921463368,0.8111112409658021,0.09091957979057566,69
chr08,6928359,5.9747700365464656e-21,0.0,1.0,-0.0,67
chr08,7044365,2.9138513513513543e-05,0.3269679609590694,0.5693634522730239,0.24461041387605362,69
chr08,7047469,1.4705882352941184e-05,0.06813186813189838,0.7949278272961905,0.0996722998087618,65
chr08,7047470,1.4705882352941184e-05,0.06813186813189838,0.7949278272961905,0.0996722998087618,65
chr08,7050316,2.85714285714286e-05,0.28904428904431506,0.5926982138345094,0.22716638155630026,66
chr08,7050352,1.4705882352941185e-05,0.07930029154518727,0.7791030841146338,0.10840507647337351,70
chr08,7074350,1.3888888888888898e-05,0.0711587147030264,0.7905283273483421,0.10208256318825482,65
chr08,7434872,-1.562499999999999e-05,0.0794450529390465,0.7789602926124596,0.10848467986121622,66
chr08,7497533,1.3513513513513496e-05,0.06268382352943612,0.8030809857471797,0.09524065660222683,68
chr08,7497614,1.3513513513513496e-05,0.06268382352943612,0.8030809857471797,0.09524065660222683,68
chr08,7508286,-1.3513513513513547e-05,0.06678571428574023,0.7968561991657952,0.09862004440500619,70
chr08,7523760,1.3888888888888912e-05,0.06861558514105594,0.794166910030295,0.10008821232455797,69
chr08,7569115,-2.9411764705882374e-05,0.30723072307237115,0.5813162673645613,0.23558752371862776,66
chr08,7576035,-3.7278657968313153e-06,0.004844699926660006,0.944725975895449,0.024694143251857016,66
chr08,7576188,-1.3157894736842104e-05,0.0630541871921305,0.802489464035981,0.09556066078112438,70
chr08,7583467,1.4285714285714292e-05,0.05971610376898708,0.807765319529542,0.09271479669743675,63
chr08,7583657,1.3888888888888912e-05,0.060187777960803907,0.8069968184562,0.09312817745840044,65
chr08,7583665,1.3888888888888912e-05,0.060187777960803907,0.8069968184562,0.09312817745840044,65
chr08,7601751,-1.3513513513513505e-05,0.06268382352943613,0.8030809857471797,0.09524065660222683,68
chr08,7601752,-1.3513513513513505e-05,0.06268382352943613,0.8030809857471797,0.09524065660222683,68
chr08,7602618,1.2820512820512833e-05,0.05951439864485737,0.8079996477031648,0.09258882858259809,70
chr08,7661338,-1.4285714285714292e-05,0.070549365120521,0.7913664956780773,0.10162234053719627,68
chr08,7661522,-1.4705882352941165e-05,0.0725962026601665,0.7884470398675569,0.10322747299548488,67
chr08,7670109,1.4285714285714299e-05,0.0748898678414346,0.7851753351822295,0.10503335140837709,70
chr08,7676810,1.4705882352941173e-05,0.07706464228203143,0.782170249976375,0.10669870655929907,69
chr08,7719420,-1.4705882352941177e-05,0.07706464228203143,0.782170249976375,0.10669870655929907,69
chr08,7719428,-1.4705882352941177e-05,0.07706464228203143,0.782170249976375,0.10669870655929907,69
chr08,7719680,1.4705882352941189e-05,0.08847184986599099,0.7670631648204831,0.11516887203082639,68
chr08,7770396,0.00011060606060606073,3.8401082089993266,0.05461385253999999,1.2626971866241494,63
chr08,7823770,-0.00012098214285714299,5.803431729517128,0.018837661271979795,1.724973016602668,67
chr08,7827666,-0.00010227272727272735,3.935037731288603,0.051389822569783604,1.28912288177186,69
chr08,7858322,-8.020833333333342e-05,2.2585089295351644,0.13812732907729386,0.8597203859164163,62
chr08,7861466,-0.00010899315738025423,4.605637547801029,0.03578896373241524,1.4462508764020967,64
chr08,7861477,0.00010899315738025423,4.605637547801029,0.03578896373241524,1.4462508764020967,64
chr08,7861487,0.00010899315738025423,4.605637547801029,0.03578896373241524,1.4462508764020967,64
chr08,7861518,-0.00010899315738025423,4.605637547801029,0.03578896373241524,1.4462508764020967,64
chr08,7861655,-0.00010748106060606068,4.621402082695747,0.03542206658501061,1.450726104910909,65
chr08,7878937,9.250474383301716e-05,3.055210146729607,0.08535060212491732,1.0687934107108574,65
chr08,7883906,-0.00010304054054054063,3.9836217503156535,0.050011948054632556,1.3009262285777077,69
chr08,7888989,0.00010304054054054065,3.9836217503156535,0.050011948054632556,1.3009262285777077,69
chr08,7889044,-0.00010304054054054063,3.9836217503156535,0.050011948054632556,1.3009262285777077,69
chr08,7900499,-0.00010197368421052643,4.00662170447581,0.049313682475892864,1.307032565523094,70
chr09,100447,0.00010079051383399215,3.502601456815848,0.06570529766887633,1.182399612851096,68
chr09,100632,0.00010079051383399215,3.502601456815848,0.06570529766887633,1.182399612851096,68
chr09,205206,-0.0001033434650455928,3.59615384615397,0.062291713292256946,1.2055697239799228,68
chr09,205280,-0.0001033434650455928,3.59615384615397,0.062291713292256946,1.2055697239799228,68
chr09,264102,-0.00011469344608879505,3.9484477629820214,0.051266802420917114,1.2901637692429926,65
chr09,264115,0.0001158008658008659,3.9323590675411046,0.05179979549745383,1.2856719548204552,64
chr09,269054,-0.00011309523809523821,4.091862628996559,0.04708369421753816,1.327129469461784,69
chr09,269080,-0.00011309523809523821,4.091862628996559,0.04708369421753816,1.327129469461784,69
chr09,296338,-7.638888888888897e-05,1.6722090261282998,0.2006113118379169,0.6976445821317525,66
chr09,350219,-0.00011500000000000014,4.2018455787875535,0.04423892840282653,1.3541954014677289,70
chr09,350303,0.00011500000000000014,4.2018455787875535,0.04423892840282653,1.3541954014677289,70
chr09,441384,9.80392156862746e-05,2.82534246575328,0.09751420771120141,1.0109321034701988,68
chr09,466798,-0.00011976369495166494,4.249549423572852,0.04320339513084379,1.3644821228921908,68
chr09,496000,0.00011019736842105271,3.7902523933856034,0.05587541448395149,1.2527792422506054,67
chr09,499811,-0.00012061403508771943,4.222592075593227,0.04391263368837865,1.3574105150243014,67
chr09,503586,0.00012242562929061794,4.170132685803289,0.045333960121613226,1.3435763417433535,65
chr09,554780,0.00011458333333333344,3.8895027624310177,0.052913278107248454,1.2764353320270352,66
chr09,584632,-0.00012414965986394568,4.333550187036288,0.04131043395469177,1.3839402428559449,67
chr09,584738,0.00012500000000000008,4.303860523038606,0.04205254658858498,1.376207699369465,66
chr09,589967,-0.00012414965986394568,4.333550187036287,0.04131043395469177,1.3839402428559449,67
chr09,589998,0.00012414965986394568,4.333550187036287,0.04131043395469177,1.3839402428559449,67
chr09,617902,-0.0001095596133190119,3.8250000000000246,0.054728542875169914,1.2617861146146185,68
chr09,624336,0.00011948529411764715,4.0029325513195655,0.049734569947451006,1.3033416330305174,65
chr09,630006,0.0001095596133190119,3.8250000000000246,0.054728542875169914,1.2617861146146185,68
chr09,712015,-0.00011894736842105276,4.276952072428956,0.04249641916824652,1.3716476629141285,69
chr09,737246,0.00012015018773466845,3.9627163781623898,0.0509311378591653,1.2930166210860146,64
chr09,737252,0.00012015018773466845,3.9627163781623898,0.0509311378591653,1.2930166210860146,64
chr09,758878,-9.934640522875824e-05,3.0933466626201973,0.08371184698045118,1.0772130758878415,62
chr09,793747,-0.00012333333333333345,4.363662706461859,0.04057327394243923,1.3917599467505013,68
chr09,853170,-0.00012669683257918567,4.531400966183544,0.0369585381626962,1.4322852149527403,69
chr09,853175,-0.00012669683257918567,4.531400966183544,0.0369585381626962,1.4322852149527403,69
chr09,887320,-0.00012669683257918567,4.531400966183544,0.0369585381626962,1.4322852149527403,69
chr09,978877,-0.00012254901960784324,4.394172583861134,0.03984180026639136,1.3996610460491556,69
chr09,1018065,0.00011073500967117996,4.0199708703318775,0.04900721308479697,1.3097399940045726,69
chr09,1042767,-0.00011309523809523821,4.09186262899656,0.04708369421753773,1.327129469461788,69
chr09,1042880,0.00011309523809523821,4.09186262899656,0.04708369421753773,1.327129469461788,69
chr09,1043974,0.00010079051383399215,3.502601456815849,0.06570529766887633,1.182399612851096,68
chr09,1066161,8.125000000000008e-05,1.9507957791638944,0.16718029346047722,0.7768149167640457,68
chr09,1066253,8.061224489795922e-05,1.9605633934891602,0.1660669707897286,0.7797167361828841,69
chr09,1125931,4.554865424430644e-05,0.6045088365702211,0.43968356159277233,0.3568597710029983,67
chr09,1128396,4.30157261794635e-05,0.6038440214378316,0.4398100514796338,0.3567348494357629,70
chr09,1216679,3.246124031007755e-05,0.35357635787937186,0.5541598586321772,0.25636493616101336,67
chr09,1225139,-4.362101313320829e-05,0.6118880548036081,0.4369181893716698,0.3595998747701523,67
chr09,1367939,4.5833333333333374e-05,0.6077446532728942,0.43860404658826435,0.35792736581206014,64
chr09,1419759,-1.1627906976744185e-05,0.047004608294928266,0.8290091007887093,0.08144070177708151,70
chr09,1442346,-1.1904761904761905e-05,0.04810530514558966,0.827060420978967,0.08246276186313388,69
chr09,1452362,1.1904761904761903e-05,0.04810530514558966,0.827060420978967,0.08246276186313388,69
chr09,1460355,3.432628829398297e-21,0.0,1.0,-0.0,67
chr09,1460393,3.432628829398297e-21,0.0,1.0,-0.0,67
chr09,1460398,3.432628829398297e-21,0.0,1.0,-0.0,67
chr09,1460489,-7.942873058502315e-22,0.0,1.0,-0.0,68
chr09,1460542,-7.942873058502315e-22,0.0,1.0,-0.0,68
chr09,1467637,1.2500000000000004e-05,0.059667493965240195,0.8077916666443802,0.09270063141984242,67
chr09,1475069,1.2195121951219538e-05,0.04925917735515257,0.825042737141275,0.08352355445140403,68
chr09,1475102,1.2195121951219538e-05,0.04925917735515257,0.825042737141275,0.08352355445140403,68
chr09,1489954,1.2195121951219533e-05,0.049259177355152575,0.825042737141275,0.08352355445140403,68
chr09,1507844,-1.1627906976744185e-05,0.047004608294928266,0.8290091007887093,0.08144070177708151,70
chr09,1516975,-4.390243902439035e-06,0.007054558518545387,0.9333254262197608,0.029966902695663312,66
chr09,1562819,0.0,0.0,1.0,-0.0,65
chr09,1565945,-5.360623781676424e-06,0.009575971509501228,0.9223566044081595,0.03510113818237114,65
chr09,1593695,-3.84615384615385e-05,0.5294117647059042,0.46942763735581117,0.328431345078739,68
chr09,1593706,-3.84615384615385e-05,0.5294117647059042,0.46942763735581117,0.328431345078739,68
chr09,1643529,-1.8518518518518518e-05,0.11369747899163762,0.737043225295186,0.13250704137203057,68
chr09,1694318,-1.282051282051283e-05,0.05562659846549552,0.8142771625958192,0.08922774535907112,68
chr09,1735412,-3.238866396761136e-05,0.3364993215739473,0.5639591797629389,0.2487523297848852,64
chr09,1736637,1.2195121951219528e-05,0.05110602593440121,0.8218379925311342,0.08521378572536019,69
chr09,1742137,1.3157894736842128e-05,0.049100099810048495,0.8253767567611325,0.08334776535018694,63
chr09,1764841,-1.2195121951219523e-05,0.04741330939288518,0.8283091569846782,0.08180753747490928,67
chr09,1780601,-1.2500000000000007e-05,0.059667493965240195,0.8077916666443802,0.09270063141984242,67
chr09,1780674,1.2499999999999999e-05,0.059667493965240195,0.8077916666443802,0.09270063141984242,67
chr09,1814340,4.3518518518518547e-05,0.6170629719241557,0.43499490148516096,0.3615158333208499,67
chr09,1843962,4.6296296296296314e-05,0.6278303828736487,0.43122305585865384,0.36529802712441434,63
chr09,1848494,4.224137931034489e-05,0.6248742420534746,0.43203087769075277,0.3644852126029518,69
chr09,1947443,4.224738675958193e-05,0.6185278831709854,0.43436778679899557,0.36214238998961795,69
chr09,1964644,4.224738675958193e-05,0.6185278831709854,0.43436778679899557,0.36214238998961795,69
chr09,1978978,5.5103884372177084e-05,1.1112488687782751,0.29565452222491423,0.529215473802349,68
chr09,2025202,-4.351851851851856e-05,0.6170629719241557,0.43499490148516096,0.3615158333208499,67
chr09,2025204,-4.351851851851856e-05,0.6170629719241557,0.43499490148516096,0.3615158333208499,67
chr09,2025236,-4.351851851851856e-05,0.6170629719241557,0.43499490148516096,0.3615158333208499,67
chr09,2107561,-5.6018518518518566e-05,1.1204508340995643,0.2937392912610779,0.5320379573363646,67
chr09,2125403,4.423076923076926e-05,0.6136001159924428,0.43632474646471675,0.3601901549978273,66
chr09,2148528,4.56410256410257e-05,0.6121146099233504,0.4369707155533241,0.3595476671480008,64
chr09,2152023,-4.2328042328042376e-05,0.6132723112127919,0.43631780626625905,0.3601970629577569,69
chr09,2152310,5.494505494505501e-05,1.0895284212842304,0.3003839140135878,0.5223233281332089,68
chr09,2152441,4.380952380952388e-05,0.6078874210528227,0.4384140755719528,0.3581155109901616,67
chr09,2158705,-2.913752913752922e-06,0.0025969635773710077,0.9595292061141155,0.017941801688115846,61
chr09,2158765,2.4999999999999998e-05,0.1871415232759354,0.6668320393143554,0.17598354177272474,63
chr09,2173137,4.177433247200694e-05,0.6117100407289926,0.43685967937008463,0.35965803731185,70
chr09,2173237,4.3040293040293096e-05,0.6103998325309189,0.4374308900496754,0.35909055164947495,68
chr09,2173250,4.3040293040293096e-05,0.6103998325309189,0.4374308900496754,0.35909055164947495,68
chr09,2183704,1.1363636363636388e-05,0.04423317488118295,0.8340493139406251,0.07880827053835407,70
chr09,2185967,1.2500000000000012e-05,0.046687416629628706,0.8296291575258403,0.08111599296176561,65
chr09,2185970,1.2500000000000009e-05,0.04857826823146361,0.826257501835346,0.08288458440082117,66
chr09,2187957,-1.190476190476193e-05,0.04630329195900984,0.8302889837603814,0.0807707242396017,68
chr09,2382011,-1.2820512820512847e-05,0.0517427236794754,0.820783189258188,0.08577154707530273,66
chr09,2433960,1.1363636363636377e-05,0.04251376938500505,0.8372688068042188,0.07713508851838867,69
chr09,2435412,-1.1904761904761946e-05,0.044502259345471994,0.8335818993004627,0.07905172436997746,67
chr09,2450094,1.2195121951219508e-05,0.04188204887218045,0.8385151304142011,0.07648909644953403,64
chr09,2568494,-6.439393939393943e-05,1.447741935483762,0.2331889297757034,0.6322920707716984,68
chr09,2568569,-6.439393939393943e-05,1.447741935483762,0.2331889297757034,0.6322920707716984,68
chr09,2568578,-6.439393939393943e-05,1.447741935483762,0.2331889297757034,0.6322920707716984,68
chr09,2568602,-6.439393939393943e-05,1.447741935483762,0.2331889297757034,0.6322920707716984,68
chr09,2580738,-2.500000000000002e-05,0.2348484848484327,0.6296595361873503,0.20089421486879958,64
chr09,2584824,3.5714285714285744e-05,0.365269461077824,0.5478355972914637,0.2613497515545444,63
chr09,2584962,3.383838383838389e-05,0.3686616439515495,0.5458499424567399,0.2629267311412136,67
chr09,2624226,-1.1904761904761927e-05,0.04630329195900985,0.8302889837603814,0.0807707242396017,68
chr09,2625989,1.3513513513513517e-05,0.0504032258064712,0.8231259116203026,0.08453372670832744,62
chr09,2636311,1.13636363636364e-05,0.04423317488118296,0.8340493139406251,0.07880827053835407,70
chr09,2638350,-1.1627906976744202e-05,0.04700460829492825,0.8290091007887093,0.08144070177708151,70
chr09,2653889,8.957795727088178e-21,0.0,1.0,-0.0,66
chr09,2665367,-1.2499999999999979e-05,0.05236314178852474,0.8197086716934421,0.08634047049018866,68
chr09,2672548,1.2820512820512857e-05,0.05368414842781392,0.8175001511742366,0.0875121583568131,67
chr09,2677172,-1.2195121951219538e-05,0.04925917735515257,0.825042737141275,0.08352355445140403,68
chr09,2688344,-1.1904761904761917e-05,0.04810530514558966,0.827060420978967,0.08246276186313388,69
chr09,2688350,-1.1904761904761917e-05,0.04810530514558966,0.827060420978967,0.08246276186313388,69
chr09,2692173,-1.1904761904761917e-05,0.048105305145589666,0.827060420978967,0.08246276186313388,69
chr09,2704771,-1.1627906976744202e-05,0.04700460829492825,0.8290091007887093,0.08144070177708151,70
chr09,2711250,-1.1363636363636392e-05,0.04251376938500505,0.8372688068042188,0.07713508851838867,69
chr09,2743426,-1.1627906976744204e-05,0.045244402888159146,0.8322011037916907,0.0797717125152867,69
chr09,2800069,-1.190476190476194e-05,0.044502259345472,0.8335818993004627,0.07905172436997746,67
chr09,2836372,-1.1904761904761907e-05,0.04810530514558966,0.827060420978967,0.08246276186313388,69
chr09,2836431,1.1904761904761917e-05,0.04810530514558966,0.827060420978967,0.08246276186313388,69
chr09,2849617,1.1627906976744202e-05,0.04700460829492825,0.8290091007887093,0.08144070177708151,70
chr09,2864783,-4.2328042328042376e-05,0.6132723112127917,0.43631780626625905,0.3601970629577569,69
chr09,2935011,1.0296010296010307e-05,0.032050364859065386,0.8585633170469894,0.06622767111444824,58
chr09,2935027,1.0296010296010307e-05,0.032050364859065386,0.8585633170469894,0.06622767111444824,58
chr09,2935028,1.0296010296010307e-05,0.032050364859065386,0.8585633170469894,0.06622767111444824,58
chr09,2945625,-1.25e-05,0.05047019239063671,0.8229518492931713,0.08462557450587031,67
chr09,2974395,2.9741379310344875e-05,0.33376651505303095,0.5653861847592268,0.24765480772505796,69
chr09,2979874,-5.0194931773879205e-05,0.9257737670630816,0.33964211613319795,0.4689784619199681,65
chr09,2979891,-5.0194931773879205e-05,0.9257737670630816,0.33964211613319795,0.4689784619199681,65
chr09,2986256,1.3157894736842143e-05,0.05906216441953181,0.8087381385752584,0.09219207589244127,68
chr09,2986389,-1.3157894736842143e-05,0.05906216441953181,0.8087381385752584,0.09219207589244127,68
chr09,3010869,1.3513513513513532e-05,0.06678571428574023,0.7968561991657952,0.09862004440500619,70
chr09,3010928,1.3513513513513532e-05,0.06678571428574023,0.7968561991657952,0.09862004440500619,70
chr09,3011336,-1.3513513513513515e-05,0.06268382352943612,0.8030809857471797,0.09524065660222683,68
chr09,3012206,-1.351351351351351e-05,0.06063432835820137,0.8062721061705144,0.09351836481403282,67
chr09,3021672,-1.8181818181818213e-05,0.11697027804412626,0.733519521081975,0.1345883238310996,63
chr09,3040911,1.428571428571434e-05,0.06404608607253912,0.8010355671013085,0.09634820020427012,65
chr09,3046355,-1.4285714285714289e-05,0.07271914703440119,0.7882468902782845,0.10333773391674696,69
chr09,3063657,1.5625000000000014e-05,0.0746987951807063,0.78552269100472,0.10484126519332011,64
chr09,3104864,-1.4705882352941234e-05,0.07036349893492555,0.7916608002699546,0.10146085897329546,66
chr09,3104972,1.428571428571428e-05,0.06838056413964372,0.7945362631122834,0.0998862765432449,67
chr09,3120221,-1.428571428571428e-05,0.070549365120521,0.7913664956780773,0.10162234053719627,68
chr09,3129798,-5.040322580645255e-07,9.823008707113756e-05,0.992124551721835,0.003433802916397332,63
chr09,3129824,-5.040322580645255e-07,9.823008707113756e-05,0.992124551721835,0.003433802916397332,63
chr09,3161305,6.195440985631443e-21,0.0,1.0,-0.0,66
chr09,3164414,1.3513513513513493e-05,0.06268382352943612,0.8030809857471797,0.09524065660222683,68
chr09,3165755,1.428571428571429e-05,0.07054936512052101,0.7913664956780773,0.10162234053719627,68
chr09,3165874,1.428571428571429e-05,0.07054936512052101,0.7913664956780773,0.10162234053719627,68
chr09,3225991,-1.4705882352941163e-05,0.07259620266016649,0.7884470398675569,0.10322747299548488,67
chr09,3248133,-1.612903225806453e-05,0.08823529411768374,0.7674586658274255,0.11494500567027675,62
chr09,3253658,-2.943722943722946e-05,0.32540603248260697,0.5703138093368324,0.2438861124650852,68
chr09,3305415,4.3816543816543875e-05,0.7087615163322089,0.40280639117943895,0.3949036472744699,70
chr09,3334486,4.419191919191924e-05,0.701214042222363,0.40535319319111507,0.3921664014555891,69
chr09,3342805,-4.419191919191924e-05,0.701214042222363,0.40535319319111507,0.3921664014555891,69
chr09,3404552,4.456327985739752e-05,0.672780342393474,0.41508174806813536,0.38186636295385024,67
chr09,3436031,-4.369747899159668e-05,0.6866169425746905,0.410259654834671,0.38694118969697155,69
chr09,3466617,-4.369747899159668e-05,0.6866169425746905,0.410259654834671,0.38694118969697155,69
chr09,3531610,5.887445887445896e-05,1.3211657344716268,0.2545312111607822,0.5942589559448801,68
chr09,3531773,-5.8874458874458965e-05,1.3211657344716268,0.2545312111607822,0.5942589559448801,68
chr09,3546230,-4.3277310924369766e-05,0.6733441893995491,0.4147980925246666,0.38216324940912105,69
chr09,3554832,6.0661764705882405e-05,1.320825515947449,0.2547208542939268,0.59393549738418,66
chr09,3564895,-4.3277310924369766e-05,0.6733441893995491,0.4147980925246666,0.38216324940912105,69
chr09,3565643,-2.9857397504456325e-05,0.3250727774875248,0.5705404939110004,0.24371352625366616,67
chr09,3565669,2.9857397504456325e-05,0.3250727774875248,0.5705404939110004,0.24371352625366616,67
chr09,3571871,-7.39247311827958e-05,1.8752086214295232,0.1755926139195472,0.7554937560919164,67
chr09,3594630,-4.687500000000004e-05,0.6788321167883713,0.4131474460526029,0.38389492757095184,64
chr09,3665191,-4.456327985739752e-05,0.6727803423934738,0.41508174806813536,0.38186636295385024,67
chr09,3720007,4.292929292929295e-05,0.6613272311212675,0.41897229690844595,0.3778146923023176,69
chr09,3720068,4.2483660130718934e-05,0.6675331276094084,0.4167663318422864,0.380107372447746,70
chr09,3720213,4.2483660130718934e-05,0.6675331276094084,0.4167663318422864,0.380107372447746,70
chr09,3720288,4.419642857142858e-05,0.6604454286186147,0.4193693545867849,0.37740330877798434,67
chr09,3720351,4.419642857142858e-05,0.6604454286186147,0.4193693545867849,0.37740330877798434,67
chr09,3750891,-4.327731092436977e-05,0.6733441893995491,0.4147980925246666,0.38216324940912105,69
chr09,3751080,-4.248366013071894e-05,0.6675331276094084,0.4167663318422864,0.380107372447746,70
chr09,3782903,4.803921568627455e-05,0.8416749592907392,0.36247327121210227,0.4407240127980209,64
chr09,3783040,4.390681003584237e-05,0.6493806407050761,0.42327254161518624,0.37337990400838095,67
chr09,3806130,4.3906810035842374e-05,0.6493806407050761,0.42327254161518624,0.37337990400838095,67
chr09,3806229,-4.340277777777779e-05,0.6552715604200032,0.42114306806462576,0.37557034331877587,68
chr09,3820553,4.327731092436977e-05,0.6733441893995491,0.4147980925246666,0.38216324940912105,69
chr09,3832906,-5.9821428571428646e-05,1.3225022775585142,0.25435702203149396,0.5945562683041671,67
chr09,3835211,-1.4705882352941189e-05,0.08847184986599099,0.7670631648204831,0.11516887203082639,68
chr09,3882719,4.330065359477126e-05,0.6937187891553233,0.4078182228328253,0.38953337223388934,70
chr09,3882926,4.330065359477126e-05,0.6937187891553233,0.4078182228328253,0.38953337223388934,70
chr09,3902200,2.9910714285714326e-05,0.32565617288567916,0.5701957808369045,0.24397600057624294,67
chr09,3926851,7.717803030303035e-05,2.301089474371648,0.13428545629318986,0.8719710207910066,65
chr09,3941466,4.503676470588244e-05,0.6660684949913325,0.4174529799797029,0.3793924343967847,66
chr09,3941481,4.503676470588244e-05,0.6660684949913325,0.4174529799797029,0.3793924343967847,66
chr09,3955600,-5.887445887445892e-05,1.321165734471627,0.2545312111607822,0.5942589559448801,68
chr09,3965801,-4.545454545454549e-05,0.6792452830187923,0.4129076950477293,0.38414702343281487,66
chr09,3978779,-4.503676470588244e-05,0.6660684949913325,0.4174529799797029,0.3793924343967847,66
chr09,4053883,-4.696394686907026e-05,0.7018419482254895,0.4053325465398532,0.3921885227937978,65
chr09,4073115,1.612903225806453e-05,0.08823529411768374,0.7674586658274255,0.11494500567027675,62
chr09,4082297,-4.330065359477125e-05,0.6937187891553233,0.4078182228328253,0.38953337223388934,70
chr09,4086182,6.250000000000006e-05,1.3191489361702131,0.2551568268040775,0.5931928074858676,64
chr09,4118883,2.951388888888889e-05,0.3262576330328371,0.5698110552883194,0.2442691289748562,68
chr09,4146400,-4.265202702702703e-05,0.6505102016536238,0.4227840496677988,0.3738814056406938,69
chr09,4146490,4.3156059285091544e-05,0.6449312063809073,0.42481343876775257,0.37180175301330587,68
chr09,4159168,-3.1130268199233745e-05,0.32857257482148544,0.5685413039005875,0.24523797881353676,65
chr09,4162634,-4.230769230769238e-05,0.6323110121239912,0.4293169160868888,0.36722199896884106,69
chr09,4183905,9.119782214156089e-05,3.105538388400286,0.08272789630306042,1.0823480192552273,67
chr09,4211194,-7.198275862068971e-05,1.8473717981039015,0.17864694331509862,0.7480044102633461,69
chr09,4418351,9.107142857142864e-05,3.1487371375115436,0.08059756237327517,1.0936780929820615,68
chr09,4475861,-9.21409214092142e-05,3.187499999999973,0.07879800768582994,1.1034847629925335,68
chr09,4475943,9.21409214092142e-05,3.187499999999973,0.07879800768582994,1.1034847629925335,68
chr09,4507801,-6.349206349206354e-05,1.340540540540564,0.2513795096536639,0.5996701252459867,64
chr09,4664987,-7.321428571428576e-05,1.8451329641272163,0.17897559518669287,0.7472061846532958,68
chr09,4686870,6.012378426171541e-05,1.349774436090291,0.2495018482696804,0.6029262328447992,68
chr09,4695842,-6.203007518796997e-05,1.3512476007676713,0.24937650738666559,0.6031444618153624,66
chr09,4703739,4.288240495137052e-05,0.627733345194049,0.43102661343215043,0.36549591380702295,68
chr09,4703756,4.288240495137052e-05,0.627733345194049,0.43102661343215043,0.36549591380702295,68
chr09,4707643,-6.0714285714285776e-05,1.363304981773984,0.24716641670116885,0.6070105385677684,68
chr09,4758912,-5.857385398981331e-05,1.3341991341990826,0.25216248355947857,0.5983195267838706,69
chr09,4758990,4.194078947368427e-05,0.6461285549893396,0.4243013477510773,0.3723255887379181,70
chr09,4759002,4.194078947368427e-05,0.6461285549893396,0.4243013477510773,0.3723255887379181,70
chr09,4779916,4.372294372294375e-05,0.6668218337981526,0.41709960567728843,0.37976022073258786,68
chr09,4780126,-4.3156059285091564e-05,0.6449312063809074,0.42481343876775257,0.37180175301330587,68
chr09,4790290,-4.3402777777777807e-05,0.6552715604200033,0.42114306806462576,0.37557034331877587,68
chr09,4796122,-4.3402777777777786e-05,0.6552715604200031,0.42114306806462576,0.37557034331877587,68
chr09,4926617,6.082949308755768e-05,1.3245531514581836,0.2540583544549987,0.5950665191790027,66
chr09,4933558,-7.536764705882362e-05,2.2592662592662225,0.1377356784388121,0.8609535474551003,66
chr09,4969526,2.6315789473684222e-05,0.25767829255594255,0.6134119045497765,0.21224779987275572,68
chr09,4973960,6.871345029239773e-05,1.948162665360168,0.1676848440413361,0.7755061887157143,65
chr09,5111737,-1.190476190476192e-05,0.04270225187656144,0.8369429592817359,0.07730413975265855,66
chr09,5114194,-1.1111111111111129e-05,0.038225221595486976,0.8455922618038174,0.07283900000441323,68
chr09,5114238,-1.1111111111111129e-05,0.038225221595486976,0.8455922618038174,0.07283900000441323,68
chr09,5163034,-1.1363636363636353e-05,0.040795302359142666,0.8405548323851589,0.07543395072472352,68
chr09,5163067,-1.1363636363636353e-05,0.040795302359142666,0.8405548323851589,0.07543395072472352,68
chr09,5208306,-4.5454545454545506e-05,0.6868778280543272,0.4102156319000848,0.38698779419047774,68
chr09,5279715,-1.3157894736842106e-05,0.04910009981004851,0.8253767567611325,0.08334776535018694,63
chr09,5279883,-1.1627906976744223e-05,0.04524440288815914,0.8322011037916907,0.0797717125152867,69
chr09,5279926,-1.1627906976744223e-05,0.04524440288815914,0.8322011037916907,0.0797717125152867,69
chr09,5283022,0.0,0.0,1.0,-0.0,65
chr09,5283115,0.0,0.0,1.0,-0.0,65
chr09,5283171,0.0,0.0,1.0,-0.0,65
chr09,5283182,0.0,0.0,1.0,-0.0,65
chr09,5285390,-2.5000000000000018e-05,0.22011789790544303,0.6405200223882184,0.19346728984309547,67
chr09,5310609,1.2500000000000016e-05,0.05236314178852473,0.8197086716934421,0.08634047049018866,68
chr09,5314190,-4.625779625779631e-05,0.7345598776496343,0.3947638135776972,0.4036626642187013,63
chr09,5314479,-4.7008547008547055e-05,0.7379079901917254,0.39375083731306915,0.4047785096720347,62
chr09,5314505,-4.7008547008547055e-05,0.7379079901917254,0.39375083731306915,0.4047785096720347,62
chr09,5345747,-1.9151149485498947e-20,0.0,1.0,-0.0,66
chr09,5352415,-4.349816849816854e-05,0.623396013878566,0.43265889896800425,0.3638543592482595,67
chr09,5407505,-4.563492063492068e-05,0.6328728002469226,0.42933875105357777,0.3671999114058971,64
chr09,5428093,3.0399274047186977e-05,0.3310025081705808,0.5670557407246355,0.24637424851575657,67
chr09,5476116,-4.232804232804236e-05,0.6132723112127917,0.43631780626625905,0.3601970629577569,69
chr09,5476138,4.3040293040293096e-05,0.6103998325309189,0.4374308900496754,0.35909055164947495,68
chr09,5477000,6.605691056910575e-05,1.4184274333217377,0.23813035249276834,0.6231852451663473,65
chr09,5502172,4.2486583184257646e-05,0.6091197467922869,0.4378681463115628,0.3586566473730549,69
chr09,5507652,-1.2820512820512832e-05,0.05429461504230042,0.8165321598710196,0.08802670550236484,63
chr09,5536889,3.274428274428277e-05,0.3347269401619623,0.5650189609378393,0.24793697785754434,63
chr09,5546313,-4.500000000000004e-05,0.6104797224548354,0.4375336319690687,0.3589885583737824,65
chr09,5611756,4.304029304029309e-05,0.6103998325309189,0.4374308900496754,0.35909055164947495,68
chr09,5613599,4.351851851851856e-05,0.6170629719241558,0.43499490148516096,0.3615158333208499,67
chr09,5682681,4.272727272727277e-05,0.6060952287349226,0.4390027097055449,0.35753279910518193,69
chr09,5721542,4.248658318425764e-05,0.609119746792287,0.4378681463115628,0.3586566473730549,69
chr09,5728095,-3.1627906976744224e-05,0.349750623441371,0.5562745386251841,0.25471081780075655,68
chr09,5949515,-6.203703703703708e-05,1.3725181216514535,0.24565628042041437,0.609672128264093,67
chr09,6012225,-5.8605522837054064e-21,0.0,1.0,-0.0,66
chr09,6015379,1.2820512820512835e-05,0.05757002921463369,0.8111112409658021,0.09091957979057566,69
chr09,6023259,-1.282051282051284e-05,0.05951439864485737,0.8079996477031648,0.09258882858259809,70
chr09,6029941,-4.343629343629367e-06,0.006348159804940964,0.936748024431107,0.02837721414510498,65
chr09,6084776,3.205128205128208e-05,0.3383458646616072,0.5628612066193178,0.24959868264507326,65
chr09,6085490,1.470700169158581e-20,0.0,1.0,-0.0,67
chr09,6109121,-3.174603174603177e-05,0.329787234042559,0.5678621644541253,0.2457570665449073,64
chr09,6162703,1.7857142857142862e-05,0.10967381323111941,0.7415493682386629,0.12985993075842195,69
chr09,6163988,1.785714285714288e-05,0.10695187165778962,0.7446763996492779,0.12803240963790088,68
chr09,6174650,-7.500000000000006e-05,2.2194947909234854,0.14118957744920674,0.8501973615233315,66
chr09,6174790,6.406406406406413e-05,1.3528810092055097,0.24923224125365273,0.6033957770496508,64
chr09,6191181,-4.583333333333337e-05,0.762770000926988,0.38553687129390113,0.4139340813387155,70
chr09,6200177,4.853479853479856e-05,0.777947260556989,0.38101981144741204,0.419052442228319,67
chr09,6209767,4.615384615384618e-05,0.7538547020419142,0.3883579585232687,0.4107677905292112,69
chr09,6209855,-4.6153846153846185e-05,0.7538547020419142,0.3883579585232687,0.4107677905292112,69
chr09,6229228,4.730327144120252e-05,0.7654129154073183,0.38481253133891113,0.4147507936957489,68
chr09,6246078,4.698275862068969e-05,0.7747379751799741,0.38190162090742275,0.4180484983440022,69
chr09,6275697,-4.698275862068969e-05,0.7747379751799741,0.38190162090742275,0.4180484983440022,69
chr09,6296094,-4.698275862068969e-05,0.7747379751799741,0.38190162090742275,0.4180484983440022,69
chr09,6296095,-4.698275862068969e-05,0.7747379751799741,0.38190162090742275,0.4180484983440022,69
chr09,6340576,-4.7303271441202514e-05,0.7654129154073185,0.38481253133891113,0.4147507936957489,68
chr09,6340588,-4.7303271441202514e-05,0.7654129154073185,0.38481253133891113,0.4147507936957489,68
chr09,6379933,4.4763513513513556e-05,0.7172179095831775,0.40007293316602455,0.39786082971140313,69
chr09,6379944,-4.4763513513513556e-05,0.7172179095831775,0.40007293316602455,0.39786082971140313,69
chr09,6379958,-4.4763513513513556e-05,0.7172179095831775,0.40007293316602455,0.39786082971140313,69
chr09,6426344,4.696394686907026e-05,0.7018419482254894,0.4053325465398532,0.3921885227937978,65
chr09,6435814,-4.4117647058823566e-05,0.6796338672769756,0.41268230228089686,0.38438415527221437,68
chr09,6435852,4.4117647058823566e-05,0.6796338672769756,0.41268230228089686,0.38438415527221437,68
chr09,6447129,4.4117647058823566e-05,0.6796338672769756,0.41268230228089686,0.38438415527221437,68
chr09,6447154,4.4117647058823566e-05,0.6796338672769756,0.41268230228089686,0.38438415527221437,68
chr09,6447162,4.4117647058823566e-05,0.6796338672769756,0.41268230228089686,0.38438415527221437,68
chr09,6447171,4.4117647058823566e-05,0.6796338672769756,0.41268230228089686,0.38438415527221437,68
chr09,6447267,4.500891265597155e-05,0.686446038517938,0.41040783198464703,0.38678435999356153,67
chr09,6449921,4.456327985739752e-05,0.672780342393474,0.41508174806813536,0.38186636295385024,67
chr09,6449948,6.06617647058824e-05,1.3208255159474496,0.2547208542939268,0.59393549738418,66
chr09,6469585,-6.0829493087557665e-05,1.3245531514581836,0.2540583544549987,0.5950665191790027,66
chr09,6482042,-4.248366013071894e-05,0.6675331276094084,0.4167663318422864,0.380107372447746,70
chr09,6516009,-1.4705882352941197e-05,0.07930029154518727,0.7791030841146338,0.10840507647337351,70
chr09,6516220,1.4705882352941184e-05,0.07706464228203143,0.782170249976375,0.10669870655929907,69
chr09,6520182,-1.5151515151515168e-05,0.08167411621293745,0.7759231117245666,0.11018131199973372,69
chr09,6551763,1.5151515151515168e-05,0.08167411621293745,0.7759231117245666,0.11018131199973372,69
chr09,6613449,1.4705882352941185e-05,0.07930029154518727,0.7791030841146338,0.10840507647337351,70
chr09,6624108,1.5625000000000004e-05,0.07944505293904651,0.7789602926124596,0.10848467986121622,66
chr09,6624319,5.517814627828042e-21,0.0,1.0,-0.0,67
chr09,6646358,4.5928030303030326e-05,0.7961145619984975,0.3756530195327994,0.4252131159120387,65
chr09,6691167,2.9437229437229482e-05,0.32540603248260713,0.5703138093368324,0.2438861124650852,68
chr09,6734646,-1.5151515151515175e-05,0.0793705332600484,0.7790337428019035,0.10844373103693475,68
chr09,6734702,1.5151515151515178e-05,0.0793705332600484,0.7790337428019035,0.10844373103693475,68
chr09,6734704,-1.5151515151515175e-05,0.0793705332600484,0.7790337428019035,0.10844373103693475,68
chr09,6741597,-1.6625615763546825e-05,0.08001604511791612,0.7783375828744015,0.10883199866481409,57
chr09,6747467,-2.9857397504456382e-05,0.3250727774875248,0.5705404939110004,0.24371352625366616,67
chr09,6799218,-1.5151515151515165e-05,0.08295925414362453,0.7742871245220191,0.111097962479373,64
chr09,6815378,-1.5151515151515175e-05,0.0793705332600484,0.7790337428019035,0.10844373103693475,68
chr09,6815412,1.5151515151515185e-05,0.0793705332600484,0.7790337428019035,0.10844373103693475,68
chr09,6815432,-1.5151515151515175e-05,0.0793705332600484,0.7790337428019035,0.10844373103693475,68
chr09,6818235,-1.4285714285714297e-05,0.07271914703440119,0.7882468902782845,0.10333773391674696,69
chr09,6826476,-2.8991596638655518e-05,0.3253113785095761,0.5703409107839184,0.24386547517894486,69
chr09,6826561,2.9857397504456382e-05,0.3250727774875248,0.5705404939110004,0.24371352625366616,67
chr09,6900435,1.5151515151515192e-05,0.07706793137119643,0.7821919681519421,0.10668664786381649,67
chr09,6907080,-3.0776515151515174e-05,0.3248195446973848,0.5707524534569539,0.24355221295988827,65
chr09,6922476,4.57715780296426e-05,0.726359984667307,0.3971477316808487,0.40104791359124603,68
chr09,6922570,4.57715780296426e-05,0.726359984667307,0.3971477316808487,0.40104791359124603,68
chr09,6931233,-4.476351351351355e-05,0.7172179095831774,0.40007293316602455,0.39786082971140313,69
chr09,6946627,5.982142857142862e-05,1.3225022775585147,0.25435702203149396,0.5945562683041671,67
chr09,6986610,-4.4763513513513536e-05,0.7172179095831775,0.40007293316602455,0.39786082971140313,69
chr09,6992424,4.440789473684215e-05,0.7252139565502905,0.397428087428082,0.4007414432554573,70
chr09,7002692,-0.00010476190476190486,4.880525794544098,0.03126867232606765,1.5048905585940902,58
chr09,7002708,0.00010476190476190485,4.880525794544098,0.03126867232606765,1.5048905585940902,58
chr09,7002952,-4.764065335753181e-05,0.7561608711480047,0.38773247343335426,0.41146782436726004,67
chr09,7006080,4.507857733664188e-05,0.7431772606015641,0.3916749940887906,0.4070741544565097,70
chr09,7006102,-4.507857733664188e-05,0.7431772606015641,0.3916749940887906,0.4070741544565097,70
chr09,7006964,6.27413127413128e-05,1.3457114689450054,0.25040665846334864,0.6013541271571212,65
chr09,7007315,-4.6153846153846185e-05,0.7538547020419143,0.3883579585232687,0.4107677905292112,69
chr09,7038145,-4.5415959252971195e-05,0.7347263847422543,0.39441111379692173,0.40405085591979156,69
chr09,7038231,-4.6491228070175476e-05,0.7450149891901352,0.39118489934406864,0.40761791834793853,68
chr09,7038297,-4.6491228070175476e-05,0.7450149891901352,0.39118489934406864,0.40761791834793853,68
chr09,7038313,-4.6491228070175476e-05,0.7450149891901352,0.39118489934406864,0.40761791834793853,68
chr09,7078060,-5.1282051282051334e-05,0.8063999999999971,0.3726059001476947,0.4287502724099895,65
chr09,7234171,4.6491228070175476e-05,0.7450149891901352,0.39118489934406864,0.40761791834793853,68
chr09,7296311,-4.7303271441202514e-05,0.7654129154073186,0.38481253133891113,0.4147507936957489,68
chr09,7296379,-4.7303271441202514e-05,0.7654129154073186,0.38481253133891113,0.4147507936957489,68
chr09,7305745,4.507857733664188e-05,0.7431772606015641,0.3916749940887906,0.4070741544565097,70
chr09,7308346,4.615384615384618e-05,0.7538547020419143,0.3883579585232687,0.4107677905292112,69
chr09,7310216,7.733990147783258e-05,2.2183871005202502,0.14144509084241677,0.8494121210740596,64
chr09,7329355,-4.583333333333337e-05,0.762770000926988,0.38553687129390113,0.4139340813387155,70
chr09,7341195,-4.6153846153846206e-05,0.7538547020419141,0.3883579585232687,0.4107677905292112,69
chr09,7341222,-4.6153846153846206e-05,0.7538547020419141,0.3883579585232687,0.4107677905292112,69
chr09,7341712,-4.541595925297118e-05,0.7347263847422544,0.39441111379692173,0.40405085591979156,69
chr09,7343044,4.684684684684688e-05,0.7362569694329025,0.3940155343080125,0.40448665550626217,67
chr09,7385835,-4.5415959252971195e-05,0.7347263847422544,0.39441111379692173,0.40405085591979156,69
chr09,7385849,-4.5415959252971195e-05,0.7347263847422544,0.39441111379692173,0.40405085591979156,69
chr09,7395756,-4.649122807017549e-05,0.7450149891901353,0.39118489934406864,0.40761791834793853,68
chr09,7431594,7.733990147783258e-05,2.2183871005202507,0.14144509084241677,0.8494121210740596,64
chr09,7455350,-4.440789473684216e-05,0.7252139565502905,0.397428087428082,0.4007414432554573,70
chr09,7455477,-4.5415959252971195e-05,0.7347263847422544,0.39441111379692173,0.40405085591979156,69
chr09,7508483,4.5535714285714334e-05,0.7015174336822639,0.40534345413583994,0.39217683598243486,67
chr09,7508497,4.5535714285714334e-05,0.7015174336822639,0.40534345413583994,0.39217683598243486,67
chr09,7516416,-5.8874458874458944e-05,1.321165734471627,0.2545312111607822,0.5942589559448801,68
chr09,7572779,-5.971479500891268e-05,1.3200969990905926,0.2547850729435387,0.5938260195397881,67
chr09,7614729,6.06617647058824e-05,1.3208255159474496,0.2547208542939268,0.59393549738418,66
chr09,7644694,4.5535714285714334e-05,0.7015174336822639,0.40534345413583994,0.39217683598243486,67
chr09,7644992,-4.500891265597157e-05,0.6864460385179381,0.41040783198464703,0.38678435999356153,67
chr09,7659767,-4.28571428571429e-05,0.680000000000006,0.41247001541874784,0.3846076170813091,70
chr09,7697345,-9.09926470588236e-05,3.050553683196762,0.08550739207142391,1.0679963391073914,66
chr09,7697639,-7.352941176470594e-05,1.9230769230770517,0.1701840500900797,0.7690811450884324,68
chr09,7702497,-7.637571157495262e-05,2.2473772939648007,0.1388356973291933,0.8574988540552488,65
chr09,7813468,9.339080459770123e-05,3.0859080633005784,0.08383237323827283,1.0765882390816865,65
chr09,7814683,-9.22646784715751e-05,3.095261358085041,0.08329986683179427,1.0793556928820855,66
chr09,7814728,-7.179054054054057e-05,1.876325143125197,0.17532573886870995,0.7561543221943164,69
chr09,7814739,-7.179054054054057e-05,1.876325143125197,0.17532573886870995,0.7561543221943164,69
chr09,7814775,-7.179054054054057e-05,1.876325143125197,0.17532573886870995,0.7561543221943164,69
chr09,7816937,-9.05405405405406e-05,3.0820948336873486,0.08386974386351344,1.0763946833070024,67
chr09,7820272,-7.279860505666963e-05,1.8688715337005095,0.17624271055136911,0.7538888365083886,68
chr09,7828923,-9.523809523809532e-05,3.0999999999998282,0.08322375099694489,1.0797527139148224,64
chr09,7829916,-7.279860505666965e-05,1.8688715337005093,0.17624271055136911,0.7538888365083886,68
chr09,7842712,-7.071960297766758e-05,1.8587582029278449,0.17726520291043527,0.7513765078685977,70
chr09,7842958,-5.833333333333339e-05,1.2166041639726044,0.274158428949637,0.5619983972725956,66
chr09,7853285,-9.285714285714294e-05,3.067415730337183,0.08474333484182252,1.0718944495289853,65
chr09,7893469,-7.072368421052642e-05,1.8700379266751137,0.17597376815323298,0.7545520662504477,70
chr09,7919247,-9.458128078817743e-05,3.077559462254385,0.0843207297818761,1.0740656433688358,64
chr09,7999228,-7.41071428571429e-05,1.8916949360190374,0.17373260922477085,0.7601186577923637,67
chr09,7999238,-7.511520737327201e-05,1.88249881542297,0.1748406657660423,0.7573575484534448,66
chr09,8001821,-7.084357084357093e-05,1.8844883143820368,0.17433543385840644,0.7586143331126983,70
chr09,8001828,7.084357084357093e-05,1.8844883143820368,0.17433543385840644,0.7586143331126983,70
chr09,8001829,7.084357084357093e-05,1.8844883143820368,0.17433543385840644,0.7586143331126983,70
chr09,8085818,-7.392473118279578e-05,1.8752086214295232,0.1755926139195472,0.7554937560919164,67
chr09,8090400,9.05405405405406e-05,3.082094833687348,0.08386974386351344,1.0763946833070024,67
chr09,8090629,-0.00011461461461461473,5.003173010636241,0.028906847573684155,1.538999267582307,64
chr09,8207370,-9.841269841269848e-05,3.1051752921535765,0.08313736029804719,1.0802037689348274,62
chr09,8338419,4.853479853479859e-05,0.9215925781978804,0.34061465977717653,0.4677366642908464,67
chr09,8364489,-3.00618921308577e-05,0.3323459715639588,0.5662419222856576,0.24699798035533704,68
chr09,8406537,-1.3157894736842125e-05,0.059062164419531805,0.8087381385752584,0.09219207589244127,68
chr09,8412395,1.2820512820512857e-05,0.05757002921463369,0.8111112409658021,0.09091957979057566,69
chr09,8455338,1.2195121951219508e-05,0.052953813104189035,0.8186917428431294,0.08687958979335184,70
chr09,8455348,1.2195121951219508e-05,0.052953813104189035,0.8186917428431294,0.08687958979335184,70
chr09,8455410,-1.2499999999999977e-05,0.052363141788524734,0.8197086716934421,0.08634047049018866,68
chr09,8455442,-1.2499999999999977e-05,0.052363141788524734,0.8197086716934421,0.08634047049018866,68
chr09,8462733,1.3888888888888874e-05,0.05598042214745192,0.8137584313310867,0.08950449868599838,63
chr09,8462755,-1.3888888888888876e-05,0.05598042214745192,0.8137584313310867,0.08950449868599838,63
chr09,8466507,-1.2500000000000002e-05,0.04857826823146361,0.826257501835346,0.08288458440082117,66
chr09,8466535,-1.2500000000000002e-05,0.04857826823146361,0.826257501835346,0.08288458440082117,66
chr09,8491155,-1.3513513513513524e-05,0.0504032258064712,0.8231259116203026,0.08453372670832744,62
chr09,8526505,4.349816849816855e-05,0.6233960138785661,0.43265889896800425,0.3638543592482595,67
chr09,8526727,-4.285714285714286e-05,0.6208315641637056,0.43355923240821925,0.36295156127717015,68
chr09,8533162,-4.22413793103449e-05,0.6248742420534743,0.43203087769075277,0.3644852126029518,69
chr09,8600858,4.224738675958196e-05,0.6185278831709855,0.43436778679899557,0.36214238998961795,69
chr09,8667329,-4.285714285714286e-05,0.6208315641637056,0.43355923240821925,0.36295156127717015,68
chr09,8672495,-4.224738675958196e-05,0.6185278831709855,0.43436778679899557,0.36214238998961795,69
chr09,8672500,-4.224738675958196e-05,0.6185278831709855,0.43436778679899557,0.36214238998961795,69
chr09,8676591,6.135531135531143e-05,1.3571205983172638,0.2482947188038464,0.6050325177339553,67
chr09,8676761,6.010452961672481e-05,1.3697777777777325,0.2459962458959763,0.6090715205352487,69
chr09,8677371,4.22413793103449e-05,0.6248742420534743,0.43203087769075277,0.3644852126029518,69
chr09,8685999,4.351851851851855e-05,0.6170629719241556,0.43499490148516096,0.3615158333208499,67
chr09,8698054,-4.631578947368424e-05,0.613999240923623,0.4363179506673722,0.3601969192262947,63
chr09,8698080,-4.625779625779629e-05,0.6202620042490765,0.4339995463900945,0.3625107244054198,63
chr09,8729073,-4.22413793103449e-05,0.6248742420534744,0.43203087769075277,0.3644852126029518,69
chr09,8730755,-4.163162321278388e-05,0.6222857142857109,0.43294091446947924,0.36357136986093747,70
chr09,8732582,5.3157894736842145e-05,0.9614678020206942,0.33069039868268135,0.48057841427790043,63
chr09,8732606,5.3157894736842145e-05,0.9614678020206942,0.33069039868268135,0.48057841427790043,63
chr09,8737149,4.351851851851856e-05,0.6170629719241557,0.43499490148516096,0.3615158333208499,67
chr09,8737184,-4.351851851851856e-05,0.6170629719241557,0.43499490148516096,0.3615158333208499,67
chr09,8752829,4.163162321278388e-05,0.6222857142857109,0.43294091446947924,0.36357136986093747,70
chr09,8788503,-1.2820512820512823e-05,0.0517427236794754,0.820783189258188,0.08577154707530273,66
chr09,8800583,6.323396567299028e-06,0.014394317048852854,0.9048663808519012,0.04341554714071405,68
chr09,8800607,6.323396567299028e-06,0.014394317048852854,0.9048663808519012,0.04341554714071405,68
chr09,8800631,6.323396567299028e-06,0.014394317048852854,0.9048663808519012,0.04341554714071405,68
chr09,8804512,1.2500000000000009e-05,0.05615194054502282,0.813397139575277,0.08969735918598912,70
chr09,8839267,1.4285714285714309e-05,0.06838056413964372,0.7945362631122834,0.0998862765432449,67
chr09,8842454,-1.3888888888888913e-05,0.06439962926268732,0.8004736250649407,0.0966529731481326,67
chr09,8846543,-1.315789473684213e-05,0.059062164419531805,0.8087381385752584,0.09219207589244127,68
chr09,8873297,3.0180180180180196e-05,0.3286048441862389,0.5684597415506272,0.24530028672208498,67
chr09,8873422,1.3513513513513496e-05,0.06268382352943612,0.8030809857471797,0.09524065660222683,68
chr09,8909747,1.3157894736842121e-05,0.0630541871921305,0.802489464035981,0.09556066078112438,70
chr09,8909763,1.3157894736842121e-05,0.0630541871921305,0.802489464035981,0.09556066078112438,70
chr09,8924030,2.6155187445510187e-06,0.00255119571193106,0.9598690415056779,0.017788015326128517,68
chr09,8929006,1.315789473684213e-05,0.059062164419531805,0.8087381385752584,0.09219207589244127,68
chr09,8929261,-1.3157894736842125e-05,0.05507406724446334,0.8152073617547216,0.08873190707447519,66
chr09,8929286,-1.3157894736842111e-05,0.05706760316067833,0.8119438221522327,0.09047401826289159,67
chr09,8941247,-8.213652821860923e-22,0.0,1.0,-0.0,61
chr09,8988559,-1.351351351351351e-05,0.056538461538483506,0.8128247664136337,0.09000307209643557,65
chr09,9027741,1.3513513513513508e-05,0.06268382352943613,0.8030809857471797,0.09524065660222683,68
chr09,9027877,-1.3513513513513512e-05,0.06268382352943613,0.8030809857471797,0.09524065660222683,68
chr09,9042694,-3.153153153153153e-06,0.0035869096380295386,0.9524263550694319,0.02116859551950878,67
chr09,9236282,1.5151515151515155e-05,0.08397863818426198,0.7728581879382631,0.11190018764177287,70
chr09,9242320,-9.767587139511546e-23,0.0,1.0,-0.0,67
chr09,9242394,-9.767587139511546e-23,0.0,1.0,-0.0,67
chr09,9263947,1.5625000000000004e-05,0.08419560595324334,0.7725999017457906,0.11204535142193063,68
chr09,9378522,1.6666666666666674e-05,0.09227640716722811,0.7622731543105468,0.11788937491721975,67
chr09,9383078,-2.5261001222868e-21,0.0,1.0,-0.0,66
chr09,9414083,1.6666666666666688e-05,0.0922764071672281,0.7622731543105468,0.11788937491721975,67
chr09,9490304,1.7241379310344835e-05,0.09804699904731527,0.7551885491266817,0.1219446038381627,67
chr09,9506766,5.055055055055061e-05,0.9138356528573671,0.3428114065688873,0.4649447359684755,64
chr09,9521633,1.666666666666667e-05,0.09735106739691175,0.7560008474644699,0.12147771766157572,69
chr09,9539135,4.507857733664189e-05,0.7431772606015645,0.3916749940887906,0.4070741544565097,70
chr09,9629793,-4.892473118279574e-05,0.9745092837667775,0.3275893489977857,0.4846702270174966,61
chr09,9637357,4.649122807017547e-05,0.7450149891901354,0.39118489934406864,0.40761791834793853,68
chr09,9655336,-4.507857733664189e-05,0.7431772606015645,0.3916749940887906,0.4070741544565097,70
chr09,9742564,4.577157802964261e-05,0.7263599846673071,0.3971477316808487,0.40104791359124603,68
chr09,9756989,4.654377880184336e-05,0.7099094867143843,0.4026116298813669,0.3951136841906498,66
chr09,9757237,-4.5771578029642596e-05,0.7263599846673071,0.3971477316808487,0.40104791359124603,68
chr09,9769397,-4.583333333333337e-05,0.7627700009269879,0.38553687129390113,0.4139340813387155,70
chr09,9840357,-5.92850915431561e-05,1.3305662614882037,0.25286474799018505,0.5971117116617617,68
chr09,9840417,-5.92850915431561e-05,1.3305662614882037,0.25286474799018505,0.5971117116617617,68
chr09,9894666,4.615384615384619e-05,0.7538547020419141,0.3883579585232687,0.4107677905292112,69
chr09,9894687,4.615384615384619e-05,0.7538547020419141,0.3883579585232687,0.4107677905292112,69
chr09,9894790,4.5833333333333374e-05,0.7627700009269879,0.38553687129390113,0.4139340813387155,70
chr09,9906647,6.481481481481482e-05,1.3470031545741858,0.25032474895097206,0.6014962107134195,63
chr09,9917353,3.101503759398499e-05,0.3325460557392705,0.5661865093614331,0.24704048286863234,66
chr09,9917360,3.101503759398499e-05,0.3325460557392705,0.5661865093614331,0.24704048286863234,66
chr09,9928290,-4.7640653357531805e-05,0.7561608711480046,0.38773247343335426,0.41146782436726004,67
chr09,9928715,-3.238866396761136e-05,0.33649932157394724,0.5639591797629389,0.2487523297848852,64
chr09,9993174,-3.0061892130857692e-05,0.33234597156395884,0.5662419222856576,0.24699798035533704,68
chr09,9998097,4.615384615384619e-05,0.7538547020419141,0.3883579585232687,0.4107677905292112,69
chr09,9998153,4.615384615384619e-05,0.7538547020419141,0.3883579585232687,0.4107677905292112,69
chr09,9999773,4.6846846846846884e-05,0.7362569694329023,0.3940155343080125,0.40448665550626217,67
chr09,9999811,-4.6846846846846884e-05,0.7362569694329023,0.3940155343080125,0.40448665550626217,67
chr09,10009467,-4.8214285714285757e-05,0.7877081252763077,0.37801698127997263,0.4224886903465361,68
chr09,10020409,4.615384615384619e-05,0.7538547020419141,0.3883579585232687,0.4107677905292112,69
chr09,10027277,-4.730327144120252e-05,0.7654129154073186,0.38481253133891113,0.4147507936957489,68
chr09,10031247,4.698275862068969e-05,0.7747379751799742,0.38190162090742275,0.4180484983440022,69
chr09,10033051,4.8214285714285757e-05,0.7877081252763077,0.37801698127997263,0.4224886903465361,68
chr09,10038166,-4.649122807017547e-05,0.7450149891901353,0.39118489934406864,0.40761791834793853,68
chr09,10038210,-4.649122807017547e-05,0.7450149891901353,0.39118489934406864,0.40761791834793853,68
chr09,10038340,-4.583333333333337e-05,0.7627700009269879,0.38553687129390113,0.4139340813387155,70
chr09,10043760,-5.128205128205133e-05,0.8063999999999971,0.3726059001476947,0.4287502724099895,65
chr09,10045054,-3.0677655677655716e-05,0.3340492444580506,0.5652814193011986,0.24773528948695248,67
chr09,10056869,4.698275862068969e-05,0.7747379751799742,0.38190162090742275,0.4180484983440022,69
chr09,10059996,4.615384615384619e-05,0.7538547020419141,0.3883579585232687,0.4107677905292112,69
chr09,10060061,4.615384615384619e-05,0.7538547020419141,0.3883579585232687,0.4107677905292112,69
chr09,10069384,3.1676413255360656e-05,0.3343676002286517,0.5651599041087025,0.24782865723046793,65
chr09,10080332,4.9857549857549894e-05,0.7915673841928478,0.3769587622123216,0.42370615728281286,66
chr09,10085141,4.684684684684689e-05,0.7362569694329024,0.3940155343080125,0.40448665550626217,67
chr09,10085181,-4.684684684684689e-05,0.7362569694329024,0.3940155343080125,0.40448665550626217,67
chr09,10102892,-6.48148148148148e-05,1.347003154574186,0.25032474895097206,0.6014962107134195,63
chr09,10112869,-3.4482758620689684e-05,0.41719520789287645,0.520649203881715,0.2834547913467423,66
chr09,10113130,-4.799627213420321e-05,0.7469877397265965,0.3906594402262331,0.40820167656719236,66
chr09,10118033,3.5714285714285744e-05,0.44395764877698746,0.5076132170709899,0.29446707840895664,66
chr09,10162687,6.012378426171534e-05,1.349774436090291,0.2495018482696804,0.6029262328447992,68
chr09,10162693,6.012378426171534e-05,1.349774436090291,0.2495018482696804,0.6029262328447992,68
chr09,10162701,-6.012378426171535e-05,1.349774436090291,0.2495018482696804,0.6029262328447992,68
chr09,10163043,-4.799627213420321e-05,0.7469877397265965,0.3906594402262331,0.40820167656719236,66
chr09,10163451,4.7303271441202514e-05,0.7654129154073185,0.38481253133891113,0.4147507936957489,68
chr09,10164759,-4.8214285714285757e-05,0.7877081252763077,0.37801698127997263,0.4224886903465361,68
chr09,10164760,-4.8214285714285757e-05,0.7877081252763077,0.37801698127997263,0.4224886903465361,68
chr09,10164828,-4.8214285714285757e-05,0.7877081252763077,0.37801698127997263,0.4224886903465361,68
chr09,10164950,-4.69827586206897e-05,0.7747379751799738,0.38190162090742275,0.4180484983440022,69
chr09,10192082,4.6982758620689676e-05,0.774737975179974,0.38190162090742275,0.4180484983440022,69
chr09,10210427,6.135531135531139e-05,1.3571205983172634,0.2482947188038464,0.6050325177339553,67
chr09,10266048,4.507857733664189e-05,0.7431772606015642,0.3916749940887906,0.4070741544565097,70
chr09,10266075,-4.507857733664189e-05,0.7431772606015642,0.3916749940887906,0.4070741544565097,70
chr09,10318691,7.771260997067456e-05,2.2588976895405155,0.13792538367695767,0.8603557992603527,64
chr09,10333899,-4.577157802964254e-05,0.726359984667307,0.3971477316808487,0.40104791359124603,68
chr09,10378253,-4.440789473684214e-05,0.7252139565502905,0.397428087428082,0.4007414432554573,70
chr09,10413040,4.5415959252971195e-05,0.7347263847422544,0.39441111379692173,0.40405085591979156,69
chr09,10423644,4.513888888888893e-05,0.7093163751986433,0.40271243551786184,0.3950049594330419,68
chr09,10423690,-4.513888888888893e-05,0.7093163751986433,0.40271243551786184,0.3950049594330419,68
chr09,10423702,-4.513888888888893e-05,0.7093163751986433,0.40271243551786184,0.3950049594330419,68
chr09,10436182,4.5415959252971175e-05,0.7347263847422544,0.39441111379692173,0.40405085591979156,69
chr09,10442348,4.9227799227799286e-05,0.7586425611704478,0.38706067008987954,0.41222095585932633,65
chr09,10442386,4.7996272134203226e-05,0.7469877397265965,0.3906594402262331,0.40820167656719236,66
chr09,10442419,4.7996272134203226e-05,0.7469877397265965,0.3906594402262331,0.40820167656719236,66
chr09,10480130,4.4407894736842156e-05,0.7252139565502904,0.397428087428082,0.4007414432554573,70
chr09,10495388,-4.6491228070175476e-05,0.7450149891901353,0.39118489934406864,0.40761791834793853,68
chr09,10509041,-4.5771578029642596e-05,0.726359984667307,0.3971477316808487,0.40104791359124603,68
chr09,10509049,-4.5771578029642596e-05,0.726359984667307,0.3971477316808487,0.40104791359124603,68
chr09,10509052,-4.5771578029642596e-05,0.726359984667307,0.3971477316808487,0.40104791359124603,68
chr09,10519745,4.476351351351358e-05,0.7172179095831777,0.40007293316602455,0.39786082971140313,69
chr09,10584583,-6.349206349206354e-05,1.3405405405405642,0.2513795096536639,0.5996701252459867,64
chr09,10612295,8.564102564102572e-05,2.210198687009121,0.14216899566010696,0.8471951046038257,64
chr09,10631572,-7.564102564102574e-05,2.063974017469159,0.15546974188984808,0.8083541224503763,69
chr09,10637147,-7.875116495806157e-05,2.0515196408528675,0.1569206595054052,0.8043198752878726,66
chr09,10645014,-6.428571428571436e-05,1.3357664233576771,0.2522887921059941,0.5981020425249879,63
chr09,10645026,-6.428571428571436e-05,1.3357664233576771,0.2522887921059941,0.5981020425249879,63
chr09,10645360,7.631578947368429e-05,2.046631105430078,0.15726106974925108,0.8033787744244513,68
chr09,10651428,-6.26728110599079e-05,1.415142429502629,0.23859916589523691,0.6223310788875089,66
chr09,10651467,-6.26728110599079e-05,1.415142429502629,0.23859916589523691,0.6223310788875089,66
chr09,10664831,-7.631578947368429e-05,2.046631105430078,0.15726106974925108,0.8033787744244513,68
chr09,10686156,7.40281224152193e-05,2.0420904643184015,0.1575770851553944,0.8025069373167999,70
chr09,10695119,-9.166666666666678e-05,3.0742358078602767,0.08433008865653911,1.074017443097236,66
chr09,10724521,-7.31907894736843e-05,2.00669858241906,0.16117076468857364,0.7927137335353415,70
chr09,10730608,-7.628676470588239e-05,1.9490131070000456,0.16751723596132104,0.775940501476177,66
chr09,10734892,-8.202716823406485e-05,1.9831951253527966,0.1642149224211493,0.7845873805253665,62
chr09,10737734,-7.47028862478778e-05,2.025737131434216,0.1592939081596516,0.7978008325054338,69
chr09,10756103,7.46527777777778e-05,1.9769954800978402,0.16439794939353447,0.7841036039044035,68
chr09,10757980,-7.541412380122064e-05,2.009736771420974,0.1609964270796486,0.7931837619607642,68
chr09,10758129,7.541412380122068e-05,2.009736771420974,0.1609964270796486,0.7931837619607642,68
chr09,10773659,-7.390202702702707e-05,1.9916495104534022,0.1627954375064043,0.7883577707831707,69
chr09,10773692,-7.390202702702707e-05,1.9916495104534022,0.1627954375064043,0.7883577707831707,69
chr09,10773808,7.47028862478778e-05,2.0257371314342154,0.1592939081596516,0.7978008325054338,69
chr09,10791514,-6.116071428571435e-05,1.3907226260812573,0.24258165617596164,0.61514204321703,67
chr09,10791531,-6.116071428571435e-05,1.3907226260812573,0.24258165617596164,0.61514204321703,67
chr09,10791626,6.0763888888888955e-05,1.4124984713219562,0.23890100887902493,0.6217820162205353,68
chr09,10791732,0.00010535714285714295,3.940594576708073,0.051356953774817166,1.28940074424649,67
chr09,10801352,-0.00010304054054054061,3.9836217503156526,0.050011948054632556,1.3009262285777077,69
chr09,10808486,0.00010618279569892483,3.9912336799849233,0.049925506864678275,1.3016775172952082,67
chr09,10857217,0.00010114660114660127,3.955278010830592,0.05075042085844465,1.2945603519222901,70
chr09,10941335,0.00012121212121212132,5.626373626373432,0.02071046753632194,1.6838100968500147,66
chr09,10966710,-0.00010618279569892483,3.9912336799849233,0.049925506864678275,1.3016775172952082,67
chr09,10967684,9.523809523809534e-05,3.2524522457408933,0.07609860145275558,1.1186233246608615,65
chr09,10967724,9.523809523809534e-05,3.2524522457408933,0.07609860145275558,1.1186233246608615,65
chr09,10967769,9.523809523809534e-05,3.2524522457408933,0.07609860145275558,1.1186233246608615,65
chr09,10967778,9.523809523809534e-05,3.2524522457408933,0.07609860145275558,1.1186233246608615,65
chr09,11009910,-0.00010227272727272735,3.935037731288603,0.051389822569783604,1.28912288177186,69
chr09,11010041,-0.00010168067226890767,3.8938984356082242,0.052588717153132646,1.2791074232179347,69
chr09,11011285,0.00010197368421052642,4.006621704475809,0.049313682475892864,1.307032565523094,70
chr09,11022185,8.973214285714293e-05,3.053283477447897,0.08529696919484747,1.0690664000791141,67
chr09,11042932,0.00011088709677419364,4.627122044183628,0.03544013565610489,1.4505046244095625,63
chr09,11052091,-0.00010294117647058832,3.8776978417267736,0.0531321554361362,1.2746425655125795,68
chr09,11071088,0.00010060606060606069,2.8400718513502,0.09750553578587474,1.010970726937257,58
chr09,11071110,9.906759906759916e-05,2.8642120417573564,0.0960300931996234,1.017592649642271,59
chr09,11071146,9.906759906759916e-05,2.8642120417573564,0.0960300931996234,1.017592649642271,59
chr09,11071176,9.764309764309774e-05,2.889691943128089,0.09450538288777047,1.0245434540105622,60
chr09,11076351,0.00010227272727272734,3.935037731288603,0.051389822569783604,1.28912288177186,69
chr09,11076388,-0.00010227272727272734,3.935037731288603,0.051389822569783604,1.28912288177186,69
chr09,11085792,-0.0001034632034632036,3.9158758714673247,0.05200718452507733,1.2839366566716146,68
chr09,11086017,-9.191176470588243e-05,3.1320961553519413,0.08152838417497954,1.0886911649474529,66
chr09,11131154,-0.0001041666666666667,3.961584633853454,0.05069414072518066,1.2950422339166217,68
chr09,11148545,-0.00010227272727272731,3.935037731288602,0.051389822569783604,1.28912288177186,69
chr09,11154593,-0.00010346320346320357,3.9158758714673256,0.05200718452507733,1.2839366566716146,68
chr09,11170497,0.00010618279569892482,3.9912336799849237,0.049925506864678275,1.3016775172952082,67
chr09,11172662,-0.0001341354723707666,8.010251757706255,0.006181901196373122,2.2088779404265235,67
chr09,11176682,-0.00010304054054054061,3.9836217503156526,0.050011948054632556,1.3009262285777077,69
chr09,11176693,0.00010304054054054063,3.9836217503156526,0.050011948054632556,1.3009262285777077,69
chr09,11176769,0.00010505666957279874,4.015152086475655,0.049200849201184164,1.3080274012935027,68
chr09,11186576,-0.0001086337760910817,3.9465355050262465,0.051321500530257184,1.2897006542752114,65
chr09,11201417,-0.00010304054054054065,3.983621750315653,0.050011948054632556,1.3009262285777077,69
chr09,11201513,-0.00010304054054054065,3.983621750315653,0.050011948054632556,1.3009262285777077,69
chr09,11208431,-0.00010304054054054065,3.983621750315653,0.050011948054632556,1.3009262285777077,69
chr09,11249087,0.00013458110516934062,6.699083323539741,0.011888376615225979,1.9248774452285493,67
chr09,11318711,0.00013469921534437678,6.869735751973447,0.010870779672085048,1.9637393064066977,68
chr09,11379712,0.0001424949290060854,7.9831159640079115,0.006373133138181516,2.195647008779886,63
chr09,11383059,0.00013946869070208742,6.7802226261924,0.011482107424236677,1.939978394279498,65
chr09,11383118,0.0001412512218963833,6.7549648313576665,0.011667870228548916,1.933008409798722,64
chr09,11383136,0.0001431451612903227,6.732370005473398,0.011841560630047189,1.9265910570427367,63
chr09,11383161,-0.0001612903225806453,9.31677018633528,0.003380997181339307,2.470955191295543,62
chr09,11408295,0.0001307565789473686,6.8475354006094165,0.010928659930120198,1.9614330878795871,70
chr09,11408632,0.00013469921534437678,6.869735751973447,0.010870779672085048,1.9637393064066977,68
chr09,11459835,0.000131927212572374,6.939038527105647,0.010433369959261444,1.9815753925971225,70
chr09,11460020,0.000131927212572374,6.939038527105647,0.010433369959261444,1.9815753925971225,70
chr09,11485024,0.00013738738738738746,6.928839487781946,0.010584182156351606,1.9753426944424757,67
chr09,11517605,-0.00010304054054054061,3.9836217503156535,0.050011948054632556,1.3009262285777077,69
chr09,11517704,-0.00010197368421052645,4.00662170447581,0.049313682475892864,1.307032565523094,70
chr09,11517752,-0.00010197368421052645,4.00662170447581,0.049313682475892864,1.307032565523094,70
chr09,11518596,-0.00010304054054054063,3.9836217503156526,0.050011948054632556,1.3009262285777077,69
chr09,11518661,-0.00010304054054054063,3.9836217503156526,0.050011948054632556,1.3009262285777077,69
chr09,11518685,-0.00010304054054054063,3.9836217503156526,0.050011948054632556,1.3009262285777077,69
chr09,11518743,-0.00010197368421052645,4.00662170447581,0.049313682475892864,1.307032565523094,70
chr09,11530324,7.69585253456222e-05,1.978916931646204,0.16434208424501726,0.7842512094497138,66
chr09,11641193,-9.001782531194308e-05,3.0955560016619073,0.08321198703048,1.079814107288506,67
chr09,11652153,-8.854166666666675e-05,3.0572207084469065,0.08502881952010892,1.0704338503185047,68
chr09,11652565,-9.285714285714293e-05,3.067415730337183,0.08474333484182252,1.0718944495289853,65
chr09,11652589,-9.285714285714293e-05,3.067415730337183,0.08474333484182252,1.0718944495289853,65
chr09,11686012,9.12442396313365e-05,3.0593915982617,0.08506592074247321,1.070244392885837,66
chr09,11717835,-0.00010618279569892483,3.9912336799849237,0.049925506864678275,1.3016775172952082,67
chr09,11742199,-0.00010614035087719309,4.076999670905508,0.04753566355316858,1.3229804393690765,68
chr09,11742229,-0.00010614035087719309,4.076999670905508,0.04753566355316858,1.3229804393690765,68
chr09,11762325,0.00010505666957279875,4.015152086475655,0.049200849201184164,1.3080274012935027,68
chr09,11797471,0.0001072072072072073,4.050201527738701,0.04831283232476773,1.31593750138823,67
chr09,11803388,0.0001072072072072073,4.050201527738702,0.04831283232476773,1.31593750138823,67
chr09,11819090,0.0001072072072072073,4.050201527738701,0.04831283232476773,1.31593750138823,67
chr09,11849693,-0.00010950605778191995,4.089150515540288,0.04734342546234943,1.3247403225460077,66
chr09,11922636,0.0001061403508771931,4.076999670905508,0.04753566355316858,1.3229804393690765,68
chr09,11922666,0.00010398981324278444,4.040004500418392,0.04846280510910677,1.3145914517720054,69
chr09,11933252,0.00010952380952380961,3.99939997599902,0.04983239429414795,1.3024882458059486,65
chr09,11960969,0.00010114660114660129,3.955278010830592,0.05075042085844465,1.2945603519222901,70
chr09,11968723,-0.00010535714285714295,3.9405945767080732,0.051356953774817166,1.28940074424649,67
chr09,12026942,-0.00010049019607843139,3.9113088109496466,0.05201682547486398,1.283856155808311,70
chr09,12052419,0.0001004901960784314,3.9113088109496466,0.05201682547486398,1.283856155808311,70
chr09,12086848,-0.00010101010101010112,3.8329519450801337,0.0544209060745002,1.2642342317609685,69
chr09,12086866,-0.00010101010101010112,3.8329519450801337,0.0544209060745002,1.2642342317609685,69
chr09,12086900,-9.967320261437914e-05,3.84438789075846,0.05401043852587992,1.2675222965459374,70
chr09,12086901,-9.967320261437914e-05,3.84438789075846,0.05401043852587992,1.2675222965459374,70
chr09,12086913,-9.967320261437914e-05,3.84438789075846,0.05401043852587992,1.2675222965459374,70
chr09,12103503,-0.00013025210084033624,5.705521472392696,0.02007432514963927,1.697359045736161,62
chr09,12110307,-0.00010569852941176481,3.8493898917129834,0.05411587242349817,1.2666753357266587,66
chr09,12120053,0.00011861471861471874,5.743055040427328,0.01939519553197385,1.7123058377174836,68
chr09,12133000,-0.00010472370766488426,3.8978895989313727,0.052598706632593695,1.2790249347290275,67
chr09,12167787,9.967320261437911e-05,3.84438789075846,0.05401043852587992,1.2675222965459374,70
chr09,12202635,-0.00010427807486631026,3.862819410799416,0.05364281294447666,1.2704884565058796,67
chr09,12202720,-0.00010427807486631026,3.862819410799416,0.05364281294447666,1.2704884565058796,67
chr09,12215362,-0.00010427807486631027,3.8628194107994154,0.05364281294447666,1.2704884565058796,67
chr09,12217144,0.00010427807486631025,3.862819410799416,0.05364281294447666,1.2704884565058796,67
chr09,12228302,-0.00010168067226890763,3.8938984356082242,0.052588717153132646,1.2791074232179347,69
chr09,12300221,-7.189542483660131e-05,1.9473836026774662,0.16740960924035195,0.7762196173087879,70
chr09,12307034,-7.402597402597412e-05,1.9481720612461804,0.16746194223598274,0.7760838761190167,68
chr09,12317836,-7.402597402597413e-05,1.9481720612461804,0.16746194223598274,0.7760838761190167,68
chr09,12327518,-8.172043010752694e-05,1.9106097643021864,0.17210617067610182,0.7642035582457238,61
chr09,12357198,-7.248157248157259e-05,1.975200267022657,0.16444941773480215,0.7839676598828169,70
chr09,12358527,-7.963709677419364e-05,1.9361976981329585,0.16913585476903925,0.7717643174304157,63
chr09,12418779,-7.268907563025215e-05,1.9349818732020077,0.16881682869716952,0.7725842624140209,69
chr09,12436197,-7.323232323232326e-05,1.9614648240330868,0.16597103048420483,0.7799677095430463,69
chr09,12436231,-7.323232323232326e-05,1.9614648240330868,0.16597103048420483,0.7799677095430463,69
chr09,12439504,-7.878787878787885e-05,1.889912461616057,0.17424087539422975,0.7588499556672234,63
chr09,12439592,-7.771260997067455e-05,1.9002924231842233,0.1729995784941652,0.7619549550092459,64
chr09,12448939,7.142857142857149e-05,1.9230769230768163,0.17004730974227203,0.76943023449473,70
chr09,12488715,-7.291666666666671e-05,1.88351776354118,0.17458105562299336,0.7580028848273244,68
chr09,12490192,-7.61904761904763e-05,1.8740413664884943,0.1758741851692778,0.754797901652755,65
chr09,12505497,-7.179054054054058e-05,1.8763251431251962,0.17532573886870995,0.7561543221943164,69
chr09,12596501,-7.196969696969705e-05,1.8925171487440757,0.17350002144264945,0.7607004671991954,69
chr09,12672478,-4.217854217854222e-05,0.6562586420202247,0.42070985440617026,0.3760173152611132,70
chr09,12694129,4.217854217854222e-05,0.6562586420202247,0.42070985440617026,0.3760173152611132,70
chr09,12727848,3.194726166328601e-05,0.3265358144277273,0.5698056663126143,0.2442732363249284,63
chr09,12727914,-4.4444444444444494e-05,0.6436709358057584,0.42535377776129146,0.37124970567417953,66
chr09,12738743,-4.248366013071896e-05,0.6675331276094084,0.4167663318422864,0.380107372447746,70
chr09,12743889,-1.3513513513513508e-05,0.06268382352943612,0.8030809857471797,0.09524065660222683,68
chr09,12744048,-2.8571428571428578e-05,0.29850746268659406,0.5866901990839675,0.23159116680208242,67
chr09,12750633,1.388888888888888e-05,0.06861558514105595,0.794166910030295,0.10008821232455797,69
chr09,12845411,-1.3513513513513515e-05,0.06473429951690012,0.7999431467925541,0.09694087789763972,69
chr09,12845476,1.3513513513513518e-05,0.06473429951690012,0.7999431467925541,0.09694087789763972,69
chr09,12845500,1.3513513513513518e-05,0.06473429951690012,0.7999431467925541,0.09694087789763972,69
chr09,12845626,-1.3513513513513525e-05,0.05449218749999319,0.8161921768865809,0.08820757220826576,64
chr09,12879841,1.4285714285714289e-05,0.07271914703440119,0.7882468902782845,0.10333773391674696,69
chr09,12883773,-1.3888888888888905e-05,0.0707249923524092,0.7910887788939426,0.10177477564238743,70
chr09,12893235,-1.4285714285714289e-05,0.07271914703440119,0.7882468902782845,0.10333773391674696,69
chr09,12934740,1.31578947368421e-05,0.061057706440909076,0.8055875373194845,0.0938872610681967,69
chr09,12941454,-1.3157894736842114e-05,0.0630541871921305,0.802489464035981,0.09556066078112438,70
chr09,13015569,1.282051282051286e-05,0.057570029214633674,0.8111112409658021,0.09091957979057566,69
chr09,13034238,2.9138513513513505e-05,0.3269679609589915,0.5693634522730682,0.24461041387601984,69
chr09,13051628,1.6129032258064544e-05,0.09178743961352531,0.7628556601698584,0.11755762708021775,69
chr09,13054978,4.6153846153846185e-05,0.7538547020419138,0.3883579585232687,0.4107677905292112,69
chr09,13055087,4.507857733664191e-05,0.7431772606015645,0.3916749940887906,0.4070741544565097,70
chr09,13058649,4.6153846153846185e-05,0.7538547020419138,0.3883579585232687,0.4107677905292112,69
chr09,13058953,5.042016806722694e-05,0.7303234259269695,0.3961778206973383,0.4021098413123083,62
chr09,13058955,5.042016806722694e-05,0.7303234259269695,0.3961778206973383,0.4021098413123083,62
chr09,13058967,5.042016806722694e-05,0.7303234259269695,0.3961778206973383,0.4021098413123083,62
chr09,13111801,-4.541595925297118e-05,0.7347263847422543,0.39441111379692173,0.40405085591979156,69
chr09,13120402,-2.1825396825396844e-05,0.1718120190546256,0.6799370738653195,0.16753127808435822,64
chr09,13180490,-6.406406406406413e-05,1.3528810092055097,0.24923224125365273,0.6033957770496508,64
chr09,13180581,6.406406406406413e-05,1.3528810092055097,0.24923224125365273,0.6033957770496508,64
chr10,95455,1.724137931034485e-05,0.10067271589490773,0.7520254149244502,0.12376748204807085,68
chr10,95470,1.724137931034485e-05,0.10067271589490773,0.7520254149244502,0.12376748204807085,68
chr10,95560,1.6666666666666667e-05,0.09481324663543354,0.7591147005506755,0.11969259821168511,68
chr10,96341,1.724137931034485e-05,0.10067271589490771,0.7520254149244502,0.12376748204807085,68
chr10,96491,1.6666666666666698e-05,0.09227640716722811,0.7622731543105468,0.11788937491721975,67
chr10,158539,9.29863932193587e-21,0.0,1.0,-0.0,68
chr10,158709,-1.2499999999999987e-05,0.05236314178852474,0.8197086716934421,0.08634047049018866,68
chr10,162358,-1.2470602719239805e-20,0.0,1.0,-0.0,62
chr10,175314,1.3157894736842114e-05,0.06746841332905135,0.7958800397264841,0.09915238704992049,67
chr10,175373,-6.71035827356045e-22,0.0,1.0,-0.0,68
chr10,177019,1.2195121951219528e-05,0.052953813104189035,0.8186917428431294,0.08687958979335184,70
chr10,177113,9.259259259259271e-06,0.02974158946854037,0.8636487897073398,0.06366283124963276,63
chr10,177204,9.259259259259271e-06,0.02974158946854037,0.8636487897073398,0.06366283124963276,63
chr10,195479,1.2820512820512837e-05,0.053684148427813924,0.8175001511742366,0.0875121583568131,67
chr10,227966,1.2820512820512837e-05,0.055626598465495516,0.8142771625958192,0.08922774535907112,68
chr10,228032,1.2820512820512837e-05,0.055626598465495516,0.8142771625958192,0.08922774535907112,68
chr10,281638,3.2744282744282763e-05,0.33472694016196225,0.5650189609378393,0.24793697785754434,63
chr10,325018,-3.005226480836241e-05,0.33727292624205496,0.5633560014749812,0.24921707474959764,69
chr10,360220,6.315789473684222e-06,0.01352100188407369,0.9078127345696432,0.042003729376233485,63
chr10,436849,1.6666666666666674e-05,0.09735106739691175,0.7560008474644699,0.12147771766157572,69
chr10,444291,3.174603174603177e-05,0.329787234042559,0.5678621644541253,0.2457570665449073,64
chr10,449864,4.922779922779929e-05,0.8987412587413184,0.34674184052061163,0.45999374989005515,65
chr10,486652,-1.5625e-05,0.0794450529390465,0.7789602926124596,0.10848467986121622,66
chr10,486654,-1.5625e-05,0.0794450529390465,0.7789602926124596,0.10848467986121622,66
chr10,486737,1.5625000000000014e-05,0.08181981657973368,0.7757558935561072,0.11027491631850053,67
chr10,492508,1.5151515151515161e-05,0.08397863818426198,0.7728581879382631,0.11190018764177287,70
chr10,498086,1.5151515151515202e-05,0.07706793137119647,0.7821919681519421,0.10668664786381649,67
chr10,534834,-6.389452332657204e-05,1.327461139896347,0.25375286353370907,0.5955890481531282,63
chr10,555806,-4.730327144120251e-05,0.7654129154073183,0.38481253133891113,0.4147507936957489,68
chr10,575215,-6.003584229390689e-05,1.3273392258458374,0.253498947390794,0.5960238396573468,67
chr10,648319,4.507857733664189e-05,0.7431772606015645,0.3916749940887906,0.4070741544565097,70
chr10,648361,4.507857733664189e-05,0.7431772606015645,0.3916749940887906,0.4070741544565097,70
chr10,681170,6.155303030303035e-05,1.319690621978708,0.2549905582461602,0.593475900262153,65
chr10,681278,6.155303030303035e-05,1.319690621978708,0.2549905582461602,0.593475900262153,65
chr10,694150,-4.419191919191924e-05,0.7012140422223629,0.40535319319111507,0.3921664014555891,69
chr10,750293,-4.3816543816543875e-05,0.7087615163322086,0.40280639117943895,0.3949036472744699,70
chr10,784451,-4.4407894736842156e-05,0.7252139565502904,0.397428087428082,0.4007414432554573,70
chr10,784478,-4.4407894736842156e-05,0.7252139565502904,0.397428087428082,0.4007414432554573,70
chr10,1010418,-4.3816543816543875e-05,0.708761516332209,0.40280639117943895,0.3949036472744699,70
chr10,1010623,3.125000000000003e-05,0.33668016194331973,0.5638214576305622,0.24885839999116693,65
chr10,1048531,4.5138888888888934e-05,0.7093163751986431,0.40271243551786184,0.3950049594330419,68
chr10,1053258,-4.4588744588744625e-05,0.6937724422743669,0.4078882519882515,0.38945880306768205,68
chr10,1185495,4.696394686907027e-05,0.7018419482254895,0.4053325465398532,0.3921885227937978,65
chr10,1230848,-4.419191919191925e-05,0.7012140422223628,0.40535319319111507,0.3921664014555891,69
chr10,1252427,4.419191919191923e-05,0.701214042222363,0.40535319319111507,0.3921664014555891,69
chr10,1263833,-4.5138888888888934e-05,0.7093163751986431,0.40271243551786184,0.3950049594330419,68
chr10,1263835,4.5138888888888934e-05,0.7093163751986431,0.40271243551786184,0.3950049594330419,68
chr10,1264006,4.476351351351356e-05,0.7172179095831774,0.40007293316602455,0.39786082971140313,69
chr10,1285011,-4.419191919191923e-05,0.701214042222363,0.40535319319111507,0.3921664014555891,69
chr10,1299606,-4.4407894736842156e-05,0.7252139565502904,0.397428087428082,0.4007414432554573,70
chr10,1307100,-4.541595925297119e-05,0.7347263847422543,0.39441111379692173,0.40405085591979156,69
chr10,1331363,-4.419191919191925e-05,0.701214042222363,0.40535319319111507,0.3921664014555891,69
chr10,1431720,-1.3157894736842121e-05,0.06105770644090905,0.8055875373194845,0.0938872610681967,69
chr10,1472553,1.3157894736842108e-05,0.055074067244463336,0.8152073617547216,0.08873190707447519,66
chr10,1473403,1.2820512820512823e-05,0.053684148427813924,0.8175001511742366,0.0875121583568131,67
chr10,1488562,-2.702702702702705e-05,0.23778409090906122,0.6275310619659551,0.20236477230662753,64
chr10,1490733,-1.250000000000001e-05,0.05615194054502283,0.813397139575277,0.08969735918598912,70
chr10,1510427,1.2820512820512849e-05,0.05757002921463369,0.8111112409658021,0.09091957979057566,69
chr10,1563866,7.27986050566696e-05,1.8688715337005093,0.17624271055136911,0.7538888365083886,68
chr10,1566424,-7.072368421052642e-05,1.870037926675113,0.17597376815323298,0.7545520662504477,70
chr10,1583716,7.173174872665547e-05,1.863410933785954,0.1767980613105213,0.7525225015783699,69
chr10,1610807,-7.17905405405406e-05,1.8763251431251966,0.17532573886870995,0.7561543221943164,69
chr10,1658531,7.196969696969703e-05,1.8925171487440757,0.17350002144264945,0.7607004671991954,69
chr10,1681457,7.44206773618539e-05,1.9117143034913169,0.1715050077033851,0.7657231946521376,67
chr10,1714141,-5.971479500891275e-05,1.3200969990905926,0.2547850729435387,0.5938260195397881,67
chr10,1744624,4.8484848484848535e-05,0.8317886438691044,0.36534618914358175,0.4372954183380481,63
chr10,1754050,-7.17905405405406e-05,1.8763251431251962,0.17532573886870995,0.7561543221943164,69
chr10,1817274,7.291666666666675e-05,1.8835177635411797,0.17458105562299336,0.7580028848273244,68
chr10,1830264,7.107843137254905e-05,1.9021453517380038,0.17235777560789783,0.7635691194075804,70
chr10,1830292,7.107843137254905e-05,1.9021453517380038,0.17235777560789783,0.7635691194075804,70
chr10,1830609,7.196969696969707e-05,1.8925171487440764,0.17350002144264945,0.7607004671991954,69
chr10,1830631,4.4191919191919226e-05,0.7012140422223628,0.40535319319111507,0.3921664014555891,69
chr10,1839408,6.0661764705882405e-05,1.320825515947449,0.2547208542939268,0.59393549738418,66
chr10,1937513,-8.940092165898626e-05,2.946989272570823,0.09087429895101726,1.0415589264809566,66
chr10,2018042,-5.887445887445895e-05,1.3211657344716268,0.2545312111607822,0.5942589559448801,68
chr10,2018053,-5.887445887445895e-05,1.3211657344716268,0.2545312111607822,0.5942589559448801,68
chr10,2029758,6.458333333333342e-05,1.3200851667849445,0.25513647293464753,0.5932274525544506,62
chr10,2054996,7.291666666666674e-05,1.8835177635411797,0.17458105562299336,0.7580028848273244,68
chr10,2055171,-7.107843137254906e-05,1.9021453517380038,0.17235777560789783,0.7635691194075804,70
chr10,2061962,5.887445887445896e-05,1.3211657344716268,0.2545312111607822,0.5942589559448801,68
chr10,2092253,4.28571428571429e-05,0.6800000000000063,0.41247001541874784,0.3846076170813091,70
chr10,2092340,-6.401209677419355e-05,1.626598089154144,0.20701008287776787,0.6840085007675668,63
chr10,2092478,6.401209677419355e-05,1.626598089154144,0.20701008287776787,0.6840085007675668,63
chr10,2093786,-4.372294372294379e-05,0.6668218337981529,0.41709960567728843,0.37976022073258786,68
chr10,2130866,-4.976851851851856e-05,0.6441839285605105,0.42553371909382176,0.3710660209232859,59
chr10,2130904,-4.976851851851856e-05,0.6441839285605105,0.42553371909382176,0.3710660209232859,59
chr10,2148754,4.32773109243698e-05,0.6733441893995495,0.4147980925246666,0.38216324940912105,69
chr10,2150054,7.575757575757583e-05,2.312138728323725,0.13329276697322356,0.8751934165939729,66
chr10,2153395,-2.9411764705882377e-05,0.3267326732673177,0.5695309877060966,0.24448264134143152,68
chr10,2153432,-2.9411764705882377e-05,0.3267326732673177,0.5695309877060966,0.24448264134143152,68
chr10,2154545,-1.4705882352941177e-05,0.08583089912368211,0.7704790283076692,0.1132391778595246,67
chr10,2208502,4.28571428571429e-05,0.6800000000000063,0.41247001541874784,0.3846076170813091,70
chr10,2215522,-4.327731092436976e-05,0.6733441893995492,0.4147980925246666,0.38216324940912105,69
chr10,2215545,-4.372294372294379e-05,0.6668218337981529,0.41709960567728843,0.37976022073258786,68
chr10,2217719,-2.9411764705882377e-05,0.32512315270935055,0.5704810046975779,0.24375881170565292,68
chr10,2238114,-4.372294372294379e-05,0.6668218337981529,0.41709960567728843,0.37976022073258786,68
chr10,2240931,-4.372294372294378e-05,0.6668218337981529,0.41709960567728843,0.37976022073258786,68
chr10,2240985,-4.372294372294378e-05,0.6668218337981529,0.41709960567728843,0.37976022073258786,68
chr10,2280518,-4.327731092436976e-05,0.6733441893995492,0.4147980925246666,0.38216324940912105,69
chr10,2280546,-4.327731092436976e-05,0.6733441893995492,0.4147980925246666,0.38216324940912105,69
chr10,2280553,-4.327731092436976e-05,0.6733441893995492,0.4147980925246666,0.38216324940912105,69
chr10,2280554,-4.327731092436976e-05,0.6733441893995492,0.4147980925246666,0.38216324940912105,69
chr10,2280719,-4.327731092436976e-05,0.6733441893995492,0.4147980925246666,0.38216324940912105,69
chr10,2280760,-4.327731092436976e-05,0.6733441893995492,0.4147980925246666,0.38216324940912105,69
chr10,2295839,-4.892473118279576e-05,0.670867895408254,0.41604543785961967,0.3808592358778638,61
chr10,2295952,-2.9437229437229472e-05,0.3254060324826071,0.5703138093368324,0.2438861124650852,68
chr10,2362399,4.369747899159667e-05,0.6866169425746905,0.410259654834671,0.38694118969697155,69
chr10,2362628,4.640151515151519e-05,0.6862645464237325,0.4105652936147415,0.38661776570254835,65
chr10,2373392,2.9411764705882377e-05,0.32512315270935055,0.5704810046975779,0.24375881170565292,68
chr10,2373439,2.9411764705882377e-05,0.32512315270935055,0.5704810046975779,0.24375881170565292,68
chr10,2373458,2.9411764705882377e-05,0.32512315270935055,0.5704810046975779,0.24375881170565292,68
chr10,2378997,4.500891265597156e-05,0.6864460385179382,0.41040783198464703,0.38678435999356153,67
chr10,2379753,5.8823529411764755e-05,1.3266331658291093,0.2535603144596017,0.5959187182978173,68
chr10,2398209,2.9411764705882377e-05,0.3267326732673177,0.5695309877060966,0.24448264134143152,68
chr10,2399050,4.4588744588744645e-05,0.6937724422743669,0.4078882519882515,0.38945880306768205,68
chr10,2426783,-4.327731092436976e-05,0.6733441893995492,0.4147980925246666,0.38216324940912105,69
chr10,2427056,-4.372294372294379e-05,0.6668218337981526,0.41709960567728843,0.37976022073258786,68
chr10,2431279,-4.5812807881773436e-05,0.642342743790184,0.42592474076498343,0.3706671322539397,64
chr10,2432192,-3.0330882352941203e-05,0.3251732101616213,0.5705117578260298,0.24373540066497004,66
chr10,2432259,-3.0330882352941203e-05,0.3251732101616213,0.5705117578260298,0.24373540066497004,66
chr10,2443235,-4.372294372294379e-05,0.6668218337981527,0.41709960567728843,0.37976022073258786,68
chr10,2443240,-4.372294372294379e-05,0.6668218337981527,0.41709960567728843,0.37976022073258786,68
chr10,2465562,-1.4285714285714296e-05,0.07271914703440119,0.7882468902782845,0.10333773391674696,69
chr10,2491240,4.292929292929296e-05,0.6613272311212673,0.41897229690844595,0.3778146923023176,69
chr10,2520683,-4.369369369369373e-05,0.6395385923322483,0.42679087190718656,0.3697848777263221,67
chr10,2526061,-4.265202702702706e-05,0.6505102016536238,0.4227840496677988,0.3738814056406938,69
chr10,2560124,-4.2652027027027044e-05,0.6505102016536239,0.4227840496677988,0.3738814056406938,69
chr10,2648087,-3.0017921146953437e-05,0.3268292682926972,0.5695038698431433,0.24450332049477927,67
chr10,2648130,-3.0017921146953437e-05,0.3268292682926972,0.5695038698431433,0.24450332049477927,67
chr10,2659414,-4.292929292929296e-05,0.6613272311212673,0.41897229690844595,0.3778146923023176,69
chr10,2659448,-3.0330882352941203e-05,0.3251732101616212,0.5705117578260298,0.24373540066497004,66
chr10,2687536,4.3156059285091544e-05,0.6449312063809073,0.42481343876775257,0.37180175301330587,68
chr10,2687623,-4.369369369369373e-05,0.6395385923322483,0.42679087190718656,0.3697848777263221,67
chr10,2695676,-4.390681003584232e-05,0.6493806407049733,0.42327254161522276,0.3733799040083435,67
chr10,2740137,-4.265202702702706e-05,0.6505102016536238,0.4227840496677988,0.3738814056406938,69
chr10,2740372,-7.734204793028331e-05,2.024801209084423,0.16001545398600295,0.7958380719894612,61
chr10,2740447,-4.554554554554557e-05,0.6246860886154306,0.43232400805939997,0.3641906463118115,64
chr10,2740561,-4.4268406337371896e-05,0.6343516346416214,0.4287082062169866,0.36783820326183153,66
chr10,2740960,-3.137254901960787e-05,0.32588699080160644,0.5701544961058924,0.2440074465823268,64
chr10,2773848,5.833333333333338e-05,1.2166041639726046,0.274158428949637,0.5619983972725956,66
chr10,3030740,-4.340277777777779e-05,0.6552715604200032,0.42114306806462576,0.37557034331877587,68
chr10,3030851,-5.8986175115207424e-05,1.2503947073441835,0.267656902306838,0.5724215525976784,66
chr10,3061345,-4.592803030303032e-05,0.6721819346718351,0.4153830236451672,0.3815512566884581,65
chr10,3120048,2.9910714285714323e-05,0.3256561728856791,0.5701957808369045,0.24397600057624294,67
chr10,3160324,4.2929292929292966e-05,0.6613272311212675,0.41897229690844595,0.3778146923023176,69
chr10,3176898,1.4285714285714299e-05,0.0748898678414346,0.7851753351822295,0.10503335140837709,70
chr10,3176916,1.4285714285714299e-05,0.0748898678414346,0.7851753351822295,0.10503335140837709,70
chr10,3194349,-1.4285714285714299e-05,0.0748898678414346,0.7851753351822295,0.10503335140837709,70
chr10,3215623,-1.4285714285714299e-05,0.0748898678414346,0.7851753351822295,0.10503335140837709,70
chr10,3227358,1.4285714285714289e-05,0.0727191470344012,0.7882468902782845,0.10333773391674696,69
chr10,3228939,3.5714285714285744e-05,0.43404568901987267,0.5126631236459325,0.2901679206580301,59
chr10,3334419,0.0,0.0,1.0,-0.0,66
chr10,3334663,1.3888888888888906e-05,0.06861558514105595,0.794166910030295,0.10008821232455797,69
chr10,3352328,1.5151515151515158e-05,0.0701664719625983,0.7919732246846038,0.10128950094623079,64
chr10,3377069,-1.4285714285714297e-05,0.0727191470344012,0.7882468902782845,0.10333773391674696,69
chr10,3417538,-1.3888888888888898e-05,0.07072499235240919,0.7910887788939426,0.10177477564238743,70
chr10,3417745,-1.3888888888888906e-05,0.06861558514105595,0.794166910030295,0.10008821232455797,69
chr10,3469429,1.3888888888888898e-05,0.06439962926268732,0.8004736250649407,0.0966529731481326,67
chr10,3489351,-1.4705882352941182e-05,0.06367202965842243,0.8016318601512438,0.09602503048267949,63
chr10,3510019,3.351648351648356e-05,0.33143015010585486,0.5670076108986319,0.24641111156724474,61
chr10,3528354,1.3157894736842111e-05,0.0630541871921305,0.802489464035981,0.09556066078112438,70
chr10,3552748,1.4285714285714292e-05,0.0727191470344012,0.7882468902782845,0.10333773391674696,69
chr10,3552991,6.411637931034491e-05,1.5240575184192138,0.22190089755418277,0.653840941111658,61
chr10,3553786,7.673121992774282e-21,0.0,1.0,-0.0,66
chr10,3569596,-1.4285714285714299e-05,0.0748898678414346,0.7851753351822295,0.10503335140837709,70
chr10,3569865,1.4285714285714299e-05,0.0748898678414346,0.7851753351822295,0.10503335140837709,70
chr10,3573814,-1.5019250874258247e-21,0.0,1.0,-0.0,68
chr10,3573847,-2.449601165107623e-20,0.0,1.0,-0.0,67
chr10,3573855,-2.449601165107623e-20,0.0,1.0,-0.0,67
chr10,3608916,-1.4285714285714321e-05,0.070549365120521,0.7913664956780773,0.10162234053719627,68
chr10,3613614,-1.5151515151515165e-05,0.07476635514020141,0.7853998118129064,0.10490920712547593,66
chr10,3613876,1.5151515151515195e-05,0.0793705332600484,0.7790337428019035,0.10844373103693475,68
chr10,3613908,1.5151515151515195e-05,0.0793705332600484,0.7790337428019035,0.10844373103693475,68
chr10,3700182,-2.9910714285714316e-05,0.32565617288560356,0.5701957808369433,0.24397600057621335,67
chr10,3751284,4.2929292929292966e-05,0.6613272311212672,0.41897229690844595,0.3778146923023176,69
chr10,3751983,-1.6129032258064517e-05,0.09692307692307561,0.7565816490203895,0.12114419678083085,65
chr10,3752344,-3.083491461100572e-05,0.3254390844790524,0.5703862766818857,0.24383093202194697,65
chr10,3752401,3.083491461100572e-05,0.3254390844790524,0.5703862766818857,0.24383093202194697,65
chr10,3830713,-4.327731092436977e-05,0.6733441893995493,0.4147980925246666,0.38216324940912105,69
chr10,3877905,3.030303030303033e-05,0.32487309644676354,0.5706891943904071,0.24360035044218808,66
chr10,3878334,4.327731092436977e-05,0.6733441893995492,0.4147980925246666,0.38216324940912105,69
chr10,3884179,4.791666666666671e-05,0.6644198363023082,0.4182277713811231,0.3785871323095265,62
chr10,3884250,-4.791666666666671e-05,0.6644198363023082,0.4182277713811231,0.3785871323095265,62
chr10,3884392,4.696969696969701e-05,0.6585223379277915,0.4202373475483374,0.376505353373699,63
chr10,3906036,3.128054740957969e-05,0.324926301998063,0.5707219303448111,0.2435754390950787,64
chr10,3925490,-6.250000000000006e-05,1.319148936170213,0.2551568268040775,0.5931928074858676,64
chr10,3929705,-4.292929292929296e-05,0.6613272311212673,0.41897229690844595,0.3778146923023176,69
chr10,3929807,-4.292929292929296e-05,0.6613272311212673,0.41897229690844595,0.3778146923023176,69
chr10,3943405,-5.517814627828043e-21,0.0,1.0,-0.0,67
chr10,3947088,-1.3513513513513524e-05,0.06473429951690014,0.7999431467925541,0.09694087789763972,69
chr10,3956474,-1.0297977623966259e-20,0.0,1.0,-0.0,67
chr10,3968357,1.38888888888889e-05,0.06439962926268732,0.8004736250649407,0.0966529731481326,67
chr10,3968425,-1.38888888888889e-05,0.06439962926268732,0.8004736250649407,0.0966529731481326,67
chr10,3968461,1.38888888888889e-05,0.06439962926268732,0.8004736250649407,0.0966529731481326,67
chr10,3968495,1.38888888888889e-05,0.06439962926268732,0.8004736250649407,0.0966529731481326,67
chr10,3996883,-1.3157894736842114e-05,0.06305418719213048,0.802489464035981,0.09556066078112438,70
chr10,3996970,-1.3157894736842111e-05,0.06105770644090905,0.8055875373194845,0.0938872610681967,69
chr10,3998066,-1.3888888888888908e-05,0.06229316721822767,0.8037068752498597,0.09490231651684128,66
chr10,4003074,-1.3157894736842121e-05,0.06105770644090905,0.8055875373194845,0.0938872610681967,69
chr10,4027455,1.724137931034484e-05,0.10329941412272442,0.748906083407064,0.12557264160018727,69
chr10,4027521,1.724137931034484e-05,0.10329941412272442,0.748906083407064,0.12557264160018727,69
chr10,4041030,1.724137931034485e-05,0.09804699904731527,0.7551885491266817,0.1219446038381627,67
chr10,4060983,2.94871794871795e-05,0.3308997208503493,0.5670566573064006,0.24637354652818724,69
chr10,4087335,3.2712996583614333e-21,0.0,1.0,-0.0,69
chr10,4118406,-4.523809523809527e-05,0.7676443784385673,0.38427529528216176,0.4153575350451741,65
chr10,4160691,-3.137254901960787e-05,0.3258869908016064,0.5701544961058924,0.2440074465823268,64
chr10,4160719,-3.137254901960787e-05,0.3258869908016064,0.5701544961058924,0.2440074465823268,64
chr10,4160723,-3.137254901960787e-05,0.3258869908016064,0.5701544961058924,0.2440074465823268,64
chr10,4182180,-2.9286926994906635e-05,0.3286415013862492,0.5683793267019792,0.24536172677294957,69
chr10,4182230,-2.9286926994906635e-05,0.3286415013862492,0.5683793267019792,0.24536172677294957,69
chr10,4214083,-2.982456140350881e-05,0.32970908022339657,0.567782337838189,0.2458181213182933,68
chr10,4234117,-2.964254577157807e-05,0.32768691588782933,0.5689692160399873,0.24491123038107965,68
chr10,4323180,-4.684684684684688e-05,0.7362569694329025,0.3940155343080125,0.40448665550626217,67
chr10,4329372,4.615384615384618e-05,0.7538547020419142,0.3883579585232687,0.4107677905292112,69
chr10,4329394,4.615384615384618e-05,0.7538547020419142,0.3883579585232687,0.4107677905292112,69
chr10,4331561,4.649122807017547e-05,0.7450149891901355,0.39118489934406864,0.40761791834793853,68
chr10,4332799,6.0360360360360426e-05,1.3346613545815884,0.2522068840498721,0.598243063424833,67
chr10,4350238,-3.0061892130857692e-05,0.33234597156395884,0.5662419222856576,0.24699798035533704,68
chr10,4364996,5.8573853989813323e-05,1.3341991341990824,0.25216248355947857,0.5983195267838706,69
chr10,4378738,-4.649122807017546e-05,0.7450149891901354,0.39118489934406864,0.40761791834793853,68
chr10,4402263,-4.440789473684213e-05,0.7252139565502903,0.397428087428082,0.4007414432554573,70
chr10,4402313,-4.440789473684213e-05,0.7252139565502903,0.397428087428082,0.4007414432554573,70
chr10,4415013,-4.654377880184336e-05,0.7099094867143839,0.4026116298813669,0.3951136841906498,66
chr10,4428063,-4.476351351351356e-05,0.7172179095831775,0.40007293316602455,0.39786082971140313,69
chr10,4428151,-4.476351351351356e-05,0.7172179095831775,0.40007293316602455,0.39786082971140313,69
chr10,4428334,-4.5771578029642616e-05,0.7263599846673071,0.3971477316808487,0.40104791359124603,68
chr10,4443921,-6.166982922201144e-05,1.3222473361317133,0.25453553056736117,0.5942515860097081,65
chr10,4458697,-1.42857142857143e-05,0.07572115384617904,0.7840824532517245,0.10563826498219964,65
chr10,4459192,-4.440789473684213e-05,0.7252139565502903,0.397428087428082,0.4007414432554573,70
chr10,4496217,-1.6129032258064534e-05,0.08442635308306834,0.7723256992140046,0.11219951372936475,66
chr10,4496219,1.6129032258064534e-05,0.08442635308306834,0.7723256992140046,0.11219951372936475,66
chr10,4503636,-2.991071428571431e-05,0.32565617288560356,0.5701957808369433,0.24397600057621335,67
chr10,4503652,2.991071428571431e-05,0.32565617288560356,0.5701957808369433,0.24397600057621335,67
chr10,4511703,-4.687500000000004e-05,0.8040345821326242,0.3733584030993884,0.4278740696507742,64
chr10,4511708,-4.687500000000004e-05,0.8040345821326242,0.3733584030993884,0.4278740696507742,64
chr10,4517886,-1.5151515151515161e-05,0.08397863818426199,0.7728581879382631,0.11190018764177287,70
chr10,4587614,1.5151515151515168e-05,0.08295925414362454,0.7742871245220191,0.111097962479373,64
chr10,4594930,-1.5151515151515165e-05,0.07476635514020143,0.7853998118129064,0.10490920712547593,66
chr10,4598471,-1.3888888888888903e-05,0.06861558514105592,0.794166910030295,0.10008821232455797,69
chr10,4598595,-1.351351351351353e-05,0.06473429951690013,0.7999431467925541,0.09694087789763972,69
chr10,4609427,1.4705882352941172e-05,0.0831911609391479,0.7739506324048002,0.11128674055478067,66
chr10,4614481,1.3888888888888903e-05,0.06861558514105595,0.794166910030295,0.10008821232455797,69
chr10,4614587,1.3888888888888906e-05,0.06650711676534304,0.7972944443090464,0.09838126213808734,68
chr10,4614630,1.3888888888888906e-05,0.06650711676534304,0.7972944443090464,0.09838126213808734,68
chr10,4622829,1.3888888888888903e-05,0.06861558514105592,0.794166910030295,0.10008821232455797,69
chr10,4661361,-1.3888888888888903e-05,0.06650711676534304,0.7972944443090464,0.09838126213808734,68
chr10,4675274,0.0,0.0,1.0,-0.0,65
chr10,4681532,1.6187740769748857e-20,0.0,1.0,-0.0,68
chr10,4689773,-1.3888888888888906e-05,0.06650711676534304,0.7972944443090464,0.09838126213808734,68
chr10,4689777,-1.3888888888888906e-05,0.06650711676534304,0.7972944443090464,0.09838126213808734,68
chr10,4689812,-1.3888888888888906e-05,0.06650711676534304,0.7972944443090464,0.09838126213808734,68
chr10,4807154,1.5625000000000007e-05,0.08181981657973368,0.7757558935561072,0.11027491631850053,67
chr10,4807192,1.5625000000000007e-05,0.08181981657973368,0.7757558935561072,0.11027491631850053,67
chr10,4811142,1.5151515151515161e-05,0.08397863818426198,0.7728581879382631,0.11190018764177287,70
chr10,4813662,-1.5151515151515161e-05,0.08397863818426198,0.7728581879382631,0.11190018764177287,70
chr10,4835099,-1.5151515151515151e-05,0.08167411621293748,0.7759231117245666,0.11018131199973372,69
chr10,4855908,-1.5151515151515165e-05,0.08167411621293748,0.7759231117245666,0.11018131199973372,69
chr10,4855947,-1.2626262626262595e-06,0.0006159956604491657,0.9802729023005017,0.008653002405423877,69
chr10,4855984,-1.5625000000000014e-05,0.08419560595324335,0.7725999017457906,0.11204535142193063,68
chr10,4856072,-1.5625000000000014e-05,0.08419560595324335,0.7725999017457906,0.11204535142193063,68
chr10,4856088,-1.5625000000000014e-05,0.08419560595324335,0.7725999017457906,0.11204535142193063,68
chr10,4877013,-2.904040404040405e-05,0.3258617043772973,0.5700158274414895,0.2441130852484388,69
chr10,4877043,2.904040404040405e-05,0.3258617043772973,0.5700158274414895,0.2441130852484388,69
chr10,4877045,2.904040404040405e-05,0.3258617043772973,0.5700158274414895,0.2441130852484388,69
chr10,4899157,-1.8905007366790954e-21,0.0,1.0,-0.0,68
chr10,4899199,-1.8905007366790954e-21,0.0,1.0,-0.0,68
chr10,4932666,-1.6129032258064554e-05,0.08197474167623309,0.7755783513041933,0.1103743218733034,65
chr10,4934442,-1.666666666666668e-05,0.08467223650383723,0.7720340600397246,0.11236353935207768,64
chr10,4934684,-1.666666666666668e-05,0.08467223650383723,0.7720340600397246,0.11236353935207768,64
chr10,4940483,1.6129032258064513e-05,0.094243070362472,0.7597888724082098,0.11930707125392258,70
chr10,4954779,1.6666666666666664e-05,0.09735106739691174,0.7560008474644699,0.12147771766157572,69
chr10,4958618,1.6666666666666674e-05,0.09481324663543354,0.7591147005506755,0.11969259821168511,68
chr10,4968564,-1.6666666666666678e-05,0.09227640716722812,0.7622731543105468,0.11788937491721975,67
chr10,4968592,1.666666666666668e-05,0.09227640716722812,0.7622731543105468,0.11788937491721975,67
chr10,5012672,-1.4285714285714307e-05,0.057552934489148055,0.8112240062511132,0.09085920590506248,62
chr10,5012680,1.4285714285714302e-05,0.057552934489148055,0.8112240062511132,0.09085920590506248,62
chr10,5017010,1.3157894736842103e-05,0.06105770644090906,0.8055875373194845,0.0938872610681967,69
chr10,5048014,1.3157894736842116e-05,0.06305418719213049,0.802489464035981,0.09556066078112438,70
chr10,5051352,-1.3157894736842136e-05,0.059062164419531805,0.8087381385752584,0.09219207589244127,68
chr10,5051541,-1.3157894736842125e-05,0.059062164419531805,0.8087381385752584,0.09219207589244127,68
chr10,5084196,-3.0017921146953444e-05,0.3268292682926972,0.5695038698431433,0.24450332049477927,67
chr10,5084270,-1.3888888888888918e-05,0.06861558514105594,0.794166910030295,0.10008821232455797,69
chr10,5111416,1.3513513513513535e-05,0.06678571428574023,0.7968561991657952,0.09862004440500619,70
chr10,5117466,1.3513513513513535e-05,0.06678571428574023,0.7968561991657952,0.09862004440500619,70
chr10,5128940,1.3513513513513496e-05,0.0626838235294361,0.8030809857471797,0.09524065660222683,68
chr10,5129011,1.3513513513513496e-05,0.0626838235294361,0.8030809857471797,0.09524065660222683,68
chr10,5139442,1.3513513513513515e-05,0.06473429951690014,0.7999431467925541,0.09694087789763972,69
chr10,5139490,1.3513513513513515e-05,0.06473429951690014,0.7999431467925541,0.09694087789763972,69
chr10,5142952,1.3513513513513515e-05,0.06473429951690014,0.7999431467925541,0.09694087789763972,69
chr10,5142961,1.3513513513513515e-05,0.06473429951690014,0.7999431467925541,0.09694087789763972,69
chr10,5142962,1.3513513513513515e-05,0.06473429951690014,0.7999431467925541,0.09694087789763972,69
chr10,5142981,1.3513513513513515e-05,0.06473429951690014,0.7999431467925541,0.09694087789763972,69
chr10,5165771,-2.9910714285714326e-05,0.32565617288567916,0.5701957808369045,0.24397600057624294,67
chr10,5165796,-2.9910714285714326e-05,0.32565617288567916,0.5701957808369045,0.24397600057624294,67
chr10,5165892,-1.4285714285714285e-05,0.07054936512052101,0.7913664956780773,0.10162234053719627,68
chr10,5179172,-1.4285714285714299e-05,0.0748898678414346,0.7851753351822295,0.10503335140837709,70
chr10,5179181,-1.4285714285714299e-05,0.0748898678414346,0.7851753351822295,0.10503335140837709,70
chr10,5214262,-1.4285714285714299e-05,0.0748898678414346,0.7851753351822295,0.10503335140837709,70
chr10,5214384,-1.428571428571432e-05,0.0727191470344012,0.7882468902782845,0.10333773391674696,69
chr10,5231279,-1.5151515151515202e-05,0.07706793137119647,0.7821919681519421,0.10668664786381649,67
chr10,5251435,-2.985739750445641e-05,0.3250727774875248,0.5705404939110004,0.24371352625366616,67
chr10,5338831,-1.4705882352941173e-05,0.07706464228203143,0.782170249976375,0.10669870655929907,69
chr10,5338865,-1.4705882352941173e-05,0.07706464228203143,0.782170249976375,0.10669870655929907,69
chr10,5345764,-1.4705882352941173e-05,0.07706464228203143,0.782170249976375,0.10669870655929907,69
chr10,5345903,1.470588235294119e-05,0.07930029154518728,0.7791030841146338,0.10840507647337351,70
chr10,5346052,-1.612903225806453e-05,0.07952425373134221,0.7788823574641439,0.10852813329328959,64
chr10,5349164,1.5625000000000017e-05,0.08419560595324337,0.7725999017457906,0.11204535142193063,68
chr10,5349239,-1.5625000000000017e-05,0.08419560595324337,0.7725999017457906,0.11204535142193063,68
chr10,5375384,1.470588235294119e-05,0.07930029154518728,0.7791030841146338,0.10840507647337351,70
chr10,5401277,1.4705882352941189e-05,0.07482993197282231,0.7852842374037242,0.10497311982424265,68
chr10,5469009,-1.5151515151515161e-05,0.0724658519051183,0.7886594494009445,0.1031104887722389,65
chr10,5469063,-1.5151515151515161e-05,0.0724658519051183,0.7886594494009445,0.1031104887722389,65
chr10,5478615,1.5151515151515151e-05,0.08167411621293748,0.7759231117245666,0.11018131199973372,69
chr10,5504438,-1.4705882352941212e-05,0.07930029154518728,0.7791030841146338,0.10840507647337351,70
chr10,5722461,-1.47058823529412e-05,0.07930029154518728,0.7791030841146338,0.10840507647337351,70
chr10,5745187,-1.5151515151515177e-05,0.08397863818426199,0.7728581879382631,0.11190018764177287,70
chr10,5745743,-1.5151515151515151e-05,0.08167411621293746,0.7759231117245666,0.11018131199973372,69
chr10,5757109,1.5625e-05,0.06995724834824715,0.792305495601268,0.10110733170306387,62
chr10,5776496,-1.5151515151515185e-05,0.0793705332600484,0.7790337428019035,0.10844373103693475,68
chr10,5796325,-3.181818181818185e-05,0.32520944402138835,0.5705882674280969,0.24367716265374445,63
chr10,5796327,-3.181818181818185e-05,0.32520944402138835,0.5705882674280969,0.24367716265374445,63
chr10,5821554,-1.4705882352941173e-05,0.07706464228203143,0.782170249976375,0.10669870655929907,69
chr10,5859602,7.844227699549492e-21,0.0,1.0,-0.0,66
chr10,5874346,-1.4705882352941173e-05,0.07706464228203143,0.782170249976375,0.10669870655929907,69
chr10,5888757,-1.4705882352941173e-05,0.07706464228203143,0.782170249976375,0.10669870655929907,69
chr10,5888782,-1.4705882352941173e-05,0.07706464228203143,0.782170249976375,0.10669870655929907,69
chr10,5888907,-1.5151515151515205e-05,0.07706793137119644,0.7821919681519421,0.10668664786381649,67
chr10,5931005,1.4705882352941189e-05,0.07482993197282231,0.7852842374037242,0.10497311982424265,68
chr10,5934519,-1.5151515151515205e-05,0.07706793137119644,0.7821919681519421,0.10668664786381649,67
chr10,5935930,-1.4705882352941189e-05,0.07482993197282231,0.7852842374037242,0.10497311982424265,68
chr10,5935977,-3.0776515151515174e-05,0.3248195446973848,0.5707524534569539,0.24355221295988827,65
chr10,5937795,-1.5151515151515178e-05,0.0793705332600484,0.7790337428019035,0.10844373103693475,68
chr10,5945859,-1.4705882352941173e-05,0.07706464228203143,0.782170249976375,0.10669870655929907,69
chr10,5945860,-1.47058823529412e-05,0.07930029154518728,0.7791030841146338,0.10840507647337351,70
chr10,5946025,1.7552182163187862e-05,0.11611769695256145,0.7344176774853886,0.13405687818213854,65
chr10,5951174,1.5151515151515188e-05,0.0793705332600484,0.7790337428019035,0.10844373103693475,68
chr10,5953045,1.470588235294119e-05,0.07930029154518728,0.7791030841146338,0.10840507647337351,70
chr10,5963324,2.9411764705882377e-05,0.3251231527093505,0.5704810046975779,0.24375881170565292,68
chr10,5963335,2.9411764705882377e-05,0.3251231527093505,0.5704810046975779,0.24375881170565292,68
chr10,5963394,2.9411764705882377e-05,0.3251231527093505,0.5704810046975779,0.24375881170565292,68
chr10,5965626,-1.47058823529412e-05,0.07930029154518728,0.7791030841146338,0.10840507647337351,70
chr10,5979088,-1.3513513513513532e-05,0.06678571428574023,0.7968561991657952,0.09862004440500619,70
chr10,5988293,1.3513513513513532e-05,0.06678571428574023,0.7968561991657952,0.09862004440500619,70
chr10,5988342,-1.3513513513513532e-05,0.06678571428574023,0.7968561991657952,0.09862004440500619,70
chr10,5988422,1.3888888888888905e-05,0.06861558514105595,0.794166910030295,0.10008821232455797,69
chr10,5993996,-1.3157894736842118e-05,0.06305418719213049,0.802489464035981,0.09556066078112438,70
chr10,5994237,-1.4705882352941189e-05,0.07791554959785306,0.7810713301597231,0.10730930302385851,64
chr10,5994268,-1.4705882352941189e-05,0.07791554959785306,0.7810713301597231,0.10730930302385851,64
chr10,5999386,-2.941176470588238e-05,0.35769230769229776,0.5519347272476368,0.25811227964819544,65
chr10,5999909,9.195004445124038e-21,0.0,1.0,-0.0,66
chr10,6014401,-1.3157894736842118e-05,0.06305418719213049,0.802489464035981,0.09556066078112438,70
chr10,6015044,-1.3157894736842118e-05,0.06305418719213049,0.802489464035981,0.09556066078112438,70
chr10,6017015,1.612903225806454e-05,0.10272168568919962,0.7496157375885217,0.12516130435599335,67
chr10,6017098,-1.612903225806454e-05,0.10272168568919962,0.7496157375885217,0.12516130435599335,67
chr10,6019543,-1.3513513513513522e-05,0.06473429951690013,0.7999431467925541,0.09694087789763972,69
chr10,6019556,1.351351351351354e-05,0.06473429951690013,0.7999431467925541,0.09694087789763972,69
chr10,6019557,-1.3513513513513522e-05,0.06473429951690013,0.7999431467925541,0.09694087789763972,69
chr10,6019574,-1.3513513513513522e-05,0.06473429951690013,0.7999431467925541,0.09694087789763972,69
chr10,6050473,-1.3157894736842118e-05,0.06305418719213049,0.802489464035981,0.09556066078112438,70
chr10,6052633,-1.3157894736842118e-05,0.06305418719213049,0.802489464035981,0.09556066078112438,70
chr10,6052905,1.3157894736842128e-05,0.06305418719213049,0.802489464035981,0.09556066078112438,70
chr10,6055591,-1.3157894736842118e-05,0.06305418719213049,0.802489464035981,0.09556066078112438,70
chr10,6059546,1.3157894736842128e-05,0.06305418719213049,0.802489464035981,0.09556066078112438,70
chr10,6067357,-1.3157894736842108e-05,0.06105770644090907,0.8055875373194845,0.0938872610681967,69
chr10,6067383,-1.3157894736842108e-05,0.06105770644090907,0.8055875373194845,0.0938872610681967,69
chr10,6067433,-1.3157894736842108e-05,0.06105770644090907,0.8055875373194845,0.0938872610681967,69
chr10,6067769,-1.3157894736842118e-05,0.06305418719213049,0.802489464035981,0.09556066078112438,70
chr10,6068082,-1.3513513513513527e-05,0.06473429951690014,0.7999431467925541,0.09694087789763972,69
chr10,6069835,1.7241379310344842e-05,0.10972423802612331,0.7415576242948991,0.12985509555815147,65
chr10,6070001,1.7241379310344842e-05,0.10972423802612331,0.7415576242948991,0.12985509555815147,65
chr10,6070035,1.7241379310344842e-05,0.10972423802612331,0.7415576242948991,0.12985509555815147,65
chr10,6103156,1.6666666666666667e-05,0.09711969894342606,0.7563765284269488,0.1212619564700671,63
chr10,6104783,1.3888888888888895e-05,0.06439962926268733,0.8004736250649407,0.0966529731481326,67
chr10,6104871,1.3888888888888895e-05,0.06439962926268733,0.8004736250649407,0.0966529731481326,67
chr10,6104999,1.4285714285714307e-05,0.0662127886797711,0.7977584678310339,0.09812857727826393,66
chr10,6116852,1.351351351351354e-05,0.06473429951690013,0.7999431467925541,0.09694087789763972,69
chr10,6116905,1.351351351351354e-05,0.06473429951690013,0.7999431467925541,0.09694087789763972,69
chr10,6116960,-1.3513513513513522e-05,0.06473429951690013,0.7999431467925541,0.09694087789763972,69
chr10,6117432,1.351351351351353e-05,0.06473429951690014,0.7999431467925541,0.09694087789763972,69
chr10,6117455,1.351351351351353e-05,0.06473429951690014,0.7999431467925541,0.09694087789763972,69
chr10,6163575,-1.3157894736842103e-05,0.06105770644090907,0.8055875373194845,0.0938872610681967,69
chr10,6163581,-1.3157894736842103e-05,0.06105770644090907,0.8055875373194845,0.0938872610681967,69
chr10,6163737,-1.3157894736842103e-05,0.06105770644090907,0.8055875373194845,0.0938872610681967,69
chr10,6210759,-1.3888888888888895e-05,0.06650711676534306,0.7972944443090464,0.09838126213808734,68
chr10,6213739,2.7202205044439203e-21,0.0,1.0,-0.0,67
chr10,6252115,4.244482173174877e-05,0.6408490580475025,0.42623306807446937,0.37035285981851956,69
chr10,6252135,-4.3156059285091564e-05,0.6449312063809075,0.42481343876775257,0.37180175301330587,68
chr10,6252165,4.244482173174877e-05,0.6408490580475025,0.42623306807446937,0.37035285981851956,69
chr10,6291245,-1.3888888888888895e-05,0.07364787111623372,0.786971143123244,0.10404119217982709,66
chr10,6317979,-4.288240495137051e-05,0.6277333451940489,0.43102661343215043,0.36549591380702295,68
chr10,6317984,-4.288240495137051e-05,0.6277333451940489,0.43102661343215043,0.36549591380702295,68
chr10,6318042,4.288240495137051e-05,0.6277333451940489,0.43102661343215043,0.36549591380702295,68
chr10,6340888,1.6129032258064534e-05,0.10272168568919965,0.7496157375885217,0.12516130435599335,67
chr10,6366095,-7.173174872665544e-05,1.8634109337859537,0.1767980613105213,0.7525225015783699,69
chr10,6366096,-7.173174872665544e-05,1.8634109337859537,0.1767980613105213,0.7525225015783699,69
chr10,6392737,-6.623931623931627e-05,1.3546977421705253,0.24906604466150592,0.6036854760817248,62
chr10,6543122,-0.0001000000000000001,3.7909407665504684,0.055662167560620666,1.2544398856540133,70
chr10,6603842,-0.00010727969348659013,3.8041397901224614,0.05557812300065653,1.2550961244212293,65
chr10,6663276,-9.339080459770121e-05,3.085908063300579,0.08383237323827283,1.0765882390816865,65
chr10,6663336,-9.458128078817743e-05,3.0775594622543845,0.0843207297818761,1.0740656433688358,64
chr10,6742013,-0.00010263157894736852,3.79665162250066,0.05560877786296356,1.2548566494870892,68
chr10,6742183,-0.0001040540540540541,3.8017283049393904,0.05551572894075272,1.2555839533747737,67
chr10,6756961,-0.0001012820512820514,3.7930950026758414,0.055656476200488615,1.2544842937822211,69
chr10,6757456,-0.00010000000000000007,3.7909407665504684,0.055662167560620666,1.2544398856540133,70
chr10,6757577,-0.0001012820512820514,3.7930950026758414,0.055656476200488615,1.2544842937822211,69
chr10,6780230,0.00013475499092558996,6.586307667389114,0.012589542264425442,1.899990059856239,67
chr10,6837543,0.00013392857142857152,6.607635489899244,0.012417462368357394,1.9059671474784603,68
chr10,6858320,0.00013131313131313144,5.445555555555557,0.02310583535604426,1.6362783256104438,60
chr10,6858425,-0.00013553113553113562,6.6035268035212855,0.012479723501085015,1.90379503671155,67
chr10,6858427,-0.00013553113553113562,6.6035268035212855,0.012479723501085015,1.90379503671155,67
chr10,6858430,-0.00013553113553113562,6.6035268035212855,0.012479723501085015,1.90379503671155,67
chr10,6858449,-0.0001314655172413795,6.586119080452432,0.01251905919183621,1.902428307159645,69
chr10,6875755,9.018567639257306e-05,3.116666666666698,0.08212071435419487,1.0855472814308225,68
chr10,6906247,7.395644283121603e-05,1.8526482801975235,0.1781759801721428,0.7491508434069337,67
chr10,7019892,-1.7857142857142862e-05,0.107176631291409,0.7445212002260413,0.12812293120918986,62
chr10,7056854,4.4563279857397524e-05,0.6727803423934741,0.41508174806813536,0.38186636295385024,67
chr10,7056922,-4.4563279857397524e-05,0.6727803423934741,0.41508174806813536,0.38186636295385024,67
chr10,7113833,1.3888888888888906e-05,0.06861558514105594,0.794166910030295,0.10008821232455797,69
chr10,7113880,1.3888888888888906e-05,0.06861558514105594,0.794166910030295,0.10008821232455797,69
chr10,7118549,-1.428571428571431e-05,0.07271914703440117,0.7882468902782845,0.10333773391674696,69
chr10,7118582,-1.428571428571431e-05,0.07271914703440117,0.7882468902782845,0.10333773391674696,69
chr10,7137275,1.4285714285714296e-05,0.07271914703440119,0.7882468902782845,0.10333773391674696,69
chr10,7162965,1.4285714285714296e-05,0.07271914703440119,0.7882468902782845,0.10333773391674696,69
chr10,7163065,-1.3888888888888886e-05,0.0707249923524092,0.7910887788939426,0.10177477564238743,70
chr10,7172424,1.5151515151515195e-05,0.07706793137119644,0.7821919681519421,0.10668664786381649,67
chr10,7172827,-1.4705882352941189e-05,0.07482993197282231,0.7852842374037242,0.10497311982424265,68
chr10,7187429,1.666666666666671e-05,0.0911355822412474,0.7638000163722518,0.11702033665348581,61
chr10,7189427,-1.666666666666668e-05,0.08467223650383725,0.7720340600397246,0.11236353935207768,64
chr10,7238505,-1.8518518518518518e-05,0.11442894507414762,0.7363379536202787,0.13292281377964915,62
chr10,7259626,1.515151515151514e-05,0.08167411621293745,0.7759231117245666,0.11018131199973372,69
chr10,7306930,-6.111111111111116e-05,1.3308128544424012,0.25295068721913694,0.5969641363579099,66
chr10,7433461,3.2195121951219555e-05,0.3452672878862008,0.5588720586572569,0.25268760280905467,66
chr10,7433687,4.764065335753182e-05,0.7561608711480048,0.38773247343335193,0.41146782436726265,67
chr10,7433688,4.764065335753182e-05,0.7561608711480048,0.38773247343335193,0.41146782436726265,67
chr10,7433695,4.7303271441202534e-05,0.7654129154073187,0.38481253133891113,0.4147507936957489,68
chr10,7433707,4.764065335753182e-05,0.7561608711480048,0.38773247343335193,0.41146782436726265,67
chr11,74260,-3.5714285714285764e-05,0.4796577614807721,0.49097094544634146,0.3089442076849337,69
chr11,110261,4.7619047619047675e-05,0.8074211502783656,0.3720545796329293,0.4293933453474476,70
chr11,113052,1.2820512820512825e-05,0.05200482363583644,0.8203861267819245,0.08598169241995589,62
chr11,116260,4.821428571428578e-05,0.7877081252763077,0.37801698127997263,0.4224886903465361,68
chr11,127137,-3.101851851851852e-05,0.337780190801177,0.5631233174080017,0.2493964893310449,67
chr11,127182,-3.101851851851852e-05,0.337780190801177,0.5631233174080017,0.2493964893310449,67
chr11,139566,4.6982758620689696e-05,0.7747379751799744,0.38190162090742275,0.4180484983440022,69
chr11,218986,-4.649122807017546e-05,0.7450149891901353,0.39118489934406864,0.40761791834793853,68
chr11,274654,-8.564102564102571e-05,2.2101986870091204,0.14216899566010696,0.8471951046038257,64
chr11,274694,8.564102564102571e-05,2.2101986870091204,0.14216899566010696,0.8471951046038257,64
chr11,287620,-8.258258258258267e-05,2.1022013988522947,0.15212724916650885,0.8177929877700445,64
chr11,304803,8.055555555555562e-05,2.164179104477628,0.14608491912957045,0.8353946155295254,67
chr11,304820,8.055555555555562e-05,2.164179104477628,0.14608491912957045,0.8353946155295254,67
chr11,310346,-6.142728093947612e-05,1.3796495542575964,0.24438143254614278,0.611931793720303,68
chr11,310485,-6.576655052264813e-05,1.6548397824408925,0.20272896693183629,0.6930841926989408,69
chr11,342933,7.857142857142867e-05,2.134081571299686,0.14880123512163973,0.827393463922624,68
chr11,461985,-7.738095238095247e-05,2.174456007568665,0.14493411429897937,0.83882937913873,70
chr11,487161,-6.607142857142864e-05,1.628851111391396,0.20633491711710428,0.6854272721329253,68
chr11,499082,-7.796167247386767e-05,2.1541421700699597,0.14686478906907266,0.8330823141211193,69
chr11,499134,7.796167247386767e-05,2.1541421700699597,0.14686478906907266,0.8330823141211193,69
chr11,517277,7.796167247386767e-05,2.1541421700699597,0.14686478906907266,0.8330823141211193,69
chr11,525806,8.500000000000007e-05,2.2337136547661913,0.14002122922890856,0.8538061140502443,65
chr11,530317,-8.055555555555561e-05,2.1641791044776286,0.14608491912957045,0.8353946155295254,67
chr11,534141,7.881136950904397e-05,2.2285361986964376,0.14010759920239546,0.85353830866737,70
chr11,540650,-7.881136950904398e-05,2.2285361986964376,0.14010759920239546,0.85353830866737,70
chr11,556009,-6.0846560846560884e-05,1.3870387038703451,0.24307230914851882,0.6142645132626817,69
chr11,559521,0.000101923076923077,3.713536179793762,0.05841458006186591,1.2334787410704506,66
chr11,649078,4e-05,0.5506252521177437,0.4607353327432899,0.33654848141554955,67
chr11,649115,4e-05,0.5506252521177437,0.4607353327432899,0.33654848141554955,67
chr11,662743,-5.008944543828269e-05,0.8496376811594362,0.35996217974847233,0.44374312698100227,69
chr11,669403,-5.448717948717951e-05,0.8403165069832178,0.36291629914507273,0.44019352650926374,63
chr11,669470,-5.416666666666671e-05,0.8521470396877324,0.35952429669274555,0.4442717546189848,64
chr11,710488,-2.0833333333333346e-05,0.15485655029382983,0.6952447474856946,0.15786228350888853,66
chr11,745614,5.277777777777785e-05,0.91206304913454,0.3430007619573735,0.4647049151947945,69
chr11,753224,-5.1627906976744236e-05,0.867950184864241,0.35491891362103467,0.449870856492418,68
chr11,764072,5.111111111111116e-05,0.8909253021597588,0.3485683577247145,0.4577120397425771,70
chr11,767645,5.111111111111116e-05,0.8909253021597588,0.3485683577247145,0.4577120397425771,70
chr11,779206,5.1904761904761934e-05,0.8565314173724603,0.35813458611451876,0.44595373586223064,67
chr11,779409,5.162790697674424e-05,0.867950184864241,0.35491891362103467,0.449870856492418,68
chr11,825483,4.9825174825174836e-05,0.860578439964949,0.35685798795209844,0.4475045774983622,70
chr11,828259,5.190476190476193e-05,0.8565314173724602,0.35813458611451876,0.44595373586223064,67
chr11,836629,5.1904761904761934e-05,0.8565314173724603,0.35813458611451876,0.44595373586223064,67
chr11,849287,5.329457364341092e-05,0.8879580915392287,0.34952046458929875,0.45652739102555734,67
chr11,849288,5.329457364341092e-05,0.8879580915392287,0.34952046458929875,0.45652739102555734,67
chr11,933290,-3.846153846153847e-05,0.5165729792595681,0.4748830707164423,0.32341331246785,67
chr11,955218,2.000000000000003e-05,0.12881263616561128,0.7208119451350155,0.142178024937931,68
chr11,958064,2.083333333333336e-05,0.1341363919950238,0.7153706680293608,0.1454688709722712,67
chr11,958129,2.083333333333336e-05,0.1341363919950238,0.7153706680293608,0.1454688709722712,67
chr11,958326,2.0833333333333367e-05,0.137317949687929,0.7121486966255117,0.14742931622056923,68
chr11,1064288,5.0656660412758027e-05,0.8279061234652287,0.36624044950131207,0.43623369164250186,67
chr11,1100559,-4.790940766550527e-05,0.797534303714252,0.3750281058566799,0.4259361835761039,69
chr11,1100615,-4.790940766550527e-05,0.797534303714252,0.3750281058566799,0.4259361835761039,69
chr11,1189763,5.282051282051284e-05,0.8225923443253048,0.3679349278212246,0.4342289829217671,64
chr11,1189789,-5.2500000000000056e-05,0.8338485548786111,0.3646434560360111,0.43813157596620067,65
chr11,1217604,-4.821428571428577e-05,0.7877081252763077,0.37801698127997263,0.4224886903465361,68
chr11,1242489,-5.0961538461538516e-05,0.8171227802246062,0.36941280607111526,0.43248805337433793,66
chr11,1242497,-5.0961538461538516e-05,0.8171227802246062,0.36941280607111526,0.43248805337433793,66
chr11,1280216,-1.6666666666666674e-05,0.09735106739691177,0.7560008474644699,0.12147771766157572,69
chr11,1280282,-1.6666666666666674e-05,0.09735106739691177,0.7560008474644699,0.12147771766157572,69
chr11,1280361,-1.6666666666666674e-05,0.09735106739691177,0.7560008474644699,0.12147771766157572,69
chr11,1290992,-3.13706563706564e-05,0.3311231503193702,0.5670481778666354,0.24638004076714212,65
chr11,1291000,-3.13706563706564e-05,0.3311231503193702,0.5670481778666354,0.24638004076714212,65
chr11,1296006,1.7857142857142896e-05,0.10967381323111942,0.7415493682386629,0.12985993075842195,69
chr11,1348750,-1.724137931034485e-05,0.10067271589490771,0.7520254149244502,0.12376748204807085,68
chr11,1356678,1.6163793103448157e-06,0.0007859971135681184,0.9777283424134594,0.009781795293498183,61
chr11,1538306,-1.724137931034484e-05,0.10329941412272446,0.748906083407064,0.12557264160018727,69
chr11,1650678,-1.7241379310344855e-05,0.10067271589490773,0.7520254149244502,0.12376748204807085,68
chr11,1650745,-1.7241379310344855e-05,0.10067271589490773,0.7520254149244502,0.12376748204807085,68
chr11,1660636,-2.9411764705882377e-05,0.3108899297423801,0.579244052499108,0.23713841671809732,61
chr11,1673245,-3.7037037037037084e-05,0.4850746268656651,0.4886158742479063,0.3110324276894743,67
chr11,1674210,-1.7241379310344845e-05,0.09542230818826432,0.7583971411000076,0.12010331280979929,66
chr11,1742989,-3.640243228853298e-21,0.0,1.0,-0.0,67
chr11,1825352,1.515151515151532e-06,0.0007374363810008804,0.978424132025906,0.009472844323731555,63
chr11,1849451,-1.5625000000000027e-05,0.08657237646239048,0.7694904001068018,0.11379679390482132,69
chr11,1849516,1.5625000000000027e-05,0.08657237646239048,0.7694904001068018,0.11379679390482132,69
chr11,1849565,-3.45539877333411e-21,0.0,1.0,-0.0,62
chr11,1853774,1.562500000000003e-05,0.08895008605853952,0.7664255977144137,0.11552999876188329,70
chr11,1853816,-1.5625000000000034e-05,0.08895008605853952,0.7664255977144137,0.11552999876188329,70
chr11,1870211,-6.711727734434074e-21,0.0,1.0,-0.0,65
chr11,1870330,-9.49301441346754e-21,0.0,1.0,-0.0,66
chr11,1870334,-9.49301441346754e-21,0.0,1.0,-0.0,66
chr11,1870365,-1.4285714285714313e-05,0.05539105943524828,0.8147497167005425,0.08897578187283661,61
chr11,1875144,1.5151515151515143e-05,0.06938851952428174,0.7931791164678833,0.10062872881135951,59
chr11,1875149,1.5151515151515166e-05,0.07209944751379316,0.7892569307255595,0.10278159573583977,60
chr11,1880443,1.5151515151515161e-05,0.08167411621293745,0.7759231117245666,0.11018131199973372,69
chr11,1898871,-1.3888888888888917e-05,0.07862993298586128,0.7800398212065802,0.10788322591357292,68
chr11,1907197,1.5151515151515165e-05,0.08167411621293748,0.7759231117245666,0.11018131199973372,69
chr11,1922638,2.449601165107623e-20,0.0,1.0,-0.0,67
chr11,1924721,-1.2790587841303636e-20,0.0,1.0,-0.0,66
chr11,1924859,8.760740768744505e-21,0.0,1.0,-0.0,67
chr11,1964515,-1.428571428571429e-05,0.07054936512052101,0.7913664956780773,0.10162234053719627,68
chr11,2020687,-1.0568693446077209e-20,0.0,1.0,-0.0,69
chr11,2020824,-1.0568693446077209e-20,0.0,1.0,-0.0,69
chr11,2027138,-1.7241379310344842e-05,0.10662342767295449,0.7451213035984385,0.12777301960740195,64
chr11,2027930,-2.2401433691756412e-06,0.001820167455404462,0.9661006259525704,0.014977636503797622,67
chr11,2077425,-1.4705882352941212e-05,0.07036349893492555,0.7916608002699546,0.10146085897329546,66
chr11,2109354,1.724137931034484e-05,0.10352400918438513,0.7487409741804499,0.1256683998443704,63
chr11,2123934,1.3888888888888898e-05,0.06439962926268732,0.8004736250649407,0.0966529731481326,67
chr11,2125065,-1.4285714285714321e-05,0.0640460860725391,0.8010355671013085,0.09634820020427012,65
chr11,2125408,-1.4285714285714321e-05,0.0640460860725391,0.8010355671013085,0.09634820020427012,65
chr11,2131747,-1.3888888888888896e-05,0.07072499235240919,0.7910887788939426,0.10177477564238743,70
chr11,2138878,9.692110329794616e-21,0.0,1.0,-0.0,63
chr11,2178990,-4.41964285714286e-05,0.6604454286186145,0.4193693545867849,0.37740330877798434,67
chr11,2179228,-4.372294372294379e-05,0.6668218337981527,0.41709960567728843,0.37976022073258786,68
chr11,2190081,4.2483660130718934e-05,0.6675331276094082,0.4167663318422864,0.380107372447746,70
chr11,2190428,4.2483660130718934e-05,0.6675331276094082,0.4167663318422864,0.380107372447746,70
chr11,2194872,-2.8991596638655518e-05,0.32531137850957614,0.5703409107839184,0.24386547517894486,69
chr11,2194920,-2.9437229437229472e-05,0.32540603248260713,0.5703138093368324,0.2438861124650852,68
chr11,2218582,1.3888888888888913e-05,0.06439962926268732,0.8004736250649407,0.0966529731481326,67
chr11,2263418,-1.4285714285714309e-05,0.06404608607253912,0.8010355671013085,0.09634820020427012,65
chr11,2263702,-1.3888888888888903e-05,0.06650711676534304,0.7972944443090464,0.09838126213808734,68
chr11,2271023,6.570922257487891e-21,0.0,1.0,-0.0,69
chr11,2314466,-1.1627906976744163e-05,0.04348513598990336,0.8354566811794457,0.07807606355928587,68
chr11,2331465,-1.282051282051283e-05,0.0575700292146337,0.8111112409658021,0.09091957979057566,69
chr11,2354401,-1.2500000000000012e-05,0.05615194054502282,0.813397139575277,0.08969735918598912,70
chr11,2355222,3.640243228853345e-21,0.0,1.0,-0.0,67
chr11,2374007,-1.2510025067140441e-20,0.0,1.0,-0.0,67
chr11,2397582,1.2500000000000009e-05,0.0542570718494498,0.8165247504457852,0.0880306464213531,69
chr11,2456699,-1.2500000000000012e-05,0.05615194054502282,0.813397139575277,0.08969735918598912,70
chr11,2472114,-1.2500000000000012e-05,0.05615194054502282,0.813397139575277,0.08969735918598912,70
chr11,2516298,1.362202729533079e-20,0.0,1.0,-0.0,69
chr11,2538485,-2.9515485639351127e-21,0.0,1.0,-0.0,67
chr11,2538534,-2.9515485639351127e-21,0.0,1.0,-0.0,67
chr11,2538656,1.2500000000000009e-05,0.05615194054502282,0.813397139575277,0.08969735918598912,70
chr11,2538684,1.2500000000000009e-05,0.05615194054502282,0.813397139575277,0.08969735918598912,70
chr11,2540911,-1.3622027295330606e-20,0.0,1.0,-0.0,69
chr11,2540932,-1.3622027295330606e-20,0.0,1.0,-0.0,69
chr11,2571934,-1.2500000000000009e-05,0.0542570718494498,0.8165247504457852,0.0880306464213531,69
chr11,2573265,-1.2500000000000009e-05,0.0542570718494498,0.8165247504457852,0.0880306464213531,69
chr11,2573325,1.2500000000000009e-05,0.05615194054502282,0.813397139575277,0.08969735918598912,70
chr11,2575587,-1.2499999999999994e-05,0.05236314178852474,0.8197086716934421,0.08634047049018866,68
chr11,2575620,-1.2499999999999994e-05,0.05236314178852474,0.8197086716934421,0.08634047049018866,68
chr11,2575642,-1.2499999999999994e-05,0.05236314178852474,0.8197086716934421,0.08634047049018866,68
chr11,2603498,-2.684210526315791e-05,0.2451502551765473,0.6222896861784483,0.2060073969472448,63
chr11,2669523,-4.2247386759581945e-05,0.6185278831709855,0.43436778679899557,0.36214238998961795,69
chr11,2669623,4.2247386759581945e-05,0.6185278831709855,0.43436778679899557,0.36214238998961795,69
chr11,2681835,4.290876242095756e-05,0.6150511742402303,0.43569801570807043,0.360814417959582,68
chr11,2703900,-3.071364046973805e-05,0.3395883777239681,0.5620526782864486,0.2502229783509136,68
chr11,2723345,-9.010532960132413e-21,0.0,1.0,-0.0,68
chr11,2761595,-9.794057565360513e-22,0.0,1.0,-0.0,68
chr11,2775059,2.5641025641025633e-05,0.28149408398418496,0.5975316780209694,0.22363906573543932,67
chr11,2775069,2.5641025641025633e-05,0.28149408398418496,0.5975316780209694,0.22363906573543932,67
chr11,2809658,-1.282051282051284e-05,0.05368414842781392,0.8175001511742366,0.0875121583568131,67
chr11,2809732,-1.3513513513513522e-05,0.0544921874999932,0.8161921768865809,0.08820757220826576,64
chr11,2809958,-1.1904761904761922e-05,0.04630329195900985,0.8302889837603814,0.0807707242396017,68
chr11,2885555,1.6129032258064517e-05,0.07667342799191833,0.7828766753423337,0.10630664590707861,58
chr11,2972602,4.30938532875944e-21,0.0,1.0,-0.0,68
chr11,2972927,1.1904761904761917e-05,0.04990825688073116,0.8238927647849821,0.08412931098835132,70
chr11,2999701,1.2195121951219537e-05,0.04925917735515256,0.825042737141275,0.08352355445140403,68
chr11,3019582,-1.2195121951219537e-05,0.04733686067019401,0.8284900176286142,0.08171271997237739,63
chr11,3026108,-1.1904761904761917e-05,0.04990825688073116,0.8238927647849821,0.08412931098835132,70
chr11,3062704,1.2195121951219523e-05,0.052953813104189035,0.8186917428431294,0.08687958979335184,70
chr11,3088159,1.2820512820512832e-05,0.055626598465495516,0.8142771625958192,0.08922774535907112,68
chr11,3093799,1.2499999999999987e-05,0.05236314178852474,0.8197086716934421,0.08634047049018866,68
chr11,3093834,1.2499999999999987e-05,0.05236314178852474,0.8197086716934421,0.08634047049018866,68
chr11,3093890,1.2499999999999987e-05,0.05236314178852474,0.8197086716934421,0.08634047049018866,68
chr11,3096203,-1.3513513513513525e-05,0.06442426108373578,0.8004749762328622,0.09665224007678731,64
chr11,3109557,1.724137931034482e-05,0.11592978503707718,0.7345895785702018,0.13395523716899774,67
chr11,3115027,-1.2499999999999987e-05,0.05236314178852474,0.8197086716934421,0.08634047049018866,68
chr11,3133413,4.741379310344832e-06,0.008482618845071063,0.9268925188352632,0.03297062311875498,69
chr11,3133459,4.741379310344832e-06,0.008482618845071063,0.9268925188352632,0.03297062311875498,69
chr11,3154958,-1.2820512820512838e-05,0.05368414842781392,0.8175001511742366,0.0875121583568131,67
chr11,3165498,1.2820512820512842e-05,0.053684148427813924,0.8175001511742366,0.0875121583568131,67
chr11,3189774,1.3157894736842114e-05,0.06105770644090905,0.8055875373194845,0.0938872610681967,69
chr11,3189790,1.3157894736842114e-05,0.06105770644090905,0.8055875373194845,0.0938872610681967,69
chr11,3190112,1.38888888888889e-05,0.06439962926268732,0.8004736250649407,0.0966529731481326,67
chr11,3190204,-1.38888888888889e-05,0.06439962926268732,0.8004736250649407,0.0966529731481326,67
chr11,3192080,-1.3157894736842135e-05,0.059062164419531805,0.8087381385752584,0.09219207589244127,68
chr11,3192139,-1.3157894736842135e-05,0.059062164419531805,0.8087381385752584,0.09219207589244127,68
chr11,3248571,4.6992481203007584e-06,0.007634206972899303,0.9306470839550006,0.031214979113554392,66
chr11,3252766,1.724137931034484e-05,0.10329941412272443,0.748906083407064,0.12557264160018727,69
chr11,3252986,-1.4469615459862966e-20,0.0,1.0,-0.0,66
chr11,3276503,1.724137931034484e-05,0.10329941412272443,0.748906083407064,0.12557264160018727,69
chr11,3276723,1.78571428571429e-05,0.1069518716577896,0.7446763996492779,0.12803240963790088,68
chr11,3285586,4.5812807881773436e-05,0.7607334982748466,0.38646431689465477,0.4128905992648325,64
chr11,3300340,-1.7857142857142896e-05,0.10695187165778963,0.7446763996492779,0.12803240963790088,68
chr11,3326899,-3.0061892130857675e-05,0.3323459715639588,0.5662419222856576,0.24699798035533704,68
chr11,3459140,-4.68468468468469e-05,0.7362569694329024,0.3940155343080125,0.40448665550626217,67
chr11,3487624,4.54159592529712e-05,0.7347263847422544,0.39441111379692173,0.40405085591979156,69
chr11,3501350,-1.7857142857142896e-05,0.10717663129140893,0.7445212002260413,0.12812293120918986,62
chr11,3567648,-4.476351351351357e-05,0.7172179095831774,0.40007293316602455,0.39786082971140313,69
chr11,3576630,-4.419191919191924e-05,0.7012140422223632,0.40535319319111507,0.3921664014555891,69
chr11,3576729,-4.419191919191924e-05,0.7012140422223632,0.40535319319111507,0.3921664014555891,69
chr11,3621692,-6.0829493087557665e-05,1.3245531514581836,0.2540583544549987,0.5950665191790027,66
chr11,3636123,6.274509803921574e-05,1.3244325767689984,0.2542172675149671,0.5947949536570211,64
chr11,3645521,4.476351351351358e-05,0.7172179095831775,0.40007293316602455,0.39786082971140313,69
chr11,3648906,-2.964254577157807e-05,0.3276869158878293,0.5689692160399873,0.24491123038107965,68
chr11,3649043,4.5138888888888934e-05,0.709316375198643,0.40271243551786184,0.3950049594330419,68
chr11,3649173,3.125000000000003e-05,0.347049441786284,0.5578619087884414,0.25347329151623643,66
chr11,3674683,4.419191919191923e-05,0.701214042222363,0.40535319319111507,0.3921664014555891,69
chr11,3695430,-3.018018018018021e-05,0.3286048441862389,0.5684597415506272,0.24530028672208498,67
chr11,3699216,4.381654381654388e-05,0.7087615163322089,0.40280639117943895,0.3949036472744699,70
chr11,3713281,4.4763513513513583e-05,0.7172179095831775,0.40007293316602455,0.39786082971140313,69
chr11,3713541,-4.381654381654388e-05,0.7087615163322089,0.40280639117943895,0.3949036472744699,70
chr11,3772134,-2.9138513513513543e-05,0.3269679609590693,0.5693634522730239,0.24461041387605362,69
chr11,3885345,-1.3157894736842114e-05,0.06305418719213049,0.802489464035981,0.09556066078112438,70
chr11,3905366,-1.4285714285714292e-05,0.07060185185187534,0.7913584726955979,0.10162674349676137,63
chr11,3908335,-1.3888888888888906e-05,0.06650711676534306,0.7972944443090464,0.09838126213808734,68
chr11,3908387,-1.3888888888888906e-05,0.06650711676534306,0.7972944443090464,0.09838126213808734,68
chr11,3936734,-3.041474654377882e-05,0.3260768874478668,0.5699781318814456,0.24414180640716315,66
chr11,3937210,3.137254901960787e-05,0.32588699080160644,0.5701544961058924,0.2440074465823268,64
chr11,3948615,-1.3513513513513515e-05,0.06473429951690012,0.7999431467925541,0.09694087789763972,69
chr11,3955604,-2.964254577157804e-05,0.3276869158878293,0.5689692160399873,0.24491123038107965,68
chr11,4149352,-6.023345402697418e-22,0.0,1.0,-0.0,66
chr11,4180702,-1.5738418632854098e-20,0.0,1.0,-0.0,67
chr11,4195268,1.3513513513513498e-05,0.0626838235294361,0.8030809857471797,0.09524065660222683,68
chr11,4205176,1.3157894736842111e-05,0.06105770644090907,0.8055875373194845,0.0938872610681967,69
chr11,4212609,-1.3157894736842114e-05,0.06305418719213049,0.802489464035981,0.09556066078112438,70
chr11,4212672,-1.3157894736842114e-05,0.06305418719213049,0.802489464035981,0.09556066078112438,70
chr11,4212800,2.056277056277057e-05,0.139609729878507,0.7100086020316905,0.1487363896016771,61
chr11,4229938,-1.315789473684214e-05,0.059062164419531805,0.8087381385752584,0.09219207589244127,68
chr11,4229973,-1.2820512820512847e-05,0.05757002921463368,0.8111112409658021,0.09091957979057566,69
chr11,4232813,-1.3157894736842135e-05,0.059062164419531805,0.8087381385752584,0.09219207589244127,68
chr11,4241459,-1.2820512820512833e-05,0.05562659846549551,0.8142771625958192,0.08922774535907112,68
chr11,4241468,-1.3157894736842114e-05,0.05706760316067833,0.8119438221522327,0.09047401826289159,67
chr11,4241472,-1.3157894736842114e-05,0.05706760316067833,0.8119438221522327,0.09047401826289159,67
chr11,4285758,-1.3513513513513502e-05,0.0626838235294361,0.8030809857471797,0.09524065660222683,68
chr11,4413880,2.9138513513513543e-05,0.3269679609590694,0.5693634522730239,0.24461041387605362,69
chr11,4413910,2.9138513513513543e-05,0.3269679609590694,0.5693634522730239,0.24461041387605362,69
chr11,4423778,1.5625000000000017e-05,0.08895008605853956,0.7664255977144137,0.11552999876188329,70
chr11,4436913,-1.612903225806455e-05,0.09178743961352527,0.7628556601698584,0.11755762708021775,69
chr11,4441904,-1.666666666666669e-05,0.09227640716722811,0.7622731543105468,0.11788937491721975,67
chr11,4457946,-1.6666666666666705e-05,0.09227640716722811,0.7622731543105468,0.11788937491721975,67
chr11,4466163,-1.6129032258064547e-05,0.08933274802462014,0.7659662383685103,0.11579037242143247,68
chr11,4466165,1.612903225806455e-05,0.08933274802462014,0.7659662383685103,0.11579037242143247,68
chr11,4537073,0.0,0.0,1.0,-0.0,65
chr11,4551573,1.5625e-05,0.08419560595324335,0.7725999017457906,0.11204535142193063,68
chr11,4551629,1.5625e-05,0.08419560595324335,0.7725999017457906,0.11204535142193063,68
chr11,4653883,-2.9642545771578083e-05,0.3276869158878293,0.5689692160399873,0.24491123038107965,68
chr11,4677864,-4.5955882352941176e-05,0.6938301156961657,0.4079624243839386,0.3893798360135921,66
chr11,4678010,4.476351351351359e-05,0.7172179095831773,0.40007293316602455,0.39786082971140313,69
chr11,4689997,-4.4763513513513556e-05,0.7172179095831774,0.40007293316602455,0.39786082971140313,69
chr11,4693417,1.3513513513513498e-05,0.05959002065789698,0.8079779227743309,0.09260050574555535,62
chr11,4693472,1.3513513513513498e-05,0.05959002065789698,0.8079779227743309,0.09260050574555535,62
chr11,4739356,-3.001792114695343e-05,0.3268292682926974,0.5695038698431433,0.24450332049477927,67
chr11,4743104,1.5625000000000027e-05,0.08419560595324334,0.7725999017457906,0.11204535142193063,68
chr11,4764529,-1.470588235294118e-05,0.07706464228203143,0.782170249976375,0.10669870655929907,69
chr11,4785199,-1.562500000000005e-05,0.08657237646239048,0.7694904001068018,0.11379679390482132,69
chr11,4785370,1.5625000000000027e-05,0.08419560595324334,0.7725999017457906,0.11204535142193063,68
chr11,4862236,-1.5625000000000014e-05,0.0818198165797337,0.7757558935561072,0.11027491631850053,67
chr11,4875585,1.470588235294118e-05,0.07706464228203143,0.782170249976375,0.10669870655929907,69
chr11,4878347,-1.5151515151515148e-05,0.08167411621293748,0.7759231117245666,0.11018131199973372,69
chr11,4962662,1.515151515151518e-05,0.083978638184262,0.7728581879382631,0.11190018764177287,70
chr11,4968364,1.612903225806452e-05,0.08442635308306834,0.7723256992140046,0.11219951372936475,66
chr11,4994732,-1.562500000000005e-05,0.08657237646239048,0.7694904001068018,0.11379679390482132,69
chr11,5059875,4.194078947368427e-05,0.6461285549893397,0.4243013477510773,0.3723255887379181,70
chr11,5059879,4.194078947368427e-05,0.6461285549893397,0.4243013477510773,0.3723255887379181,70
chr11,5076293,6.111111111111113e-05,1.3308128544424016,0.25295068721913694,0.5969641363579099,66
chr11,5076365,-6.150978564771673e-05,1.339676498572704,0.2513925642123043,0.5996475721923181,66
chr11,5113881,7.500000000000009e-05,1.8676594211601858,0.17652541291602,0.7531927639604215,66
chr11,5130062,7.294429708222821e-05,1.8496615361810698,0.17845041734671493,0.7484824320111317,68
chr11,5130122,7.294429708222821e-05,1.8496615361810698,0.17845041734671493,0.7484824320111317,68
chr11,5221012,7.291666666666675e-05,1.8835177635411797,0.17458105562299336,0.7580028848273244,68
chr11,5342219,-7.10681244743483e-05,1.8457272105223022,0.17877104531953172,0.7477028204184126,70
chr11,5444277,-7.071960297766752e-05,1.8587582029278453,0.17726520291043527,0.7513765078685977,70
chr11,5444280,-7.071960297766752e-05,1.8587582029278453,0.17726520291043527,0.7513765078685977,70
chr11,5446927,7.071960297766752e-05,1.8587582029278453,0.17726520291043527,0.7513765078685977,70
chr11,5505122,-9.054054054054059e-05,3.0820948336873486,0.08386974386351344,1.0763946833070024,67
chr11,5505127,-9.054054054054059e-05,3.0820948336873486,0.08386974386351344,1.0763946833070024,67
chr11,5562650,-7.544642857142865e-05,1.9627706195240184,0.16597363021518483,0.7799609069102418,67
chr11,5909381,-1.4285714285714299e-05,0.07488986784143459,0.7851753351822295,0.10503335140837709,70
chr11,6033412,1.612903225806453e-05,0.09402573529411634,0.7601477813681123,0.11910196772766556,64
chr11,6095388,-4.4117647058823566e-05,0.6796338672769756,0.41268230228089686,0.38438415527221437,68
chr11,6096539,-4.327731092436977e-05,0.6733441893995492,0.4147980925246666,0.38216324940912105,69
chr11,6096671,-4.248366013071896e-05,0.6675331276094084,0.4167663318422864,0.380107372447746,70
chr11,6096717,-4.248366013071896e-05,0.6675331276094084,0.4167663318422864,0.380107372447746,70
chr11,6101380,3.030303030303033e-05,0.3265306122449613,0.5697105757333347,0.24434571851067385,66
chr11,6227101,-1.4705882352941189e-05,0.0748299319728223,0.7852842374037242,0.10497311982424265,68
chr11,6266733,1.4285714285714307e-05,0.07271914703440117,0.7882468902782845,0.10333773391674696,69
chr11,6282845,-1.4285714285714284e-05,0.070549365120521,0.7913664956780773,0.10162234053719627,68
chr11,6344702,1.4285714285714307e-05,0.07271914703440117,0.7882468902782845,0.10333773391674696,69
chr11,6394102,1.4285714285714307e-05,0.07271914703440117,0.7882468902782845,0.10333773391674696,69
chr11,6394159,-1.4285714285714299e-05,0.07488986784143462,0.7851753351822295,0.10503335140837709,70
chr11,6420705,1.4285714285714294e-05,0.070549365120521,0.7913664956780773,0.10162234053719627,68
chr11,6420816,1.4285714285714307e-05,0.07271914703440117,0.7882468902782845,0.10333773391674696,69
chr11,6420819,-1.4285714285714307e-05,0.07271914703440117,0.7882468902782845,0.10333773391674696,69
chr11,6420840,1.4285714285714307e-05,0.07271914703440117,0.7882468902782845,0.10333773391674696,69
chr11,6460693,0.0,0.0,1.0,-0.0,66
chr11,6468779,-1.4285714285714299e-05,0.07488986784143462,0.7851753351822295,0.10503335140837709,70
chr11,6470547,-1.4705882352941189e-05,0.0748299319728223,0.7852842374037242,0.10497311982424265,68
chr11,6478575,1.4705882352941187e-05,0.07706464228203143,0.782170249976375,0.10669870655929907,69
chr11,6478621,-1.4705882352941187e-05,0.07706464228203143,0.782170249976375,0.10669870655929907,69
chr11,6511102,-1.4285714285714299e-05,0.07488986784143462,0.7851753351822295,0.10503335140837709,70
chr11,6517246,1.5151515151515173e-05,0.07937053326004839,0.7790337428019035,0.10844373103693475,68
chr11,6612481,3.4207448222804654e-20,0.0,1.0,-0.0,67
chr11,6627416,-2.9910714285714323e-05,0.3256561728856791,0.5701957808369045,0.24397600057624294,67
chr11,6635834,-1.4285714285714307e-05,0.07271914703440119,0.7882468902782845,0.10333773391674696,69
chr11,6635860,-1.4285714285714307e-05,0.07271914703440119,0.7882468902782845,0.10333773391674696,69
chr11,6636014,-1.4705882352941167e-05,0.0725962026601665,0.7884470398675569,0.10322747299548488,67
chr11,6636270,1.4705882352941173e-05,0.07706464228203143,0.782170249976375,0.10669870655929907,69
chr11,6644642,-1.5151515151515156e-05,0.07937053326004839,0.7790337428019035,0.10844373103693475,68
chr12,5440,-1.5151515151515165e-05,0.08295925414362454,0.7742871245220191,0.111097962479373,64
chr12,6454,1.4285714285714297e-05,0.070549365120521,0.7913664956780773,0.10162234053719627,68
chr12,75435,-4.8812565341337874e-21,0.0,1.0,-0.0,68
chr12,92039,4.282143034186381e-21,0.0,1.0,-0.0,69
chr12,109334,1.4285714285714306e-05,0.07054936512052103,0.7913664956780773,0.10162234053719627,68
chr12,115121,1.4285714285714297e-05,0.0727191470344012,0.7882468902782845,0.10333773391674696,69
chr12,115247,8.658008658008653e-07,0.0002814931076855748,0.9866645317737205,0.005830483363320878,68
chr12,131191,1.4705882352941189e-05,0.07482993197282233,0.7852842374037242,0.10497311982424265,68
chr12,131207,1.4705882352941189e-05,0.07482993197282233,0.7852842374037242,0.10497311982424265,68
chr12,136149,4.282143034186381e-21,0.0,1.0,-0.0,69
chr12,157088,-1.3888888888888912e-05,0.06650711676534304,0.7972944443090464,0.09838126213808734,68
chr12,157424,-2.9411764705882388e-05,0.3169794591399349,0.5753655107580051,0.24005617466050605,67
chr12,183084,1.42857142857143e-05,0.0683805641396437,0.7945362631122834,0.0998862765432449,67
chr12,202162,1.5151515151515165e-05,0.07476635514020143,0.7853998118129064,0.10490920712547593,66
chr12,207735,0.0,0.0,1.0,-0.0,68
chr12,207753,0.0,0.0,1.0,-0.0,68
chr12,245873,0.0,0.0,1.0,-0.0,68
chr12,274706,1.4705882352941202e-05,0.07036349893492555,0.7916608002699546,0.10146085897329546,66
chr12,274771,-1.4705882352941202e-05,0.07036349893492555,0.7916608002699546,0.10146085897329546,66
chr12,288965,9.33618537418073e-21,0.0,1.0,-0.0,66
chr12,299785,1.2500000000000009e-05,0.05615194054502283,0.813397139575277,0.08969735918598912,70
chr12,302041,-1.2500000000000009e-05,0.05615194054502283,0.813397139575277,0.08969735918598912,70
chr12,342453,-1.190476190476192e-05,0.04990825688073115,0.8238927647849821,0.08412931098835132,70
chr12,378092,-1.190476190476192e-05,0.04835641581848035,0.8266593103906287,0.08267343857607382,65
chr12,387645,-4.166666666666669e-05,0.5623332062523516,0.4563016070568313,0.340748001675104,61
chr12,412124,1.9230769230769245e-05,0.11803002790201651,0.7322897846955656,0.13531702414703603,67
chr12,424442,1.7857142857142906e-05,0.1069518716577896,0.7446763996492779,0.12803240963790088,68
chr12,424484,1.7857142857142906e-05,0.1069518716577896,0.7446763996492779,0.12803240963790088,68
chr12,471146,1.8518518518518515e-05,0.11369747899163765,0.737043225295186,0.13250704137203057,68
chr12,484206,-1.2597396670783946e-20,0.0,1.0,-0.0,67
chr12,484274,1.8518518518518542e-05,0.11934693877550855,0.7308103029356317,0.13619533860938576,70
chr12,499058,1.9540853108750402e-20,0.0,1.0,-0.0,69
chr12,517545,-1.8518518518518518e-05,0.11369747899163764,0.737043225295186,0.13250704137203057,68
chr12,539044,-1.8518518518518532e-05,0.11369747899163765,0.737043225295186,0.13250704137203057,68
chr12,563350,-1.678174094372491e-21,0.0,1.0,-0.0,67
chr12,587614,1.724137931034486e-05,0.10592705167173107,0.7458289998562833,0.1273607340979311,70
chr12,587637,1.724137931034486e-05,0.10592705167173107,0.7458289998562833,0.1273607340979311,70
chr12,588126,1.0454806663253204e-20,0.0,1.0,-0.0,68
chr12,609430,-3.101503759398499e-05,0.3325460557392705,0.5661865093614331,0.24704048286863234,66
chr12,609442,-3.0399274047186946e-05,0.33100250817058097,0.5670557407246355,0.24637424851575657,67
chr12,609551,1.785714285714285e-05,0.1042309115579071,0.747846527006281,0.1261875188641921,67
chr12,640130,-1.6666666666666678e-05,0.09988982739627356,0.752929969350954,0.12324541601551889,70
chr12,671037,-1.1886920370309623e-20,0.0,1.0,-0.0,68
chr12,709935,1.6666666666666667e-05,0.08720585327270826,0.7687309169033794,0.11422565207691904,65
chr12,709980,1.562500000000002e-05,0.08419560595324334,0.7725999017457906,0.11204535142193063,68
chr12,729243,-1.4705882352941194e-05,0.07930029154518727,0.7791030841146338,0.10840507647337351,70
chr12,736539,-1.470588235294119e-05,0.07706464228203143,0.782170249976375,0.10669870655929907,69
chr12,736560,-1.470588235294119e-05,0.07706464228203143,0.782170249976375,0.10669870655929907,69
chr12,745562,-1.5625000000000007e-05,0.08419560595324337,0.7725999017457906,0.11204535142193063,68
chr12,745585,-1.6807076688171346e-20,0.0,1.0,-0.0,67
chr12,754265,-1.4705882352941194e-05,0.07930029154518727,0.7791030841146338,0.10840507647337351,70
chr12,768948,1.4705882352941197e-05,0.07930029154518727,0.7791030841146338,0.10840507647337351,70
chr12,783624,-1.5151515151515175e-05,0.0793705332600484,0.7790337428019035,0.10844373103693475,68
chr12,783713,1.5151515151515185e-05,0.0793705332600484,0.7790337428019035,0.10844373103693475,68
chr12,786075,-1.470588235294119e-05,0.07706464228203141,0.782170249976375,0.10669870655929907,69
chr12,786131,1.470588235294117e-05,0.07706464228203141,0.782170249976375,0.10669870655929907,69
chr12,800527,1.5151515151515158e-05,0.08167411621293745,0.7759231117245666,0.11018131199973372,69
chr12,800698,3.0776515151515174e-05,0.3248195446973848,0.5707524534569539,0.24355221295988827,65
chr12,805505,2.8571428571428615e-05,0.3079751131221997,0.580801398496454,0.23597234658041158,68
chr12,805738,4.4700460829493145e-05,0.7747859025033347,0.38203394034335647,0.41789805214313375,66
chr12,805816,4.4700460829493145e-05,0.7747859025033347,0.38203394034335647,0.41789805214313375,66
chr12,805818,4.4700460829493145e-05,0.7747859025033347,0.38203394034335647,0.41789805214313375,66
chr12,808150,2.964254577157805e-05,0.32768691588782933,0.5689692160399873,0.24491123038107965,68
chr12,866938,-1.4285714285714304e-05,0.0727191470344012,0.7882468902782845,0.10333773391674696,69
chr12,885139,-1.428571428571431e-05,0.0727191470344012,0.7882468902782845,0.10333773391674696,69
chr12,907416,-1.3888888888888906e-05,0.06439962926268732,0.8004736250649407,0.0966529731481326,67
chr12,907420,-1.3513513513513508e-05,0.0626838235294361,0.8030809857471797,0.09524065660222683,68
chr12,907458,1.3888888888888903e-05,0.06650711676534304,0.7972944443090464,0.09838126213808734,68
chr12,907468,1.3888888888888903e-05,0.06650711676534304,0.7972944443090464,0.09838126213808734,68
chr12,922017,1.3513513513513518e-05,0.06473429951690014,0.7999431467925541,0.09694087789763972,69
chr12,922251,-1.3513513513513535e-05,0.06678571428574023,0.7968561991657952,0.09862004440500619,70
chr12,931257,1.3888888888888881e-05,0.06650711676534304,0.7972944443090464,0.09838126213808734,68
chr12,931479,1.3888888888888881e-05,0.06650711676534304,0.7972944443090464,0.09838126213808734,68
chr12,953630,-1.3157894736842125e-05,0.06305418719213048,0.802489464035981,0.09556066078112438,70
chr12,953780,-1.3157894736842125e-05,0.06305418719213048,0.802489464035981,0.09556066078112438,70
chr12,996888,-1.3513513513513522e-05,0.06473429951690014,0.7999431467925541,0.09694087789763972,69
chr12,1021914,-3.0061892130857655e-05,0.33234597156395895,0.5662419222856576,0.24699798035533704,68
chr12,1021925,-2.9487179487179528e-05,0.3308997208503492,0.5670566573064006,0.24637354652818724,69
chr12,1021957,-3.0061892130857655e-05,0.33234597156395895,0.5662419222856576,0.24699798035533704,68
chr12,1022119,-3.0677655677655675e-05,0.3340492444580508,0.5652814193011986,0.24773528948695248,67
chr12,1056051,-4.343629343629362e-06,0.006348159804940964,0.936748024431107,0.02837721414510498,65
chr12,1059793,0.0,0.0,1.0,-0.0,65
chr12,1059796,0.0,0.0,1.0,-0.0,65
chr12,1113439,-3.001792114695343e-05,0.3268292682926972,0.5695038698431433,0.24450332049477927,67
chr12,1119690,-3.125000000000003e-05,0.29525452976704053,0.588920035488336,0.22994367041456026,61
chr12,1249060,1.5151515151515173e-05,0.083978638184262,0.7728581879382631,0.11190018764177287,70
chr12,1255945,1.6666666666666664e-05,0.08720585327270826,0.7687309169033794,0.11422565207691904,65
chr12,1255969,1.6666666666666664e-05,0.08720585327270826,0.7687309169033794,0.11422565207691904,65
chr12,1256033,1.7241379310344845e-05,0.09279869067102982,0.7616529557235165,0.11824286822260838,65
chr12,1256160,1.7241379310344845e-05,0.09279869067102982,0.7616529557235165,0.11824286822260838,65
chr12,1265552,1.733746717262881e-21,0.0,1.0,-0.0,67
chr12,1280570,3.3119658119658155e-05,0.3330349149507497,0.5660365766266958,0.24715550429954913,62
chr12,1312291,1.612903225806454e-05,0.08933274802462014,0.7659662383685103,0.11579037242143247,68
chr12,1369970,1.515151515151515e-05,0.083978638184262,0.7728581879382631,0.11190018764177287,70
chr12,1373278,1.0382203839202738e-20,0.0,1.0,-0.0,67
chr12,1382346,-1.6129032258064524e-05,0.08442635308306834,0.7723256992140046,0.11219951372936475,66
chr12,1397862,-1.5625000000000004e-05,0.0865723764623905,0.7694904001068018,0.11379679390482132,69
chr12,1406833,4.507857733664185e-05,0.7431772606015642,0.3916749940887906,0.4070741544565097,70
chr12,1523543,-1.4705882352941184e-05,0.07706464228203143,0.782170249976375,0.10669870655929907,69
chr12,1565236,-1.5019250874258931e-21,0.0,1.0,-0.0,68
chr12,1581404,1.666666666666668e-05,0.0881458966565154,0.7676082955536038,0.1148603404846548,60
chr12,1594606,-1.5151515151515212e-05,0.07706793137119644,0.7821919681519421,0.10668664786381649,67
chr12,1597864,-1.47058823529412e-05,0.07930029154518725,0.7791030841146338,0.10840507647337351,70
chr12,1602612,-1.5151515151515188e-05,0.0793705332600484,0.7790337428019035,0.10844373103693475,68
chr12,1602709,-1.5151515151515195e-05,0.07706793137119645,0.7821919681519421,0.10668664786381649,67
chr12,1758897,-1.5151515151515168e-05,0.08167411621293746,0.7759231117245666,0.11018131199973372,69
chr12,1771418,4.440789473684216e-05,0.7252139565502905,0.397428087428082,0.4007414432554573,70
chr12,1771508,4.440789473684216e-05,0.7252139565502905,0.397428087428082,0.4007414432554573,70
chr12,1794108,1.6129032258064544e-05,0.09178743961352527,0.7628556601698584,0.11755762708021775,69
chr12,1845688,-1.6666666666666667e-05,0.08974059359665215,0.7654779424073446,0.11606731917707441,66
chr12,1868449,1.5625000000000024e-05,0.08895008605853956,0.7664255977144137,0.11552999876188329,70
chr12,1874107,-1.5624999999999997e-05,0.07711301044632665,0.7822360371022187,0.10666218026048907,60
chr12,1902724,4.5955882352941196e-05,0.6938301156961657,0.4079624243839386,0.3893798360135921,66
chr12,1939076,-3.0399274047186946e-05,0.3310025081705809,0.5670557407246355,0.24637424851575657,67
chr12,2000612,-4.8371647509578604e-05,0.7379000729101646,0.3935911352120828,0.4049546916731936,65
chr12,2000630,4.83716475095786e-05,0.7379000729101646,0.3935911352120828,0.4049546916731936,65
chr12,2000906,-4.507857733664185e-05,0.7431772606015643,0.3916749940887906,0.4070741544565097,70
chr12,2142940,7.31907894736843e-05,2.0066985824190597,0.16117076468857364,0.7927137335353415,70
chr12,2143049,9.369369369369375e-05,3.3290400787939416,0.07266278515725233,1.1386879596904234,67
chr12,2143179,9.369369369369375e-05,3.3290400787939416,0.07266278515725233,1.1386879596904234,67
chr12,2145654,5.857385398981331e-05,1.3341991341990826,0.25216248355947857,0.5983195267838706,69
chr12,2145682,7.465277777777783e-05,1.97699548009784,0.16439794939353447,0.7841036039044035,68
chr12,2145688,7.31907894736843e-05,2.0066985824190597,0.16117076468857364,0.7927137335353415,70
chr12,2145768,7.31907894736843e-05,2.0066985824190597,0.16117076468857364,0.7927137335353415,70
chr12,2169995,7.24815724815726e-05,1.9752002670226572,0.16444941773480215,0.7839676598828169,70
chr12,2197846,3.067765567765571e-05,0.3340492444580507,0.5652814193011986,0.24773528948695248,67
chr12,2198956,4.649122807017545e-05,0.7450149891901353,0.39118489934406864,0.40761791834793853,68
chr12,2235880,-4.583333333333337e-05,0.7627700009269879,0.38553687129390113,0.4139340813387155,70
chr12,2236047,4.698275862068966e-05,0.7747379751799741,0.38190162090742275,0.4180484983440022,69
chr12,2248263,-3.0357142857142915e-05,0.3356266826203591,0.564336755676317,0.24846166288332097,68
chr12,2248406,-4.583333333333337e-05,0.7627700009269879,0.38553687129390113,0.4139340813387155,70
chr12,2248412,-4.583333333333337e-05,0.7627700009269879,0.38553687129390113,0.4139340813387155,70
chr12,2274965,4.614695340501797e-05,0.718085078688067,0.39988222918696736,0.3980678955352097,67
chr12,2277089,4.615384615384619e-05,0.7538547020419142,0.3883579585232687,0.4107677905292112,69
chr12,2277240,4.507857733664186e-05,0.7431772606015642,0.3916749940887906,0.4070741544565097,70
chr12,2277276,4.507857733664186e-05,0.7431772606015642,0.3916749940887906,0.4070741544565097,70
chr12,2280156,4.6153846153846185e-05,0.7538547020419142,0.3883579585232687,0.4107677905292112,69
chr12,2280199,4.730327144120252e-05,0.7654129154073186,0.38481253133891113,0.4147507936957489,68
chr12,2304101,5.019493177387917e-05,0.7814096231301502,0.3800714618158074,0.42013473876631485,65
chr12,2304453,-4.76406533575318e-05,0.7561608711480048,0.38773247343335193,0.41146782436726265,67
chr12,2377865,-4.6491228070175476e-05,0.7450149891901354,0.39118489934406864,0.40761791834793853,68
chr12,2377890,-4.6491228070175476e-05,0.7450149891901354,0.39118489934406864,0.40761791834793853,68
chr12,2377935,-4.6491228070175476e-05,0.7450149891901354,0.39118489934406864,0.40761791834793853,68
chr12,2571527,4.799627213420321e-05,0.7469877397265965,0.3906594402262331,0.40820167656719236,66
chr12,2598295,4.7303271441202514e-05,0.7654129154073186,0.38481253133891113,0.4147507936957489,68
chr12,2620331,-4.837164750957862e-05,0.7379000729101646,0.3935911352120828,0.4049546916731936,65
chr12,2620443,-4.722222222222225e-05,0.7275874277172583,0.3968474026420452,0.40137645779734954,66
chr12,2638623,-4.698275862068966e-05,0.7747379751799742,0.38190162090742275,0.4180484983440022,69
chr12,2651564,-4.583333333333337e-05,0.7627700009269881,0.38553687129390113,0.4139340813387155,70
chr12,2662998,-4.923215898825658e-05,0.81208160729091,0.37078226393002023,0.4308810481563043,68
chr12,2665410,4.853479853479857e-05,0.7779472605569889,0.38101981144741204,0.419052442228319,67
chr12,2665455,-4.853479853479857e-05,0.7779472605569889,0.38101981144741204,0.419052442228319,67
chr12,2675424,4.761904761904767e-05,0.8074211502783657,0.3720545796329293,0.4293933453474476,70
chr12,2688712,4.8214285714285784e-05,0.7877081252763077,0.37801698127997263,0.4224886903465361,68
chr12,2690436,4.667788057190926e-05,0.7841307277627951,0.3790014961107274,0.42135907564841635,70
chr12,2704060,-4.7909407665505274e-05,0.7975343037142517,0.3750281058566799,0.4259361835761039,69
chr12,2706399,-4.7909407665505274e-05,0.7975343037142517,0.3750281058566799,0.4259361835761039,69
chr12,2772608,-4.7909407665505274e-05,0.7975343037142517,0.3750281058566799,0.4259361835761039,69
chr12,2773642,6.071428571428579e-05,1.363304981773984,0.24716641670116885,0.6070105385677684,68
chr12,2873238,-5.161943319838061e-05,0.7957425390810684,0.37581844236225403,0.4250219117830296,64
chr12,2891768,-4.583333333333337e-05,0.7627700009269881,0.38553687129390113,0.4139340813387155,70
chr12,2896271,-4.698275862068969e-05,0.7747379751799739,0.38190162090742275,0.4180484983440022,69
chr12,2919325,4.698275862068966e-05,0.7747379751799741,0.38190162090742275,0.4180484983440022,69
chr12,2951709,4.698275862068966e-05,0.7747379751799741,0.38190162090742275,0.4180484983440022,69
chr12,2993391,-4.985754985754988e-05,0.7915673841928476,0.3769587622123216,0.42370615728281286,66
chr12,3049775,4.5415959252971195e-05,0.7347263847422544,0.39441111379692173,0.40405085591979156,69
chr12,3062785,-4.440789473684215e-05,0.7252139565502904,0.397428087428082,0.4007414432554573,70
chr12,3062806,-4.440789473684215e-05,0.7252139565502904,0.397428087428082,0.4007414432554573,70
chr12,3117328,-1.250000000000001e-05,0.05615194054502282,0.813397139575277,0.08969735918598912,70
chr12,3132706,1.3157894736842118e-05,0.057067603160678326,0.8119438221522327,0.09047401826289159,67
chr12,3145745,3.2744282744282784e-05,0.33472694016196225,0.5650189609378393,0.24793697785754434,63
chr12,3163757,-1.2499999999999997e-05,0.05236314178852474,0.8197086716934421,0.08634047049018866,68
chr12,3164885,-1.250000000000001e-05,0.05615194054502284,0.813397139575277,0.08969735918598912,70
chr12,3164958,1.2500000000000009e-05,0.05615194054502284,0.813397139575277,0.08969735918598912,70
chr12,3165129,8.458646616541364e-06,0.02719247171384691,0.8695413349083847,0.06070976835254089,66
chr12,3191445,1.2499999999999997e-05,0.05236314178852474,0.8197086716934421,0.08634047049018866,68
chr12,3238555,1.2195121951219547e-05,0.049259177355152575,0.825042737141275,0.08352355445140403,68
chr12,3238567,1.2195121951219547e-05,0.049259177355152575,0.825042737141275,0.08352355445140403,68
chr12,3238568,1.2195121951219547e-05,0.049259177355152575,0.825042737141275,0.08352355445140403,68
chr12,3238640,1.2195121951219501e-05,0.05295381310418904,0.8186917428431294,0.08687958979335184,70
chr12,3238641,1.2195121951219501e-05,0.05295381310418904,0.8186917428431294,0.08687958979335184,70
chr12,3238657,1.2195121951219501e-05,0.05295381310418904,0.8186917428431294,0.08687958979335184,70
chr12,3264554,1.250000000000002e-05,0.05425707184944979,0.8165247504457852,0.0880306464213531,69
chr12,3270359,1.25e-05,0.05236314178852474,0.8197086716934421,0.08634047049018866,68
chr12,3335792,1.282051282051284e-05,0.0517427236794754,0.820783189258188,0.08577154707530273,66
chr12,3335872,-1.3888888888888884e-05,0.060187777960803907,0.8069968184562,0.09312817745840044,65
chr12,3377918,-1.2499999999999997e-05,0.052363141788524734,0.8197086716934421,0.08634047049018866,68
chr12,3378802,-1.2499999999999987e-05,0.05236314178852474,0.8197086716934421,0.08634047049018866,68
chr12,3385020,-1.3157894736842128e-05,0.055074067244463336,0.8152073617547216,0.08873190707447519,66
chr12,3404371,1.2500000000000009e-05,0.05615194054502283,0.813397139575277,0.08969735918598912,70
chr12,3404546,1.2500000000000009e-05,0.05615194054502283,0.813397139575277,0.08969735918598912,70
chr12,3404832,-1.2500000000000031e-05,0.0542570718494498,0.8165247504457852,0.0880306464213531,69
chr12,3435553,1.219512195121953e-05,0.05110602593440121,0.8218379925311342,0.08521378572536019,69
chr12,3449847,-1.2195121951219538e-05,0.049259177355152575,0.825042737141275,0.08352355445140403,68
chr12,3465252,3.333333333333336e-05,0.3463687150837941,0.558313973218797,0.2531215026960909,64
chr12,3486211,-1.1904761904761936e-05,0.044502259345472,0.8335818993004627,0.07905172436997746,67
chr12,3542894,2.564102564102568e-05,0.21724137931031468,0.6427574831155296,0.19195285850950627,65
chr12,3564864,-6.142728093947612e-05,1.3796495542575966,0.24438143254614278,0.611931793720303,68
chr12,3565032,-5.2500000000000036e-05,0.9880507841673047,0.32402183794272577,0.48942571887234726,65
chr12,3565063,-3.2500000000000024e-05,0.3431085043987801,0.5601330167157227,0.2517088273404732,65
chr12,3596529,-3.1339031339031345e-05,0.33603818615749603,0.5641601803377929,0.24859757055544618,66
chr12,3596638,-4.2241379310344884e-05,0.6248742420534744,0.43203087769075277,0.3644852126029518,69
chr12,3636334,9.169884169884199e-06,0.031109834417398546,0.8605613412870913,0.06521816748283514,65
chr12,3636348,9.169884169884199e-06,0.031109834417398546,0.8605613412870913,0.06521816748283514,65
chr12,3636423,1.2820512820512833e-05,0.055626598465495516,0.8142771625958192,0.08922774535907112,68
chr12,3687181,-1.7241379310344845e-05,0.09804699904731526,0.7551885491266817,0.1219446038381627,67
chr12,3687254,-1.7241379310344845e-05,0.09804699904731526,0.7551885491266817,0.1219446038381627,67
chr12,3692348,-1.6129032258064544e-05,0.09178743961352527,0.7628556601698584,0.11755762708021775,69
chr12,3710963,-1.6666666666666664e-05,0.09481324663543354,0.7591147005506755,0.11969259821168511,68
chr12,3711190,-1.562500000000003e-05,0.08895008605853956,0.7664255977144137,0.11552999876188329,70
chr12,3722971,1.1735594943936559e-20,0.0,1.0,-0.0,61
chr12,3726983,0.0,0.0,1.0,-0.0,64
chr12,3750346,-1.6666666666666664e-05,0.09481324663543354,0.7591147005506755,0.11969259821168511,68
chr12,3750382,-3.018018018018021e-05,0.3286048441862389,0.5684597415506272,0.24530028672208498,67
chr12,3762270,-1.5625000000000034e-05,0.08657237646239047,0.7694904001068018,0.11379679390482132,69
chr12,3763050,-1.666666666666665e-05,0.08720585327270826,0.7687309169033794,0.11422565207691904,65
chr12,3769815,6.570922257487891e-21,0.0,1.0,-0.0,69
chr12,3769842,6.570922257487891e-21,0.0,1.0,-0.0,69
chr12,3770729,-1.5625000000000004e-05,0.08419560595324335,0.7725999017457906,0.11204535142193063,68
chr12,3782211,-1.4705882352941207e-05,0.07930029154518728,0.7791030841146338,0.10840507647337351,70
chr12,3823049,1.5151515151515151e-05,0.08167411621293748,0.7759231117245666,0.11018131199973372,69
chr12,3835379,-3.194726166328607e-05,0.3265358144277274,0.5698056663126143,0.2442732363249284,63
chr12,3836978,1.5151515151515192e-05,0.07937053326004842,0.7790337428019035,0.10844373103693475,68
chr12,3853822,1.4705882352941189e-05,0.0748299319728223,0.7852842374037242,0.10497311982424265,68
chr12,3853845,1.4705882352941189e-05,0.0748299319728223,0.7852842374037242,0.10497311982424265,68
chr12,3933116,3.033088235294118e-05,0.32517321016162126,0.5705117578260298,0.24373540066497004,66
chr12,3959467,4.2929292929292966e-05,0.6613272311212675,0.41897229690844595,0.3778146923023176,69
chr12,3964861,-4.419642857142859e-05,0.6604454286186145,0.4193693545867849,0.37740330877798434,67
chr12,3967743,-4.292929292929296e-05,0.6613272311212675,0.41897229690844595,0.3778146923023176,69
chr12,3985887,4.340277777777779e-05,0.6552715604200031,0.42114306806462576,0.37557034331877587,68
chr12,4099092,-1.4705882352941189e-05,0.07482993197282233,0.7852842374037242,0.10497311982424265,68
chr12,4099167,0.0,0.0,1.0,-0.0,65
chr12,4229905,1.470588235294118e-05,0.07706464228203143,0.782170249976375,0.10669870655929907,69
chr12,4263188,-3.0776515151515174e-05,0.3248195446973848,0.5707524534569539,0.24355221295988827,65
chr12,4266439,4.513888888888895e-05,0.7093163751986432,0.40271243551786184,0.3950049594330419,68
chr12,4315330,4.419191919191922e-05,0.7012140422223629,0.40535319319111507,0.3921664014555891,69
chr12,4327609,4.5955882352941176e-05,0.6938301156961657,0.4079624243839386,0.3893798360135921,66
chr12,4347994,-4.369747899159667e-05,0.6866169425746904,0.410259654834671,0.38694118969697155,69
chr12,4356892,-5.9714795008912764e-05,1.3200969990905926,0.2547850729435387,0.5938260195397881,67
chr12,4411361,-1.470588235294118e-05,0.07706464228203144,0.782170249976375,0.10669870655929907,69
chr12,4514240,-1.5151515151515192e-05,0.0793705332600484,0.7790337428019035,0.10844373103693475,68
chr12,4522634,1.5151515151515177e-05,0.08397863818426198,0.7728581879382631,0.11190018764177287,70
chr12,4522659,-1.5151515151515177e-05,0.08397863818426198,0.7728581879382631,0.11190018764177287,70
chr12,4522751,-1.6129032258064544e-05,0.08933274802462017,0.7659662383685103,0.11579037242143247,68
chr12,4631309,-1.562500000000003e-05,0.08419560595324337,0.7725999017457906,0.11204535142193063,68
chr12,4645193,1.5625000000000007e-05,0.08419560595324337,0.7725999017457906,0.11204535142193063,68
chr12,4685906,1.5625000000000007e-05,0.08419560595324337,0.7725999017457906,0.11204535142193063,68
chr12,4687230,1.5625000000000017e-05,0.0818198165797337,0.7757558935561072,0.11027491631850053,67
chr12,4701363,-2.2247517697059197e-20,0.0,1.0,-0.0,67
chr12,4702006,1.5151515151515158e-05,0.08397863818426196,0.7728581879382631,0.11190018764177287,70
chr12,4739764,2.1659842508359994e-20,0.0,1.0,-0.0,60
chr12,4739849,-2.1671552641271317e-20,0.0,1.0,-0.0,59
chr12,4747492,1.6666666666666654e-05,0.09481324663543354,0.7591147005506755,0.11969259821168511,68
chr12,4815984,2.9642545771578103e-05,0.3276869158878293,0.5689692160399873,0.24491123038107965,68
chr12,4816018,-2.964254577157807e-05,0.3276869158878293,0.5689692160399873,0.24491123038107965,68
chr12,4819675,1.5151515151515158e-05,0.08397863818426198,0.7728581879382631,0.11190018764177287,70
chr12,4836721,1.6129032258064513e-05,0.0868790376475818,0.7691223111613268,0.11400459018747049,67
chr12,4853201,1.612903225806454e-05,0.09178743961352534,0.7628556601698584,0.11755762708021775,69
chr12,4856399,-3.055555555555558e-05,0.32759422987441145,0.5690843407347166,0.24482336453412606,66
chr12,4856487,-4.876847290640397e-05,0.8634702391779587,0.35637321620696705,0.4480949434977341,64
chr12,4856499,4.837164750957859e-05,0.8741157348530896,0.3533883242763358,0.45174780340346254,65
chr12,4856509,4.837164750957859e-05,0.8741157348530896,0.3533883242763358,0.45174780340346254,65
chr12,4857683,-1.923076923076924e-05,0.11878055795224123,0.7315863817438664,0.1357343873789701,61
chr12,4859261,1.5625000000000034e-05,0.08895008605853955,0.7664255977144137,0.11552999876188329,70
chr12,4933046,-3.1676413255360656e-05,0.33436760022865175,0.5651599041087025,0.24782865723046793,65
chr12,4984659,1.7241379310344866e-05,0.10592705167173105,0.7458289998562833,0.1273607340979311,70
chr12,4984982,-3.7037037037037084e-05,0.48507462686566505,0.4886158742479063,0.3110324276894743,67
chr12,4993056,1.8518518518518542e-05,0.11087420042643772,0.7402226854004316,0.13063760933377694,67
chr12,5216609,-3.071364046973808e-05,0.33958837772396805,0.5620526782864486,0.2502229783509136,68
chr12,5216622,-3.071364046973808e-05,0.33958837772396805,0.5620526782864486,0.2502229783509136,68
chr12,5295009,1.923076923076926e-05,0.11509756316880536,0.735524362132516,0.13340293794053606,66
chr13,71168,7.465277777777781e-05,1.97699548009784,0.16439794939353447,0.7841036039044035,68
chr13,551158,-9.967320261437918e-05,3.094582975064427,0.08373802682623359,1.0770772768884809,61
chr13,584565,0.00011239495798319335,3.8133462121339097,0.05551510536832314,1.2555888315523884,62
chr13,584875,-0.00011071428571428578,3.8068056367297327,0.05564166831634401,1.2545998569380765,63
chr13,584998,-0.0001000000000000001,3.7909407665504684,0.055662167560620666,1.2544398856540133,70
chr13,585058,-0.00012024756852343073,5.7520025632809455,0.019304743798367434,1.7143359577122248,68
chr13,601362,-0.00010101867572156209,3.7995402685505435,0.0554546256002175,1.2560622224838882,69
chr13,601363,-0.00010101867572156209,3.7995402685505435,0.0554546256002175,1.2560622224838882,69
chr13,601488,0.00010244115082824764,3.8063297325747323,0.05530655045616181,1.2572234282162955,68
chr13,850012,0.00010000000000000007,3.7909407665504684,0.055662167560620666,1.2544398856540133,70
chr13,981872,0.00010128205128205142,3.7930950026758414,0.055656476200488615,1.2544842937822211,69
chr13,1207404,0.00010128205128205142,3.793095002675841,0.055656476200488615,1.2544842937822211,69
chr13,1234771,0.00012159709618874781,5.734035549703864,0.019531785796191803,1.7092580472407717,67
chr13,1236527,-0.00010555555555555568,3.808456276271148,0.055373732030045045,1.2566962053044834,66
chr13,1260422,-5.671506352087119e-05,1.1728109933889648,0.28282545999390224,0.5484814978554651,67
chr13,1266572,7.179054054054057e-05,1.8763251431251966,0.17532573886870995,0.7561543221943164,69
chr13,1312018,-7.072368421052642e-05,1.870037926675113,0.17597376815323298,0.7545520662504477,70
chr13,1332235,7.173174872665544e-05,1.8634109337859537,0.1767980613105213,0.7525225015783699,69
chr13,1429348,-0.00011896551724137944,5.77153558052443,0.0190656350031767,1.7197487254659456,69
chr13,1486599,0.00010577819198508864,4.540025000137643,0.0369592129282036,1.4322772859524089,66
chr13,1505325,-0.00012452107279693498,5.7033426183843225,0.01994237703676321,1.7002230770964573,65
chr13,1529670,0.00010244115082824761,3.806329732574733,0.05530655045616181,1.2572234282162955,68
chr13,1535340,0.00012301957129543347,5.717766497461894,0.01974498150610212,1.704543268703915,66
chr13,1618422,0.00012916666666666675,6.569618980597119,0.012590598752601387,1.8999536162966124,70
chr13,1640488,-0.00012610837438423658,5.690928648260902,0.020121828082099308,1.696332565867465,64
chr13,1650724,-0.00013306808134394356,6.585013082663248,0.01256142089701727,1.9009612321886789,68
chr13,1669687,0.00013306808134394356,6.585013082663248,0.01256142089701727,1.9009612321886789,68
chr13,1755162,-0.00013030560271646866,6.569316267858364,0.012626905241154403,1.8987030786911154,69
chr13,1764229,-0.00013006756756756764,6.579594202898474,0.0125608222624463,1.900981929678887,69
chr13,1811299,-0.0001320836965998258,6.579203728154214,0.0125986722067636,1.8996752234270238,68
chr13,1812721,0.0001372180451127821,6.601744045372037,0.012528484114777161,1.902101473332575,66
chr13,1824865,-0.00013006756756756766,6.579594202898477,0.0125608222624463,1.900981929678887,69
chr13,1855666,-0.00014249492900608534,6.619993210434124,0.012532317897753211,1.9019685972336002,63
chr13,1894392,0.0001342342342342343,6.582605006750966,0.012613289684777018,1.8991716298725672,67
chr13,1910129,-0.00013030560271646866,6.569316267858364,0.012626905241154403,1.8987030786911154,69
chr13,1943811,-0.00013475499092559,6.586307667389114,0.012589542264425442,1.899990059856239,67
chr13,1944069,-0.00013076923076923085,6.571401636562321,0.012613467585929917,1.8991655045122444,69
chr13,1957570,-0.00013952380952380963,6.742195683929431,0.011631319176604727,1.934371026575916,67
chr13,1957621,0.00013952380952380965,6.742195683929431,0.011631319176604727,1.934371026575916,67
chr13,1962967,-0.00011354775828460049,5.042507832368864,0.02824960772217043,1.5489875784739089,65
chr13,1962999,-0.00011354775828460049,5.042507832368864,0.02824960772217043,1.5489875784739089,65
chr13,1963017,-0.00011354775828460049,5.042507832368864,0.02824960772217043,1.5489875784739089,65
chr13,1997911,-0.000144308943089431,6.776549663928085,0.011503411772519087,1.9391733340613782,65
chr13,2003583,0.0001233569261880689,5.293588739031605,0.024672596997540597,1.6077851349715178,66
chr13,2010769,0.00013095238095238112,6.622132796780666,0.012257277953270284,1.9116059654725985,70
chr13,2019982,0.00013240418118466918,6.613891167623538,0.012342931814913628,1.908581670140133,69
chr13,2019985,-0.00013095238095238112,6.622132796780666,0.012257277953270284,1.9116059654725985,70
chr13,2031234,0.00013504968383017176,6.6440703540221095,0.01218925283393807,1.9140229145655978,68
chr13,2053160,-0.00013986354775828475,6.622527518106345,0.012435416369959072,1.9053396688461288,65
chr13,2053198,-0.00013817663817663832,6.627514858023187,0.012365605300228101,1.9077846199322948,66
chr13,2053229,-0.00013817663817663832,6.627514858023187,0.012365605300228101,1.9077846199322948,66
chr13,2056294,0.000129941126997477,6.589440993788768,0.012463674152214515,1.9043539136305139,70
chr13,2056376,-0.00012994112699747705,6.589440993788768,0.012463674152214515,1.9043539136305139,70
chr13,2106333,0.00013240418118466916,6.613891167623539,0.012342931814913628,1.908581670140133,69
chr13,2223128,0.00013504968383017176,6.6440703540221095,0.01218925283393807,1.9140229145655978,68
chr13,2228855,0.0001314655172413795,6.586119080452432,0.01251905919183621,1.902428307159645,69
chr13,2228927,0.0001314655172413795,6.586119080452432,0.01251905919183621,1.902428307159645,69
chr13,2235680,0.00013240418118466916,6.613891167623539,0.012342931814913628,1.908581670140133,69
chr13,2261365,0.000129941126997477,6.589440993788768,0.012463674152214515,1.9043539136305139,70
chr13,2275533,-0.00013504968383017173,6.6440703540221095,0.01218925283393807,1.9140229145655978,68
chr13,2281900,0.00013240418118466916,6.613891167623538,0.012342931814913628,1.908581670140133,69
chr13,2286044,0.00013644688644688657,6.695053413628922,0.011877314792654038,1.925281732969837,68
chr13,2307365,-0.00015509259259259274,9.647762516614897,0.0028091896908358227,2.551418934026693,67
chr13,2343353,0.00013095238095238112,6.622132796780666,0.012257277953270284,1.9116059654725985,70
chr13,2343469,0.00013095238095238112,6.622132796780666,0.012257277953270284,1.9116059654725985,70
chr13,2343494,0.00013095238095238112,6.622132796780666,0.012257277953270284,1.9116059654725985,70
chr13,2343570,0.00013240418118466918,6.613891167623538,0.012342931814913628,1.908581670140133,69
chr13,2353803,0.00013504968383017178,6.6440703540221095,0.01218925283393807,1.9140229145655978,68
chr13,2388394,0.0001335978835978837,6.655309411363877,0.012085097349010542,1.9177498468725647,69
chr13,2388526,0.00013504968383017176,6.6440703540221095,0.01218925283393807,1.9140229145655978,68
chr13,2388571,0.00013504968383017176,6.6440703540221095,0.01218925283393807,1.9140229145655978,68
chr13,2400414,0.00013095238095238112,6.622132796780666,0.012257277953270284,1.9116059654725985,70
chr13,2484313,-0.00013504968383017173,6.6440703540221095,0.01218925283393807,1.9140229145655978,68
chr13,2594343,0.0001314655172413795,6.586119080452432,0.01251905919183621,1.902428307159645,69
chr13,2618423,0.00013553113553113567,6.6035268035212855,0.012479723501085015,1.90379503671155,67
chr13,2618494,0.00013553113553113567,6.6035268035212855,0.012479723501085015,1.90379503671155,67
chr13,2620340,0.0001582207207207208,9.028503931209045,0.00389757957141078,2.4092050096678284,61
chr13,2649396,0.00012916666666666675,6.569618980597119,0.012590598752601387,1.8999536162966124,70
chr13,2649512,0.0001314655172413795,6.586119080452432,0.01251905919183621,1.902428307159645,69
chr13,2689989,0.0001282051282051283,5.8878504672898595,0.018119278112783865,1.7418591089704487,65
chr13,2692911,-0.00013644688644688657,6.695053413628923,0.011877314792654038,1.925281732969837,68
chr13,2698364,-0.0001378986866791746,6.680674067521059,0.01199996027838042,1.920820191528104,67
chr13,2704295,0.00013644688644688657,6.695053413628922,0.011877314792654038,1.925281732969837,68
chr13,2704343,0.00013644688644688657,6.695053413628922,0.011877314792654038,1.925281732969837,68
chr13,2716281,0.00013504968383017176,6.6440703540221095,0.01218925283393807,1.9140229145655978,68
chr13,2773035,-0.00010795454545454558,3.8967453524505955,0.05256763104487313,1.2792815939787416,68
chr13,2784248,0.00010795454545454559,3.896745352450595,0.05256763104487313,1.2792815939787416,68
chr13,2856837,0.00010545454545454555,3.8702520777527343,0.05329151581727854,1.2733419265649224,69
chr13,2857094,0.00010795454545454559,3.896745352450597,0.05256763104487313,1.2792815939787416,68
chr13,2879471,-8.712121212121223e-05,2.713031315564522,0.10428526714311077,0.9817770420086934,68
chr13,2879484,-8.712121212121223e-05,2.713031315564522,0.10428526714311077,0.9817770420086934,68
chr13,2879499,-8.712121212121223e-05,2.713031315564522,0.10428526714311077,0.9817770420086934,68
chr13,2883567,8.203991130820402e-05,2.2184764561332218,0.14152003694028298,0.8491820667365543,63
chr13,2888710,-0.00010545454545454553,3.8702520777527343,0.05329151581727854,1.2733419265649224,69
chr13,2905567,0.00010000000000000009,3.263157894736797,0.07570621963285498,1.1208684396377215,64
chr13,2928789,0.00010420393559928455,3.8391527053457937,0.0542313717024576,1.2657494105880722,69
chr13,2928941,0.0001065116279069768,3.8594644864314915,0.05367871269812062,1.2701979077944738,68
chr13,3003815,7.409090909090916e-05,1.8561683616066593,0.1776301335132052,0.7504833577668422,69
chr13,3003831,7.409090909090916e-05,1.8561683616066593,0.1776301335132052,0.7504833577668422,69
chr13,3004021,7.255244755244761e-05,1.8509670664005606,0.17816373274978267,0.7491806968740482,70
chr13,3004070,-7.255244755244761e-05,1.8509670664005606,0.17816373274978267,0.7491806968740482,70
chr13,3044960,-7.333333333333341e-05,1.8598553345387827,0.1771391024170253,0.7516855602697174,70
chr13,3045099,-7.500000000000013e-05,1.867729723528668,0.17630407335508883,0.7537376535815531,69
chr13,3095611,-0.00011587301587301595,4.02872802872787,0.0489589487728413,1.3101679157615058,66
chr13,3167933,7.608695652173922e-05,1.8835341365462146,0.17451012273847002,0.7581793760288639,69
chr13,3167952,7.608695652173922e-05,1.8835341365462146,0.17451012273847002,0.7581793760288639,69
chr13,3325554,-4.222222222222227e-05,0.6054656669297271,0.4391992858303597,0.3573383747514665,70
chr13,3460459,-4.222222222222227e-05,0.6054656669297271,0.4391992858303597,0.3573383747514665,70
chr13,3460463,-4.272727272727276e-05,0.6060952287349228,0.4390027097055449,0.35753279910518193,69
chr13,3460471,-4.222222222222227e-05,0.6054656669297271,0.4391992858303597,0.3573383747514665,70
chr13,3465159,-4.272727272727275e-05,0.6060952287349227,0.4390027097055449,0.35753279910518193,69
chr13,3484682,-4.396135265700489e-05,0.603502115668354,0.44002037334668487,0.3565272148156217,68
chr13,3552021,4.1958041958042e-05,0.6080335312609405,0.43823482961251414,0.35829310895831534,70
chr13,3572567,-4.248658318425762e-05,0.609119746792287,0.4378681463115628,0.3586566473730549,69
chr13,3572639,4.1774332472006947e-05,0.6117100407289927,0.43685967937008463,0.35965803731185,70
chr13,3572653,-4.1774332472006947e-05,0.6117100407289927,0.43685967937008463,0.35965803731185,70
chr13,3639621,-4.248658318425764e-05,0.609119746792287,0.4378681463115628,0.3586566473730549,69
chr13,3653353,-4.4994944388271045e-05,0.6037548889301099,0.4400115307310354,0.35653594245189146,66
chr13,3663411,-4.30402930402931e-05,0.6103998325309189,0.4374308900496754,0.35909055164947495,68
chr13,3663433,4.30402930402931e-05,0.6103998325309189,0.4374308900496754,0.35909055164947495,68
chr13,3663462,-4.232804232804238e-05,0.6132723112127918,0.43631780626625905,0.3601970629577569,69
chr13,3683170,4.272727272727277e-05,0.6060952287349228,0.4390027097055449,0.35753279910518193,69
chr13,3683192,4.1958041958042e-05,0.6080335312609406,0.43823482961251414,0.35829310895831534,70
chr13,3683208,4.1958041958042e-05,0.6080335312609406,0.43823482961251414,0.35829310895831534,70
chr13,3774040,-1.1627906976744199e-05,0.04700460829492826,0.8290091007887093,0.08144070177708151,70
chr13,3803491,2.0833333333333367e-05,0.13413639199502378,0.7153706680293608,0.1454688709722712,67
chr13,3820197,1.923076923076923e-05,0.123897991657018,0.7259493809550219,0.13909366075766294,69
chr13,3837640,-4.0000000000000044e-05,0.5639904610492377,0.45532625648010683,0.34167730529110985,68
chr13,3888423,-3.846153846153849e-05,0.5165729792595679,0.4748830707164423,0.32341331246785,67
chr13,3888880,-3.0052264808362405e-05,0.3372729262420549,0.5633560014749812,0.24921707474959764,69
chr13,3916175,-3.238866396761136e-05,0.3364993215739473,0.5639591797629389,0.2487523297848852,64
chr13,3925259,1.851851851851852e-05,0.11652173913043315,0.7339062419395777,0.13435941857045317,69
chr13,3978697,3.333333333333336e-05,0.3463687150837941,0.558313973218797,0.2531215026960909,64
chr13,4011248,-1.2195121951219547e-05,0.05110602593440121,0.8218379925311342,0.08521378572536019,69
chr13,4011408,-3.151260504201684e-06,0.003683517622902611,0.9518062225382239,0.021451460279874913,62
chr13,4015161,1.6666666666666657e-05,0.09735106739691174,0.7560008474644699,0.12147771766157572,69
chr13,4015197,1.6666666666666657e-05,0.09735106739691174,0.7560008474644699,0.12147771766157572,69
chr13,4022758,1.6666666666666678e-05,0.09481324663543354,0.7591147005506755,0.11969259821168511,68
chr13,4043814,-1.851851851851853e-05,0.11087420042643772,0.7402226854004316,0.13063760933377694,67
chr13,4043853,-1.851851851851853e-05,0.11087420042643772,0.7402226854004316,0.13063760933377694,67
chr13,4043893,-1.851851851851853e-05,0.11087420042643772,0.7402226854004316,0.13063760933377694,67
chr13,4043927,1.78571428571429e-05,0.10695187165778965,0.7446763996492779,0.12803240963790088,68
chr13,4043946,1.78571428571429e-05,0.10695187165778965,0.7446763996492779,0.12803240963790088,68
chr13,4046532,2.982456140350883e-05,0.32970908022339657,0.567782337838189,0.2458181213182933,68
chr13,4069440,1.7857142857142886e-05,0.10967381323111938,0.7415493682386629,0.12985993075842195,69
chr13,4069451,1.724137931034486e-05,0.10592705167173107,0.7458289998562833,0.1273607340979311,70
chr13,4069459,1.724137931034486e-05,0.10592705167173107,0.7458289998562833,0.1273607340979311,70
chr13,4069586,1.8518518518518515e-05,0.11369747899163768,0.737043225295186,0.13250704137203057,68
chr13,4076420,1.8518518518518508e-05,0.11369747899163768,0.737043225295186,0.13250704137203057,68
chr13,4076424,-1.8518518518518515e-05,0.11369747899163768,0.737043225295186,0.13250704137203057,68
chr13,4162820,8.543431753169084e-21,0.0,1.0,-0.0,67
chr13,4176128,-1.7241379310344845e-05,0.10592705167173107,0.7458289998562833,0.1273607340979311,70
chr13,4176522,-1.7857142857142872e-05,0.1096738132311194,0.7415493682386629,0.12985993075842195,69
chr13,4241919,-6.038647342995181e-06,0.01075837076743003,0.9177536077226693,0.03727389959328324,59
chr13,4262731,-2.343670109696128e-21,0.0,1.0,-0.0,66
chr13,4263086,1.724137931034483e-05,0.10067271589490771,0.7520254149244502,0.12376748204807085,68
chr13,4296062,-3.274428274428277e-05,0.3347269401619624,0.5650189609378393,0.24793697785754434,63
chr13,4373950,1.724137931034483e-05,0.10329941412272443,0.748906083407064,0.12557264160018727,69
chr13,4387151,-1.6666666666666667e-05,0.09735106739691174,0.7560008474644699,0.12147771766157572,69
chr13,4408931,-1.7857142857142865e-05,0.10151097754402977,0.7510613344045888,0.12432459547813655,66
chr13,4409022,-1.724137931034483e-05,0.09804699904731526,0.7551885491266817,0.1219446038381627,67
chr13,4414724,-1.7241379310344825e-05,0.10329941412272443,0.748906083407064,0.12557264160018727,69
chr13,4418340,1.9162181253635754e-20,0.0,1.0,-0.0,67
chr13,4418362,1.724137931034484e-05,0.10067271589490771,0.7520254149244502,0.12376748204807085,68
chr13,4418620,1.724137931034484e-05,0.10067271589490771,0.7520254149244502,0.12376748204807085,68
chr13,4418626,-1.7241379310344845e-05,0.10067271589490771,0.7520254149244502,0.12376748204807085,68
chr13,4425451,-1.7241379310344818e-05,0.10329941412272443,0.748906083407064,0.12557264160018727,69
chr13,4425547,-1.6666666666666678e-05,0.09988982739627356,0.752929969350954,0.12324541601551889,70
chr13,4437942,-1.282051282051285e-05,0.05757002921463368,0.8111112409658021,0.09091957979057566,69
chr13,4438231,-1.3157894736842126e-05,0.059062164419531805,0.8087381385752584,0.09219207589244127,68
chr13,4438306,-1.3513513513513534e-05,0.06063432835820137,0.8062721061705144,0.09351836481403282,67
chr13,4438319,1.351351351351353e-05,0.06063432835820137,0.8062721061705144,0.09351836481403282,67
chr13,4452719,-3.1730769230769254e-05,0.34026099565001405,0.5617286249519076,0.2504734444843663,66
chr13,4464373,0.0,0.0,1.0,-0.0,64
chr13,4490794,6.018518518518518e-06,0.012716607762403291,0.9105620901707807,0.040690434823306844,67
chr13,4491001,6.730769230769255e-06,0.01531018254072894,0.9019134192914946,0.04483515129253327,66
chr13,4499720,1.2820512820512818e-05,0.0517427236794754,0.820783189258188,0.08577154707530273,66
chr13,4503506,1.2500000000000024e-05,0.05425707184944981,0.8165247504457852,0.0880306464213531,69
chr13,4525321,1.249999999999999e-05,0.05236314178852474,0.8197086716934421,0.08634047049018866,68
chr13,4541278,-1.2820512820512845e-05,0.055626598465495516,0.8142771625958192,0.08922774535907112,68
chr13,4552120,1.0928297759800907e-20,0.0,1.0,-0.0,68
chr13,4592071,-1.3157894736842142e-05,0.05308160399439321,0.8185317780218617,0.08696445522377218,65
chr13,4592077,1.3157894736842142e-05,0.05308160399439321,0.8185317780218617,0.08696445522377218,65
chr13,4606819,-1.2820512820512857e-05,0.05757002921463368,0.8111112409658021,0.09091957979057566,69
chr13,4610206,-1.2820512820512837e-05,0.05368414842781392,0.8175001511742366,0.0875121583568131,67
chr13,4621961,1.2500000000000024e-05,0.05425707184944981,0.8165247504457852,0.0880306464213531,69
chr13,4672037,-1.250000000000001e-05,0.05615194054502282,0.813397139575277,0.08969735918598912,70
chr13,4744599,-1.938764301493177e-20,0.0,1.0,-0.0,68
chr13,4752602,-1.3513513513513518e-05,0.06473429951690012,0.7999431467925541,0.09694087789763972,69
chr13,4800644,-1.3513513513513522e-05,0.06473429951690012,0.7999431467925541,0.09694087789763972,69
chr13,4800651,-1.3513513513513522e-05,0.06473429951690012,0.7999431467925541,0.09694087789763972,69
chr13,4810727,-1.4285714285714279e-05,0.06838056413964372,0.7945362631122834,0.0998862765432449,67
chr13,4819226,-1.38888888888889e-05,0.07072499235240919,0.7910887788939426,0.10177477564238743,70
chr13,4845239,1.3888888888888903e-05,0.06861558514105594,0.794166910030295,0.10008821232455797,69
chr13,4854157,-1.428571428571431e-05,0.0727191470344012,0.7882468902782845,0.10333773391674696,69
chr13,4886857,-1.5151515151515166e-05,0.08024204156802402,0.7779288154241621,0.1090601414201896,63
chr13,4886878,-1.5151515151515166e-05,0.08024204156802402,0.7779288154241621,0.1090601414201896,63
chr13,4896917,2.9910714285714323e-05,0.32565617288567916,0.5701957808369045,0.24397600057624294,67
chr13,4900876,-1.4705882352941189e-05,0.08847184986599098,0.7670631648204831,0.11516887203082639,68
chr13,4929231,1.4285714285714309e-05,0.07054936512052101,0.7913664956780773,0.10162234053719627,68
chr13,4929289,1.3353225286126624e-20,0.0,1.0,-0.0,66
chr13,4929303,1.3353225286126624e-20,0.0,1.0,-0.0,66
chr13,4929313,1.3353225286126624e-20,0.0,1.0,-0.0,66
chr13,4929339,1.3353225286126624e-20,0.0,1.0,-0.0,66
chr13,4966850,-1.4705882352941189e-05,0.07482993197282231,0.7852842374037242,0.10497311982424265,68
chr13,5005857,1.4705882352941182e-05,0.07930029154518727,0.7791030841146338,0.10840507647337351,70
chr13,5005864,-1.4705882352941189e-05,0.07930029154518727,0.7791030841146338,0.10840507647337351,70
chr13,5005895,-1.4705882352941202e-05,0.07706464228203143,0.782170249976375,0.10669870655929907,69
chr13,5005987,-1.4705882352941202e-05,0.07706464228203143,0.782170249976375,0.10669870655929907,69
chr13,5009615,1.4705882352941182e-05,0.07930029154518727,0.7791030841146338,0.10840507647337351,70
chr13,5009651,-1.4705882352941189e-05,0.07930029154518727,0.7791030841146338,0.10840507647337351,70
chr13,5009704,1.4705882352941177e-05,0.07706464228203141,0.782170249976375,0.10669870655929907,69
chr13,5092346,4.6401515151515194e-05,0.812826782019866,0.3707197122938435,0.43095432059889,65
chr13,5101138,1.5151515151515192e-05,0.07937053326004842,0.7790337428019035,0.10844373103693475,68
chr13,5107433,-1.4705882352941189e-05,0.07930029154518727,0.7791030841146338,0.10840507647337351,70
chr13,5107528,-1.4705882352941189e-05,0.07930029154518727,0.7791030841146338,0.10840507647337351,70
chr13,5107587,-1.4705882352941189e-05,0.07930029154518727,0.7791030841146338,0.10840507647337351,70
chr13,5107595,-1.4705882352941187e-05,0.07706464228203141,0.782170249976375,0.10669870655929907,69
chr13,5127678,2.2587545260114683e-20,0.0,1.0,-0.0,68
chr13,5127687,2.2587545260114683e-20,0.0,1.0,-0.0,68
chr13,5127728,2.2587545260114683e-20,0.0,1.0,-0.0,68
chr13,5142252,-1.5151515151515199e-05,0.07706793137119645,0.7821919681519421,0.10668664786381649,67
chr13,5142814,-1.5151515151515195e-05,0.07706793137119645,0.7821919681519421,0.10668664786381649,67
chr13,5166714,1.562500000000002e-05,0.0818198165797337,0.7757558935561072,0.11027491631850053,67
chr13,5173230,1.5151515151515155e-05,0.08167411621293746,0.7759231117245666,0.11018131199973372,69
chr13,5184373,-1.612903225806453e-05,0.08687903764758179,0.7691223111613268,0.11400459018747049,67
chr13,5186059,1.5151515151515168e-05,0.08397863818426202,0.7728581879382631,0.11190018764177287,70
chr13,5195668,1.3513513513513518e-05,0.06473429951690012,0.7999431467925541,0.09694087789763972,69
chr13,5195690,1.3157894736842123e-05,0.06105770644090905,0.8055875373194845,0.0938872610681967,69
chr13,5213536,2.7777777777777806e-05,0.27187765505525535,0.6038747366493713,0.21905313890182174,66
chr13,5311724,-1.7241379310344842e-05,0.0954223081882643,0.7583971411000076,0.12010331280979929,66
chr13,5353687,3.181818181818186e-05,0.3252094440213885,0.5705882674280969,0.24367716265374445,63
chr13,5385854,-1.7241379310344845e-05,0.0954223081882643,0.7583971411000076,0.12010331280979929,66
chr13,5570737,1.562500000000003e-05,0.08895008605853956,0.7664255977144137,0.11552999876188329,70
chr13,5570770,-1.5625000000000034e-05,0.08895008605853956,0.7664255977144137,0.11552999876188329,70
chr13,5571602,-1.5625000000000034e-05,0.08895008605853956,0.7664255977144137,0.11552999876188329,70
chr13,5588289,1.515151515151514e-05,0.08167411621293746,0.7759231117245666,0.11018131199973372,69
chr13,5628629,-6.20265151515152e-05,1.3475629288478563,0.25008444325701285,0.6019133231346296,65
chr13,5639018,4.369747899159666e-05,0.6866169425746903,0.410259654834671,0.38694118969697155,69
chr13,5639020,4.369747899159666e-05,0.6866169425746903,0.410259654834671,0.38694118969697155,69
chr13,5639226,4.330065359477126e-05,0.6937187891553233,0.4078182228328253,0.38953337223388934,70
chr13,5639295,4.330065359477126e-05,0.6937187891553233,0.4078182228328253,0.38953337223388934,70
chr13,5639413,1.562500000000002e-05,0.09112426035504982,0.7637469924431217,0.11705048695289576,65
chr13,5640882,4.330065359477126e-05,0.6937187891553233,0.4078182228328253,0.38953337223388934,70
chr13,5663758,-4.3722943722943785e-05,0.6668218337981527,0.41709960567728843,0.37976022073258786,68
chr13,5663808,4.456327985739752e-05,0.672780342393474,0.41508174806813536,0.38186636295385024,67
chr13,5663818,4.327731092436976e-05,0.6733441893995492,0.4147980925246666,0.38216324940912105,69
chr13,5663841,4.372294372294378e-05,0.6668218337981527,0.41709960567728843,0.37976022073258786,68
chr13,5663914,4.327731092436976e-05,0.6733441893995492,0.4147980925246666,0.38216324940912105,69
chr13,5663971,4.327731092436976e-05,0.6733441893995492,0.4147980925246666,0.38216324940912105,69
chr13,5776557,3.125000000000005e-05,0.3574234092694424,0.5520180523501844,0.25804671953914377,67
chr13,5776561,3.125000000000005e-05,0.3574234092694424,0.5520180523501844,0.25804671953914377,67
chr13,5780511,-1.5625000000000014e-05,0.08657237646239048,0.7694904001068018,0.11379679390482132,69
chr13,5838995,-1.4285714285714284e-05,0.07054936512052101,0.7913664956780773,0.10162234053719627,68
chr13,5838999,-1.4285714285714284e-05,0.07054936512052101,0.7913664956780773,0.10162234053719627,68
chr13,5844583,-1.5151515151515165e-05,0.07476635514020143,0.7853998118129064,0.10490920712547593,66
chr13,5921981,1.4705882352941189e-05,0.07482993197282231,0.7852842374037242,0.10497311982424265,68
chr13,5922004,-1.4705882352941189e-05,0.07482993197282231,0.7852842374037242,0.10497311982424265,68
chr13,5923340,1.4705882352941168e-05,0.07706464228203143,0.782170249976375,0.10669870655929907,69
chr13,5923422,-1.470588235294118e-05,0.07706464228203143,0.782170249976375,0.10669870655929907,69
chr13,5923505,2.9411764705882377e-05,0.3251231527093505,0.5704810046975779,0.24375881170565292,68
chr13,5923509,-1.470588235294118e-05,0.07706464228203143,0.782170249976375,0.10669870655929907,69
chr13,5942739,1.5624999999999997e-05,0.08419560595324335,0.7725999017457906,0.11204535142193063,68
chr13,5976994,-2.9040404040404063e-05,0.3258617043772973,0.5700158274414895,0.2441130852484388,69
chr13,6180270,4.876847290640397e-05,0.8634702391779587,0.35637321620696705,0.4480949434977341,64
chr13,6274632,7.268907563025215e-05,1.9349818732020079,0.16881682869716952,0.7725842624140209,69
chr13,6744144,7.323232323232329e-05,1.9614648240330872,0.16597103048420483,0.7799677095430463,69
chr13,6842726,0.00010618279569892483,3.9912336799849237,0.049925506864678275,1.3016775172952082,67
chr13,6905302,-0.00010114660114660127,3.955278010830592,0.05075042085844465,1.2945603519222901,70
chr13,6979522,5.8874458874458944e-05,1.321165734471627,0.2545312111607822,0.5942589559448801,68
chr14,166505,3.2291666666666695e-05,0.32466399022523784,0.5709454957017569,0.24340534892715024,62
chr14,186270,4.708994708994711e-05,0.6313197060589784,0.43000332318962553,0.36652818805450704,62
chr14,249718,-2.991071428571431e-05,0.3256561728856035,0.5701957808369433,0.24397600057621335,67
chr14,268954,1.4285714285714304e-05,0.07271914703440119,0.7882468902782845,0.10333773391674696,69
chr14,276542,-1.428571428571431e-05,0.07271914703440119,0.7882468902782845,0.10333773391674696,69
chr14,318304,-1.4285714285714328e-05,0.06404608607253912,0.8010355671013085,0.09634820020427012,65
chr14,376441,1.3513513513513507e-05,0.06268382352943613,0.8030809857471797,0.09524065660222683,68
chr14,376443,1.3513513513513507e-05,0.06268382352943613,0.8030809857471797,0.09524065660222683,68
chr14,376503,-1.35135135135135e-05,0.06268382352943613,0.8030809857471797,0.09524065660222683,68
chr14,439394,-1.7287001305741074e-20,0.0,1.0,-0.0,61
chr14,439409,-1.7287001305741074e-20,0.0,1.0,-0.0,61
chr14,530723,4.667788057190924e-05,0.7841307277627949,0.3790014961107274,0.42135907564841635,70
chr14,556155,4.953703703703708e-05,0.801793027212114,0.3738618791351115,0.42728881546971365,67
chr14,599024,-4.6982758620689696e-05,0.7747379751799742,0.38190162090742275,0.4180484983440022,69
chr14,599063,4.667788057190924e-05,0.7841307277627949,0.3790014961107274,0.42135907564841635,70
chr14,599069,4.667788057190924e-05,0.7841307277627949,0.3790014961107274,0.42135907564841635,70
chr14,605221,5.019493177387915e-05,0.7814096231301502,0.3800714618158074,0.42013473876631485,65
chr14,605222,5.019493177387915e-05,0.7814096231301502,0.3800714618158074,0.42013473876631485,65
chr14,615801,4.698275862068968e-05,0.7747379751799742,0.38190162090742275,0.4180484983440022,69
chr14,615802,4.698275862068968e-05,0.7747379751799742,0.38190162090742275,0.4180484983440022,69
chr14,615816,4.698275862068968e-05,0.7747379751799742,0.38190162090742275,0.4180484983440022,69
chr14,634163,-5.7692307692307786e-05,1.1640020629190089,0.2848848199236328,0.5453306915083008,63
chr14,660122,3.101503759398497e-05,0.33254605573927043,0.5661865093614331,0.24704048286863234,66
chr14,687454,4.5833333333333374e-05,0.762770000926988,0.38553687129390113,0.4139340813387155,70
chr14,690102,4.649122807017546e-05,0.7450149891901352,0.39118489934406864,0.40761791834793853,68
chr14,693224,5.964912280701762e-05,1.3389021479713088,0.25139842008265334,0.5996374559720243,68
chr14,693290,5.964912280701762e-05,1.3389021479713088,0.25139842008265334,0.5996374559720243,68
chr14,694837,-4.730327144120251e-05,0.7654129154073185,0.38481253133891113,0.4147507936957489,68
chr14,694840,-4.730327144120251e-05,0.7654129154073185,0.38481253133891113,0.4147507936957489,68
chr14,695176,4.483430799220275e-05,0.7364065736777484,0.39406750620025965,0.4044293744714231,65
chr14,695185,4.483430799220275e-05,0.7364065736777484,0.39406750620025965,0.4044293744714231,65
chr14,695231,-4.483430799220276e-05,0.7364065736777484,0.39406750620025965,0.4044293744714231,65
chr14,721972,-3.173076923076926e-05,0.34026099565001416,0.5617286249519076,0.2504734444843663,66
chr14,722274,5.3157894736842165e-05,0.8113988934657507,0.3712496579396778,0.4303339378228224,63
chr14,728612,4.9232158988256566e-05,0.81208160729091,0.37078226393002023,0.4308810481563043,68
chr14,768791,3.2195121951219555e-05,0.3452672878862008,0.5588720586572569,0.25268760280905467,66
chr14,789199,-4.667788057190923e-05,0.7841307277627949,0.3790014961107274,0.42135907564841635,70
chr14,807962,-7.672413793103456e-05,2.106657298576148,0.15132582416447624,0.8200869521148354,69
chr14,820037,-7.611438183347357e-05,2.125632609442368,0.1494561977882418,0.8254860705248517,70
chr14,823133,-7.796167247386768e-05,2.1541421700699592,0.14686478906907266,0.8330823141211193,69
chr14,928066,-7.564102564102571e-05,2.06397401746916,0.15546974188984808,0.8083541224503763,69
chr14,985317,7.294429708222817e-05,2.1976268052131367,0.14298273286292787,0.8447164064170057,68
chr14,1004307,-7.500000000000005e-05,2.0816326530611464,0.15367134807815155,0.813407098873136,70
chr14,1004337,-7.500000000000005e-05,2.0816326530611464,0.15367134807815155,0.813407098873136,70
chr14,1004343,-7.500000000000005e-05,2.0816326530611464,0.15367134807815155,0.813407098873136,70
chr14,1004383,-7.500000000000005e-05,2.0816326530611464,0.15367134807815155,0.813407098873136,70
chr14,1005316,-7.672413793103457e-05,2.1066572985761476,0.15132582416447624,0.8200869521148354,69
chr14,1021352,0.00015199637023593482,9.427223136202127,0.003118937080369373,2.505993386359884,67
chr14,1084804,0.00013192721257237398,6.939038527105649,0.010433369959261444,1.9815753925971225,70
chr14,1086194,-0.00017101584342963668,13.401140483430423,0.0005111891808312491,3.2914183464674385,66
chr14,1092218,0.00012857142857142868,5.657514450866801,0.020694488676099482,1.6841452997726125,60
chr14,1092437,0.0001332767402376912,6.903529342914105,0.010654184833825566,1.9724797731402441,69
chr14,1114295,-0.00013469921534437672,6.869735751973448,0.010870779672085048,1.9637393064066977,68
chr14,1154809,0.00016203703703703725,9.522747546833154,0.0030498660586379435,2.515719233201329,63
chr14,1155902,-0.00013461538461538483,7.004646531696095,0.010123448439176728,1.9946715247491988,69
chr14,1165402,-0.00013192721257237395,6.939038527105284,0.010433369959263444,1.9815753925970392,70
chr14,1171758,-0.00013192721257237395,6.939038527105284,0.010433369959263444,1.9815753925970392,70
chr14,1172991,-0.00014743589743589756,7.348842337375982,0.008636694850312812,2.063652424522487,65
chr14,1197671,0.000150900900900901,9.349506225848053,0.0032364170876824816,2.4899355144990456,67
chr14,1236209,-0.00011063218390804607,4.061179668388283,0.04815121347917011,1.3173927635619438,65
chr14,1236614,-0.00010197368421052643,4.006621704475809,0.049313682475892864,1.307032565523094,70
chr14,1258913,7.860040567951326e-05,2.226270608412391,0.14083498817275086,0.8512894383565187,63
chr14,1260259,0.00010952380952380963,3.99939997599902,0.04983239429414795,1.3024882458059486,65
chr14,1264102,-0.00010227272727272736,3.935037731288603,0.051389822569783604,1.28912288177186,69
chr14,1264311,0.0001011466011466013,3.955278010830592,0.05075042085844465,1.2945603519222901,70
chr14,1286623,0.00012500000000000006,5.995836224843859,0.017090024225480754,1.7672573216569603,66
chr14,1288453,0.00011964285714285726,5.633893919792931,0.020581665705745225,1.6865194800332737,67
chr14,1327993,-0.00010304054054054062,3.983621750315653,0.050011948054632556,1.3009262285777077,69
chr14,1335036,-7.470288624787782e-05,2.025737131434216,0.1592939081596516,0.7978008325054338,69
chr14,1348299,7.695852534562218e-05,1.9789169316462032,0.16434208424501948,0.7842512094497079,66
chr14,1360808,7.392473118279574e-05,2.228323077097345,0.14033905088689624,0.8528214649311701,67
chr14,1376935,7.323232323232328e-05,1.9614648240330874,0.16597103048420483,0.7799677095430463,69
chr14,1378693,5.928509154315611e-05,1.3305662614882035,0.25286474799018505,0.5971117116617617,68
chr14,1512463,-6.363636363636374e-05,1.3219814241485761,0.2547246722484968,0.5939289878889914,63
chr14,1512503,6.363636363636374e-05,1.3219814241485761,0.2547246722484968,0.5939289878889914,63
chr14,1658901,-6.309297912713478e-05,1.392634479483615,0.24239748193980412,0.6154718959963796,65
chr14,1689834,-7.268907563025215e-05,1.9349818732020072,0.16881682869716952,0.7725842624140209,69
chr14,1689868,-7.189542483660131e-05,1.9473836026774662,0.16740960924035195,0.7762196173087879,70
chr14,1690062,-6.958128078817741e-05,1.5717521255621416,0.21525567380320382,0.667045392399522,57
chr14,1707150,-6.305418719211829e-05,1.331096947333154,0.25303835773084665,0.5968136397405536,64
chr14,1727371,9.285714285714294e-05,3.0674157303371836,0.08474333484182252,1.0718944495289853,65
chr14,1739680,-7.410714285714292e-05,2.2480182337555537,0.13862717068199762,0.8581516404255949,67
chr14,1799142,-7.189542483660131e-05,1.9473836026774662,0.16740960924035195,0.7762196173087879,70
chr14,1799144,-7.189542483660131e-05,1.9473836026774662,0.16740960924035195,0.7762196173087879,70
chr14,1804621,-6.0035842293906874e-05,1.3273392258458372,0.253498947390794,0.5960238396573468,67
chr14,1811653,-7.189542483660131e-05,1.9473836026774662,0.16740960924035195,0.7762196173087879,70
chr14,1816831,-7.323232323232329e-05,1.9614648240330872,0.16597103048420483,0.7799677095430463,69
chr14,1825206,-8.957219251336902e-05,3.047585724282738,0.08558238879177113,1.0676155955734474,67
chr14,1836116,7.142857142857149e-05,1.9230769230768163,0.17004730974227203,0.76943023449473,70
chr14,1866532,-7.196969696969706e-05,1.892517148744076,0.17350002144264945,0.7607004671991954,69
chr14,1893223,-9.12442396313365e-05,3.0593915982617,0.08506592074247321,1.070244392885837,66
chr14,1936611,-7.226890756302524e-05,1.912040252504195,0.171328281762757,0.7661709405973561,69
chr14,1977400,-7.575757575757583e-05,1.9230769230769444,0.17032930330473692,0.7687106299658878,66
chr14,1998552,-7.189542483660132e-05,1.9473836026774662,0.16740960924035195,0.7762196173087879,70
chr14,1999102,-7.323232323232326e-05,1.9614648240330872,0.16597103048420483,0.7799677095430463,69
chr14,1999263,7.189542483660131e-05,1.9473836026774662,0.16740960924035195,0.7762196173087879,70
chr14,2021760,7.402597402597417e-05,1.9481720612461804,0.16746194223598274,0.7760838761190167,68
chr14,2055238,-7.189542483660132e-05,1.9473836026774662,0.16740960924035195,0.7762196173087879,70
chr14,2120375,-7.189542483660132e-05,1.9473836026774662,0.16740960924035195,0.7762196173087879,70
chr14,2128371,-5.9027777777777854e-05,1.3246753246753942,0.2539074505729519,0.5953245551513061,68
chr14,2145756,-7.323232323232326e-05,1.9614648240330872,0.16597103048420483,0.7799677095430463,69
chr14,2145794,-7.323232323232326e-05,1.9614648240330872,0.16597103048420483,0.7799677095430463,69
chr14,2146770,-7.544642857142863e-05,1.962770619524018,0.16597363021518483,0.7799609069102418,67
chr14,2160607,5.902777777777784e-05,1.3246753246753942,0.2539074505729519,0.5953245551513061,68
chr14,2165320,7.226890756302525e-05,1.912040252504195,0.171328281762757,0.7661709405973561,69
chr14,2332308,6.256109481915939e-05,1.320465890182997,0.25492223350730725,0.5935922850939077,64
chr14,2384075,-4.327731092436977e-05,0.6733441893995492,0.4147980925246666,0.38216324940912105,69
chr14,2386371,-4.595588235294118e-05,0.6938301156961657,0.4079624243839386,0.3893798360135921,66
chr14,2386381,-4.327731092436976e-05,0.6733441893995492,0.4147980925246666,0.38216324940912105,69
chr14,2386395,-4.4117647058823566e-05,0.6796338672769756,0.41268230228089686,0.38438415527221437,68
chr14,2386398,-4.500891265597156e-05,0.686446038517938,0.41040783198464703,0.38678435999356153,67
chr14,2386401,-4.500891265597156e-05,0.686446038517938,0.41040783198464703,0.38678435999356153,67
chr14,2395697,-4.3277310924369746e-05,0.6733441893995493,0.4147980925246666,0.38216324940912105,69
chr14,2396733,-3.3482142857142866e-05,0.3254769921436154,0.5705383114345388,0.2437151875543225,60
chr14,2407051,4.4117647058823566e-05,0.6796338672769756,0.41268230228089686,0.38438415527221437,68
chr14,2420473,4.3277310924369746e-05,0.6733441893995493,0.4147980925246666,0.38216324940912105,69
chr14,2420479,-4.3277310924369746e-05,0.6733441893995493,0.4147980925246666,0.38216324940912105,69
chr14,2453837,-4.327731092436977e-05,0.6733441893995492,0.4147980925246666,0.38216324940912105,69
chr14,2459756,1.0416666666666676e-06,0.00040584690102331836,0.9839940359523787,0.007007533845915876,62
chr14,2528102,4.419642857142861e-05,0.6604454286186144,0.4193693545867849,0.37740330877798434,67
chr14,2528109,4.419642857142861e-05,0.6604454286186144,0.4193693545867849,0.37740330877798434,67
chr14,2530068,3.125000000000003e-05,0.3246073298430041,0.570910578810156,0.2434319095659044,64
chr14,2538653,-4.7916666666666736e-05,0.6644198363023079,0.4182277713811231,0.3785871323095265,62
chr14,2540563,-4.592803030303032e-05,0.6721819346718353,0.4153830236451672,0.3815512566884581,65
chr14,2547936,4.265202702702704e-05,0.6505102016536239,0.4227840496677988,0.3738814056406938,69
chr14,2548014,4.3402777777777786e-05,0.6552715604200033,0.42114306806462576,0.37557034331877587,68
chr14,2550678,3.0776515151515174e-05,0.3248195446973847,0.5707524534569539,0.24355221295988827,65
chr14,2555270,-3.0776515151515174e-05,0.3248195446973848,0.5707524534569539,0.24355221295988827,65
chr14,2570906,-4.292929292929295e-05,0.6613272311212675,0.41897229690844595,0.3778146923023176,69
chr14,2570982,-4.292929292929295e-05,0.6613272311212675,0.41897229690844595,0.3778146923023176,69
chr14,2621255,-4.372294372294377e-05,0.6668218337981522,0.41709960567728843,0.37976022073258786,68
chr14,2719460,4.456327985739752e-05,0.6727803423934738,0.41508174806813536,0.38186636295385024,67
chr14,2719546,4.456327985739752e-05,0.6727803423934738,0.41508174806813536,0.38186636295385024,67
chr14,2740559,4.456327985739752e-05,0.6727803423934738,0.41508174806813536,0.38186636295385024,67
chr14,2740561,4.372294372294378e-05,0.6668218337981523,0.41709960567728843,0.37976022073258786,68
chr14,2744575,3.083491461100572e-05,0.32543908447905245,0.5703862766818857,0.24383093202194697,65
chr14,2744613,3.0330882352941223e-05,0.32517321016169565,0.5705117578259874,0.24373540066500232,66
chr14,2744952,4.419642857142858e-05,0.6604454286186144,0.4193693545867849,0.37740330877798434,67
chr14,2744959,4.419642857142858e-05,0.6604454286186144,0.4193693545867849,0.37740330877798434,67
chr14,2745094,4.372294372294376e-05,0.6668218337981525,0.41709960567728843,0.37976022073258786,68
chr14,2745143,4.372294372294376e-05,0.6668218337981525,0.41709960567728843,0.37976022073258786,68
chr14,2745848,4.340277777777778e-05,0.6552715604200032,0.42114306806462576,0.37557034331877587,68
chr14,2746000,4.217854217854223e-05,0.6562586420202247,0.42070985440617026,0.3760173152611132,70
chr14,2791579,4.2929292929292966e-05,0.6613272311212677,0.41897229690844595,0.3778146923023176,69
chr14,2800131,4.292929292929295e-05,0.6613272311212676,0.41897229690844595,0.3778146923023176,69
chr14,2818951,4.456327985739751e-05,0.6727803423934738,0.41508174806813536,0.38186636295385024,67
chr14,2833293,1.5625000000000017e-05,0.09112426035504981,0.7637469924431217,0.11705048695289576,65
chr14,2849367,4.327731092436975e-05,0.6733441893995492,0.4147980925246666,0.38216324940912105,69
chr14,2849409,4.248366013071895e-05,0.6675331276094084,0.4167663318422864,0.380107372447746,70
chr14,2862003,4.523809523809529e-05,0.6481887878701351,0.42378912085505815,0.3728501963115395,65
chr14,2862072,4.523809523809529e-05,0.6481887878701351,0.42378912085505815,0.3728501963115395,65
chr14,2866808,4.292929292929295e-05,0.6613272311212676,0.41897229690844595,0.3778146923023176,69
chr14,2866834,4.292929292929295e-05,0.6613272311212676,0.41897229690844595,0.3778146923023176,69
chr14,2878110,4.372294372294377e-05,0.6668218337981523,0.41709960567728843,0.37976022073258786,68
chr14,2878936,2.9437229437229452e-05,0.3254060324826069,0.5703138093368324,0.2438861124650852,68
chr14,2879051,2.9437229437229452e-05,0.3254060324826069,0.5703138093368324,0.2438861124650852,68
chr14,2892602,4.292929292929295e-05,0.6613272311212677,0.41897229690844595,0.3778146923023176,69
chr14,3009072,-7.179487179487189e-05,1.8537549407114924,0.1779084253125789,0.7498034842931538,69
chr14,3010058,-7.387387387387391e-05,1.8621991384783547,0.1770768968379707,0.7518380973660742,67
chr14,3014910,7.614942528735639e-05,1.8609495767391522,0.1773690009431453,0.7511222801960505,65
chr14,3014961,7.392473118279582e-05,1.8752086214295234,0.1755926139195472,0.7554937560919164,67
chr14,3019650,7.500000000000009e-05,1.8676594211601854,0.17652541291602,0.7531927639604215,66
chr14,3020637,7.17948717948719e-05,1.8537549407114924,0.1779084253125789,0.7498034842931538,69
chr14,3041917,5.238095238095242e-05,0.8223675227938361,0.3683745694098114,0.4337103587851869,58
chr14,3045460,-7.279860505666963e-05,1.8688715337005095,0.17624271055136911,0.7538888365083886,68
chr14,3045469,-7.279860505666963e-05,1.8688715337005095,0.17624271055136911,0.7538888365083886,68
chr14,3062013,-7.173174872665544e-05,1.8634109337859535,0.1767980613105213,0.7525225015783699,69
chr14,3062193,-7.173174872665544e-05,1.8634109337859535,0.1767980613105213,0.7525225015783699,69
chr14,3084994,-8.680555555555556e-05,2.948323922521594,0.09065633022039798,1.0426018652165372,68
chr14,3086836,7.410714285714293e-05,1.8916949360190376,0.17373260922477085,0.7601186577923637,67
chr14,3094549,0.00010101010101010112,3.8329519450801337,0.0544209060745002,1.2642342317609685,69
chr14,3095001,0.00010721062618595836,3.8375527728087517,0.05454596769832354,1.263237349037045,65
chr14,3115623,8.957219251336914e-05,3.047585724282739,0.08558238879177113,1.0676155955734474,67
chr14,3117533,0.00010101010101010112,3.8329519450801337,0.0544209060745002,1.2642342317609685,69
chr14,3120226,-0.00010243055555555564,3.823046842499477,0.05478870189943973,1.2613089891179228,68
chr14,3120412,-0.0001088235294117648,3.8274711399711796,0.054927116814973136,1.2602131969773722,64
chr14,3127682,0.00010401785714285724,3.8351731475876902,0.05448174673969971,1.2637489769533468,67
chr14,3240803,-0.00010394265232974925,3.8148241841638733,0.0551083393930156,1.2587826755888616,67
chr14,3242818,9.950657894736854e-05,3.8043829649018823,0.05524165491975637,1.2577333193810167,70
chr14,3249281,-0.00010886699507389173,3.8107859817975935,0.05544324242842783,1.2561513792693169,64
chr14,3259476,0.00010401785714285722,3.8351731475876907,0.05448174673969971,1.2637489769533468,67
chr14,3259544,0.00010243055555555564,3.823046842499476,0.05478870189943973,1.2613089891179228,68
chr14,3262822,0.00010555555555555566,3.808456276271148,0.055373732030045045,1.2566962053044834,66
chr14,3303583,0.0001081871345029241,3.8019396076703553,0.055646829600000905,1.254559573942883,65
chr14,3303683,-0.00010357142857142862,3.7987886253977945,0.05554188971963127,1.2553793481931312,68
chr14,3303691,0.00010357142857142862,3.7987886253977945,0.05554188971963127,1.2553793481931312,68
chr14,3303737,-0.00010555555555555568,3.8067813108371897,0.05535815261035595,1.2568184114074292,67
chr14,3374800,-9.716599190283409e-05,3.1659574468084983,0.0800898170742368,1.096422698267777,64
chr14,3375176,0.00010555555555555565,3.8067813108371897,0.05535815261035595,1.2568184114074292,67
chr14,3408909,-8.922413793103453e-05,3.12858109632296,0.08148218441844171,1.0889373367145967,69
chr14,3425644,-9.722222222222233e-05,3.116788321167784,0.08249414756257302,1.0835768608008165,63
chr14,3430545,-0.00010485347985347992,3.7975365391448728,0.05564681756181695,1.2545596678946402,67
chr14,3430573,-0.00010357142857142862,3.7987886253977945,0.05554188971963127,1.2553793481931312,68
chr14,3434920,-9.119782214156091e-05,3.1055383884002863,0.08272789630306042,1.0823480192552273,67
chr14,3478786,8.947368421052639e-05,3.090909090909211,0.08336706287928296,1.0790054989442497,68
chr14,3539410,0.00010128205128205142,3.793095002675841,0.055656476200488615,1.2544842937822211,69
chr14,3562388,9.119782214156091e-05,3.1055383884002863,0.08272789630306042,1.0823480192552273,67
chr14,3562400,9.119782214156091e-05,3.1055383884002863,0.08272789630306042,1.0823480192552273,67
chr14,3562419,9.119782214156091e-05,3.1055383884002863,0.08272789630306042,1.0823480192552273,67
chr14,3562431,9.119782214156091e-05,3.1055383884002863,0.08272789630306042,1.0823480192552273,67
chr14,3562445,9.119782214156091e-05,3.1055383884002863,0.08272789630306042,1.0823480192552273,67
chr14,3570217,0.00010263157894736852,3.79665162250066,0.05560877786296356,1.2548566494870892,68
chr14,3627340,-0.00010000000000000006,3.7909407665504684,0.055662167560620666,1.2544398856540133,70
chr14,3627526,0.00010172413793103456,3.7936043201744436,0.05564049658326377,1.2546090026481997,69
chr14,3646403,8.44827586206897e-05,2.805542475453083,0.09860084747206924,1.0061193522914305,69
chr14,3646488,0.00010000000000000007,3.7909407665504684,0.055662167560620666,1.2544398856540133,70
chr14,3663387,-0.00010050462573591268,3.7943771491090703,0.055554337632925235,1.255282026075068,70
chr14,3663444,-0.00010050462573591268,3.7943771491090703,0.055554337632925235,1.255282026075068,70
chr14,3663579,-9.107142857142861e-05,3.1487371375115436,0.08059756237327517,1.0936780929820615,68
chr14,3663738,-0.00010235191637630676,3.801252949763754,0.055401122181493484,1.2564814382987466,69
chr14,3729965,-0.00010357142857142862,3.7987886253977945,0.05554188971963127,1.2553793481931312,68
chr14,3774601,-0.00010263157894736852,3.7966516225006597,0.05560877786296356,1.2548566494870892,68
chr14,3774631,-0.00010263157894736852,3.7966516225006597,0.05560877786296356,1.2548566494870892,68
chr14,3777134,-0.00010172413793103456,3.7936043201744436,0.05564049658326377,1.2546090026481997,69
chr14,3912052,4.177005789909023e-05,0.6371057513915139,0.4275395927452559,0.3690236607847273,70
chr14,3912185,4.2307692307692375e-05,0.6323110121239911,0.4293169160868888,0.36722199896884106,69
chr14,3944806,4.315605928509153e-05,0.6449312063809074,0.42481343876775257,0.37180175301330587,68
chr14,3961327,3.055555555555558e-05,0.32759422987441145,0.5690843407347166,0.24482336453412606,66
chr14,3966985,4.426840633737189e-05,0.6343516346416215,0.4287082062169866,0.36783820326183153,66
chr14,4009146,-4.3402777777777807e-05,0.6552715604200032,0.42114306806462576,0.37557034331877587,68
chr14,4009334,4.3402777777777807e-05,0.6552715604200032,0.42114306806462576,0.37557034331877587,68
chr14,4013963,4.244482173174876e-05,0.6408490580475026,0.42623306807446937,0.37035285981851956,69
chr14,4013967,4.244482173174876e-05,0.6408490580475026,0.42623306807446937,0.37035285981851956,69
chr14,4014044,4.244482173174876e-05,0.6408490580475026,0.42623306807446937,0.37035285981851956,69
chr14,4190909,-4.265202702702703e-05,0.6505102016536239,0.4227840496677988,0.3738814056406938,69
chr14,4194893,-4.194078947368428e-05,0.6461285549893396,0.4243013477510773,0.3723255887379181,70
chr14,4195221,-1.4705882352941182e-05,0.07527979914038684,0.7847260834552319,0.10528191166704065,63
chr14,4211450,6.197478991596646e-05,1.2098077491180586,0.2757637860927246,0.5594627669228145,62
chr14,4211454,6.197478991596646e-05,1.2098077491180586,0.2757637860927246,0.5594627669228145,62
chr14,4352173,4.4196428571428585e-05,0.6604454286186145,0.4193693545867849,0.37740330877798434,67
chr14,4353879,4.4196428571428585e-05,0.6604454286186145,0.4193693545867849,0.37740330877798434,67
chr14,4372075,-4.3697478991596676e-05,0.6866169425746904,0.410259654834671,0.38694118969697155,69
chr14,4374383,4.2483660130718934e-05,0.6675331276094084,0.4167663318422864,0.380107372447746,70
chr14,4374443,4.2483660130718934e-05,0.6675331276094084,0.4167663318422864,0.380107372447746,70
chr14,4400090,-4.687500000000004e-05,0.6788321167883713,0.4131474460526029,0.38389492757095184,64
chr14,4410443,4.327731092436976e-05,0.6733441893995491,0.4147980925246666,0.38216324940912105,69
chr14,4424785,4.2483660130718934e-05,0.6675331276094084,0.4167663318422864,0.380107372447746,70
chr14,4534882,4.327731092436976e-05,0.6733441893995491,0.4147980925246666,0.38216324940912105,69
chr14,4576401,-4.217854217854222e-05,0.6562586420202247,0.42070985440617026,0.3760173152611132,70
chr14,4588922,2.9437229437229445e-05,0.32540603248260697,0.5703138093368324,0.2438861124650852,68
chr14,4588953,-2.943722943722946e-05,0.32540603248260697,0.5703138093368324,0.2438861124650852,68
chr14,4747803,4.643206256109483e-05,0.665269270278478,0.41782832990995966,0.3790021169970398,64
chr14,4749271,-4.340277777777778e-05,0.6552715604200033,0.42114306806462576,0.37557034331877587,68
chr14,4752713,1.4285714285714313e-05,0.07828282828285436,0.7805403966094449,0.10760461525298062,66
chr14,4791370,-4.2483660130718954e-05,0.6675331276094084,0.4167663318422864,0.380107372447746,70
chr14,4921364,-3.03308823529412e-05,0.32517321016162115,0.5705117578260298,0.24373540066497004,66
chr14,4971793,3.095238095238098e-05,0.3266852812126159,0.5696511172823722,0.24439104648218155,65
chr14,4971808,3.095238095238098e-05,0.3266852812126159,0.5696511172823722,0.24439104648218155,65
chr14,4980233,-4.41964285714286e-05,0.6604454286186145,0.4193693545867849,0.37740330877798434,67
chr14,5048850,4.3402777777777807e-05,0.6552715604200032,0.42114306806462576,0.37557034331877587,68
chr14,5048880,4.3402777777777807e-05,0.6552715604200032,0.42114306806462576,0.37557034331877587,68
chr14,5116739,2.8571428571428598e-05,0.298507462686594,0.5866901990839675,0.23159116680208242,67
chr14,5126322,-2.9857397504456403e-05,0.32507277748752483,0.5705404939110004,0.24371352625366616,67
chr14,5126429,-3.033088235294121e-05,0.32517321016169565,0.5705117578259874,0.24373540066500232,66
chr14,5151605,-4.458874458874464e-05,0.6937724422743669,0.4078882519882515,0.38945880306768205,68
chr14,5151623,-4.458874458874464e-05,0.6937724422743669,0.4078882519882515,0.38945880306768205,68
chr14,5155168,-4.4117647058823566e-05,0.6796338672769756,0.41268230228089686,0.38438415527221437,68
chr14,5164352,4.5138888888888955e-05,0.7093163751986431,0.40271243551786184,0.3950049594330419,68
chr14,5179628,-4.458874458874464e-05,0.6937724422743669,0.4078882519882515,0.38945880306768205,68
chr14,5224628,4.458874458874465e-05,0.6937724422743669,0.4078882519882515,0.38945880306768205,68
chr14,5224651,-4.369747899159669e-05,0.6866169425746904,0.410259654834671,0.38694118969697155,69
chr14,5266612,-3.137254901960787e-05,0.3258869908016063,0.5701544961058924,0.2440074465823268,64
chr14,5271085,-4.614695340501795e-05,0.7180850786880671,0.39988222918696736,0.3980678955352097,67
chr14,5295247,-3.2258064516129054e-05,0.35819397993310537,0.5516567794893557,0.25833104026658427,65
chr14,5295344,-4.696394686907026e-05,0.7018419482254894,0.4053325465398532,0.3921885227937978,65
chr14,5309446,-3.137254901960787e-05,0.32588699080160644,0.5701544961058924,0.2440074465823268,64
chr14,5451750,-7.107843137254908e-05,1.9021453517380036,0.17235777560789783,0.7635691194075804,70
chr14,5490467,-7.44206773618539e-05,1.9117143034913169,0.1715050077033851,0.7657231946521376,67
chr14,5543486,-7.402597402597413e-05,1.9481720612461804,0.16746194223598274,0.7760838761190167,68
chr14,5543524,-7.402597402597413e-05,1.9481720612461804,0.16746194223598274,0.7760838761190167,68
chr14,5562202,-7.268907563025216e-05,1.934981873202007,0.16881682869716952,0.7725842624140209,69
chr14,5682661,4.390681003584235e-05,0.6493806407049729,0.42327254161522276,0.3733799040083435,67
chr14,5710610,-1.562499999999999e-05,0.09773233563715199,0.7556704044783703,0.12166758641451796,61
chr14,5756486,-4.4196428571428585e-05,0.6604454286186145,0.4193693545867849,0.37740330877798434,67
chr14,5758103,-4.327731092436976e-05,0.6733441893995492,0.4147980925246666,0.38216324940912105,69
chr14,5766807,4.2652027027027044e-05,0.6505102016536239,0.4227840496677988,0.3738814056406938,69
chr14,5766836,4.2652027027027044e-05,0.6505102016536239,0.4227840496677988,0.3738814056406938,69
chr14,5773922,4.34027777777778e-05,0.6552715604200032,0.42114306806462576,0.37557034331877587,68
chr14,5773983,4.34027777777778e-05,0.6552715604200032,0.42114306806462576,0.37557034331877587,68
chr14,5774183,4.34027777777778e-05,0.6552715604200032,0.42114306806462576,0.37557034331877587,68
chr14,5777564,6.0035842293906874e-05,1.3273392258458372,0.253498947390794,0.5960238396573468,67
chr14,5796478,-4.28571428571429e-05,0.680000000000006,0.41247001541874784,0.3846076170813091,70
chr14,5856822,-2.7777777777777803e-05,0.27187765505525535,0.6038747366493713,0.21905313890182174,66
chr14,5918024,-4.501915708812262e-05,0.6381611830792564,0.42737886395114033,0.3691869597020522,65
chr14,5920662,-6.335282651072131e-05,1.3591105210752898,0.24808641748835938,0.6053970123151761,65
chr14,5934004,3.0180180180180203e-05,0.328604844186239,0.5684597415506272,0.24530028672208498,67
chr14,5934183,4.177005789909022e-05,0.6371057513915138,0.4275395927452559,0.3690236607847273,70
chr14,5936228,-4.355716878402908e-05,0.6308845274052807,0.4299214755322712,0.36661086036749496,67
chr14,6021231,-1.7241379310344842e-05,0.10067271589490773,0.7520254149244502,0.12376748204807085,68
chr14,6021334,1.7241379310344842e-05,0.10067271589490773,0.7520254149244502,0.12376748204807085,68
chr14,6021335,1.7241379310344842e-05,0.10067271589490773,0.7520254149244502,0.12376748204807085,68
chr14,6046669,-1.6129032258064534e-05,0.09178743961352527,0.7628556601698584,0.11755762708021775,69
chr14,6048204,0.0,0.0,1.0,-0.0,64
chr14,6134383,1.6129032258064568e-05,0.08933274802462016,0.7659662383685103,0.11579037242143247,68
chr14,6134408,-1.612903225806456e-05,0.08933274802462016,0.7659662383685103,0.11579037242143247,68
chr14,6139037,-3.0555555555555574e-05,0.32759422987441145,0.5690843407347166,0.24482336453412606,66
chr14,6139077,-3.0555555555555574e-05,0.32759422987441145,0.5690843407347166,0.24482336453412606,66
chr14,6139303,-1.6129032258064557e-05,0.08933274802462014,0.7659662383685103,0.11579037242143247,68
chr14,6304136,1.7037462710486528e-20,0.0,1.0,-0.0,68
chr15,26311,7.29442970822282e-05,1.8496615361810695,0.17845041734671493,0.7484824320111317,68
chr15,107533,-5.5702917771883356e-05,1.1610201042442578,0.28517671095771935,0.5448859441621561,68
chr15,113110,-7.17948717948719e-05,1.8537549407114917,0.1779084253125789,0.7498034842931538,69
chr15,259827,-4.2307692307692375e-05,0.6323110121239911,0.4293169160868888,0.36722199896884106,69
chr15,259837,-4.2307692307692375e-05,0.6323110121239911,0.4293169160868888,0.36722199896884106,69
chr15,259976,-7.158119658119668e-05,1.92860978840716,0.17004442902157302,0.7694375918101889,62
chr15,335573,-4.1666666666666706e-05,0.6291635825314233,0.4304212879840553,0.366106257264125,70
chr15,335705,-4.230769230769238e-05,0.6323110121239911,0.4293169160868888,0.36722199896884106,69
chr15,336180,-6.203007518796997e-05,1.3512476007676713,0.24937650738666559,0.6031444618153624,66
chr15,382498,3.2392894461860025e-05,0.32568727018038096,0.5703409317898607,0.24386545918366115,62
chr15,392382,4.1770057899090194e-05,0.6371057513915139,0.4275395927452559,0.3690236607847273,70
chr15,392387,4.1770057899090194e-05,0.6371057513915139,0.4275395927452559,0.3690236607847273,70
chr15,392454,4.1770057899090194e-05,0.6371057513915139,0.4275395927452559,0.3690236607847273,70
chr15,417188,4.4268406337371896e-05,0.6343516346416214,0.4287082062169866,0.36783820326183153,66
chr15,417203,4.4268406337371896e-05,0.6343516346416214,0.4287082062169866,0.36783820326183153,66
chr15,452667,3.113026819923374e-05,0.32857257482148544,0.5685413039005875,0.24523797881353676,65
chr15,469038,4.1770057899090194e-05,0.6371057513915139,0.4275395927452559,0.3690236607847273,70
chr15,646387,-1.5625000000000034e-05,0.08657237646239048,0.7694904001068018,0.11379679390482132,69
chr15,670901,1.562500000000004e-05,0.08657237646239048,0.7694904001068018,0.11379679390482132,69
chr15,684956,-1.5151515151515168e-05,0.08167411621293746,0.7759231117245666,0.11018131199973372,69
chr15,754387,4.513888888888892e-05,0.7093163751986432,0.40271243551786184,0.3950049594330419,68
chr15,791912,4.507857733664185e-05,0.7431772606015641,0.3916749940887906,0.4070741544565097,70
chr15,791945,4.507857733664185e-05,0.7431772606015641,0.3916749940887906,0.4070741544565097,70
chr15,810883,-3.1015037593984986e-05,0.33254605573927043,0.5661865093614331,0.24704048286863234,66
chr15,829899,-3.0357142857142922e-05,0.33562668262035916,0.564336755676317,0.24846166288332097,68
chr15,830378,-4.730327144120248e-05,0.7654129154073185,0.38481253133891113,0.4147507936957489,68
chr15,844018,4.837164750957861e-05,0.7379000729101646,0.3935911352120828,0.4049546916731936,65
chr15,845384,-3.511904761904766e-05,0.3355952499750537,0.5646654020830653,0.2482088213382476,59
chr15,845408,-3.511904761904766e-05,0.3355952499750537,0.5646654020830653,0.2482088213382476,59
chr15,884946,4.853479853479854e-05,0.777947260556989,0.38101981144741204,0.419052442228319,67
chr15,885032,4.853479853479854e-05,0.777947260556989,0.38101981144741204,0.419052442228319,67
chr15,901289,4.667788057190925e-05,0.7841307277627951,0.3790014961107274,0.42135907564841635,70
chr15,984604,3.0399274047186946e-05,0.33100250817058097,0.5670557407246355,0.24637424851575657,67
chr15,984623,3.0399274047186946e-05,0.33100250817058097,0.5670557407246355,0.24637424851575657,67
chr15,1038711,1.3888888888888873e-05,0.07115871470302639,0.7905283273483421,0.10208256318825482,65
chr15,1071700,4.5138888888888955e-05,0.7093163751986431,0.40271243551786184,0.3950049594330419,68
chr15,1120728,-3.125000000000003e-05,0.3246073298430041,0.570910578810156,0.2434319095659044,64
chr15,1125308,1.6666666666666718e-05,0.07960859109380435,0.7787995139741326,0.10857432818233226,62
chr15,1328591,1.9930186994219398e-22,0.0,1.0,-0.0,66
chr15,1339964,1.5151515151515192e-05,0.07706793137119644,0.7821919681519421,0.10668664786381649,67
chr15,1358730,-1.724137931034487e-05,0.10972423802612331,0.7415576242948991,0.12985509555815147,65
chr15,1358736,-1.724137931034487e-05,0.10972423802612331,0.7415576242948991,0.12985509555815147,65
chr15,1363165,-1.5151515151515143e-05,0.08167411621293746,0.7759231117245666,0.11018131199973372,69
chr15,1363186,1.5151515151515143e-05,0.08167411621293746,0.7759231117245666,0.11018131199973372,69
chr15,1434422,1.5151515151515143e-05,0.08167411621293746,0.7759231117245666,0.11018131199973372,69
chr15,1439302,1.6129032258064578e-05,0.08933274802462013,0.7659662383685103,0.11579037242143247,68
chr15,1439407,1.6129032258064578e-05,0.08933274802462013,0.7659662383685103,0.11579037242143247,68
chr15,1439442,-1.562500000000004e-05,0.08657237646239048,0.7694904001068018,0.11379679390482132,69
chr15,1453496,-2.737884273952244e-22,0.0,1.0,-0.0,69
chr15,1453624,-2.737884273952244e-22,0.0,1.0,-0.0,69
chr15,1525860,-1.6129032258064513e-05,0.08687903764758177,0.7691223111613268,0.11400459018747049,67
chr15,1590556,-1.5151515151515187e-05,0.08167411621293745,0.7759231117245666,0.11018131199973372,69
chr15,1629677,1.4705882352941207e-05,0.07930029154518727,0.7791030841146338,0.10840507647337351,70
chr15,1653041,1.5151515151515166e-05,0.0793705332600484,0.7790337428019035,0.10844373103693475,68
chr15,1654944,-1.4705882352941206e-05,0.07706464228203144,0.782170249976375,0.10669870655929907,69
chr15,1678710,-1.562499999999998e-05,0.07944505293904651,0.7789602926124596,0.10848467986121622,66
chr15,1689015,1.5625000000000027e-05,0.08419560595324335,0.7725999017457906,0.11204535142193063,68
chr15,1689226,1.5151515151515143e-05,0.08167411621293748,0.7759231117245666,0.11018131199973372,69
chr15,1757649,1.4705882352941177e-05,0.07259620266016649,0.7884470398675569,0.10322747299548488,67
chr15,1790713,-1.315789473684211e-05,0.06305418719213049,0.802489464035981,0.09556066078112438,70
chr15,1801455,-1.3157894736842108e-05,0.06105770644090907,0.8055875373194845,0.0938872610681967,69
chr15,1805395,1.2820512820512837e-05,0.05951439864485735,0.8079996477031648,0.09258882858259809,70
chr15,1843499,3.205128205128208e-05,0.3383458646616072,0.5628612066193178,0.24959868264507326,65
chr15,1843581,1.2820512820512849e-05,0.05757002921463369,0.8111112409658021,0.09091957979057566,69
chr15,1889821,1.282051282051282e-05,0.05562659846549552,0.8142771625958192,0.08922774535907112,68
chr15,1890434,1.3513513513513513e-05,0.06063432835820137,0.8062721061705144,0.09351836481403282,67
chr15,1890485,1.3513513513513513e-05,0.06063432835820137,0.8062721061705144,0.09351836481403282,67
chr15,1912480,1.470588235294118e-05,0.0681318681318984,0.7949278272961905,0.0996722998087618,65
chr15,1912747,-1.428571428571432e-05,0.06404608607253912,0.8010355671013085,0.09634820020427012,65
chr15,1913501,-1.315789473684211e-05,0.06305418719213049,0.802489464035981,0.09556066078112438,70
chr15,1993928,4.17700578990902e-05,0.6371057513915139,0.4275395927452559,0.3690236607847273,70
chr15,2008288,4.355716878402907e-05,0.6308845274052804,0.4299214755322712,0.36661086036749496,67
chr15,2008335,-4.355716878402907e-05,0.6308845274052804,0.4299214755322712,0.36661086036749496,67
chr15,2008440,4.17700578990902e-05,0.6371057513915139,0.4275395927452559,0.3690236607847273,70
chr15,2016006,-3.0180180180180203e-05,0.328604844186239,0.5684597415506272,0.24530028672208498,67
chr15,2027025,-4.355716878402906e-05,0.6308845274052804,0.4299214755322712,0.36661086036749496,67
chr15,2029368,6.97940503432495e-05,1.405310425614951,0.24058913358401932,0.6187239918385298,61
chr15,2029380,6.97940503432495e-05,1.405310425614951,0.24058913358401932,0.6187239918385298,61
chr15,2035650,-3.018018018018019e-05,0.328604844186239,0.5684597415506272,0.24530028672208498,67
chr15,2035719,-3.018018018018019e-05,0.328604844186239,0.5684597415506272,0.24530028672208498,67
chr15,2056253,4.230769230769237e-05,0.6323110121239912,0.4293169160868888,0.36722199896884106,69
chr15,2064976,4.3156059285091564e-05,0.6449312063809073,0.42481343876775257,0.37180175301330587,68
chr15,2069933,4.298245614035094e-05,0.6357611111557093,0.42810923266332623,0.36844540600942166,68
chr15,2070160,-6.13553113553114e-05,1.3571205983172638,0.2482947188038464,0.6050325177339553,67
chr15,2100343,6.703296703296712e-05,1.3484451105283712,0.2502267514467486,0.6016662622499127,61
chr15,2125343,-4.230769230769237e-05,0.6323110121239912,0.4293169160868888,0.36722199896884106,69
chr15,2148129,4.230769230769237e-05,0.6323110121239912,0.4293169160868888,0.36722199896884106,69
chr15,2155411,6.560846560846564e-05,1.341507392715513,0.25135784725335913,0.5997075517900607,62
chr15,2155672,4.501915708812264e-05,0.6381611830792563,0.42737886395114033,0.3691869597020522,65
chr15,2231057,-5.964912280701759e-05,1.338902147971309,0.25139842008265334,0.5996374559720243,68
chr15,2370479,4.2882404951370505e-05,0.6277333451940491,0.43102661343215043,0.36549591380702295,68
chr15,2370517,4.2882404951370505e-05,0.6277333451940491,0.43102661343215043,0.36549591380702295,68
chr15,2394650,4.2982456140350944e-05,0.6357611111557094,0.42810923266332623,0.36844540600942166,68
chr15,2394812,-4.244482173174877e-05,0.6408490580475028,0.42623306807446937,0.37035285981851956,69
chr15,2394831,-4.244482173174877e-05,0.6408490580475028,0.42623306807446937,0.37035285981851956,69
chr15,2396301,-4.444444444444448e-05,0.6436709358057584,0.42535377776129146,0.37124970567417953,66
chr15,2421241,5.928509154315611e-05,1.3305662614882037,0.25286474799018505,0.5971117116617617,68
chr15,2421621,-4.3156059285091544e-05,0.6449312063809073,0.42481343876775257,0.37180175301330587,68
chr15,2446441,5.902777777777781e-05,1.3246753246753942,0.2539074505729519,0.5953245551513061,68
chr15,2446505,5.902777777777781e-05,1.3246753246753942,0.2539074505729519,0.5953245551513061,68
chr15,2558839,6.155303030303035e-05,1.319690621978708,0.2549905582461602,0.593475900262153,65
chr15,2558841,6.155303030303035e-05,1.319690621978708,0.2549905582461602,0.593475900262153,65
chr15,2558966,7.226890756302525e-05,1.912040252504195,0.171328281762757,0.7661709405973561,69
chr15,2581664,4.8491379310344887e-05,0.7787700029332167,0.3810990166767452,0.4189621718061966,61
chr15,2583138,-5.971479500891268e-05,1.3200969990905926,0.2547850729435387,0.5938260195397881,67
chr15,2608692,-7.142857142857149e-05,1.9230769230768163,0.17004730974227203,0.76943023449473,70
chr15,2608770,-7.226890756302525e-05,1.912040252504195,0.171328281762757,0.7661709405973561,69
chr15,2623328,-5.798319327731095e-05,1.3204798628963554,0.2545916830611561,0.5941557878765644,69
chr15,2628653,-7.226890756302525e-05,1.912040252504195,0.171328281762757,0.7661709405973561,69
chr15,2636867,-5.9821428571428605e-05,1.3225022775585145,0.25435702203149396,0.5945562683041671,67
chr15,2646528,-5.887445887445892e-05,1.321165734471627,0.2545312111607822,0.5942589559448801,68
chr15,2666936,-7.27986050566696e-05,1.8688715337005095,0.17624271055136911,0.7538888365083886,68
chr15,2689215,-7.196969696969707e-05,1.892517148744076,0.17350002144264945,0.7607004671991954,69
chr15,2721929,-5.982142857142862e-05,1.3225022775585145,0.25435702203149396,0.5945562683041671,67
chr15,2738448,7.226890756302525e-05,1.912040252504195,0.171328281762757,0.7661709405973561,69
chr15,2738521,7.226890756302525e-05,1.912040252504195,0.171328281762757,0.7661709405973561,69
chr15,2768570,-7.142857142857149e-05,1.9230769230768163,0.17004730974227203,0.76943023449473,70
chr15,2768641,-7.226890756302525e-05,1.912040252504195,0.171328281762757,0.7661709405973561,69
chr15,2768687,-7.226890756302525e-05,1.912040252504195,0.171328281762757,0.7661709405973561,69
chr15,2772672,7.226890756302525e-05,1.912040252504195,0.171328281762757,0.7661709405973561,69
chr15,2784811,6.512605042016815e-05,1.331424481030723,0.2531275519931261,0.5966605809288787,62
chr15,2801374,-7.142857142857149e-05,1.9230769230768163,0.17004730974227203,0.76943023449473,70
chr15,2824620,4.642857142857143e-05,0.7540779752761578,0.38859187311323995,0.41050628633783615,63
chr15,2862639,-5.8823529411764755e-05,1.3199999999999634,0.25473882207932586,0.5939048637131911,68
chr15,2873502,-7.316017316017322e-05,1.9015619830041877,0.17255911747369906,0.7630620890302374,68
chr15,2907972,-7.352941176470594e-05,1.9230769230770517,0.1701840500900797,0.7690811450884324,68
chr15,2907987,-7.352941176470594e-05,1.9230769230770517,0.1701840500900797,0.7690811450884324,68
chr15,2943645,-7.352941176470594e-05,1.9230769230770517,0.1701840500900797,0.7690811450884324,68
chr15,2999402,-6.40120967741936e-05,1.348033513506166,0.25014561329659857,0.6018071087621254,63
chr15,2999418,6.401209677419358e-05,1.348033513506166,0.25014561329659857,0.6018071087621254,63
chr15,3014212,-7.628676470588238e-05,1.9490131070000454,0.16751723596132104,0.775940501476177,66
chr15,3020744,7.323232323232325e-05,1.9614648240330874,0.16597103048420483,0.7799677095430463,69
chr15,3022244,6.082949308755768e-05,1.3245531514581836,0.2540583544549987,0.5950665191790027,66
chr15,3022272,6.082949308755768e-05,1.3245531514581836,0.2540583544549987,0.5950665191790027,66
chr15,3022364,4.614695340501796e-05,0.7180850786880671,0.39988222918696736,0.3980678955352097,67
chr15,3033721,-4.4191919191919226e-05,0.7012140422223629,0.40535319319111507,0.3921664014555891,69
chr15,3033782,4.4191919191919226e-05,0.7012140422223629,0.40535319319111507,0.3921664014555891,69
chr15,3063360,-4.4191919191919226e-05,0.7012140422223629,0.40535319319111507,0.3921664014555891,69
chr15,3063660,4.381654381654388e-05,0.7087615163322086,0.40280639117943895,0.3949036472744699,70
chr15,3095766,4.577157802964263e-05,0.726359984667307,0.3971477316808487,0.40104791359124603,68
chr15,3096678,4.553571428571434e-05,0.7015174336822638,0.40534345413583994,0.39217683598243486,67
chr15,3109228,-3.001792114695343e-05,0.3268292682926973,0.5695038698431433,0.24450332049477927,67
chr15,3120922,3.0017921146953423e-05,0.3268292682926974,0.5695038698431433,0.24450332049477927,67
chr15,3120925,-3.0414746543778846e-05,0.3260768874478668,0.5699781318814456,0.24414180640716315,66
chr15,3130999,5.808080808080814e-05,1.3227467811159268,0.25418827848618997,0.5948444801633557,69
chr15,3194454,4.4763513513513556e-05,0.7172179095831774,0.40007293316602455,0.39786082971140313,69
chr15,3201603,4.4763513513513556e-05,0.7172179095831774,0.40007293316602455,0.39786082971140313,69
chr15,3218613,-4.381654381654388e-05,0.7087615163322086,0.40280639117943895,0.3949036472744699,70
chr15,3218626,4.381654381654388e-05,0.7087615163322086,0.40280639117943895,0.3949036472744699,70
chr15,3219297,2.9642545771578076e-05,0.32768691588782933,0.5689692160399873,0.24491123038107965,68
chr15,3262378,4.381654381654388e-05,0.7087615163322086,0.40280639117943895,0.3949036472744699,70
chr15,3277906,-4.4191919191919226e-05,0.7012140422223629,0.40535319319111507,0.3921664014555891,69
chr15,3294316,4.876847290640397e-05,0.728905170428438,0.3965249296662514,0.40172950323631784,64
chr15,3357010,-3.0180180180180216e-05,0.32860484418623886,0.5684597415506272,0.24530028672208498,67
chr15,3357018,-3.0180180180180216e-05,0.32860484418623886,0.5684597415506272,0.24530028672208498,67
chr15,3365127,4.577157802964261e-05,0.7263599846673071,0.3971477316808487,0.40104791359124603,68
chr15,3365139,4.577157802964261e-05,0.7263599846673071,0.3971477316808487,0.40104791359124603,68
chr15,3365188,4.577157802964261e-05,0.7263599846673071,0.3971477316808487,0.40104791359124603,68
chr15,3367919,4.440789473684215e-05,0.7252139565502905,0.397428087428082,0.4007414432554573,70
chr15,3373809,-4.4407894736842156e-05,0.7252139565502905,0.397428087428082,0.4007414432554573,70
chr15,3399922,-4.4117647058823566e-05,0.6796338672769756,0.41268230228089686,0.38438415527221437,68
chr15,3399938,-4.500891265597157e-05,0.6864460385179385,0.41040783198464703,0.38678435999356153,67
chr15,3401840,4.595588235294117e-05,0.6938301156961657,0.4079624243839386,0.3893798360135921,66
chr15,3401914,4.595588235294117e-05,0.6938301156961657,0.4079624243839386,0.3893798360135921,66
chr15,3410277,4.28571428571429e-05,0.680000000000006,0.41247001541874784,0.3846076170813091,70
chr15,3442225,-2.904040404040405e-05,0.3258617043772972,0.5700158274414895,0.2441130852484388,69
chr15,3475166,-4.28571428571429e-05,0.680000000000006,0.41247001541874784,0.3846076170813091,70
chr15,3484780,-4.456327985739752e-05,0.6727803423934742,0.41508174806813536,0.38186636295385024,67
chr15,3484783,-4.456327985739752e-05,0.6727803423934742,0.41508174806813536,0.38186636295385024,67
chr15,3498262,4.28571428571429e-05,0.680000000000006,0.41247001541874784,0.3846076170813091,70
chr15,3580503,-4.381654381654388e-05,0.7087615163322086,0.40280639117943895,0.3949036472744699,70
chr15,3580556,4.381654381654388e-05,0.7087615163322086,0.40280639117943895,0.3949036472744699,70
chr15,3580652,-4.381654381654388e-05,0.7087615163322086,0.40280639117943895,0.3949036472744699,70
chr15,3580781,3.018018018018021e-05,0.3286048441862389,0.5684597415506272,0.24530028672208498,67
chr15,3586071,-1.3888888888888893e-05,0.0711587147030264,0.7905283273483421,0.10208256318825482,65
chr15,3613145,-4.577157802964258e-05,0.726359984667307,0.3971477316808487,0.40104791359124603,68
chr15,3613336,-4.614695340501797e-05,0.7180850786880669,0.39988222918696736,0.3980678955352097,67
chr15,3631844,4.4191919191919226e-05,0.7012140422223628,0.40535319319111507,0.3921664014555891,69
chr15,3656874,4.513888888888892e-05,0.7093163751986432,0.40271243551786184,0.3950049594330419,68
chr15,3665843,1.5625000000000034e-05,0.08895008605853956,0.7664255977144137,0.11552999876188329,70
chr15,3706454,-1.666666666666668e-05,0.10011398176289572,0.7527557398673913,0.12334592424664655,64
chr15,3706475,-1.666666666666668e-05,0.10011398176289572,0.7527557398673913,0.12334592424664655,64
chr15,3743080,-2.200837743293316e-21,0.0,1.0,-0.0,62
chr15,3745767,-1.9385734696975832e-20,0.0,1.0,-0.0,66
chr15,3791022,1.6129032258064537e-05,0.09178743961352528,0.7628556601698584,0.11755762708021775,69
chr15,3803508,-1.562500000000004e-05,0.08895008605853956,0.7664255977144137,0.11552999876188329,70
chr15,3803524,-1.562500000000004e-05,0.08895008605853956,0.7664255977144137,0.11552999876188329,70
chr15,3803536,-1.562500000000004e-05,0.08895008605853956,0.7664255977144137,0.11552999876188329,70
chr15,3803611,-1.562500000000004e-05,0.08895008605853956,0.7664255977144137,0.11552999876188329,70
chr15,3803623,-1.562500000000004e-05,0.08895008605853956,0.7664255977144137,0.11552999876188329,70
chr15,3813946,-1.844649529576027e-20,0.0,1.0,-0.0,68
chr15,3813965,-1.844649529576027e-20,0.0,1.0,-0.0,68
chr15,3837163,0.0,0.0,1.0,-0.0,65
chr15,3967274,6.023345402697418e-22,0.0,1.0,-0.0,66
chr15,3968958,-1.5151515151515155e-05,0.08397863818426199,0.7728581879382631,0.11190018764177287,70
chr15,3968998,-1.5151515151515155e-05,0.08397863818426199,0.7728581879382631,0.11190018764177287,70
chr15,3994624,-1.7241379310344862e-05,0.10042604990874257,0.7524189962857615,0.12354024837160751,62
chr15,3996979,-3.4974263628563906e-21,0.0,1.0,-0.0,68
chr15,4003326,-1.318624263833724e-20,0.0,1.0,-0.0,67
chr15,4003341,-1.318624263833724e-20,0.0,1.0,-0.0,67
chr15,4003369,-1.318624263833724e-20,0.0,1.0,-0.0,67
chr15,4040490,2.951388888888892e-05,0.3262576330329138,0.5698110552882758,0.24426912897488945,68
chr15,4053139,-4.369747899159669e-05,0.6866169425746903,0.410259654834671,0.38694118969697155,69
chr15,4053141,-4.369747899159669e-05,0.6866169425746903,0.410259654834671,0.38694118969697155,69
chr15,4053145,-4.369747899159669e-05,0.6866169425746903,0.410259654834671,0.38694118969697155,69
chr15,4053213,-4.369747899159669e-05,0.6866169425746903,0.410259654834671,0.38694118969697155,69
chr15,4057322,4.3277310924369766e-05,0.6733441893995492,0.4147980925246666,0.38216324940912105,69
chr15,4119926,-7.410714285714293e-05,2.2480182337555537,0.13862717068199762,0.8581516404255949,67
chr15,4120354,-7.189542483660131e-05,1.9473836026774662,0.16740960924035195,0.7762196173087879,70
chr15,4127769,-5.902777777777784e-05,1.324675324675394,0.2539074505729519,0.5953245551513061,68
chr15,4127905,-5.902777777777784e-05,1.324675324675394,0.2539074505729519,0.5953245551513061,68
chr15,4154762,7.189542483660132e-05,1.9473836026774662,0.16740960924035195,0.7762196173087879,70
chr15,4181274,-5.887445887445892e-05,1.321165734471627,0.2545312111607822,0.5942589559448801,68
chr15,4188817,-3.030303030303034e-05,0.40153846153853967,0.528786886383557,0.27671932364699436,60
chr15,4214884,5.808080808080815e-05,1.3227467811159264,0.25418827848618997,0.5948444801633557,69
chr15,4222400,7.323232323232328e-05,1.9614648240330872,0.16597103048420483,0.7799677095430463,69
chr15,4242137,-7.717803030303035e-05,1.9357657902498022,0.1690228697390964,0.7720545289394588,65
chr15,4255239,-7.189542483660131e-05,1.9473836026774662,0.16740960924035195,0.7762196173087879,70
chr15,4284090,-8.030303030303037e-05,1.9656651868167585,0.16597706095624976,0.7799519299630444,63
chr15,4284355,8.125000000000009e-05,1.9508753928045297,0.16763776263572144,0.7756281440768258,62
chr15,4306267,-7.268907563025219e-05,1.9349818732020072,0.16881682869716952,0.7725842624140209,69
chr15,4354346,-7.107843137254906e-05,1.9021453517380036,0.17235777560789783,0.7635691194075804,70
chr15,4384907,7.084357084357093e-05,1.884488314382037,0.17433543385840644,0.7586143331126983,70
chr15,4385239,-7.179054054054058e-05,1.8763251431251973,0.17532573886870995,0.7561543221943164,69
chr15,4386052,-4.523809523809535e-05,0.7676443784385673,0.38427529528216176,0.4153575350451741,65
chr15,4394870,-6.573275862068972e-05,1.3217040029379257,0.25492542055630996,0.5935868555590872,61
chr15,4421616,5.971479500891278e-05,1.3200969990905926,0.2547850729435387,0.5938260195397881,67
chr15,4440318,9.768907563025215e-05,3.08117062396453,0.0843078027108695,1.074132229438623,62
chr15,4447087,7.107843137254905e-05,1.9021453517380036,0.17235777560789783,0.7635691194075804,70
chr15,4454551,3.125000000000003e-05,0.3674969375255206,0.5466585968458492,0.26228381771681647,62
chr15,4457177,7.226890756302525e-05,1.9120402525041946,0.171328281762757,0.7661709405973561,69
chr15,4457197,7.226890756302525e-05,1.9120402525041946,0.171328281762757,0.7661709405973561,69
chr15,4457762,7.196969696969703e-05,1.8925171487440748,0.17350002144264945,0.7607004671991954,69
chr15,4459934,7.107843137254905e-05,1.9021453517380036,0.17235777560789783,0.7635691194075804,70
chr15,4459935,7.107843137254905e-05,1.9021453517380036,0.17235777560789783,0.7635691194075804,70
chr15,4460889,7.107843137254905e-05,1.9021453517380036,0.17235777560789783,0.7635691194075804,70
chr15,4461325,7.107843137254905e-05,1.9021453517380036,0.17235777560789783,0.7635691194075804,70
chr15,4462930,5.971479500891275e-05,1.3200969990905926,0.2547850729435387,0.5938260195397881,67
chr15,4495451,7.779886148007599e-05,1.9641674780916658,0.16597568154358355,0.7799555393401184,65
chr15,4506673,7.7798861480076e-05,1.964167478091666,0.16597568154358355,0.7799555393401184,65
chr15,4507494,7.189542483660132e-05,1.9473836026774667,0.16740960924035195,0.7762196173087879,70
chr15,4507619,7.465277777777783e-05,1.9769954800978395,0.16439794939353447,0.7841036039044035,68
chr15,4507655,7.465277777777783e-05,1.9769954800978395,0.16439794939353447,0.7841036039044035,68
chr15,4507707,7.465277777777783e-05,1.9769954800978395,0.16439794939353447,0.7841036039044035,68
chr15,4577882,7.352941176470594e-05,1.9230769230770515,0.1701840500900797,0.7690811450884324,68
chr15,4578045,7.268907563025216e-05,1.934981873202007,0.16881682869716952,0.7725842624140209,69
chr15,4581062,7.323232323232329e-05,1.9614648240330872,0.16597103048420483,0.7799677095430463,69
chr15,4603817,7.323232323232329e-05,1.9614648240330874,0.16597103048420483,0.7799677095430463,69
chr15,4603875,-7.323232323232329e-05,1.9614648240330874,0.16597103048420483,0.7799677095430463,69
chr15,4604350,5.8874458874458944e-05,1.321165734471627,0.2545312111607822,0.5942589559448801,68
chr15,4617959,-7.465277777777781e-05,1.9769954800978395,0.16439794939353447,0.7841036039044035,68
chr15,4618163,-7.39020270270271e-05,1.9916495104534013,0.1627954375064043,0.7883577707831707,69
chr15,4702955,7.323232323232328e-05,1.9614648240330872,0.16597103048420483,0.7799677095430463,69
chr15,4703105,7.248157248157258e-05,1.9752002670226576,0.16444941773480215,0.7839676598828169,70
chr15,4740937,7.323232323232328e-05,1.9614648240330872,0.16597103048420483,0.7799677095430463,69
chr15,4777979,6.305418719211829e-05,1.3310969473331542,0.25303835773084665,0.5968136397405536,64
chr15,4783813,7.465277777777781e-05,1.9769954800978402,0.16439794939353447,0.7841036039044035,68
chr15,4802916,7.248157248157258e-05,1.9752002670226576,0.16444941773480215,0.7839676598828169,70
chr15,4843523,7.631578947368429e-05,2.0466311054300785,0.15726106974925108,0.8033787744244513,68
chr15,4868045,8.387445887445892e-05,2.002697154353711,0.16227631654466892,0.7897448587596763,61
chr15,4929680,-6.150978564771676e-05,1.3396764985727043,0.2513925642123043,0.5996475721923181,66
chr15,4968335,7.390202702702713e-05,1.9916495104534013,0.1627954375064043,0.7883577707831707,69
chr15,5001634,6.227598566308252e-05,1.4377735469313142,0.23485300742106258,0.6292038740670235,67
chr15,5011541,6.0829493087557665e-05,1.3245531514581836,0.2540583544549987,0.5950665191790027,66
chr15,5011544,6.0035842293906874e-05,1.3273392258458372,0.253498947390794,0.5960238396573468,67
chr15,5011712,7.616487455197138e-05,1.9941190208276462,0.16268064873725646,0.788664104386156,67
chr15,5030947,-7.46527777777778e-05,1.97699548009784,0.16439794939353447,0.7841036039044035,68
chr15,5051198,-7.39020270270271e-05,1.9916495104534013,0.1627954375064043,0.7883577707831707,69
chr15,5082387,-4.6846846846846884e-05,0.8721022546839866,0.35383023411378745,0.45120506021154505,67
chr15,5103451,-7.541412380122064e-05,2.0097367714209744,0.1609964270796486,0.7931837619607642,68
chr15,5103460,7.702702702702708e-05,2.029629700819957,0.1590419479113191,0.7984883137694702,67
chr15,5103473,-7.541412380122064e-05,2.0097367714209744,0.1609964270796486,0.7931837619607642,68
chr15,5105975,5.928509154315609e-05,1.3305662614882035,0.25286474799018505,0.5971117116617617,68
chr15,5107628,7.470288624787782e-05,2.025737131434216,0.1592939081596516,0.7978008325054338,69
chr15,5122026,7.248157248157258e-05,1.9752002670226576,0.16444941773480215,0.7839676598828169,70
chr15,5122050,7.248157248157258e-05,1.9752002670226576,0.16444941773480215,0.7839676598828169,70
chr15,5122101,5.902777777777784e-05,1.324675324675394,0.2539074505729519,0.5953245551513061,68
chr15,5163356,-6.73400673400674e-05,1.3318025258323458,0.2532179812116456,0.5965054579606762,60
chr15,5165961,6.036036036036042e-05,1.3346613545815884,0.2522068840498721,0.598243063424833,67
chr15,5166185,-7.31907894736843e-05,2.00669858241906,0.16117076468857364,0.7927137335353415,70
chr15,5169938,-7.39020270270271e-05,1.9916495104534013,0.1627954375064043,0.7883577707831707,69
chr15,5173932,5.857385398981334e-05,1.3341991341990824,0.25216248355947857,0.5983195267838706,69
chr15,5174030,-7.248157248157258e-05,1.9752002670226576,0.16444941773480215,0.7839676598828169,70
chr15,5189928,6.076388888888897e-05,1.4124984713219553,0.23890100887902493,0.6217820162205353,68
chr15,5210929,7.319078947368428e-05,2.00669858241906,0.16117076468857364,0.7927137335353415,70
chr15,5251182,-9.58417849898581e-05,3.070306258322175,0.0847597682623391,1.0718102393435573,63
chr15,5415670,7.319078947368428e-05,2.00669858241906,0.16117076468857364,0.7927137335353415,70
chr15,5425620,-5.857385398981334e-05,1.3341991341990824,0.25216248355947857,0.5983195267838706,69
chr15,5425669,-7.31907894736843e-05,2.00669858241906,0.16117076468857364,0.7927137335353415,70
chr15,5433285,-7.31907894736843e-05,2.00669858241906,0.16117076468857364,0.7927137335353415,70
chr15,5442199,-7.402812241521925e-05,2.042090464318401,0.1575770851553944,0.8025069373167999,70
chr15,5443857,-7.46527777777778e-05,1.9769954800978402,0.16439794939353447,0.7841036039044035,68
chr15,5443988,7.465277777777781e-05,1.9769954800978402,0.16439794939353447,0.7841036039044035,68
chr15,5444000,7.465277777777781e-05,1.9769954800978402,0.16439794939353447,0.7841036039044035,68
chr15,5444001,7.465277777777781e-05,1.9769954800978402,0.16439794939353447,0.7841036039044035,68
chr15,5450813,7.390202702702707e-05,1.9916495104534022,0.1627954375064043,0.7883577707831707,69
chr15,5468172,7.402597402597414e-05,1.9481720612461801,0.16746194223598274,0.7760838761190167,68
chr15,5470891,6.305418719211829e-05,1.3310969473331538,0.25303835773084665,0.5968136397405536,64
chr15,5498595,-7.465277777777779e-05,1.9769954800978402,0.16439794939353447,0.7841036039044035,68
chr15,5512474,7.913306451612905e-05,1.9110010459999178,0.17189280252070882,0.7647423076700215,63
chr15,5544890,-7.248157248157258e-05,1.9752002670226576,0.16444941773480215,0.7839676598828169,70
chr15,5548302,-7.248157248157258e-05,1.9752002670226576,0.16444941773480215,0.7839676598828169,70
chr15,5548371,-7.465277777777781e-05,1.97699548009784,0.16439794939353447,0.7841036039044035,68
chr15,5582418,-7.402597402597414e-05,1.9481720612461804,0.16746194223598274,0.7760838761190167,68
chr15,5635319,-8.029556650246312e-05,2.0165088334378405,0.16060561922936128,0.7942392638044636,64
chr15,5645002,7.323232323232332e-05,1.9614648240330865,0.16597103048420483,0.7799677095430463,69
chr15,5645030,-7.248157248157258e-05,1.9752002670226576,0.16444941773480215,0.7839676598828169,70
chr15,5645041,-7.248157248157258e-05,1.9752002670226576,0.16444941773480215,0.7839676598828169,70
chr15,5648878,-7.544642857142863e-05,1.962770619524018,0.16597363021518483,0.7799609069102418,67
chr15,5648931,-7.544642857142863e-05,1.962770619524018,0.16597363021518483,0.7799609069102418,67
chr15,5657616,-6.0661764705882405e-05,1.3208255159474493,0.2547208542939268,0.59393549738418,66
chr15,5696638,-7.631578947368429e-05,2.0466311054300785,0.15726106974925108,0.8033787744244513,68
chr15,5696699,7.875116495806158e-05,2.051519640852867,0.1569206595054052,0.8043198752878726,66
chr15,5700075,-7.470288624787782e-05,2.0257371314342154,0.1592939081596516,0.7978008325054338,69
chr15,5765497,-6.708494208494214e-05,1.5513634075309741,0.21754682016457108,0.6624472603146008,65
chr15,5803130,-7.988721804511284e-05,2.094800599808878,0.15268178424631892,0.8162127735080911,66
chr15,5809574,7.63157894736843e-05,2.046631105430079,0.15726106974925108,0.8033787744244513,68
chr15,5809742,5.8974358974359e-05,1.3435047951177654,0.25053125649096175,0.601138083470473,69
chr15,5816622,-7.402812241521925e-05,2.0420904643184015,0.1575770851553944,0.8025069373167999,70
chr15,5816655,7.402812241521925e-05,2.0420904643184015,0.1575770851553944,0.8025069373167999,70
chr15,5877212,8.631578947368424e-05,2.186946483889717,0.14433066998695868,0.8406413723661075,63
chr15,5881848,-4.7619047619047675e-05,0.8074211502783656,0.3720545796329293,0.4293933453474476,70
chr15,5904172,-1.666666666666667e-05,0.09481324663543357,0.7591147005506755,0.11969259821168511,68
chr15,5944446,-1.7241379310344828e-05,0.10329941412272442,0.748906083407064,0.12557264160018727,69
chr15,5958750,1.666666666666668e-05,0.09988982739627356,0.752929969350954,0.12324541601551889,70
chr15,5958755,1.666666666666668e-05,0.09988982739627356,0.752929969350954,0.12324541601551889,70
chr15,5985415,1.724137931034483e-05,0.10329941412272442,0.748906083407064,0.12557264160018727,69
chr15,5995042,3.06776556776557e-05,0.3340492444580508,0.5652814193011986,0.24773528948695248,67
chr15,6066950,-2.7027027027027044e-05,0.24671328671325593,0.6211277454716665,0.20681907059970553,65
chr15,6119023,-1.2820512820512844e-05,0.05951439864485737,0.8079996477031648,0.09258882858259809,70
chr15,6119097,-1.2820512820512844e-05,0.05951439864485737,0.8079996477031648,0.09258882858259809,70
chr15,6120125,-1.3513513513513518e-05,0.0626838235294361,0.8030809857471797,0.09524065660222683,68
chr15,6126898,-1.3157894736842103e-05,0.06105770644090906,0.8055875373194845,0.0938872610681967,69
chr15,6126953,-1.2820512820512837e-05,0.05562659846549551,0.8142771625958192,0.08922774535907112,68
chr15,6152447,3.1531531531531626e-06,0.0035869096380295395,0.9524263550694319,0.02116859551950878,67
chr15,6167543,-1.3513513513513503e-05,0.0626838235294361,0.8030809857471797,0.09524065660222683,68
chr15,6350800,1.923076923076925e-05,0.10923590504449524,0.7421300329843525,0.12951999275354537,64
chr15,6368301,-1.6129032258064503e-05,0.094243070362472,0.7597888724082098,0.11930707125392258,70
chr15,6368401,1.6129032258064503e-05,0.094243070362472,0.7597888724082098,0.11930707125392258,70
chr15,6368403,1.6129032258064503e-05,0.094243070362472,0.7597888724082098,0.11930707125392258,70
chr15,6368449,1.6129032258064503e-05,0.094243070362472,0.7597888724082098,0.11930707125392258,70
chr15,6371511,-1.6666666666666674e-05,0.09735106739691174,0.7560008474644699,0.12147771766157572,69
chr15,6371650,-3.448275862068968e-05,0.44015047879616337,0.5093605983786162,0.29297465295028796,68
chr15,6372375,1.724137931034484e-05,0.09279869067102982,0.7616529557235165,0.11824286822260838,65
chr15,6372695,-1.1101238460480378e-20,0.0,1.0,-0.0,63
chr15,6388022,1.7857142857142872e-05,0.1096738132311194,0.7415493682386629,0.12985993075842195,69
chr15,6388214,1.7857142857142872e-05,0.1096738132311194,0.7415493682386629,0.12985993075842195,69
chr15,6398525,3.0357142857142908e-05,0.3356266826203591,0.564336755676317,0.24846166288332097,68
chr15,6398621,1.7857142857142886e-05,0.10967381323111941,0.7415493682386629,0.12985993075842195,69
chr15,6412903,-1.724137931034484e-05,0.10329941412272445,0.748906083407064,0.12557264160018727,69
chr15,6425781,1.243164145143151e-20,0.0,1.0,-0.0,66
chr15,6425989,-1.6666666666666667e-05,0.09481324663543356,0.7591147005506755,0.11969259821168511,68
chr15,6426219,-1.724137931034484e-05,0.10329941412272445,0.748906083407064,0.12557264160018727,69
chr15,6448455,1.2820512820512838e-05,0.05562659846549551,0.8142771625958192,0.08922774535907112,68
chr15,6486038,-1.3157894736842103e-05,0.06105770644090907,0.8055875373194845,0.0938872610681967,69
chr15,6486068,-1.3157894736842103e-05,0.06105770644090907,0.8055875373194845,0.0938872610681967,69
chr16,16269,-4.687500000000004e-05,0.6788321167883712,0.4131474460526029,0.38389492757095184,64
chr16,25640,-4.458874458874463e-05,0.6937724422743667,0.4078882519882515,0.38945880306768205,68
chr16,83260,-3.1754032258064575e-05,0.3245502913605602,0.5709779777652315,0.24338064187582947,63
chr16,83583,-3.2291666666666695e-05,0.3246639902252378,0.5709454957017569,0.24340534892715024,62
chr16,165228,7.142857142857149e-05,1.9230769230768165,0.17004730974227203,0.76943023449473,70
chr16,232586,-0.00011212121212121222,4.728441198119901,0.033555958154033824,1.4742303558621817,63
chr16,232632,-0.00011212121212121222,4.728441198119901,0.033555958154033824,1.4742303558621817,63
chr16,296517,0.00012817362817362838,6.583417661475388,0.012502099629725408,1.9030170445095576,70
chr16,296798,-0.00012165898617511533,5.6489468405214405,0.020467429481780472,1.6889366972484743,66
chr16,296824,-0.00012165898617511533,5.6489468405214405,0.020467429481780472,1.6889366972484743,66
chr16,296904,-0.00012165898617511533,5.6489468405214405,0.020467429481780472,1.6889366972484743,66
chr16,313979,0.00013245614035087738,6.575659590831081,0.01262145546873014,1.898890560655227,68
chr16,388079,0.00013594470046082965,6.608291212833208,0.012486890790353589,1.9035456865811142,66
chr16,388134,0.00013804554079696407,6.628073226942836,0.01240051100687082,1.9065604178303863,65
chr16,388151,0.00010180275715800646,3.3251396648045675,0.07304927875054743,1.1363840676996184,64
chr16,406067,-0.00012861869313482232,6.562197433799825,0.0126384703053301,1.8983054876166494,70
chr16,414803,-0.00013245614035087738,6.575659590831081,0.01262145546873014,1.898890560655227,68
chr16,448006,0.00012072072072072085,5.689092096668809,0.01999576327409662,1.699062013415853,67
chr16,448057,0.00012072072072072085,5.689092096668809,0.01999576327409662,1.699062013415853,67
chr16,459256,-0.00013475499092558993,6.586307667389116,0.012589542264425442,1.899990059856239,67
chr16,471280,-0.00014479166666666682,6.667050075052308,0.012280076252170601,1.9107989364689464,62
chr16,572152,-0.00013413547237076665,6.650260462836551,0.012186731652320707,1.9141127517796654,67
chr16,572321,0.0001369485294117648,6.737049733763954,0.011697837615668512,1.9318944116193535,66
chr16,593444,8.064516129032265e-05,2.819548872180654,0.09832350927173944,1.0073426294080752,62
chr16,593471,-8.064516129032265e-05,2.819548872180654,0.09832350927173944,1.0073426294080752,62
chr16,616282,0.00012826797385620919,6.611830141417288,0.01232193128543757,1.9093212174252987,70
chr16,616283,0.00012826797385620919,6.611830141417288,0.01232193128543757,1.9093212174252987,70
chr16,616321,0.00012826797385620919,6.611830141417288,0.01232193128543757,1.9093212174252987,70
chr16,636503,-0.00013005050505050512,6.602110288585612,0.012417323705229497,1.9059719971784828,69
chr16,636512,-0.00013005050505050512,6.602110288585612,0.012417323705229497,1.9059719971784828,69
chr16,658835,0.00014756944444444458,9.25437149455652,0.0033693387002830507,2.4724553296925635,68
chr16,658982,0.00015377446411929185,9.406734366648685,0.0031664753454883994,2.499423889086221,66
chr16,673308,-0.00013423423423423436,6.582605006750967,0.012613289684777018,1.8991716298725672,67
chr16,673338,0.00013423423423423436,6.582605006750967,0.012613289684777018,1.8991716298725672,67
chr16,673340,0.00013423423423423436,6.582605006750967,0.012613289684777018,1.8991716298725672,67
chr16,673378,0.00013423423423423436,6.582605006750967,0.012613289684777018,1.8991716298725672,67
chr16,742023,-0.00010886699507389172,4.555624759291248,0.036772234738921675,1.4344799761879587,64
chr16,742024,-0.00010886699507389172,4.555624759291248,0.036772234738921675,1.4344799761879587,64
chr16,763943,-9.950657894736855e-05,3.8043829649018823,0.05524165491975637,1.2577333193810167,70
chr16,777404,0.00010244115082824764,3.806329732574733,0.05530655045616181,1.2572234282162955,68
chr16,781162,-9.950657894736855e-05,3.8043829649018823,0.05524165491975637,1.2577333193810167,70
chr16,783510,9.859913793103456e-05,3.059506942476492,0.0854664631963484,1.0682042677980967,61
chr16,793183,-9.950657894736855e-05,3.8043829649018823,0.05524165491975637,1.2577333193810167,70
chr16,794099,-9.950657894736855e-05,3.8043829649018823,0.05524165491975637,1.2577333193810167,70
chr16,794105,-9.950657894736855e-05,3.8043829649018823,0.05524165491975637,1.2577333193810167,70
chr16,803704,9.950657894736854e-05,3.8043829649018823,0.05524165491975637,1.2577333193810167,70
chr16,851559,0.00010244115082824764,3.806329732574733,0.05530655045616181,1.2572234282162955,68
chr16,882748,9.950657894736854e-05,3.8043829649018823,0.05524165491975637,1.2577333193810167,70
chr16,927549,-0.00010244115082824768,3.806329732574733,0.05530655045616181,1.2572234282162955,68
chr16,935011,-0.00012222222222222235,5.677419354838631,0.020165187031573304,1.6953977455679152,66
chr16,1024725,-0.0001088235294117648,3.8274711399711796,0.054927116814973136,1.2602131969773722,64
chr16,1033642,0.00011964285714285724,5.633893919792929,0.020581665705745225,1.6865194800332737,67
chr16,1040827,-0.00010294117647058832,3.8776978417267736,0.0531321554361362,1.2746425655125795,68
chr16,1040842,-0.00010294117647058832,3.8776978417267736,0.0531321554361362,1.2746425655125795,68
chr16,1085173,0.00010000000000000009,3.8744186046513764,0.053105750539866714,1.2748584489277475,70
chr16,1089977,0.0001074810606060607,3.8658945977005144,0.053686781976632306,1.270132627172468,65
chr16,1094713,8.940092165898626e-05,2.946989272570823,0.09087429895101726,1.0415589264809566,66
chr16,1134731,0.00010126050420168071,3.8599338001246677,0.05360137236053898,1.2708240908859731,69
chr16,1148651,-0.00010000000000000009,3.8744186046513764,0.053105750539866714,1.2748584489277475,70
chr16,1148653,0.00010000000000000009,3.8744186046513764,0.053105750539866714,1.2748584489277475,70
chr16,1195029,-0.00010294117647058832,3.8776978417267736,0.0531321554361362,1.2746425655125795,68
chr16,1221634,-0.00010000000000000009,3.8744186046513764,0.053105750539866714,1.2748584489277475,70
chr16,1224778,0.00010535714285714295,3.940594576708073,0.051356953774817166,1.28940074424649,67
chr16,1224801,0.00010535714285714295,3.940594576708073,0.051356953774817166,1.28940074424649,67
chr16,1232237,0.0001222426470588236,5.756996038587015,0.019345317357364413,1.7134241413409457,66
chr16,1257460,0.00010294117647058832,3.8776978417267736,0.0531321554361362,1.2746425655125795,68
chr16,1257535,0.00010294117647058832,3.8776978417267736,0.0531321554361362,1.2746425655125795,68
chr16,1257721,6.690561529271215e-05,1.4959792830857088,0.22641322922258253,0.6450982011122367,58
chr16,1329751,-0.00010126050420168072,3.8599338001246672,0.05360137236053898,1.2708240908859731,69
chr16,1366444,-0.00010168067226890767,3.8938984356082247,0.052588717153132646,1.2791074232179347,69
chr16,1389382,0.0001025974025974027,3.8468085371320457,0.054061667576096664,1.2671105622642402,68
chr16,1389407,0.0001025974025974027,3.8468085371320457,0.054061667576096664,1.2671105622642402,68
chr16,1389626,-8.973214285714295e-05,3.053283477448132,0.08529696919483606,1.0690664000791723,67
chr16,1409507,9.967320261437908e-05,3.84438789075846,0.05401043852587992,1.2675222965459374,70
chr16,1459464,-9.967320261437911e-05,3.84438789075846,0.05401043852587992,1.2675222965459374,70
chr16,1487009,9.232954545454552e-05,3.049143708116106,0.08565421855406659,1.0672512427435874,65
chr16,1508576,9.967320261437908e-05,3.84438789075846,0.05401043852587992,1.2675222965459374,70
chr16,1603052,0.00010259740259740269,3.8468085371320444,0.054061667576096664,1.2671105622642402,68
chr16,1605007,8.839285714285721e-05,2.9741735488960597,0.08935604594749558,1.0488760572288092,67
chr16,1629815,9.967320261437908e-05,3.84438789075846,0.05401043852587992,1.2675222965459374,70
chr16,1629913,-0.00010126050420168072,3.859933800124668,0.05360137236053898,1.2708240908859731,69
chr16,1640464,0.00010126050420168072,3.859933800124668,0.05360137236053898,1.2708240908859731,69
chr16,1648218,0.0001093750000000001,3.8849104859336263,0.05318988094493802,1.2741709817609075,64
chr16,1648314,-0.0001093750000000001,3.8849104859336263,0.05318988094493802,1.2741709817609075,64
chr16,1702020,-0.00010126050420168072,3.859933800124668,0.05360137236053898,1.2708240908859731,69
chr16,1725309,8.823529411764713e-05,3.0461538461537625,0.08558268409885678,1.0676140970172807,68
chr16,1725435,8.823529411764713e-05,3.0461538461537625,0.08558268409885678,1.0676140970172807,68
chr16,1736413,-0.00010472370766488425,3.897889598931373,0.052598706632593695,1.2790249347290275,67
chr16,1756158,-9.967320261437914e-05,3.84438789075846,0.05401043852587992,1.2675222965459374,70
chr16,1767516,-7.179054054054057e-05,1.8763251431251968,0.17532573886870995,0.7561543221943164,69
chr16,1771547,-7.084357084357094e-05,1.8844883143820366,0.17433543385840644,0.7586143331126983,70
chr16,1785225,-6.300403225806454e-05,1.3050089065787434,0.2577644881179521,0.5887769150537697,63
chr16,1785288,6.250000000000006e-05,1.3262032085561504,0.2539033771154426,0.5953315226282567,64
chr16,1785325,6.250000000000006e-05,1.3262032085561504,0.2539033771154426,0.5953315226282567,64
chr16,1809401,-4.340277777777781e-05,0.6552715604200032,0.42114306806462576,0.37557034331877587,68
chr16,1839369,-4.4117647058823566e-05,0.6796338672769756,0.41268230228089686,0.38438415527221437,68
chr16,1858582,3.333333333333335e-05,0.36533084808946376,0.5480015809153971,0.2612181886290561,58
chr16,1905469,3.0776515151515174e-05,0.3248195446973848,0.5707524534569539,0.24355221295988827,65
chr16,1905801,4.369747899159665e-05,0.6866169425746903,0.410259654834671,0.38694118969697155,69
chr16,1905830,4.369747899159665e-05,0.6866169425746903,0.410259654834671,0.38694118969697155,69
chr16,1905900,4.369747899159665e-05,0.6866169425746903,0.410259654834671,0.38694118969697155,69
chr16,1911140,-4.503676470588242e-05,0.7888336182423182,0.3777789301012874,0.42276226768448005,66
chr16,1911649,-4.369747899159667e-05,0.6866169425746904,0.410259654834671,0.38694118969697155,69
chr16,1911981,-4.369747899159669e-05,0.6866169425746904,0.410259654834671,0.38694118969697155,69
chr16,1915338,-4.458874458874463e-05,0.6937724422743669,0.4078882519882515,0.38945880306768205,68
chr16,1927801,4.595588235294118e-05,0.6938301156961657,0.4079624243839386,0.3893798360135921,66
chr16,1927814,-4.595588235294118e-05,0.6938301156961657,0.4079624243839386,0.3893798360135921,66
chr16,1927897,3.1947261663286034e-05,0.3265358144277273,0.5698056663126143,0.2442732363249284,63
chr16,1927902,4.803921568627455e-05,0.7105449060638332,0.40250321836652214,0.3952306427166511,64
chr16,1927918,-3.1947261663286034e-05,0.3265358144277273,0.5698056663126143,0.2442732363249284,63
chr16,1967879,-4.458874458874462e-05,0.6937724422743669,0.4078882519882515,0.38945880306768205,68
chr16,1968319,-4.595588235294118e-05,0.6938301156961657,0.4079624243839386,0.3893798360135921,66
chr16,1968325,-4.595588235294118e-05,0.6938301156961657,0.4079624243839386,0.3893798360135921,66
chr16,1968357,-4.595588235294118e-05,0.6938301156961657,0.4079624243839386,0.3893798360135921,66
chr16,1968374,-4.553571428571434e-05,0.7015174336822638,0.40534345413583994,0.39217683598243486,67
chr16,2139670,3.128054740957969e-05,0.324926301998063,0.5707219303448111,0.2435754390950787,64
chr16,2139882,1.5151515151515165e-05,0.08397863818426198,0.7728581879382631,0.11190018764177287,70
chr16,2145222,-1.562500000000002e-05,0.08657237646239047,0.7694904001068018,0.11379679390482132,69
chr16,2145286,-1.562500000000002e-05,0.08657237646239047,0.7694904001068018,0.11379679390482132,69
chr16,2145289,-1.562500000000002e-05,0.08657237646239047,0.7694904001068018,0.11379679390482132,69
chr16,2151336,1.5151515151515182e-05,0.0793705332600484,0.7790337428019035,0.10844373103693475,68
chr16,2177157,-1.5151515151515165e-05,0.08397863818426198,0.7728581879382631,0.11190018764177287,70
chr16,2193875,1.235558031322511e-20,0.0,1.0,-0.0,66
chr16,2194420,-1.5625000000000024e-05,0.08895008605853956,0.7664255977144137,0.11552999876188329,70
chr16,2194440,1.5625000000000027e-05,0.08895008605853956,0.7664255977144137,0.11552999876188329,70
chr16,2194618,2.2332506203473983e-05,0.14347479529481136,0.706309043156029,0.15100523326798837,57
chr16,2194620,2.2332506203473983e-05,0.14347479529481136,0.706309043156029,0.15100523326798837,57
chr16,2194644,2.2332506203473983e-05,0.14347479529481136,0.706309043156029,0.15100523326798837,57
chr16,2194710,-2.2332506203473983e-05,0.14347479529481136,0.706309043156029,0.15100523326798837,57
chr16,2194720,-2.2332506203473983e-05,0.14347479529481136,0.706309043156029,0.15100523326798837,57
chr16,2194745,-2.2332506203473983e-05,0.14347479529481136,0.706309043156029,0.15100523326798837,57
chr16,2194755,-2.2332506203473983e-05,0.14347479529481136,0.706309043156029,0.15100523326798837,57
chr16,2207412,-1.1228579375486542e-20,0.0,1.0,-0.0,69
chr16,2267243,-1.6666666666666664e-05,0.09113558224124739,0.7638000163722518,0.11702033665348581,61
chr16,2277043,-1.6129032258064547e-05,0.09178743961352531,0.7628556601698584,0.11755762708021775,69
chr16,2301281,-1.612903225806453e-05,0.08933274802462016,0.7659662383685103,0.11579037242143247,68
chr16,2329054,-3.4482758620689684e-05,0.41719520789287656,0.520649203881715,0.2834547913467423,66
chr16,2329072,1.6129032258064557e-05,0.08933274802462016,0.7659662383685103,0.11579037242143247,68
chr16,2338037,3.311965811965815e-05,0.3330349149507497,0.5660365766266958,0.24715550429954913,62
chr16,2373370,1.38888888888889e-05,0.07115871470302639,0.7905283273483421,0.10208256318825482,65
chr16,2384696,-1.612903225806451e-05,0.094243070362472,0.7597888724082098,0.11930707125392258,70
chr16,2406571,-1.6129032258064547e-05,0.0917874396135253,0.7628556601698584,0.11755762708021775,69
chr16,2560051,-3.640243228853298e-21,0.0,1.0,-0.0,67
chr16,2560133,-3.640243228853298e-21,0.0,1.0,-0.0,67
chr16,2595625,1.724137931034485e-05,0.0954223081882643,0.7583971411000076,0.12010331280979929,66
chr16,2599221,1.7857142857142872e-05,0.09607438016528394,0.7576318460353759,0.12054177863683718,64
chr16,2661120,-4.381654381654388e-05,0.7087615163322086,0.40280639117943895,0.3949036472744699,70
chr16,2670844,4.419191919191924e-05,0.7012140422223632,0.40535319319111507,0.3921664014555891,69
chr16,2672770,4.381654381654388e-05,0.7087615163322086,0.40280639117943895,0.3949036472744699,70
chr16,2672974,1.5151515151515163e-05,0.07209944751379313,0.7892569307255595,0.10278159573583977,60
chr16,2683943,3.225806451612908e-05,0.39034526854219403,0.5342720247411861,0.27223756551129186,68
chr16,2706256,2.9824561403508823e-05,0.3297090802233964,0.567782337838189,0.2458181213182933,68
chr16,2706448,-4.440789473684215e-05,0.7252139565502905,0.397428087428082,0.4007414432554573,70
chr16,2706449,-4.440789473684215e-05,0.7252139565502905,0.397428087428082,0.4007414432554573,70
chr16,2731063,3.0180180180180203e-05,0.3286048441862389,0.5684597415506272,0.24530028672208498,67
chr16,2788906,-4.507857733664187e-05,0.7431772606015644,0.3916749940887906,0.4070741544565097,70
chr16,2877153,-3.219512195121955e-05,0.34526728788620087,0.5588720586572569,0.25268760280905467,66
chr16,2888086,1.2195121951219537e-05,0.047336860670194,0.8284900176286142,0.08171271997237739,63
chr16,2888175,4.790940766550526e-05,0.797534303714252,0.3750281058566799,0.4259361835761039,69
chr16,2923564,3.1627906976744204e-05,0.3497506234413709,0.5562745386251841,0.25471081780075655,68
chr16,2954011,3.1904761904761915e-05,0.3474826458150229,0.5575850494337609,0.2536888795217151,67
chr16,2957457,-5.7082452431289685e-05,0.9339976612944432,0.33752168878502153,0.47169831463440864,65
chr16,2958397,3.3367037411526846e-05,0.35790543975600225,0.5517831893391834,0.2582315348978657,66
chr16,3024560,3.173076923076928e-05,0.3402609956500141,0.5617286249519076,0.2504734444843663,66
chr16,3097678,3.0423280423280456e-05,0.34145801019276617,0.5609513108372477,0.25107483277658466,69
chr16,3097684,3.0423280423280456e-05,0.34145801019276617,0.5609513108372477,0.25107483277658466,69
chr16,3101229,-3.113553113553118e-05,0.34427738570109845,0.5593722841629369,0.2522990559003051,68
chr16,3101259,-3.1904761904761915e-05,0.34748264581502286,0.5575850494337609,0.2536888795217151,67
chr16,3101264,-3.113553113553118e-05,0.34427738570109845,0.5593722841629369,0.2522990559003051,68
chr16,3108857,-5.357142857142859e-05,1.0380456547858197,0.31211252727797856,0.5056887996829066,66
chr16,3110048,4.790940766550526e-05,0.797534303714252,0.3750281058566799,0.4259361835761039,69
chr16,3110063,4.790940766550526e-05,0.797534303714252,0.3750281058566799,0.4259361835761039,69
chr16,3134208,7.994579945799466e-05,2.1853930446695244,0.14408227427761697,0.8413894449801385,68
chr16,3155371,-7.796167247386768e-05,2.1541421700699597,0.14686478906907266,0.8330823141211193,69
chr16,3179782,-7.857142857142865e-05,2.134081571299686,0.14880123512163973,0.827393463922624,68
chr16,3179819,-7.857142857142865e-05,2.134081571299686,0.14880123512163973,0.827393463922624,68
chr16,3224242,-6.203703703703711e-05,1.372518121651453,0.24565628042041437,0.609672128264093,67
chr16,3307119,-4.761904761904766e-05,0.8074211502783654,0.37205457963293387,0.4293933453474423,70
chr16,3307158,-4.761904761904766e-05,0.8074211502783654,0.37205457963293387,0.4293933453474423,70
chr16,3308016,3.1425891181988785e-05,0.3422396856581242,0.5605646732630218,0.25137427491386216,67
chr16,3310989,-4.761904761904766e-05,0.8074211502783654,0.37205457963293387,0.4293933453474423,70
chr16,3312593,4.761904761904766e-05,0.8074211502783654,0.37205457963293387,0.4293933453474423,70
chr16,3324289,3.2195121951219555e-05,0.3452672878862008,0.5588720586572569,0.25268760280905467,66
chr16,3364671,1.2195121951219516e-05,0.04733686067019399,0.8284900176286142,0.08171271997237739,63
chr16,3386716,-3.302845528455287e-05,0.34871838542112643,0.5569520178562619,0.254182218251507,65
chr16,3408075,1.851851851851855e-05,0.11934693877550855,0.7308103029356317,0.13619533860938576,70
chr16,3436024,-1.851851851851851e-05,0.11652173913043319,0.7339062419395777,0.13435941857045317,69
chr16,3441506,-1.9230769230769228e-05,0.12096351893875963,0.7290986116693556,0.1372137287361437,68
chr16,3441717,1.9230769230769228e-05,0.12096351893875963,0.7290986116693556,0.1372137287361437,68
chr16,3470973,-3.273809523809524e-05,0.35112219451373344,0.5555665016349998,0.25526394830818083,66
chr16,3477558,-5.1282051282051306e-05,0.806399999999997,0.3726059001476947,0.4287502724099895,65
chr16,3477678,-5.096153846153851e-05,0.8171227802246064,0.36941280607111526,0.43248805337433793,66
chr16,3485639,5.510616784630943e-05,0.9098854601934527,0.34373380142941545,0.4637777589524567,66
chr16,3510943,5.008944543828268e-05,0.8496376811594365,0.35996217974847233,0.44374312698100227,69
chr16,3565658,-5.136363636363639e-05,0.8794158492071481,0.35172999383862347,0.4537905955636788,69
chr16,3579772,-3.246124031007754e-05,0.35357635787937197,0.5541598586321772,0.25636493616101336,67
chr16,3631508,-1.4341298577849769e-21,0.0,1.0,-0.0,69
chr16,3745940,1.1120022281902609e-20,0.0,1.0,-0.0,62
chr16,3745941,-1.1120022281902609e-20,0.0,1.0,-0.0,62
chr16,3747806,1.4341298577849769e-21,0.0,1.0,-0.0,69
chr16,3779150,-1.8518518518518515e-05,0.11652173913043318,0.7339062419395777,0.13435941857045317,69
chr16,3820732,9.010532960132599e-21,0.0,1.0,-0.0,68
chr16,3838309,0.0,0.0,1.0,-0.0,64
chr16,3847841,0.0,0.0,1.0,-0.0,65
chr16,3847928,-1.9182038436282006e-20,0.0,1.0,-0.0,66
chr16,3876433,1.9230769230769255e-05,0.1180300279020165,0.7322897846955656,0.13531702414703603,67
chr16,3880962,3.1339031339031386e-05,0.3360381861574961,0.5641601803377929,0.24859757055544618,66
chr16,4019675,1.785714285714287e-05,0.11239669421486978,0.7384639422849163,0.13167070556394742,70
chr16,4019802,-1.8518518518518518e-05,0.11369747899163767,0.737043225295186,0.13250704137203057,68
chr16,4035184,-1.7857142857142906e-05,0.1069518716577896,0.7446763996492779,0.12803240963790088,68
chr16,4040587,-1.785714285714287e-05,0.11239669421486978,0.7384639422849163,0.13167070556394742,70
chr16,4060210,-1.190476190476191e-05,0.04810530514558967,0.827060420978967,0.08246276186313388,69
chr16,4060408,-1.2195121951219538e-05,0.04925917735515257,0.825042737141275,0.08352355445140403,68
chr16,4060535,-3.205128205128208e-05,0.3383458646616072,0.5628612066193178,0.24959868264507326,65
chr16,4089782,-5.827505827505833e-05,1.0445066034061559,0.31094806104161654,0.5073121469435662,61
chr16,4089796,5.827505827505832e-05,1.0445066034061559,0.31094806104161654,0.5073121469435662,61
chr16,4205985,1.2195121951219547e-05,0.04925917735515256,0.825042737141275,0.08352355445140403,68
chr16,4315003,-2.5814337440132527e-21,0.0,1.0,-0.0,68
chr16,4318281,-3.085867620751343e-05,0.3463699707799134,0.5581541182752284,0.25324586651965225,69
chr16,4318305,3.1627906976744245e-05,0.34975062344137087,0.5562745386251841,0.25471081780075655,68
chr16,4318508,1.1904761904761944e-05,0.04630329195900983,0.8302889837603814,0.0807707242396017,68
chr17,116086,1.3392857142857329e-06,0.0006529083439447907,0.9796929008406731,0.008910038972540007,67
chr17,136755,-1.38888888888889e-05,0.06861558514105594,0.794166910030295,0.10008821232455797,69
chr17,136916,-1.3888888888888893e-05,0.06861558514105592,0.794166910030295,0.10008821232455797,69
chr17,140006,-3.041474654377882e-05,0.3260768874478668,0.5699781318814456,0.24414180640716315,66
chr17,170766,1.428571428571431e-05,0.0727191470344012,0.7882468902782845,0.10333773391674696,69
chr17,205186,1.4285714285714282e-05,0.070549365120521,0.7913664956780773,0.10162234053719627,68
chr17,224949,1.3888888888888908e-05,0.06861558514105592,0.794166910030295,0.10008821232455797,69
chr17,261121,1.388888888888892e-05,0.06650711676534306,0.7972944443090464,0.09838126213808734,68
chr17,279243,1.5151515151515205e-05,0.07706793137119644,0.7821919681519421,0.10668664786381649,67
chr17,302321,-4.881256534133789e-21,0.0,1.0,-0.0,68
chr17,302452,1.3888888888888893e-05,0.06861558514105592,0.794166910030295,0.10008821232455797,69
chr17,318873,1.4705882352941189e-05,0.07482993197282233,0.7852842374037242,0.10497311982424265,68
chr17,323640,1.4285714285714304e-05,0.0727191470344012,0.7882468902782845,0.10333773391674696,69
chr17,324194,-1.3888888888888923e-05,0.06439962926268732,0.8004736250649407,0.0966529731481326,67
chr17,324259,1.3888888888888923e-05,0.06439962926268732,0.8004736250649407,0.0966529731481326,67
chr17,344386,-1.4285714285714318e-05,0.0727191470344012,0.7882468902782845,0.10333773391674696,69
chr17,344458,1.428571428571431e-05,0.0727191470344012,0.7882468902782845,0.10333773391674696,69
chr17,353497,-1.4285714285714318e-05,0.0727191470344012,0.7882468902782845,0.10333773391674696,69
chr17,537479,-7.084357084357091e-05,1.8844883143820366,0.17433543385840644,0.7586143331126983,70
chr17,583106,-5.8874458874458965e-05,1.3211657344716272,0.25453121116078015,0.5942589559448836,68
chr17,625542,-6.060606060606066e-05,1.319587628865934,0.25494133854943424,0.5935597382918575,66
chr17,625638,-6.060606060606066e-05,1.319587628865934,0.25494133854943424,0.5935597382918575,66
chr17,634330,6.451612903225812e-05,1.3186813186813002,0.2553865743629459,0.592801937273641,62
chr17,679440,7.226890756302527e-05,1.9120402525041953,0.171328281762757,0.7661709405973561,69
chr17,738635,-4.3402777777777807e-05,0.6552715604200032,0.42114306806462576,0.37557034331877587,68
chr17,787748,1.612903225806451e-05,0.094243070362472,0.7597888724082098,0.11930707125392258,70
chr17,787819,1.612903225806451e-05,0.094243070362472,0.7597888724082098,0.11930707125392258,70
chr17,805270,1.5151515151515173e-05,0.08397863818426199,0.7728581879382631,0.11190018764177287,70
chr17,824893,-1.5151515151515173e-05,0.08397863818426199,0.7728581879382631,0.11190018764177287,70
chr17,825023,-5.000000000000004e-05,0.951114306254546,0.33316578479790027,0.4773396058140386,65
chr17,825096,-3.225806451612906e-05,0.3689064558629725,0.5457499911795554,0.26300626263791704,66
chr17,828964,6.6862562819314796e-21,0.0,1.0,-0.0,65
chr17,832121,1.612903225806453e-05,0.0795242537313422,0.7788823574641439,0.10852813329328959,64
chr17,832195,-1.6666666666666705e-05,0.07960859109380433,0.7787995139741326,0.10857432818233226,62
chr17,832354,1.6129032258064537e-05,0.08442635308306833,0.7723256992140046,0.11219951372936475,66
chr17,878193,1.5151515151515173e-05,0.08397863818426199,0.7728581879382631,0.11190018764177287,70
chr17,878339,-1.5151515151515151e-05,0.08167411621293748,0.7759231117245666,0.11018131199973372,69
chr17,878358,1.5151515151515151e-05,0.08167411621293748,0.7759231117245666,0.11018131199973372,69
chr17,878427,1.5151515151515151e-05,0.08167411621293748,0.7759231117245666,0.11018131199973372,69
chr17,965051,1.3513513513513532e-05,0.06678571428574023,0.7968561991657952,0.09862004440500619,70
chr17,1002027,1.612903225806457e-05,0.08933274802462016,0.7659662383685103,0.11579037242143247,68
chr17,1037319,1.612903225806454e-05,0.08197474167623309,0.7755783513041933,0.1103743218733034,65
chr17,1085249,-4.696394686907026e-05,0.831314498051282,0.3653684434141212,0.43726896503749424,65
chr17,1085347,-4.696394686907026e-05,0.831314498051282,0.3653684434141212,0.43726896503749424,65
chr17,1119076,-1.5151515151515151e-05,0.08167411621293748,0.7759231117245666,0.11018131199973372,69
chr17,1141823,-1.5151515151515151e-05,0.08167411621293748,0.7759231117245666,0.11018131199973372,69
chr17,1177989,-1.4705882352941189e-05,0.07482993197282231,0.7852842374037242,0.10497311982424265,68
chr17,1182362,1.4285714285714299e-05,0.07488986784143462,0.7851753351822295,0.10503335140837709,70
chr17,1264440,-1.5151515151515175e-05,0.0724658519051183,0.7886594494009445,0.1031104887722389,65
chr17,1265443,-1.4705882352941223e-05,0.07036349893492555,0.7916608002699546,0.10146085897329546,66
chr17,1286552,-1.3888888888888927e-05,0.06439962926268733,0.8004736250649407,0.0966529731481326,67
chr17,1289518,1.4285714285714284e-05,0.07054936512052101,0.7913664956780773,0.10162234053719627,68
chr17,1295645,3.256302521008405e-05,0.32740714662910053,0.569327650201461,0.24463772355133215,62
chr17,1326865,1.4285714285714307e-05,0.07271914703440119,0.7882468902782845,0.10333773391674696,69
chr17,1348336,7.291666666666674e-05,1.8835177635411797,0.17458105562299336,0.7580028848273244,68
chr17,1348432,7.179054054054058e-05,1.8763251431251968,0.17532573886870995,0.7561543221943164,69
chr17,1349091,-7.291666666666673e-05,1.88351776354118,0.17458105562299336,0.7580028848273244,68
chr17,1367089,8.912655971479511e-05,3.0317164179103564,0.08638292365791776,1.0635721012029307,67
chr17,1367110,-9.090909090909098e-05,3.06382978723417,0.0848451764670017,1.0713728427194344,66
chr17,1368625,-7.107843137254906e-05,1.9021453517380036,0.17235777560789783,0.7635691194075804,70
chr17,1393248,7.107843137254904e-05,1.9021453517380036,0.17235777560789783,0.7635691194075804,70
chr17,1393340,-7.226890756302525e-05,1.912040252504194,0.171328281762757,0.7661709405973561,69
chr17,1393445,-7.352941176470594e-05,1.9230769230770512,0.1701840500900797,0.7690811450884324,68
chr17,1393479,7.352941176470594e-05,1.9230769230770512,0.1701840500900797,0.7690811450884324,68
chr17,1393493,7.352941176470594e-05,1.9230769230770512,0.1701840500900797,0.7690811450884324,68
chr17,1393665,7.226890756302524e-05,1.912040252504194,0.171328281762757,0.7661709405973561,69
chr17,1393804,-7.107843137254906e-05,1.9021453517380036,0.17235777560789783,0.7635691194075804,70
chr17,1393868,7.107843137254904e-05,1.9021453517380036,0.17235777560789783,0.7635691194075804,70
chr17,1393919,-7.107843137254906e-05,1.9021453517380036,0.17235777560789783,0.7635691194075804,70
chr17,1401013,7.107843137254904e-05,1.9021453517380036,0.17235777560789783,0.7635691194075804,70
chr17,1405071,-7.41071428571429e-05,1.8916949360190374,0.17373260922477085,0.7601186577923637,67
chr17,1405183,7.291666666666674e-05,1.88351776354118,0.17458105562299336,0.7580028848273244,68
chr17,1414026,-7.44206773618539e-05,1.9117143034913169,0.1715050077033851,0.7657231946521376,67
chr17,1424879,5.7983193277311e-05,1.3204798628963552,0.2545916830611561,0.5941557878765644,69
chr17,1425024,5.7983193277311e-05,1.3204798628963552,0.2545916830611561,0.5941557878765644,69
chr17,1425107,-7.352941176470594e-05,1.9230769230770521,0.1701840500900797,0.7690811450884324,68
chr17,1425114,-7.352941176470594e-05,1.9230769230770521,0.1701840500900797,0.7690811450884324,68
chr17,1425967,7.48663101604279e-05,1.935361361133293,0.16891672895391735,0.7723273372105356,67
chr17,1426039,7.48663101604279e-05,1.935361361133293,0.16891672895391735,0.7723273372105356,67
chr17,1444396,-7.536764705882363e-05,1.90094531319018,0.172772670003926,0.7625249551742793,66
chr17,1451127,7.812500000000007e-05,1.9230769230768372,0.17048388985850546,0.7683166540680706,64
chr17,1479814,7.48663101604279e-05,1.935361361133293,0.16891672895391735,0.7723273372105356,67
chr17,1597202,-5.8823529411764755e-05,1.3199999999999634,0.25473882207932586,0.5939048637131911,68
chr17,1701502,-6.478578892372001e-05,1.3243147027411584,0.25438481965269616,0.5945088086595262,62
chr17,1718430,-6.428571428571436e-05,1.3357664233576771,0.2522887921059941,0.5981020425249879,63
chr17,1790201,-7.39020270270271e-05,1.991649510453402,0.1627954375064043,0.7883577707831707,69
chr17,1790229,-7.39020270270271e-05,1.991649510453402,0.1627954375064043,0.7883577707831707,69
chr17,1831209,-6.256109481915939e-05,1.320465890182997,0.25492223350730725,0.5935922850939077,64
chr17,1856018,9.285714285714294e-05,3.0674157303371836,0.08474333484182252,1.0718944495289853,65
chr17,1883213,7.541412380122068e-05,2.0097367714209744,0.1609964270796486,0.7931837619607642,68
chr17,1925629,-7.387387387387391e-05,2.212782761902876,0.14170691784521744,0.8486089478564953,67
chr17,1925634,-7.387387387387391e-05,2.212782761902876,0.14170691784521744,0.8486089478564953,67
chr17,1960283,4.5138888888888914e-05,0.709316375198643,0.40271243551786184,0.3950049594330419,68
chr17,1973050,4.28571428571429e-05,0.680000000000006,0.41247001541874784,0.3846076170813091,70
chr17,2048669,2.89915966386555e-05,0.3253113785095761,0.5703409107839184,0.24386547517894486,69
chr17,2048700,2.9411764705882377e-05,0.32512315270935055,0.5704810046975779,0.24375881170565292,68
chr17,2052051,4.4117647058823566e-05,0.6796338672769756,0.41268230228089686,0.38438415527221437,68
chr17,2083494,-4.5535714285714354e-05,0.8308719818752398,0.3653887274256248,0.43724485515634454,67
chr17,2083602,-2.9437229437229472e-05,0.32540603248260713,0.5703138093368324,0.2438861124650852,68
chr17,2083619,2.9437229437229482e-05,0.32540603248260713,0.5703138093368324,0.2438861124650852,68
chr17,2090349,-4.456327985739752e-05,0.6727803423934738,0.41508174806813536,0.38186636295385024,67
chr17,2098028,-4.500891265597155e-05,0.8129871467438687,0.37056753198338366,0.43113263493122395,67
chr17,2123374,4.327731092436976e-05,0.6733441893995492,0.4147980925246666,0.38216324940912105,69
chr17,2124664,-4.458874458874463e-05,0.6937724422743669,0.4078882519882515,0.38945880306768205,68
chr17,2136537,-6.0763888888888955e-05,1.412498471321955,0.23890100887902493,0.6217820162205353,68
chr17,2143936,-3.1527093596059144e-05,0.3275008253548775,0.5692037769828154,0.24473222679338794,64
chr17,2146546,4.4117647058823566e-05,0.6796338672769756,0.41268230228089686,0.38438415527221437,68
chr17,2241199,-4.34027777777778e-05,0.6552715604200031,0.42114306806462576,0.37557034331877587,68
chr17,2257946,4.372294372294377e-05,0.6668218337981524,0.41709960567728843,0.37976022073258786,68
chr17,2263407,-4.340277777777778e-05,0.6552715604200031,0.42114306806462576,0.37557034331877587,68
chr17,2281756,4.654377880184338e-05,0.8408601485785641,0.3625935158035082,0.4405799665834095,66
chr17,2442345,-9.950859950859961e-05,3.8210688591981663,0.05472445791130443,1.261818531766339,70
chr17,2442473,0.00011489898989898999,5.521380875137871,0.0217401077840191,1.6627383070809711,69
chr17,2476562,-0.00010259740259740269,3.8468085371320457,0.054061667576096664,1.2671105622642402,68
chr17,2476592,-0.00010259740259740269,3.8468085371320457,0.054061667576096664,1.2671105622642402,68
chr17,2490367,0.00010606060606060616,4.639053254438164,0.03502447624945651,1.4556283503654324,66
chr17,2495725,9.96732026143791e-05,3.8443878907584597,0.05401043852587992,1.2675222965459374,70
chr17,2495928,-0.00010126050420168072,3.8599338001246677,0.05360137236053898,1.2708240908859731,69
chr17,2605316,-0.00010126050420168072,3.8599338001246677,0.05360137236053898,1.2708240908859731,69
chr17,2694390,-0.0001025974025974027,3.8468085371320457,0.054061667576096664,1.2671105622642402,68
chr17,2800761,-9.250474383301716e-05,3.0552101467296064,0.08535060212491732,1.0687934107108574,65
chr17,2832785,-0.0001093750000000001,4.645259938838067,0.03503002497282064,1.4555595530747045,64
chr17,2890739,-9.967320261437914e-05,3.8443878907584597,0.05401043852587992,1.2675222965459374,70
chr17,2894172,-0.0001086337760910817,4.7189147497198976,0.03360306785609558,1.4736210710580167,65
chr17,3031161,-0.00013005050505050515,6.602110288585612,0.012417323705229497,1.9059719971784828,69
chr17,3170080,-0.00011805555555555568,5.638190954773835,0.02048943053259844,1.6884701118763528,68
chr17,3171479,0.00012701612903225816,5.643171806167363,0.020681049258011494,1.6844274309840626,63
chr17,3171571,0.00012512218963831877,5.642374688944054,0.020637377102137328,1.6853454999931121,64
chr17,3287231,0.00013194444444444449,6.595432525951597,0.012494898996522124,1.9032672501762178,68
chr17,3300171,0.00015565134099616872,9.389617536457832,0.0032099952851864393,2.493495605482672,65
chr17,3331046,0.00012828947368421063,6.566857142857439,0.012608391204070831,1.899340324669439,70
chr17,3331327,0.00013006756756756766,6.579594202898474,0.0125608222624463,1.900981929678887,69
chr17,3334520,-0.0001320836965998258,6.579203728154215,0.0125986722067636,1.8996752234270238,68
chr17,3352252,-0.00012132352941176481,5.631999999999924,0.020649604901246187,1.6850882534918479,66
chr17,3361638,0.00013396057347670265,6.592104083973227,0.012552460977887932,1.9012711200523436,67
chr17,3371875,-0.00012828947368421066,6.566857142857439,0.012608391204070831,1.899340324669439,70
chr17,3381747,-0.00011964285714285729,5.633893919792931,0.020581665705745225,1.6865194800332737,67
chr17,3514830,-0.00010515873015873026,4.250244045294758,0.043443489238636335,1.3620753009093127,64
chr17,3514866,-0.00010515873015873026,4.250244045294758,0.043443489238636335,1.3620753009093127,64
chr17,3514894,-0.00010515873015873026,4.250244045294758,0.043443489238636335,1.3620753009093127,64
chr17,3517982,0.00013006756756756766,6.579594202898474,0.0125608222624463,1.900981929678887,69
chr17,3527972,-0.00012007168458781369,5.7179510508600435,0.020177211716609304,1.6951388489889088,58
chr17,3568446,0.00013203463203463215,6.624282508307841,0.012312640011685291,1.9096488179394813,68
chr17,3675601,9.966914805624489e-05,3.794320299740576,0.055556119658724944,1.2552680953616075,70
chr17,3695454,9.966914805624489e-05,3.794320299740576,0.055556119658724944,1.2552680953616075,70
chr17,3738485,0.00010244115082824764,3.8063297325747336,0.05530655045616181,1.2572234282162955,68
chr17,3744581,-9.054054054054059e-05,3.0820948336873486,0.08386974386351344,1.0763946833070024,67
chr17,3791323,-9.966914805624489e-05,3.794320299740576,0.055556119658724944,1.2552680953616075,70
chr17,3801695,-0.000123152709359606,5.4350875224417505,0.023001702064280878,1.6382400261661005,64
chr17,3801756,-0.00012116858237547903,5.404607745247175,0.023319613852564768,1.6322786452976201,65
chr17,3882815,0.00012072072072072084,5.689092096668809,0.01999576327409662,1.699062013415853,67
chr17,3907711,0.00010606060606060616,4.6390532544381635,0.03502447624945651,1.4556283503654324,66
chr17,3916491,-0.00010569852941176485,3.849389891712983,0.05411587242349817,1.2666753357266587,66
chr17,3918449,-0.00010886699507389172,3.8107859817975935,0.05544324242842783,1.2561513792693169,64
chr17,3964609,-0.00010092905405405412,3.812835556511851,0.05504075399961201,1.2593156253607005,69
chr17,4005617,-7.257257257257264e-05,1.9361187024714812,0.16906322814986147,0.7719508427170063,64
chr17,4023867,-0.00011655405405405408,5.644688644688653,0.020375254779305272,1.69089695198408,69
chr17,4036859,-0.00010244115082824768,3.8063297325747336,0.05530655045616181,1.2572234282162955,68
chr17,4114090,-7.072368421052642e-05,1.8700379266751133,0.17597376815323298,0.7545520662504477,70
chr17,4114180,-7.072368421052642e-05,1.8700379266751133,0.17597376815323298,0.7545520662504477,70
chr17,4114201,7.072368421052642e-05,1.8700379266751133,0.17597376815323298,0.7545520662504477,70
chr17,4138359,7.17948717948719e-05,1.853754940711492,0.1779084253125789,0.7498034842931538,69
chr17,4147588,7.73399014778326e-05,1.866399777239329,0.17682290579967683,0.7524614767774263,64
chr17,4157870,7.294429708222823e-05,1.8496615361810695,0.17845041734671493,0.7484824320111317,68
chr17,4172790,-7.179487179487189e-05,1.853754940711492,0.1779084253125789,0.7498034842931538,69
chr17,4172800,-7.179487179487189e-05,1.853754940711492,0.1779084253125789,0.7498034842931538,69
chr17,4173192,-7.071960297766754e-05,1.8587582029278449,0.17726520291043527,0.7513765078685977,70
chr17,4175167,6.079854809437393e-05,1.3445507872799736,0.2504748361564138,0.6012358988081485,67
chr17,4175259,7.179487179487189e-05,1.8537549407114924,0.1779084253125789,0.7498034842931538,69
chr17,4175260,5.964912280701757e-05,1.3389021479713086,0.25139842008265334,0.5996374559720243,68
chr17,4187646,-7.173174872665544e-05,1.863410933785954,0.1767980613105213,0.7525225015783699,69
chr17,4187748,-7.173174872665544e-05,1.863410933785954,0.1767980613105213,0.7525225015783699,69
chr17,4217069,5.720720720720725e-05,1.2024542621558625,0.27687776349905835,0.5577119217460748,67
chr17,4217107,5.720720720720725e-05,1.2024542621558625,0.27687776349905835,0.5577119217460748,67
chr17,4217176,5.720720720720725e-05,1.2024542621558625,0.27687776349905835,0.5577119217460748,67
chr17,4221197,5.827702702702707e-05,1.327304048234204,0.25337971815725086,0.5962281512714818,69
chr17,4233963,7.294429708222819e-05,1.8496615361810695,0.17845041734671493,0.7484824320111317,68
chr17,4256347,6.018518518518523e-05,1.16420101637488,0.28484404607595665,0.5453928539091856,63
chr17,4261196,-7.071960297766754e-05,1.8587582029278449,0.17726520291043527,0.7513765078685977,70
chr17,4269274,7.502329916123027e-05,1.8563895976008582,0.17781767009373817,0.7500250845193424,66
chr17,4303176,-7.549857549857555e-05,1.8446131746357746,0.17917993970169413,0.7467106138955829,66
chr17,4310006,7.294429708222823e-05,1.8496615361810695,0.17845041734671493,0.7484824320111317,68
chr17,4324979,-7.179487179487189e-05,1.853754940711492,0.1779084253125789,0.7498034842931538,69
chr17,4325172,-6.477732793522273e-05,1.368275862068961,0.2465854930875556,0.6080324770401517,64
chr17,4325379,-7.279860505666963e-05,1.8688715337005095,0.17624271055136911,0.7538888365083886,68
chr17,4326247,-7.614942528735638e-05,1.8609495767391517,0.17736900094314656,0.7511222801960474,65
chr17,4326595,-7.071960297766752e-05,1.8587582029278449,0.17726520291043527,0.7513765078685977,70
chr17,4377872,-7.614942528735639e-05,1.860949576739152,0.17736900094314656,0.7511222801960474,65
chr17,4413637,6.111111111111115e-05,1.3308128544424014,0.25295068721913694,0.5969641363579099,66
chr17,4413647,6.111111111111115e-05,1.3308128544424014,0.25295068721913694,0.5969641363579099,66
chr17,4415562,7.294429708222823e-05,1.8496615361810695,0.17845041734671493,0.7484824320111317,68
chr17,4415634,7.179487179487189e-05,1.8537549407114928,0.1779084253125789,0.7498034842931538,69
chr17,4426853,-9.716599190283409e-05,3.1659574468085,0.0800898170742368,1.096422698267777,64
chr17,4427601,-9.018567639257309e-05,3.1166666666666987,0.08212071435419487,1.0855472814308225,68
chr17,4448454,7.28070175438597e-05,1.8575864294877626,0.17753572877250726,0.7507142327650885,68
chr17,4448466,7.28070175438597e-05,1.8575864294877626,0.17753572877250726,0.7507142327650885,68
chr17,4448484,7.28070175438597e-05,1.8575864294877626,0.17753572877250726,0.7507142327650885,68
chr17,4459548,-7.072368421052642e-05,1.870037926675113,0.17597376815323298,0.7545520662504477,70
chr17,4459729,7.173174872665544e-05,1.8634109337859537,0.1767980613105213,0.7525225015783699,69
chr17,4489697,7.072368421052642e-05,1.870037926675113,0.17597376815323298,0.7545520662504477,70
chr17,4550744,7.173174872665543e-05,1.8634109337859537,0.1767980613105213,0.7525225015783699,69
chr17,4554244,7.072368421052642e-05,1.870037926675113,0.17597376815323298,0.7545520662504477,70
chr17,4566919,7.17948717948719e-05,1.8537549407114922,0.1779084253125789,0.7498034842931538,69
chr17,4566928,7.17948717948719e-05,1.8537549407114922,0.1779084253125789,0.7498034842931538,69
chr17,4566946,7.17948717948719e-05,1.8537549407114922,0.1779084253125789,0.7498034842931538,69
chr17,4567015,-7.179487179487189e-05,1.8537549407114922,0.1779084253125789,0.7498034842931538,69
chr17,4602535,-5.87044534412956e-05,1.1253021408839408,0.29289457769272415,0.5332886682635248,64
chr17,4689535,-4.369369369369373e-05,0.6395385923322482,0.42679087190718656,0.3697848777263221,67
chr17,4775022,4.9227799227799266e-05,0.8987412587413183,0.34674184052061163,0.45999374989005515,65
chr17,4775734,-7.518796992481208e-05,1.8486924653144192,0.178706668896346,0.7478592403827607,66
chr17,4833494,5.671506352087118e-05,1.172810993388965,0.28282545999390224,0.5484814978554651,67
chr17,4841252,7.173174872665544e-05,1.8634109337859535,0.1767980613105213,0.7525225015783699,69
chr17,4873483,7.280701754385971e-05,1.8575864294877626,0.17753572877250726,0.7507142327650885,68
chr17,4919088,6.406406406406413e-05,1.3528810092055097,0.24923224125365273,0.6033957770496508,64
chr18,122526,0.00016410256410256434,10.966751918158344,0.0014972736390353545,2.8246988215253905,69
chr18,150420,0.00012159709618874787,5.734035549703864,0.019531785796191803,1.7092580472407717,67
chr18,156058,0.00012787356321839093,6.078604056276099,0.016419046898445637,1.7846520566416353,65
chr18,393022,0.00012301957129543347,5.717766497461893,0.01974498150610212,1.704543268703915,66
chr18,421644,0.00011714770797962659,5.675874769797538,0.020044671780483247,1.6980010506677379,69
chr18,421675,0.00011714770797962659,5.675874769797538,0.020044671780483247,1.6980010506677379,69
chr18,453755,-0.00013620071684587823,6.837806088532231,0.011081917421860694,1.9553850903576566,67
chr18,492128,-0.00013217905405405413,6.816862690116972,0.011132376619560107,1.9534121094678962,69
chr18,494612,0.00013458110516934062,6.699083323539741,0.011888376615225979,1.9248774452285493,67
chr18,494711,-0.0001329004329004331,6.720318144889409,0.01172586175849809,1.9308552302156385,68
chr18,536969,-0.00012263257575757585,6.870650875068322,0.010970507529024072,1.9597732801777137,65
chr18,595373,0.00013067226890756304,6.684043324576217,0.01190956305987812,1.9241041716964666,69
chr18,604757,0.00013526785714285735,6.761438763821258,0.011518479728507416,1.9386048376740657,67
chr18,665300,-0.0001346992153443767,6.869735751973095,0.010870779672087008,1.9637393064066193,68
chr18,801811,-0.00010346320346320358,3.915875871467325,0.05200718452507733,1.2839366566716146,68
chr18,841891,0.00010346320346320365,3.9158758714673247,0.05200718452507733,1.2839366566716146,68
chr18,844552,-0.00010606060606060616,3.881188118812127,0.053160149694608846,1.2744138047900457,66
chr18,912210,-9.841269841269843e-05,3.1051752921535787,0.08313736029804719,1.0802037689348274,62
chr18,1016884,0.00010227272727272736,3.9350377312886025,0.051389822569783604,1.28912288177186,69
chr18,1047102,-0.0001295715778474401,5.672893633244243,0.020417262480519817,1.6900024879740427,62
chr18,1047110,-0.0001295715778474401,5.672893633244243,0.020417262480519817,1.6900024879740427,62
chr18,1115546,0.00010886699507389172,3.8107859817975926,0.05544324242842783,1.2561513792693169,64
chr18,1134503,-5.729166666666671e-05,1.2527058823529666,0.2670931634288691,0.5733372281265704,68
chr18,1159959,7.323232323232328e-05,1.9614648240330868,0.16597103048420483,0.7799677095430463,69
chr18,1162000,7.402597402597416e-05,1.9481720612461804,0.16746194223598274,0.7760838761190167,68
chr18,1350530,-3.0414746543778846e-05,0.3260768874478668,0.5699781318814456,0.24414180640716315,66
chr18,1400736,-1.5625000000000024e-05,0.08657237646239048,0.7694904001068018,0.11379679390482132,69
chr18,1401235,-1.5625000000000024e-05,0.08657237646239048,0.7694904001068018,0.11379679390482132,69
chr18,1409275,-1.5625000000000024e-05,0.08657237646239048,0.7694904001068018,0.11379679390482132,69
chr18,1409881,-3.0017921146953437e-05,0.3268292682926974,0.5695038698431433,0.24450332049477927,67
chr18,1484113,-1.5151515151515168e-05,0.08167411621293745,0.7759231117245666,0.11018131199973372,69
chr18,1596095,-2.985739750445639e-05,0.3250727774875248,0.5705404939110004,0.24371352625366616,67
chr18,1616556,-3.083491461100572e-05,0.3254390844790525,0.5703862766818857,0.24383093202194697,65
chr18,1616558,-3.083491461100572e-05,0.3254390844790525,0.5703862766818857,0.24383093202194697,65
chr18,1616609,-3.083491461100572e-05,0.3254390844790525,0.5703862766818857,0.24383093202194697,65
chr18,1643788,1.4705882352941194e-05,0.07930029154518727,0.7791030841146338,0.10840507647337351,70
chr18,1666809,-1.612903225806454e-05,0.08687903764758179,0.7691223111613268,0.11400459018747049,67
chr18,1723361,1.5151515151515173e-05,0.07937053326004839,0.7790337428019035,0.10844373103693475,68
chr18,1723375,1.5151515151515173e-05,0.07937053326004839,0.7790337428019035,0.10844373103693475,68
chr18,1765380,7.670454545454553e-05,2.2719267870393836,0.13673443330700732,0.8641221049483436,65
chr18,1766440,-4.327731092436978e-05,0.6733441893995492,0.4147980925246666,0.38216324940912105,69
chr18,1766564,4.248366013071895e-05,0.6675331276094084,0.4167663318422864,0.380107372447746,70
chr18,1806464,2.9513888888888934e-05,0.32625763303291383,0.5698110552882758,0.24426912897488945,68
chr18,1806609,2.9437229437229482e-05,0.3254060324826071,0.5703138093368324,0.2438861124650852,68
chr18,1806610,2.9513888888888934e-05,0.32625763303291383,0.5698110552882758,0.24426912897488945,68
chr18,1826247,4.369747899159667e-05,0.6866169425746904,0.410259654834671,0.38694118969697155,69
chr18,1826288,4.369747899159667e-05,0.6866169425746904,0.410259654834671,0.38694118969697155,69
chr18,1912366,-4.614695340501797e-05,0.718085078688067,0.39988222918696736,0.3980678955352097,67
chr18,1912497,4.5415959252971195e-05,0.7347263847422545,0.39441111379692173,0.40405085591979156,69
chr18,1913744,-3.13706563706564e-05,0.39776590577947063,0.5305266184326003,0.27529282109651243,65
chr18,1918766,4.513888888888891e-05,0.7093163751986432,0.40271243551786184,0.3950049594330419,68
chr18,1954949,-4.513888888888891e-05,0.7093163751986432,0.40271243551786184,0.3950049594330419,68
chr18,2004751,7.189542483660131e-05,1.9473836026774662,0.16740960924035195,0.7762196173087879,70
chr18,2008527,9.926854754440971e-05,3.2228306154028625,0.07765459054445181,1.1098328658955512,62
chr18,2021587,-6.166982922201144e-05,1.322247336131714,0.25453553056736117,0.5942515860097081,65
chr18,2121358,-7.268907563025215e-05,1.9349818732020077,0.16881682869716952,0.7725842624140209,69
chr18,2121360,-7.268907563025215e-05,1.9349818732020077,0.16881682869716952,0.7725842624140209,69
chr18,2128392,7.268907563025219e-05,1.934981873202008,0.16881682869716952,0.7725842624140209,69
chr18,2128399,7.268907563025219e-05,1.934981873202008,0.16881682869716952,0.7725842624140209,69
chr18,2129894,-7.268907563025215e-05,1.9349818732020077,0.16881682869716952,0.7725842624140209,69
chr18,2148546,-9.481915933528845e-05,3.1366031486581143,0.08146816742359843,1.0890120527671796,64
chr18,2150975,9.375000000000008e-05,3.0491803278686267,0.08573099942819883,1.0668621133592122,64
chr18,2163116,-7.189542483660132e-05,1.9473836026774662,0.16740960924035195,0.7762196173087879,70
chr18,2163128,-7.189542483660132e-05,1.9473836026774662,0.16740960924035195,0.7762196173087879,70
chr18,2163137,-7.189542483660132e-05,1.9473836026774662,0.16740960924035195,0.7762196173087879,70
chr18,2163842,7.323232323232326e-05,1.9614648240330868,0.16597103048420483,0.7799677095430463,69
chr18,2163909,-7.323232323232326e-05,1.9614648240330868,0.16597103048420483,0.7799677095430463,69
chr18,2173574,-7.189542483660132e-05,1.9473836026774662,0.16740960924035195,0.7762196173087879,70
chr18,2179078,6.166982922201144e-05,1.3222473361317133,0.25453553056736117,0.5942515860097081,65
chr18,2179093,6.166982922201144e-05,1.3222473361317133,0.25453553056736117,0.5942515860097081,65
chr18,2184844,-6.0829493087557665e-05,1.3245531514581836,0.2540583544549987,0.5950665191790027,66
chr18,2191222,7.390202702702711e-05,1.9916495104534013,0.1627954375064043,0.7883577707831707,69
chr18,2282802,-7.465277777777781e-05,1.97699548009784,0.16439794939353447,0.7841036039044035,68
chr18,2288483,-7.323232323232326e-05,1.9614648240330868,0.16597103048420483,0.7799677095430463,69
chr18,2288780,-6.734913793103454e-05,1.3968670781062802,0.2419905602665184,0.6162015749456891,61
chr18,2296766,7.323232323232326e-05,1.9614648240330868,0.16597103048420483,0.7799677095430463,69
chr18,2302813,7.628676470588239e-05,1.9490131070000458,0.16751723596132104,0.775940501476177,66
chr18,2302828,7.628676470588239e-05,1.9490131070000458,0.16751723596132104,0.775940501476177,66
chr18,2314077,-5.902777777777784e-05,1.324675324675394,0.2539074505729519,0.5953245551513061,68
chr18,2367222,-7.702702702702708e-05,2.029629700819957,0.1590419479113191,0.7984883137694702,67
chr18,2367371,-7.541412380122065e-05,2.009736771420974,0.1609964270796486,0.7931837619607642,68
chr18,2371919,-8.21428571428572e-05,2.0383424925778435,0.15847636567864232,0.8000354969837018,63
chr18,2371942,-8.21428571428572e-05,2.0383424925778435,0.15847636567864232,0.8000354969837018,63
chr18,2376610,8.258258258258267e-05,2.1022013988522947,0.15212724916650885,0.8177929877700445,64
chr18,2376637,8.258258258258267e-05,2.1022013988522947,0.15212724916650885,0.8177929877700445,64
chr18,2431418,-6.0829493087557665e-05,1.3245531514581836,0.2540583544549987,0.5950665191790027,66
chr18,2433263,5.92850915431561e-05,1.3305662614882035,0.25286474799018505,0.5971117116617617,68
chr18,2433353,-7.465277777777781e-05,1.97699548009784,0.16439794939353447,0.7841036039044035,68
chr18,2449305,7.248157248157258e-05,1.975200267022657,0.16444941773480215,0.7839676598828169,70
chr18,2449380,7.248157248157258e-05,1.975200267022657,0.16444941773480215,0.7839676598828169,70
chr18,2449431,7.248157248157258e-05,1.975200267022657,0.16444941773480215,0.7839676598828169,70
chr18,2457606,-7.402597402597414e-05,1.94817206124618,0.16746194223598274,0.7760838761190167,68
chr18,2459907,7.248157248157258e-05,1.975200267022657,0.16444941773480215,0.7839676598828169,70
chr18,2459928,-7.248157248157258e-05,1.975200267022657,0.16444941773480215,0.7839676598828169,70
chr18,2459979,-7.248157248157258e-05,1.975200267022657,0.16444941773480215,0.7839676598828169,70
chr18,2478477,-6.003584229390689e-05,1.3273392258458372,0.253498947390794,0.5960238396573468,67
chr18,2487639,7.323232323232326e-05,1.9614648240330868,0.16597103048420483,0.7799677095430463,69
chr18,2493316,7.541412380122068e-05,2.009736771420974,0.1609964270796486,0.7931837619607642,68
chr18,2520092,-6.351351351351354e-05,1.488580482629548,0.22684502743285853,0.644270736266334,67
chr18,2540033,7.541412380122067e-05,2.0097367714209744,0.1609964270796486,0.7931837619607642,68
chr18,2540072,7.541412380122067e-05,2.0097367714209744,0.1609964270796486,0.7931837619607642,68
chr18,2573558,-7.61648745519714e-05,1.9941190208276462,0.16268064873725646,0.788664104386156,67
chr18,2573566,-7.61648745519714e-05,1.9941190208276462,0.16268064873725646,0.788664104386156,67
chr18,2573574,-7.61648745519714e-05,1.9941190208276462,0.16268064873725646,0.788664104386156,67
chr18,2573595,-7.465277777777781e-05,1.9769954800978402,0.16439794939353447,0.7841036039044035,68
chr18,2578711,-5.92850915431561e-05,1.3305662614882037,0.25286474799018505,0.5971117116617617,68
chr18,2634776,-6.150978564771675e-05,1.3396764985727039,0.2513925642123043,0.5996475721923181,66
chr18,2634805,-6.150978564771675e-05,1.3396764985727039,0.2513925642123043,0.5996475721923181,66
chr18,2655033,-7.390202702702711e-05,1.991649510453402,0.1627954375064043,0.7883577707831707,69
chr18,2655042,-7.390202702702711e-05,1.991649510453402,0.1627954375064043,0.7883577707831707,69
chr18,2655118,-7.390202702702711e-05,1.991649510453402,0.1627954375064043,0.7883577707831707,69
chr18,2659351,-7.248157248157258e-05,1.975200267022657,0.16444941773480215,0.7839676598828169,70
chr18,2671767,-5.902777777777784e-05,1.3246753246753937,0.2539074505729519,0.5953245551513061,68
chr18,2688622,7.268907563025215e-05,1.9349818732020079,0.16881682869716952,0.7725842624140209,69
chr18,2698020,-7.189542483660132e-05,1.947383602677466,0.16740960924035195,0.7762196173087879,70
chr18,2704225,-7.189542483660132e-05,1.947383602677466,0.16740960924035195,0.7762196173087879,70
chr18,2707018,-7.268907563025215e-05,1.9349818732020079,0.16881682869716952,0.7725842624140209,69
chr18,2707045,-7.268907563025215e-05,1.9349818732020079,0.16881682869716952,0.7725842624140209,69
chr18,2707195,-7.323232323232326e-05,1.9614648240330868,0.16597103048420483,0.7799677095430463,69
chr18,2716507,7.323232323232326e-05,1.9614648240330868,0.16597103048420483,0.7799677095430463,69
chr18,2746527,-4.6432062561094846e-05,0.7879387842465536,0.3781547657226626,0.4223304220059063,64
chr18,2753019,-8.838383838383845e-05,3.160742480841103,0.07996662752839968,1.0970912193096167,69
chr18,2753033,-8.838383838383845e-05,3.160742480841103,0.07996662752839968,1.0970912193096167,69
chr18,2759993,-7.352941176470594e-05,1.9230769230770517,0.1701840500900797,0.7690811450884324,68
chr18,2760040,-7.628676470588239e-05,1.9490131070000456,0.16751723596132104,0.775940501476177,66
chr18,2760043,-7.628676470588239e-05,1.9490131070000456,0.16751723596132104,0.775940501476177,66
chr18,2760095,-7.628676470588239e-05,1.9490131070000456,0.16751723596132104,0.775940501476177,66
chr18,2760096,7.628676470588239e-05,1.9490131070000456,0.16751723596132104,0.775940501476177,66
chr18,2760123,-7.628676470588239e-05,1.9490131070000456,0.16751723596132104,0.775940501476177,66
chr18,2782682,-7.107843137254908e-05,1.9021453517380038,0.17235777560789783,0.7635691194075804,70
chr18,2944831,-8.71212121212122e-05,3.0514851485148373,0.08524593877058417,1.0693263022068844,69
chr18,2946370,-0.00010227272727272732,3.9350377312886025,0.051389822569783604,1.28912288177186,69
chr18,2946576,-0.0001004901960784314,3.9113088109496466,0.05201682547486398,1.283856155808311,70
chr18,3063110,-8.854166666666675e-05,3.0572207084469065,0.08502881952010892,1.0704338503185047,68
chr18,3066048,-0.00010472370766488426,3.897889598931373,0.052598706632593695,1.2790249347290275,67
chr18,3104365,-0.00010227272727272732,3.9350377312886025,0.051389822569783604,1.28912288177186,69
chr18,3105776,-0.00010227272727272732,3.9350377312886025,0.051389822569783604,1.28912288177186,69
chr18,3160589,0.00010618279569892483,3.991233679984925,0.049925506864678275,1.3016775172952082,67
chr18,3160612,-0.00010618279569892483,3.991233679984925,0.049925506864678275,1.3016775172952082,67
chr18,3160621,-0.00010618279569892483,3.991233679984925,0.049925506864678275,1.3016775172952082,67
chr18,3160632,-0.00010618279569892483,3.991233679984925,0.049925506864678275,1.3016775172952082,67
chr18,3162641,-9.12442396313365e-05,3.0593915982616995,0.08506592074247321,1.070244392885837,66
chr18,3176082,0.00010346320346320365,3.915875871467325,0.05200718452507733,1.2839366566716146,68
chr18,3182989,-9.90259740259741e-05,3.073441502988864,0.0847751206086182,1.0717315836835228,61
chr18,3186447,0.00010346320346320362,3.915875871467325,0.05200718452507733,1.2839366566716146,68
chr18,3194813,-6.212121212121218e-05,1.5263847333243574,0.22139295010223825,0.6548362126372568,63
chr18,3194848,-6.212121212121218e-05,1.5263847333243574,0.22139295010223825,0.6548362126372568,63
chr18,3206122,-0.00010618279569892482,3.991233679984924,0.049925506864678275,1.3016775172952082,67
chr18,3274560,-0.00010168067226890767,3.8938984356082242,0.052588717153132646,1.2791074232179347,69
chr18,3295783,6.33116883116884e-05,1.4785237663728685,0.22884836550562607,0.6404521850694205,61
chr18,3306216,0.00011139112903225815,3.906690794175151,0.05262026133735757,1.2788469993310747,63
chr18,3336649,0.0001194295900178255,5.622982569399439,0.02069962682883225,1.6840374838976624,67
chr18,3336650,0.00010294117647058832,3.8776978417267736,0.0531321554361362,1.2746425655125795,68
chr18,3336655,0.00010294117647058832,3.8776978417267736,0.0531321554361362,1.2746425655125795,68
chr18,3336873,0.00010294117647058832,3.8776978417267736,0.0531321554361362,1.2746425655125795,68
chr18,3370003,8.957219251336906e-05,3.0475857242827376,0.08558238879177113,1.0676155955734474,67
chr18,3374840,0.00010472370766488426,3.8978895989313735,0.052598706632593695,1.2790249347290275,67
chr18,3374853,0.00010472370766488426,3.8978895989313735,0.052598706632593695,1.2790249347290275,67
chr18,3405744,-0.00010294117647058832,3.8776978417267736,0.0531321554361362,1.2746425655125795,68
chr18,3405917,-0.00010126050420168074,3.8599338001246677,0.05360137236053898,1.2708240908859731,69
chr18,3460129,0.00010606060606060616,3.881188118812127,0.053160149694608846,1.2744138047900457,66
chr18,3460510,-0.00010294117647058832,3.8776978417267736,0.0531321554361362,1.2746425655125795,68
chr18,3460531,0.00010294117647058832,3.8776978417267736,0.0531321554361362,1.2746425655125795,68
chr18,3460618,-8.91265597147951e-05,3.031716417910356,0.08638292365791776,1.0635721012029307,67
chr18,3464000,-9.584178498985813e-05,3.0703062583221765,0.0847597682623391,1.0718102393435573,63
chr18,3464030,-9.584178498985813e-05,3.0703062583221765,0.0847597682623391,1.0718102393435573,63
chr18,3476144,-9.099264705882361e-05,3.0505536831969935,0.0855073920714127,1.0679963391074483,66
chr18,3499931,-8.831168831168838e-05,3.04891304347834,0.08544422170463913,1.0683173017746297,68
chr18,3547146,-5.798319327731096e-05,1.3204798628963554,0.2545916830611561,0.5941557878765644,69
chr18,3561107,-7.31601731601732e-05,1.9015619830041872,0.17255911747369906,0.7630620890302374,68
chr18,3561272,-7.410714285714292e-05,1.8916949360190374,0.17373260922477085,0.7601186577923637,67
chr18,3569583,-6.256109481915939e-05,1.320465890182997,0.25492223350730725,0.5935922850939077,64
chr18,3569592,-6.36363636363637e-05,1.3219814241485757,0.2547246722484968,0.5939289878889914,63
chr18,3592085,7.226890756302525e-05,1.912040252504195,0.171328281762757,0.7661709405973561,69
chr18,3592261,7.226890756302525e-05,1.912040252504195,0.171328281762757,0.7661709405973561,69
chr18,3600128,-7.31601731601732e-05,1.9015619830041872,0.17255911747369906,0.7630620890302374,68
chr18,3600177,-7.31601731601732e-05,1.9015619830041872,0.17255911747369906,0.7630620890302374,68
chr18,3600252,-7.31601731601732e-05,1.9015619830041872,0.17255911747369906,0.7630620890302374,68
chr18,3600364,7.486631016042791e-05,1.9353613611332927,0.16891672895391735,0.7723273372105356,67
chr18,3619061,-5.8823529411764755e-05,1.3199999999999632,0.25473882207932586,0.5939048637131911,68
chr18,3639424,-4.503676470588239e-05,0.7888336182423186,0.3777789301012874,0.42276226768448005,66
chr18,3639453,6.036036036036038e-05,1.3346613545815884,0.2522068840498721,0.598243063424833,67
chr18,3639498,-7.536764705882358e-05,1.9009453131901803,0.172772670003926,0.7625249551742793,66
chr18,3653851,8.11827956989248e-05,2.2691044582268707,0.13731182920193136,0.8622920473529749,61
chr18,3659636,7.226890756302525e-05,1.912040252504195,0.171328281762757,0.7661709405973561,69
chr18,3686147,-7.226890756302525e-05,1.912040252504195,0.171328281762757,0.7661709405973561,69
chr18,3702251,-4.5928030303030326e-05,0.7961145619984975,0.3756530195327994,0.4252131159120387,65
chr18,3736835,-0.00010049019607843139,3.911308810949646,0.05201682547486398,1.283856155808311,70
chr18,3750792,-7.084357084357093e-05,1.8844883143820363,0.17433543385840644,0.7586143331126983,70
chr18,3750936,-7.226890756302525e-05,1.912040252504195,0.171328281762757,0.7661709405973561,69
chr18,3750944,-7.226890756302525e-05,1.912040252504195,0.171328281762757,0.7661709405973561,69
chr18,3750992,-7.226890756302525e-05,1.912040252504195,0.171328281762757,0.7661709405973561,69
chr18,3750993,-7.226890756302525e-05,1.912040252504195,0.171328281762757,0.7661709405973561,69
chr18,3751011,-7.226890756302525e-05,1.912040252504195,0.171328281762757,0.7661709405973561,69
chr18,3769611,-5.971479500891274e-05,1.3200969990905926,0.2547850729435387,0.5938260195397881,67
chr18,3789729,5.887445887445896e-05,1.3211657344716268,0.2545312111607822,0.5942589559448801,68
chr18,3795051,7.107843137254905e-05,1.9021453517380038,0.17235777560789783,0.7635691194075804,70
chr18,3835742,-6.0661764705882405e-05,1.3208255159474493,0.2547208542939268,0.59393549738418,66
chr18,3890651,5.902777777777784e-05,1.324675324675394,0.2539074505729519,0.5953245551513061,68
chr18,3890713,5.902777777777784e-05,1.324675324675394,0.2539074505729519,0.5953245551513061,68
chr18,3895990,4.476351351351358e-05,0.7172179095831777,0.40007293316602455,0.39786082971140313,69
chr18,3924601,4.476351351351358e-05,0.7172179095831777,0.40007293316602455,0.39786082971140313,69
chr18,3924646,4.577157802964261e-05,0.7263599846673072,0.3971477316808487,0.40104791359124603,68
chr18,3924683,1.315789473684211e-05,0.053347485945651925,0.818136618549109,0.08717416854405448,61
chr18,3986730,-1.4285714285714299e-05,0.07316080729165546,0.7876874293759253,0.10364608533712277,64
chr18,4015111,3.039927404718696e-05,0.3310025081705809,0.5670557407246355,0.24637424851575657,67
chr18,4026640,4.54159592529712e-05,0.7347263847422544,0.39441111379692173,0.40405085591979156,69
chr18,4031739,4.381654381654388e-05,0.7087615163322086,0.40280639117943895,0.3949036472744699,70
chr18,4032006,4.381654381654388e-05,0.7087615163322086,0.40280639117943895,0.3949036472744699,70
chr18,4075024,3.075489282385838e-05,0.32974238875876155,0.5678236666990744,0.24578651018527345,66
chr18,4129545,-4.419191919191922e-05,0.7012140422223632,0.40535319319111507,0.3921664014555891,69
chr18,4129622,-4.419191919191922e-05,0.7012140422223632,0.40535319319111507,0.3921664014555891,69
chr18,4129630,-4.419191919191922e-05,0.7012140422223632,0.40535319319111507,0.3921664014555891,69
chr18,4129675,4.419191919191922e-05,0.7012140422223632,0.40535319319111507,0.3921664014555891,69
chr18,4157056,4.4191919191919226e-05,0.7012140422223629,0.40535319319111507,0.3921664014555891,69
chr18,4167858,4.595588235294118e-05,0.6938301156961658,0.4079624243839336,0.38937983601359744,66
chr18,4204433,4.3300653594771284e-05,0.6937187891553235,0.4078182228328253,0.38953337223388934,70
chr18,4241445,3.095238095238098e-05,0.32668528121261586,0.5696511172823722,0.24439104648218155,65
chr18,4241497,3.0414746543778846e-05,0.3260768874478668,0.5699781318814456,0.24414180640716315,66
chr18,4241510,3.0414746543778846e-05,0.3260768874478668,0.5699781318814456,0.24414180640716315,66
chr18,4241527,3.0414746543778846e-05,0.3260768874478668,0.5699781318814456,0.24414180640716315,66
chr18,4243084,4.4191919191919205e-05,0.7012140422223632,0.40535319319111507,0.3921664014555891,69
chr18,4252662,-4.513888888888892e-05,0.7093163751986431,0.40271243551786184,0.3950049594330419,68
chr18,4252721,4.513888888888892e-05,0.7093163751986431,0.40271243551786184,0.3950049594330419,68
chr18,4252858,-4.545454545454549e-05,0.6792452830187922,0.4129076950477293,0.38414702343281487,66
chr18,4286529,4.372294372294378e-05,0.6668218337981529,0.41709960567728843,0.37976022073258786,68
chr18,4286545,4.372294372294378e-05,0.6668218337981529,0.41709960567728843,0.37976022073258786,68
chr18,4286621,4.372294372294378e-05,0.6668218337981529,0.41709960567728843,0.37976022073258786,68
chr18,4313853,4.292929292929296e-05,0.6613272311212673,0.41897229690844595,0.3778146923023176,69
chr18,4326867,3.095238095238098e-05,0.3266852812126159,0.5696511172823722,0.24439104648218155,65
chr18,4345730,-4.3722943722943785e-05,0.6668218337981527,0.41709960567728843,0.37976022073258786,68
chr18,4391341,4.2178542178542224e-05,0.6562586420202247,0.42070985440617026,0.3760173152611132,70
chr18,4413612,4.52380952380953e-05,0.6481887878701351,0.42378912085505815,0.3728501963115395,65
chr18,4413617,4.52380952380953e-05,0.6481887878701351,0.42378912085505815,0.3728501963115395,65
chr18,4413676,4.52380952380953e-05,0.6481887878701351,0.42378912085505815,0.3728501963115395,65
chr18,4414038,-4.554079696394691e-05,0.6595120178109808,0.41979029781786026,0.3769676030400826,65
chr18,4442151,-5.376344086021515e-07,0.00010468807389980805,0.9918709308571454,0.003544837587189051,61
chr18,4442164,-5.376344086021515e-07,0.00010468807389980805,0.9918709308571454,0.003544837587189051,61
chr18,4447299,-4.16666666666667e-05,0.6291635825314232,0.4304212879840553,0.366106257264125,70
chr18,4474098,7.196969696969707e-05,1.8925171487440764,0.17350002144264945,0.7607004671991954,69
chr18,4474196,-7.179054054054061e-05,1.8763251431251962,0.17532573886870995,0.7561543221943164,69
chr18,4479715,-7.107843137254906e-05,1.9021453517380038,0.17235777560789783,0.7635691194075804,70
chr18,4479846,7.291666666666673e-05,1.8835177635411793,0.17458105562299336,0.7580028848273244,68
chr18,4480269,7.316017316017322e-05,1.9015619830041872,0.17255911747369906,0.7630620890302374,68
chr18,4480415,7.316017316017322e-05,1.9015619830041872,0.17255911747369906,0.7630620890302374,68
chr18,4500714,6.256109481915939e-05,1.3204658901829969,0.25492223350730725,0.5935922850939077,64
chr18,4540909,-5.982142857142862e-05,1.322502277558515,0.25435702203149396,0.5945562683041671,67
chr18,4558632,-7.142857142857149e-05,1.923076923076816,0.17004730974227203,0.76943023449473,70
chr18,4596509,-5.971479500891268e-05,1.3200969990905926,0.2547850729435387,0.5938260195397881,67
chr18,4596666,-6.45833333333334e-05,1.3200851667849443,0.25513647293464753,0.5932274525544506,62
chr18,4640799,-7.913306451612904e-05,1.9110010459999183,0.17189280252070882,0.7647423076700215,63
chr18,4646694,6.060606060606066e-05,1.3195876288659338,0.25494133854943424,0.5935597382918575,66
chr18,4646715,6.060606060606066e-05,1.3195876288659338,0.25494133854943424,0.5935597382918575,66
chr18,4653442,4.6401515151515194e-05,0.8128267820198659,0.3707197122938435,0.43095432059889,65
chr18,4690269,-2.9437229437229472e-05,0.3254060324826071,0.5703138093368324,0.2438861124650852,68
chr18,4690368,-2.9437229437229472e-05,0.3254060324826071,0.5703138093368324,0.2438861124650852,68
chr18,4698188,-4.503676470588244e-05,0.6660684949913325,0.4174529799797029,0.3793924343967847,66
chr18,4698288,-4.503676470588244e-05,0.6660684949913325,0.4174529799797029,0.3793924343967847,66
chr18,4743308,1.5151515151515143e-05,0.08167411621293745,0.7759231117245666,0.11018131199973372,69
chr18,4744677,-1.612903225806454e-05,0.08197474167623309,0.7755783513041933,0.1103743218733034,65
chr18,4782542,2.3809523809523926e-06,0.0019330490012567816,0.965070203548481,0.015441092972544798,65
chr18,4844844,2.9437229437229452e-05,0.32540603248260697,0.5703138093368324,0.2438861124650852,68
chr18,4845587,1.3888888888888871e-05,0.0707249923524092,0.7910887788939426,0.10177477564238743,70
chr18,4845667,-1.3888888888888886e-05,0.0707249923524092,0.7910887788939426,0.10177477564238743,70
chr18,4847592,3.2866379310344866e-05,0.3249661399548853,0.5708028235300129,0.24351388727345372,61
chr18,4849166,-1.4285714285714302e-05,0.06838056413964372,0.7945362631122834,0.0998862765432449,67
chr18,4859794,-1.3888888888888886e-05,0.0707249923524092,0.7910887788939426,0.10177477564238743,70
chr18,4905491,-1.7241379310344855e-05,0.10042604990874258,0.7524189962857615,0.12354024837160751,62
chr18,4965644,1.3888888888888871e-05,0.0707249923524092,0.7910887788939426,0.10177477564238743,70
chr18,4967000,-2.9513888888888897e-05,0.32625763303283717,0.5698110552883194,0.2442691289748562,68
chr18,4996289,1.4705882352941172e-05,0.07706464228203143,0.782170249976375,0.10669870655929907,69
chr18,4996298,1.4705882352941172e-05,0.07706464228203143,0.782170249976375,0.10669870655929907,69
chr18,4996299,1.4705882352941172e-05,0.07706464228203143,0.782170249976375,0.10669870655929907,69
chr18,5011808,1.61290322580645e-05,0.0853423336547722,0.7712089044358068,0.11282796467964203,61
chr18,5024071,-1.2987838524565947e-20,0.0,1.0,-0.0,68
chr18,5068247,-1.3888888888888908e-05,0.06861558514105595,0.794166910030295,0.10008821232455797,69
chr18,5172826,1.4285714285714304e-05,0.07271914703440119,0.7882468902782845,0.10333773391674696,69
chr18,5173426,-3.0303030303030357e-05,0.3466386554621729,0.5580318033526208,0.25334104904278976,68
chr18,5216964,-1.4285714285714299e-05,0.0748898678414346,0.7851753351822295,0.10503335140837709,70
chr18,5219496,1.9230769230769272e-05,0.1153216374268846,0.7353916622917037,0.13348129837418915,60
chr18,5232308,1.470588235294118e-05,0.07706464228203143,0.782170249976375,0.10669870655929907,69
chr18,5235303,1.5151515151515192e-05,0.07706793137119645,0.7821919681519421,0.10668664786381649,67
chr18,5253772,-2.8571428571428584e-05,0.3174470457079438,0.5750268206025857,0.24031189832244937,69
chr18,5297508,-1.3888888888888908e-05,0.06861558514105592,0.794166910030295,0.10008821232455797,69
chr18,5326553,-1.428571428571431e-05,0.07271914703440119,0.7882468902782845,0.10333773391674696,69
chr18,5326697,-1.4285714285714294e-05,0.07054936512052101,0.7913664956780773,0.10162234053719627,68
chr18,5345590,-1.428571428571431e-05,0.07271914703440119,0.7882468902782845,0.10333773391674696,69
chr18,5585842,-1.428571428571431e-05,0.0727191470344012,0.7882468902782845,0.10333773391674696,69
chr18,5585847,-1.428571428571431e-05,0.0727191470344012,0.7882468902782845,0.10333773391674696,69
chr18,5640151,4.327731092436977e-05,0.6733441893995492,0.4147980925246666,0.38216324940912105,69
chr18,5681335,-7.410714285714292e-05,1.8916949360190378,0.17373260922477085,0.7601186577923637,67
chr18,5687196,-5.887445887445892e-05,1.321165734471627,0.2545312111607822,0.5942589559448801,68
chr18,5687198,-5.887445887445892e-05,1.321165734471627,0.2545312111607822,0.5942589559448801,68
chr18,5687214,-5.887445887445892e-05,1.321165734471627,0.2545312111607822,0.5942589559448801,68
chr18,5714240,-7.268907563025218e-05,1.9349818732020079,0.16881682869716952,0.7725842624140209,69
chr18,5716236,-7.189542483660131e-05,1.9473836026774658,0.16740960924035195,0.7762196173087879,70
chr18,5717028,-7.40259740259741e-05,1.9481720612461801,0.16746194223598274,0.7760838761190167,68
chr18,5717166,-7.189542483660131e-05,1.9473836026774658,0.16740960924035195,0.7762196173087879,70
chr18,5717212,-7.268907563025218e-05,1.9349818732020079,0.16881682869716952,0.7725842624140209,69
chr18,5717326,7.268907563025216e-05,1.9349818732020079,0.16881682869716952,0.7725842624140209,69
chr18,5728762,7.352941176470594e-05,1.9230769230770517,0.1701840500900797,0.7690811450884324,68
chr18,5728764,7.352941176470594e-05,1.9230769230770517,0.1701840500900797,0.7690811450884324,68
chr18,5766075,-7.316017316017324e-05,2.259616122288478,0.1375571336320392,0.861516882433902,68
chr18,5766196,-5.9821428571428605e-05,1.3225022775585147,0.25435702203149396,0.5945562683041671,67
chr18,5766661,6.166982922201144e-05,1.3222473361317133,0.25453553056736117,0.5942515860097081,65
chr18,5790621,4.476351351351356e-05,0.7172179095831775,0.40007293316602455,0.39786082971140313,69
chr18,5804366,-6.0035842293906874e-05,1.327339225845837,0.253498947390794,0.5960238396573468,67
chr18,5804398,-6.0035842293906874e-05,1.327339225845837,0.253498947390794,0.5960238396573468,67
chr18,5836038,-4.476351351351356e-05,0.7172179095831775,0.40007293316602455,0.39786082971140313,69
chr18,5846964,3.125000000000001e-05,0.3781845919145691,0.5406595055403594,0.26707615711006627,69
chr18,5863519,4.4407894736842135e-05,0.7252139565502904,0.397428087428082,0.4007414432554573,70
chr18,5863585,4.4407894736842135e-05,0.7252139565502904,0.397428087428082,0.4007414432554573,70
chr18,5863611,4.4407894736842135e-05,0.7252139565502904,0.397428087428082,0.4007414432554573,70
chr18,5867946,0.0,0.0,1.0,-0.0,64
chr18,5889079,-1.5625000000000038e-05,0.08657237646239047,0.7694904001068018,0.11379679390482132,69
chr18,5902308,-8.882399554991119e-21,0.0,1.0,-0.0,69
chr18,5929004,-1.7241379310344808e-05,0.11592978503707718,0.7345895785702018,0.13395523716899774,67
chr18,5929137,3.918344693544106e-20,0.0,1.0,-0.0,68
chr18,5962329,-1.7241379310344845e-05,0.09542230818826429,0.7583971411000076,0.12010331280979929,66
chr18,6013388,1.2529456606542646e-20,0.0,1.0,-0.0,66
chr18,6104576,2.9910714285714326e-05,0.3256561728856791,0.5701957808369045,0.24397600057624294,67
chr18,6104580,2.9910714285714326e-05,0.3256561728856791,0.5701957808369045,0.24397600057624294,67
chr18,6104623,2.9910714285714326e-05,0.3256561728856791,0.5701957808369045,0.24397600057624294,67
chr18,6105918,3.1130268199233745e-05,0.32857257482148544,0.5685413039005875,0.24523797881353676,65
chr18,6105968,3.041474654377882e-05,0.3260768874478668,0.5699781318814456,0.24414180640716315,66
chr18,6116980,1.4285714285714326e-05,0.061880506607920056,0.8043702214983612,0.09454401574601547,64
chr19,10613,-2.7323643459809923e-22,0.0,1.0,-0.0,63
chr19,10665,-2.7323643459809923e-22,0.0,1.0,-0.0,63
chr19,32832,1.5624999999999994e-05,0.08271298593881075,0.7746450026639564,0.11089727646831422,62
chr19,32842,1.5624999999999994e-05,0.08271298593881075,0.7746450026639564,0.11089727646831422,62
chr19,90487,1.4705882352941168e-05,0.07706464228203144,0.782170249976375,0.10669870655929907,69
chr19,90520,1.4705882352941168e-05,0.07706464228203144,0.782170249976375,0.10669870655929907,69
chr19,90555,1.4705882352941168e-05,0.07706464228203144,0.782170249976375,0.10669870655929907,69
chr19,99607,-1.4285714285714285e-05,0.070549365120521,0.7913664956780773,0.10162234053719627,68
chr19,111343,2.1258866127166747e-20,0.0,1.0,-0.0,67
chr19,112816,1.4285714285714299e-05,0.0748898678414346,0.7851753351822295,0.10503335140837709,70
chr19,112828,1.4285714285714299e-05,0.0748898678414346,0.7851753351822295,0.10503335140837709,70
chr19,112834,-1.4285714285714299e-05,0.0748898678414346,0.7851753351822295,0.10503335140837709,70
chr19,150206,1.42857142857143e-05,0.07271914703440117,0.7882468902782845,0.10333773391674696,69
chr19,175597,-3.0330882352941203e-05,0.32517321016162126,0.5705117578260298,0.24373540066497004,66
chr19,276221,-4.372294372294377e-05,0.6668218337981526,0.41709960567728843,0.37976022073258786,68
chr19,280163,-4.217854217854223e-05,0.6562586420202245,0.42070985440617026,0.3760173152611132,70
chr19,280165,-4.217854217854223e-05,0.6562586420202245,0.42070985440617026,0.3760173152611132,70
chr19,280167,-4.217854217854223e-05,0.6562586420202245,0.42070985440617026,0.3760173152611132,70
chr19,280203,-4.217854217854223e-05,0.6562586420202245,0.42070985440617026,0.3760173152611132,70
chr19,280363,-4.217854217854223e-05,0.6562586420202245,0.42070985440617026,0.3760173152611132,70
chr19,288077,-4.217854217854223e-05,0.6562586420202245,0.42070985440617026,0.3760173152611132,70
chr19,298975,7.279860505666959e-05,1.8688715337005097,0.17624271055136911,0.7538888365083886,68
chr19,305176,-6.0360360360360406e-05,1.3346613545815884,0.2522068840498721,0.598243063424833,67
chr19,337410,3.4482758620689724e-05,0.44665012406947285,0.5064930516429289,0.29542650815924465,62
chr19,591660,4.330065359477127e-05,0.6937187891553233,0.4078182228328253,0.38953337223388934,70
chr19,591720,-4.419191919191923e-05,0.7012140422223628,0.40535319319111507,0.3921664014555891,69
chr19,638703,4.330065359477127e-05,0.6937187891553233,0.4078182228328253,0.38953337223388934,70
chr19,678468,-4.381654381654388e-05,0.7087615163322093,0.40280639117943895,0.3949036472744699,70
chr19,686252,3.0414746543778853e-05,0.3260768874478668,0.5699781318814456,0.24414180640716315,66
chr19,727828,-4.654377880184336e-05,0.709909486714384,0.4026116298813669,0.3951136841906498,66
chr19,804368,-1.2499999999999987e-05,0.05236314178852473,0.8197086716934421,0.08634047049018866,68
chr19,862634,1.3157894736842116e-05,0.05109026369166655,0.8219203707512088,0.08517025571847288,64
chr19,902467,-1.2195121951219552e-05,0.05110602593440121,0.8218379925311342,0.08521378572536019,69
chr19,921005,5.388888888888895e-05,0.9352079125188586,0.33746081895259095,0.4717766438714114,61
chr19,939985,1.666666666666668e-05,0.09988982739627358,0.752929969350954,0.12324541601551889,70
chr19,939986,1.666666666666668e-05,0.09988982739627358,0.752929969350954,0.12324541601551889,70
chr19,963730,-1.9230769230769238e-05,0.1187805579522412,0.7315863817438664,0.1357343873789701,61
chr19,1004276,1.7241379310344852e-05,0.10067271589490774,0.7520254149244502,0.12376748204807085,68
chr19,1041621,1.666666666666668e-05,0.09988982739627358,0.752929969350954,0.12324541601551889,70
chr19,1041765,1.666666666666668e-05,0.09988982739627358,0.752929969350954,0.12324541601551889,70
chr19,1043080,1.717181803400531e-21,0.0,1.0,-0.0,65
chr19,1043156,1.717181803400531e-21,0.0,1.0,-0.0,65
chr19,1043168,1.717181803400531e-21,0.0,1.0,-0.0,65
chr19,1053588,-4.6677880571909254e-05,0.7841307277627949,0.3790014961107274,0.42135907564841635,70
chr19,1069136,-3.00522648083624e-05,0.3372729262420549,0.5633560014749812,0.24921707474959764,69
chr19,1099872,-3.571428571428577e-05,0.45585326380144925,0.5019631306858074,0.29932818071900213,67
chr19,1128134,-4.7619047619047675e-05,0.8074211502783657,0.3720545796329293,0.4293933453474476,70
chr19,1128275,-4.7619047619047675e-05,0.8074211502783657,0.3720545796329293,0.4293933453474476,70
chr19,1240598,3.113553113553118e-05,0.34427738570109845,0.5593722841629369,0.2522990559003051,68
chr19,1240795,4.7909407665505274e-05,0.7975343037142515,0.3750281058566799,0.4259361835761039,69
chr19,1272357,5.065666041275803e-05,0.8279061234652287,0.36624044950131207,0.43623369164250186,67
chr19,1272447,4.9232158988256566e-05,0.8120816072909098,0.37078226393002023,0.4308810481563043,68
chr19,1309461,3.113553113553117e-05,0.34427738570109845,0.5593722841629369,0.2522990559003051,68
chr19,1422902,6.481481481481487e-05,1.347003154574186,0.25032474895097206,0.6014962107134195,63
chr19,1535159,3.1015037593984986e-05,0.3325460557392705,0.5661865093614331,0.24704048286863234,66
chr19,1549792,4.667788057190926e-05,0.7841307277627948,0.3790014961107274,0.42135907564841635,70
chr19,1581822,-4.698275862068967e-05,0.7747379751799742,0.38190162090742275,0.4180484983440022,69
chr19,1641908,-4.4871794871794935e-05,0.7289256198347224,0.3964663604515388,0.40179365598836525,65
chr19,1641934,-4.4871794871794935e-05,0.7289256198347224,0.3964663604515388,0.40179365598836525,65
chr19,1667550,4.667788057190926e-05,0.7841307277627948,0.3790014961107274,0.42135907564841635,70
chr19,1667551,4.667788057190926e-05,0.7841307277627948,0.3790014961107274,0.42135907564841635,70
chr19,1667563,-4.6677880571909254e-05,0.7841307277627948,0.3790014961107274,0.42135907564841635,70
chr19,1667653,4.667788057190926e-05,0.7841307277627948,0.3790014961107274,0.42135907564841635,70
chr19,1667872,3.174603174603177e-05,0.329787234042559,0.5678621644541253,0.2457570665449073,64
chr19,1713363,4.6153846153846185e-05,0.7538547020419142,0.3883579585232687,0.4107677905292112,69
chr19,1713433,4.6153846153846185e-05,0.7538547020419142,0.3883579585232687,0.4107677905292112,69
chr19,1713438,4.6153846153846185e-05,0.7538547020419142,0.3883579585232687,0.4107677905292112,69
chr19,1713454,4.6153846153846185e-05,0.7538547020419142,0.3883579585232687,0.4107677905292112,69
chr19,1715519,6.11111111111112e-05,1.3308128544424014,0.25295068721913694,0.5969641363579099,66
chr19,1730601,4.507857733664185e-05,0.7431772606015642,0.3916749940887906,0.4070741544565097,70
chr19,1759140,4.5833333333333374e-05,0.7627700009269884,0.38553687129390113,0.4139340813387155,70
chr19,1773963,-4.698275862068967e-05,0.7747379751799744,0.38190162090742275,0.4180484983440022,69
chr19,1788765,4.9537037037037096e-05,0.8017930272121139,0.3738618791351115,0.42728881546971365,67
chr19,1855239,4.5833333333333374e-05,0.7627700009269884,0.38553687129390113,0.4139340813387155,70
chr19,1855338,-4.730327144120251e-05,0.7654129154073185,0.38481253133891113,0.4147507936957489,68
chr19,1907688,1.666666666666668e-05,0.09988982739627358,0.752929969350954,0.12324541601551889,70
chr19,1907785,1.666666666666668e-05,0.09988982739627358,0.752929969350954,0.12324541601551889,70
chr19,1949374,-6.0728744939271305e-06,0.011830054274087462,0.9137393023542384,0.03917769452734685,64
chr19,1951146,-1.2500000000000012e-05,0.05615194054502283,0.813397139575277,0.08969735918598912,70
chr19,1951187,1.2500000000000009e-05,0.05615194054502283,0.813397139575277,0.08969735918598912,70
chr19,1964198,3.0677655677655675e-05,0.3340492444580508,0.5652814193011986,0.24773528948695248,67
chr19,2156766,3.018018018018019e-05,0.328604844186239,0.5684597415506272,0.24530028672208498,67
chr19,2177461,-3.3558638672170384e-21,0.0,1.0,-0.0,65
chr19,2177560,0.0,0.0,1.0,-0.0,64
chr19,2381230,1.515151515151517e-05,0.08167411621293742,0.7759231117245666,0.11018131199973372,69
chr19,2387385,-1.4705882352941212e-05,0.07930029154518727,0.7791030841146338,0.10840507647337351,70
chr19,2434430,7.425418240131749e-21,0.0,1.0,-0.0,69
chr19,2474921,-1.4285714285714285e-05,0.07271914703440119,0.7882468902782845,0.10333773391674696,69
chr19,2474932,-1.4285714285714285e-05,0.07271914703440119,0.7882468902782845,0.10333773391674696,69
chr19,2474947,-1.4285714285714285e-05,0.07271914703440119,0.7882468902782845,0.10333773391674696,69
chr19,2474955,-1.4285714285714285e-05,0.07271914703440119,0.7882468902782845,0.10333773391674696,69
chr19,2513160,0.0,0.0,1.0,-0.0,65
chr19,2513231,0.0,0.0,1.0,-0.0,65
chr19,2523591,1.562500000000001e-05,0.08419560595324337,0.7725999017457906,0.11204535142193063,68
chr19,2523611,1.562500000000001e-05,0.08419560595324337,0.7725999017457906,0.11204535142193063,68
chr19,2523634,1.562500000000001e-05,0.08419560595324337,0.7725999017457906,0.11204535142193063,68
chr19,2523645,1.562500000000001e-05,0.08419560595324337,0.7725999017457906,0.11204535142193063,68
chr19,2532562,-3.2854611287438683e-21,0.0,1.0,-0.0,68
chr19,2532944,-3.3752224633504905e-20,0.0,1.0,-0.0,67
chr19,2545508,1.3888888888888878e-05,0.07072499235240921,0.7910887788939426,0.10177477564238743,70
chr19,2545773,1.3888888888888908e-05,0.06861558514105597,0.794166910030295,0.10008821232455797,69
chr19,2545837,1.3888888888888908e-05,0.06861558514105597,0.794166910030295,0.10008821232455797,69
chr19,2545841,1.3888888888888908e-05,0.06861558514105597,0.794166910030295,0.10008821232455797,69
chr19,2546057,-3.0303030303030333e-05,0.3365823941516788,0.5638144145369606,0.24886382510535898,67
chr19,2560814,-1.3888888888888883e-05,0.06861558514105597,0.794166910030295,0.10008821232455797,69
chr19,2602184,-1.4285714285714292e-05,0.06838056413964372,0.7945362631122834,0.0998862765432449,67
chr19,2676885,-2.857142857142858e-05,0.298507462686594,0.5866901990839675,0.23159116680208242,67
chr19,2717547,-1.470588235294117e-05,0.06367202965842243,0.8016318601512438,0.09602503048267949,63
chr19,2745042,7.425418240131748e-21,0.0,1.0,-0.0,69
chr19,2762329,1.5151515151515202e-05,0.07706793137119645,0.7821919681519421,0.10668664786381649,67
chr19,2762799,-1.4705882352941189e-05,0.07482993197282233,0.7852842374037242,0.10497311982424265,68
chr19,2778903,1.4285714285714299e-05,0.07488986784143459,0.7851753351822295,0.10503335140837709,70
chr19,2796600,1.4705882352941189e-05,0.07482993197282231,0.7852842374037242,0.10497311982424265,68
chr19,2832561,-2.9411764705882374e-05,0.31697945913993497,0.5753655107580051,0.24005617466050605,67
chr19,2841890,1.3513513513513518e-05,0.06473429951690014,0.7999431467925541,0.09694087789763972,69
chr19,2842100,2.8571428571428595e-05,0.3079751131221997,0.580801398496454,0.23597234658041158,68
chr19,2842201,1.3888888888888896e-05,0.06861558514105597,0.794166910030295,0.10008821232455797,69
chr19,2842441,1.3888888888888896e-05,0.06861558514105597,0.794166910030295,0.10008821232455797,69
chr19,2849821,1.4285714285714279e-05,0.07054936512052101,0.7913664956780773,0.10162234053719627,68
chr19,2866307,1.3888888888888884e-05,0.07072499235240921,0.7910887788939426,0.10177477564238743,70
chr19,2878831,1.5151515151515199e-05,0.07706793137119644,0.7821919681519421,0.10668664786381649,67
chr19,2879470,-1.3888888888888893e-05,0.06861558514105597,0.794166910030295,0.10008821232455797,69
chr19,2887666,-1.4285714285714287e-05,0.07054936512052101,0.7913664956780773,0.10162234053719627,68
chr19,2887993,4.687500000000004e-05,0.8134110787172613,0.3706040962077425,0.43108978482665167,64
chr19,2895104,-1.3888888888888886e-05,0.07072499235240921,0.7910887788939426,0.10177477564238743,70
chr19,2895163,-1.3888888888888886e-05,0.07072499235240921,0.7910887788939426,0.10177477564238743,70
chr19,2982037,1.4285714285714294e-05,0.070549365120521,0.7913664956780773,0.10162234053719627,68
chr19,2986505,1.4285714285714299e-05,0.07271914703440117,0.7882468902782845,0.10333773391674696,69
chr19,2990979,-1.4285714285714285e-05,0.07271914703440117,0.7882468902782845,0.10333773391674696,69
chr19,3022659,-1.5151515151515168e-05,0.0724658519051183,0.7886594494009445,0.1031104887722389,65
chr19,3022856,1.5151515151515168e-05,0.0724658519051183,0.7886594494009445,0.1031104887722389,65
chr19,3028011,0.0,0.0,1.0,-0.0,68
chr19,3051294,1.5625000000000014e-05,0.07707136237258431,0.7822151550928429,0.1066737740276692,65
chr19,3051841,1.4285714285714299e-05,0.07488986784143459,0.7851753351822295,0.10503335140837709,70
chr19,3056820,1.4705882352941209e-05,0.07930029154518728,0.7791030841146338,0.10840507647337351,70
chr19,3068371,1.562499999999998e-05,0.0794450529390465,0.7789602926124596,0.10848467986121622,66
chr19,3079221,1.6129032258064517e-05,0.09112978524743102,0.7637725742133046,0.11703594046606666,63
chr19,3135888,-1.47058823529412e-05,0.07930029154518727,0.7791030841146338,0.10840507647337351,70
chr19,3165964,1.5151515151515173e-05,0.08167411621293745,0.7759231117245666,0.11018131199973372,69
chr19,3167412,1.5151515151515199e-05,0.07706793137119644,0.7821919681519421,0.10668664786381649,67
chr19,3195356,-1.5151515151515202e-05,0.07706793137119644,0.7821919681519421,0.10668664786381649,67
chr19,3195395,-1.5151515151515202e-05,0.07706793137119644,0.7821919681519421,0.10668664786381649,67
chr19,3195886,1.5151515151515158e-05,0.08167411621293745,0.7759231117245666,0.11018131199973372,69
chr19,3195911,1.5151515151515158e-05,0.08167411621293745,0.7759231117245666,0.11018131199973372,69
chr19,3244699,1.5625000000000007e-05,0.08419560595324335,0.7725999017457906,0.11204535142193063,68
chr19,3244713,-1.5625000000000007e-05,0.08419560595324335,0.7725999017457906,0.11204535142193063,68
chr19,3269141,1.470588235294117e-05,0.07706464228203143,0.782170249976375,0.10669870655929907,69
chr19,3270440,1.5151515151515199e-05,0.07937053326004839,0.7790337428019035,0.10844373103693475,68
chr19,3329787,1.612903225806454e-05,0.0868790376475818,0.7691223111613268,0.11400459018747049,67
chr19,3329835,1.612903225806454e-05,0.0868790376475818,0.7691223111613268,0.11400459018747049,67
chr19,3331091,1.6129032258064524e-05,0.08442635308306834,0.7723256992140046,0.11219951372936475,66
chr19,3367064,-1.5151515151515161e-05,0.08397863818426198,0.7728581879382631,0.11190018764177287,70
chr19,3367602,-1.515151515151518e-05,0.08167411621293745,0.7759231117245666,0.11018131199973372,69
chr19,3367679,1.515151515151518e-05,0.08167411621293745,0.7759231117245666,0.11018131199973372,69
chr19,3379034,-1.5151515151515161e-05,0.08397863818426198,0.7728581879382631,0.11190018764177287,70
chr19,3406870,1.562500000000002e-05,0.08895008605853956,0.7664255977144137,0.11552999876188329,70
chr19,3415701,-1.6666666666666674e-05,0.0922764071672281,0.7622731543105468,0.11788937491721975,67
chr19,3415785,1.6129032258064547e-05,0.09178743961352527,0.7628556601698584,0.11755762708021775,69
chr19,3417261,1.666666666666668e-05,0.08974059359665215,0.7654779424073446,0.11606731917707441,66
chr19,3422646,1.470588235294117e-05,0.07706464228203143,0.782170249976375,0.10669870655929907,69
chr19,3532584,-2.913851351351352e-05,0.3269679609589915,0.5693634522730682,0.24461041387601984,69
chr19,3554061,1.923076923076925e-05,0.10923590504449524,0.7421300329843525,0.12951999275354537,64
chr19,3554128,5.005005005005002e-06,0.008124371016439761,0.9284702627387905,0.03223200138598425,64
chr19,3554144,1.9230769230769252e-05,0.11216617210684982,0.7388038953655014,0.1314708233951931,65
chr19,3576368,1.6129032258064534e-05,0.0868790376475818,0.7691223111613268,0.11400459018747049,67
chr19,3579140,1.6129032258064547e-05,0.09178743961352523,0.7628556601698584,0.11755762708021775,69
chr19,3603546,-1.7241379310344855e-05,0.10067271589490771,0.7520254149244502,0.12376748204807085,68
chr19,3607917,-1.7241379310344845e-05,0.0954223081882643,0.7583971411000076,0.12010331280979929,66
chr19,3607943,-1.7241379310344845e-05,0.09804699904731527,0.7551885491266817,0.1219446038381627,67
chr19,3607999,-1.7241379310344845e-05,0.09804699904731527,0.7551885491266817,0.1219446038381627,67
chr19,3611714,0.0,0.0,1.0,-0.0,64
chr19,3616789,-1.6129032258064544e-05,0.09178743961352526,0.7628556601698584,0.11755762708021775,69
chr19,3617629,1.6129032258064527e-05,0.094243070362472,0.7597888724082098,0.11930707125392258,70
chr19,3617654,-1.6129032258064527e-05,0.094243070362472,0.7597888724082098,0.11930707125392258,70
chr19,3617724,1.666666666666668e-05,0.09735106739691174,0.7560008474644699,0.12147771766157572,69
chr19,3623871,1.724137931034485e-05,0.10067271589490771,0.7520254149244502,0.12376748204807085,68
chr19,3644914,-1.7241379310344828e-05,0.09804699904731526,0.7551885491266817,0.1219446038381627,67
chr19,3645068,-3.067765567765572e-05,0.3340492444580507,0.5652814193011986,0.24773528948695248,67
chr19,3697708,-1.7857142857142855e-05,0.10423091155790713,0.747846527006281,0.1261875188641921,67
chr19,3729117,1.7857142857142855e-05,0.10423091155790713,0.747846527006281,0.1261875188641921,67
chr19,3733646,-1.6666666666666667e-05,0.09735106739691174,0.7560008474644699,0.12147771766157572,69
chr19,3755872,-4.853479853479856e-05,0.7779472605569889,0.38101981144741204,0.419052442228319,67
chr19,3760142,6.003584229390689e-05,1.3273392258458372,0.253498947390794,0.5960238396573468,67
chr19,3779527,-4.730327144120249e-05,0.7654129154073185,0.38481253133891113,0.4147507936957489,68
chr19,3779752,4.730327144120249e-05,0.7654129154073185,0.38481253133891113,0.4147507936957489,68
chr19,3779786,4.730327144120249e-05,0.7654129154073185,0.38481253133891113,0.4147507936957489,68
chr19,3781243,4.8534798534798554e-05,0.7779472605569889,0.38101981144741204,0.419052442228319,67
chr19,3781294,4.8534798534798554e-05,0.7779472605569889,0.38101981144741204,0.419052442228319,67
chr19,3894144,-4.761904761904768e-05,0.8074211502783655,0.3720545796329293,0.4293933453474476,70
chr19,3960398,-4.6153846153846206e-05,0.7538547020419141,0.3883579585232687,0.4107677905292112,69
chr19,4001384,-4.777777777777784e-05,0.7326411508317823,0.39549135777710887,0.4028630022060535,61
chr19,4021827,4.821428571428576e-05,0.7877081252763078,0.37801698127997263,0.4224886903465361,68
chr19,4023564,4.73032714412025e-05,0.7654129154073185,0.38481253133891113,0.4147507936957489,68
chr19,4025273,3.448275862068968e-05,0.40572450805008375,0.5264554970956912,0.27863833517678116,65
chr19,4038306,4.6846846846846884e-05,0.7362569694329025,0.3940155343080125,0.40448665550626217,67
chr19,4038381,4.615384615384619e-05,0.7538547020419143,0.3883579585232687,0.4107677905292112,69
chr19,4038382,4.649122807017547e-05,0.7450149891901352,0.39118489934406864,0.40761791834793853,68
chr19,4038462,4.722222222222227e-05,0.727587427717258,0.3968474026420452,0.40137645779734954,66
chr19,4038566,4.8371647509578583e-05,0.7379000729101646,0.3935911352120828,0.4049546916731936,65
chr19,4064198,-4.7802197802197826e-05,0.9093076717890641,0.3441887771666101,0.4632032946536481,61
chr19,4088291,-4.6153846153846185e-05,0.7538547020419143,0.3883579585232687,0.4107677905292112,69
chr19,4092518,3.0399274047186946e-05,0.3310025081705809,0.5670557407246355,0.24637424851575657,67
chr19,4092538,3.0399274047186946e-05,0.3310025081705809,0.5670557407246355,0.24637424851575657,67
chr19,4092628,4.73032714412025e-05,0.7654129154073186,0.38481253133891113,0.4147507936957489,68
chr19,4092659,4.73032714412025e-05,0.7654129154073186,0.38481253133891113,0.4147507936957489,68
chr19,4159307,4.5833333333333374e-05,0.7627700009269881,0.38553687129390113,0.4139340813387155,70
chr19,4191234,1.6129032258064513e-05,0.094243070362472,0.7597888724082098,0.11930707125392258,70
chr19,4268474,1.6129032258064554e-05,0.08933274802462014,0.7659662383685103,0.11579037242143247,68
chr19,4359028,-1.666666666666668e-05,0.09227640716722811,0.7622731543105468,0.11788937491721975,67
chr19,4374102,-1.666666666666667e-05,0.09735106739691173,0.7560008474644699,0.12147771766157572,69
chr19,4377515,-1.6129032258064513e-05,0.094243070362472,0.7597888724082098,0.11930707125392258,70
chr19,4381149,-1.6129032258064513e-05,0.094243070362472,0.7597888724082098,0.11930707125392258,70
chr19,4381164,-1.6129032258064513e-05,0.094243070362472,0.7597888724082098,0.11930707125392258,70
chr19,4463642,4.476351351351358e-05,0.7172179095831774,0.40007293316602455,0.39786082971140313,69
chr19,4491305,1.3888888888888884e-05,0.0707249923524092,0.7910887788939426,0.10177477564238743,70
chr19,4550581,6.6862562819314796e-21,0.0,1.0,-0.0,65
chr19,4583006,1.3888888888888884e-05,0.0707249923524092,0.7910887788939426,0.10177477564238743,70
chr19,4583014,1.4705882352941189e-05,0.07482993197282231,0.7852842374037242,0.10497311982424265,68
chr19,4589207,-1.4705882352941189e-05,0.07482993197282231,0.7852842374037242,0.10497311982424265,68
chr19,4589431,-1.4705882352941177e-05,0.0725962026601665,0.7884470398675569,0.10322747299548488,67
chr19,4589446,-1.4705882352941177e-05,0.0725962026601665,0.7884470398675569,0.10322747299548488,67
chr19,4589455,1.4705882352941177e-05,0.0725962026601665,0.7884470398675569,0.10322747299548488,67
chr19,4589510,-1.4705882352941177e-05,0.0725962026601665,0.7884470398675569,0.10322747299548488,67
chr19,4658263,-1.5151515151515173e-05,0.0793705332600484,0.7790337428019035,0.10844373103693475,68
chr19,4715765,-1.5624999999999994e-05,0.0794450529390465,0.7789602926124596,0.10848467986121622,66
chr19,4743866,-1.5151515151515173e-05,0.07937053326004839,0.7790337428019035,0.10844373103693475,68
chr19,4834720,-1.4705882352941177e-05,0.07706464228203143,0.782170249976375,0.10669870655929907,69
chr19,4847565,1.724137931034484e-05,0.0849347975292025,0.7717232636049596,0.11253840774151938,62
chr19,4849945,1.4705882352941184e-05,0.07706464228203143,0.782170249976375,0.10669870655929907,69
chr19,4850103,1.4705882352941189e-05,0.07482993197282231,0.7852842374037242,0.10497311982424265,68
chr19,4898994,1.562500000000002e-05,0.0818198165797337,0.7757558935561072,0.11027491631850053,67
chr19,4912045,1.470588235294117e-05,0.07706464228203143,0.782170249976375,0.10669870655929907,69
chr21,388266,1.5151515151515202e-05,0.07706793137119644,0.7821919681519421,0.10668664786381649,67
chr21,519622,-1.5151515151515178e-05,0.0793705332600484,0.7790337428019035,0.10844373103693475,68
chr21,519757,-1.5625000000000027e-05,0.08181981657973371,0.7757558935561072,0.11027491631850053,67
chr21,524352,1.5151515151515158e-05,0.08397863818426199,0.7728581879382631,0.11190018764177287,70
chr21,529083,-1.2003666909660949e-20,0.0,1.0,-0.0,67
chr21,529882,0.0,0.0,1.0,-0.0,65
chr21,598330,-1.5151515151515158e-05,0.08397863818426199,0.7728581879382631,0.11190018764177287,70
chr21,603635,-1.5151515151515158e-05,0.08567785805356527,0.7707074118816695,0.11311046439036188,65
chr21,607210,-1.5151515151515151e-05,0.0701664719625983,0.7919732246846038,0.10128950094623079,64
chr21,617983,1.2003666909660972e-20,0.0,1.0,-0.0,67
chr21,787541,-1.612903225806456e-05,0.08933274802462016,0.7659662383685103,0.11579037242143247,68
chr21,797443,1.3888888888888898e-05,0.08093763821318899,0.7769943276031624,0.10958215172629032,63
chr21,797889,-4.730327144120251e-05,0.7654129154073187,0.38481253133891113,0.4147507936957489,68
chr21,919176,-4.83716475095786e-05,0.7379000729101647,0.3935911352120828,0.4049546916731936,65
chr21,952531,-4.4172932330827094e-05,0.7415823458751842,0.3923693569224852,0.4063049172939375,66
chr21,1019948,-4.922779922779929e-05,0.7586425611704479,0.38706067008987954,0.41222095585932633,65
chr21,1019954,-4.922779922779929e-05,0.7586425611704479,0.38706067008987954,0.41222095585932633,65
chr21,1020052,-4.7996272134203206e-05,0.7469877397265965,0.3906594402262331,0.40820167656719236,66
chr21,1020077,4.799627213420321e-05,0.7469877397265965,0.3906594402262331,0.40820167656719236,66
chr21,1051353,-3.1130268199233745e-05,0.3285725748214854,0.5685413039005875,0.24523797881353676,65
chr21,1051428,-3.055555555555558e-05,0.32759422987441145,0.5690843407347166,0.24482336453412606,66
chr21,1069482,4.541595925297119e-05,0.7347263847422544,0.39441111379692173,0.40405085591979156,69
chr21,1072091,-4.541595925297119e-05,0.7347263847422544,0.39441111379692173,0.40405085591979156,69
chr21,1105787,-4.61538461538462e-05,0.7538547020419138,0.3883579585232687,0.4107677905292112,69
chr21,1118871,-4.541595925297119e-05,0.7347263847422544,0.39441111379692173,0.40405085591979156,69
chr21,1128241,-6.274509803921574e-05,1.3244325767689984,0.2542172675149671,0.5947949536570211,64
chr21,1128285,6.274509803921574e-05,1.3244325767689984,0.2542172675149671,0.5947949536570211,64
chr21,1156324,-5.8277027027027085e-05,1.3273040482342038,0.25337971815725086,0.5962281512714818,69
chr21,1192261,4.726890756302525e-05,0.7591235403273491,0.3870758867443057,0.41220388262077995,62
chr21,1194623,-5.92850915431561e-05,1.3305662614882035,0.25286474799018505,0.5971117116617617,68
chr21,1200483,-6.315789473684216e-05,1.5123322548136855,0.22314935287812965,0.6514043682537225,68
chr21,1228627,4.440789473684215e-05,0.7252139565502905,0.397428087428082,0.4007414432554573,70
chr21,1229029,4.5138888888888934e-05,0.709316375198643,0.40271243551786184,0.3950049594330419,68
chr21,1229052,4.5138888888888934e-05,0.709316375198643,0.40271243551786184,0.3950049594330419,68
chr21,1238305,4.5138888888888934e-05,0.7093163751986432,0.40271243551786184,0.3950049594330419,68
chr21,1266178,-4.419191919191924e-05,0.7012140422223629,0.40535319319111507,0.3921664014555891,69
chr21,1266550,-4.838709677419363e-05,0.920043811610064,0.3410731972141574,0.46715240770883837,66
chr21,1266561,4.838709677419363e-05,0.920043811610064,0.3410731972141574,0.46715240770883837,66
chr21,1273172,-3.0017921146953423e-05,0.32682926829269726,0.5695038698431433,0.24450332049477927,67
chr21,1287584,7.352941176470594e-05,1.9230769230770517,0.1701840500900797,0.7690811450884324,68
chr21,1289259,-6.060606060606066e-05,1.3195876288659338,0.25494133854943424,0.5935597382918575,66
chr21,1292240,-7.628676470588238e-05,1.9490131070000456,0.16751723596132104,0.775940501476177,66
chr21,1295950,7.993730407523522e-05,1.880301375144616,0.17540687721899575,0.7559533831495162,62
chr21,1296136,7.913306451612905e-05,1.911001045999918,0.17189280252070882,0.7647423076700215,63
chr21,1296563,-6.155303030303035e-05,1.3196906219787077,0.2549905582461602,0.593475900262153,65
chr21,1321417,-7.575757575757583e-05,1.9230769230769442,0.17032930330473692,0.7687106299658878,66
chr21,1355776,4.7027027027027096e-05,0.8945821579967901,0.34803216196202136,0.45838062065909013,62
chr21,1398645,-7.268907563025218e-05,1.934981873202008,0.16881682869716952,0.7725842624140209,69
chr21,1403937,-7.268907563025218e-05,1.9349818732020072,0.16881682869716952,0.7725842624140209,69
chr21,1403938,-7.268907563025218e-05,1.9349818732020072,0.16881682869716952,0.7725842624140209,69
chr21,1404120,7.268907563025216e-05,1.9349818732020072,0.16881682869716952,0.7725842624140209,69
chr21,1445181,7.32323232323233e-05,1.9614648240330872,0.16597103048420483,0.7799677095430463,69
chr21,1463325,-7.189542483660132e-05,1.9473836026774662,0.16740960924035195,0.7762196173087879,70
chr21,1467872,-6.212121212121217e-05,1.265329039104592,0.2650515496174184,0.5766696523380392,63
chr21,1504965,-4.217854217854222e-05,0.6562586420202245,0.42070985440617026,0.3760173152611132,70
chr21,1505098,4.217854217854222e-05,0.6562586420202245,0.42070985440617026,0.3760173152611132,70
chr21,1505110,4.217854217854222e-05,0.6562586420202245,0.42070985440617026,0.3760173152611132,70
chr21,1545119,-4.292929292929296e-05,0.6613272311212676,0.41897229690844595,0.3778146923023176,69
chr21,1554214,4.2652027027027044e-05,0.6505102016536239,0.4227840496677988,0.3738814056406938,69
chr21,1557014,-2.9437229437229465e-05,0.325406032482607,0.5703138093368324,0.2438861124650852,68
chr21,1583836,1.3888888888888878e-05,0.0707249923524092,0.7910887788939426,0.10177477564238743,70
chr21,1591933,1.4705882352941189e-05,0.06590136054421585,0.7982506141551973,0.09786073865245662,64
chr21,1598205,-1.3513513513513524e-05,0.06678571428574023,0.7968561991657952,0.09862004440500619,70
chr21,1614312,1.3888888888888922e-05,0.06861558514105595,0.794166910030295,0.10008821232455797,69
chr21,1620203,3.001792114695345e-05,0.3268292682926972,0.5695038698431433,0.24450332049477927,67
chr21,1622098,-1.3513513513513524e-05,0.06678571428574023,0.7968561991657952,0.09862004440500619,70
chr21,1622216,-1.3888888888888917e-05,0.06650711676534306,0.7972944443090464,0.09838126213808734,68
chr21,1667288,1.5151515151515133e-05,0.08167411621293748,0.7759231117245666,0.11018131199973372,69
chr21,1671402,1.562500000000004e-05,0.08657237646239048,0.7694904001068018,0.11379679390482132,69
chr21,1671558,1.562500000000004e-05,0.08657237646239048,0.7694904001068018,0.11379679390482132,69
chr21,1682161,-5.343290276586248e-22,0.0,1.0,-0.0,67
chr21,1691341,1.5151515151515133e-05,0.08167411621293748,0.7759231117245666,0.11018131199973372,69
chr21,1693305,-1.5624999999999997e-05,0.08419560595324337,0.7725999017457906,0.11204535142193063,68
chr21,1695948,-1.562500000000001e-05,0.08419560595324337,0.7725999017457906,0.11204535142193063,68
chr21,1699780,-1.5625000000000004e-05,0.08419560595324337,0.7725999017457906,0.11204535142193063,68
chr21,1699874,-1.5625000000000004e-05,0.08419560595324337,0.7725999017457906,0.11204535142193063,68
chr21,1699886,-1.5625000000000004e-05,0.08419560595324337,0.7725999017457906,0.11204535142193063,68
chr21,1734903,1.4705882352941167e-05,0.07259620266016652,0.7884470398675569,0.10322747299548488,67
chr21,1734945,1.4705882352941167e-05,0.07259620266016652,0.7884470398675569,0.10322747299548488,67
chr21,1735353,-1.428571428571431e-05,0.07271914703440119,0.7882468902782845,0.10333773391674696,69
chr21,1811255,-1.4705882352941151e-05,0.07259620266016652,0.7884470398675569,0.10322747299548488,67
chr21,1853755,-1.5151515151515165e-05,0.07476635514020141,0.7853998118129064,0.10490920712547593,66
chr21,1864253,6.377659838150019e-21,0.0,1.0,-0.0,66
chr21,1874015,-1.38888888888889e-05,0.06861558514105594,0.794166910030295,0.10008821232455797,69
chr21,1938716,1.428571428571432e-05,0.06621278867977108,0.7977584678310339,0.09812857727826393,66
chr21,2055093,-1.3888888888888893e-05,0.06861558514105594,0.794166910030295,0.10008821232455797,69
chr21,2079959,1.5624999999999987e-05,0.07944505293904651,0.7789602926124596,0.10848467986121622,66
chr21,2083391,0.0,0.0,1.0,-0.0,68
chr21,2093766,1.4285714285714304e-05,0.0727191470344012,0.7882468902782845,0.10333773391674696,69
chr21,2101965,1.428571428571431e-05,0.07271914703440119,0.7882468902782845,0.10333773391674696,69
chr21,2121237,-1.7361111111111154e-06,0.0011289191454391576,0.9732980152517171,0.011754162236566643,68
chr21,2204727,0.0,0.0,1.0,-0.0,60
chr21,2204759,0.0,0.0,1.0,-0.0,60
chr21,2240524,0.0,0.0,1.0,-0.0,64
chr21,2277053,-1.4705882352941189e-05,0.07482993197282231,0.7852842374037242,0.10497311982424265,68
chr21,2277260,1.5151515151515209e-05,0.07706793137119645,0.7821919681519421,0.10668664786381649,67
chr21,2320553,1.4705882352941182e-05,0.07930029154518728,0.7791030841146338,0.10840507647337351,70
chr21,2320556,1.4705882352941182e-05,0.07930029154518728,0.7791030841146338,0.10840507647337351,70
chr21,2360666,1.5151515151515161e-05,0.08167411621293748,0.7759231117245666,0.11018131199973372,69
chr21,2360859,-4.8387096774193594e-05,0.8035714285715323,0.373610337786059,0.4275811153613077,62
chr21,2397257,0.0,0.0,1.0,-0.0,65
chr21,2462578,-1.4705882352941212e-05,0.07706464228203143,0.782170249976375,0.10669870655929907,69
chr21,2544252,1.4705882352941173e-05,0.07706464228203143,0.782170249976375,0.10669870655929907,69
chr21,2544330,-1.470588235294119e-05,0.07706464228203143,0.782170249976375,0.10669870655929907,69
chr21,2544381,-1.4705882352941207e-05,0.07930029154518728,0.7791030841146338,0.10840507647337351,70
chr21,2602953,-1.4705882352941189e-05,0.07482993197282233,0.7852842374037242,0.10497311982424265,68
chr21,2602957,-1.4705882352941189e-05,0.07482993197282233,0.7852842374037242,0.10497311982424265,68
chr21,2602993,1.4705882352941189e-05,0.07482993197282233,0.7852842374037242,0.10497311982424265,68
chr21,2603008,1.4705882352941189e-05,0.07482993197282233,0.7852842374037242,0.10497311982424265,68
chr21,2617486,-1.4705882352941207e-05,0.07930029154518728,0.7791030841146338,0.10840507647337351,70
chr21,2632081,1.4705882352941189e-05,0.07482993197282233,0.7852842374037242,0.10497311982424265,68
chr21,2705294,-1.3888888888888881e-05,0.07072499235240919,0.7910887788939426,0.10177477564238743,70
chr21,2709901,1.4705882352941206e-05,0.07036349893492555,0.7916608002699546,0.10146085897329546,66
chr21,2721744,-1.3888888888888881e-05,0.07072499235240919,0.7910887788939426,0.10177477564238743,70
chr21,2721798,1.3888888888888878e-05,0.07072499235240919,0.7910887788939426,0.10177477564238743,70
chr21,2728119,4.372294372294376e-05,0.6668218337981525,0.41709960567728843,0.37976022073258786,68
chr21,2744179,-4.3277310924369766e-05,0.6733441893995492,0.4147980925246666,0.38216324940912105,69
chr21,2760886,4.330065359477127e-05,0.6937187891553233,0.4078182228328253,0.38953337223388934,70
chr21,2794635,4.4191919191919226e-05,0.7012140422223629,0.40535319319111507,0.3921664014555891,69
chr21,2808744,-4.4588744588744605e-05,0.6937724422743669,0.4078882519882515,0.38945880306768205,68
chr21,2808760,-4.4588744588744605e-05,0.6937724422743669,0.4078882519882515,0.38945880306768205,68
chr21,2808801,-4.4588744588744605e-05,0.6937724422743669,0.4078882519882515,0.38945880306768205,68
chr21,2846437,-2.9411764705882374e-05,0.33649017075619664,0.5638079807514024,0.24886878094443662,69
chr21,2846679,-1.5151515151515158e-05,0.08567785805356529,0.7707074118816695,0.11311046439036188,65
chr21,2863496,-4.500891265597156e-05,0.6864460385179382,0.41040783198464703,0.38678435999356153,67
chr21,2863522,4.500891265597156e-05,0.6864460385179382,0.41040783198464703,0.38678435999356153,67
chr21,2867436,4.28571428571429e-05,0.680000000000006,0.41247001541874784,0.3846076170813091,70
chr21,2868639,-4.28571428571429e-05,0.680000000000006,0.41247001541874784,0.3846076170813091,70
chr21,2899739,2.8571428571428598e-05,0.28904428904431506,0.5926982138345094,0.22716638155630026,66
chr21,2906952,2.9857397504456403e-05,0.32507277748752483,0.5705404939110004,0.24371352625366616,67
chr21,2914195,-4.3277310924369766e-05,0.6733441893995492,0.4147980925246666,0.38216324940912105,69
chr21,2914196,-4.28571428571429e-05,0.680000000000006,0.41247001541874784,0.3846076170813091,70
chr21,2914229,-4.28571428571429e-05,0.680000000000006,0.41247001541874784,0.3846076170813091,70
chr21,2946592,5.9821428571428646e-05,1.3225022775585147,0.25435702203149396,0.5945562683041671,67
chr21,2947907,-4.3277310924369766e-05,0.6733441893995492,0.4147980925246666,0.38216324940912105,69
chr21,2966124,-4.340277777777779e-05,0.6552715604200031,0.42114306806462576,0.37557034331877587,68
chr21,2984889,-4.2929292929292966e-05,0.6613272311212675,0.41897229690844595,0.3778146923023176,69
chr21,3087678,-3.055555555555559e-05,0.32759422987441145,0.5690843407347166,0.24482336453412606,66
chr21,3126281,-4.217854217854221e-05,0.6562586420202245,0.42070985440617026,0.3760173152611132,70
chr21,3126290,4.217854217854221e-05,0.6562586420202245,0.42070985440617026,0.3760173152611132,70
chr21,3126320,4.217854217854221e-05,0.6562586420202245,0.42070985440617026,0.3760173152611132,70
chr21,3143848,-4.355716878402906e-05,0.747066805012336,0.39058502091194003,0.40828441609175853,67
chr21,3143862,-4.355716878402906e-05,0.747066805012336,0.39058502091194003,0.40828441609175853,67
chr21,3144125,-4.355716878402906e-05,0.747066805012336,0.39058502091194003,0.40828441609175853,67
chr21,3148022,-3.128054740957969e-05,0.32492630199806305,0.5707219303448111,0.2435754390950787,64
chr21,3148042,-3.128054740957969e-05,0.32492630199806305,0.5707219303448111,0.2435754390950787,64
chr21,3148045,3.128054740957969e-05,0.32492630199806305,0.5707219303448111,0.2435754390950787,64
chr21,3148052,3.128054740957969e-05,0.32492630199806305,0.5707219303448111,0.2435754390950787,64
chr21,3161374,7.084357084357091e-05,1.8844883143820366,0.17433543385840644,0.7586143331126983,70
chr21,3174634,7.107843137254902e-05,1.902145351738004,0.17235777560789783,0.7635691194075804,70
chr21,3207473,-7.179487179487189e-05,1.853754940711492,0.1779084253125789,0.7498034842931538,69
chr21,3236805,7.17948717948719e-05,1.853754940711492,0.1779084253125789,0.7498034842931538,69
chr21,3236806,7.17948717948719e-05,1.853754940711492,0.1779084253125789,0.7498034842931538,69
chr21,3271281,7.294429708222823e-05,1.8496615361810698,0.17845041734671493,0.7484824320111317,68
chr21,3271346,7.417582417582423e-05,1.8465765168933306,0.17887887769427768,0.7474409385963946,67
chr21,3361703,7.500000000000006e-05,1.8676594211601858,0.17652541291602,0.7531927639604215,66
chr21,3368641,-7.173174872665544e-05,1.8634109337859537,0.1767980613105213,0.7525225015783699,69
chr21,3396851,5.6165540540540586e-05,1.237216405842999,0.2699833615537446,0.5686629995745384,69
chr21,3396864,7.084357084357091e-05,1.8844883143820368,0.17433543385840644,0.7586143331126983,70
chr21,3436825,7.196969696969707e-05,1.8925171487440757,0.17350002144264945,0.7607004671991954,69
chr21,3438974,-6.155303030303035e-05,1.3196906219787077,0.2549905582461602,0.593475900262153,65
chr21,3439000,-6.155303030303035e-05,1.3196906219787077,0.2549905582461602,0.593475900262153,65
chr21,3439534,-7.279860505666962e-05,1.8688715337005097,0.17624271055136911,0.7538888365083886,68
chr21,3443662,7.179054054054057e-05,1.8763251431251962,0.17532573886870995,0.7561543221943164,69
chr21,3443671,7.179054054054057e-05,1.8763251431251962,0.17532573886870995,0.7561543221943164,69
chr21,3443808,-7.179054054054061e-05,1.8763251431251966,0.17532573886870995,0.7561543221943164,69
chr21,3443819,7.179054054054062e-05,1.8763251431251966,0.17532573886870995,0.7561543221943164,69
chr21,3443938,7.279860505666959e-05,1.8688715337005095,0.17624271055136911,0.7538888365083886,68
chr21,3455489,7.628676470588245e-05,2.3167131694963263,0.13291613344038122,0.8764223009317758,66
chr21,3487997,7.27986050566696e-05,1.8688715337005097,0.17624271055136911,0.7538888365083886,68
chr21,3517226,-6.190476190476196e-05,1.327390599675896,0.2536232445428354,0.5958109459240908,65
chr21,3518059,-7.179054054054058e-05,1.8763251431251962,0.17532573886870995,0.7561543221943164,69
chr21,3518137,7.179054054054058e-05,1.8763251431251962,0.17532573886870995,0.7561543221943164,69
chr21,3550514,-4.642857142857145e-05,0.6367117534432927,0.4279995063064962,0.36855673194123945,63
chr21,3551676,-4.2652027027027024e-05,0.6505102016536238,0.4227840496677988,0.3738814056406938,69
chr21,3554091,-6.036036036036039e-05,1.3346613545815882,0.2522068840498721,0.598243063424833,67
chr21,3558005,-4.2178542178542224e-05,0.6562586420202247,0.42070985440617026,0.3760173152611132,70
chr21,3576122,-4.369369369369372e-05,0.6395385923322483,0.42679087190718656,0.3697848777263221,67
chr21,3688900,-4.8160173160173205e-05,0.6455966193618341,0.424916759040604,0.37169613966755216,61
chr21,3688936,-4.8160173160173205e-05,0.6455966193618341,0.424916759040604,0.37169613966755216,61
chr21,3690115,-4.292929292929295e-05,0.6613272311212675,0.41897229690844595,0.3778146923023176,69
chr21,3690230,-4.292929292929295e-05,0.6613272311212675,0.41897229690844595,0.3778146923023176,69
chr21,3709481,-5.928509154315614e-05,1.3305662614882037,0.25286474799018505,0.5971117116617617,68
chr21,3709537,-5.928509154315614e-05,1.3305662614882037,0.25286474799018505,0.5971117116617617,68
chr21,3729694,4.456327985739752e-05,0.672780342393474,0.41508174806813536,0.38186636295385024,67
chr21,3757220,4.248366013071893e-05,0.6675331276094084,0.4167663318422864,0.380107372447746,70
chr21,3757457,4.2929292929292966e-05,0.6613272311212675,0.41897229690844595,0.3778146923023176,69
chr21,3775233,4.3156059285091544e-05,0.6449312063809074,0.42481343876775257,0.37180175301330587,68
chr21,3775331,4.3156059285091544e-05,0.6449312063809074,0.42481343876775257,0.37180175301330587,68
chr21,3790158,-4.390681003584237e-05,0.6493806407050756,0.42327254161518624,0.37337990400838095,67
chr21,3815095,4.340277777777779e-05,0.6552715604200032,0.42114306806462576,0.37557034331877587,68
chr21,3815110,-4.340277777777779e-05,0.6552715604200032,0.42114306806462576,0.37557034331877587,68
chr21,3827738,4.265202702702703e-05,0.6505102016536238,0.4227840496677988,0.3738814056406938,69
chr21,3850174,-4.503676470588242e-05,0.6660684949913325,0.4174529799797029,0.3793924343967847,66
chr21,3860480,-4.372294372294378e-05,0.6668218337981529,0.41709960567728843,0.37976022073258786,68
chr21,3876673,-4.327731092436978e-05,0.6733441893995493,0.4147980925246666,0.38216324940912105,69
chr21,3880743,-4.4117647058823566e-05,0.6796338672769756,0.41268230228089686,0.38438415527221437,68
chr21,4034693,1.42857142857143e-05,0.070549365120521,0.7913664956780773,0.10162234053719627,68
chr21,4055261,-1.4705882352941187e-05,0.0681318681318984,0.7949278272961905,0.0996722998087618,65
chr21,4057458,1.42857142857143e-05,0.07271914703440119,0.7882468902782845,0.10333773391674696,69
chr21,4115094,1.4705882352941189e-05,0.07482993197282233,0.7852842374037242,0.10497311982424265,68
chr21,4172868,-1.4285714285714316e-05,0.0662127886797711,0.7977584678310339,0.09812857727826393,66
chr21,4213767,1.4285714285714294e-05,0.070549365120521,0.7913664956780773,0.10162234053719627,68
chr21,4225150,1.3888888888888913e-05,0.06650711676534307,0.7972944443090464,0.09838126213808734,68
chr21,4240530,5.274725274725279e-05,0.9055095556251189,0.34519080895331167,0.46194077632299146,61
chr21,4240549,1.3513513513513532e-05,0.06473429951690014,0.7999431467925541,0.09694087789763972,69
chr21,4240551,1.3888888888888913e-05,0.06650711676534307,0.7972944443090464,0.09838126213808734,68
chr21,4243150,-1.3513513513513537e-05,0.06678571428574023,0.7968561991657952,0.09862004440500619,70
chr21,4243180,-1.3513513513513537e-05,0.06678571428574023,0.7968561991657952,0.09862004440500619,70
chr21,4243216,-1.3513513513513537e-05,0.06678571428574023,0.7968561991657952,0.09862004440500619,70
chr21,4243242,-1.3513513513513542e-05,0.06473429951690014,0.7999431467925541,0.09694087789763972,69
chr21,4243475,-1.3888888888888913e-05,0.06650711676534306,0.7972944443090464,0.09838126213808734,68
chr21,4249853,-1.3513513513513496e-05,0.0626838235294361,0.8030809857471797,0.09524065660222683,68
chr21,4305354,4.687500000000007e-05,0.6844393931906394,0.41151241014791473,0.3856170630580562,59
chr21,4330198,-4.315605928509155e-05,0.6449312063809073,0.42481343876775257,0.37180175301330587,68
chr21,4396886,-1.4285714285714309e-05,0.0662127886797711,0.7977584678310339,0.09812857727826393,66
chr21,4416449,1.3513513513513537e-05,0.06678571428574023,0.7968561991657952,0.09862004440500619,70
chr21,4416456,1.3513513513513537e-05,0.06678571428574023,0.7968561991657952,0.09862004440500619,70
chr21,4431448,0.0,0.0,1.0,-0.0,66
chr21,4441520,-1.351351351351352e-05,0.060634328358201386,0.8062721061705144,0.09351836481403282,67
chr21,4441540,-1.351351351351352e-05,0.060634328358201386,0.8062721061705144,0.09351836481403282,67
chr21,4449823,1.2820512820512855e-05,0.05757002921463368,0.8111112409658021,0.09091957979057566,69
chr21,4450601,-1.3157894736842114e-05,0.06105770644090906,0.8055875373194845,0.0938872610681967,69
chr21,4456980,1.785714285714286e-05,0.1200276379429407,0.7301409828503658,0.13659327390377018,66
chr21,4461542,1.2820512820512838e-05,0.05174272367947539,0.820783189258188,0.08577154707530273,66
chr21,4467270,-1.2500000000000012e-05,0.05615194054502282,0.813397139575277,0.08969735918598912,70
chr21,4494933,1.2820512820512849e-05,0.05757002921463369,0.8111112409658021,0.09091957979057566,69
chr21,4507841,-1.3157894736842116e-05,0.06040167865705422,0.8066739652753354,0.09330195932047398,64
chr21,4542668,1.8518518518518545e-05,0.10805194805194657,0.7434461422258714,0.12875048777594997,66
chr21,4552108,3.2032032032032064e-05,0.3327742368332572,0.5661187705970095,0.24709244513032252,64
chr21,4613540,-3.055555555555558e-05,0.3275942298744114,0.5690843407347166,0.24482336453412606,66
chr21,4613818,-1.2529456606542618e-20,0.0,1.0,-0.0,66
chr21,4613860,0.0,0.0,1.0,-0.0,65
chr21,4613882,0.0,0.0,1.0,-0.0,65
chr21,4613884,0.0,0.0,1.0,-0.0,65
chr21,4623044,-1.6129032258064513e-05,0.094243070362472,0.7597888724082098,0.11930707125392258,70
chr21,4660313,-1.7241379310344845e-05,0.09542230818826432,0.7583971411000076,0.12010331280979929,66
chr21,4671625,-1.666666666666667e-05,0.09735106739691173,0.7560008474644699,0.12147771766157572,69
chr21,4675807,-3.4434733245905784e-22,0.0,1.0,-0.0,67
chr21,4681886,3.2563025210084054e-05,0.3274071466291004,0.569327650201461,0.24463772355133215,62
chr21,4705312,9.33618537418073e-21,0.0,1.0,-0.0,66
chr21,4730136,1.5625000000000034e-05,0.08895008605853953,0.7664255977144137,0.11552999876188329,70
chr21,4871345,-1.6129032258064544e-05,0.08933274802462016,0.7659662383685103,0.11579037242143247,68
chr21,4871577,-1.6129032258064534e-05,0.0917874396135253,0.7628556601698584,0.11755762708021775,69
chr22,473,-4.5415959252971195e-05,0.7347263847422544,0.39441111379692173,0.40405085591979156,69
chr22,164991,-4.761904761904762e-05,0.7190139237617633,0.3996776982789635,0.398290084375873,65
chr22,225216,3.448275862068964e-05,0.44015047879616354,0.5093605983786162,0.29297465295028796,68
chr22,225381,3.4482758620689704e-05,0.4286706004859364,0.5149522242347215,0.28823306166502977,67
chr22,237977,-4.667788057190924e-05,0.7841307277627951,0.3790014961107274,0.42135907564841635,70
chr22,238018,-4.667788057190924e-05,0.7841307277627951,0.3790014961107274,0.42135907564841635,70
chr22,274330,4.6982758620689655e-05,0.7747379751799742,0.38190162090742275,0.4180484983440022,69
chr22,279339,4.6982758620689655e-05,0.7747379751799742,0.38190162090742275,0.4180484983440022,69
chr22,280928,-3.0357142857142908e-05,0.33562668262035916,0.564336755676317,0.24846166288332097,68
chr22,308604,4.7909407665505274e-05,0.7975343037142518,0.3750281058566799,0.4259361835761039,69
chr22,389817,1.785714285714289e-05,0.10717663129140895,0.7445212002260413,0.12812293120918986,62
chr22,412301,6.150978564771676e-05,1.3396764985727043,0.2513925642123043,0.5996475721923181,66
chr22,412567,4.6677880571909254e-05,0.7841307277627951,0.3790014961107274,0.42135907564841635,70
chr22,462190,3.101851851851854e-05,0.337780190801177,0.5631233174080017,0.2493964893310449,67
chr22,548404,-3.1130268199233745e-05,0.32857257482148544,0.5685413039005875,0.24523797881353676,65
chr22,589391,4.849137931034488e-05,0.7787700029332166,0.3810990166767452,0.4189621718061966,61
chr22,612056,-4.6153846153846185e-05,0.753854702041914,0.3883579585232687,0.4107677905292112,69
chr22,616465,-4.649122807017545e-05,0.7450149891901353,0.39118489934406864,0.40761791834793853,68
chr22,671286,-5.0865800865800904e-05,0.7210846339830725,0.3992208145709629,0.3987868235528689,61
chr22,697466,-1.388888888888892e-05,0.06618444846293683,0.797841292753094,0.09808349027394661,63
chr22,715405,4.7619047619047654e-05,0.8074211502783656,0.3720545796329293,0.4293933453474476,70
chr22,718799,4.7619047619047654e-05,0.8074211502783656,0.3720545796329293,0.4293933453474476,70
chr22,749151,-7.61143818334736e-05,2.125632609442367,0.1494561977882418,0.8254860705248517,70
chr22,754090,8.05984555984557e-05,2.075625963531991,0.15462023165905428,0.8107336803852447,65
chr22,789697,7.736516357206018e-05,2.087964646381243,0.1531950601772472,0.8147552384393894,68
chr22,830421,7.870370370370377e-05,2.199500935745594,0.1432039204702909,0.8440450922564652,63
chr22,837837,-7.921245421245427e-05,2.114293818897948,0.15074111678821847,0.8217682715163713,67
chr22,857043,-7.994579945799469e-05,2.185393044669525,0.14408227427761697,0.8413894449801385,68
chr22,857103,-7.994579945799469e-05,2.185393044669525,0.14408227427761697,0.8413894449801385,68
chr22,881293,-8.325581395348845e-05,2.3056507745447115,0.13368024630802414,0.8739327629192941,68
chr22,903301,-0.00010714285714285722,4.2947368421053005,0.042024570358140535,1.3764967179132999,70
chr22,903311,0.00010714285714285722,4.2947368421053005,0.042024570358140535,1.3764967179132999,70
chr22,903573,-5.833333333333339e-05,1.3005136986301578,0.25850563084121725,0.5875299925443703,64
chr22,910351,-0.00010801393728223007,4.260935742174694,0.04287366679179013,1.3678093716482076,69
chr22,912182,0.00010801393728223008,4.260935742174694,0.04287366679179013,1.3678093716482076,69
chr22,913131,-0.00010714285714285722,4.2947368421053005,0.042024570358140535,1.3764967179132999,70
chr22,947228,-3.5714285714285744e-05,0.46775336640677784,0.49641689988805626,0.3041534419130465,68
chr22,971856,-3.0423280423280456e-05,0.34145801019276617,0.5609513108372477,0.25107483277658466,69
chr22,972135,-4.7909407665505274e-05,0.797534303714252,0.3750281058566799,0.4259361835761039,69
chr22,972621,-4.698275862068969e-05,0.774737975179974,0.38190162090742275,0.4180484983440022,69
chr22,984578,-4.853479853479855e-05,0.777947260556989,0.38101981144741204,0.419052442228319,67
chr22,984668,-4.853479853479855e-05,0.777947260556989,0.38101981144741204,0.419052442228319,67
chr22,987281,-4.7909407665505274e-05,0.797534303714252,0.3750281058566799,0.4259361835761039,69
chr22,992453,-4.5545545545545586e-05,0.7397840971965475,0.3930438075888889,0.40555904165047324,64
chr22,1154960,1.9230769230769262e-05,0.12570314675580632,0.7241522244075396,0.1401701309420976,63
chr22,1157389,1.851851851851855e-05,0.1244282744282727,0.725457881450642,0.13938779671288185,65
chr22,1157398,1.851851851851855e-05,0.1244282744282727,0.725457881450642,0.13938779671288185,65
chr22,1159879,-1.724137931034484e-05,0.09804699904731527,0.7551885491266817,0.1219446038381627,67
chr22,1160262,1.6666666666666654e-05,0.09481324663543354,0.7591147005506755,0.11969259821168511,68
chr22,1161313,1.7241379310344828e-05,0.10329941412272446,0.748906083407064,0.12557264160018727,69
chr22,1167155,1.6666666666666667e-05,0.09735106739691177,0.7560008474644699,0.12147771766157572,69
chr22,1177106,1.724137931034486e-05,0.10067271589490771,0.7520254149244502,0.12376748204807085,68
chr22,1183982,-1.6666666666666664e-05,0.09735106739691177,0.7560008474644699,0.12147771766157572,69
chr22,1189203,1.724137931034485e-05,0.09804699904731527,0.7551885491266817,0.1219446038381627,67
chr22,1196573,1.666666666666667e-05,0.09735106739691177,0.7560008474644699,0.12147771766157572,69
chr22,1215617,1.6666666666666678e-05,0.09988982739627351,0.752929969350954,0.12324541601551889,70
chr22,1216069,-1.6666666666666674e-05,0.09735106739691175,0.7560008474644699,0.12147771766157572,69
chr22,1216165,-1.6666666666666674e-05,0.09735106739691175,0.7560008474644699,0.12147771766157572,69
chr22,1244785,-1.724137931034481e-05,0.10329941412272446,0.748906083407064,0.12557264160018727,69
chr22,1261145,0.0,0.0,1.0,-0.0,65
chr22,1261176,-1.7857142857142862e-05,0.08792846497764042,0.7678687374513518,0.11471301365696307,61
chr22,1261177,-1.7857142857142862e-05,0.08792846497764042,0.7678687374513518,0.11471301365696307,61
chr22,1261180,-1.7857142857142862e-05,0.08792846497764042,0.7678687374513518,0.11471301365696307,61
chr22,1278031,-1.6666666666666678e-05,0.09988982739627351,0.752929969350954,0.12324541601551889,70
chr22,1279426,1.6666666666666667e-05,0.09735106739691177,0.7560008474644699,0.12147771766157572,69
chr22,1279434,1.6666666666666667e-05,0.09735106739691177,0.7560008474644699,0.12147771766157572,69
chr22,1279496,1.6666666666666667e-05,0.09735106739691177,0.7560008474644699,0.12147771766157572,69
chr22,1279504,1.6666666666666667e-05,0.09735106739691177,0.7560008474644699,0.12147771766157572,69
chr22,1279513,1.6666666666666667e-05,0.09735106739691177,0.7560008474644699,0.12147771766157572,69
chr22,1279558,1.6666666666666678e-05,0.09988982739627351,0.752929969350954,0.12324541601551889,70
chr22,1279802,1.6666666666666678e-05,0.09988982739627351,0.752929969350954,0.12324541601551889,70
chr22,1315158,3.067765567765569e-05,0.33404924445805056,0.5652814193011986,0.24773528948695248,67
chr22,1398707,-4.16666666666667e-05,0.6291635825314232,0.4304212879840553,0.366106257264125,70
chr22,1424841,3.13706563706564e-05,0.3311231503193702,0.5670481778666354,0.24638004076714212,65
chr22,1433098,4.163162321278389e-05,0.6222857142857109,0.43294091446947924,0.36357136986093747,70
chr22,1433321,4.163162321278389e-05,0.6222857142857109,0.43294091446947924,0.36357136986093747,70
chr22,1463024,4.163162321278389e-05,0.6222857142857109,0.43294091446947924,0.36357136986093747,70
chr22,1464662,4.224137931034488e-05,0.6248742420534743,0.43203087769075277,0.3644852126029518,69
chr22,1464688,-4.224137931034488e-05,0.6248742420534743,0.43203087769075277,0.3644852126029518,69
chr22,1464928,-4.351851851851856e-05,0.6170629719241557,0.43499490148516096,0.3615158333208499,67
chr22,1478915,6.703296703296712e-05,1.6255645889793242,0.20731569015905074,0.6833678281925181,61
chr22,1525742,7.173174872665543e-05,1.8634109337859537,0.1767980613105213,0.7525225015783699,69
chr22,1525845,7.173174872665543e-05,1.8634109337859537,0.1767980613105213,0.7525225015783699,69
chr22,1548817,-7.631578947368432e-05,2.4329797492767886,0.12358948489269082,0.9080184778503018,68
chr22,1583357,-7.28070175438597e-05,1.8575864294877626,0.17753572877250726,0.7507142327650885,68
chr22,1610405,-7.294429708222821e-05,1.8496615361810698,0.17845041734671493,0.7484824320111317,68
chr22,1644274,-7.173174872665543e-05,1.8634109337859537,0.1767980613105213,0.7525225015783699,69
chr22,1664613,-7.1969696969697e-05,1.8925171487440753,0.17350002144264945,0.7607004671991954,69
chr22,1664739,-7.1969696969697e-05,1.8925171487440753,0.17350002144264945,0.7607004671991954,69
chr22,1671964,-7.084357084357093e-05,1.8844883143820368,0.17433543385840644,0.7586143331126983,70
chr22,1715282,7.291666666666674e-05,1.8835177635411802,0.17458105562299336,0.7580028848273244,68
chr22,1718744,7.179054054054057e-05,1.876325143125197,0.17532573886870995,0.7561543221943164,69
chr22,1724604,7.196969696969703e-05,1.8925171487440753,0.17350002144264945,0.7607004671991954,69
chr22,1729686,-7.084357084357093e-05,1.8844883143820368,0.17433543385840644,0.7586143331126983,70
chr22,1729687,-7.084357084357093e-05,1.8844883143820368,0.17433543385840644,0.7586143331126983,70
chr22,1729753,-7.084357084357093e-05,1.8844883143820368,0.17433543385840644,0.7586143331126983,70
chr22,1755614,7.084357084357093e-05,1.8844883143820368,0.17433543385840644,0.7586143331126983,70
chr22,1755616,7.084357084357093e-05,1.8844883143820368,0.17433543385840644,0.7586143331126983,70
chr22,1755640,-7.084357084357093e-05,1.8844883143820368,0.17433543385840644,0.7586143331126983,70
chr22,1759342,-7.196969696969703e-05,1.8925171487440753,0.17350002144264945,0.7607004671991954,69
chr22,1836907,7.226890756302523e-05,1.912040252504195,0.171328281762757,0.7661709405973561,69
chr22,1838446,-7.107843137254906e-05,1.9021453517380036,0.17235777560789783,0.7635691194075804,70
chr22,1838498,-7.107843137254906e-05,1.9021453517380036,0.17235777560789783,0.7635691194075804,70
chr22,1840375,-7.226890756302524e-05,1.9120402525041946,0.171328281762757,0.7661709405973561,69
chr22,1840401,-7.226890756302524e-05,1.9120402525041946,0.171328281762757,0.7661709405973561,69
chr22,1856998,-6.060606060606066e-05,1.3195876288659338,0.25494133854943424,0.5935597382918575,66
chr22,1896272,-7.072368421052642e-05,1.8700379266751133,0.17597376815323298,0.7545520662504477,70
chr22,1908609,-7.291666666666674e-05,1.88351776354118,0.17458105562299336,0.7580028848273244,68
chr22,1914618,-7.173174872665544e-05,1.8634109337859537,0.1767980613105213,0.7525225015783699,69
chr22,1927808,-7.072368421052642e-05,1.8700379266751133,0.17597376815323298,0.7545520662504477,70
chr22,1936743,7.07236842105264e-05,1.8700379266751133,0.17597376815323298,0.7545520662504477,70
chr22,1936861,-7.072368421052642e-05,1.8700379266751133,0.17597376815323298,0.7545520662504477,70
chr22,2113227,8.892763731473415e-05,3.071167883211721,0.08433644211909888,1.0739847244100216,68
chr22,2113328,-0.00010101867572156209,3.7995402685505444,0.0554546256002175,1.2560622224838882,69
chr22,2140710,-0.00010244115082824767,3.8063297325747336,0.05530655045616181,1.2572234282162955,68
chr22,2140858,-0.00010101867572156209,3.7995402685505435,0.0554546256002175,1.2560622224838882,69
chr22,2157421,-7.536764705882363e-05,1.9009453131901803,0.172772670003926,0.7625249551742793,66
chr22,2157482,-7.536764705882363e-05,1.9009453131901803,0.172772670003926,0.7625249551742793,66
chr22,2157676,-7.637571157495262e-05,1.8908279347657488,0.17397913123136438,0.7595028421461646,65
chr22,2165320,7.179054054054058e-05,1.876325143125197,0.17532573886870995,0.7561543221943164,69
chr22,2169865,-7.291666666666674e-05,1.88351776354118,0.17458105562299336,0.7580028848273244,68
chr22,2169995,-7.291666666666674e-05,1.88351776354118,0.17458105562299336,0.7580028848273244,68
chr22,2177756,-7.536764705882362e-05,1.90094531319018,0.172772670003926,0.7625249551742793,66
chr22,2218432,-7.173174872665544e-05,1.8634109337859537,0.1767980613105213,0.7525225015783699,69
chr22,2218445,-7.173174872665544e-05,1.8634109337859537,0.1767980613105213,0.7525225015783699,69
chr22,2218448,-7.173174872665544e-05,1.8634109337859537,0.1767980613105213,0.7525225015783699,69
chr22,2218478,-7.173174872665544e-05,1.8634109337859537,0.1767980613105213,0.7525225015783699,69
chr22,2218644,-7.071960297766756e-05,1.8587582029278449,0.17726520291043527,0.7513765078685977,70
chr22,2222428,-7.395644283121603e-05,1.8526482801975237,0.1781759801721428,0.7491508434069337,67
chr22,2222484,-7.395644283121603e-05,1.8526482801975237,0.1781759801721428,0.7491508434069337,67
chr22,2333703,4.177005789909023e-05,0.6371057513915139,0.4275395927452559,0.3690236607847273,70
chr22,2415268,-4.177005789909023e-05,0.6371057513915139,0.4275395927452559,0.3690236607847273,70
chr22,2415503,2.7027027027027054e-05,0.25564738292014394,0.6148633792228813,0.21122137242134145,66
chr22,2425445,4.244482173174876e-05,0.6408490580475028,0.42623306807446937,0.37035285981851956,69
chr22,2425747,4.177005789909023e-05,0.6371057513915139,0.4275395927452559,0.3690236607847273,70
chr22,2464835,-3.0180180180180203e-05,0.3947249161606295,0.5320276014193278,0.2740658360636796,67
chr22,2464839,-3.0180180180180203e-05,0.3947249161606295,0.5320276014193278,0.2740658360636796,67
chr22,2473450,-4.265202702702703e-05,0.6505102016536238,0.4227840496677988,0.3738814056406938,69
chr22,2481851,-4.265202702702703e-05,0.6505102016536238,0.4227840496677988,0.3738814056406938,69
chr22,2490595,4.3156059285091544e-05,0.6449312063809074,0.42481343876775257,0.37180175301330587,68
chr22,2514393,-4.340277777777779e-05,0.6552715604200032,0.42114306806462576,0.37557034331877587,68
chr22,2514405,-4.340277777777779e-05,0.6552715604200032,0.42114306806462576,0.37557034331877587,68
chr22,2514525,4.340277777777779e-05,0.6552715604200032,0.42114306806462576,0.37557034331877587,68
chr22,2531574,-4.265202702702703e-05,0.6505102016536238,0.4227840496677988,0.3738814056406938,69
chr22,2541377,6.0829493087557665e-05,1.3245531514581836,0.2540583544549987,0.5950665191790027,66
chr22,2569978,4.194078947368426e-05,0.6461285549893396,0.4243013477510773,0.3723255887379181,70
chr22,2569979,4.194078947368426e-05,0.6461285549893396,0.4243013477510773,0.3723255887379181,70
chr22,2570125,4.2444821731748756e-05,0.6408490580475028,0.42623306807446937,0.37035285981851956,69
chr22,2609142,3.083491461100572e-05,0.3254390844790524,0.5703862766818857,0.24383093202194697,65
chr22,2634200,-1.351351351351355e-05,0.06678571428574023,0.7968561991657952,0.09862004440500619,70
chr22,2669975,2.240143369175623e-06,0.0018201674554044617,0.9661006259525704,0.014977636503797622,67
chr22,2671015,1.3888888888888915e-05,0.06861558514105597,0.794166910030295,0.10008821232455797,69
chr22,2688422,-1.351351351351355e-05,0.06678571428574023,0.7968561991657952,0.09862004440500619,70
chr22,2693413,-1.3513513513513496e-05,0.06473429951690013,0.7999431467925541,0.09694087789763972,69
chr22,2693539,-1.4285714285714292e-05,0.06838056413964372,0.7945362631122834,0.0998862765432449,67
chr22,2693609,-1.4285714285714292e-05,0.06838056413964372,0.7945362631122834,0.0998862765432449,67
chr22,2699172,-1.3888888888888901e-05,0.06861558514105597,0.794166910030295,0.10008821232455797,69
chr22,2718781,4.52380952380953e-05,0.7676443784385673,0.38427529528216176,0.4153575350451741,65
chr22,2718835,3.041474654377882e-05,0.3260768874478668,0.5699781318814456,0.24414180640716315,66
chr22,2718916,0.0,0.0,1.0,-0.0,66
chr22,2720291,1.351351351351355e-05,0.06678571428574023,0.7968561991657952,0.09862004440500619,70
chr22,2734310,-1.5625e-05,0.0743155149934646,0.7861391771747515,0.10450056015877493,59
chr22,2734311,-1.5625e-05,0.0743155149934646,0.7861391771747515,0.10450056015877493,59
chr22,2734312,-1.5625e-05,0.0743155149934646,0.7861391771747515,0.10450056015877493,59
chr22,2734455,2.9910714285714296e-05,0.32565617288560356,0.5701957808369433,0.24397600057621335,67
chr22,2738034,0.0,0.0,1.0,-0.0,65
chr22,2759486,2.89915966386555e-05,0.3253113785095761,0.5703409107839184,0.24386547517894486,69
chr22,2759578,1.4285714285714299e-05,0.0748898678414346,0.7851753351822295,0.10503335140837709,70
chr22,2775418,-1.5151515151515199e-05,0.07706793137119644,0.7821919681519421,0.10668664786381649,67
chr22,2775419,-1.5151515151515199e-05,0.07706793137119644,0.7821919681519421,0.10668664786381649,67
chr22,2788177,1.4285714285714299e-05,0.0748898678414346,0.7851753351822295,0.10503335140837709,70
chr22,2814158,-2.1008403361344542e-05,0.15021217469674789,0.6997041955125344,0.1550855219968494,62
chr22,2814222,-2.1008403361344542e-05,0.15021217469674789,0.6997041955125344,0.1550855219968494,62
chr22,2838133,-1.562500000000001e-05,0.0818198165797337,0.7757558935561072,0.11027491631850053,67
chr22,2838206,-1.562500000000001e-05,0.0818198165797337,0.7757558935561072,0.11027491631850053,67
chr22,2838963,-1.470588235294118e-05,0.07706464228203144,0.782170249976375,0.10669870655929907,69
chr22,2842415,-1.470588235294118e-05,0.07706464228203144,0.782170249976375,0.10669870655929907,69
chr22,2992777,1.6666666666666667e-05,0.1151217172323044,0.735571558122474,0.1333750716977826,62
chr22,2992820,1.6666666666666667e-05,0.1151217172323044,0.735571558122474,0.1333750716977826,62
chr22,3025311,3.030303030303034e-05,0.34663865546217276,0.5580318033526208,0.25334104904278976,68
chr22,3027963,1.5151515151515192e-05,0.07937053326004839,0.7790337428019035,0.10844373103693475,68
chr22,3028007,1.5151515151515192e-05,0.07937053326004839,0.7790337428019035,0.10844373103693475,68
chr22,3028591,1.4705882352941189e-05,0.07482993197282233,0.7852842374037242,0.10497311982424265,68
chr22,3035949,1.5151515151515202e-05,0.0793705332600484,0.7790337428019035,0.10844373103693475,68
chr22,3035984,1.5151515151515202e-05,0.0793705332600484,0.7790337428019035,0.10844373103693475,68
chr22,3088419,-3.571428571428571e-05,0.37269076305226057,0.5439260727133488,0.2644601230856459,60
chr22,3102239,1.4285714285714299e-05,0.07488986784143462,0.7851753351822295,0.10503335140837709,70
chr22,3102285,-4.201680672268874e-07,6.832837187683369e-05,0.993429247082908,0.002863058293138583,69
chr22,3102462,-1.4705882352941177e-05,0.07706464228203143,0.782170249976375,0.10669870655929907,69
chr22,3110370,1.5151515151515192e-05,0.07937053326004839,0.7790337428019035,0.10844373103693475,68
chr22,3140949,2.0984558177138765e-20,0.0,1.0,-0.0,63
chr22,3176754,1.5151515151515143e-05,0.08167411621293745,0.7759231117245666,0.11018131199973372,69
chr22,3183628,-1.470588235294118e-05,0.07706464228203144,0.782170249976375,0.10669870655929907,69
chr22,3183646,1.5151515151515136e-05,0.08167411621293748,0.7759231117245666,0.11018131199973372,69
chr22,3183649,1.5151515151515136e-05,0.08167411621293748,0.7759231117245666,0.11018131199973372,69
chr22,3304278,-1.4705882352941189e-05,0.07482993197282233,0.7852842374037242,0.10497311982424265,68
chr22,3403271,3.3367964588805764e-21,0.0,1.0,-0.0,65
chr22,3403286,3.3367964588805764e-21,0.0,1.0,-0.0,65
chr22,3420249,-1.5151515151515195e-05,0.07706793137119647,0.7821919681519421,0.10668664786381649,67
chr22,3425004,1.3888888888888898e-05,0.06861558514105592,0.794166910030295,0.10008821232455797,69
chr22,3444266,1.7241379310344828e-05,0.09732962161047395,0.7561579058881918,0.12138750278585206,61
chr22,3481377,-3.2392894461860025e-05,0.32568727018038096,0.5703409317898607,0.24386545918366115,62
chr22,3487194,0.0,0.0,1.0,-0.0,66
chr22,3506617,1.42857142857143e-05,0.07271914703440119,0.7882468902782845,0.10333773391674696,69
chr22,3540330,3.279569892473122e-05,0.32426344715743133,0.571218412384771,0.24319780216285664,61
chr22,3542885,-1.4285714285714306e-05,0.06838056413964372,0.7945362631122834,0.0998862765432449,67
chr22,3542891,2.000000000000001e-05,0.12881263616561128,0.7208119451350155,0.142178024937931,68
chr22,3543032,1.4705882352941162e-05,0.07259620266016652,0.7884470398675569,0.10322747299548488,67
chr22,3566661,-1.4705882352941189e-05,0.07482993197282231,0.7852842374037242,0.10497311982424265,68
chr22,3607937,6.195440985631443e-21,0.0,1.0,-0.0,66
chr22,3666922,1.5151515151515192e-05,0.07706793137119645,0.7821919681519421,0.10668664786381649,67
chr22,3681865,2.9857397504456318e-05,0.3250727774875249,0.5705404939110004,0.24371352625366616,67
chr22,3682030,-1.4705882352941194e-05,0.07930029154518728,0.7791030841146338,0.10840507647337351,70
chr22,3744159,-1.5625000000000034e-05,0.08895008605853956,0.7664255977144137,0.11552999876188329,70
chr22,3757840,3.333333333333336e-05,0.40332047627032813,0.5276087160865925,0.2776880385293042,67
chr22,3758208,1.0232035021641801e-20,0.0,1.0,-0.0,67
chr22,3763996,1.5625000000000038e-05,0.08895008605853956,0.7664255977144137,0.11552999876188329,70
chr22,3764608,-2.9910714285714303e-05,0.32565617288560356,0.5701957808369433,0.24397600057621335,67
chr22,3767886,1.7241379310344855e-05,0.10972423802612331,0.7415576242948991,0.12985509555815147,65
chr22,3780573,2.9910714285714303e-05,0.32565617288560356,0.5701957808369433,0.24397600057621335,67
chr22,3866309,1.666666666666668e-05,0.0922764071672281,0.7622731543105468,0.11788937491721975,67
chr22,3877235,3.083491461100572e-05,0.3254390844790524,0.5703862766818857,0.24383093202194697,65
chr22,3877446,1.3888888888888896e-05,0.07613829586246831,0.783475927422438,0.10597434284339259,67
chr22,3881260,1.5625000000000038e-05,0.08895008605853956,0.7664255977144137,0.11552999876188329,70
chr22,3902791,4.6491228070175476e-05,0.7450149891901354,0.39118489934406864,0.40761791834793853,68
chr22,3920063,-4.5415959252971175e-05,0.7347263847422544,0.39441111379692173,0.40405085591979156,69
chr22,3923361,-4.541595925297118e-05,0.7347263847422544,0.39441111379692173,0.40405085591979156,69
chr22,3937868,3.1130268199233745e-05,0.32857257482148544,0.5685413039005875,0.24523797881353676,65
chr22,4022875,-4.698275862068969e-05,0.774737975179974,0.38190162090742275,0.4180484983440022,69
chr22,4038409,-1.6666666666666667e-05,0.09735106739691175,0.7560008474644699,0.12147771766157572,69
chr22,4044024,1.6666666666666657e-05,0.09735106739691175,0.7560008474644699,0.12147771766157572,69
chr22,4069467,3.075489282385839e-05,0.32974238875876155,0.5678236666990744,0.24578651018527345,66
chr22,4096492,1.7857142857142886e-05,0.10967381323111942,0.7415493682386629,0.12985993075842195,69
chr22,4109867,-1.3513513513513525e-05,0.06442426108373579,0.8004749762328622,0.09665224007678731,64
chr22,4134613,1.7241379310344835e-05,0.10067271589490771,0.7520254149244502,0.12376748204807085,68
chr22,4142285,-1.7241379310344862e-05,0.10592705167173107,0.7458289998562833,0.1273607340979311,70
chr22,4142398,-9.444269795169365e-22,0.0,1.0,-0.0,69
chr22,4166717,1.724137931034486e-05,0.10067271589490773,0.7520254149244502,0.12376748204807085,68
chr22,4182769,1.7241379310344818e-05,0.10329941412272445,0.748906083407064,0.12557264160018727,69
chr22,4182773,1.7241379310344818e-05,0.10329941412272445,0.748906083407064,0.12557264160018727,69
chr22,4206669,1.7241379310344825e-05,0.10329941412272445,0.748906083407064,0.12557264160018727,69
chr22,4308395,-1.2500000000000012e-05,0.05615194054502283,0.813397139575277,0.08969735918598912,70
chr22,4382097,-1.2500000000000009e-05,0.05425707184944981,0.8165247504457852,0.0880306464213531,69
chr22,4392072,-4.741379310344832e-06,0.008482618845071066,0.9268925188352632,0.03297062311875498,69
chr22,4407495,-1.2195121951219516e-05,0.05295381310418904,0.8186917428431294,0.08687958979335184,70
chr22,4417998,0.0,0.0,1.0,-0.0,64
chr22,4425143,1.4285714285714292e-05,0.05971610376898709,0.807765319529542,0.09271479669743675,63
chr22,4448394,-1.362202729533065e-20,0.0,1.0,-0.0,69
chr22,4448702,-1.3513513513513527e-05,0.046319444444438654,0.8303511757548899,0.08073819504910673,60
chr22,4448712,-1.3888888888888908e-05,0.047581025659619296,0.8281062957256817,0.08191391359651624,59
chr22,4448776,-1.3513513513513527e-05,0.046319444444438654,0.8303511757548899,0.08073819504910673,60
chr22,4529374,-2.5641025641025687e-05,0.24264705882349585,0.6239355413576402,0.20486027486672137,68
chr23,11144,-1.6129032258064527e-05,0.08197474167623309,0.7755783513041933,0.1103743218733034,65
chr23,139911,-1.612903225806455e-05,0.08933274802462016,0.7659662383685103,0.11579037242143247,68
chr23,195890,1.562500000000004e-05,0.08895008605853953,0.7664255977144137,0.11552999876188329,70
chr23,196109,-1.562500000000003e-05,0.08895008605853953,0.7664255977144137,0.11552999876188329,70
chr23,198791,-1.785714285714288e-05,0.1200276379429407,0.7301409828503658,0.13659327390377018,66
chr23,198851,1.78571428571429e-05,0.1200276379429407,0.7301409828503658,0.13659327390377018,66
chr23,198859,1.78571428571429e-05,0.1200276379429407,0.7301409828503658,0.13659327390377018,66
chr23,198874,1.78571428571429e-05,0.1200276379429407,0.7301409828503658,0.13659327390377018,66
chr23,203859,-1.612903225806456e-05,0.08933274802462014,0.7659662383685103,0.11579037242143247,68
chr23,203864,-1.612903225806456e-05,0.08933274802462014,0.7659662383685103,0.11579037242143247,68
chr23,203889,-1.612903225806456e-05,0.08933274802462014,0.7659662383685103,0.11579037242143247,68
chr23,264717,-1.5625000000000024e-05,0.08419560595324337,0.7725999017457906,0.11204535142193063,68
chr23,264741,1.5625000000000024e-05,0.08419560595324337,0.7725999017457906,0.11204535142193063,68
chr23,276568,2.985739750445641e-05,0.3250727774875249,0.5705404939110004,0.24371352625366616,67
chr23,277267,-1.5151515151515178e-05,0.0724658519051183,0.7886594494009445,0.1031104887722389,65
chr23,283184,3.44827586206897e-05,0.3942587209303064,0.5323753253955154,0.27378208147103145,64
chr23,283213,3.44827586206897e-05,0.3942587209303064,0.5323753253955154,0.27378208147103145,64
chr23,292048,0.0,0.0,1.0,-0.0,64
chr23,292127,0.0,0.0,1.0,-0.0,64
chr23,314261,1.4705882352941204e-05,0.07930029154518728,0.7791030841146338,0.10840507647337351,70
chr23,325526,-1.9930186994219398e-22,0.0,1.0,-0.0,66
chr23,340373,1.4285714285714294e-05,0.070549365120521,0.7913664956780773,0.10162234053719627,68
chr23,352522,-1.4705882352941189e-05,0.07482993197282233,0.7852842374037242,0.10497311982424265,68
chr23,362783,-2.89915966386555e-05,0.32531137850957614,0.5703409107839184,0.24386547517894486,69
chr23,467342,-1.3513513513513532e-05,0.06063432835820137,0.8062721061705144,0.09351836481403282,67
chr23,467401,-1.3513513513513532e-05,0.06063432835820137,0.8062721061705144,0.09351836481403282,67
chr23,470146,1.3513513513513529e-05,0.06063432835820137,0.8062721061705144,0.09351836481403282,67
chr23,470180,1.3513513513513529e-05,0.06063432835820137,0.8062721061705144,0.09351836481403282,67
chr23,492823,0.0,0.0,1.0,-0.0,65
chr23,517709,3.315789473684215e-05,0.3389785657581461,0.5625652313315941,0.24982711239022057,63
chr23,558758,-1.2820512820512828e-05,0.058878504672920884,0.8090656162207697,0.09201625514049525,65
chr23,558845,1.2820512820512828e-05,0.058878504672920884,0.8090656162207697,0.09201625514049525,65
chr23,581529,1.9999999999999988e-05,0.1166087962962866,0.7338966981771315,0.13436506619964605,64
chr23,581578,2.0833333333333363e-05,0.12142091563314776,0.7286982529764894,0.13745227167677132,63
chr23,581584,2.0833333333333363e-05,0.12142091563314776,0.7286982529764894,0.13745227167677132,63
chr23,586457,1.724137931034486e-05,0.10592705167173107,0.7458289998562833,0.1273607340979311,70
chr23,586463,1.724137931034486e-05,0.10592705167173107,0.7458289998562833,0.1273607340979311,70
chr23,706967,1.7857142857142886e-05,0.10967381323111938,0.7415493682386629,0.12985993075842195,69
chr23,707000,1.7857142857142886e-05,0.1069518716577896,0.7446763996492779,0.12803240963790088,68
chr23,709009,1.7857142857142865e-05,0.1096738132311194,0.7415493682386629,0.12985993075842195,69
chr23,711131,1.851851851851852e-05,0.11369747899163765,0.737043225295186,0.13250704137203057,68
chr23,711137,1.851851851851852e-05,0.11369747899163765,0.737043225295186,0.13250704137203057,68
chr23,711657,1.9230769230769235e-05,0.11509756316880536,0.735524362132516,0.13340293794053606,66
chr23,714064,1.7857142857142845e-05,0.10423091155790713,0.747846527006281,0.1261875188641921,67
chr23,714275,1.7857142857142865e-05,0.10423091155790713,0.747846527006281,0.1261875188641921,67
chr23,769408,-1.9444444444444456e-05,0.1461255300312565,0.7035322503789216,0.1527159894295564,66
chr23,769409,-1.9047619047619063e-05,0.13627146140323426,0.7132539992120053,0.14675578457682836,65
chr23,809236,-4.684684684684688e-05,0.7362569694329024,0.3940155343080125,0.40448665550626217,67
chr23,1095792,0.00010000000000000009,3.8744186046513764,0.053105750539866714,1.2748584489277475,70
chr23,1095805,0.00010000000000000009,3.8744186046513764,0.053105750539866714,1.2748584489277475,70
chr23,1232362,-7.544642857142864e-05,1.962770619524018,0.16597363021518483,0.7799609069102418,67
chr23,1270538,7.777777777777782e-05,2.012998475487415,0.16080856540236788,0.793690822453785,66
chr23,1352210,-7.803992740471875e-05,2.069577121602763,0.15506107219795853,0.8094972173480218,67
chr23,1515249,5.555555555555563e-05,0.4764890282131595,0.4925127235270602,0.3075825454989257,66
chr23,1515310,-0.0001004901960784314,3.9113088109496466,0.05201682547486398,1.283856155808311,70
chr23,1530201,0.0001177489177489179,5.622298778577955,0.020660896353336972,1.6848508409546528,68
chr23,1534446,0.00010227272727272736,3.935037731288604,0.051389822569783604,1.28912288177186,69
chr23,1557026,0.0001015531660692952,3.570955755805181,0.06397904485106139,1.1939622478250569,58
chr23,1565034,7.470288624787782e-05,2.0257371314342154,0.1592939081596516,0.7978008325054338,69
chr23,1565038,7.470288624787782e-05,2.0257371314342154,0.1592939081596516,0.7978008325054338,69
chr23,1570458,-6.274509803921574e-05,1.3244325767689984,0.2542172675149671,0.5947949536570211,64
chr23,1570522,4.476351351351359e-05,0.7172179095831777,0.40007293316602455,0.39786082971140313,69
chr23,1570580,4.476351351351359e-05,0.7172179095831777,0.40007293316602455,0.39786082971140313,69
chr23,1570707,4.476351351351359e-05,0.7172179095831777,0.40007293316602455,0.39786082971140313,69
chr23,1622610,-4.541595925297121e-05,0.7347263847422545,0.39441111379692173,0.40405085591979156,69
chr23,1684098,-4.5771578029642616e-05,0.7263599846673072,0.3971477316808487,0.40104791359124603,68
chr23,1703853,4.722222222222226e-05,0.7275874277172582,0.3968474026420452,0.40137645779734954,66
chr23,1739283,4.615384615384619e-05,0.7538547020419143,0.3883579585232687,0.4107677905292112,69
chr23,1739320,-4.6153846153846185e-05,0.7538547020419143,0.3883579585232687,0.4107677905292112,69
chr23,1739475,-4.507857733664188e-05,0.7431772606015641,0.3916749940887906,0.4070741544565097,70
chr23,1791691,4.922779922779927e-05,0.7586425611704479,0.38706067008987954,0.41222095585932633,65
chr23,1878501,-2.964254577157807e-05,0.3276869158878293,0.5689692160399873,0.24491123038107965,68
chr23,1880590,-4.3816543816543875e-05,0.708761516332209,0.40280639117943895,0.3949036472744699,70
chr23,1955825,-4.419191919191922e-05,0.701214042222363,0.40535319319111507,0.3921664014555891,69
chr23,1955827,-4.419191919191922e-05,0.701214042222363,0.40535319319111507,0.3921664014555891,69
chr23,1955852,-4.419191919191922e-05,0.701214042222363,0.40535319319111507,0.3921664014555891,69
chr23,2021086,3.0303030303030357e-05,0.3466386554621729,0.5580318033526208,0.25334104904278976,68
chr23,2021112,-3.030303030303035e-05,0.3466386554621729,0.5580318033526208,0.25334104904278976,68
chr23,2021133,-3.030303030303035e-05,0.3466386554621729,0.5580318033526208,0.25334104904278976,68
chr23,2097977,-4.458874458874463e-05,0.6937724422743667,0.4078882519882515,0.38945880306768205,68
chr23,2099724,-4.419191919191922e-05,0.701214042222363,0.40535319319111507,0.3921664014555891,69
chr23,2101594,4.330065359477128e-05,0.6937187891553233,0.4078182228328253,0.38953337223388934,70
chr23,2103293,4.330065359477128e-05,0.6937187891553233,0.4078182228328253,0.38953337223388934,70
chr23,2103439,-4.419191919191922e-05,0.701214042222363,0.40535319319111507,0.3921664014555891,69
chr23,2103447,-4.419191919191922e-05,0.701214042222363,0.40535319319111507,0.3921664014555891,69
chr23,2103692,5.982142857142862e-05,1.322502277558515,0.25435702203149396,0.5945562683041671,67
chr23,2115401,4.3816543816543875e-05,0.708761516332209,0.40280639117943895,0.3949036472744699,70
chr23,2139470,-1.612903225806451e-05,0.094243070362472,0.7597888724082098,0.11930707125392258,70
chr23,2139476,-1.612903225806451e-05,0.094243070362472,0.7597888724082098,0.11930707125392258,70
chr23,2158333,1.612903225806451e-05,0.094243070362472,0.7597888724082098,0.11930707125392258,70
chr23,2179357,1.7241379310344855e-05,0.1006727158949077,0.7520254149244502,0.12376748204807085,68
chr23,2215716,1.785714285714286e-05,0.1123966942148698,0.7384639422849163,0.13167070556394742,70
chr23,2226782,-1.785714285714286e-05,0.1123966942148698,0.7384639422849163,0.13167070556394742,70
chr23,2236198,1.785714285714286e-05,0.1123966942148698,0.7384639422849163,0.13167070556394742,70
chr23,2246264,1.851851851851854e-05,0.11087420042643772,0.7402226854004316,0.13063760933377694,67
chr23,2282257,-1.7857142857142865e-05,0.10967381323111942,0.7415493682386629,0.12985993075842195,69
chr23,2384766,-1.315789473684214e-05,0.059062164419531805,0.8087381385752584,0.09219207589244127,68
chr23,2401525,1.3888888888888929e-05,0.06229316721822766,0.8037068752498597,0.09490231651684128,66
chr23,2401645,1.3888888888888929e-05,0.06229316721822766,0.8037068752498597,0.09490231651684128,66
chr24,115684,3.137254901960787e-05,0.3258869908016063,0.5701544961058924,0.2440074465823268,64
chr24,167103,1.5151515151515182e-05,0.0793705332600484,0.7790337428019035,0.10844373103693475,68
chr24,221458,-2.089864158829691e-06,0.001355618190134683,0.9707517739699766,0.012891807143317878,62
chr24,438467,-7.679765388438973e-21,0.0,1.0,-0.0,66
chr24,438587,-7.679765388438973e-21,0.0,1.0,-0.0,66
chr24,442029,1.7241379310344845e-05,0.09279869067102982,0.7616529557235165,0.11824286822260838,65
chr24,477901,-1.5625000000000014e-05,0.0818198165797337,0.7757558935561072,0.11027491631850053,67
chr24,499357,-1.6129032258064544e-05,0.09178743961352531,0.7628556601698584,0.11755762708021775,69
chr24,499630,-1.6129032258064544e-05,0.09178743961352531,0.7628556601698584,0.11755762708021775,69
chr24,499708,-1.6129032258064544e-05,0.09178743961352531,0.7628556601698584,0.11755762708021775,69
chr24,543755,-1.5151515151515148e-05,0.08167411621293745,0.7759231117245666,0.11018131199973372,69
chr24,546999,-1.562500000000001e-05,0.08419560595324337,0.7725999017457906,0.11204535142193063,68
chr24,547168,2.2748884869115786e-21,0.0,1.0,-0.0,67
chr24,548719,-1.5151515151515148e-05,0.08167411621293745,0.7759231117245666,0.11018131199973372,69
chr24,548973,-1.562500000000002e-05,0.08181981657973371,0.7757558935561072,0.11027491631850053,67
chr24,577240,-1.7857142857142852e-05,0.10717663129140899,0.7445212002260413,0.12812293120918986,62
chr24,654632,1.666666666666668e-05,0.08467223650383725,0.7720340600397246,0.11236353935207768,64
chr24,665819,1.724137931034486e-05,0.09804699904731527,0.7551885491266817,0.1219446038381627,67
chr24,665869,1.851851851851851e-05,0.10523076923076774,0.7467152110906363,0.12684500171119611,65
chr24,693571,1.5625000000000014e-05,0.08419560595324337,0.7725999017457906,0.11204535142193063,68
chr24,693587,-1.5625000000000014e-05,0.08419560595324337,0.7725999017457906,0.11204535142193063,68
chr24,773387,-1.5625000000000034e-05,0.08657237646239048,0.7694904001068018,0.11379679390482132,69
chr24,786041,1.5625000000000004e-05,0.08419560595324337,0.7725999017457906,0.11204535142193063,68
chr24,824875,0.0,0.0,1.0,-0.0,64
chr24,848301,-1.6666666666666667e-05,0.09735106739691177,0.7560008474644699,0.12147771766157572,69
chr24,877141,5.86055228370543e-21,0.0,1.0,-0.0,66
chr24,882848,-1.6666666666666674e-05,0.09481324663543354,0.7591147005506755,0.11969259821168511,68
chr24,883119,-2.7003155611716092e-21,0.0,1.0,-0.0,66
chr24,883178,-6.936139125247527e-21,0.0,1.0,-0.0,67
chr24,886546,1.6666666666666678e-05,0.09227640716722811,0.7622731543105468,0.11788937491721975,67
chr24,902316,1.666666666666667e-05,0.09735106739691177,0.7560008474644699,0.12147771766157572,69
chr24,929621,1.7857142857142892e-05,0.10695187165778963,0.7446763996492779,0.12803240963790088,68
chr24,929697,1.7857142857142892e-05,0.10695187165778963,0.7446763996492779,0.12803240963790088,68
chr24,952812,1.7241379310344828e-05,0.10329941412272446,0.748906083407064,0.12557264160018727,69
chr24,978128,-1.7241379310344845e-05,0.10067271589490773,0.7520254149244502,0.12376748204807085,68
chr24,978251,-1.6666666666666664e-05,0.08974059359665218,0.7654779424073446,0.11606731917707441,66
chr24,1009502,-1.3513513513513525e-05,0.0544921874999932,0.8161921768865809,0.08820757220826576,64
chr24,1013571,-1.2820512820512849e-05,0.057570029214633674,0.8111112409658021,0.09091957979057566,69
chr24,1013608,-1.282051282051283e-05,0.05757002921463368,0.8111112409658021,0.09091957979057566,69
chr24,1119770,1.2820512820512837e-05,0.059514398644857365,0.8079996477031648,0.09258882858259809,70
chr24,1119783,1.2820512820512837e-05,0.059514398644857365,0.8079996477031648,0.09258882858259809,70
chr24,1171704,-1.3157894736842126e-05,0.057067603160678326,0.8119438221522327,0.09047401826289159,67
chr24,1175378,-1.282051282051283e-05,0.0556265984654955,0.8142771625958192,0.08922774535907112,68
chr24,1187329,-1.2820512820512849e-05,0.057570029214633674,0.8111112409658021,0.09091957979057566,69
chr24,1187628,0.0,0.0,1.0,-0.0,64
chr24,1226279,-2.702702702702705e-05,0.26458616010851516,0.6087313125486336,0.21557435798524752,67
chr24,1396546,-4.285714285714288e-05,0.6254289636238903,0.4321519487457549,0.3643635242521974,62
chr24,1397126,1.351351351351352e-05,0.060634328358201386,0.8062721061705144,0.09351836481403282,67
chr24,1425448,-1.3513513513513524e-05,0.06063432835820139,0.8062721061705144,0.09351836481403282,67
chr24,1437170,1.4285714285714268e-05,0.07060185185187533,0.7913584726955979,0.10162674349676137,63
chr24,1473788,1.3157894736842116e-05,0.057067603160678326,0.8119438221522327,0.09047401826289159,67
chr24,1480925,1.2820512820512854e-05,0.057570029214633674,0.8111112409658021,0.09091957979057566,69
chr24,1522109,-1.3513513513513513e-05,0.060634328358201386,0.8062721061705144,0.09351836481403282,67
chr24,1522232,-1.3513513513513513e-05,0.060634328358201386,0.8062721061705144,0.09351836481403282,67
chr24,1579828,1.612903225806456e-05,0.08933274802462016,0.7659662383685103,0.11579037242143247,68
chr24,1579856,1.6129032258064524e-05,0.0868790376475818,0.7691223111613268,0.11400459018747049,67
chr24,1683660,1.3888888888888913e-05,0.06439962926268733,0.8004736250649407,0.0966529731481326,67
chr24,1727644,-1.3157894736842111e-05,0.06305418719213049,0.802489464035981,0.09556066078112438,70
chr24,1727841,-1.3157894736842111e-05,0.06305418719213049,0.802489464035981,0.09556066078112438,70
chr24,1727892,-1.3157894736842111e-05,0.06305418719213049,0.802489464035981,0.09556066078112438,70
chr24,1732398,-1.3513513513513512e-05,0.06473429951690012,0.7999431467925541,0.09694087789763972,69
chr24,1782357,1.3157894736842108e-05,0.06105770644090906,0.8055875373194845,0.0938872610681967,69
chr24,1782366,1.3157894736842108e-05,0.06105770644090906,0.8055875373194845,0.0938872610681967,69
chr24,1782374,-1.3157894736842108e-05,0.06105770644090906,0.8055875373194845,0.0938872610681967,69
chr24,1851196,-1.3513513513513502e-05,0.06268382352943612,0.8030809857471797,0.09524065660222683,68
chr24,1855784,-2.8571428571428598e-05,0.2890442890443151,0.5926982138345094,0.22716638155630026,66
chr24,1875578,-4.1770057899090214e-05,0.6371057513915139,0.4275395927452559,0.3690236607847273,70
chr24,1875812,-4.1770057899090214e-05,0.6371057513915139,0.4275395927452559,0.3690236607847273,70
chr24,1875879,5.341880341880346e-06,0.010408065556927379,0.9190810465279776,0.03664618991104601,62
chr24,1894079,-4.230769230769237e-05,0.6323110121239912,0.4293169160868888,0.36722199896884106,69
chr24,2000647,-1.2820512820512854e-05,0.057570029214633674,0.8111112409658021,0.09091957979057566,69
chr24,2008154,-1.470588235294118e-05,0.07527979914038682,0.7847260834552319,0.10528191166704065,63
chr24,2008189,-1.470588235294118e-05,0.07527979914038682,0.7847260834552319,0.10528191166704065,63
chr24,2012951,-1.2820512820512837e-05,0.05757002921463369,0.8111112409658021,0.09091957979057566,69
chr24,2013530,-1.2820512820512833e-05,0.0556265984654955,0.8142771625958192,0.08922774535907112,68
chr24,2068012,0.0,0.0,1.0,-0.0,64
chr24,2146222,8.34001671142695e-21,0.0,1.0,-0.0,66
chr24,2148638,-1.2820512820512842e-05,0.06117247238741715,0.8054440345454119,0.09396463070411293,66
chr24,2179620,-5.421010862427529e-21,0.0,1.0,-0.0,66
chr24,2179662,-5.421010862427529e-21,0.0,1.0,-0.0,66
chr24,2179666,-5.421010862427529e-21,0.0,1.0,-0.0,66
chr24,2285816,-1.2195121951219535e-05,0.04925917735515258,0.825042737141275,0.08352355445140403,68
chr24,2285950,-1.2195121951219508e-05,0.04741330939288519,0.8283091569846782,0.08180753747490928,67
chr24,2355438,1.4285714285714282e-05,0.06548838797813207,0.7989127846060395,0.09750062898605671,61
chr24,2355446,1.4285714285714282e-05,0.06548838797813207,0.7989127846060395,0.09750062898605671,61
chr24,2355462,1.4285714285714282e-05,0.06548838797813207,0.7989127846060395,0.09750062898605671,61
chr24,2355479,1.4285714285714282e-05,0.06548838797813207,0.7989127846060395,0.09750062898605671,61
chr24,2356808,1.219512195121954e-05,0.04925917735515258,0.825042737141275,0.08352355445140403,68
chr24,2435108,9.138275453806373e-21,0.0,1.0,-0.0,67
chr24,2452509,2.2622295329745622e-20,0.0,1.0,-0.0,66
chr24,2513821,3.142589118198877e-05,0.3422396856581241,0.5605646732630218,0.25137427491386216,67
chr24,2513848,3.142589118198877e-05,0.3422396856581241,0.5605646732630218,0.25137427491386216,67
chr24,2514136,-1.9230769230769235e-05,0.12389799165701804,0.7259493809550219,0.13909366075766294,69
chr24,2547363,2.9741379310344834e-05,0.3337665150530309,0.5653861847592268,0.24765480772505796,69
chr24,2547414,2.9741379310344834e-05,0.3337665150530309,0.5653861847592268,0.24765480772505796,69
chr24,2573843,-1.8518518518518535e-05,0.10805194805194653,0.7434461422258714,0.12875048777594997,66
chr24,2673373,1.724137931034484e-05,0.10329941412272446,0.748906083407064,0.12557264160018727,69
chr24,2713983,-5.197505197505203e-05,0.9302978173078078,0.3385938321311154,0.47032095731928397,63
chr24,2734437,-3.0061892130857692e-05,0.33234597156395884,0.5662419222856576,0.24699798035533704,68
chr24,2740512,-3.167641325536065e-05,0.33436760022865175,0.5651599041087025,0.24782865723046793,65
chr24,2745854,1.785714285714287e-05,0.10967381323111942,0.7415493682386629,0.12985993075842195,69
chr24,2745889,1.724137931034486e-05,0.10592705167173105,0.7458289998562833,0.1273607340979311,70
chr24,2775586,1.7241379310344842e-05,0.10067271589490773,0.7520254149244502,0.12376748204807085,68
chr24,2775601,1.7241379310344842e-05,0.10067271589490773,0.7520254149244502,0.12376748204807085,68
chr24,2775602,1.7241379310344842e-05,0.10067271589490773,0.7520254149244502,0.12376748204807085,68
chr24,2775624,1.7241379310344842e-05,0.10067271589490773,0.7520254149244502,0.12376748204807085,68
chr24,2775633,1.666666666666667e-05,0.09735106739691175,0.7560008474644699,0.12147771766157572,69
chr24,2775772,-1.6666666666666667e-05,0.09735106739691175,0.7560008474644699,0.12147771766157572,69
chr24,2777766,-1.3157894736842116e-05,0.06746841332905135,0.7958800397264841,0.09915238704992049,67
chr24,2788090,-1.6129032258064537e-05,0.0917874396135253,0.7628556601698584,0.11755762708021775,69
chr24,2815527,3.095238095238098e-05,0.32668528121261586,0.5696511172823722,0.24439104648218155,65
chr24,2849605,-1.6129032258064537e-05,0.0917874396135253,0.7628556601698584,0.11755762708021775,69
chr24,2865373,-1.6666666666666684e-05,0.08974059359665218,0.7654779424073446,0.11606731917707441,66
chr24,2970298,-1.6666666666666678e-05,0.09481324663543353,0.7591147005506755,0.11969259821168511,68
chr24,3084304,-1.724137931034483e-05,0.10329941412272443,0.748906083407064,0.12557264160018727,69
chr24,3105246,-1.3157894736842111e-05,0.06275594908689652,0.8030070884090541,0.09528062104342323,65
chr24,3131651,1.7241379310344852e-05,0.10067271589490771,0.7520254149244502,0.12376748204807085,68
chr24,3132298,1.7241379310344842e-05,0.10329941412272446,0.748906083407064,0.12557264160018727,69
chr24,3132582,-4.41729323308271e-05,0.7415823458751842,0.3923693569224852,0.4063049172939375,66
chr24,3238955,5.008944543828269e-05,0.8496376811594366,0.35996217974847233,0.44374312698100227,69
chr24,3283624,5.1627906976744256e-05,0.8679501848642409,0.35491891362103467,0.449870856492418,68
chr24,3289443,-5.416666666666671e-05,0.8521470396877324,0.35952429669274555,0.4442717546189848,64
chr24,3388206,-9.305555555555563e-05,3.171886380189293,0.07958832229992224,1.0991506500104788,67
chr24,3466421,-8.119658119658125e-05,2.143228200370944,0.1480949899504045,0.8294596334011226,66
chr24,3493462,-7.611438183347357e-05,2.125632609442367,0.1494561977882418,0.8254860705248517,70
chr24,3500537,-8.05555555555556e-05,2.1641791044776286,0.14608491912957045,0.8353946155295254,67
chr24,3562316,5.31578947368422e-05,0.9614678020206934,0.33069039868268135,0.48057841427790043,63
chr24,3565571,0.00010197368421052646,3.2235701906412713,0.07762141485862736,1.1100184453412454,62
chr24,3565632,-0.00010197368421052646,3.2235701906412713,0.07762141485862736,1.1100184453412454,62
chr24,3588373,-7.796167247386767e-05,2.1541421700699597,0.14686478906907266,0.8330823141211193,69
chr24,3599008,7.994579945799466e-05,2.185393044669524,0.14408227427761697,0.8413894449801385,68
chr24,3609811,-7.989417989417996e-05,2.2039037026535864,0.14289669610915212,0.8449778123437499,62
chr24,3609844,-7.989417989417996e-05,2.2039037026535864,0.14289669610915212,0.8449778123437499,62
chr24,3662853,6.350806451612908e-05,1.3192584963954594,0.25520931057073515,0.5931034856885926,63
chr24,3694321,4.4763513513513583e-05,0.7172179095831774,0.40007293316602455,0.39786082971140313,69
chr24,3790442,4.28571428571429e-05,0.680000000000006,0.41247001541874784,0.3846076170813091,70
chr24,3891379,4.327731092436977e-05,0.6733441893995492,0.4147980925246666,0.38216324940912105,69
chr25,5932,1.3157894736842108e-05,0.06105770644090905,0.8055875373194845,0.0938872610681967,69
chr25,21585,1.2820512820512852e-05,0.05757002921463369,0.8111112409658021,0.09091957979057566,69
chr25,34120,-1.4285714285714292e-05,0.059716103768987075,0.807765319529542,0.09271479669743675,63
chr25,34135,-1.4285714285714292e-05,0.059716103768987075,0.807765319529542,0.09271479669743675,63
chr25,47210,1.2500000000000012e-05,0.05615194054502282,0.813397139575277,0.08969735918598912,70
chr25,102140,1.61290322580645e-05,0.094243070362472,0.7597888724082098,0.11930707125392258,70
chr25,115594,4.6153846153846206e-05,0.7538547020419141,0.3883579585232687,0.4107677905292112,69
chr25,169038,-1.3157894736842116e-05,0.06275594908689652,0.8030070884090541,0.09528062104342323,65
chr25,176859,-3.075489282385838e-05,0.3297423887587616,0.5678236666990744,0.24578651018527345,66
chr25,191385,1.612903225806455e-05,0.0917874396135253,0.7628556601698584,0.11755762708021775,69
chr25,191493,1.612903225806455e-05,0.0917874396135253,0.7628556601698584,0.11755762708021775,69
chr25,290639,5.860552283705408e-21,0.0,1.0,-0.0,66
chr25,308610,1.2990890895547008e-20,0.0,1.0,-0.0,67
chr25,312426,-1.612903225806453e-05,0.08823529411768377,0.7674586658274255,0.11494500567027675,62
chr25,380365,-1.7241379310344825e-05,0.10329941412272442,0.748906083407064,0.12557264160018727,69
chr25,380366,-1.7241379310344825e-05,0.10329941412272442,0.748906083407064,0.12557264160018727,69
chr25,380378,-1.7241379310344855e-05,0.10067271589490771,0.7520254149244502,0.12376748204807085,68
chr25,380382,-1.7241379310344855e-05,0.10067271589490771,0.7520254149244502,0.12376748204807085,68
chr25,380396,-1.785714285714285e-05,0.10423091155790713,0.747846527006281,0.1261875188641921,67
chr25,406261,-1.7857142857142896e-05,0.10695187165778963,0.7446763996492779,0.12803240963790088,68
chr25,407549,-1.7241379310344866e-05,0.10592705167173105,0.7458289998562833,0.1273607340979311,70
chr25,407620,-1.7241379310344825e-05,0.10329941412272443,0.748906083407064,0.12557264160018727,69
chr25,462961,1.78571428571429e-05,0.10695187165778965,0.7446763996492779,0.12803240963790088,68
chr25,462988,1.7857142857142855e-05,0.10423091155790715,0.747846527006281,0.1261875188641921,67
chr25,467492,1.8518518518518556e-05,0.11087420042643774,0.7402226854004316,0.13063760933377694,67
chr25,467646,3.071364046973807e-05,0.3395883777239681,0.5620526782864486,0.2502229783509136,68
chr25,480987,-4.790940766550527e-05,0.7975343037142517,0.3750281058566799,0.4259361835761039,69
chr25,483591,-4.8214285714285784e-05,0.7877081252763077,0.37801698127997263,0.4224886903465361,68
chr25,494072,-5.096153846153851e-05,0.8171227802246064,0.36941280607111526,0.43248805337433793,66
chr25,497154,4.7619047619047654e-05,0.8074211502783656,0.3720545796329293,0.4293933453474476,70
chr25,497262,-4.7619047619047654e-05,0.8074211502783656,0.3720545796329293,0.4293933453474476,70
chr25,634257,4.790940766550528e-05,0.7975343037142519,0.3750281058566799,0.4259361835761039,69
chr25,672254,6.135531135531139e-05,1.3571205983172638,0.2482947188038464,0.6050325177339553,67
chr25,701183,-7.500000000000005e-05,2.081632653061147,0.15367134807815155,0.813407098873136,70
chr25,701228,-7.500000000000005e-05,2.081632653061147,0.15367134807815155,0.813407098873136,70
chr25,702871,-7.564102564102571e-05,2.0639740174691594,0.15546974188984808,0.8083541224503763,69
chr25,736423,7.500000000000006e-05,2.081632653061147,0.15367134807815155,0.813407098873136,70
chr25,781749,7.56410256410257e-05,2.0639740174691594,0.15546974188984808,0.8083541224503763,69
chr25,786538,-7.500000000000005e-05,2.081632653061147,0.15367134807815155,0.813407098873136,70
chr25,786569,-7.564102564102571e-05,2.0639740174691594,0.15546974188984808,0.8083541224503763,69
chr25,797777,7.56410256410257e-05,2.0639740174691594,0.15546974188984808,0.8083541224503763,69
chr25,801417,7.941176470588243e-05,1.9809782608694408,0.1642812837045275,0.7844119122000842,64
chr25,801432,7.941176470588243e-05,1.9809782608694408,0.1642812837045275,0.7844119122000842,64
chr25,814494,6.623931623931635e-05,1.3546977421705257,0.24906604466150797,0.6036854760817212,62
chr25,826925,7.564102564102571e-05,2.06397401746916,0.15546974188984808,0.8083541224503763,69
chr25,874594,-7.500000000000005e-05,2.081632653061147,0.15367134807815155,0.813407098873136,70
chr25,874653,7.500000000000006e-05,2.081632653061147,0.15367134807815155,0.813407098873136,70
chr25,887972,8.922413793103458e-05,3.128581096322959,0.08148218441844171,1.0889373367145967,69
chr25,906994,-8.471933471933482e-05,2.1315386264428153,0.1494271092565158,0.8255706051144884,63
chr25,919039,-7.564102564102571e-05,2.06397401746916,0.15546974188984808,0.8083541224503763,69
chr25,928816,-7.672413793103456e-05,2.1066572985761476,0.15132582416447624,0.8200869521148354,69
chr25,928944,-7.736516357206021e-05,2.087964646381243,0.1531950601772472,0.8147552384393894,68
chr25,948961,7.702702702702711e-05,2.0296297008199575,0.1590419479113191,0.7984883137694702,67
chr25,955439,-7.544642857142864e-05,1.9627706195240184,0.16597363021518483,0.7799609069102418,67
chr25,981418,-5.928509154315609e-05,1.3305662614882035,0.25286474799018505,0.5971117116617617,68
chr25,1032880,5.8823529411764755e-05,1.3199999999999632,0.25473882207932586,0.5939048637131911,68
chr25,1062280,9.841269841269846e-05,3.105175292153578,0.08313736029804719,1.0802037689348274,62
chr25,1065840,6.256109481915939e-05,1.320465890182997,0.25492223350730725,0.5935922850939077,64
chr25,1065956,6.256109481915939e-05,1.320465890182997,0.25492223350730725,0.5935922850939077,64
chr25,1094697,-6.060606060606066e-05,1.3195876288659338,0.25494133854943424,0.5935597382918575,66
chr25,1127139,7.316017316017322e-05,1.9015619830041872,0.17255911747369906,0.7630620890302374,68
chr25,1132872,7.107843137254905e-05,1.9021453517380036,0.17235777560789783,0.7635691194075804,70
chr25,1132923,7.107843137254905e-05,1.9021453517380036,0.17235777560789783,0.7635691194075804,70
chr25,1132960,7.107843137254905e-05,1.9021453517380036,0.17235777560789783,0.7635691194075804,70
chr25,1226227,-5.982142857142865e-05,1.3225022775585147,0.25435702203149396,0.5945562683041671,67
chr25,1261995,-1.0180995475113124e-05,0.0400613967766492,0.8420607350329463,0.07465658315782629,60
chr25,1318741,-7.084357084357094e-05,1.8844883143820366,0.17433543385840644,0.7586143331126983,70
chr25,1394768,-7.291666666666673e-05,1.8835177635411795,0.17458105562299336,0.7580028848273244,68
chr25,1401469,5.898617511520744e-05,1.2503947073441835,0.267656902306838,0.5724215525976784,66
chr25,1401502,5.898617511520744e-05,1.2503947073441835,0.267656902306838,0.5724215525976784,66
chr25,1401637,7.107843137254905e-05,1.9021453517380036,0.17235777560789783,0.7635691194075804,70
chr25,1412192,7.316017316017322e-05,1.9015619830041872,0.17255911747369906,0.7630620890302374,68
chr25,1438616,-7.536764705882362e-05,1.9009453131901803,0.172772670003926,0.7625249551742793,66
chr25,1474334,-7.352941176470594e-05,1.9230769230770521,0.1701840500900797,0.7690811450884324,68
chr25,1492143,6.274509803921574e-05,1.3244325767689986,0.2542172675149671,0.5947949536570211,64
chr25,1550746,-7.226890756302527e-05,1.9120402525041953,0.171328281762757,0.7661709405973561,69
chr25,1564234,-7.771260997067455e-05,1.900292423184223,0.1729995784941652,0.7619549550092459,64
chr25,1569256,-5.8823529411764755e-05,1.3199999999999639,0.25473882207932586,0.5939048637131911,68
chr25,1633434,-6.158357771261003e-05,1.2855127883651303,0.26124159823370124,0.5829576679599946,64
chr25,1674472,4.3722943722943764e-05,0.6668218337981526,0.41709960567728843,0.37976022073258786,68
chr25,1674538,4.3722943722943764e-05,0.6668218337981526,0.41709960567728843,0.37976022073258786,68
chr25,1681372,2.9857397504456396e-05,0.3250727774875248,0.5705404939110004,0.24371352625366616,67
chr25,1696071,-4.372294372294379e-05,0.6668218337981527,0.41709960567728843,0.37976022073258786,68
chr25,1782768,-4.327731092436979e-05,0.6733441893995492,0.4147980925246666,0.38216324940912105,69
chr25,1782781,-4.327731092436979e-05,0.6733441893995492,0.4147980925246666,0.38216324940912105,69
chr25,1782784,-4.327731092436979e-05,0.6733441893995492,0.4147980925246666,0.38216324940912105,69
chr25,1782830,-4.327731092436979e-05,0.6733441893995492,0.4147980925246666,0.38216324940912105,69
chr25,1829559,-7.536764705882363e-05,1.90094531319018,0.172772670003926,0.7625249551742793,66
chr25,1838459,-6.082949308755765e-05,1.3245531514581836,0.2540583544549987,0.5950665191790027,66
chr25,1838476,-6.0035842293906874e-05,1.327339225845837,0.253498947390794,0.5960238396573468,67
chr25,1899974,-7.777777777777784e-05,2.012998475487415,0.16080856540236788,0.793690822453785,66
chr25,1902037,-7.777777777777781e-05,2.012998475487415,0.16080856540236788,0.793690822453785,66
chr25,1927364,7.541412380122069e-05,2.009736771420974,0.1609964270796486,0.7931837619607642,68
chr25,1927519,7.702702702702708e-05,2.0296297008199575,0.1590419479113191,0.7984883137694702,67
chr25,1935743,-6.827731092436976e-05,1.4747374850925712,0.22935772216761263,0.6394866331717429,62
chr25,1935744,-6.827731092436976e-05,1.4747374850925712,0.22935772216761263,0.6394866331717429,62
chr25,1935766,-6.827731092436976e-05,1.4747374850925712,0.22935772216761263,0.6394866331717429,62
chr25,1937666,-8.471933471933482e-05,2.1315386264428153,0.1494271092565158,0.8255706051144884,63
chr25,1952868,7.564102564102571e-05,2.0639740174691594,0.15546974188984808,0.8083541224503763,69
chr25,2011990,3.571428571428576e-05,0.45585326380144925,0.5019631306858074,0.29932818071900213,67
chr25,2027268,-4.6846846846846884e-05,0.7362569694329025,0.3940155343080125,0.40448665550626217,67
chr25,2027275,-4.6846846846846884e-05,0.7362569694329025,0.3940155343080125,0.40448665550626217,67
chr25,2027287,-4.6846846846846884e-05,0.7362569694329025,0.3940155343080125,0.40448665550626217,67
chr25,2059908,-4.369369369369371e-05,0.7573329733973433,0.38736701313565614,0.4118773650911463,67
chr25,2073173,2.9642545771578062e-05,0.3276869158878293,0.5689692160399873,0.24491123038107965,68
chr25,2080837,-4.458874458874464e-05,0.6937724422743667,0.4078882519882515,0.38945880306768205,68
chr25,2104326,4.36974789915967e-05,0.6866169425746903,0.410259654834671,0.38694118969697155,69
chr25,2108080,4.419191919191924e-05,0.7012140422223628,0.40535319319111507,0.3921664014555891,69
chr25,2207759,-4.507857733664187e-05,0.7431772606015642,0.3916749940887906,0.4070741544565097,70
chr25,2214363,-4.507857733664187e-05,0.7431772606015642,0.3916749940887906,0.4070741544565097,70
chr25,2214439,-3.0061892130857682e-05,0.33234597156395884,0.5662419222856576,0.24699798035533704,68
chr25,2319765,4.577157802964262e-05,0.7263599846673071,0.3971477316808487,0.40104791359124603,68
chr25,2361379,6.274509803921574e-05,1.3244325767689982,0.2542172675149671,0.5947949536570211,64
chr25,2361437,-6.190476190476197e-05,1.3273905996758961,0.2536232445428354,0.5958109459240908,65
chr25,2417496,4.54159592529712e-05,0.7347263847422544,0.39441111379692173,0.40405085591979156,69
chr25,2428108,3.588516746411487e-05,0.3489771359807465,0.5569877802844283,0.25415433267772036,60
chr25,2439064,4.5771578029642616e-05,0.726359984667307,0.3971477316808487,0.40104791359124603,68
chr25,2445013,6.226053639846748e-05,1.3351809585915135,0.25224921556349855,0.5981701756439703,65
chr25,2451473,4.4407894736842156e-05,0.7252139565502905,0.397428087428082,0.4007414432554573,70
chr25,2464820,1.6129032258064517e-05,0.094243070362472,0.7597888724082098,0.11930707125392258,70
chr25,2464821,1.6129032258064517e-05,0.094243070362472,0.7597888724082098,0.11930707125392258,70
chr25,2487453,1.2195121951219533e-05,0.05295381310418904,0.8186917428431294,0.08687958979335184,70
chr25,2524899,1.2820512820512849e-05,0.05368414842781392,0.8175001511742366,0.0875121583568131,67
chr25,2524990,-1.2820512820512828e-05,0.04980237154152201,0.824129535230828,0.08400452129489248,65
chr25,2524994,-1.2820512820512828e-05,0.04980237154152201,0.824129535230828,0.08400452129489248,65
chr25,2566039,-1.190476190476191e-05,0.048105305145589666,0.827060420978967,0.08246276186313388,69
chr25,2566332,7.035647279549724e-06,0.017153916077757913,0.8962012262088288,0.047594466208108685,67
chr25,2586023,3.020277480495337e-20,0.0,1.0,-0.0,68
chr25,2596211,1.785714285714288e-05,0.1096738132311194,0.7415493682386629,0.12985993075842195,69
chr25,2596300,1.785714285714288e-05,0.1096738132311194,0.7415493682386629,0.12985993075842195,69
chr25,2614091,-1.7857142857142892e-05,0.10695187165778962,0.7446763996492779,0.12803240963790088,68
chr25,2631225,4.741379310344835e-06,0.008482618845071063,0.9268925188352632,0.03297062311875498,69
chr25,2631512,-4.741379310344835e-06,0.008482618845071063,0.9268925188352632,0.03297062311875498,69
chr25,2636707,-1.724137931034485e-05,0.10592705167173105,0.7458289998562833,0.1273607340979311,70
chr25,2644385,1.7241379310344852e-05,0.10592705167173105,0.7458289998562833,0.1273607340979311,70
chr25,2644608,1.7241379310344828e-05,0.10329941412272443,0.748906083407064,0.12557264160018727,69
chr25,2667396,-1.785714285714288e-05,0.1096738132311194,0.7415493682386629,0.12985993075842195,69
chr25,2667554,1.7241379310344835e-05,0.10329941412272442,0.748906083407064,0.12557264160018727,69
chr25,2667568,-1.7241379310344835e-05,0.10329941412272442,0.748906083407064,0.12557264160018727,69
chr25,2667608,-1.7241379310344835e-05,0.10329941412272442,0.748906083407064,0.12557264160018727,69
chr25,2667653,1.7241379310344835e-05,0.10329941412272442,0.748906083407064,0.12557264160018727,69
chr25,2667670,-1.785714285714289e-05,0.10695187165778963,0.7446763996492779,0.12803240963790088,68
chr25,2667768,1.785714285714289e-05,0.10695187165778963,0.7446763996492779,0.12803240963790088,68
chr25,2730005,-1.7241379310344842e-05,0.1006727158949077,0.7520254149244502,0.12376748204807085,68
chr25,2733034,-6.0728744939271305e-06,0.011830054274087464,0.9137393023542384,0.03917769452734685,64
chr25,2783463,-1.8518518518518515e-05,0.11369747899163767,0.737043225295186,0.13250704137203057,68
chr25,2833184,3.9682539682539715e-06,0.005152925531920614,0.9430049645933374,0.02548602084717241,64
chr25,2900104,0.0,0.0,1.0,-0.0,64
chr25,2934168,-1.785714285714287e-05,0.09335782063054276,0.7609912687297442,0.11862032609965784,63
chr26,18937,-1.3157894736842111e-05,0.0630541871921305,0.802489464035981,0.09556066078112438,70
chr26,75324,-1.3513513513513542e-05,0.06678571428574023,0.7968561991657952,0.09862004440500619,70
chr26,75356,1.3513513513513542e-05,0.06678571428574023,0.7968561991657952,0.09862004440500619,70
chr26,75373,-1.3513513513513542e-05,0.06678571428574023,0.7968561991657952,0.09862004440500619,70
chr26,75441,1.3513513513513542e-05,0.06678571428574023,0.7968561991657952,0.09862004440500619,70
chr26,154882,7.173174872665546e-05,1.8634109337859537,0.1767980613105213,0.7525225015783699,69
chr26,154972,7.173174872665546e-05,1.8634109337859537,0.1767980613105213,0.7525225015783699,69
chr26,222862,7.878787878787885e-05,1.8899124616160567,0.17424087539422975,0.7588499556672234,63
chr26,222867,7.878787878787885e-05,1.8899124616160567,0.17424087539422975,0.7588499556672234,63
chr26,265458,7.392473118279578e-05,1.8752086214295232,0.1755926139195472,0.7554937560919164,67
chr26,265533,7.392473118279578e-05,1.8752086214295232,0.1755926139195472,0.7554937560919164,67
chr26,279374,-7.387387387387391e-05,1.862199138478355,0.1770768968379707,0.7518380973660742,67
chr26,281252,-7.291666666666675e-05,1.8835177635411797,0.17458105562299336,0.7580028848273244,68
chr26,290480,-7.196969696969709e-05,1.892517148744076,0.17350002144264945,0.7607004671991954,69
chr26,344248,-3.1015037593985e-05,0.3325460557392705,0.5661865093614331,0.24704048286863234,66
chr26,344340,-4.415954415954422e-05,0.6193257340798762,0.4342025766154929,0.36230760371308113,66
chr26,344716,-4.290876242095759e-05,0.6150511742402304,0.43569801570807043,0.360814417959582,68
chr26,406365,-3.0180180180180203e-05,0.3286048441862389,0.5684597415506272,0.24530028672208498,67
chr26,406450,-3.0180180180180203e-05,0.3286048441862389,0.5684597415506272,0.24530028672208498,67
chr26,424213,1.2820512820512822e-05,0.05562659846549551,0.8142771625958192,0.08922774535907112,68
chr26,434009,1.2820512820512827e-05,0.05562659846549552,0.8142771625958192,0.08922774535907112,68
chr26,466546,-1.2820512820512844e-05,0.05368414842781392,0.8175001511742366,0.0875121583568131,67
chr26,466562,-1.2820512820512844e-05,0.05368414842781392,0.8175001511742366,0.0875121583568131,67
chr26,466569,-1.2820512820512844e-05,0.05368414842781392,0.8175001511742366,0.0875121583568131,67
chr26,509450,-3.333333333333336e-05,0.3463687150837941,0.558313973218797,0.2531215026960909,64
chr26,574789,-7.500000000000003e-05,1.4871794871795696,0.22759067630966057,0.6428455336223375,60
chr26,629568,1.3513513513513544e-05,0.06678571428574023,0.7968561991657952,0.09862004440500619,70
chr26,629570,1.3513513513513544e-05,0.06678571428574023,0.7968561991657952,0.09862004440500619,70
chr26,629613,-1.3513513513513544e-05,0.06678571428574023,0.7968561991657952,0.09862004440500619,70
chr26,629714,-1.3888888888888912e-05,0.06861558514105594,0.794166910030295,0.10008821232455797,69
chr26,647538,-1.5151515151515124e-05,0.0701664719625983,0.7919732246846038,0.10128950094623079,64
chr26,652215,-4.315605928509155e-05,0.6449312063809074,0.42481343876775257,0.37180175301330587,68
chr26,676571,-4.265202702702703e-05,0.6505102016536237,0.4227840496677988,0.3738814056406938,69
chr26,685347,-4.419642857142857e-05,0.6604454286186145,0.4193693545867849,0.37740330877798434,67
chr26,698770,-3.095238095238097e-05,0.3266852812126159,0.5696511172823722,0.24439104648218155,65
chr26,700867,-2.9040404040404083e-05,0.32586170437729717,0.5700158274414895,0.2441130852484388,69
chr26,900588,1.666666666666668e-05,0.1031096563011657,0.7491922022645152,0.12540675149316444,65
chr26,900642,1.666666666666668e-05,0.1031096563011657,0.7491922022645152,0.12540675149316444,65
chr26,903393,2.941176470588237e-05,0.25856192176593995,0.6130060162003292,0.21253526318177482,61
chr26,975877,4.315605928509156e-05,0.6449312063809073,0.42481343876775257,0.37180175301330587,68
chr26,979563,4.369369369369372e-05,0.6395385923322483,0.42679087190718656,0.3697848777263221,67
chr26,983733,4.390681003584235e-05,0.6493806407049729,0.42327254161522276,0.3733799040083435,67
chr26,1001736,4.2652027027027044e-05,0.6505102016536238,0.4227840496677988,0.3738814056406938,69
chr26,1001781,4.2652027027027044e-05,0.6505102016536238,0.4227840496677988,0.3738814056406938,69
chr26,1002058,-4.265202702702705e-05,0.6505102016536238,0.4227840496677988,0.3738814056406938,69
chr26,1004546,-4.265202702702705e-05,0.6505102016536238,0.4227840496677988,0.3738814056406938,69
chr26,1028679,4.3156059285091544e-05,0.6449312063809074,0.42481343876775257,0.37180175301330587,68
chr26,1036836,-4.4268406337371896e-05,0.6343516346416213,0.4287082062169866,0.36783820326183153,66
chr26,1036889,-4.4268406337371896e-05,0.6343516346416213,0.4287082062169866,0.36783820326183153,66
chr26,1037263,-5.174291938997824e-05,0.8786208717318149,0.35240098588455493,0.45296288526673467,61
chr26,1041822,4.244482173174877e-05,0.6408490580475029,0.42623306807446937,0.37035285981851956,69
chr26,1085510,-4.2652027027027024e-05,0.6505102016536238,0.4227840496677988,0.3738814056406938,69
chr26,1126513,-1.3888888888888893e-05,0.06861558514105595,0.794166910030295,0.10008821232455797,69
chr26,1126878,-1.4285714285714296e-05,0.06838056413964372,0.7945362631122834,0.0998862765432449,67
chr26,1155556,1.5151515151515161e-05,0.06786826880286143,0.7953436685798551,0.09944517182536063,63
chr26,1166085,-1.4285714285714296e-05,0.06838056413964372,0.7945362631122834,0.0998862765432449,67
chr26,1171722,-1.4285714285714297e-05,0.0662127886797711,0.7977584678310339,0.09812857727826393,66
chr26,1188976,-3.125000000000002e-05,0.4173379363252781,0.5205781165808175,0.2835140921775108,66
chr26,1198478,-5.1476825836497276e-21,0.0,1.0,-0.0,69
chr26,1235461,-1.3888888888888906e-05,0.06861558514105595,0.794166910030295,0.10008821232455797,69
chr26,1237139,-1.4285714285714307e-05,0.070549365120521,0.7913664956780773,0.10162234053719627,68
chr26,1245003,-1.3513513513513532e-05,0.06678571428574023,0.7968561991657952,0.09862004440500619,70
chr26,1245028,-1.3513513513513532e-05,0.06678571428574023,0.7968561991657952,0.09862004440500619,70
chr26,1253734,2.7378842739531386e-22,0.0,1.0,-0.0,69
chr26,1257378,1.3888888888888893e-05,0.06861558514105595,0.794166910030295,0.10008821232455797,69
chr26,1257398,1.3888888888888893e-05,0.06861558514105595,0.794166910030295,0.10008821232455797,69
chr26,1258438,-1.3513513513513532e-05,0.06678571428574023,0.7968561991657952,0.09862004440500619,70
chr26,1258976,-1.666666666666668e-05,0.1001139817628957,0.7527557398673913,0.12334592424664655,64
chr26,1260422,2.111486486486489e-06,0.0017169080075549975,0.9670718736334973,0.014541247569060866,69
chr26,1262635,-1.3513513513513515e-05,0.06684350132628591,0.7968321466361075,0.09863315346857876,65
chr26,1285615,-1.4285714285714285e-05,0.07271914703440119,0.7882468902782845,0.10333773391674696,69
chr26,1285636,-1.4285714285714285e-05,0.07271914703440119,0.7882468902782845,0.10333773391674696,69
chr26,1290084,1.3888888888888906e-05,0.06861558514105594,0.794166910030295,0.10008821232455797,69
chr26,1295666,-1.388888888888892e-05,0.06650711676534304,0.7972944443090464,0.09838126213808734,68
chr26,1341878,1.5151515151515168e-05,0.08167411621293746,0.7759231117245666,0.11018131199973372,69
chr26,1342057,1.4705882352941194e-05,0.07930029154518727,0.7791030841146338,0.10840507647337351,70
chr26,1342090,1.4705882352941194e-05,0.07930029154518727,0.7791030841146338,0.10840507647337351,70
chr26,1342129,1.4705882352941194e-05,0.07930029154518727,0.7791030841146338,0.10840507647337351,70
chr26,1342149,1.4705882352941194e-05,0.07930029154518727,0.7791030841146338,0.10840507647337351,70
chr26,1389014,-2.4496011651076202e-20,0.0,1.0,-0.0,67
chr26,1390655,1.4705882352941163e-05,0.06144393241170164,0.805074495630544,0.09416393137825621,62
chr26,1401264,1.42857142857143e-05,0.07271914703440119,0.7882468902782845,0.10333773391674696,69
chr26,1407025,1.5151515151515158e-05,0.07246585190511831,0.7886594494009445,0.1031104887722389,65
chr26,1413336,-1.562500000000002e-05,0.07707136237258431,0.7822151550928429,0.1066737740276692,65
chr26,1413339,-1.562500000000002e-05,0.07707136237258431,0.7822151550928429,0.1066737740276692,65
chr26,1413363,-1.562500000000002e-05,0.07707136237258431,0.7822151550928429,0.1066737740276692,65
chr26,1446218,-1.3888888888888895e-05,0.07072499235240919,0.7910887788939426,0.10177477564238743,70
chr26,1446228,1.3888888888888884e-05,0.07072499235240919,0.7910887788939426,0.10177477564238743,70
chr26,1456679,0.0,0.0,1.0,-0.0,64
chr26,1456684,-1.843317972350233e-06,0.0011977112486575253,0.972500063456967,0.01211036166394131,66
chr26,1456718,1.4285714285714292e-05,0.06838056413964372,0.7945362631122834,0.0998862765432449,67
chr26,1456763,1.4285714285714292e-05,0.06838056413964372,0.7945362631122834,0.0998862765432449,67
chr26,1502124,-1.3888888888888895e-05,0.07072499235240919,0.7910887788939426,0.10177477564238743,70
chr26,1526927,-1.3888888888888895e-05,0.07072499235240919,0.7910887788939426,0.10177477564238743,70
chr26,1551319,-2.941176470588238e-05,0.31697945913993497,0.5753655107580051,0.24005617466050605,67
chr26,1564349,1.3888888888888884e-05,0.07072499235240919,0.7910887788939426,0.10177477564238743,70
chr26,1564834,1.388888888888891e-05,0.06861558514105592,0.794166910030295,0.10008821232455797,69
chr26,1730351,-1.4705882352941168e-05,0.07706464228203143,0.782170249976375,0.10669870655929907,69
chr26,1785067,-1.4705882352941165e-05,0.07259620266016649,0.7884470398675569,0.10322747299548488,67
chr26,1841120,-4.3816543816543875e-05,0.7087615163322084,0.40280639117943895,0.3949036472744699,70
chr26,1949744,4.419191919191922e-05,0.7012140422223632,0.40535319319111507,0.3921664014555891,69
chr26,1953342,-4.4588744588744625e-05,0.693772442274367,0.4078882519882515,0.38945880306768205,68
chr26,1953387,9.61538461538462e-06,0.023006535947717534,0.8799027696106367,0.0555653152981676,68
chr26,1953388,-4.90196078431373e-05,0.6288109756097685,0.43063322512327284,0.3658924656155588,68
chr26,1957685,-6.350806451612908e-05,1.3192584963954594,0.25520931057073515,0.5931034856885926,63
chr26,1963737,4.3816543816543875e-05,0.7087615163322084,0.40280639117943895,0.3949036472744699,70
chr26,1988694,-4.419191919191922e-05,0.7012140422223632,0.40535319319111507,0.3921664014555891,69
chr26,1988746,-4.419191919191922e-05,0.7012140422223632,0.40535319319111507,0.3921664014555891,69
chr26,2007495,-2.951388888888894e-05,0.3262576330329139,0.5698110552882758,0.24426912897488945,68
chr26,2061389,4.330065359477126e-05,0.6937187891553236,0.4078182228328253,0.38953337223388934,70
chr26,2061425,4.369747899159667e-05,0.6866169425746906,0.410259654834671,0.38694118969697155,69
chr26,2061429,-4.4563279857397524e-05,0.672780342393474,0.41508174806813536,0.38186636295385024,67
chr26,2061466,4.330065359477126e-05,0.6937187891553236,0.4078182228328253,0.38953337223388934,70
chr26,2061785,-4.4191919191919246e-05,0.701214042222363,0.40535319319111507,0.3921664014555891,69
chr26,2076356,-4.5138888888888934e-05,0.7093163751986431,0.40271243551786184,0.3950049594330419,68
chr26,2077492,4.4407894736842156e-05,0.7252139565502904,0.397428087428082,0.4007414432554573,70
chr26,2077549,-4.5535714285714334e-05,0.7015174336822638,0.40534345413583994,0.39217683598243486,67
chr26,2079406,4.614695340501797e-05,0.7180850786880669,0.39988222918696736,0.3980678955352097,67
chr26,2079733,-4.440789473684215e-05,0.7252139565502904,0.397428087428082,0.4007414432554573,70
chr26,2080064,-2.964254577157807e-05,0.3276869158878293,0.5689692160399873,0.24491123038107965,68
chr26,2080125,2.9642545771578083e-05,0.3276869158878293,0.5689692160399873,0.24491123038107965,68
chr26,2080972,-4.541595925297118e-05,0.7347263847422544,0.39441111379692173,0.40405085591979156,69
chr26,2081100,-4.541595925297118e-05,0.7347263847422544,0.39441111379692173,0.40405085591979156,69
chr26,2081611,-3.214285714285717e-05,0.328545780969447,0.5686237414896974,0.24517501136609424,63
chr26,2112060,7.637571157495265e-05,2.2473772939648002,0.1388356973291933,0.8574988540552488,65
chr26,2181334,4.4834307992202764e-05,0.7364065736777486,0.39406750620025965,0.4044293744714231,65
chr26,2210097,3.1130268199233745e-05,0.32857257482148544,0.5685413039005875,0.24523797881353676,65
chr26,2245351,4.7303271441202514e-05,0.7654129154073186,0.38481253133891113,0.4147507936957489,68
chr26,2253026,4.654377880184336e-05,0.7099094867143844,0.4026116298813669,0.3951136841906498,66
noOrient_tig00001000_pilon_64852,46534,4.730327144120249e-05,0.7654129154073187,0.38481253133891113,0.4147507936957489,68
noOrient_tig00001624_pilon_246163,35334,-0.00010114660114660129,3.9552780108305914,0.05075042085844465,1.2945603519222901,70
noOrient_tig00001624_pilon_246163,76257,0.00010114660114660129,3.9552780108305914,0.05075042085844465,1.2945603519222901,70
noOrient_tig00001624_pilon_246163,77300,0.00011942959001782537,5.622982569399438,0.02069962682883225,1.6840374838976624,67
noOrient_tig00001624_pilon_246163,77546,-0.00011942959001782537,5.622982569399438,0.02069962682883225,1.6840374838976624,67
noOrient_tig00001624_pilon_246163,109613,-0.00010472370766488427,3.897889598931373,0.052598706632593695,1.2790249347290275,67
noOrient_tig00001624_pilon_246163,145519,-0.0001093750000000001,3.8849104859336263,0.05318988094493802,1.2741709817609075,64
noOrient_tig00001624_pilon_246163,149052,-0.00010114660114660129,3.9552780108305914,0.05075042085844465,1.2945603519222901,70
noOrient_tig00001624_pilon_246163,149427,0.00012098214285714296,5.803431729517128,0.018837661271979795,1.724973016602668,67
noOrient_tig00001648_pilon_227981,27022,-0.00010346320346320358,3.9158758714673256,0.05200718452507733,1.2839366566716146,68
noOrient_tig00001648_pilon_227981,83394,-0.00010535714285714299,3.940594576708073,0.051356953774817166,1.28940074424649,67
noOrient_tig00001648_pilon_227981,148906,-9.526209677419361e-05,3.0508070918231,0.08573064101979501,1.0668639289815478,63
noOrient_tig00001648_pilon_227981,152988,-0.00010227272727272732,3.9350377312886025,0.051389822569783604,1.28912288177186,69
noOrient_tig00001648_pilon_227981,153132,-0.00010227272727272732,3.9350377312886025,0.051389822569783604,1.28912288177186,69
noOrient_tig00000340_pilon_15884,9488,4.248366013071895e-05,0.6675331276094084,0.4167663318422864,0.380107372447746,70
noOrient_tig00001631_pilon_362455,33164,4.248366013071895e-05,0.6675331276094084,0.4167663318422864,0.380107372447746,70
noOrient_tig00001631_pilon_362455,56544,4.3722943722943785e-05,0.6668218337981526,0.41709960567728843,0.37976022073258786,68
noOrient_tig00001631_pilon_362455,57798,4.456327985739753e-05,0.672780342393474,0.41508174806813536,0.38186636295385024,67
noOrient_tig00001631_pilon_362455,145693,4.500891265597154e-05,0.6864460385179382,0.41040783198464703,0.38678435999356153,67
noOrient_tig00001631_pilon_362455,149221,4.41964285714286e-05,0.6604454286186145,0.4193693545867849,0.37740330877798434,67
noOrient_tig00001631_pilon_362455,149342,4.503676470588242e-05,0.6660684949913325,0.4174529799797029,0.3793924343967847,66
noOrient_tig00001631_pilon_362455,175820,4.372294372294377e-05,0.6668218337981526,0.41709960567728843,0.37976022073258786,68
noOrient_tig00001631_pilon_362455,187592,4.2929292929292946e-05,0.6613272311212673,0.41897229690844595,0.3778146923023176,69
noOrient_tig00001631_pilon_362455,199801,5.971479500891275e-05,1.3200969990905926,0.2547850729435387,0.5938260195397881,67
noOrient_tig00001631_pilon_362455,294567,4.248366013071895e-05,0.6675331276094084,0.4167663318422864,0.380107372447746,70
noOrient_tig00001631_pilon_362455,294731,4.3722943722943764e-05,0.6668218337981529,0.41709960567728843,0.37976022073258786,68
noOrient_tig00000832_pilon_152307,113203,7.465277777777781e-05,1.9769954800978402,0.16439794939353447,0.7841036039044035,68
noOrient_tig00000832_pilon_152307,124022,-9.384164222873909e-05,3.052307692307732,0.08557431478863121,1.067656569662569,64
noOrient_tig00001450_pilon_528679,37065,-3.3333333333333355e-05,0.4033204762703282,0.5276087160865925,0.2776880385293042,67
noOrient_tig00001450_pilon_528679,37067,-3.3333333333333355e-05,0.4033204762703282,0.5276087160865925,0.2776880385293042,67
noOrient_tig00001450_pilon_528679,37069,-3.3333333333333355e-05,0.4033204762703282,0.5276087160865925,0.2776880385293042,67
noOrient_tig00001450_pilon_528679,37086,-3.3333333333333355e-05,0.4033204762703282,0.5276087160865925,0.2776880385293042,67
noOrient_tig00001450_pilon_528679,37104,-3.3333333333333355e-05,0.4033204762703282,0.5276087160865925,0.2776880385293042,67
noOrient_tig00001450_pilon_528679,37115,-3.3333333333333355e-05,0.4033204762703282,0.5276087160865925,0.2776880385293042,67
noOrient_tig00001450_pilon_528679,48622,1.7857142857142875e-05,0.09879211697396806,0.754322508088891,0.12244293325851861,65
noOrient_tig00001450_pilon_528679,48649,1.7857142857142875e-05,0.09879211697396806,0.754322508088891,0.12244293325851861,65
noOrient_tig00001450_pilon_528679,274817,1.562500000000001e-05,0.08419560595324335,0.7725999017457906,0.11204535142193063,68
noOrient_tig00001450_pilon_528679,277125,1.562500000000004e-05,0.08657237646239047,0.7694904001068018,0.11379679390482132,69
noOrient_tig00001450_pilon_528679,277182,1.5151515151515165e-05,0.08397863818426199,0.7728581879382631,0.11190018764177287,70
noOrient_tig00001450_pilon_528679,299184,1.5151515151515165e-05,0.08397863818426199,0.7728581879382631,0.11190018764177287,70
noOrient_tig00001450_pilon_528679,341654,1.6779319336085192e-21,0.0,1.0,-0.0,65
noOrient_tig00001450_pilon_528679,344850,1.5625000000000007e-05,0.08419560595324335,0.7725999017457906,0.11204535142193063,68
noOrient_tig00001450_pilon_528679,344985,1.6666666666666674e-05,0.08974059359665218,0.7654779424073446,0.11606731917707441,66
noOrient_tig00001450_pilon_528679,404163,1.6129032258064554e-05,0.10562283737028616,0.7462115534282556,0.12713803115783356,68
noOrient_tig00001450_pilon_528679,404470,1.6666666666666688e-05,0.09227640716722811,0.7622731543105468,0.11788937491721975,67
noOrient_tig00001450_pilon_528679,404700,1.7241379310344828e-05,0.09279869067102982,0.7616529557235165,0.11824286822260838,65
noOrient_tig00001450_pilon_528679,409293,1.5624999999999997e-05,0.08657237646239048,0.7694904001068018,0.11379679390482132,69
noOrient_tig00001450_pilon_528679,409477,1.5151515151515168e-05,0.08167411621293748,0.7759231117245666,0.11018131199973372,69
noOrient_tig00001450_pilon_528679,409514,1.5151515151515168e-05,0.08167411621293748,0.7759231117245666,0.11018131199973372,69
noOrient_tig00001450_pilon_528679,414493,1.5151515151515165e-05,0.08397863818426199,0.7728581879382631,0.11190018764177287,70
noOrient_tig00001450_pilon_528679,437572,1.8518518518518545e-05,0.09395784543325394,0.7602837682054074,0.11902428145073611,61
noOrient_tig00001450_pilon_528679,437616,1.8518518518518545e-05,0.09395784543325394,0.7602837682054074,0.11902428145073611,61
noOrient_tig00001450_pilon_528679,454969,1.6129032258064524e-05,0.08687903764758179,0.7691223111613268,0.11400459018747049,67
noOrient_tig00001450_pilon_528679,455176,1.5151515151515155e-05,0.08167411621293748,0.7759231117245666,0.11018131199973372,69
noOrient_tig00001450_pilon_528679,458832,7.592592592592598e-05,1.4263985106193509,0.23656424035606502,0.626050903789956,69
noOrient_tig00001450_pilon_528679,482617,2.9513888888888934e-05,0.3262576330329138,0.5698110552882758,0.24426912897488945,68
noOrient_tig00001450_pilon_528679,482665,2.9513888888888934e-05,0.3262576330329138,0.5698110552882758,0.24426912897488945,68
noOrient_tig00001450_pilon_528679,482750,1.7241379310344862e-05,0.08493479752920251,0.7717232636049596,0.11253840774151938,62
noOrient_tig00001450_pilon_528679,482980,1.562500000000001e-05,0.08419560595324335,0.7725999017457906,0.11204535142193063,68
noOrient_tig00001450_pilon_528679,483010,1.5625000000000027e-05,0.0818198165797337,0.7757558935561072,0.11027491631850053,67
noOrient_tig00001450_pilon_528679,486831,1.6129032258064564e-05,0.08933274802462014,0.7659662383685103,0.11579037242143247,68
noOrient_tig00001450_pilon_528679,486885,1.562500000000004e-05,0.08657237646239047,0.7694904001068018,0.11379679390482132,69
noOrient_tig00001450_pilon_528679,488911,1.6666666666666674e-05,0.08974059359665215,0.7654779424073446,0.11606731917707441,66
noOrient_tig00001450_pilon_528679,489144,1.6666666666666674e-05,0.08974059359665215,0.7654779424073446,0.11606731917707441,66
noOrient_tig00001450_pilon_528679,499675,1.7857142857142872e-05,0.11359934853419563,0.7372212747447865,0.13240214039416495,64
noOrient_tig00000990_pilon_52906,1810,4.3156059285091544e-05,0.6449312063809074,0.42481343876775257,0.37180175301330587,68
noOrient_tig00000990_pilon_52906,1846,4.3156059285091544e-05,0.6449312063809074,0.42481343876775257,0.37180175301330587,68
noOrient_tig00000990_pilon_52906,1868,4.3156059285091544e-05,0.6449312063809074,0.42481343876775257,0.37180175301330587,68
noOrient_tig00000990_pilon_52906,1869,4.3156059285091544e-05,0.6449312063809074,0.42481343876775257,0.37180175301330587,68
noOrient_tig00000990_pilon_52906,1874,4.3156059285091544e-05,0.6449312063809074,0.42481343876775257,0.37180175301330587,68
noOrient_tig00000990_pilon_52906,1881,4.3156059285091544e-05,0.6449312063809074,0.42481343876775257,0.37180175301330587,68
noOrient_tig00000990_pilon_52906,9112,-4.369369369369372e-05,0.6395385923322483,0.42679087190718656,0.3697848777263221,67
noOrient_tig00000990_pilon_52906,10156,-4.265202702702703e-05,0.6505102016536238,0.4227840496677988,0.3738814056406938,69
noOrient_tig00000990_pilon_52906,10160,-4.265202702702703e-05,0.6505102016536238,0.4227840496677988,0.3738814056406938,69
noOrient_tig00000990_pilon_52906,10164,-4.265202702702703e-05,0.6505102016536238,0.4227840496677988,0.3738814056406938,69
noOrient_tig00000990_pilon_52906,10168,-4.265202702702703e-05,0.6505102016536238,0.4227840496677988,0.3738814056406938,69
noOrient_tig00000990_pilon_52906,10170,-5.9285091543156125e-05,1.330566261488204,0.25286474799018505,0.5971117116617617,68
noOrient_tig00000990_pilon_52906,10178,-5.9285091543156125e-05,1.330566261488204,0.25286474799018505,0.5971117116617617,68
noOrient_tig00000365_pilon_63758,59215,1.612903225806454e-05,0.0917874396135253,0.7628556601698584,0.11755762708021775,69
noOrient_tig00001097_pilon_49019,289,-1.612903225806455e-05,0.08933274802462016,0.7659662383685103,0.11579037242143247,68
noOrient_tig00001097_pilon_49019,16206,-1.666666666666668e-05,0.08974059359665218,0.7654779424073446,0.11606731917707441,66
noOrient_tig00001097_pilon_49019,30099,-1.851851851851852e-05,0.09677419354842197,0.756813863443456,0.12101092105413941,62
noOrient_tig00001097_pilon_49019,31610,-1.562500000000003e-05,0.08657237646239048,0.7694904001068018,0.11379679390482132,69
noOrient_tig00000591_pilon_104854,74968,-4.541595925297118e-05,0.7347263847422544,0.39441111379692173,0.40405085591979156,69
noOrient_tig00000569_pilon_318490,6600,0.0001034632034632036,3.9158758714673256,0.05200718452507733,1.2839366566716146,68
noOrient_tig00000569_pilon_318490,20618,0.00010049019607843139,3.9113088109496466,0.05201682547486398,1.283856155808311,70
noOrient_tig00000569_pilon_318490,135255,0.00010618279569892485,3.991233679984924,0.049925506864678275,1.3016775172952082,67
noOrient_tig00000569_pilon_318490,135317,0.00010618279569892485,3.991233679984924,0.049925506864678275,1.3016775172952082,67
noOrient_tig00000569_pilon_318490,304730,0.00010472370766488427,3.8978895989313727,0.052598706632593695,1.2790249347290275,67
noOrient_tig00000569_pilon_318490,304921,0.00010049019607843139,3.9113088109496466,0.05201682547486398,1.283856155808311,70
noOrient_tig00000818_pilon_136553,24317,0.00010227272727272731,3.935037731288602,0.051389822569783604,1.28912288177186,69
noOrient_tig00000818_pilon_136553,24402,0.00010227272727272731,3.935037731288602,0.051389822569783604,1.28912288177186,69
noOrient_tig00000818_pilon_136553,30472,9.005376344086033e-05,3.064743138634663,0.08472610031122976,1.071982782408052,67
noOrient_tig00000818_pilon_136553,30501,9.005376344086033e-05,3.064743138634663,0.08472610031122976,1.071982782408052,67
noOrient_tig00000818_pilon_136553,89277,0.00010168067226890762,3.8938984356082247,0.052588717153132646,1.2791074232179347,69
noOrient_tig00000818_pilon_136553,123969,0.00010168067226890762,3.8938984356082247,0.052588717153132646,1.2791074232179347,69
noOrient_tig00000818_pilon_136553,123982,0.00010049019607843139,3.9113088109496466,0.05201682547486398,1.283856155808311,70
noOrient_tig00000845_pilon_22831,2184,0.00011979166666666677,5.851181498240039,0.018331549686325117,1.736800819720191,68
noOrient_tig00000845_pilon_22831,2288,0.00010049019607843139,3.9113088109496466,0.05201682547486398,1.283856155808311,70
noOrient_tig00000845_pilon_22831,2621,0.00010416666666666671,3.9615846338534526,0.05069414072518066,1.2950422339166217,68
noOrient_tig00000864_pilon_59115,9325,8.854166666666675e-05,3.0572207084469074,0.08502881952010892,1.0704338503185047,68
noOrient_tig00000864_pilon_59115,9418,7.544642857142864e-05,2.332948794798397,0.1315135699634126,0.881029433058847,67
noOrient_tig00000873_pilon_52174,8967,9.005376344086033e-05,3.064743138634663,0.08472610031122976,1.071982782408052,67
noOrient_tig00000937_pilon_80045,9663,0.00010227272727272731,3.935037731288602,0.051389822569783604,1.28912288177186,69
noOrient_tig00000937_pilon_80045,20674,0.00010049019607843139,3.9113088109496466,0.05201682547486398,1.283856155808311,70
noOrient_tig00001651_pilon_69433,17182,9.12442396313365e-05,3.059391598261701,0.08506592074247321,1.070244392885837,66
noOrient_tig00001738_pilon_267032,1004,0.00010227272727272731,3.935037731288602,0.051389822569783604,1.28912288177186,69
noOrient_tig00001738_pilon_267032,117885,0.00010795454545454553,3.902144695453063,0.05260920867493226,1.2789382306243378,65
noOrient_tig00001738_pilon_267032,133306,0.00010416666666666671,3.9615846338534526,0.05069414072518066,1.2950422339166217,68
noOrient_tig00001738_pilon_267032,188666,9.191176470588242e-05,3.1320961553519413,0.08152838417497954,1.0886911649474529,66
noOrient_tig00001792_pilon_128194,55575,0.00010737327188940101,3.968330980542632,0.05063358500865302,1.2955613221814792,66
noOrient_tig00001792_pilon_128194,119491,0.00010049019607843139,3.9113088109496466,0.05201682547486398,1.283856155808311,70
noOrient_tig00001792_pilon_128194,119553,0.00010049019607843139,3.9113088109496466,0.05201682547486398,1.283856155808311,70
noOrient_tig00001159_pilon_21758,16716,4.654377880184335e-05,0.7099094867143839,0.4026116298813669,0.3951136841906498,66
noOrient_tig00000288_pilon_64439,10217,-4.2929292929292966e-05,0.6613272311212673,0.41897229690844595,0.3778146923023176,69
noOrient_tig00000288_pilon_64439,12129,-4.285714285714289e-05,0.7195357833655772,0.39945766527090965,0.398529240664051,66
noOrient_tig00000288_pilon_64439,51309,-5.971479500891275e-05,1.3200969990905922,0.2547850729435387,0.5938260195397881,67
noOrient_tig00000911_pilon_96407,51914,-4.48717948717949e-05,0.6155533399800698,0.43564478964889175,0.3608674758001504,65
noOrient_tig00001173_pilon_14872,13148,4.8214285714285784e-05,0.7877081252763077,0.37801698127997263,0.4224886903465361,68
noOrient_tig00000970_pilon_78179,63637,1.351351351351352e-05,0.05858585858585129,0.809519096285539,0.09177290192776094,66
noOrient_tig00000955_pilon_67684,9530,7.702702702702707e-05,2.412871848971723,0.12519724289027634,0.9024052351090037,67
noOrient_tig00000955_pilon_67684,9615,7.702702702702707e-05,2.412871848971723,0.12519724289027634,0.9024052351090037,67
noOrient_tig00000955_pilon_67684,60029,7.173174872665543e-05,1.8634109337859537,0.1767980613105213,0.7525225015783699,69
noOrient_tig00000955_pilon_67684,60037,7.071960297766758e-05,1.8587582029278449,0.17726520291043527,0.7513765078685977,70
noOrient_tig00001593_pilon_64768,21718,4.6432062561094846e-05,0.7879387842465536,0.3781547657226626,0.4223304220059063,64
noOrient_tig00001065_pilon_26454,20013,-1.7241379310344862e-05,0.10592705167173107,0.7458289998562833,0.1273607340979311,70
noOrient_tig00001119_pilon_16593,10029,2.484629978612612e-20,0.0,1.0,-0.0,62
noOrient_tig00001119_pilon_16593,10121,-2.484629978612612e-20,0.0,1.0,-0.0,62
noOrient_tig00001119_pilon_16593,10122,-2.484629978612612e-20,0.0,1.0,-0.0,62
noOrient_tig00001119_pilon_16593,10126,-2.484629978612612e-20,0.0,1.0,-0.0,62
noOrient_tig00001119_pilon_16593,16160,-1.7037462710486534e-20,0.0,1.0,-0.0,68
noOrient_tig00001013_pilon_31063,3224,9.626967566035037e-21,0.0,1.0,-0.0,69
noOrient_tig00001013_pilon_31063,17598,-1.1904761904761949e-05,0.04630329195900985,0.8302889837603814,0.0807707242396017,68
noOrient_tig00000383_pilon_498172,150,4.7996272134203206e-05,0.884871421943462,0.35040795382382317,0.4554260444486145,66
noOrient_tig00000383_pilon_498172,11639,1.3888888888888905e-05,0.06650711676534306,0.7972944443090464,0.09838126213808734,68
noOrient_tig00000383_pilon_498172,11810,1.3513513513513507e-05,0.06473429951690014,0.7999431467925541,0.09694087789763972,69
noOrient_tig00000383_pilon_498172,102362,1.3888888888888901e-05,0.07364787111623372,0.786971143123244,0.10404119217982709,66
noOrient_tig00000383_pilon_498172,151213,1.3513513513513544e-05,0.06678571428574023,0.7968561991657952,0.09862004440500619,70
noOrient_tig00000383_pilon_498172,156110,3.0180180180180183e-05,0.328604844186239,0.5684597415506272,0.24530028672208498,67
noOrient_tig00000383_pilon_498172,157975,1.3513513513513544e-05,0.06678571428574023,0.7968561991657952,0.09862004440500619,70
noOrient_tig00000383_pilon_498172,158090,1.3513513513513544e-05,0.06678571428574023,0.7968561991657952,0.09862004440500619,70
noOrient_tig00000383_pilon_498172,159585,1.3513513513513544e-05,0.06678571428574023,0.7968561991657952,0.09862004440500619,70
noOrient_tig00000383_pilon_498172,166755,1.3888888888888908e-05,0.06861558514105595,0.794166910030295,0.10008821232455797,69
noOrient_tig00000383_pilon_498172,166781,1.3888888888888908e-05,0.06861558514105595,0.794166910030295,0.10008821232455797,69
noOrient_tig00000383_pilon_498172,257056,1.3888888888888905e-05,0.06861558514105594,0.794166910030295,0.10008821232455797,69
noOrient_tig00000383_pilon_498172,267218,3.001792114695345e-05,0.32682926829269726,0.5695038698431433,0.24450332049477927,67
noOrient_tig00000383_pilon_498172,300202,4.918864097363087e-05,0.8529446294636668,0.35935953506754115,0.44447082730012544,63
noOrient_tig00000383_pilon_498172,300228,4.918864097363087e-05,0.8529446294636668,0.35935953506754115,0.44447082730012544,63
noOrient_tig00000383_pilon_498172,300275,4.918864097363087e-05,0.8529446294636668,0.35935953506754115,0.44447082730012544,63
noOrient_tig00000383_pilon_498172,311009,6.672932330827074e-05,1.903891888702004,0.17244500241322658,0.7633493872972196,66
noOrient_tig00000383_pilon_498172,311021,4.764065335753178e-05,0.8957286259432646,0.3474348004783119,0.45912668301399023,67
noOrient_tig00000383_pilon_498172,311049,6.672932330827074e-05,1.903891888702004,0.17244500241322658,0.7633493872972196,66
noOrient_tig00000383_pilon_498172,311072,6.672932330827074e-05,1.903891888702004,0.17244500241322658,0.7633493872972196,66
noOrient_tig00000383_pilon_498172,311086,6.672932330827074e-05,1.903891888702004,0.17244500241322658,0.7633493872972196,66
noOrient_tig00000383_pilon_498172,311108,2.9286926994906672e-05,0.32864150138624926,0.5683793267019792,0.24536172677294957,69
noOrient_tig00000383_pilon_498172,311149,2.9286926994906672e-05,0.32864150138624926,0.5683793267019792,0.24536172677294957,69
noOrient_tig00000383_pilon_498172,311154,2.9286926994906672e-05,0.32864150138624926,0.5683793267019792,0.24536172677294957,69
noOrient_tig00000383_pilon_498172,311186,2.9286926994906672e-05,0.32864150138624926,0.5683793267019792,0.24536172677294957,69
noOrient_tig00000383_pilon_498172,313388,3.055555555555561e-05,0.32759422987441145,0.5690843407347166,0.24482336453412606,66
noOrient_tig00000383_pilon_498172,313413,3.055555555555561e-05,0.32759422987441145,0.5690843407347166,0.24482336453412606,66
noOrient_tig00000383_pilon_498172,355412,1.4285714285714279e-05,0.06838056413964372,0.7945362631122834,0.0998862765432449,67
noOrient_tig00000383_pilon_498172,355442,1.4285714285714279e-05,0.06838056413964372,0.7945362631122834,0.0998862765432449,67
noOrient_tig00000383_pilon_498172,355447,1.4285714285714279e-05,0.06838056413964372,0.7945362631122834,0.0998862765432449,67
noOrient_tig00000383_pilon_498172,355451,1.4285714285714279e-05,0.06838056413964372,0.7945362631122834,0.0998862765432449,67
noOrient_tig00000383_pilon_498172,355457,1.4285714285714279e-05,0.06838056413964372,0.7945362631122834,0.0998862765432449,67
noOrient_tig00000383_pilon_498172,355515,1.4285714285714279e-05,0.06838056413964372,0.7945362631122834,0.0998862765432449,67
noOrient_tig00000383_pilon_498172,355518,1.4285714285714279e-05,0.06838056413964372,0.7945362631122834,0.0998862765432449,67
noOrient_tig00000383_pilon_498172,355519,1.4285714285714279e-05,0.06838056413964372,0.7945362631122834,0.0998862765432449,67
noOrient_tig00000383_pilon_498172,356400,2.9642545771578045e-05,0.32768691588782933,0.5689692160399873,0.24491123038107965,68
noOrient_tig00000383_pilon_498172,356404,2.9642545771578045e-05,0.32768691588782933,0.5689692160399873,0.24491123038107965,68
noOrient_tig00000383_pilon_498172,356444,3.13706563706564e-05,0.3311231503193701,0.5670481778666354,0.24638004076714212,65
noOrient_tig00000383_pilon_498172,356458,3.0180180180180183e-05,0.328604844186239,0.5684597415506272,0.24530028672208498,67
noOrient_tig00000383_pilon_498172,375908,1.3513513513513503e-05,0.06473429951690013,0.7999431467925541,0.09694087789763972,69
noOrient_tig00000383_pilon_498172,375909,1.3513513513513503e-05,0.06473429951690013,0.7999431467925541,0.09694087789763972,69
noOrient_tig00000383_pilon_498172,401289,1.3513513513513507e-05,0.06473429951690014,0.7999431467925541,0.09694087789763972,69
noOrient_tig00000383_pilon_498172,401381,1.3513513513513507e-05,0.06473429951690014,0.7999431467925541,0.09694087789763972,69
noOrient_tig00000383_pilon_498172,401384,1.3513513513513507e-05,0.06473429951690014,0.7999431467925541,0.09694087789763972,69
noOrient_tig00000383_pilon_498172,403177,1.4285714285714279e-05,0.06838056413964372,0.7945362631122834,0.0998862765432449,67
noOrient_tig00000383_pilon_498172,403277,1.3888888888888905e-05,0.06861558514105595,0.794166910030295,0.10008821232455797,69
noOrient_tig00000383_pilon_498172,417585,1.4285714285714316e-05,0.0662127886797711,0.7977584678310339,0.09812857727826393,66
noOrient_tig00000383_pilon_498172,417620,3.0180180180180203e-05,0.328604844186239,0.5684597415506272,0.24530028672208498,67
noOrient_tig00000383_pilon_498172,417645,3.0180180180180203e-05,0.328604844186239,0.5684597415506272,0.24530028672208498,67
noOrient_tig00000383_pilon_498172,417651,3.0180180180180203e-05,0.328604844186239,0.5684597415506272,0.24530028672208498,67
noOrient_tig00000383_pilon_498172,417670,3.0180180180180203e-05,0.328604844186239,0.5684597415506272,0.24530028672208498,67
noOrient_tig00000383_pilon_498172,417674,3.0180180180180203e-05,0.328604844186239,0.5684597415506272,0.24530028672208498,67
noOrient_tig00000383_pilon_498172,417709,3.0180180180180203e-05,0.328604844186239,0.5684597415506272,0.24530028672208498,67
noOrient_tig00000383_pilon_498172,420804,1.3513513513513544e-05,0.06678571428574023,0.7968561991657952,0.09862004440500619,70
noOrient_tig00000383_pilon_498172,420812,1.3513513513513544e-05,0.06678571428574023,0.7968561991657952,0.09862004440500619,70
noOrient_tig00000383_pilon_498172,420847,1.3513513513513544e-05,0.06678571428574023,0.7968561991657952,0.09862004440500619,70
noOrient_tig00000383_pilon_498172,420851,1.3513513513513544e-05,0.06678571428574023,0.7968561991657952,0.09862004440500619,70
noOrient_tig00000383_pilon_498172,420857,1.3513513513513544e-05,0.06678571428574023,0.7968561991657952,0.09862004440500619,70
noOrient_tig00000383_pilon_498172,420880,1.3513513513513544e-05,0.06678571428574023,0.7968561991657952,0.09862004440500619,70
noOrient_tig00000383_pilon_498172,420918,1.3513513513513544e-05,0.06678571428574023,0.7968561991657952,0.09862004440500619,70
noOrient_tig00000383_pilon_498172,420963,1.3513513513513544e-05,0.06678571428574023,0.7968561991657952,0.09862004440500619,70
noOrient_tig00000383_pilon_498172,420970,1.3513513513513544e-05,0.06678571428574023,0.7968561991657952,0.09862004440500619,70
noOrient_tig00000383_pilon_498172,420975,1.3513513513513544e-05,0.06678571428574023,0.7968561991657952,0.09862004440500619,70
noOrient_tig00000383_pilon_498172,429068,-2.9556650246305446e-06,0.0028784252228477142,0.9573857585547073,0.018913037087104064,64
noOrient_tig00000383_pilon_498172,429148,-2.9556650246305446e-06,0.0028784252228477142,0.9573857585547073,0.018913037087104064,64
noOrient_tig00000383_pilon_498172,429154,-2.9556650246305446e-06,0.0028784252228477142,0.9573857585547073,0.018913037087104064,64
noOrient_tig00000383_pilon_498172,429164,-2.9556650246305446e-06,0.0028784252228477142,0.9573857585547073,0.018913037087104064,64
noOrient_tig00000383_pilon_498172,429183,-2.9556650246305446e-06,0.0028784252228477142,0.9573857585547073,0.018913037087104064,64
noOrient_tig00000383_pilon_498172,429216,-2.9556650246305446e-06,0.0028784252228477142,0.9573857585547073,0.018913037087104064,64
noOrient_tig00000383_pilon_498172,429217,-2.9556650246305446e-06,0.0028784252228477142,0.9573857585547073,0.018913037087104064,64
noOrient_tig00000383_pilon_498172,429258,1.4285714285714328e-05,0.06404608607253912,0.8010355671013085,0.09634820020427012,65
noOrient_tig00000383_pilon_498172,429285,1.4285714285714328e-05,0.06404608607253912,0.8010355671013085,0.09634820020427012,65
noOrient_tig00000383_pilon_498172,429291,1.4285714285714328e-05,0.06404608607253912,0.8010355671013085,0.09634820020427012,65
noOrient_tig00000383_pilon_498172,429340,1.3888888888888893e-05,0.06229316721822767,0.8037068752498597,0.09490231651684128,66
noOrient_tig00000383_pilon_498172,429344,1.3888888888888893e-05,0.06229316721822767,0.8037068752498597,0.09490231651684128,66
noOrient_tig00000383_pilon_498172,429381,1.3888888888888893e-05,0.06229316721822767,0.8037068752498597,0.09490231651684128,66
noOrient_tig00000383_pilon_498172,429408,1.515151515151516e-05,0.06786826880286144,0.7953436685798551,0.09944517182536063,63
noOrient_tig00000383_pilon_498172,429454,3.286637931034484e-05,0.3249661399548167,0.570802823530052,0.24351388727342396,61
noOrient_tig00000383_pilon_498172,429489,3.239289446186003e-05,0.325687270180381,0.5703409317898607,0.24386545918366115,62
noOrient_tig00000383_pilon_498172,429506,3.239289446186003e-05,0.325687270180381,0.5703409317898607,0.24386545918366115,62
noOrient_tig00000383_pilon_498172,429507,3.239289446186003e-05,0.325687270180381,0.5703409317898607,0.24386545918366115,62
noOrient_tig00000383_pilon_498172,433428,2.9642545771578025e-05,0.3276869158878293,0.5689692160399873,0.24491123038107965,68
noOrient_tig00000383_pilon_498172,433461,2.9642545771578025e-05,0.3276869158878293,0.5689692160399873,0.24491123038107965,68
noOrient_tig00000383_pilon_498172,433464,2.9642545771578025e-05,0.3276869158878293,0.5689692160399873,0.24491123038107965,68
noOrient_tig00000383_pilon_498172,433480,2.9642545771578025e-05,0.3276869158878293,0.5689692160399873,0.24491123038107965,68
noOrient_tig00000383_pilon_498172,435312,-2.2401433691756315e-06,0.001820167455404462,0.9661006259525704,0.014977636503797622,67
noOrient_tig00000383_pilon_498172,435334,-2.2401433691756315e-06,0.001820167455404462,0.9661006259525704,0.014977636503797622,67
noOrient_tig00000383_pilon_498172,435388,-2.2401433691756315e-06,0.001820167455404462,0.9661006259525704,0.014977636503797622,67
noOrient_tig00000383_pilon_498172,435442,-2.2401433691756315e-06,0.001820167455404462,0.9661006259525704,0.014977636503797622,67
noOrient_tig00000383_pilon_498172,450219,1.8518518518518542e-05,0.11109880372175297,0.740078260975533,0.13072235254918607,61
noOrient_tig00000383_pilon_498172,451440,3.280423280423283e-05,0.3298457173257424,0.5678969984450339,0.24573042672454184,62
noOrient_tig00000383_pilon_498172,451513,3.280423280423283e-05,0.3298457173257424,0.5678969984450339,0.24573042672454184,62
noOrient_tig00000383_pilon_498172,451531,3.280423280423283e-05,0.3298457173257424,0.5678969984450339,0.24573042672454184,62
noOrient_tig00000383_pilon_498172,456654,1.3513513513513503e-05,0.06473429951690013,0.7999431467925541,0.09694087789763972,69
noOrient_tig00000383_pilon_498172,456713,1.3513513513513496e-05,0.06268382352943612,0.8030809857471797,0.09524065660222683,68
noOrient_tig00000383_pilon_498172,456769,1.3513513513513503e-05,0.06473429951690013,0.7999431467925541,0.09694087789763972,69
noOrient_tig00000383_pilon_498172,456772,1.3513513513513503e-05,0.06473429951690013,0.7999431467925541,0.09694087789763972,69
noOrient_tig00000383_pilon_498172,456820,1.3513513513513508e-05,0.06473429951690014,0.7999431467925541,0.09694087789763972,69
noOrient_tig00000383_pilon_498172,456833,1.3513513513513508e-05,0.06473429951690014,0.7999431467925541,0.09694087789763972,69
noOrient_tig00000383_pilon_498172,456935,1.3513513513513508e-05,0.06473429951690014,0.7999431467925541,0.09694087789763972,69
noOrient_tig00000383_pilon_498172,487161,1.3513513513513522e-05,0.05449218749999319,0.8161921768865809,0.08820757220826576,64
noOrient_tig00000383_pilon_498172,487162,1.3513513513513522e-05,0.05449218749999319,0.8161921768865809,0.08820757220826576,64
noOrient_tig00000462_pilon_378347,56328,1.3513513513513507e-05,0.06473429951690013,0.7999431467925541,0.09694087789763972,69
noOrient_tig00000462_pilon_378347,106508,1.3513513513513544e-05,0.06678571428574023,0.7968561991657952,0.09862004440500619,70
noOrient_tig00000462_pilon_378347,106748,1.3888888888888883e-05,0.06650711676534306,0.7972944443090464,0.09838126213808734,68
noOrient_tig00000462_pilon_378347,139301,2.9513888888888883e-05,0.3262576330328371,0.5698110552883194,0.2442691289748562,68
noOrient_tig00000462_pilon_378347,199959,1.3888888888888915e-05,0.06439962926268732,0.8004736250649407,0.0966529731481326,67
noOrient_tig00000462_pilon_378347,205137,1.3888888888888908e-05,0.06861558514105595,0.794166910030295,0.10008821232455797,69
noOrient_tig00000462_pilon_378347,205316,1.3513513513513507e-05,0.06473429951690014,0.7999431467925541,0.09694087789763972,69
noOrient_tig00000462_pilon_378347,205577,1.3513513513513544e-05,0.06678571428574023,0.7968561991657952,0.09862004440500619,70
noOrient_tig00000462_pilon_378347,214019,1.3888888888888908e-05,0.06861558514105595,0.794166910030295,0.10008821232455797,69
noOrient_tig00000462_pilon_378347,225758,1.3888888888888908e-05,0.06861558514105595,0.794166910030295,0.10008821232455797,69
noOrient_tig00000462_pilon_378347,239503,1.3513513513513544e-05,0.06678571428574023,0.7968561991657952,0.09862004440500619,70
noOrient_tig00000462_pilon_378347,253783,-1.5019250874255296e-21,0.0,1.0,-0.0,68
noOrient_tig00000462_pilon_378347,253792,6.5709222574879344e-21,0.0,1.0,-0.0,69
noOrient_tig00000462_pilon_378347,260893,3.333333333333336e-05,0.4451013513514378,0.5071460006888642,0.2948669949751704,64
noOrient_tig00000462_pilon_378347,286208,3.137254901960787e-05,0.3258869908016064,0.5701544961058924,0.2440074465823268,64
noOrient_tig00000462_pilon_378347,290978,1.4285714285714297e-05,0.06621278867977108,0.7977584678310339,0.09812857727826393,66
noOrient_tig00000462_pilon_378347,306136,1.3513513513513544e-05,0.06678571428574023,0.7968561991657952,0.09862004440500619,70
noOrient_tig00000462_pilon_378347,316876,1.38888888888889e-05,0.06861558514105591,0.794166910030295,0.10008821232455797,69
noOrient_tig00000633_pilon_228425,138,1.3513513513513544e-05,0.06678571428574023,0.7968561991657952,0.09862004440500619,70
noOrient_tig00000633_pilon_228425,494,1.3513513513513544e-05,0.06678571428574023,0.7968561991657952,0.09862004440500619,70
noOrient_tig00000633_pilon_228425,58164,1.3888888888888908e-05,0.06861558514105595,0.794166910030295,0.10008821232455797,69
noOrient_tig00000633_pilon_228425,58484,1.3888888888888908e-05,0.06861558514105595,0.794166910030295,0.10008821232455797,69
noOrient_tig00000633_pilon_228425,199211,-1.3513513513513522e-05,0.06063432835820139,0.8062721061705144,0.09351836481403282,67
noOrient_tig00000633_pilon_228425,228079,1.3513513513513544e-05,0.06678571428574023,0.7968561991657952,0.09862004440500619,70
noOrient_tig00000739_pilon_113526,31762,1.5625000000000014e-05,0.0746987951807063,0.78552269100472,0.10484126519332011,64
noOrient_tig00000739_pilon_113526,58076,1.3888888888888908e-05,0.06861558514105595,0.794166910030295,0.10008821232455797,69
noOrient_tig00000739_pilon_113526,60563,1.3513513513513493e-05,0.06268382352943612,0.8030809857471797,0.09524065660222683,68
noOrient_tig00000739_pilon_113526,60657,1.3513513513513544e-05,0.06678571428574023,0.7968561991657952,0.09862004440500619,70
noOrient_tig00000739_pilon_113526,60878,-1.5019250874255296e-21,0.0,1.0,-0.0,68
noOrient_tig00000739_pilon_113526,60880,-1.5019250874255296e-21,0.0,1.0,-0.0,68
noOrient_tig00000739_pilon_113526,77931,-3.367003367003385e-06,0.003273137697520564,0.9545734883246847,0.020190631602064,60
noOrient_tig00000739_pilon_113526,90517,1.3513513513513544e-05,0.06678571428574023,0.7968561991657952,0.09862004440500619,70
noOrient_tig00000739_pilon_113526,90758,1.3513513513513544e-05,0.06678571428574023,0.7968561991657952,0.09862004440500619,70
noOrient_tig00000764_pilon_109116,62450,1.3513513513513496e-05,0.06268382352943612,0.8030809857471797,0.09524065660222683,68
noOrient_tig00000764_pilon_109116,62529,1.3513513513513503e-05,0.06473429951690013,0.7999431467925541,0.09694087789763972,69
noOrient_tig00000764_pilon_109116,63455,3.0017921146953444e-05,0.3268292682926972,0.5695038698431433,0.24450332049477927,67
noOrient_tig00000764_pilon_109116,63620,1.3888888888888908e-05,0.06861558514105595,0.794166910030295,0.10008821232455797,69
noOrient_tig00000764_pilon_109116,68401,1.3888888888888908e-05,0.06861558514105595,0.794166910030295,0.10008821232455797,69
noOrient_tig00000764_pilon_109116,69591,2.9138513513513532e-05,0.3269679609589916,0.5693634522730682,0.24461041387601984,69
noOrient_tig00000764_pilon_109116,69634,1.3513513513513544e-05,0.06678571428574023,0.7968561991657952,0.09862004440500619,70
noOrient_tig00001136_pilon_33507,2750,1.3513513513513544e-05,0.06678571428574023,0.7968561991657952,0.09862004440500619,70
noOrient_tig00001136_pilon_33507,14469,1.3888888888888901e-05,0.06650711676534306,0.7972944443090464,0.09838126213808734,68
noOrient_tig00001136_pilon_33507,22681,2.9138513513513536e-05,0.3269679609590694,0.5693634522730239,0.24461041387605362,69
noOrient_tig00001136_pilon_33507,22682,2.9138513513513536e-05,0.3269679609590694,0.5693634522730239,0.24461041387605362,69
noOrient_tig00001136_pilon_33507,22965,1.3888888888888908e-05,0.06861558514105595,0.794166910030295,0.10008821232455797,69
noOrient_tig00001747_pilon_74125,14050,3.0017921146953467e-05,0.3268292682926972,0.5695038698431433,0.24450332049477927,67
noOrient_tig00001747_pilon_74125,14131,3.0017921146953467e-05,0.3268292682926972,0.5695038698431433,0.24450332049477927,67
noOrient_tig00001747_pilon_74125,50019,1.4705882352941189e-05,0.06590136054421585,0.7982506141551973,0.09786073865245662,64
noOrient_tig00000298_pilon_510753,5268,-3.0303030303030357e-05,0.3466386554621729,0.5580318033526208,0.25334104904278976,68
noOrient_tig00000298_pilon_510753,5301,1.4705882352941168e-05,0.07706464228203143,0.782170249976375,0.10669870655929907,69
noOrient_tig00000298_pilon_510753,53645,1.4705882352941189e-05,0.0748299319728223,0.7852842374037242,0.10497311982424265,68
noOrient_tig00000298_pilon_510753,53712,-1.4705882352941189e-05,0.0748299319728223,0.7852842374037242,0.10497311982424265,68
noOrient_tig00000298_pilon_510753,53941,-1.4705882352941184e-05,0.0681318681318984,0.7949278272961905,0.0996722998087618,65
noOrient_tig00000298_pilon_510753,54023,-1.4705882352941184e-05,0.0681318681318984,0.7949278272961905,0.0996722998087618,65
noOrient_tig00000298_pilon_510753,54026,-1.4705882352941184e-05,0.0681318681318984,0.7949278272961905,0.0996722998087618,65
noOrient_tig00000298_pilon_510753,189829,1.388888888888891e-05,0.06439962926268732,0.8004736250649407,0.0966529731481326,67
noOrient_tig00000298_pilon_510753,192583,1.351351351351351e-05,0.06473429951690014,0.7999431467925541,0.09694087789763972,69
noOrient_tig00000298_pilon_510753,211777,1.3513513513513544e-05,0.06678571428574023,0.7968561991657952,0.09862004440500619,70
noOrient_tig00000298_pilon_510753,226465,4.7996272134203206e-05,0.8848714219434619,0.35040795382382317,0.4554260444486145,66
noOrient_tig00000298_pilon_510753,256801,-2.615518744551007e-06,0.0025511957119310597,0.9598690415056779,0.017788015326128517,68
noOrient_tig00000298_pilon_510753,264920,-1.3408882859022904e-20,0.0,1.0,-0.0,66
noOrient_tig00000298_pilon_510753,266161,1.3513513513513508e-05,0.06473429951690014,0.7999431467925541,0.09694087789763972,69
noOrient_tig00000298_pilon_510753,287265,1.3513513513513503e-05,0.06473429951690013,0.7999431467925541,0.09694087789763972,69
noOrient_tig00000298_pilon_510753,394784,-3.0017921146953444e-05,0.3268292682926972,0.5695038698431433,0.24450332049477927,67
noOrient_tig00000298_pilon_510753,432214,1.3513513513513507e-05,0.06063432835820137,0.8062721061705144,0.09351836481403282,67
noOrient_tig00000298_pilon_510753,442901,2.9910714285714296e-05,0.32565617288560356,0.5701957808369433,0.24397600057621335,67
noOrient_tig00001109_pilon_30453,15051,2.9857397504456325e-05,0.3250727774875249,0.5705404939110004,0.24371352625366616,67
noOrient_tig00001109_pilon_30453,21046,-4.4117647058823566e-05,0.6796338672769756,0.41268230228089686,0.38438415527221437,68
noOrient_tig00000909_pilon_88595,14654,-1.6129032258064547e-05,0.08933274802462013,0.7659662383685103,0.11579037242143247,68
noOrient_tig00000909_pilon_88595,54145,1.2820512820512855e-05,0.05757002921463369,0.8111112409658021,0.09091957979057566,69
noOrient_tig00000909_pilon_88595,54316,1.2820512820512844e-05,0.05951439864485737,0.8079996477031648,0.09258882858259809,70
noOrient_tig00000598_pilon_46059,39157,1.4705882352941189e-05,0.07930029154518728,0.7791030841146338,0.10840507647337351,70
noOrient_tig00000663_pilon_152077,10118,4.500891265597155e-05,0.6864460385179381,0.41040783198464703,0.38678435999356153,67
noOrient_tig00000663_pilon_152077,61430,4.419642857142861e-05,0.6604454286186145,0.4193693545867849,0.37740330877798434,67
noOrient_tig00000308_pilon_184722,25158,-1.4705882352941189e-05,0.0748299319728223,0.7852842374037242,0.10497311982424265,68
noOrient_tig00000308_pilon_184722,93179,0.0,0.0,1.0,-0.0,65
noOrient_tig00000489_pilon_156511,15558,-1.5151515151515165e-05,0.07476635514020143,0.7853998118129064,0.10490920712547593,66
noOrient_tig00000489_pilon_156511,15609,-1.5151515151515165e-05,0.07476635514020143,0.7853998118129064,0.10490920712547593,66
noOrient_tig00000489_pilon_156511,23604,-1.4705882352941189e-05,0.0748299319728223,0.7852842374037242,0.10497311982424265,68
noOrient_tig00000489_pilon_156511,32156,-1.4705882352941246e-05,0.07036349893492554,0.7916608002699546,0.10146085897329546,66
noOrient_tig00000489_pilon_156511,32488,-1.4705882352941246e-05,0.07036349893492554,0.7916608002699546,0.10146085897329546,66
noOrient_tig00000788_pilon_175246,72917,-1.428571428571429e-05,0.07054936512052101,0.7913664956780773,0.10162234053719627,68
noOrient_tig00000788_pilon_175246,72997,-1.4705882352941155e-05,0.0725962026601665,0.7884470398675569,0.10322747299548488,67
noOrient_tig00000788_pilon_175246,75553,-1.4705882352941187e-05,0.07706464228203143,0.782170249976375,0.10669870655929907,69
noOrient_tig00000928_pilon_68749,9956,-1.4705882352941167e-05,0.08055269127658762,0.7774804938151136,0.10931049816572674,65
noOrient_tig00000928_pilon_68749,9957,1.470588235294118e-05,0.08055269127658762,0.7774804938151136,0.10931049816572674,65
noOrient_tig00000928_pilon_68749,50537,-1.4285714285714307e-05,0.07271914703440117,0.7882468902782845,0.10333773391674696,69
noOrient_tig00000928_pilon_68749,50546,-1.4285714285714307e-05,0.07271914703440117,0.7882468902782845,0.10333773391674696,69
noOrient_tig00000928_pilon_68749,50726,-1.4705882352941155e-05,0.0725962026601665,0.7884470398675569,0.10322747299548488,67
noOrient_tig00000928_pilon_68749,54146,-1.4285714285714307e-05,0.07271914703440117,0.7882468902782845,0.10333773391674696,69
noOrient_tig00000928_pilon_68749,59338,-1.5151515151515195e-05,0.0793705332600484,0.7790337428019035,0.10844373103693475,68
noOrient_tig00001052_pilon_38617,6291,-3.0330882352941203e-05,0.32517321016162126,0.5705117578260298,0.24373540066497004,66
noOrient_tig00001052_pilon_38617,15406,-1.126443815569347e-20,0.0,1.0,-0.0,68
noOrient_tig00001052_pilon_38617,23348,0.0,0.0,1.0,-0.0,68
noOrient_tig00001052_pilon_38617,23396,0.0,0.0,1.0,-0.0,68
noOrient_tig00001515_pilon_160006,136056,-7.410714285714292e-05,1.8916949360190374,0.17373260922477085,0.7601186577923637,67
noOrient_tig00001516_pilon_320660,96358,-1.515151515151515e-05,0.080242041568024,0.7779288154241621,0.1090601414201896,63
noOrient_tig00001516_pilon_320660,124161,-1.4705882352941165e-05,0.07706464228203143,0.782170249976375,0.10669870655929907,69
noOrient_tig00000479_pilon_274116,99615,-1.5625000000000014e-05,0.0883190883190687,0.7673184967525948,0.11502433269883298,64
noOrient_tig00000479_pilon_274116,207386,-1.42857142857143e-05,0.0727191470344012,0.7882468902782845,0.10333773391674696,69
noOrient_tig00000479_pilon_274116,210735,-1.42857142857143e-05,0.0727191470344012,0.7882468902782845,0.10333773391674696,69
noOrient_tig00000479_pilon_274116,230416,-1.4285714285714299e-05,0.0748898678414346,0.7851753351822295,0.10503335140837709,70
noOrient_tig00000647_pilon_179951,37224,-1.4705882352941192e-05,0.07706464228203144,0.782170249976375,0.10669870655929907,69
noOrient_tig00000647_pilon_179951,142656,1.4285714285714299e-05,0.0748898678414346,0.7851753351822295,0.10503335140837709,70
noOrient_tig00001128_pilon_11455,5958,-7.670454545454552e-05,1.9113685232711854,0.17169282212457018,0.7652478607904638,65
noOrient_tig00001128_pilon_11455,5962,-7.670454545454552e-05,1.9113685232711854,0.17169282212457018,0.7652478607904638,65
noOrient_tig00001086_pilon_35940,17855,-0.0001053571428571429,4.710027269510208,0.03364685487536141,1.4730555250243245,67
noOrient_tig00001086_pilon_35940,23191,0.00010505666957279871,4.015152086475654,0.049200849201184164,1.3080274012935027,68
noOrient_tig00000541_pilon_277767,8234,1.1195017781013263e-20,0.0,1.0,-0.0,68
noOrient_tig00000541_pilon_277767,8237,1.1195017781013263e-20,0.0,1.0,-0.0,68
noOrient_tig00000541_pilon_277767,10229,1.1363636363636373e-05,0.04251376938500505,0.8372688068042188,0.07713508851838867,69
noOrient_tig00000541_pilon_277767,221206,-1.9683432298099937e-20,0.0,1.0,-0.0,66
noOrient_tig00000541_pilon_277767,224911,1.162790697674418e-05,0.04172684962285115,0.8387795820987932,0.07635214984445236,67
noOrient_tig00000541_pilon_277767,229864,-1.1627906976744172e-05,0.043485135989903355,0.8354566811794457,0.07807606355928587,68
noOrient_tig00000637_pilon_198092,80458,-3.2195121951219535e-05,0.3452672878862008,0.5588720586572569,0.25268760280905467,66
noOrient_tig00000637_pilon_198092,140356,-6.435006435006439e-05,1.0612411973832914,0.30736117628968124,0.5123509904081359,58
noOrient_tig00001443_pilon_190853,65081,-3.2196969696969736e-05,0.3560774357346989,0.5527342964520251,0.25748358716826386,68
noOrient_tig00001443_pilon_190853,155148,4.3961352657004884e-05,0.603502115668354,0.44002037334668487,0.3565272148156217,68
noOrient_tig00001443_pilon_190853,155157,4.3961352657004884e-05,0.603502115668354,0.44002037334668487,0.3565272148156217,68
noOrient_tig00001443_pilon_190853,155744,4.222222222222227e-05,0.6054656669297269,0.4391992858303597,0.3573383747514665,70
noOrient_tig00001443_pilon_190853,156564,-4.30555555555556e-05,0.6042380277592976,0.43970164722297056,0.3568419074107541,69
noOrient_tig00001443_pilon_190853,159794,-3.409090909090913e-05,0.365714285714245,0.547487829292221,0.2616255307891762,66
noOrient_tig00001443_pilon_190853,165976,-4.30555555555556e-05,0.6042380277592976,0.43970164722297056,0.3568419074107541,69
noOrient_tig00001443_pilon_190853,166092,-5.409090909090911e-05,1.0633776376060968,0.3061542508872034,0.5140597060990993,69
noOrient_tig00001699_pilon_378412,148958,-4.222222222222227e-05,0.605465666929727,0.4391992858303597,0.3573383747514665,70
noOrient_tig00001699_pilon_378412,148997,-4.222222222222227e-05,0.605465666929727,0.4391992858303597,0.3573383747514665,70
noOrient_tig00001699_pilon_378412,242023,-3.315789473684213e-05,0.33897856575814633,0.5625652313315941,0.24982711239022057,63
noOrient_tig00001699_pilon_378412,257919,-3.0399274047186977e-05,0.3310025081705808,0.5670557407246355,0.24637424851575657,67
noOrient_tig00001699_pilon_378412,257964,-3.0061892130857685e-05,0.3323459715639588,0.5662419222856576,0.24699798035533704,68
noOrient_tig00001699_pilon_378412,257972,-3.0061892130857685e-05,0.3323459715639588,0.5662419222856576,0.24699798035533704,68
noOrient_tig00001699_pilon_378412,258905,-4.4159544159544195e-05,0.6193257340798761,0.4342025766154929,0.36230760371308113,66
noOrient_tig00001699_pilon_378412,258912,-4.4871794871794915e-05,0.6155533399800697,0.43564478964889175,0.3608674758001504,65
noOrient_tig00001699_pilon_378412,258928,-4.4871794871794915e-05,0.6155533399800697,0.43564478964889175,0.3608674758001504,65
noOrient_tig00001699_pilon_378412,258935,-4.4871794871794915e-05,0.6155533399800697,0.43564478964889175,0.3608674758001504,65
noOrient_tig00001699_pilon_378412,259117,-4.244482173174877e-05,0.6408490580475025,0.42623306807446937,0.37035285981851956,69
noOrient_tig00001699_pilon_378412,259170,-4.244482173174877e-05,0.6408490580475025,0.42623306807446937,0.37035285981851956,69
noOrient_tig00001699_pilon_378412,259192,-4.244482173174877e-05,0.6408490580475025,0.42623306807446937,0.37035285981851956,69
noOrient_tig00001856_pilon_46646,20131,-1.3513513513513527e-05,0.0504032258064712,0.8231259116203026,0.08453372670832744,62
noOrient_tig00001855_pilon_186703,20450,4.292929292929295e-05,0.6613272311212675,0.41897229690844595,0.3778146923023176,69
noOrient_tig00001855_pilon_186703,46430,-4.503676470588242e-05,0.6660684949913324,0.4174529799797029,0.3793924343967847,66
noOrient_tig00000979_pilon_67283,20253,1.6129032258064537e-05,0.08442635308306834,0.7723256992140046,0.11219951372936475,66
noOrient_tig00000979_pilon_67283,21235,2.9411764705882377e-05,0.32512315270935055,0.5704810046975779,0.24375881170565292,68
noOrient_tig00000979_pilon_67283,38939,1.4285714285714297e-05,0.07271914703440119,0.7882468902782845,0.10333773391674696,69
noOrient_tig00000979_pilon_67283,39143,1.470588235294118e-05,0.07706464228203143,0.782170249976375,0.10669870655929907,69
noOrient_tig00000538_pilon_243350,36579,8.846153846153856e-05,3.100603621730535,0.08282637699212077,1.081831335221329,69
noOrient_tig00000538_pilon_243350,48466,-8.134920634920642e-05,2.4460664663912914,0.12291004957128611,0.9104126061703188,64
noOrient_tig00000538_pilon_243350,69436,-9.203296703296709e-05,3.1353491720661886,0.08130065662839545,1.0899059467929282,67
noOrient_tig00000538_pilon_243350,98674,-8.846153846153856e-05,3.100603621730535,0.08282637699212077,1.081831335221329,69
noOrient_tig00000538_pilon_243350,99443,0.00010577819198508864,3.7992332079923137,0.05566151300050894,1.254444992776652,66
noOrient_tig00000538_pilon_243350,119760,-0.00010357142857142863,3.7987886253977954,0.05554188971963127,1.2553793481931312,68
noOrient_tig00000538_pilon_243350,126457,-0.00010000000000000009,3.7909407665504693,0.055662167560620666,1.2544398856540133,70
noOrient_tig00000538_pilon_243350,137808,-0.00010000000000000009,3.7909407665504693,0.055662167560620666,1.2544398856540133,70
noOrient_tig00000538_pilon_243350,151221,-0.0001096096096096097,4.544426716549271,0.03699634618382036,1.43184116540763,64
noOrient_tig00000538_pilon_243350,157637,-0.00010485347985347996,3.7975365391448723,0.05564681756181695,1.2545596678946402,67
noOrient_tig00001595_pilon_392707,31957,1.470588235294117e-05,0.0725962026601665,0.7884470398675569,0.10322747299548488,67
noOrient_tig00001595_pilon_392707,32156,1.4705882352941189e-05,0.07482993197282233,0.7852842374037242,0.10497311982424265,68
noOrient_tig00001595_pilon_392707,42939,1.6666666666666715e-05,0.08213979679276907,0.7753894975791024,0.11048008567899192,63
noOrient_tig00001595_pilon_392707,47683,1.4705882352941168e-05,0.07706464228203143,0.782170249976375,0.10669870655929907,69
noOrient_tig00001595_pilon_392707,151063,1.5625000000000007e-05,0.07991219466627528,0.7784058400754741,0.1087939143853394,61
noOrient_tig00001595_pilon_392707,167406,1.4705882352941194e-05,0.07930029154518728,0.7791030841146338,0.10840507647337351,70
noOrient_tig00001595_pilon_392707,184971,1.562500000000002e-05,0.08181981657973372,0.7757558935561072,0.11027491631850053,67
noOrient_tig00001595_pilon_392707,212370,1.5624999999999997e-05,0.08419560595324337,0.7725999017457906,0.11204535142193063,68
noOrient_tig00001595_pilon_392707,293237,1.4705882352941194e-05,0.07930029154518728,0.7791030841146338,0.10840507647337351,70
noOrient_tig00001595_pilon_392707,293428,-1.5624999999999973e-05,0.0794450529390465,0.7789602926124596,0.10848467986121622,66
noOrient_tig00001634_pilon_172913,21166,0.0,0.0,1.0,-0.0,65
noOrient_tig00001634_pilon_172913,24596,1.5625000000000014e-05,0.07707136237258433,0.7822151550928429,0.1066737740276692,65
noOrient_tig00001634_pilon_172913,27444,1.4705882352941168e-05,0.07706464228203143,0.782170249976375,0.10669870655929907,69
noOrient_tig00001634_pilon_172913,69963,1.4705882352941189e-05,0.07482993197282233,0.7852842374037242,0.10497311982424265,68
noOrient_tig00001634_pilon_172913,93042,1.4705882352941194e-05,0.07930029154518728,0.7791030841146338,0.10840507647337351,70
noOrient_tig00001634_pilon_172913,95749,-1.4705882352941177e-05,0.07706464228203143,0.782170249976375,0.10669870655929907,69
noOrient_tig00001634_pilon_172913,107203,-6.6862562819314796e-21,0.0,1.0,-0.0,65
noOrient_tig00001634_pilon_172913,134441,1.5151515151515161e-05,0.08167411621293748,0.7759231117245666,0.11018131199973372,69
noOrient_tig00001634_pilon_172913,160467,1.4705882352941168e-05,0.07706464228203143,0.782170249976375,0.10669870655929907,69
noOrient_tig00001800_pilon_122100,53937,3.2866379310344846e-05,0.32496613995481677,0.570802823530052,0.24351388727342396,61
noOrient_tig00001800_pilon_122100,78831,-6.0763888888888955e-05,1.412498471321955,0.23890100887902493,0.6217820162205353,68
noOrient_tig00001800_pilon_122100,87150,4.369747899159668e-05,0.6866169425746902,0.410259654834671,0.38694118969697155,69
noOrient_tig00001800_pilon_122100,106341,-4.500891265597155e-05,0.6864460385179382,0.41040783198464703,0.38678435999356153,67
noOrient_tig00001850_pilon_142024,8443,1.2820512820512844e-05,0.05887850467292089,0.8090656162207697,0.09201625514049525,65
noOrient_tig00001850_pilon_142024,8554,-1.2820512820512835e-05,0.061172472387417166,0.8054440345454119,0.09396463070411293,66
noOrient_tig00002013_pilon_17517,12849,-1.3157894736842103e-05,0.06105770644090907,0.8055875373194845,0.0938872610681967,69
noOrient_tig00002013_pilon_17517,14107,-1.3157894736842114e-05,0.05706760316067832,0.8119438221522327,0.09047401826289159,67
noOrient_tig00002013_pilon_17517,14162,-1.3157894736842114e-05,0.05706760316067832,0.8119438221522327,0.09047401826289159,67
noOrient_tig00001062_pilon_64369,13892,-2.083333333333336e-05,0.1398258309824759,0.7097723791752522,0.14888090524930891,62
noOrient_tig00001062_pilon_64369,21130,-1.315789473684213e-05,0.059062164419531805,0.8087381385752584,0.09219207589244127,68
noOrient_tig00001062_pilon_64369,29858,-1.2820512820512849e-05,0.05757002921463369,0.8111112409658021,0.09091957979057566,69
noOrient_tig00001062_pilon_64369,30050,-1.2820512820512844e-05,0.05951439864485737,0.8079996477031648,0.09258882858259809,70
noOrient_tig00001666_pilon_166600,116881,-1.3513513513513522e-05,0.06063432835820137,0.8062721061705144,0.09351836481403282,67
noOrient_tig00001666_pilon_166600,133212,-1.2820512820512816e-05,0.055626598465495516,0.8142771625958192,0.08922774535907112,68
noOrient_tig00001666_pilon_166600,143508,-3.4722222222222276e-05,0.3376018626310037,0.5634678945722124,0.24913082426268351,60
noOrient_tig00001666_pilon_166600,158816,-1.3513513513513505e-05,0.0626838235294361,0.8030809857471797,0.09524065660222683,68
noOrient_tig00000855_pilon_96617,15316,1.3157894736842103e-05,0.06105770644090907,0.8055875373194845,0.0938872610681967,69
noOrient_tig00000855_pilon_96617,48525,-1.2820512820512844e-05,0.05951439864485737,0.8079996477031648,0.09258882858259809,70
noOrient_tig00000855_pilon_96617,52210,-1.2820512820512849e-05,0.05757002921463369,0.8111112409658021,0.09091957979057566,69
noOrient_tig00000498_pilon_300192,3663,-1.4285714285714302e-05,0.06838056413964372,0.7945362631122834,0.0998862765432449,67
noOrient_tig00000498_pilon_300192,3783,-1.4285714285714292e-05,0.07054936512052101,0.7913664956780773,0.10162234053719627,68
noOrient_tig00000498_pilon_300192,13505,-1.4705882352941173e-05,0.07706464228203144,0.782170249976375,0.10669870655929907,69
noOrient_tig00000498_pilon_300192,187010,-1.1904761904761936e-05,0.04990825688073116,0.8238927647849821,0.08412931098835132,70
noOrient_tig00000498_pilon_300192,187097,-1.1904761904761936e-05,0.04990825688073116,0.8238927647849821,0.08412931098835132,70
noOrient_tig00000498_pilon_300192,187138,-1.1904761904761936e-05,0.04990825688073116,0.8238927647849821,0.08412931098835132,70
noOrient_tig00000498_pilon_300192,187155,-1.1904761904761936e-05,0.04990825688073116,0.8238927647849821,0.08412931098835132,70
noOrient_tig00000498_pilon_300192,238066,3.1425891181988765e-05,0.34223968565812407,0.5605646732630218,0.25137427491386216,67
noOrient_tig00000498_pilon_300192,238107,3.1425891181988765e-05,0.34223968565812407,0.5605646732630218,0.25137427491386216,67
noOrient_tig00000498_pilon_300192,238118,3.1425891181988765e-05,0.34223968565812407,0.5605646732630218,0.25137427491386216,67
noOrient_tig00000498_pilon_300192,280105,-7.08333333333334e-05,1.8506450701573973,0.17820098283103802,0.7490899050302361,70
noOrient_tig00000498_pilon_300192,280271,7.179487179487189e-05,1.853754940711492,0.1779084253125789,0.7498034842931538,69
noOrient_tig00000498_pilon_300192,285949,-9.41119691119692e-05,3.1109141554823636,0.08261771699616569,1.0829268102026481,65
noOrient_tig00000951_pilon_69009,58739,-1.4705882352941162e-05,0.0725962026601665,0.7884470398675569,0.10322747299548488,67
noOrient_tig00000951_pilon_69009,58791,-1.4705882352941189e-05,0.07482993197282231,0.7852842374037242,0.10497311982424265,68
noOrient_tig00000951_pilon_69009,58814,-1.4705882352941162e-05,0.0725962026601665,0.7884470398675569,0.10322747299548488,67
noOrient_tig00000951_pilon_69009,58888,-1.4705882352941218e-05,0.07036349893492554,0.7916608002699546,0.10146085897329546,66
noOrient_tig00000727_pilon_165674,9102,1.3513513513513515e-05,0.06473429951690012,0.7999431467925541,0.09694087789763972,69
noOrient_tig00002000_pilon_27976,25080,-9.649122807017541e-06,0.037939323686193224,0.8461633761571916,0.07254577583413364,68
noOrient_tig00001998_pilon_70501,44690,-1.1904761904761927e-05,0.04990825688073118,0.8238927647849821,0.08412931098835132,70
noOrient_tig00001998_pilon_70501,45735,-1.2195121951219506e-05,0.052953813104189035,0.8186917428431294,0.08687958979335184,70
noOrient_tig00001998_pilon_70501,45745,-1.2195121951219506e-05,0.052953813104189035,0.8186917428431294,0.08687958979335184,70
noOrient_tig00001063_pilon_34828,21024,8.658559016377281e-21,0.0,1.0,-0.0,60
noOrient_tig00001150_pilon_31802,24110,1.8489519191493898e-20,0.0,1.0,-0.0,67
noOrient_tig00001064_pilon_35205,13186,-4.34027777777778e-05,0.6552715604200032,0.42114306806462576,0.37557034331877587,68
noOrient_tig00001955_pilon_69177,10273,1.7241379310344866e-05,0.10592705167173107,0.7458289998562833,0.1273607340979311,70
noOrient_tig00001955_pilon_69177,10292,1.7241379310344866e-05,0.10592705167173107,0.7458289998562833,0.1273607340979311,70
noOrient_tig00001956_pilon_117609,38091,1.2820512820512815e-05,0.063467708188023,0.8018915963106319,0.09588433783324556,67
noOrient_tig00001956_pilon_117609,38095,1.7037462710486528e-20,0.0,1.0,-0.0,68
noOrient_tig00001956_pilon_117609,80437,-1.717181803400531e-21,0.0,1.0,-0.0,65
noOrient_tig00000774_pilon_116304,59647,1.2820512820512852e-05,0.05951439864485735,0.8079996477031648,0.09258882858259809,70
noOrient_tig00000774_pilon_116304,61763,-1.2820512820512852e-05,0.05951439864485735,0.8079996477031648,0.09258882858259809,70
noOrient_tig00000935_pilon_96169,29991,-1.2820512820512828e-05,0.055626598465495516,0.8142771625958192,0.08922774535907112,68
noOrient_tig00001110_pilon_5950,3392,-1.2820512820512838e-05,0.055626598465495516,0.8142771625958192,0.08922774535907112,68
noOrient_tig00001110_pilon_5950,3443,-1.2820512820512838e-05,0.055626598465495516,0.8142771625958192,0.08922774535907112,68
unMap_tig00000004_pilon_26047,24774,1.5151515151515143e-05,0.08167411621293746,0.7759231117245666,0.11018131199973372,69
unMap_tig00000094_pilon_26754,24842,-4.285714285714287e-05,0.6208315641637056,0.43355923240821925,0.36295156127717015,68
unMap_tig00000098_pilon_31263,29819,-7.702702702702708e-05,2.029629700819957,0.1590419479113191,0.7984883137694702,67
unMap_tig00000331_pilon_35134,24542,-5.964912280701758e-05,1.3389021479713088,0.25139842008265334,0.5996374559720243,68
unMap_tig00000384_pilon_192157,17775,0.00010227272727272732,3.9350377312886025,0.051389822569783604,1.28912288177186,69
unMap_tig00000384_pilon_192157,21154,-0.00011094819159335298,4.84459615197972,0.03146507221224837,1.5021712672107908,64
unMap_tig00000384_pilon_192157,22844,-0.00010346320346320358,3.9158758714673256,0.05200718452507733,1.2839366566716146,68
unMap_tig00000384_pilon_192157,30172,-0.00010661764705882355,3.9207459207458752,0.05199668900132665,1.2840243101004827,66
unMap_tig00000384_pilon_192157,42516,9.090909090909098e-05,3.06382978723417,0.0848451764670017,1.0713728427194344,66
unMap_tig00000384_pilon_192157,55066,-0.00010227272727272732,3.9350377312886025,0.051389822569783604,1.28912288177186,69
unMap_tig00000384_pilon_192157,57957,-0.00010114660114660129,3.9552780108305914,0.05075042085844465,1.2945603519222901,70
unMap_tig00000384_pilon_192157,57982,-0.00010114660114660129,3.9552780108305914,0.05075042085844465,1.2945603519222901,70
unMap_tig00000384_pilon_192157,103165,7.765151515151522e-05,2.357853723700201,0.12966087296855378,0.8871910587461529,65
unMap_tig00000384_pilon_192157,103221,9.107142857142864e-05,3.166070525665365,0.07985820234910261,1.097680470232993,67
unMap_tig00000384_pilon_192157,104160,-0.00010748106060606068,3.8658945977005144,0.053686781976632306,1.270132627172468,65
unMap_tig00000384_pilon_192157,104744,0.00010535714285714297,3.940594576708073,0.051356953774817166,1.28940074424649,67
unMap_tig00000384_pilon_192157,110493,9.280303030303037e-05,3.098699170336952,0.08320860342491113,1.0798317671372504,65
unMap_tig00000384_pilon_192157,114740,0.00010114660114660129,3.9552780108305914,0.05075042085844465,1.2945603519222901,70
unMap_tig00000384_pilon_192157,130140,0.00010227272727272732,3.9350377312886025,0.051389822569783604,1.28912288177186,69
unMap_tig00000384_pilon_192157,130182,-0.00010346320346320358,3.9158758714673256,0.05200718452507733,1.2839366566716146,68
unMap_tig00000427_pilon_343620,237172,-7.321428571428576e-05,1.8451329641272158,0.17897559518669287,0.7472061846532958,68
unMap_tig00000427_pilon_343620,237306,-7.198275862068971e-05,1.8473717981039022,0.17864694331509862,0.7480044102633461,69
unMap_tig00000427_pilon_343620,237328,-7.106812447434831e-05,1.8457272105223026,0.17877104531953172,0.7477028204184126,70
unMap_tig00000427_pilon_343620,237333,-7.106812447434831e-05,1.8457272105223026,0.17877104531953172,0.7477028204184126,70
unMap_tig00000427_pilon_343620,260066,-7.321428571428576e-05,1.845132964127216,0.17897559518669287,0.7472061846532958,68
unMap_tig00000427_pilon_343620,260245,-5.7692307692307745e-05,1.115409836065553,0.2949422253486323,0.530263047308664,65
unMap_tig00000427_pilon_343620,262180,-6.13553113553114e-05,1.357120598317264,0.2482947188038464,0.6050325177339553,67
unMap_tig00000427_pilon_343620,306711,9.203296703296709e-05,3.1353491720661877,0.08130065662839545,1.0899059467929282,67
unMap_tig00000427_pilon_343620,324705,-7.651072124756345e-05,1.845829346424268,0.17911408646516666,0.7468702576265563,65
unMap_tig00000427_pilon_343620,324706,-7.651072124756345e-05,1.845829346424268,0.17911408646516666,0.7468702576265563,65
unMap_tig00000464_pilon_105346,101472,1.3888888888888871e-05,0.07072499235240919,0.7910887788939426,0.10177477564238743,70
unMap_tig00000484_pilon_401613,31493,-7.549857549857555e-05,1.8446131746357743,0.17917993970169413,0.7467106138955829,66
unMap_tig00000484_pilon_401613,31685,7.549857549857554e-05,1.8446131746357743,0.17917993970169413,0.7467106138955829,66
unMap_tig00000484_pilon_401613,216140,7.518796992481208e-05,1.8486924653144194,0.178706668896346,0.7478592403827607,66
unMap_tig00000484_pilon_401613,240620,-7.106812447434831e-05,1.8457272105223026,0.17877104531953172,0.7477028204184126,70
unMap_tig00000484_pilon_401613,240683,-7.106812447434831e-05,1.8457272105223026,0.17877104531953172,0.7477028204184126,70
unMap_tig00000484_pilon_401613,361359,6.079854809437393e-05,1.3445507872799736,0.2504748361564138,0.6012358988081485,67
unMap_tig00000484_pilon_401613,378698,-7.29442970822282e-05,1.8496615361810695,0.17845041734671493,0.7484824320111317,68
unMap_tig00000639_pilon_219053,29715,-1.4705882352941189e-05,0.07482993197282233,0.7852842374037242,0.10497311982424265,68
unMap_tig00000639_pilon_219053,32700,1.38888888888889e-05,0.06861558514105594,0.794166910030295,0.10008821232455797,69
unMap_tig00000639_pilon_219053,48297,1.3888888888888871e-05,0.07072499235240919,0.7910887788939426,0.10177477564238743,70
unMap_tig00000639_pilon_219053,110597,1.428571428571431e-05,0.0727191470344012,0.7882468902782845,0.10333773391674696,69
unMap_tig00000639_pilon_219053,122893,4.7156030318442605e-20,0.0,1.0,-0.0,67
unMap_tig00000639_pilon_219053,156505,1.4231499051233558e-06,0.000693243020192168,0.9790777434408815,0.009182821775156143,65
unMap_tig00000639_pilon_219053,213910,-1.38888888888889e-05,0.06861558514105594,0.794166910030295,0.10008821232455797,69
unMap_tig00000641_pilon_42203,32440,-4.244482173174877e-05,0.6408490580475028,0.42623306807446937,0.37035285981851956,69
unMap_tig00000683_pilon_9901,873,-3.525264394829614e-05,0.3427895981087629,0.5604946618895434,0.25142851923841886,60
unMap_tig00000686_pilon_217140,23632,7.268907563025215e-05,1.9349818732020083,0.16881682869716952,0.7725842624140209,69
unMap_tig00000686_pilon_217140,44973,-1.4285714285714297e-05,0.07054936512052101,0.7913664956780773,0.10162234053719627,68
unMap_tig00000686_pilon_217140,45023,1.4285714285714294e-05,0.07054936512052101,0.7913664956780773,0.10162234053719627,68
unMap_tig00000686_pilon_217140,45024,1.4285714285714294e-05,0.07054936512052101,0.7913664956780773,0.10162234053719627,68
unMap_tig00000686_pilon_217140,45027,-1.4285714285714297e-05,0.07054936512052101,0.7913664956780773,0.10162234053719627,68
unMap_tig00000686_pilon_217140,45120,1.4285714285714294e-05,0.07054936512052101,0.7913664956780773,0.10162234053719627,68
unMap_tig00000686_pilon_217140,57190,-6.274509803921574e-05,1.3244325767689984,0.2542172675149671,0.5947949536570211,64
unMap_tig00000686_pilon_217140,187183,-7.465277777777781e-05,1.9769954800978402,0.16439794939353447,0.7841036039044035,68
unMap_tig00000744_pilon_72326,47877,1.1904761904761912e-05,0.037308868501526975,0.8474792477488855,0.07187092757737694,63
unMap_tig00000747_pilon_29940,1880,1.4705882352941189e-05,0.07482993197282233,0.7852842374037242,0.10497311982424265,68
unMap_tig00000781_pilon_32728,8556,4.5812807881773436e-05,0.642342743790184,0.42592474076498343,0.3706671322539397,64
unMap_tig00000781_pilon_32728,8821,-4.52380952380953e-05,0.6481887878701351,0.42378912085505815,0.3728501963115395,65
unMap_tig00000781_pilon_32728,8876,4.52380952380953e-05,0.6481887878701351,0.42378912085505815,0.3728501963115395,65
unMap_tig00000782_pilon_26727,23848,-4.7156030318442605e-20,0.0,1.0,-0.0,67
unMap_tig00000791_pilon_40371,30459,-1.612903225806454e-05,0.09178743961352527,0.7628556601698584,0.11755762708021775,69
unMap_tig00000801_pilon_121330,58417,-4.541595925297118e-05,0.7347263847422544,0.39441111379692173,0.40405085591979156,69
unMap_tig00000801_pilon_121330,58590,-4.6491228070175476e-05,0.7450149891901352,0.39118489934406864,0.40761791834793853,68
unMap_tig00000801_pilon_121330,63958,-4.726890756302524e-05,0.7591235403273491,0.3870758867443057,0.41220388262077995,62
unMap_tig00000811_pilon_73098,45464,-0.0001041666666666667,3.961584633853454,0.05069414072518066,1.2950422339166217,68
unMap_tig00000811_pilon_73098,52391,0.00010227272727272732,3.9350377312886025,0.051389822569783604,1.28912288177186,69
unMap_tig00000811_pilon_73098,52395,0.00010227272727272732,3.9350377312886025,0.051389822569783604,1.28912288177186,69
unMap_tig00000816_pilon_26157,14966,-1.5151515151515161e-05,0.08167411621293748,0.7759231117245666,0.11018131199973372,69
unMap_tig00000819_pilon_137906,46211,5.808080808080814e-05,1.3227467811159266,0.25418827848618997,0.5948444801633557,69
unMap_tig00000819_pilon_137906,63714,7.402597402597413e-05,1.94817206124618,0.16746194223598274,0.7760838761190167,68
unMap_tig00000819_pilon_137906,81857,7.268907563025218e-05,1.9349818732020077,0.16881682869716952,0.7725842624140209,69
unMap_tig00000819_pilon_137906,98079,7.323232323232325e-05,1.9614648240330868,0.16597103048420483,0.7799677095430463,69
unMap_tig00000831_pilon_40212,15914,-0.00010300618921308588,3.794085880319835,0.05568920112501555,1.2542290121243544,68
unMap_tig00000865_pilon_95668,38310,-1.8518518518518542e-05,0.1144289450741476,0.7363379536202787,0.13292281377964915,62
unMap_tig00000865_pilon_95668,47571,-1.2820512820512844e-05,0.05951439864485737,0.8079996477031648,0.09258882858259809,70
unMap_tig00000865_pilon_95668,49290,-1.3157894736842126e-05,0.057067603160678326,0.8119438221522327,0.09047401826289159,67
unMap_tig00000865_pilon_95668,49598,-1.3157894736842125e-05,0.059062164419531805,0.8087381385752584,0.09219207589244127,68
unMap_tig00000884_pilon_75284,14649,1.3888888888888906e-05,0.06861558514105595,0.794166910030295,0.10008821232455797,69
unMap_tig00000884_pilon_75284,14680,1.3888888888888906e-05,0.06861558514105595,0.794166910030295,0.10008821232455797,69
unMap_tig00000884_pilon_75284,14732,1.3888888888888893e-05,0.06861558514105594,0.794166910030295,0.10008821232455797,69
unMap_tig00000930_pilon_22969,7784,-1.3888888888888893e-05,0.06861558514105592,0.794166910030295,0.10008821232455797,69
unMap_tig00000939_pilon_84056,397,1.3513513513513507e-05,0.06473429951690014,0.7999431467925541,0.09694087789763972,69
unMap_tig00000939_pilon_84056,3098,1.3513513513513544e-05,0.06678571428574023,0.7968561991657952,0.09862004440500619,70
unMap_tig00000939_pilon_84056,3308,1.3888888888888908e-05,0.06861558514105595,0.794166910030295,0.10008821232455797,69
unMap_tig00000963_pilon_27923,14738,-1.3888888888888883e-05,0.07072499235240919,0.7910887788939426,0.10177477564238743,70
unMap_tig00000999_pilon_67664,46927,1.3888888888888908e-05,0.06861558514105592,0.794166910030295,0.10008821232455797,69
unMap_tig00000999_pilon_67664,49229,1.5625000000000007e-05,0.08551530773754894,0.7709502326784446,0.11297365615232668,63
unMap_tig00001041_pilon_48055,30716,1.5151515151515151e-05,0.07246585190511831,0.7886594494009445,0.1031104887722389,65
unMap_tig00001057_pilon_43327,13812,-1.1627906976744209e-05,0.045244402888159146,0.8322011037916907,0.0797717125152867,69
unMap_tig00001072_pilon_70125,4395,9.384164222873909e-05,3.052307692307733,0.08557431478863121,1.067656569662569,64
unMap_tig00001072_pilon_70125,14294,9.001782531194308e-05,3.0955560016619064,0.08321198703048,1.079814107288506,67
unMap_tig00001081_pilon_26363,5208,1.5151515151515171e-05,0.06098130841119885,0.8058236120647432,0.09376001116061695,60
unMap_tig00001081_pilon_26363,5209,1.5151515151515171e-05,0.06098130841119885,0.8058236120647432,0.09376001116061695,60
unMap_tig00001081_pilon_26363,5215,1.5151515151515171e-05,0.06098130841119885,0.8058236120647432,0.09376001116061695,60
unMap_tig00001081_pilon_26363,5223,1.5151515151515171e-05,0.06098130841119885,0.8058236120647432,0.09376001116061695,60
unMap_tig00001081_pilon_26363,5234,1.5151515151515171e-05,0.06098130841119885,0.8058236120647432,0.09376001116061695,60
unMap_tig00001081_pilon_26363,5247,1.5151515151515171e-05,0.06098130841119885,0.8058236120647432,0.09376001116061695,60
unMap_tig00001081_pilon_26363,5328,1.3513513513513544e-05,0.06678571428574023,0.7968561991657952,0.09862004440500619,70
unMap_tig00001081_pilon_26363,5340,1.3513513513513544e-05,0.06678571428574023,0.7968561991657952,0.09862004440500619,70
unMap_tig00001081_pilon_26363,5372,1.3513513513513544e-05,0.06678571428574023,0.7968561991657952,0.09862004440500619,70
unMap_tig00001081_pilon_26363,5395,6.5709222574879344e-21,0.0,1.0,-0.0,69
unMap_tig00001081_pilon_26363,5405,6.5709222574879344e-21,0.0,1.0,-0.0,69
unMap_tig00001081_pilon_26363,5517,6.5709222574879344e-21,0.0,1.0,-0.0,69
unMap_tig00001081_pilon_26363,5838,2.9910714285714316e-05,0.32565617288560356,0.5701957808369433,0.24397600057621335,67
unMap_tig00001081_pilon_26363,5867,2.9910714285714316e-05,0.32565617288560356,0.5701957808369433,0.24397600057621335,67
unMap_tig00001081_pilon_26363,5876,2.9910714285714316e-05,0.32565617288560356,0.5701957808369433,0.24397600057621335,67
unMap_tig00001081_pilon_26363,5917,2.9910714285714316e-05,0.32565617288560356,0.5701957808369433,0.24397600057621335,67
unMap_tig00001081_pilon_26363,5962,1.3513513513513508e-05,0.06473429951690014,0.7999431467925541,0.09694087789763972,69
unMap_tig00001081_pilon_26363,6010,1.3513513513513508e-05,0.06473429951690014,0.7999431467925541,0.09694087789763972,69
unMap_tig00001081_pilon_26363,6041,1.3513513513513508e-05,0.06473429951690014,0.7999431467925541,0.09694087789763972,69
unMap_tig00001081_pilon_26363,6046,1.3513513513513508e-05,0.06473429951690014,0.7999431467925541,0.09694087789763972,69
unMap_tig00001081_pilon_26363,6048,1.3513513513513508e-05,0.06473429951690014,0.7999431467925541,0.09694087789763972,69
unMap_tig00001081_pilon_26363,6072,1.4285714285714299e-05,0.06838056413964372,0.7945362631122834,0.0998862765432449,67
unMap_tig00001081_pilon_26363,6078,1.4285714285714299e-05,0.06838056413964372,0.7945362631122834,0.0998862765432449,67
unMap_tig00001081_pilon_26363,6096,1.4285714285714299e-05,0.06838056413964372,0.7945362631122834,0.0998862765432449,67
unMap_tig00001081_pilon_26363,6114,1.4285714285714299e-05,0.06838056413964372,0.7945362631122834,0.0998862765432449,67
unMap_tig00001081_pilon_26363,6160,1.4285714285714299e-05,0.06838056413964372,0.7945362631122834,0.0998862765432449,67
unMap_tig00001081_pilon_26363,6163,1.4285714285714299e-05,0.06838056413964372,0.7945362631122834,0.0998862765432449,67
unMap_tig00001081_pilon_26363,6209,1.4285714285714299e-05,0.06838056413964372,0.7945362631122834,0.0998862765432449,67
unMap_tig00001081_pilon_26363,9693,1.428571428571429e-05,0.07054936512052101,0.7913664956780773,0.10162234053719627,68
unMap_tig00001081_pilon_26363,9721,1.428571428571429e-05,0.07054936512052101,0.7913664956780773,0.10162234053719627,68
unMap_tig00001081_pilon_26363,9740,1.428571428571429e-05,0.07054936512052101,0.7913664956780773,0.10162234053719627,68
unMap_tig00001081_pilon_26363,9780,1.3888888888888908e-05,0.06861558514105595,0.794166910030295,0.10008821232455797,69
unMap_tig00001081_pilon_26363,9804,1.3888888888888908e-05,0.06861558514105595,0.794166910030295,0.10008821232455797,69
unMap_tig00001081_pilon_26363,9805,1.3888888888888908e-05,0.06861558514105595,0.794166910030295,0.10008821232455797,69
unMap_tig00001081_pilon_26363,9809,1.3888888888888908e-05,0.06861558514105595,0.794166910030295,0.10008821232455797,69
unMap_tig00001081_pilon_26363,9835,1.3513513513513544e-05,0.06678571428574023,0.7968561991657952,0.09862004440500619,70
unMap_tig00001081_pilon_26363,9860,1.3513513513513544e-05,0.06678571428574023,0.7968561991657952,0.09862004440500619,70
unMap_tig00001081_pilon_26363,9864,1.3513513513513544e-05,0.06678571428574023,0.7968561991657952,0.09862004440500619,70
unMap_tig00001115_pilon_15777,13013,3.174603174603177e-05,0.32978723404255894,0.5678621644541253,0.2457570665449073,64
unMap_tig00001115_pilon_15777,13167,3.2142857142857144e-05,0.32854578096944675,0.5686237414896974,0.24517501136609424,63
unMap_tig00001118_pilon_43555,24764,9.775171065493654e-07,0.00031731084179618,0.9858450588553909,0.006191335942862887,64
unMap_tig00001118_pilon_43555,25208,1.8433179723502267e-06,0.0011977112486575253,0.972500063456967,0.01211036166394131,66
unMap_tig00001118_pilon_43555,27070,1.3888888888888871e-05,0.07072499235240919,0.7910887788939426,0.10177477564238743,70
unMap_tig00001118_pilon_43555,38004,-1.3888888888888883e-05,0.07072499235240919,0.7910887788939426,0.10177477564238743,70
unMap_tig00001124_pilon_21235,925,4.3906810035842353e-05,0.6493806407049729,0.42327254161522276,0.3733799040083435,67
unMap_tig00001167_pilon_32072,6251,-1.3888888888888893e-05,0.06861558514105594,0.794166910030295,0.10008821232455797,69
unMap_tig00001167_pilon_32072,7841,2.9040404040404083e-05,0.32586170437729717,0.5700158274414895,0.2441130852484388,69
unMap_tig00001167_pilon_32072,28286,1.38888888888889e-05,0.06861558514105594,0.794166910030295,0.10008821232455797,69
unMap_tig00001167_pilon_32072,29079,1.3888888888888893e-05,0.06861558514105594,0.794166910030295,0.10008821232455797,69
unMap_tig00001184_pilon_16527,4673,-0.00010263157894736851,3.7966516225006606,0.05560877786296356,1.2548566494870892,68
unMap_tig00001187_pilon_20704,8937,-7.771260997067456e-05,1.9002924231842233,0.1729995784941652,0.7619549550092459,64
unMap_tig00001239_pilon_16084,15803,-1.5625e-05,0.08419560595324334,0.7725999017457906,0.11204535142193063,68
unMap_tig00001241_pilon_8079,5140,-0.00010000000000000009,3.7909407665504693,0.055662167560620666,1.2544398856540133,70
unMap_tig00001264_pilon_10493,10069,7.229965156794435e-05,1.8443117840031777,0.17900226109394887,0.7471414831294755,69
unMap_tig00001278_pilon_30812,24512,-7.071960297766756e-05,1.8587582029278449,0.17726520291043527,0.7513765078685977,70
unMap_tig00001278_pilon_30812,24619,-7.071960297766756e-05,1.8587582029278449,0.17726520291043527,0.7513765078685977,70
unMap_tig00001454_pilon_103922,18712,1.5151515151515165e-05,0.07476635514020141,0.7853998118129064,0.10490920712547593,66
unMap_tig00001454_pilon_103922,18861,1.5151515151515165e-05,0.07476635514020141,0.7853998118129064,0.10490920712547593,66
unMap_tig00001454_pilon_103922,18880,1.5151515151515165e-05,0.07476635514020141,0.7853998118129064,0.10490920712547593,66
unMap_tig00001491_pilon_83558,32181,5.928509154315611e-05,1.3305662614882035,0.25286474799018505,0.5971117116617617,68
unMap_tig00001504_pilon_58132,1496,3.128054740957969e-05,0.324926301998063,0.5707219303448111,0.2435754390950787,64
unMap_tig00001504_pilon_58132,4040,1.562500000000002e-05,0.08181981657973371,0.7757558935561072,0.11027491631850053,67
unMap_tig00001504_pilon_58132,5842,1.470588235294118e-05,0.0725962026601665,0.7884470398675569,0.10322747299548488,67
unMap_tig00001504_pilon_58132,16164,-1.4705882352941173e-05,0.0725962026601665,0.7884470398675569,0.10322747299548488,67
unMap_tig00001528_pilon_192341,164305,1.562500000000003e-05,0.08895008605853956,0.7664255977144137,0.11552999876188329,70
unMap_tig00001534_pilon_71199,50290,1.5625000000000004e-05,0.08419560595324337,0.7725999017457906,0.11204535142193063,68
unMap_tig00001534_pilon_71199,50455,1.6129032258064524e-05,0.08687903764758177,0.7691223111613268,0.11400459018747049,67
unMap_tig00001548_pilon_104191,23682,-4.2444821731748756e-05,0.6408490580475027,0.42623306807446937,0.37035285981851956,69
unMap_tig00001548_pilon_104191,23796,4.2444821731748756e-05,0.6408490580475027,0.42623306807446937,0.37035285981851956,69
unMap_tig00001548_pilon_104191,23919,-4.2444821731748756e-05,0.6408490580475027,0.42623306807446937,0.37035285981851956,69
unMap_tig00001548_pilon_104191,32497,-2.9642545771578056e-05,0.3276869158878293,0.5689692160399873,0.24491123038107965,68
unMap_tig00001548_pilon_104191,61836,-4.230769230769237e-05,0.6323110121239911,0.4293169160868888,0.36722199896884106,69
unMap_tig00001548_pilon_104191,62090,4.488416988416991e-05,0.6293923660242815,0.4305561392044087,0.36597021388015955,65
unMap_tig00001548_pilon_104191,76779,-4.177005789909022e-05,0.6371057513915139,0.4275395927452559,0.3690236607847273,70
unMap_tig00001548_pilon_104191,82550,4.177005789909022e-05,0.6371057513915139,0.4275395927452559,0.3690236607847273,70
unMap_tig00001548_pilon_104191,82722,-5.897435897435904e-05,1.343504795117765,0.25053125649096175,0.601138083470473,69
unMap_tig00001548_pilon_104191,94848,-4.5019157088122624e-05,0.6381611830792563,0.42737886395114033,0.3691869597020522,65
unMap_tig00001548_pilon_104191,94999,4.3693693693693704e-05,0.6395385923322483,0.42679087190718656,0.3697848777263221,67
unMap_tig00001548_pilon_104191,101178,-4.230769230769237e-05,0.6323110121239912,0.4293169160868888,0.36722199896884106,69
unMap_tig00001551_pilon_65803,37275,1.5151515151515165e-05,0.08397863818426199,0.7728581879382631,0.11190018764177287,70
unMap_tig00001551_pilon_65803,37326,1.562500000000004e-05,0.08657237646239047,0.7694904001068018,0.11379679390482132,69
unMap_tig00001551_pilon_65803,37419,1.562500000000004e-05,0.08657237646239047,0.7694904001068018,0.11379679390482132,69
unMap_tig00001551_pilon_65803,58605,3.2258064516129074e-05,0.3689064558629725,0.5457499911795554,0.26300626263791704,66
unMap_tig00001551_pilon_65803,58820,3.125000000000001e-05,0.36780185758513934,0.5462853354532158,0.2625804575802898,68
unMap_tig00001551_pilon_65803,58880,4.595588235294118e-05,0.8217770929635265,0.36806156025043446,0.4340795371929631,66
unMap_tig00001567_pilon_56512,27154,-2.1114864864864886e-06,0.0017169080075549975,0.9670718736334973,0.014541247569060866,69
unMap_tig00001567_pilon_56512,29600,1.6129032258064547e-05,0.08933274802462016,0.7659662383685103,0.11579037242143247,68
unMap_tig00001576_pilon_76660,20417,-0.00010128205128205141,3.793095002675841,0.055656476200488615,1.2544842937822211,69
unMap_tig00001584_pilon_39859,24361,1.612903225806456e-05,0.08933274802462013,0.7659662383685103,0.11579037242143247,68
unMap_tig00001590_pilon_60593,3712,-1.4285714285714318e-05,0.0727191470344012,0.7882468902782845,0.10333773391674696,69
unMap_tig00001590_pilon_60593,31258,4.5928030303030326e-05,0.6721819346718353,0.4153830236451672,0.3815512566884581,65
unMap_tig00001590_pilon_60593,51423,4.55407969639469e-05,0.6595120178109809,0.41979029781786026,0.3769676030400826,65
unMap_tig00001601_pilon_55013,33227,-1.666666666666667e-05,0.08974059359665215,0.7654779424073446,0.11606731917707441,66
unMap_tig00001601_pilon_55013,33277,1.6666666666666678e-05,0.08974059359665215,0.7654779424073446,0.11606731917707441,66
unMap_tig00001604_pilon_41347,35729,4.248366013071895e-05,0.6675331276094084,0.4167663318422864,0.380107372447746,70
unMap_tig00001604_pilon_41347,35945,4.248366013071895e-05,0.6675331276094084,0.4167663318422864,0.380107372447746,70
unMap_tig00001621_pilon_33979,9782,4.248366013071895e-05,0.6675331276094084,0.4167663318422864,0.380107372447746,70
unMap_tig00001621_pilon_33979,9861,4.248366013071895e-05,0.6675331276094084,0.4167663318422864,0.380107372447746,70
unMap_tig00001647_pilon_63484,27907,-1.1904761904761914e-05,0.04810530514558967,0.827060420978967,0.08246276186313388,69
unMap_tig00001649_pilon_33435,16413,-1.5625000000000014e-05,0.0746987951807063,0.78552269100472,0.10484126519332011,64
unMap_tig00001649_pilon_33435,20605,-1.4705882352941192e-05,0.07706464228203144,0.782170249976375,0.10669870655929907,69
unMap_tig00001671_pilon_34049,17873,1.515151515151515e-05,0.06786826880286143,0.7953436685798551,0.09944517182536063,63
unMap_tig00001671_pilon_34049,17902,1.515151515151515e-05,0.06786826880286143,0.7953436685798551,0.09944517182536063,63
unMap_tig00001689_pilon_41968,27294,-1.612903225806454e-05,0.07707494274658347,0.782239963922722,0.10666000011010658,63
unMap_tig00001689_pilon_41968,27322,-1.612903225806454e-05,0.07707494274658347,0.782239963922722,0.10666000011010658,63
unMap_tig00001691_pilon_90707,62832,-1.5151515151515156e-05,0.07937053326004839,0.7790337428019035,0.10844373103693475,68
unMap_tig00001691_pilon_90707,62879,-1.5151515151515192e-05,0.07706793137119644,0.7821919681519421,0.10668664786381649,67
unMap_tig00001718_pilon_142280,36212,9.203296703296709e-05,3.135349172066188,0.08130065662839545,1.0899059467929282,67
unMap_tig00001718_pilon_142280,36324,9.107142857142863e-05,3.1487371375115427,0.08059756237327517,1.0936780929820615,68
unMap_tig00001718_pilon_142280,62674,-7.198275862068971e-05,1.8473717981039015,0.17864694331509862,0.7480044102633461,69
unMap_tig00001718_pilon_142280,62885,7.793522267206485e-05,1.844186466527588,0.17938271926996585,0.7462193967834363,64
unMap_tig00001718_pilon_142280,72690,7.395644283121605e-05,1.8526482801975237,0.1781759801721428,0.7491508434069337,67
unMap_tig00001718_pilon_142280,72728,-7.395644283121604e-05,1.8526482801975237,0.1781759801721428,0.7491508434069337,67
unMap_tig00001718_pilon_142280,73909,6.226053639846748e-05,1.3351809585915138,0.25224921556349855,0.5981701756439703,65
unMap_tig00001731_pilon_34555,13303,1.4285714285714307e-05,0.0727191470344012,0.7882468902782845,0.10333773391674696,69
unMap_tig00001736_pilon_62821,34979,-1.3888888888888893e-05,0.06861558514105592,0.794166910030295,0.10008821232455797,69
unMap_tig00001739_pilon_62723,26580,-1.2820512820512827e-05,0.05757002921463369,0.8111112409658021,0.09091957979057566,69
unMap_tig00001739_pilon_62723,29907,-1.2820512820512844e-05,0.05951439864485737,0.8079996477031648,0.09258882858259809,70
unMap_tig00001739_pilon_62723,29925,-1.2820512820512844e-05,0.05951439864485737,0.8079996477031648,0.09258882858259809,70
unMap_tig00001739_pilon_62723,29935,-1.2820512820512844e-05,0.05951439864485737,0.8079996477031648,0.09258882858259809,70
unMap_tig00001752_pilon_58495,14122,1.562500000000004e-05,0.08895008605853956,0.7664255977144137,0.11552999876188329,70
unMap_tig00001752_pilon_58495,14345,1.5625000000000024e-05,0.08657237646239047,0.7694904001068018,0.11379679390482132,69
unMap_tig00001755_pilon_113164,25479,6.377659838150021e-21,0.0,1.0,-0.0,66
unMap_tig00001757_pilon_136162,36831,-1.388888888888891e-05,0.06439962926268732,0.8004736250649407,0.0966529731481326,67
unMap_tig00001757_pilon_136162,69112,-1.4705882352941187e-05,0.0681318681318984,0.7949278272961905,0.0996722998087618,65
unMap_tig00001757_pilon_136162,69135,-1.4705882352941187e-05,0.0681318681318984,0.7949278272961905,0.0996722998087618,65
unMap_tig00001766_pilon_54153,18258,-1.2820512820512844e-05,0.059514398644857365,0.8079996477031648,0.09258882858259809,70
unMap_tig00001766_pilon_54153,18441,-1.2820512820512844e-05,0.059514398644857365,0.8079996477031648,0.09258882858259809,70
unMap_tig00001766_pilon_54153,19429,-3.101503759398499e-05,0.33254605573927054,0.5661865093614331,0.24704048286863234,66
unMap_tig00001766_pilon_54153,19471,-1.3157894736842136e-05,0.059062164419531805,0.8087381385752584,0.09219207589244127,68
unMap_tig00001794_pilon_95214,24263,2.1825396825396844e-05,0.1718120190546256,0.6799370738653195,0.16753127808435822,64
unMap_tig00001794_pilon_95214,32260,1.428571428571431e-05,0.07271914703440119,0.7882468902782845,0.10333773391674696,69
unMap_tig00001794_pilon_95214,36166,-1.666666666666668e-05,0.10780669144979019,0.7438376095793697,0.12852186682155664,60
unMap_tig00001794_pilon_95214,72895,-3.0834914611005716e-05,0.3254390844790524,0.5703862766818857,0.24383093202194697,65
unMap_tig00001795_pilon_139039,36799,-1.1627906976744216e-05,0.04524440288815914,0.8322011037916907,0.0797717125152867,69
unMap_tig00001795_pilon_139039,96232,0.0,0.0,1.0,-0.0,64
unMap_tig00001798_pilon_37430,7489,1.3157894736842108e-05,0.05706760316067832,0.8119438221522327,0.09047401826289159,67
unMap_tig00001798_pilon_37430,7783,-1.3157894736842125e-05,0.05507406724446333,0.8152073617547216,0.08873190707447519,66
unMap_tig00001807_pilon_75264,21944,1.351351351351355e-05,0.06200641176013042,0.8041889045524426,0.0946419231814914,63
unMap_tig00001807_pilon_75264,21991,1.351351351351355e-05,0.06200641176013042,0.8041889045524426,0.0946419231814914,63
unMap_tig00001807_pilon_75264,22002,1.351351351351355e-05,0.06200641176013042,0.8041889045524426,0.0946419231814914,63
unMap_tig00001807_pilon_75264,22026,1.351351351351355e-05,0.06200641176013042,0.8041889045524426,0.0946419231814914,63
unMap_tig00001810_pilon_131194,93488,1.3888888888888881e-05,0.06650711676534306,0.7972944443090464,0.09838126213808734,68
unMap_tig00001810_pilon_131194,93510,1.3888888888888881e-05,0.06650711676534306,0.7972944443090464,0.09838126213808734,68
unMap_tig00001810_pilon_131194,93515,1.3888888888888881e-05,0.06650711676534306,0.7972944443090464,0.09838126213808734,68
unMap_tig00001810_pilon_131194,93526,1.3888888888888881e-05,0.06650711676534306,0.7972944443090464,0.09838126213808734,68
unMap_tig00001810_pilon_131194,93537,1.3888888888888881e-05,0.06650711676534306,0.7972944443090464,0.09838126213808734,68
unMap_tig00001810_pilon_131194,93543,1.3888888888888881e-05,0.06650711676534306,0.7972944443090464,0.09838126213808734,68
unMap_tig00001810_pilon_131194,93567,1.3888888888888881e-05,0.06650711676534306,0.7972944443090464,0.09838126213808734,68
unMap_tig00001810_pilon_131194,93606,1.3888888888888881e-05,0.06650711676534306,0.7972944443090464,0.09838126213808734,68
unMap_tig00001810_pilon_131194,93646,2.9824561403508795e-05,0.32970908022339646,0.567782337838189,0.2458181213182933,68
unMap_tig00001810_pilon_131194,93661,2.9824561403508795e-05,0.32970908022339646,0.567782337838189,0.2458181213182933,68
unMap_tig00001810_pilon_131194,93688,2.9824561403508795e-05,0.32970908022339646,0.567782337838189,0.2458181213182933,68
unMap_tig00001810_pilon_131194,118597,1.4285714285714294e-05,0.07054936512052101,0.7913664956780773,0.10162234053719627,68
unMap_tig00001810_pilon_131194,118629,1.4285714285714294e-05,0.07054936512052101,0.7913664956780773,0.10162234053719627,68
unMap_tig00001810_pilon_131194,118655,1.4285714285714294e-05,0.07054936512052101,0.7913664956780773,0.10162234053719627,68
unMap_tig00001810_pilon_131194,118656,1.4285714285714294e-05,0.07054936512052101,0.7913664956780773,0.10162234053719627,68
unMap_tig00001810_pilon_131194,118698,1.4285714285714294e-05,0.07054936512052101,0.7913664956780773,0.10162234053719627,68
unMap_tig00001810_pilon_131194,120096,1.1241871101426618e-21,0.0,1.0,-0.0,66
unMap_tig00001810_pilon_131194,120139,1.1241871101426618e-21,0.0,1.0,-0.0,66
unMap_tig00001810_pilon_131194,120171,1.1241871101426618e-21,0.0,1.0,-0.0,66
unMap_tig00001810_pilon_131194,120172,-1.1241871101426618e-21,0.0,1.0,-0.0,66
unMap_tig00001810_pilon_131194,120177,1.1241871101426618e-21,0.0,1.0,-0.0,66
unMap_tig00001810_pilon_131194,120187,-1.5151515151515165e-05,0.07476635514020143,0.7853998118129064,0.10490920712547593,66
unMap_tig00001810_pilon_131194,120204,-1.5151515151515165e-05,0.07476635514020143,0.7853998118129064,0.10490920712547593,66
unMap_tig00001810_pilon_131194,120209,-1.5151515151515165e-05,0.07476635514020143,0.7853998118129064,0.10490920712547593,66
unMap_tig00001810_pilon_131194,125034,1.351351351351352e-05,0.06063432835820139,0.8062721061705144,0.09351836481403282,67
unMap_tig00001810_pilon_131194,125040,1.3513513513513518e-05,0.058585858585851275,0.809519096285539,0.09177290192776094,66
unMap_tig00001810_pilon_131194,125044,1.3513513513513518e-05,0.058585858585851275,0.809519096285539,0.09177290192776094,66
unMap_tig00001826_pilon_220708,48953,-1.1627906976744168e-05,0.04348513598990335,0.8354566811794457,0.07807606355928587,68
unMap_tig00001826_pilon_220708,50316,1.1627906976744175e-05,0.04524440288815914,0.8322011037916907,0.0797717125152867,69
unMap_tig00001826_pilon_220708,80573,-1.1627906976744175e-05,0.04524440288815914,0.8322011037916907,0.0797717125152867,69
unMap_tig00001826_pilon_220708,158949,-1.1627906976744204e-05,0.045244402888159146,0.8322011037916907,0.0797717125152867,69
unMap_tig00001841_pilon_78640,54274,4.9634273772204884e-05,0.8425497750089104,0.3623437259011827,0.4408792542300291,62
unMap_tig00001843_pilon_56848,10259,-4.177005789909022e-05,0.6371057513915139,0.4275395927452559,0.3690236607847273,70
unMap_tig00001893_pilon_66635,20665,-4.30555555555556e-05,0.6042380277592976,0.43970164722297056,0.3568419074107541,69
unMap_tig00001893_pilon_66635,61872,-7.535885167464123e-05,1.57177914110431,0.21473249041291925,0.6681022390314091,63
unMap_tig00001893_pilon_66635,62221,-6.98412698412699e-05,1.525460455037855,0.22131008900210944,0.6549987871659676,66
unMap_tig00001893_pilon_66635,62308,-3.310276679841901e-05,0.36060279870831097,0.5502597666273041,0.259432240360798,67
unMap_tig00001912_pilon_26430,8679,-1.666666666666668e-05,0.0922764071672281,0.7622731543105468,0.11788937491721975,67
unMap_tig00001928_pilon_45998,15825,1.7857142857142872e-05,0.09607438016528394,0.7576318460353759,0.12054177863683718,64
unMap_tig00001960_pilon_39414,20425,-4.577157802964259e-05,0.7263599846673068,0.3971477316808487,0.40104791359124603,68
unMap_tig00001963_pilon_70016,58195,1.3888888888888908e-05,0.06861558514105592,0.794166910030295,0.10008821232455797,69
unMap_tig00001983_pilon_53968,39633,-1.282051282051282e-05,0.049802371541522006,0.824129535230828,0.08400452129489248,65
unMap_tig00001983_pilon_53968,39757,-1.2820512820512833e-05,0.05757002921463369,0.8111112409658021,0.09091957979057566,69
unMap_tig00001983_pilon_53968,48322,-1.2820512820512852e-05,0.05757002921463369,0.8111112409658021,0.09091957979057566,69
unMap_tig00001997_pilon_32547,10373,-4.684684684684688e-05,0.7362569694329024,0.3940155343080125,0.40448665550626217,67
unMap_tig00002005_pilon_31202,26832,7.549857549857554e-05,1.8446131746357748,0.17917993970169413,0.7467106138955829,66
unMap_tig00002025_pilon_35782,14780,1.3888888888888893e-05,0.06861558514105592,0.794166910030295,0.10008821232455797,69
unMap_tig00002025_pilon_35782,14880,-2.9513888888888883e-05,0.3262576330328371,0.5698110552883194,0.2442691289748562,68
