chrom,pos,beta,F,p,LOD,n
chr01,131685,-0.00016722689075630251,0.156628126919654,0.6935375251169822,0.15893003565725436,69
chr01,131821,-0.00022337662337662355,0.2725001172317244,0.6034072229412608,0.219389495512111,68
chr01,200772,2.8571428571428696e-05,0.0046642430893755575,0.9457510199125112,0.0242231816850869,70
chr01,200779,8.823529411764587e-06,0.0004354232100067039,0.9834139327846925,0.007263643016931955,69
chr01,222996,-7.812499999999993e-05,0.03196799076021808,0.8586809117795993,0.0661681912306951,64
chr01,223269,-7.812499999999993e-05,0.03196799076021808,0.8586809117795993,0.0661681912306951,64
chr01,238341,-0.0002138392857142859,0.252407098637762,0.617083108510869,0.20965634141728226,67
chr01,238503,-8.964646464646475e-05,0.044900464988160464,0.8328304431225462,0.07944340809107608,69
chr01,238526,-0.00015689149560117301,0.13003109246160618,0.7196254856801704,0.14289346442838954,64
chr01,243020,-0.00016512605042016796,0.1528427572145504,0.6970738284602037,0.15672122248323772,69
chr01,244975,0.00012663398692810474,0.09166814191195703,0.7629913346590753,0.11748039432705583,70
chr01,251624,-0.00012663398692810472,0.09166814191195703,0.7629913346590753,0.11748039432705583,70
chr01,351727,6.684491978609626e-05,0.024489483437172038,0.8761309287739724,0.057430988129690524,67
chr01,378870,4.915966386554592e-05,0.013518531120797435,0.907786982888822,0.04201604906627704,69
chr01,409030,9.5378151260504e-05,0.05052555419837816,0.8228354129086848,0.08468702555792425,69
chr01,409188,0.00013994307400379507,0.10122482672697827,0.7514169907514469,0.12411898906213285,65
chr01,412390,-0.00016452205882352914,0.14166316243385094,0.7078780801051932,0.15004153566768696,66
chr01,412674,4.761904761904968e-06,0.0001250347892940024,0.9911120558796265,0.003877241075756067,68
chr01,415635,-4.464285714284752e-07,1.065305540524136e-06,0.9991796356528154,0.00035642592869226914,67
chr01,460564,-3.781512605042036e-05,0.007998471933720127,0.9290036729018437,0.03198256897960897,69
chr01,475305,1.0513475611980649e-19,0.0,1.0,-0.0,66
chr01,476636,2.016806722689074e-05,0.002274926574198077,0.9621002612031216,0.016779667444133894,69
chr01,476659,-1.6339869281045543e-05,0.0015241920661319287,0.9689721729766865,0.013688694875139703,70
chr01,494511,-4.761904761904639e-06,0.00012503478929400239,0.9911120558796265,0.003877241075756067,68
chr01,545840,-0.00014426523297491033,0.11164393796075316,0.7393559129331473,0.13114644954421797,67
chr01,553844,0.00022635135135135119,0.29098024419031904,0.5913812564165469,0.2281324443751093,69
chr01,556600,-0.00015277777777777756,0.12686057409731366,0.722845621453551,0.1409544453193513,68
chr01,572004,9.374999999999981e-05,0.04437728646413242,0.8338440605398771,0.07891516036854415,64
chr01,572024,-9.374999999999981e-05,0.04437728646413242,0.8338440605398771,0.07891516036854415,64
chr01,592304,0.00016447368421052623,0.15376544438213202,0.6961889623341956,0.15727286648027333,70
chr01,611254,6.142506142506125e-05,0.02149292377092095,0.8838778542894781,0.053607747287011474,70
chr01,611258,-6.142506142506125e-05,0.02149292377092095,0.8838778542894781,0.053607747287011474,70
chr01,611281,6.142506142506125e-05,0.02149292377092095,0.8838778542894781,0.053607747287011474,70
chr01,611393,6.142506142506125e-05,0.02149292377092095,0.8838778542894781,0.053607747287011474,70
chr01,639463,-0.00018039215686274494,0.16099074246782374,0.6896255663230149,0.16138664638985445,64
chr01,642128,-0.00011428571428571447,0.06867888533078975,0.7941251113550105,0.10011107075838085,65
chr01,643414,3.0735930735930685e-05,0.00525051595212779,0.9424546277614508,0.025739548694741408,68
chr01,679690,4.956352788505163e-20,0.0,1.0,-0.0,70
chr01,684439,-4.956352788505163e-20,0.0,1.0,-0.0,70
chr01,684464,-4.956352788505163e-20,0.0,1.0,-0.0,70
chr01,709138,-2.9411764705882327e-05,0.0048115477145147115,0.9449085703645722,0.024610211921568828,68
chr01,722292,-6.249999999999995e-05,0.020085850813962948,0.8877570929188029,0.05170584912694861,64
chr01,732608,-7.983193277310926e-05,0.03669230136747592,0.8486722056224458,0.07126002092039148,69
chr01,764433,2.226890756302517e-05,0.0027711448787843354,0.9581740609247436,0.018555590261144443,69
chr01,855655,-0.00022857142857142862,0.2998071093965283,0.5857961339437144,0.23225349884160343,70
chr01,855789,-0.00026974789915966386,0.4094360801724686,0.5244379508015578,0.280305888249431,69
chr01,903574,-0.00037326388888888874,0.7681682227601024,0.38396326850656903,0.41571032002808156,68
chr01,906860,-0.000404040404040404,0.9240423404475359,0.3398722561594708,0.4686842855158408,69
chr01,925316,0.0005498102466793171,1.6200915062872179,0.20775623937160226,0.6824459245403975,65
chr01,954863,-0.000296551724137931,0.44211248920153007,0.5085704051891476,0.2936489159593796,64
chr01,964194,0.0006055555555555556,1.9450693092607598,0.16794131064074386,0.774842461833642,66
chr01,1021452,0.00038555743243243244,0.8620228696020501,0.35650610476571176,0.4479330289443405,69
chr01,1026340,-0.0005824324324324323,1.8481722845345094,0.17869382769585151,0.747890448299769,67
chr01,1048089,-0.0004324324324324324,1.0375638864582586,0.31216517279659606,0.5056155513247353,67
chr01,1096028,-0.0005499999999999999,1.690680501734226,0.1981029488365607,0.7031090597773806,67
chr01,1096036,-0.0005499999999999999,1.690680501734226,0.1981029488365607,0.7031090597773806,67
chr01,1125870,0.0004522804054054054,1.1579398932112865,0.2857528316667696,0.5440094572715805,69
chr01,1125872,-0.0004522804054054055,1.1579398932112865,0.2857528316667696,0.5440094572715805,69
chr01,1139517,0.0005,1.4903943377148556,0.22643426413185958,0.645057854880152,69
chr01,1164849,0.00037896825396825385,0.7497699463782828,0.3898874995002709,0.4090606888568529,64
chr01,1205428,0.00045117698343504777,1.1233980568084925,0.2930514386309382,0.5330561422641253,68
chr01,1206984,-0.0003101503759398497,0.506176212594013,0.4793840688054447,0.31931640281143814,66
chr01,1207368,0.0003458646616541353,0.6355978801709635,0.42825729418249336,0.368295231290113,66
chr01,1237179,0.00013115449915110353,0.09462109058999385,0.759336778915914,0.11956556430831045,69
chr01,1237241,-0.00012406947890818864,0.08690851089934942,0.7690429242914626,0.11404941928483082,70
chr01,1308414,0.0001381578947368422,0.09621697910594496,0.7574253824028843,0.12066014514494898,66
chr01,1310641,0.00012406947890818864,0.08690851089934942,0.7690429242914626,0.11404941928483082,70
chr01,1310850,0.00012406947890818864,0.08690851089934942,0.7690429242914626,0.11404941928483082,70
chr01,1369076,-0.00024285714285714283,0.30767540894957607,0.5810741436094489,0.2357684491827594,65
chr01,1394356,0.00023351648351648338,0.2854387201485949,0.5949811265795764,0.22549681032581337,67
chr01,1401980,5.341880341880022e-06,0.00013299040722458813,0.9908371419977965,0.003997722047489295,62
chr01,1446475,0.0002903811252268602,0.4594121512305261,0.5003045077653596,0.3007655840868049,67
chr01,1456038,5.4945054945054904e-05,0.015980495600241444,0.899794458376257,0.04585668588041359,67
chr01,1517611,-0.00013115449915110353,0.09462109058999385,0.759336778915914,0.11956556430831045,69
chr01,1560405,0.00023057432432432425,0.29481103627837535,0.5889556824078697,0.22991738366763137,69
chr01,1560447,0.00023057432432432425,0.29481103627837535,0.5889556824078697,0.22991738366763137,69
chr01,1569992,-0.00010425101214574886,0.054807466690131264,0.8156709735571332,0.08848499220829956,64
chr01,1653991,0.0003252252252252253,0.5783739982503091,0.44970033753263083,0.3470767864625139,67
chr01,1704109,-0.0001026936026936027,0.0523261114128325,0.8198686455158726,0.08625572212508044,60
chr01,1884958,6.84430512016719e-05,0.022807063398434815,0.8804664800137882,0.05528717328233719,62
chr01,1913773,-0.00014575289575289568,0.10843844987527249,0.7430212872276656,0.12899874371845912,65
chr01,1987026,-8.27129859387941e-06,0.000385769201094697,0.9843872684925831,0.00683401185177598,70
chr01,1994535,-2.6433691756272543e-05,0.004153713523427807,0.9488102693260342,0.022820623423853735,67
chr01,1994595,8.095238095238077e-05,0.03791284647244174,0.8462448025146646,0.07250398565821162,65
chr01,2022653,-4.0322580645161405e-05,0.008994907737542475,0.9247238126731308,0.033987958658245734,69
chr01,2086633,5.128205128205137e-05,0.014463969604075791,0.9046321668554218,0.043527973698836944,69
chr01,2108744,4.434121621621632e-05,0.010942459395575624,0.9170008083245215,0.03763028150476131,69
chr01,2120416,6.57894736842104e-05,0.024555828398094243,0.8759432548512001,0.0575240272830901,70
chr01,2120420,-6.57894736842104e-05,0.024555828398094243,0.8759432548512001,0.0575240272830901,70
chr01,2139637,-6.57894736842104e-05,0.024555828398094243,0.8759432548512001,0.0575240272830901,70
chr01,2168473,-6.554621848739506e-05,0.024189482499316038,0.8768713889721889,0.05706410008393717,69
chr01,2224895,0.0003327205882352942,0.6011532188027806,0.4409938676431776,0.3555674496869147,66
chr01,2224903,0.0003327205882352942,0.6011532188027806,0.4409938676431776,0.3555674496869147,66
chr01,2224907,0.0003327205882352942,0.6011532188027806,0.4409938676431776,0.3555674496869147,66
chr01,2236918,0.00020588235294117656,0.2329467694302402,0.6309444145070476,0.20000889992576443,68
chr01,2298034,0.00016512605042016807,0.15284275721455043,0.6970738284602037,0.15672122248323772,69
chr01,2298264,0.00016512605042016807,0.15284275721455043,0.6970738284602037,0.15672122248323772,69
chr01,2327205,-0.00016536796536796558,0.14878073437217054,0.7009437645145347,0.15431682331821456,68
chr01,2362289,0.00011428571428571436,0.07470475144191394,0.785434361338399,0.10489010304875966,70
chr01,2362398,0.00011428571428571436,0.07470475144191394,0.785434361338399,0.10489010304875966,70
chr01,2362914,0.00015168067226890765,0.12880658255912775,0.7208011630283044,0.1421845212848655,69
chr01,2363350,0.00015508021390374342,0.1270337641251918,0.7226819316429491,0.14105280329480432,67
chr01,2387165,0.00030330882352941184,0.4949242147296195,0.4842905176765292,0.31489403428006557,66
chr01,2435235,9.019607843137269e-05,0.039539672282929025,0.8430339692422586,0.07415492554460364,64
chr01,2446840,0.00012008928571428579,0.07661210056045444,0.7828204864600069,0.1063378173521635,67
chr01,2449842,-9.722222222222233e-05,0.05120217854661814,0.8216837670841526,0.08529529272141657,68
chr01,2502358,1.6339869281045587e-05,0.0015241920661319287,0.9689721729766865,0.013688694875139703,70
chr01,2502602,5.902777777777788e-05,0.018986377866147642,0.8908250658347023,0.050207571385932924,68
chr01,2514066,-2.0168067226890888e-05,0.002274926574198077,0.9621002612031216,0.016779667444133894,69
chr01,2541995,3.5023041474654243e-05,0.0065340747800026015,0.9358265181902118,0.028804652517951532,66
chr01,2561595,-0.00015747028862478772,0.13744502595858313,0.7120039237619442,0.1475176130155801,69
chr01,2594237,-0.0001192982456140349,0.07681215850209389,0.7825310926369675,0.10649839743340923,68
chr01,2617554,0.00019325657894736834,0.21247529217262273,0.6463051043160963,0.1895624141414448,70
chr01,2681870,0.00019325657894736834,0.21247529217262273,0.6463051043160963,0.1895624141414448,70
chr01,2724856,8.59649122807016e-05,0.040861140556640176,0.840427989670143,0.07549949225267115,68
chr01,2759021,-0.00017027027027027017,0.15155757966096756,0.6983238395786673,0.15594313163685763,67
chr01,2771991,-0.00019325657894736828,0.21247529217262273,0.6463051043160963,0.1895624141414448,70
chr01,2804731,-0.0002647321428571426,0.3733934162372026,0.5432914220024446,0.26496715196317555,67
chr01,2880380,-0.0004142857142857142,0.951357466063348,0.33293552743144805,0.47763985896116484,68
chr01,2880570,-0.00042647058823529405,0.9797515461157138,0.3259305966138749,0.4868748683877216,67
chr01,2888149,-0.00047385620915032633,1.306443580406537,0.2570478406446461,0.5899860401146041,70
chr01,2918935,0.0004738562091503262,1.306443580406537,0.2570478406446461,0.5899860401146041,70
chr01,2986574,-0.00046273546273546283,1.241626487055538,0.26908079693872267,0.5701172947339317,70
chr01,2986650,0.0004747474747474744,1.272256242686557,0.26336685319281744,0.5794388853397113,69
chr01,2986692,-0.0004747474747474744,1.272256242686557,0.26336685319281744,0.5794388853397113,69
chr01,3020530,0.0003880718954248361,0.8707288952880693,0.35405516576229557,0.4509290647550566,70
chr01,3024746,0.0003567226890756301,0.7193219988173869,0.39938625321820065,0.39860688752296225,69
chr01,3109321,-3.1249999999999974e-05,0.005604773097089146,0.9405631335659115,0.02661204791895317,64
chr01,3109439,-4.133064516129029e-05,0.009498280942775104,0.9226813158500121,0.03494827369398853,63
chr01,3142756,-0.0002878787878787878,0.4442051834192125,0.5074953157161766,0.29456796202165575,66
chr01,3148811,0.0002878787878787878,0.46593207605324644,0.4972179340245877,0.3034532152929598,69
chr01,3150873,-0.00024509803921568605,0.3446737764080963,0.5590880590545775,0.2525197832592759,70
chr01,3168912,0.00022164502164502163,0.26746982677006137,0.6067630583784824,0.21698086827877794,68
chr01,3168913,0.00022164502164502163,0.26746982677006137,0.6067630583784824,0.21698086827877794,68
chr01,3173634,-0.0002771836007130125,0.40435497147329263,0.5270813659926883,0.2781223372086813,67
chr01,3182315,0.000245098039215686,0.3446737764080963,0.5590880590545775,0.2525197832592759,70
chr01,3196956,0.00023135080645161278,0.27489575053359,0.6019664963232323,0.22042767961734827,63
chr01,3205286,-0.00012167487684729044,0.07733758966729308,0.7818637123788277,0.10686894274600539,64
chr01,3205336,-0.00012167487684729044,0.07733758966729308,0.7818637123788277,0.10686894274600539,64
chr01,3206508,0.00019411764705882343,0.2114084333893379,0.6471542886846662,0.18899216641604993,69
chr01,3208844,-0.0002982758620689655,0.4047622004010877,0.5271865805210103,0.27803565319373214,59
chr01,3209970,-0.0003749999999999998,0.7944664031620492,0.3759428074271238,0.42487821972142803,69
chr01,3209973,-0.0003857142857142857,0.817385744467914,0.36923389391178374,0.43269843965255295,68
chr01,3261071,-0.0003209677419354838,0.49249655906826767,0.4855749767177586,0.31374370198512613,61
chr01,3311194,0.0003142717497556206,0.5168325901843668,0.4748968224855954,0.323400736254134,64
chr01,3317296,0.00017922794117647043,0.17887963398474907,0.6737556149262838,0.17149760247854035,66
chr01,3317362,0.00017922794117647043,0.17887963398474907,0.6737556149262838,0.17149760247854035,66
chr01,3317364,0.00017922794117647043,0.17887963398474907,0.6737556149262838,0.17149760247854035,66
chr01,3375937,0.0003017543859649123,0.5095902595158783,0.47783322215685153,0.3207236584835592,68
chr01,3415469,-0.00014650537634408606,0.11375616366723007,0.7369943707903026,0.13253582929704832,67
chr01,3415539,-0.00016666666666666672,0.1517377638078146,0.6981343175212775,0.15606101327020297,68
chr01,3415542,-0.00016666666666666672,0.1517377638078146,0.6981343175212775,0.15606101327020297,68
chr01,3460759,0.00021650326797385605,0.26864209810080203,0.605926582324485,0.2175799943534399,70
chr01,3494445,0.00016810344827586214,0.15441451220942415,0.6955994099288602,0.15764079507753195,69
chr01,3494448,0.00016810344827586214,0.15441451220942415,0.6955994099288602,0.15764079507753195,69
chr01,3500916,5.653021442495133e-05,0.01585796284005456,0.900189616763175,0.04566600073820201,65
chr01,3518130,0.00010714285714285723,0.06143773611251044,0.805007341937741,0.09420015870230915,68
chr01,3518244,0.00010714285714285723,0.06143773611251044,0.805007341937741,0.09420015870230915,68
chr01,3518254,0.00010714285714285723,0.06143773611251044,0.805007341937741,0.09420015870230915,68
chr01,3518265,7.360627177700356e-05,0.029466387294591844,0.8642240093857251,0.06337367253197171,69
chr01,3518273,7.360627177700356e-05,0.029466387294591844,0.8642240093857251,0.06337367253197171,69
chr01,3527044,0.00016435185185185194,0.13822453825668207,0.7112617499778975,0.14797054603319862,67
chr01,3527270,0.00012133699633699645,0.07667345071085399,0.7827357771894075,0.106384815048353,67
chr01,3527810,0.00011538461538461545,0.06713338020849145,0.796429617088461,0.09885259809349295,63
chr01,3527960,0.0001881868131868131,0.18221425603120375,0.6708877979508122,0.17335010696273753,67
chr01,3612807,-0.00013456686291000853,0.10056603054184778,0.7521230522828657,0.12371110015895355,70
chr01,3632156,-0.0001190476190476191,0.07782101167315211,0.7811189713356479,0.10728281418981295,70
chr01,3632242,-0.0001190476190476191,0.07782101167315211,0.7811189713356479,0.10728281418981295,70
chr01,3633132,3.5647279549718504e-05,0.00665214666388736,0.9352466858727979,0.02907382208694135,67
chr01,3643575,0.00014097744360902254,0.100190487163721,0.7526312913692101,0.12341772943035395,66
chr01,3674026,-6.620209059233452e-05,0.024038349849324823,0.8772535101630599,0.05687488536231674,69
chr01,3674087,-0.0001190476190476191,0.07782101167315211,0.7811189713356479,0.10728281418981295,70
chr01,3677857,3.076923076923057e-05,0.0045994065281896954,0.9461480200088916,0.02404091513696186,64
chr01,3700888,0.00026730769230769223,0.37251988610003306,0.5437952253375611,0.2645646099494263,66
chr01,3701234,-0.00026730769230769223,0.37251988610003306,0.5437952253375611,0.2645646099494263,66
chr01,3725862,-0.00013456686291000853,0.10056603054184778,0.7521230522828657,0.12371110015895355,70
chr01,3768060,3.7891986062717705e-05,0.00798708164280966,0.9290541058337476,0.03195899302380383,69
chr01,3815710,0.00013456686291000847,0.10056603054184778,0.7521230522828657,0.12371110015895355,70
chr01,3849711,0.00010560344827586218,0.060800142835944884,0.8059896434539081,0.09367053861639359,69
chr01,3903997,-0.0001071428571428572,0.06143773611251043,0.805007341937741,0.09420015870230915,68
chr01,3908382,8.214285714285717e-05,0.03580763319790336,0.8504940220153016,0.07032873462624059,68
chr01,3911561,-0.00015732758620689663,0.13912511982997358,0.7103297800826989,0.14853997745173403,69
chr01,4077264,0.0003795787545787545,0.795694971320047,0.37567400601011147,0.4251888540101405,67
chr01,4083738,-0.00036754385964912284,0.7589224438937683,0.38682380054329857,0.41248681244161267,68
chr01,4085989,-9.868421052631572e-05,0.051092171189186526,0.8218939178458933,0.08518423339331066,66
chr01,4221914,-0.00041356492969396173,0.9782922699948491,0.3261272550023919,0.48661290495815535,70
chr01,4224510,0.0005721415607985478,1.7806964179473177,0.18671985285984372,0.7288095035340474,67
chr01,4239563,0.00041356492969396173,0.9782922699948491,0.3261272550023919,0.48661290495815535,70
chr01,4243262,-0.00042117117117117096,0.9619843943347817,0.3303240364936548,0.4810598231092272,67
chr01,4243396,-0.00045462794918330306,1.1055298770376538,0.29694904977200054,0.5273180601139742,67
chr01,4243408,0.00045462794918330296,1.1055298770376456,0.29694904977200487,0.5273180601139679,67
chr01,4257776,-0.00038566243194192363,0.810949487029227,0.37116412994883796,0.43043400152110034,67
chr01,4259313,0.00041356492969396173,0.9782922699948491,0.3261272550023919,0.48661290495815535,70
chr01,4303915,-0.0003498498498498498,0.6150590441829995,0.4358754961324892,0.3606375452827758,64
chr01,4323227,-0.0003845500848896436,0.8288344253943365,0.3658735062371974,0.4366690376617164,69
chr01,4330305,0.0003517543859649122,0.6741300639634528,0.4145712625743395,0.3824008058069021,68
chr01,4363434,0.00034386446886446867,0.6162900952018581,0.43528131433989714,0.36122997574003346,67
chr01,4557571,0.00032847038019451794,0.589383707406931,0.4453955184369204,0.35125415714461117,68
chr01,4562341,-0.0003307692307692306,0.6247465173628923,0.4320777188469441,0.3644381285772603,69
chr01,4581813,0.0004935897435897436,1.3669949806569863,0.24647172235235232,0.6082329000410958,69
chr01,4635257,0.0006032388663967611,1.874369519036982,0.1759149984078678,0.7546971312754083,64
chr01,4679409,-0.0004550438596491228,0.9453065145052677,0.3348203165725875,0.47518819731060685,62
chr01,4679805,0.0005026455026455024,1.3729110743921753,0.24546224589127846,0.6100152964614723,69
chr01,4683048,-0.0005357142857142855,1.611374407582936,0.20862610508023238,0.6806313498742265,70
chr01,4719487,-0.0005095818815331011,1.430950900552519,0.23582546963607984,0.6274092920099659,69
chr01,4719520,-0.0005095818815331011,1.430950900552519,0.23582546963607984,0.6274092920099659,69
chr01,4733553,0.0005357142857142855,1.611374407582936,0.20862610508023238,0.6806313498742265,70
chr01,4822449,0.0004209575429087624,0.96967730412003,0.32835689507033894,0.48365385965791563,68
chr01,4822470,0.0004209575429087624,0.96967730412003,0.32835689507033894,0.48365385965791563,68
chr01,4822988,0.0005769230769230768,1.7909033480732808,0.1856262294903643,0.7313606567913054,65
chr01,4838027,0.0004560104529616726,1.1319596128737066,0.29117726035595,0.5358425444948021,69
chr01,4907940,0.00037499999999999995,0.7962529274004623,0.3753629597604383,0.42554858511188376,70
chr01,4933977,-0.00027825670498084285,0.39714946303237275,0.5308443297691094,0.2750328172125941,65
chr01,4943132,-0.0003174603174603174,0.5036146535618539,0.48057665413010686,0.31823733055404124,64
chr01,5032950,0.0004113756613756613,0.913413618774721,0.34264608369162786,0.46515422763130954,69
chr01,5107957,0.00036585365853658526,0.7504376284344257,0.3893840474595742,0.409621844912019,70
chr01,5128035,-0.0003076923076923077,0.5111838151832803,0.4771483537854916,0.32134657019828905,68
chr01,5292447,0.00026881720430107527,0.40992272678372077,0.5241603025267664,0.2805358735962252,70
chr01,5307288,0.0001343012704174228,0.09672216243624934,0.7567943940983969,0.12102209360038285,67
chr01,5323756,-0.00010955598455598474,0.0607692260893877,0.8060857233320273,0.09361877061373287,65
chr01,5324001,-0.00023811544991511036,0.3153821209478373,0.5762698930020105,0.23937406937343247,69
chr01,5424752,0.00020833333333333324,0.22709018955024157,0.6352879527978301,0.19702938027473807,67
chr01,5452710,0.0002903811252268603,0.45824450084223495,0.500847654122567,0.30029435603991367,67
chr01,5536885,0.00020555555555555559,0.2165544957747464,0.6432574936650076,0.1916151457497099,66
chr01,5622762,0.00026881720430107527,0.40992272678372077,0.5241603025267664,0.2805358735962252,70
chr01,5657677,-0.00026881720430107527,0.40992272678372077,0.5241603025267664,0.2805358735962252,70
chr01,5708172,0.00016923076923076934,0.15784964660526787,0.6924069536385624,0.1596385792835117,69
chr01,5708183,0.00016923076923076934,0.15784964660526787,0.6924069536385624,0.1596385792835117,69
chr01,5722865,0.00011923076923076931,0.07764776253317858,0.7813690103355415,0.10714381720536868,69
chr01,5744219,0.00012406947890818875,0.08690851089934941,0.7690429242914626,0.11404941928483082,70
chr01,5781012,-0.00024517374517374536,0.3441095120334431,0.5595628526047799,0.25215112449517185,65
chr01,5783622,-6.944444444444451e-05,0.027547020351788392,0.8687182881335086,0.06112103568528087,64
chr01,5786211,-5.4166666666666786e-05,0.016424862542538443,0.8984010096382731,0.046529768678828895,70
chr01,5811063,9.956896551724148e-05,0.054092067205795666,0.8167988785564679,0.08788486719572022,69
chr01,5811325,-1.9157088122603224e-06,2.074418956896513e-05,0.9963803760434597,0.001574834587924822,65
chr01,5811332,-1.9157088122603224e-06,2.074418956896513e-05,0.9963803760434597,0.001574834587924822,65
chr01,5811505,2.6556776556776587e-05,0.003672144935022724,0.9518651243003032,0.021424585146941823,67
chr01,5811543,2.6556776556776587e-05,0.003672144935022724,0.9518651243003032,0.021424585146941823,67
chr01,5811570,2.6556776556776587e-05,0.003672144935022724,0.9518651243003032,0.021424585146941823,67
chr01,5830177,4.285714285714296e-05,0.009759490262945458,0.9216455476697437,0.035436070582283805,60
chr01,5842700,5.698005698005719e-05,0.017242761239619216,0.8959406563471402,0.0477207553763722,66
chr01,5842715,-5.6980056980057106e-05,0.017242761239619216,0.8959406563471402,0.0477207553763722,66
chr01,5842743,-5.6980056980057106e-05,0.017242761239619216,0.8959406563471402,0.0477207553763722,66
chr01,5842749,0.0001089743589743591,0.06130819092516145,0.8052453207888585,0.0940717901487339,65
chr01,5856442,1.785714285714293e-05,0.0015928294131082393,0.9682929056835807,0.013993250046728984,64
chr01,5917134,-0.00011509785647716682,0.06879913946100856,0.7939357612626504,0.10021463568094457,66
chr01,5971838,-7.179487179487175e-05,0.03023853836318883,0.8624744309473973,0.06425377122634518,69
chr01,6100532,0.00024377394636015333,0.3035422555137596,0.5836188395988233,0.23387069724166049,65
chr01,6177444,-8.92857142857142e-05,0.043752412816884356,0.8349402863971774,0.0783445834571549,70
chr01,6223276,0.00020833333333333316,0.23889072111730802,0.6265811171772712,0.2030226972763405,70
chr01,6223342,0.00020833333333333316,0.23889072111730802,0.6265811171772712,0.2030226972763405,70
chr01,6274611,-0.00013456686291000829,0.10056603054184779,0.7521230522828657,0.12371110015895355,70
chr01,6314269,-0.0001136162687886825,0.07174749004246371,0.7896445746089252,0.10256834417796473,68
chr01,6323806,5.7692307692307474e-05,0.01784855533487986,0.8941328569162565,0.04859794570215259,67
chr01,6372763,0.000347623089983022,0.6757686372378171,0.413963503439697,0.3830379462062416,69
chr01,6372795,0.000347623089983022,0.6757686372378171,0.413963503439697,0.3830379462062416,69
chr01,6384075,-0.00015979853479853475,0.1364422740778261,0.7130444482511988,0.14688339717680338,67
chr01,6406964,0.00022678571428571406,0.2723690886514538,0.6034941327559247,0.21932694781039733,68
chr01,6407181,0.00026681034482758616,0.3881673214020478,0.5353793715003456,0.27133836646280024,69
chr01,6424595,0.00018213969938107882,0.1771559919694701,0.6751962675648258,0.1705699671236344,68
chr01,6424597,0.00018213969938107882,0.1771559919694701,0.6751962675648258,0.1705699671236344,68
chr01,6424598,0.00018213969938107882,0.1771559919694701,0.6751962675648258,0.1705699671236344,68
chr01,6465476,0.00023750000000000005,0.31716172043566426,0.5751706890802211,0.24020325387528838,70
chr01,6478827,-0.0002255639097744361,0.25888789446273197,0.6126348767183765,0.21279828285562286,66
chr01,6478828,0.00022556390977443604,0.25888789446273197,0.6126348767183765,0.21279828285562286,66
chr01,6478867,0.00026497277676950997,0.3678958471918159,0.5462661339308625,0.2625957229759013,67
chr01,6525609,-0.00030714285714285685,0.5043540074640109,0.4800950892578487,0.318672736270213,68
chr01,6535725,0.00037759710930442627,0.7779702126006036,0.3809637546211555,0.4191163416913632,68
chr01,6559278,0.00016542597187758462,0.1546577571668535,0.6953536825937929,0.15779424098071354,70
chr01,6559330,0.00016542597187758462,0.1546577571668535,0.6953536825937929,0.15779424098071354,70
chr01,6559374,-0.00016542597187758462,0.1546577571668535,0.6953536825937929,0.15779424098071354,70
chr01,6559386,-0.00016542597187758462,0.1546577571668535,0.6953536825937929,0.15779424098071354,70
chr01,6559391,-0.00016542597187758462,0.1546577571668535,0.6953536825937929,0.15779424098071354,70
chr01,6559395,-0.00016542597187758462,0.1546577571668535,0.6953536825937929,0.15779424098071354,70
chr01,6559399,-0.00016542597187758462,0.1546577571668535,0.6953536825937929,0.15779424098071354,70
chr01,6559496,-0.00019230769230769228,0.2028330700652004,0.6538977154861358,0.18449017992351532,69
chr01,6559545,-0.00019230769230769228,0.2028330700652004,0.6538977154861358,0.18449017992351532,69
chr01,6559581,-0.00019230769230769228,0.2028330700652004,0.6538977154861358,0.18449017992351532,69
chr01,6578657,-0.00013539898132427835,0.10156180092803158,0.7509547664972368,0.12438622178714989,69
chr01,6596198,0.0001693191865605658,0.15375593982476615,0.6962349526308245,0.1572441779008262,68
chr01,6603644,-0.00023888404533565802,0.3115396687114852,0.5786254956741663,0.23760243417463203,68
chr01,6690604,0.00013508771929824566,0.09791843808538299,0.7553287074904063,0.12186400892424666,68
chr01,6696689,0.00012564102564102556,0.08691383931634795,0.7690494280935584,0.11404574646849151,69
chr01,6719470,8.19000819000818e-05,0.038219037802000325,0.8455869602562679,0.07284172287708844,70
chr01,6722621,0.000142992424242424,0.10333065618634915,0.7489328168871316,0.12555713899456739,65
chr01,6722661,0.000142992424242424,0.10333065618634915,0.7489328168871316,0.12555713899456739,65
chr01,6722703,0.00021456500488758554,0.23107504461876904,0.6324198070520279,0.19899453665461256,64
chr01,6774813,6.078431372549038e-05,0.018972838990390564,0.8908907474403899,0.0501755515108069,64
chr01,6788720,9.090909090909084e-05,0.042594098942540945,0.8371466162790847,0.0771984738290699,66
chr01,6788816,-7.142857142857196e-06,0.0002935822003096217,0.986380445137025,0.005955546158133643,69
chr01,6788878,-7.142857142857196e-06,0.0002935822003096217,0.986380445137025,0.005955546158133643,69
chr01,6795329,3.156565656565652e-05,0.005563643229036299,0.9407633213832456,0.026519623274084247,69
chr01,6795473,6.944444444444438e-05,0.02754125231694393,0.8686843519249856,0.06113800159492128,70
chr01,6845564,6.944444444444438e-05,0.02754125231694393,0.8686843519249856,0.06113800159492128,70
chr01,6895391,8.467023172905681e-06,0.00039489566264197084,0.9842063713138156,0.006913827863738132,67
chr01,6895408,-8.467023172905681e-06,0.00039489566264197084,0.9842063713138156,0.006913827863738132,67
chr01,6908419,3.156565656565652e-05,0.005563643229036299,0.9407633213832456,0.026519623274084247,69
chr01,6928008,5.475382003395581e-05,0.016601940589595365,0.8978635207955508,0.04678967298745459,69
chr01,6928113,5.475382003395581e-05,0.016601940589595365,0.8978635207955508,0.04678967298745459,69
chr01,6928293,9.457236842105259e-05,0.050761865437876294,0.822418572283333,0.0849070907745124,70
chr01,6928336,9.457236842105259e-05,0.050761865437876294,0.822418572283333,0.0849070907745124,70
chr01,6928384,9.457236842105259e-05,0.050761865437876294,0.822418572283333,0.0849070907745124,70
chr01,6945738,5.475382003395581e-05,0.016601940589595365,0.8978635207955508,0.04678967298745459,69
chr01,6950473,-5.475382003395581e-05,0.016601940589595365,0.8978635207955508,0.04678967298745459,69
chr01,6953669,-5.475382003395581e-05,0.016601940589595365,0.8978635207955508,0.04678967298745459,69
chr01,6980495,1.7473118279569987e-05,0.0016727905877850769,0.9675011776749067,0.014348497670909193,67
chr01,6980535,1.7473118279569987e-05,0.0016727905877850769,0.9675011776749067,0.014348497670909193,67
chr01,6993528,-0.00016089527027027037,0.14436107802949288,0.7051852022442201,0.1516968096045756,69
chr01,6996386,0.0001961805555555556,0.2104229987812873,0.6479431261806019,0.1884631130644837,68
chr01,7001122,-0.00010707885304659512,0.06078510459649993,0.8060362951257704,0.09364540184510213,67
chr01,7001246,-0.00016089527027027037,0.14436107802949288,0.7051852022442201,0.1516968096045756,69
chr01,7047321,0.00013175675675675672,0.09673891684536934,0.7567443625435692,0.12105080568733173,69
chr01,7091993,-4.284274193548395e-05,0.008891147560125339,0.9251855539993084,0.033771156994550404,63
chr01,7101501,-0.00016636029411764717,0.1480929929270504,0.7016403571124123,0.1538854390730888,66
chr01,7121045,2.45098039215687e-05,0.003192235055652111,0.9551169219485725,0.019943460406946657,67
chr01,7128077,-4.4117647058823614e-05,0.011187018397401941,0.9160966861826222,0.03805868783907797,66
chr01,7141794,3.9314516129032115e-05,0.00785896103757496,0.9296498597246632,0.03168059190016982,63
chr01,7149808,-9.677419354838712e-05,0.04362931243435349,0.8352523167292903,0.07818231109078709,62
chr01,7149814,-9.677419354838712e-05,0.04362931243435349,0.8352523167292903,0.07818231109078709,62
chr01,7194814,7.352941176470585e-05,0.030878212696395162,0.8610346079105984,0.06497939242259945,70
chr01,7194861,-7.352941176470586e-05,0.030878212696395162,0.8610346079105984,0.06497939242259945,70
chr01,7195241,3.7815126050420376e-05,0.007998471933720127,0.9290036729018437,0.03198256897960897,69
chr01,7201067,-7.352941176470586e-05,0.030878212696395162,0.8610346079105984,0.06497939242259945,70
chr01,7208505,-0.00014393939393939406,0.11795065192195504,0.7323432678626833,0.1352853063808369,69
chr01,7208726,0.00016935483870967745,0.15503170222086626,0.6950611982175245,0.15797695529754505,67
chr01,7219371,-0.00010937499999999996,0.0620993715746744,0.8040060779694712,0.09474066814380593,66
chr01,7219408,-0.00010937499999999996,0.0620993715746744,0.8040060779694712,0.09474066814380593,66
chr01,7246074,3.9826839826839814e-05,0.00868003070852358,0.9260533848877532,0.03336397649961988,68
chr01,7260433,-0.00012147177419354838,0.07504842059419833,0.7850488356310965,0.10510332620326346,63
chr01,7260478,-0.00012147177419354838,0.07504842059419833,0.7850488356310965,0.10510332620326346,63
chr01,7329338,-0.0001155844155844155,0.0730815168707082,0.787745388222837,0.10361413068044505,68
chr01,7338891,5.347593582887706e-05,0.01518230444024106,0.902315873459018,0.04464140249599668,67
chr01,7338905,5.347593582887706e-05,0.01518230444024106,0.902315873459018,0.04464140249599668,67
chr01,7491240,-4.084967320261433e-05,0.009527321556069338,0.922530707784501,0.035019168800988786,70
chr01,7491461,7.828282828282813e-05,0.03420326685900164,0.853833805866803,0.06862665415756025,69
chr01,7502036,-5.803571428571384e-06,0.00017969409015500978,0.9893457359876046,0.004651913668048749,67
chr01,7522215,-0.0002279860505666956,0.2813165233456594,0.5976197081684544,0.22357508889065664,68
chr01,7522295,-0.0001910016977928694,0.20099442575459397,0.6553658748446594,0.1835161762470561,69
chr01,7565985,-0.00025694444444444424,0.3622753170520443,0.5493074202076822,0.2601845343602445,68
chr01,7569397,-0.0002484848484848484,0.33496339056504826,0.5647209331842452,0.24816611345329662,68
chr01,7569440,-0.0002484848484848484,0.33496339056504826,0.5647209331842452,0.24816611345329662,68
chr01,7584658,-0.0003158143939393938,0.536057847107071,0.4667861871832055,0.3308820037810572,65
chr01,7603852,-0.00042282196969696957,0.9257862684082986,0.33963887904877665,0.468982601143387,65
chr01,7626037,-0.0003380355276907002,0.5537919868313425,0.4596770400766659,0.3375471878246946,62
chr01,7722772,0.00024172794117647046,0.3111229277610288,0.5789378568837151,0.23736805088552643,66
chr01,7723094,-0.00029663865546218464,0.49533370283999134,0.4839965223976498,0.31515775882859753,69
chr01,7754520,0.0002571428571428571,0.37988826815642895,0.5397209738757481,0.26783070466683767,70
chr01,7760158,-0.00021517857142857121,0.24796683113212173,0.6201909891413129,0.2074745479900724,67
chr01,7770667,0.0001363636363636361,0.10389220888198222,0.7482115235290634,0.12597560732927987,69
chr01,7770724,0.0001363636363636361,0.10389220888198222,0.7482115235290634,0.12597560732927987,69
chr01,7802540,-0.0002538902538902538,0.36907096319456395,0.5455345917500642,0.2631777060658024,70
chr01,7804970,0.00026478040540540526,0.3893166774483995,0.5347775231773774,0.27182685452369043,69
chr01,7805088,-0.00022798605056669567,0.2813165233456594,0.5976197081684544,0.22357508889065664,68
chr01,7823330,0.0002538902538902538,0.36907096319456395,0.5455345917500642,0.2631777060658024,70
chr01,7823335,0.0002538902538902538,0.36907096319456395,0.5455345917500642,0.2631777060658024,70
chr01,7823338,0.0002538902538902538,0.36907096319456395,0.5455345917500642,0.2631777060658024,70
chr01,7823359,0.000265151515151515,0.39181037157737775,0.5334759697661601,0.27288513843819806,69
chr01,7925030,-0.0003593749999999999,0.6435921228992694,0.42563267136234906,0.3709650431946803,61
chr01,7978480,-0.00023571428571428555,0.2950885246935783,0.5888949413021589,0.22996217632049795,65
chr01,7997169,0.00044151785714285707,1.089417967559307,0.3004665672409131,0.5222038446946992,67
chr01,8004034,-0.0004258804258804259,1.048792535612473,0.3094148138437471,0.5094588974350264,70
chr01,8008297,-0.0004696691176470586,1.172523656581414,0.28294616247383403,0.5482961919132792,66
chr01,8008474,-0.0005129464285714283,1.424373096135077,0.23702281018689283,0.62520985710547,67
chr01,8008820,-0.0003560606060606059,0.7362881547898323,0.39391177024536994,0.4046010420996081,69
chr01,8022953,0.0004542284219703574,1.1247809468320469,0.2927570320622596,0.5334926643199651,68
chr01,8028059,-0.0004258804258804259,1.048792535612473,0.3094148138437471,0.5094588974350264,70
chr01,8028069,-0.00036148648648648635,0.7483773091576034,0.39007743053804367,0.4088491767744488,69
chr01,8065425,0.0007321428571428569,2.880121591746495,0.09469440924729641,1.0236756609621216,64
chr01,8097357,-0.0007310810810810808,3.0319620189785024,0.08637047121080774,1.0636347110182638,67
chr01,8097394,-0.0007596525096525094,3.109246203807323,0.08269812812161187,1.082504320624663,65
chr01,8097528,-0.0007477477477477474,3.195485636603021,0.07850348961540461,1.105111037687487,67
chr01,8097722,0.0007692307692307689,3.4166144919981627,0.06895671278078133,1.1614234498398812,69
chr01,8125775,0.00071668219944082,2.81011731522604,0.09855034085224233,1.0063418693044568,66
chr01,8147787,-0.0009642857142857137,5.044925464570128,0.02833056818877057,1.5477447153216652,63
chr01,8147932,-0.0007050084889643464,2.852926591860569,0.09585684577108365,1.0183768658381898,69
chr01,8187373,0.0007259528130671504,2.854140912504523,0.0959305484915977,1.0180430724049012,67
chr01,8230276,0.0006790540540540538,2.479939619048805,0.12031555770119333,0.9196782115053793,65
chr01,8243575,0.0007858974358974356,3.6015076637020393,0.062036787277591404,1.2073507012475677,69
chr01,8286119,0.0006523769100169781,2.5152710907412996,0.11745705562699249,0.930120890101073,69
chr01,8288390,0.0006790540540540539,2.479939619048805,0.12031555770119333,0.9196782115053793,65
chr01,8288481,0.0006790540540540539,2.479939619048805,0.12031555770119333,0.9196782115053793,65
chr01,8288484,0.0006790540540540539,2.479939619048805,0.12031555770119333,0.9196782115053793,65
chr01,8288508,0.0006790540540540539,2.479939619048805,0.12031555770119333,0.9196782115053793,65
chr01,8306217,0.0006602564102564101,2.466320707776927,0.12102088305074915,0.9171396824838385,69
chr01,8306295,0.0006602564102564101,2.466320707776927,0.12102088305074915,0.9171396824838385,69
chr01,8313270,-0.000654288240495137,2.376252934680527,0.12797403388759154,0.8928781403780033,68
chr01,8348070,-0.0006858974358974359,2.69080363889183,0.10561587006347463,0.976270818893644,69
chr01,8348190,-0.0006858974358974359,2.69080363889183,0.10561587006347463,0.976270818893644,69
chr01,8351473,0.0005833333333333335,1.9820644046701283,0.16379610885622647,0.7856964195618131,69
chr01,8358357,0.0006567460317460316,2.262318089533793,0.13763283411683974,0.8612779470982539,64
chr01,8363471,0.0009155982905982904,4.441690523806118,0.039258925792787745,1.4060615877886657,62
chr01,8371337,-0.0007168784029038111,2.9988764147109785,0.08806602616853888,1.055191600023449,67
chr01,8371353,-0.0006860902255639094,2.6620484197833933,0.10767982565953721,0.9678656562698221,66
chr01,8371373,-0.000662280701754386,2.611963406345216,0.11083084366133801,0.955339360836512,68
chr01,8417102,0.0008610641891891891,4.360590784058599,0.04058358284009265,1.3916496147941648,69
chr01,8431155,0.0008499034749034748,3.8539037047915636,0.05404847988184602,1.2672165161086324,65
chr01,8504560,-0.0010456221198156682,6.588612820243325,0.012612346448413934,1.8992041081296582,66
chr01,8544384,-0.0007843137254901955,3.7028843699480953,0.058504291194319616,1.2328122779577415,70
chr01,8549576,-0.0007666666666666668,3.4820301733516983,0.06648299860479645,1.1772894006537358,68
chr01,8573307,-0.0006911764705882352,2.6989892258136305,0.10516820953074356,0.9781155198009368,68
chr01,8584568,-0.000644957983193277,2.482251697312511,0.11984778549777135,0.9213699862860086,69
chr01,8584604,-0.0007142857142857143,3.0455034037979365,0.08547847353389386,1.0681432420265222,70
chr01,8584610,-0.000644957983193277,2.482251697312511,0.11984778549777135,0.9213699862860086,69
chr01,8584639,-0.000644957983193277,2.482251697312511,0.11984778549777135,0.9213699862860086,69
chr01,8620563,-0.000795066413662239,3.503811940468721,0.06587148629130073,1.1813025372442596,65
chr01,8632375,0.0007794117647058824,3.4706278782432927,0.06691839504274358,1.1744544836157806,68
chr01,8707204,-0.0008693181818181815,4.220110932529551,0.044101698764146866,1.3555446815143428,65
chr01,8728601,0.0007352941176470588,3.2981530343007988,0.07389982174466499,1.1313566091748866,68
chr01,8860718,-0.0006881313131313131,2.7499491138486003,0.10193252316247023,0.9916872254497724,69
chr01,8891511,0.000676916221033868,2.530513388852557,0.11651617664364024,0.9336137747293366,67
chr01,8912293,0.0006123737373737374,2.1612998071981675,0.1462055807894908,0.8350360496775941,69
chr01,8916567,0.0006413398692810455,2.4320395688954455,0.12352043812618238,0.9082611765659335,70
chr01,8916763,-0.0006729797979797982,2.612646474368531,0.11071402347841829,0.9557973661712696,69
chr01,8916766,-0.0006729797979797982,2.612646474368531,0.11071402347841829,0.9557973661712696,69
chr01,8924806,-0.0007260416666666667,2.6089702411229916,0.11150764776707946,0.9526953454486444,62
chr01,8924838,-0.0007260416666666667,2.6089702411229916,0.11150764776707946,0.9526953454486444,62
chr01,9028813,0.0005017825311942959,1.444292659906301,0.23380628296452868,0.631143822429262,67
chr01,9075663,-0.0005213600697471664,1.5348867154470642,0.2197684976612694,0.6580345606495235,68
chr01,9075749,-0.0005213600697471664,1.5348867154470642,0.2197684976612694,0.6580345606495235,68
chr01,9131130,0.0004983660130718951,1.448040554383637,0.23301532769717165,0.6326155102385396,70
chr01,9151688,0.0006279560810810809,2.2505978963667093,0.13826063270783104,0.8593014600321263,69
chr01,9164490,0.0007753694581280785,3.331345964860639,0.0727889380991651,1.1379346163946578,64
chr01,9174375,0.0006824884792626727,2.6004855396994033,0.11175174287152961,0.9517456949200929,66
chr01,9177366,0.0007565789473684211,3.4090866013381556,0.0691906967653352,1.159952295934783,70
chr01,9177452,0.0007565789473684211,3.4090866013381556,0.0691906967653352,1.159952295934783,70
chr01,9192007,-0.0007916666666666663,3.5844741988867126,0.0627071135999835,1.2026831892812535,68
chr01,9234479,-0.0006846349745331068,2.8780961734419646,0.09443393719885268,1.0248719030588331,69
chr01,9241098,-0.000716589861751152,2.8635738198279364,0.09546961098579057,1.0201348470702574,66
chr01,9246973,-0.0007898981324278436,3.6127221029801184,0.06164216315449234,1.2101221293699753,69
chr01,9252411,0.0007144120247568525,2.852778970232705,0.0959356337847933,1.0180200509975013,68
chr01,9275351,-0.0008819819819819816,4.472447696008326,0.03828455598057337,1.4169763854331765,67
chr01,9287568,0.0007733664185277087,3.5484580518289377,0.06387724004930327,1.1946538567360006,70
chr01,9300640,-0.0007733664185277087,3.5484580518289377,0.06387724004930327,1.1946538567360006,70
chr01,9377708,-0.0008836805555555552,4.694085198983298,0.03388202773776305,1.4700306063410644,68
chr01,9377823,-0.0009138888888888886,4.669463095165077,0.03445238563768849,1.4627807002175437,66
chr01,9397161,0.0011257309941520466,7.850075447747713,0.0067426870063641686,2.171166999683261,65
chr01,9397207,0.0011257309941520466,7.850075447747713,0.0067426870063641686,2.171166999683261,65
chr01,9397225,-0.001145299145299145,8.313804928161124,0.005352723137914116,2.271425219307715,66
chr01,9397285,0.0011452991452991451,8.313804928161124,0.005352723137914116,2.271425219307715,66
chr01,9407647,0.0010679802955665023,6.384526293354859,0.014077894622669286,1.8514622899471285,64
chr01,9428034,-0.0011765873015873013,7.768889291150937,0.007046294446136377,2.152039212749951,64
chr01,9434412,0.0011567460317460317,7.6222409183242315,0.007573283911555546,2.1207157617927512,64
chr01,9439774,-0.001080701754385965,7.255374950858963,0.008953404517723739,2.0480117934980915,68
chr01,9466626,0.0010904007455731595,6.7791133334261815,0.011451604982960361,1.9411336411498596,66
chr01,9466654,0.0010904007455731595,6.7791133334261815,0.011451604982960361,1.9411336411498596,66
chr01,9466820,0.00106515444015444,6.2605199706094,0.014954389985260857,1.8252312978742815,65
chr01,9478906,-0.0010038200339558573,6.2775483189085675,0.014664354294895904,1.833737055243092,69
chr01,9516454,0.0008893939393939393,4.5209195710842,0.037537770823880046,1.4255315214758162,63
chr01,9516496,0.0008893939393939393,4.5209195710842,0.037537770823880046,1.4255315214758162,63
chr01,9555969,-0.0010328185328185328,5.900252603749147,0.018003250982464896,1.7446490639933405,65
chr01,9584705,-0.0010150309460654286,6.0239996875170405,0.01675784378601314,1.7757818623214081,68
chr01,9614320,-0.0009711206896551725,5.568731073414187,0.021204866679021994,1.6735644537275958,69
chr01,9614326,-0.000995833333333333,6.043431110640879,0.016510372444734075,1.7822431297130752,70
chr01,9625578,-0.000995833333333333,6.043431110640879,0.016510372444734075,1.7822431297130752,70
chr01,9628359,-0.0009764065335753175,5.603553669488979,0.02091145066499372,1.6796158383469053,67
chr01,9628383,-0.0009664492078285179,5.346983351182862,0.023986083430558528,1.6200406600504391,66
chr01,9629227,0.000995833333333333,6.043431110640879,0.016510372444734075,1.7822431297130752,70
chr01,9680261,-0.0010444078947368421,6.805324768961746,0.011165419382255095,1.952124959831363,70
chr01,9698168,-0.0010736704446381862,7.28284407342398,0.008831155749363294,2.053982455796735,68
chr01,9698271,-0.0010736704446381862,7.28284407342398,0.008831155749363294,2.053982455796735,68
chr01,9714835,0.0010444078947368424,6.805324768961772,0.011165419382255046,1.952124959831365,70
chr01,9715036,0.0010212224108658743,6.318306707147917,0.014360025607566045,1.8428447856358694,69
chr01,9780646,-0.0009205128205128204,5.09494024158261,0.027260610929688074,1.5644644155439242,69
chr01,9897171,-0.0006990131578947366,2.8888478595007303,0.09376512723165069,1.0279586527388298,70
chr01,9897214,-0.0006990131578947366,2.8888478595007303,0.09376512723165069,1.0279586527388298,70
chr01,9901996,-0.0006990131578947366,2.8888478595007303,0.09376512723165069,1.0279586527388298,70
chr01,9901997,-0.0006990131578947366,2.8888478595007303,0.09376512723165069,1.0279586527388298,70
chr01,9953575,-0.0006990131578947366,2.8888478595007303,0.09376512723165069,1.0279586527388298,70
chr01,9969187,0.0005571428571428571,1.6994312941899758,0.19710610306483103,0.705299928301258,65
chr01,9977282,-0.0006121212121212121,1.8948682636873133,0.1736857093404908,0.7602359133311768,63
chr01,9977298,-0.0006121212121212121,1.8948682636873133,0.1736857093404908,0.7602359133311768,63
chr01,10050044,0.0004258804258804259,1.048792535612473,0.3094148138437471,0.5094588974350264,70
chr01,10050059,-0.0004258804258804259,1.048792535612473,0.3094148138437471,0.5094588974350264,70
chr01,10156881,-0.0002398648648648647,0.3310261755576529,0.566982769264389,0.24643013921485735,69
chr01,10185940,0.00021491228070175442,0.2622325894810427,0.6102998254851235,0.21445675422964108,68
chr01,10185946,0.00021491228070175442,0.2622325894810427,0.6102998254851235,0.21445675422964108,68
chr01,10230006,0.0003166666666666666,0.5658959404320055,0.45449053721420585,0.34247515463879297,70
chr01,10230013,-0.00031666666666666654,0.5658959404320055,0.45449053721420585,0.34247515463879297,70
chr01,10244168,-0.0004323593073593072,0.8854149890835957,0.3505596488133367,0.45523807485441736,61
chr01,10244198,-0.00042121848739495784,0.8656733318373123,0.35588441111082014,0.44869103508360925,62
chr01,10244677,-0.00022499999999999967,0.27528220066867365,0.6015681582672551,0.22071515954208495,68
chr01,10313380,-0.0002982758620689654,0.4858237809663011,0.4882076221855205,0.3113954444041426,69
chr01,10321578,-0.00031296296296296286,0.5053793356525228,0.47968921385510965,0.31904004683715076,67
chr01,10394012,-0.0002674023769100168,0.39822321848784353,0.5301552210723894,0.2755969572186132,69
chr01,10420364,-0.0003353174603174601,0.571181675552089,0.45265160912853164,0.34423593141985365,64
chr01,10486902,1.7361111111110949e-06,1.6915170165349215e-05,0.9967308713463359,0.0014220903015830138,68
chr01,10489689,-0.0002049107142857141,0.2231945973935997,0.6381988974606386,0.19504395042012407,67
chr01,10516511,-0.00011402027027027014,0.07185296714226024,0.7894812737321639,0.10265816687321692,69
chr01,10545704,0.000273692810457516,0.43032768974542424,0.5140417803153037,0.2890015809600257,70
chr01,10561506,0.0002749554367201426,0.413924244865226,0.5222478268841496,0.28212335847869435,67
chr01,10561601,0.0003088235294117646,0.5347811707639714,0.4671921382499338,0.330504473993686,68
chr01,10638184,0.00014285714285714276,0.1167983510821018,0.7335871477658289,0.13454828598481128,70
chr01,10682142,-0.00022077922077922067,0.26994514483688137,0.6051067367288614,0.21816801198595867,68
chr01,10744673,-0.00014285714285714276,0.1167983510821018,0.7335871477658289,0.13454828598481128,70
chr01,10748216,-0.00010389610389610377,0.058584973176293645,0.8094971033989942,0.0917847009317116,68
chr01,10763542,-0.00031709558823529385,0.5442007747659942,0.46339324249622027,0.3340503036664599,66
chr01,10858351,-2.9411764705882272e-05,0.0046541382174513065,0.9458222107068234,0.024190491680125728,66
chr01,10858382,-2.9411764705882272e-05,0.0046541382174513065,0.9458222107068234,0.024190491680125728,66
chr01,10872366,-0.0002370071684587814,0.3057440138581391,0.5822004051099781,0.23492749670386068,67
chr01,10891779,-4.9910873440285276e-05,0.014443680910859106,0.9047097948240749,0.04349070777657117,67
chr01,10891825,-4.9910873440285276e-05,0.014443680910859106,0.9047097948240749,0.04349070777657117,67
chr01,10917515,-1.7077798861480133e-05,0.0015824415044356761,0.9683943861354425,0.013947736865028338,65
chr01,10918352,-0.00020357142857142837,0.1983177081926193,0.6576586025940302,0.18199949466319215,63
chr01,10932849,0.00012894736842105242,0.08911993599234377,0.7662368579733693,0.11563696116337173,68
chr01,11073471,-5.475382003395581e-05,0.016601940589595365,0.8978635207955508,0.04678967298745459,69
chr01,11073507,5.475382003395581e-05,0.016601940589595365,0.8978635207955508,0.04678967298745459,69
chr01,11073926,4.741379310344839e-05,0.01064031156334577,0.9181922453175307,0.03706637943105975,61
chr01,11102212,-3.993055555555565e-05,0.009112978856187098,0.9242371893477057,0.034216560375259934,68
chr01,11103191,-7.149084568439404e-05,0.027533779109583625,0.8687168942679062,0.06112173251489012,68
chr01,11103468,-3.584229390681051e-06,6.796737043393163e-05,0.9934473797046739,0.002855131381654094,67
chr01,11103477,3.584229390681051e-06,6.796737043393163e-05,0.9934473797046739,0.002855131381654094,67
chr01,11119532,-0.00010675675675675667,0.062177942353301006,0.803872452236579,0.0948128538437562,67
chr01,11119538,-0.00010675675675675667,0.062177942353301006,0.803872452236579,0.0948128538437562,67
chr01,11119556,-0.00010675675675675667,0.062177942353301006,0.803872452236579,0.0948128538437562,67
chr01,11119615,6.320836965998258e-05,0.022334094686710857,0.8816574832353208,0.05470010197907759,68
chr01,11161920,-8.458646616541354e-05,0.03766842888645267,0.8467251759163391,0.07225752703714078,66
chr01,11185305,-0.00010752688172043003,0.06525719010216868,0.7991429070717913,0.0973755508448515,70
chr01,11185847,-0.0003678947368421052,0.6626158932380596,0.41880428844565687,0.37798887990926694,63
chr01,11228673,-0.000183991683991684,0.1613653600344102,0.6893065106918616,0.16158761945417352,63
chr01,11228674,-0.000183991683991684,0.1613653600344102,0.6893065106918616,0.16158761945417352,63
chr01,11272754,-0.00010752688172043003,0.06525719010216868,0.7991429070717913,0.0973755508448515,70
chr01,11273840,2.530364372469638e-05,0.003574248439321585,0.9525191482868419,0.021126285036358355,64
chr01,11277599,7.342342342342334e-05,0.02916508223349665,0.8649289223803549,0.06301958026503028,67
chr01,11277701,-7.98245614035088e-05,0.035409491692070284,0.8513175525489193,0.06990841218903038,68
chr01,11280259,-0.00010752688172043003,0.06525719010216868,0.7991429070717913,0.0973755508448515,70
chr01,11280262,-3.735144312393884e-05,0.00794782883198165,0.9292281843079414,0.031877626138500426,69
chr01,11280265,-3.735144312393884e-05,0.00794782883198165,0.9292281843079414,0.031877626138500426,69
chr01,11304054,3.50877192982462e-06,6.83729516603366e-05,0.9934274755557785,0.0028638327470266144,68
chr01,11305984,-0.000142468239564428,0.1108853825993316,0.740210069654345,0.13064501115448365,67
chr01,11345233,0.0004626373626373627,1.1321926616569893,0.2916436675651986,0.5351474489317125,61
chr01,11359110,0.00026342592592592585,0.35985698651330406,0.5506712690277155,0.2591075820046915,67
chr01,11401335,0.00012912087912087916,0.08946936506878123,0.7658071249146455,0.11588059738148852,67
chr01,11401419,5.416666666666684e-05,0.01642486254253844,0.8984010096382731,0.046529768678828895,70
chr01,11441819,1.6666666666666644e-05,0.0015746835717655985,0.9684644361348117,0.013916322775527502,69
chr01,11441912,5.416666666666684e-05,0.01642486254253844,0.8984010096382731,0.046529768678828895,70
chr01,11443689,-5.4166666666666664e-05,0.01642486254253844,0.8984010096382731,0.046529768678828895,70
chr01,11447939,6.50862068965518e-05,0.022925743762263816,0.8801053148940666,0.055465356326283424,69
chr01,11487288,0.00016381766381766397,0.1431266406973439,0.7064442905949184,0.1509220804412671,66
chr01,11516164,-3.333333333333348e-05,0.006171229472295831,0.9376225433695601,0.02797195940692964,68
chr01,11542476,0.00029181034482758607,0.46386834266287885,0.4981688869277121,0.30262339975726693,69
chr01,11542589,0.0002517857142857143,0.33540201203478825,0.5644668274946808,0.24836157554472865,68
chr01,11675624,-2.843803056027157e-05,0.004443365771382339,0.9470520274313692,0.02362616185660828,69
chr01,11706459,-2.5806451612903205e-05,0.0034176493362093052,0.9535638466162553,0.020650223116324473,66
chr01,11767703,8.572635135135135e-05,0.04122986908283788,0.8397102575436971,0.07587054162492131,69
chr01,11767724,8.572635135135135e-05,0.04122986908283788,0.8397102575436971,0.07587054162492131,69
chr01,11767762,8.572635135135135e-05,0.04122986908283788,0.8397102575436971,0.07587054162492131,69
chr01,11798869,9.154315605928611e-06,0.00045163358969669203,0.9831090139874812,0.007398321895036121,68
chr01,11811724,0.00016424116424116426,0.13351464904712612,0.7160793892037097,0.14503882632094384,63
chr01,11811896,-0.00016424116424116426,0.13351464904712612,0.7160793892037097,0.14503882632094384,63
chr01,11815938,-5.277777777777785e-05,0.014442536470466977,0.9047193318949026,0.04348612965060549,66
chr01,11822703,-0.0001058429118773945,0.05661658208939183,0.8126979559621236,0.09007083255120144,65
chr01,11828615,-2.4570024570024584e-05,0.0034379550234590064,0.9534155364076233,0.02071777529431026,70
chr01,11902056,7.682512733446511e-05,0.03266329725275027,0.8571251649439413,0.06695575395155152,69
chr01,11905265,2.2667829119442023e-05,0.0027753731787080065,0.9581445638385979,0.018568960085536632,68
chr01,11925713,7.657657657657541e-06,0.0003112998394813916,0.985977148544618,0.0061331503488289,67
chr01,11939262,-6.153846153846137e-05,0.02081184083299154,0.8857257798769254,0.05270071459130471,69
chr01,11939430,-6.153846153846137e-05,0.02081184083299154,0.8857257798769254,0.05270071459130471,69
chr01,11952099,2.9824561403508738e-05,0.004795527593516888,0.9450002117354092,0.024568094183319573,68
chr01,11968696,9.664246823956449e-05,0.04948936333246451,0.8246517581416908,0.08372941077901398,67
chr01,11995716,5.952380952381068e-06,0.00017889294123077384,0.9893714897716879,0.004640608640558677,64
chr01,12026882,8.468468468468452e-05,0.037708845873874686,0.8466345688867711,0.07230400284728253,67
chr01,12026917,8.468468468468452e-05,0.037708845873874686,0.8466345688867711,0.07230400284728253,67
chr01,12026918,8.468468468468452e-05,0.037708845873874686,0.8466345688867711,0.07230400284728253,67
chr01,12027194,2.6315789473683224e-06,3.709419790542156e-05,0.9951588857035288,0.002107574856761177,68
chr01,12027210,2.6315789473683224e-06,3.709419790542156e-05,0.9951588857035288,0.002107574856761177,68
chr01,12037878,2.702702702702799e-06,4.054056582569093e-05,0.9949392872478738,0.0022034197745735336,67
chr01,12038367,7.692307692307634e-06,0.0003253706554518857,0.9856621210696532,0.006271933033164629,69
chr01,12051702,4.962779156327538e-05,0.013890449294754019,0.9065278127020414,0.04261886700396257,70
chr01,12051758,4.962779156327538e-05,0.013890449294754019,0.9065278127020414,0.04261886700396257,70
chr01,12068868,-2.122241086587448e-05,0.0025655960886038975,0.9597537591944308,0.017840178148613814,69
chr01,12085996,6.315789473684214e-05,0.022160251447970448,0.8821155017366841,0.05447454584014392,68
chr01,12086018,6.315789473684214e-05,0.022160251447970448,0.8821155017366841,0.05447454584014392,68
chr01,12140449,-2.122241086587448e-05,0.0025655960886038975,0.9597537591944308,0.017840178148613814,69
chr01,12196245,8.310749774164405e-05,0.03726850288995249,0.8475122537956333,0.07185401381236894,68
chr01,12196479,3.6149825783972245e-05,0.007255014051193229,0.9323751905516318,0.030409291082256876,69
chr01,12198146,-0.00016025641025641028,0.12738801986444484,0.722348489260455,0.14125323117123553,65
chr01,12198551,-0.00015333333333333353,0.11529704319684347,0.7353398466624994,0.13351189980172654,64
chr01,12198568,-0.00015333333333333353,0.11529704319684347,0.7353398466624994,0.13351189980172654,64
chr01,12241450,-5.555555555555541e-05,0.016578296217744586,0.8979358705190286,0.04675467900556261,69
chr01,12241559,-4.66666666666668e-05,0.01101092597961208,0.9167521414473754,0.037748066894829325,67
chr01,12306139,-0.00015179487179487182,0.11430518371678493,0.7364371577068956,0.13286430683295541,64
chr01,12326133,-0.00010846560846560859,0.06275970633715457,0.802952745302291,0.09531001270180757,69
chr01,12355785,5.863039399624785e-05,0.017339848307378933,0.8956434775721603,0.0478648324541412,67
chr01,12359381,3.622540250447238e-05,0.006895885721691594,0.9340661692513568,0.02962235725721994,69
chr01,12363159,-1.2919896640826648e-05,0.0009038730962171619,0.9761036926351485,0.010504044272639318,70
chr01,12363266,-1.2919896640826648e-05,0.0009038730962171619,0.9761036926351485,0.010504044272639318,70
chr01,12363418,3.622540250447238e-05,0.006895885721691594,0.9340661692513568,0.02962235725721994,69
chr01,12363419,3.622540250447238e-05,0.006895885721691594,0.9340661692513568,0.02962235725721994,69
chr01,12384740,-1.2919896640826648e-05,0.0009038730962171619,0.9761036926351485,0.010504044272639318,70
chr01,12417317,-0.00030682926829268305,0.506020885427196,0.47945123759029884,0.31925555600600364,66
chr01,12434221,-7.767441860465116e-05,0.030978110938310235,0.860828157606418,0.06508353571452496,68
chr01,12486365,6.55594405594407e-05,0.022940050899925093,0.8800615189551718,0.05548696829422867,70
chr01,12493893,-0.0003033536585365854,0.48577868888368475,0.48838036822118513,0.3112418020256181,65
chr01,12493930,-0.0002458536585365854,0.3289185436462549,0.5683065020176461,0.24541737514613482,66
chr01,12493948,-0.0002458536585365854,0.3289185436462549,0.5683065020176461,0.24541737514613482,66
chr01,12530015,-0.00011863636363636361,0.07284124417141918,0.7880735269078873,0.10343326113901768,69
chr01,12611434,-0.00014744186046511631,0.11074511148660067,0.7403521832003959,0.13056163859932882,68
chr01,12611698,-0.00024585365853658543,0.30785046499610746,0.5809362435802249,0.23587152781731838,66
chr01,12617304,-0.00013581395348837225,0.09350437634638117,0.7607308914975819,0.11876894770641425,68
chr01,12649944,-1.944444444444434e-05,0.0019191299788213242,0.9651878497240415,0.015388153848846226,69
chr01,12650071,-7.111111111111081e-05,0.026542897396332768,0.8710646972774637,0.05994958709668747,70
chr01,12653963,-0.00016363636363636363,0.1387163561076612,0.7107360304413145,0.14829166763734297,69
chr01,12654034,-0.00016363636363636363,0.1387163561076612,0.7107360304413145,0.14829166763734297,69
chr01,12660499,0.00010232558139534878,0.054879054425508556,0.8155061643312337,0.08857275182183992,68
chr01,12661778,6.250000000000007e-05,0.019087926602377507,0.8905484880655894,0.050342429343877844,66
chr01,12689845,0.0001362179487179486,0.0891470304516833,0.7662790978704199,0.11561302072198192,63
chr01,12735413,-0.00024047619047619045,0.29365575316202536,0.5897401941020781,0.22933927160856055,67
chr01,12848587,0.0001928571428571429,0.18548093521378034,0.6681294872781718,0.17513936063726163,67
chr01,12851467,0.00014523809523809511,0.1097742245137406,0.7414671554233262,0.1299080820386125,67
chr01,12851507,0.00014523809523809511,0.1097742245137406,0.7414671554233262,0.1299080820386125,67
chr01,12930892,0.00017978533094812162,0.17026669150027998,0.6811923537476083,0.16673023555362054,69
chr01,12955242,0.00022394487510766557,0.27264887204933774,0.6032572928708778,0.2194974191341626,70
chr01,12955431,0.00019209302325581376,0.1869079988369985,0.666911926058559,0.17593151623689918,68
chr01,12993768,-2.4186046511627976e-05,0.0030635652714638044,0.9560272547132068,0.01952972654939187,68
chr01,13016943,-1.8633540372670922e-05,0.0016097950492417077,0.9681225421503327,0.01406966747324852,65
chr01,13016963,-1.8633540372670922e-05,0.0016097950492417077,0.9681225421503327,0.01406966747324852,65
chr01,13056378,-3.487179487179502e-05,0.006095934592030589,0.9380186626949175,0.027788520869559703,64
chr01,13122568,-8.201058201058206e-05,0.03690021462609541,0.8482493781575042,0.07147645005934158,69
chr01,13147722,0.0003414634146341464,0.5987604620738782,0.44194541196945747,0.35463137034438175,65
chr01,13160305,-0.00014950316169828372,0.11833494058366896,0.7319410227007701,0.13552391149285137,68
chr01,13162656,0.00012175925925925925,0.07702039904751311,0.7822574139383802,0.10665031208426895,67
chr01,13162664,0.00012175925925925925,0.07702039904751311,0.7822574139383802,0.10665031208426895,67
chr01,13202855,0.00015018315018315025,0.11688640065403746,0.7335225318251823,0.1345865412657549,68
chr01,13208439,-8.068783068783065e-05,0.03445016632482299,0.8533132934506563,0.06889148860233672,69
chr01,13217273,4.365079365079367e-05,0.010156411493144073,0.920026851831776,0.03619949718467261,69
chr01,13353605,-0.0003708333333333334,0.705353143744213,0.40397774694291344,0.39364255728066677,69
chr01,13388265,-0.000371376811594203,0.7176445327852079,0.3998893562580511,0.3980601552060952,70
chr01,13397811,-0.0003957960644007157,0.8333556059830594,0.3645772824171506,0.43821039664718825,69
chr01,13397915,-0.0003351648351648351,0.6030572028435681,0.44018821486649484,0.35636158896795944,68
chr01,13415361,0.0002593808630393997,0.34956501565821446,0.5564100382847934,0.2546050434313078,67
chr01,13471583,-0.00024150268336314856,0.30786039577674734,0.580843774823093,0.23594066082084655,69
chr01,13471715,-0.00022789473684210534,0.2915333914471548,0.5912053500280072,0.22826164450983336,63
chr01,13806665,0.0004289318755256522,1.0357986169674431,0.312408076390478,0.5052777472451871,70
chr01,13822518,0.0004289318755256522,1.0357986169674431,0.312408076390478,0.5052777472451871,70
chr01,13822816,-0.00041551724137931043,0.9492769479325959,0.3334080513795681,0.47702391672307726,69
chr01,13878919,0.0004953401677539609,1.356098409840991,0.2485373459139209,0.6046083437285926,66
chr01,13889977,-0.0006803713527851459,2.5734336996666953,0.1134466884844986,0.9452081766754663,68
chr01,13890116,-0.0006162687886825819,2.0957072093193734,0.15244702058117618,0.8168810590506425,68
chr01,13904108,-0.0005874999999999997,1.9882198779632265,0.16308488485125722,0.7875862886831277,70
chr01,13904164,-0.0005874999999999997,1.9882198779632265,0.16308488485125722,0.7875862886831277,70
chr01,13904423,-0.0005874999999999997,1.9882198779632265,0.16308488485125722,0.7875862886831277,70
chr01,13939666,-0.0005635135135135136,1.7634028367564605,0.18884508488201351,0.7238943141798408,67
chr01,13963530,0.000537179487179487,1.6522206875743637,0.2030823457070436,0.6923278289106187,69
chr01,13969760,-0.0005389036251105216,1.6067308777362252,0.20940591925356924,0.6790110463303908,68
chr01,14001697,0.00044220430107526885,1.0750732042664528,0.3036443039793123,0.5176348613339607,67
chr01,14001985,-0.00035617059891107086,0.7115628761976498,0.4020191410751468,0.39575326864335747,67
chr01,14121912,0.0006834291187739465,2.4306344257528947,0.12399447076829113,0.9065976807116353,65
chr01,14141834,0.00041550522648083635,0.9371098549876303,0.33650376839690954,0.4730100678892776,69
chr01,14148911,0.00019107142857142863,0.19273471780147233,0.6620841453312976,0.17908681187336087,68
chr01,14148959,0.00017536630036630031,0.15851894447178227,0.691828500733153,0.1600015506532886,67
chr01,14149022,0.00017536630036630031,0.15851894447178227,0.691828500733153,0.1600015506532886,67
chr01,14169783,0.00014367816091954017,0.11253217003574036,0.7383434983495814,0.1317415450453468,68
chr01,14170065,-0.00018333333333333334,0.188343844436857,0.665692932561855,0.1767260537824146,69
chr01,14233812,0.00027207207207207194,0.3938672613925497,0.5324721980894822,0.2737030630658136,67
chr01,14233831,-0.00027207207207207194,0.3938672613925497,0.5324721980894822,0.2737030630658136,67
chr01,14233883,0.00027207207207207194,0.3938672613925497,0.5324721980894822,0.2737030630658136,67
chr01,14233904,0.00027207207207207194,0.3938672613925497,0.5324721980894822,0.2737030630658136,67
chr01,14251062,0.000201188455008489,0.22484515067126015,0.636914434874706,0.19591890825770217,69
chr01,14268186,-0.00014642857142857133,0.10511430325806086,0.7468856289160787,0.1267458968907564,63
chr01,14277346,-0.0001442894507410637,0.11510177628255398,0.7354861202262313,0.13342551867545244,68
chr01,14308480,0.0001654259718775847,0.1546577571668535,0.6953536825937929,0.15779424098071354,70
chr01,14313528,-9.52380952380953e-05,0.04927331634837714,0.8250506151661341,0.08351940755544827,65
chr01,14321191,0.00014428945074106367,0.11510177628255398,0.7354861202262313,0.13342551867545244,68
chr01,14328568,-0.00015330848089468776,0.1250893466441783,0.7247413891060124,0.13981693593979364,66
chr01,14334310,-0.0002220077220077221,0.24775933437213493,0.6203902654408171,0.20733502533055537,65
chr01,14334327,-0.0002043650793650792,0.2045949396067329,0.6526159096519593,0.1853423430675529,64
chr01,14334483,0.0002220077220077221,0.24775933437213493,0.6203902654408171,0.20733502533055537,65
chr01,14335988,-0.00021111111111111095,0.23889146666631916,0.6266786305235044,0.20295511430586027,66
chr01,14340587,-0.00028471575023299156,0.43421570964373846,0.5122915107341113,0.29048284082847703,66
chr01,14366904,-0.00033912324234904875,0.6547179926594247,0.4212530996149827,0.37545689053430115,70
chr01,14366920,-0.00033912324234904875,0.6547179926594247,0.4212530996149827,0.37545689053430115,70
chr01,14366930,0.00033912324234904875,0.6547179926594247,0.4212530996149827,0.37545689053430115,70
chr01,14366940,-0.00033912324234904875,0.6547179926594247,0.4212530996149827,0.37545689053430115,70
chr01,14366958,0.00033912324234904875,0.6547179926594247,0.4212530996149827,0.37545689053430115,70
chr01,14371878,-0.0003505942275042444,0.6821709660345472,0.41177160477582664,0.385343605057367,69
chr01,14376451,0.0002974383301707779,0.468157256707429,0.49634543256902497,0.304215970196666,65
chr01,14377487,-0.00023323754789272017,0.2872793958107429,0.5938566598823958,0.22631836871311062,65
chr01,14474536,-0.0006754032258064513,2.3783033462606205,0.12820325797573526,0.8921009381330716,63
chr01,14477050,0.0006167557932263814,2.104638809432102,0.15166195457644205,0.8191233512487489,67
chr01,14477116,0.000557142857142857,1.7001189773749503,0.19687130935111558,0.7058175702934673,67
chr01,14477117,0.000557142857142857,1.7001189773749503,0.19687130935111558,0.7058175702934673,67
chr01,14477119,0.000557142857142857,1.7001189773749503,0.19687130935111558,0.7058175702934673,67
chr01,14477138,0.000557142857142857,1.7001189773749503,0.19687130935111558,0.7058175702934673,67
chr01,14477151,0.000557142857142857,1.7001189773749503,0.19687130935111558,0.7058175702934673,67
chr01,14512084,0.0005453629032258062,1.540889114323288,0.21923782668269737,0.6590845117649086,63
chr01,14512153,0.0005453629032258062,1.540889114323288,0.21923782668269737,0.6590845117649086,63
chr01,14548652,0.0004835858585858586,1.3210111347240996,0.25449706983455,0.5943172135708836,69
chr01,14579624,0.0005351043643263757,1.5572312587783483,0.2166894036163456,0.6641623257058765,65
chr01,14775776,0.000428498985801217,0.9944199455474064,0.3226039044587605,0.4913303806710713,63
chr01,14968061,0.00012436974789915956,0.08595521188339802,0.7702898252031671,0.1133458387184458,69
chr01,14968107,0.00018686868686868698,0.197028557680844,0.6585603551501684,0.18140441704614102,69
chr01,14975246,0.00015740740740740735,0.12048168068834814,0.7297073472543352,0.13685128091472903,63
chr01,14975473,0.00010912698412698392,0.05954089225939824,0.8080287158335748,0.09257320493523827,64
chr01,15002687,3.409090909090924e-05,0.0064533057882359204,0.9362123084994035,0.02862565344759374,69
chr01,15002719,3.409090909090924e-05,0.0064533057882359204,0.9362123084994035,0.02862565344759374,69
chr01,15015471,-6.578947368421043e-05,0.024555828398094243,0.8759432548512001,0.0575240272830901,70
chr01,15015693,-4.7297297297297265e-05,0.012380876956786017,0.9117353908807659,0.04013118684138166,69
chr01,15028742,1.759530791788855e-05,0.0015699441047378364,0.9685213869469073,0.013890784722388024,64
chr01,15044359,4.3074324324324234e-05,0.010326013629719666,0.9193641897341778,0.03651241651319013,69
chr01,15127607,-0.0001267361111111111,0.08705501177559573,0.7688811853022927,0.11414076625094689,68
chr01,15134545,-0.00010043290043290034,0.054905389939453056,0.8154627176905753,0.08859588976948272,68
chr01,15134553,-0.00010043290043290034,0.054905389939453056,0.8154627176905753,0.08859588976948272,68
chr01,15348742,6.160714285714287e-05,0.019985031810792423,0.8880161261472157,0.051579147472346175,67
chr01,15348743,6.160714285714287e-05,0.019985031810792423,0.8880161261472157,0.051579147472346175,67
chr01,15348787,6.160714285714287e-05,0.019985031810792423,0.8880161261472157,0.051579147472346175,67
chr01,15355140,-0.00011868686868686869,0.07874246574905189,0.7798735469649226,0.10797581052420765,69
chr01,15368043,8.190008190008188e-05,0.03821903780200033,0.8455869602562679,0.07284172287708844,70
chr01,15376330,3.125000000000046e-06,5.2134937133848006e-05,0.9942610775076406,0.002499561645837964,67
chr02,34602,0.00039631336405529966,0.8365463056826803,0.3638195659377088,0.4391139486197457,66
chr02,34662,0.00039631336405529966,0.8365463056826803,0.3638195659377088,0.4391139486197457,66
chr02,41239,0.00043407043407043427,1.0901714943200584,0.3001308672286451,0.5226893368720487,70
chr02,293525,0.00035663082437275987,0.6901553990158413,0.40915270921582214,0.38811456878560785,67
chr02,293547,0.00035663082437275987,0.6901553990158413,0.40915270921582214,0.38811456878560785,67
chr02,293575,0.00035663082437275987,0.6901553990158413,0.40915270921582214,0.38811456878560785,67
chr02,293599,0.00035663082437275987,0.6901553990158413,0.40915270921582214,0.38811456878560785,67
chr02,293658,0.0003206831119544592,0.5299626203113885,0.469319723633828,0.3285311937411863,65
chr02,293685,0.0003248847926267282,0.5601492717087402,0.4569417925846314,0.34013911890021925,66
chr02,293721,0.00035714285714285725,0.6579680276276977,0.42033219229597996,0.3764073470844844,65
chr02,293730,0.0003248847926267282,0.5601492717087402,0.4569417925846314,0.34013911890021925,66
chr02,293739,0.0003248847926267282,0.5601492717087402,0.4569417925846314,0.34013911890021925,66
chr02,293756,0.0003248847926267282,0.5601492717087402,0.4569417925846314,0.34013911890021925,66
chr02,298597,0.0004008658008658009,0.8839795277763067,0.3505424768470531,0.45525934904523474,68
chr02,298649,0.0004008658008658009,0.8839795277763067,0.3505424768470531,0.45525934904523474,68
chr02,298747,0.0004008658008658009,0.8839795277763067,0.3505424768470531,0.45525934904523474,68
chr02,298796,0.0004008658008658009,0.8839795277763067,0.3505424768470531,0.45525934904523474,68
chr02,298809,0.0004008658008658009,0.8839795277763067,0.3505424768470531,0.45525934904523474,68
chr02,365421,0.0007022058823529409,2.6868840309520885,0.10608453522112946,0.9743479220142599,66
chr02,479673,-0.0006410256410256411,2.33836652185081,0.13092968958080503,0.8829618617832338,69
chr02,479705,0.0006410256410256411,2.33836652185081,0.13092968958080503,0.8829618617832338,69
chr02,496658,-0.0005000000000000003,1.3137437515442976,0.25598544938182816,0.5917847199724281,66
chr02,605711,-0.0005872622001654262,2.001901522619707,0.16166514621136668,0.7913836006232869,70
chr02,605934,-0.0005602716468590834,1.784158032342413,0.1861593493423278,0.7301151476496165,69
chr02,605967,-0.0005602716468590834,1.784158032342413,0.1861593493423278,0.7301151476496165,69
chr02,613501,0.0005602716468590834,1.7841580323424133,0.1861593493423278,0.7301151476496165,69
chr02,613645,0.0005602716468590834,1.7841580323424133,0.1861593493423278,0.7301151476496165,69
chr02,626720,-0.0005689964157706096,1.7554283597829026,0.18983474496007025,0.7216242968431406,67
chr02,699643,-0.0005979729729729731,2.050617663867766,0.15679331910686167,0.8046724463508058,69
chr02,699656,-0.0005979729729729731,2.050617663867766,0.15679331910686167,0.8046724463508058,69
chr02,708343,-0.0005694444444444445,1.8183993575139672,0.1821132805159607,0.7396583823517475,68
chr02,749046,-0.000375,0.794466403162057,0.3759428074271194,0.4248782197214332,69
chr02,781760,-0.0003715277777777778,0.755152967559665,0.3879988559531792,0.41116955495722013,68
chr02,781800,-0.0003715277777777778,0.755152967559665,0.3879988559531792,0.41116955495722013,68
chr02,790959,-0.00045379250217959913,1.128784349329977,0.2919069005954613,0.5347556382935629,68
chr02,798479,-0.00039509803921568645,0.7993117066702567,0.3747567424503896,0.42625054478346663,64
chr02,798522,-0.00039509803921568645,0.7993117066702567,0.3747567424503896,0.42625054478346663,64
chr02,799153,-0.0003181818181818184,0.5228083550450023,0.47236514533624363,0.3257221553993192,64
chr02,815683,-0.0004522804054054055,1.1579398932112865,0.2857528316667696,0.5440094572715805,69
chr02,815747,-0.0004522804054054055,1.1579398932112865,0.2857528316667696,0.5440094572715805,69
chr02,815781,-0.0004522804054054055,1.1579398932112865,0.2857528316667696,0.5440094572715805,69
chr02,815782,-0.0004054054054054057,0.9489977163156527,0.3334273201483221,0.47699881811462735,70
chr02,815792,-0.0004054054054054057,0.9489977163156527,0.3334273201483221,0.47699881811462735,70
chr02,875975,-0.00043988816402609526,1.027827854151452,0.31448691539032353,0.5023974191916658,66
chr02,891708,-0.0002508223684210528,0.3586759207099217,0.5512325138694696,0.2586651739421512,70
chr02,891709,0.0002508223684210529,0.3586759207099217,0.5512325138694696,0.2586651739421512,70
chr02,999288,-0.00018686868686868706,0.19702855768084404,0.6585603551501684,0.18140441704614102,69
chr02,1030609,-0.00010780984719864189,0.06490034955669373,0.7996923020056264,0.09707708456616751,69
chr02,1059038,-5.4166666666666685e-05,0.01642486254253844,0.8984010096382731,0.046529768678828895,70
chr02,1062044,-5.4166666666666685e-05,0.01642486254253844,0.8984010096382731,0.046529768678828895,70
chr02,1070851,0.0001285714285714285,0.08704390508982451,0.768895500264752,0.11413268066964857,68
chr02,1070859,0.0001285714285714285,0.08704390508982451,0.768895500264752,0.11413268066964857,68
chr02,1070873,0.0001285714285714285,0.08704390508982451,0.768895500264752,0.11413268066964857,68
chr02,1125865,-0.00010000000000000013,0.05372520457563879,0.817420627451572,0.08755440714881868,68
chr02,1125880,-0.00011206896551724142,0.0652373615993676,0.7992082672037079,0.09734003231162736,67
chr02,1150692,-2.634099616858257e-05,0.0035942807228018904,0.9523833852574205,0.02118818965728856,65
chr02,1156677,-2.255639097744361e-05,0.0025659487244594215,0.9597580462197074,0.01783823824762843,66
chr02,1171577,-9.74358974358975e-05,0.05264163067827288,0.8192277594880651,0.0865953400740185,69
chr02,1201285,-0.0003438956197576889,0.6386735987525392,0.4271475431009255,0.36942208730120485,66
chr02,1220743,0.00023811544991511046,0.31538212094783746,0.5762698930020105,0.23937406937343247,69
chr02,1220758,0.00023811544991511046,0.31538212094783746,0.5762698930020105,0.23937406937343247,69
chr02,1225379,-0.00017499999999999997,0.15693112467305984,0.6934031120831744,0.15901421350523956,62
chr02,1225462,-0.00017499999999999997,0.15693112467305984,0.6934031120831744,0.15901421350523956,62
chr02,1254732,0.00023278116826503926,0.2934063738460972,0.5898698557456368,0.22924379711417814,68
chr02,1274986,-0.00019325657894736853,0.21247529217262273,0.6463051043160963,0.1895624141414448,70
chr02,1334890,-0.00010675675675675663,0.06265407134469607,0.8031386790238653,0.09520945804045126,67
chr02,1335591,-0.00020575414123801225,0.2308380370437433,0.632491863864944,0.19894505671544152,68
chr02,1335786,-0.00019325657894736853,0.21247529217262273,0.6463051043160963,0.1895624141414448,70
chr02,1335891,0.00019325657894736858,0.21247529217262273,0.6463051043160963,0.1895624141414448,70
chr02,1345013,-0.00011929824561403518,0.07681215850209387,0.7825310926369675,0.10649839743340923,68
chr02,1394126,0.00013386824324324324,0.10165434262542376,0.7508451725092173,0.12444960714640434,69
chr02,1394259,0.00017872711421098529,0.17720312877738037,0.6751555844897149,0.17059613576257981,68
chr02,1401153,-0.00023278116826503935,0.2934063738460973,0.5898698557456368,0.22924379711417814,68
chr02,1401199,-0.00023278116826503935,0.2934063738460973,0.5898698557456368,0.22924379711417814,68
chr02,1401271,-0.00023278116826503935,0.2934063738460973,0.5898698557456368,0.22924379711417814,68
chr02,1413221,0.00015301902398676606,0.1322856057197775,0.7172022986890336,0.14435832716010144,70
chr02,1451309,-0.0001209677419354839,0.08111235430997926,0.7766740793419421,0.10976118871260623,69
chr02,1469197,-0.0001976958525345623,0.20409087478300106,0.6529662025943803,0.18510929714241864,66
chr02,1546271,0.00012813620071684602,0.08892118030484575,0.766504302397528,0.11548540310280711,67
chr02,1547180,-0.00020128676470588229,0.20938492074455073,0.6487996095983805,0.1878894201244591,66
chr02,1547209,-0.00020128676470588229,0.20938492074455073,0.6487996095983805,0.1878894201244591,66
chr02,1547287,0.00016176470588235304,0.14243926800556728,0.7070789134018465,0.15053211414870404,68
chr02,1555265,-0.0001880952380952381,0.17938923809658344,0.6733411776774139,0.17176482576486427,65
chr02,1593592,-0.0003055555555555557,0.5013128324488645,0.4814551481969721,0.31744416502510747,67
chr02,1621844,-0.00024494949494949497,0.3392559330489328,0.5622141113700283,0.25009825795799234,69
chr02,1624748,-0.0002118055555555555,0.24425942705168596,0.6227875072861089,0.20566010768247017,68
chr02,1651241,-0.0002680672268907563,0.4160637910367196,0.5211103734174212,0.28307028151928015,69
chr02,1660547,-0.0004463203463203466,1.1169932821911568,0.29441999320721907,0.5310327016553692,68
chr02,1660661,-0.00040042016806722677,0.9158825786513951,0.34199899671796197,0.46597516798039135,69
chr02,1665358,-0.0004463203463203466,1.1169932821911568,0.29441999320721907,0.5310327016553692,68
chr02,1693934,-0.00044117647058823504,1.1295681063122895,0.29162735859019556,0.5351717357470472,70
chr02,1696228,-0.00045194805194805223,1.1368589218417193,0.29020196488957034,0.537299651382056,68
chr02,1708518,-0.0004840336134453781,1.3364500545426194,0.2517666972044044,0.5990017173452665,69
chr02,1715990,0.000646638655462185,2.423130439729922,0.12426717846183591,0.9056435623894342,69
chr02,1717093,-0.0005767857142857144,1.8478940626319116,0.1787260748992737,0.7478120823081755,67
chr02,1718182,-0.000600420168067227,2.06235305366274,0.15562968278735925,0.8079075677490185,69
chr02,1723094,-0.0005645161290322581,1.7802285031955174,0.186924171571861,0.7283345354241834,65
chr02,1736310,0.0005989583333333333,2.000705983207685,0.16192639239028336,0.790682359799363,68
chr02,1745680,0.00042458587619877966,1.041740694105405,0.3111437376941882,0.5070389355190641,68
chr02,1761098,0.0006822916666666667,2.7288576212791167,0.10330006919263453,0.9858993875803862,68
chr02,1769725,0.0004103415559772297,0.9134605089861806,0.34285108231069705,0.46489447521764815,65
chr02,1775207,0.00032489224137931044,0.5064250659047511,0.4794949114447632,0.3192159973425072,61
chr02,1775214,-0.00032489224137931044,0.5064250659047511,0.4794949114447632,0.3192159973425072,61
chr02,1776480,-0.0005550986842105265,1.79362734754167,0.184944265424946,0.7329591303281116,70
chr02,1783925,0.0005394265232974912,1.5860639600366941,0.21239305114502519,0.6728596961533652,67
chr02,1783928,0.0005394265232974912,1.5860639600366941,0.21239305114502519,0.6728596961533652,67
chr02,1794326,0.0005156249999999999,1.4901016808466518,0.22667907959483574,0.644588559431351,66
chr02,1794478,0.0006133391455972101,2.091619073415583,0.15284146394378212,0.8157588112109151,68
chr02,1794506,0.000596706081081081,2.0416733115997587,0.15768698173817805,0.8022041595096975,69
chr02,1798095,0.0005251082251082253,1.5562812120506602,0.21661892336210883,0.6643036070238773,68
chr02,1798116,0.0005108225108225112,1.4593199926826363,0.231349192938115,0.6357320111981648,68
chr02,1798213,0.0004671717171717172,1.2411322566380518,0.2692335619439999,0.5698708030715561,69
chr02,1798295,0.0004671717171717172,1.2411322566380518,0.2692335619439999,0.5698708030715561,69
chr02,1816944,-0.0004671717171717172,1.2411322566380518,0.2692335619439999,0.5698708030715561,69
chr02,1829317,-0.0005108225108225111,1.4593199926826363,0.231349192938115,0.6357320111981648,68
chr02,1856948,-0.0004990808823529413,1.3173370829649995,0.2553428042739968,0.5928763763364585,66
chr02,1857441,-0.0005712954333643987,1.7270315094783402,0.19348120037906924,0.7133612268635452,66
chr02,1857464,-0.0005712954333643987,1.7270315094783402,0.19348120037906924,0.7133612268635452,66
chr02,1857466,-0.0005712954333643987,1.7270315094783402,0.19348120037906924,0.7133612268635452,66
chr02,1886949,-0.0004704861111111109,1.2660974620355367,0.26457540097793764,0.5774505370047732,68
chr02,1920140,-0.0005312499999999999,1.5272066716208335,0.2210489807857297,0.6555114832016897,66
chr02,1982562,-0.00033054187192118207,0.563072978121057,0.45586309737052333,0.34116556300097234,64
chr02,2063304,0.0002888888888888889,0.44553049967553526,0.5068280593334415,0.2951393494390532,67
chr02,2124322,-0.0005609756097560974,1.6596309497289599,0.20222021768318366,0.6941754264438225,67
chr02,2343576,0.0002908108108108107,0.4039396409977414,0.5274783563241399,0.2777953557873086,62
chr02,2344997,0.00044642857142857136,1.1109658868121823,0.29560290226118247,0.529291306306207,70
chr02,2345018,0.00044642857142857136,1.1109658868121823,0.29560290226118247,0.529291306306207,70
chr02,2373063,-0.00048214285714285725,1.2781367936721255,0.262276612298051,0.5812404345440481,69
chr02,2399168,7.894736842105246e-05,0.03609673566879055,0.8499365423211468,0.07061349822517445,64
chr02,2399169,7.894736842105246e-05,0.03609673566879055,0.8499365423211468,0.07061349822517445,64
chr02,2399194,7.894736842105246e-05,0.03609673566879055,0.8499365423211468,0.07061349822517445,64
chr02,2400360,0.00044642857142857136,1.1109658868121823,0.29560290226118247,0.529291306306207,70
chr02,2400429,0.00044642857142857136,1.1109658868121823,0.29560290226118247,0.529291306306207,70
chr02,2429402,0.0001394444444444444,0.10447398744404096,0.7476681691148049,0.12629110841585628,61
chr02,2619196,0.00044444444444444436,1.0662394873848657,0.3056827229527004,0.514729106705197,66
chr02,2649034,0.0005442684063373718,1.5628722972670144,0.2157970513910897,0.6659544937278425,66
chr02,2649365,0.0005698729582577133,1.752316705062527,0.19022258238287199,0.7207379268197369,67
chr02,2655211,-0.0005819838056680161,1.731992098254721,0.19300187288282677,0.7144384765946594,64
chr02,2655212,-0.0006089743589743587,1.936068783519196,0.1689900182877713,0.7721389470464796,65
chr02,2655466,-0.0005547413793103445,1.720796894212568,0.1940676326180424,0.7120468919560585,69
chr02,2664549,-0.000491600353669319,1.3589615637820855,0.2479131304811657,0.605700470632345,68
chr02,2687125,-0.00038749999999999993,0.8296511399756729,0.365688174763922,0.43688908318891856,68
chr02,2692793,0.0005531135531135529,1.6686433442368422,0.20094564607152518,0.6969213993131813,68
chr02,2734415,0.0006641651031894932,2.291774958398388,0.13490875151665185,0.8699598767764956,67
chr02,2734417,0.0006641651031894932,2.291774958398388,0.13490875151665185,0.8699598767764956,67
chr02,2739955,0.0006349873843566022,2.311978787510971,0.1330170530776998,0.8760926779593218,70
chr02,2740069,0.0006349873843566022,2.311978787510971,0.1330170530776998,0.8760926779593218,70
chr02,2870084,-0.0006818681318681317,2.3022299824017596,0.134528715227585,0.8711850053728327,61
chr02,2872687,0.0004232723577235772,0.8444235074408827,0.361639687702043,0.4417239144682947,65
chr02,2932513,0.0008252631578947367,3.4117744477184497,0.06958417111934492,1.1574895416732227,63
chr02,2940635,0.0007604895104895104,3.232457974881013,0.07663143059792508,1.1155930667180722,70
chr02,2947869,0.0007604895104895104,3.232457974881013,0.07663143059792508,1.1155930667180722,70
chr02,2950313,0.0007504472271914129,3.077756932109268,0.08394222678981195,1.0760195141607407,69
chr02,2950325,0.0007604895104895104,3.232457974881013,0.07663143059792508,1.1155930667180722,70
chr02,2950473,0.0007969588550983899,3.5122080367123614,0.06527927262088815,1.1852246933855444,69
chr02,2972156,-0.0009469777306468717,4.579331938837822,0.03630257184144732,1.4400626064519453,64
chr02,2986992,-0.000501860465116279,1.318800774063542,0.2549526190969196,0.5935405222197583,68
chr02,3016159,0.0005377777777777778,1.552068019935802,0.21710578188242055,0.6633286104184799,70
chr02,3016284,0.0005486363636363634,1.5806197606352947,0.21303637730719052,0.6715462317027702,69
chr02,3218359,-0.0006875000000000001,2.4987115084811173,0.11894751866995154,0.9246446132247628,65
chr02,3218405,-0.0006875000000000001,2.4987115084811173,0.11894751866995154,0.9246446132247628,65
chr02,3269603,-0.0005377777777777776,1.552068019935802,0.21710578188242055,0.6633286104184799,70
chr02,3269630,0.0005377777777777778,1.552068019935802,0.21710578188242055,0.6633286104184799,70
chr02,3369688,0.0008451086956521737,3.4955430497656708,0.0663357087119317,1.178252626621304,63
chr02,3402788,0.0007244444444444445,2.8699015616387413,0.09482636745060359,1.0230708858045088,70
chr02,3402872,0.0007244444444444445,2.8699015616387413,0.09482636745060359,1.0230708858045088,70
chr02,3411383,-0.0009656218402426696,4.9688201631456,0.02932612293955983,1.5327453491317131,66
chr02,3449565,-0.0009150641025641023,4.336507137024539,0.0415043738322686,1.381906133863163,63
chr02,3454692,-0.0007344789356984479,2.5826475553912767,0.11320531588800266,0.9461331790963327,63
chr02,3457040,-0.0007244444444444444,2.8699015616387413,0.09482636745060359,1.0230708858045088,70
chr02,3497435,-0.0008569444444444447,4.067844663743103,0.04771708121205556,1.3213261293828023,69
chr02,3497454,-0.0008569444444444447,4.067844663743103,0.04771708121205556,1.3213261293828023,69
chr02,3530603,-0.0010463768115942028,5.757830909129862,0.019246064874987145,1.7156580546116609,68
chr02,3533387,-0.0009938461538461538,5.457814510975712,0.022728946460133327,1.6434206943742184,64
chr02,3536147,-0.0009912891986062719,4.546626085067832,0.03708614929158534,1.4307882577534528,62
chr02,3536152,-0.0009912891986062719,4.546626085067832,0.03708614929158534,1.4307882577534528,62
chr02,3552472,0.00098582995951417,5.0870126257873824,0.027645031527574596,1.558382910436988,64
chr02,3700980,-0.0008005366726296958,3.542216047116665,0.0641695023588044,1.1926713286948347,69
chr02,3747318,0.001121794871794872,6.566159826788717,0.012878185642671602,1.8901453187215485,63
chr02,3776152,-0.0010805555555555555,6.7080281249359,0.011765097939587115,1.9294044531505012,69
chr02,3776907,0.0010635964912280704,6.031320044358311,0.016967156919160647,1.7703909236082362,62
chr02,3861062,0.0006761412575366062,2.568996493503987,0.11361220753979545,0.9445750015270188,70
chr02,3879926,-0.0008878718535469104,3.7545286769001316,0.05745562365695204,1.2406674569034017,61
chr02,3907782,0.0009082051282051282,4.37936140470102,0.04047601644666494,1.3928022362957764,64
chr02,4012761,0.0007624999999999999,3.197597158400179,0.0784801034027057,1.105240433416144,66
chr02,4056901,-0.0006761412575366063,2.568996493503987,0.11361220753979545,0.9445750015270188,70
chr02,4065768,0.0010482051282051281,6.339615711139592,0.01440401562650275,1.8415164161468898,64
chr02,4069567,-0.0007129629629629629,2.8232502038218064,0.09756528458156509,1.010704684347891,69
chr02,4138988,-0.000505952380952381,1.4336363238448204,0.2353292085170143,0.6283241658519906,70
chr02,4153659,0.0006177248677248677,2.1598284489977218,0.1463408122860467,0.8346345386809997,69
chr02,4162764,-0.0005053571428571428,1.3916819875567052,0.24235607490017402,0.615546089774283,68
chr02,4162786,-0.0005053571428571428,1.3916819875567052,0.24235607490017402,0.615546089774283,68
chr02,4190178,-0.0005422473867595821,1.6248778603627994,0.20681607313530254,0.6844157121800737,69
chr02,4257744,0.00010263157894736826,0.05944171471813907,0.8081367873163715,0.09251512319966332,68
chr02,4270186,-0.00019743589743589736,0.21667295742935438,0.6430962776421003,0.19172400418519062,69
chr02,4276679,0.00015526315789473683,0.1302700023928132,0.7193049781517271,0.14308693403211542,68
chr02,4277222,-0.00028844361602982274,0.4444921038285325,0.5073587143336638,0.29468487583437625,66
chr02,4284562,0.0002811890838206626,0.40155581258685386,0.528580869694983,0.2768885588286906,65
chr02,4284608,0.0002811890838206626,0.40155581258685386,0.528580869694983,0.2768885588286906,65
chr02,4347567,0.00023848684210526312,0.3240998391628773,0.5710299430569147,0.2433411180878897,70
chr02,4368536,9.895833333333321e-05,0.0534139796396468,0.8179407154311422,0.08727817297191395,68
chr02,4374289,0.0001837860780984719,0.19295515161189522,0.6618818560688149,0.1792195239083153,69
chr02,4374333,9.457236842105265e-05,0.05076186543787629,0.822418572283333,0.0849070907745124,70
chr02,4408277,-9.895833333333322e-05,0.053413979639646794,0.8179407154311422,0.08727817297191395,68
chr02,4508898,-9.457236842105263e-05,0.05076186543787629,0.822418572283333,0.0849070907745124,70
chr02,4509007,-0.00013048986486486475,0.09488487515042604,0.7590121591411239,0.11975126678489201,69
chr02,4510441,-0.00017131647776809052,0.1596457297415536,0.690772988823687,0.1606646529143259,68
chr02,4510504,-0.00013048986486486475,0.09488487515042604,0.7590121591411239,0.11975126678489201,69
chr02,4525127,-0.00029999999999999987,0.4856187134320317,0.48841177316509865,0.3112138759331099,66
chr02,4573741,-0.0002537537537537536,0.3332586812247082,0.5658370057853817,0.24730865305640057,64
chr02,4574453,0.00034762348555452,0.6597953300223001,0.4196433463549165,0.3771196584421005,66
chr02,4577951,0.00023153153153153145,0.2911245555930723,0.5913444060409315,0.2281595071425777,67
chr02,4599154,-0.0001034628378378377,0.059161984702816486,0.8085685505915546,0.09228315463005231,69
chr02,4608625,0.00023321708805579768,0.30767714565591836,0.5809840328923062,0.23583580310373378,68
chr02,4608755,-4.7043010752688145e-05,0.012552497817007695,0.9111386064106263,0.04041555121534513,67
chr02,4694310,-0.00016830357142857128,0.1573518712161163,0.692905755288306,0.15932583139343087,67
chr02,4768917,-2.3684210526315672e-05,0.003025442922353906,0.9563014231602548,0.019405197909667514,68
chr02,4772683,-0.00020276497695852552,0.22471999776556878,0.63708013053945,0.19580593962308954,66
chr02,4777636,6.663837011884555e-05,0.025304335844133725,0.8740896141075987,0.05844404000023676,69
chr02,4777712,0.0001011333914559722,0.05720019837563786,0.811718288420171,0.09059466905015774,68
chr02,4786139,2.7449324324324298e-05,0.004224806352532354,0.9483687365934896,0.023022771172893246,69
chr02,4812156,-2.3684210526315672e-05,0.0032134085573083506,0.9549658490851234,0.020012159116859163,68
chr02,4812168,-2.3684210526315672e-05,0.0032134085573083506,0.9549658490851234,0.020012159116859163,68
chr02,4812370,-8.996212121212136e-06,0.00044667920437560174,0.983204932016763,0.00735595157980767,65
chr02,4812445,8.996212121212136e-06,0.00044667920437560174,0.983204932016763,0.00735595157980767,65
chr02,4847833,-0.00017893755824790314,0.17166412913576656,0.6800224546849127,0.16747674643384955,66
chr02,4847876,0.0001789375582479031,0.17166412913576656,0.6800224546849127,0.16747674643384955,66
chr02,4847880,0.0001789375582479031,0.17166412913576656,0.6800224546849127,0.16747674643384955,66
chr02,4879307,6.578947368421066e-05,0.024555828398094236,0.8759432548512001,0.0575240272830901,70
chr02,4901582,0.00010897994768962529,0.06694908740197675,0.7966370850378203,0.09873948018579,68
chr02,4902256,0.0001013513513513513,0.057208237986270796,0.8116942709729511,0.09060751932008748,69
chr02,4902356,-6.94444444444444e-05,0.02629340652992671,0.8716812423950182,0.059642299445086845,68
chr02,4902987,-0.00013888888888888878,0.10544141611017167,0.7464219391718878,0.12701560409373697,68
chr02,4903003,-0.00013888888888888878,0.10544141611017167,0.7464219391718878,0.12701560409373697,68
chr02,4933451,6.94444444444444e-05,0.02629340652992671,0.8716812423950182,0.059642299445086845,68
chr02,4959773,-6.57894736842106e-05,0.024555828398094236,0.8759432548512001,0.0575240272830901,70
chr02,4959779,-6.57894736842106e-05,0.024555828398094236,0.8759432548512001,0.0575240272830901,70
chr02,4988363,-0.0001450216450216451,0.11512002442017476,0.7354659564087827,0.13343742529673766,68
chr02,4988399,-0.0001450216450216451,0.11512002442017476,0.7354659564087827,0.13343742529673766,68
chr02,4991879,0.00017676767676767674,0.17491683059014468,0.6771160329615635,0.1693369027225894,69
chr02,4991976,6.94444444444444e-05,0.026293406529926705,0.8716812423950182,0.059642299445086845,68
chr02,5055098,0.00024598930481283427,0.33322101330699766,0.565762680852485,0.2473657031044916,67
chr02,5055223,-0.000287878787878788,0.44719727469805054,0.5060739262419565,0.295786037678257,66
chr02,5059647,8.823529411764746e-06,0.0004354232100067039,0.9834139327846925,0.007263643016931955,69
chr02,5086181,0.0001164874551971328,0.07294030780345223,0.7879584722032777,0.10349667054116929,67
chr02,5102642,-1.3839285714285804e-05,0.001015905156857487,0.9746707875351852,0.01114205025052059,67
chr02,5156484,-1.4705882352941046e-05,0.001140149288297676,0.9731687615667537,0.01181184024360618,66
chr02,5157038,0.0002815656565656563,0.4740381459340864,0.49351244146269646,0.30670189428008476,69
chr02,5159939,-4.09500409500408e-06,9.549405675880527e-05,0.9922317247361164,0.0033868913317098284,70
chr02,5235556,0.00015931372549019595,0.14519964319196463,0.7043535584737113,0.1522092869516584,70
chr02,5255293,0.0003207720588235296,0.5921268407437849,0.44442867351459314,0.3521979291473613,66
chr02,5312997,-0.00023907563025210078,0.32643140867953147,0.5696796811750697,0.2443692702939145,69
chr02,5346359,0.00022058823529411774,0.2751936547941159,0.6016265071719813,0.22067303733510474,68
chr02,5353714,0.00017142857142857156,0.16831683168317016,0.6829018244552226,0.1656417270095533,70
chr02,5378860,0.00038571428571428567,0.8425248623325331,0.36196816732460546,0.44132962107773915,69
chr02,5383571,-0.00029687500000000005,0.4576160294418274,0.5012561983377761,0.29994024402313374,64
chr02,5385196,-0.00032352941176470585,0.5736244792414857,0.4515178217228384,0.3453251031065428,68
chr02,5385298,-0.00031008403361344517,0.5421040725070828,0.4641321744838621,0.3333583244565046,69
chr02,5419533,-0.00025238095238095217,0.3307139146262596,0.5672872297305352,0.2461969927793565,65
chr02,5419595,-0.00025238095238095217,0.3307139146262596,0.5672872297305352,0.2461969927793565,65
chr02,5445848,0.00035757575757575777,0.6487329541895944,0.4236946105756413,0.37294706021932156,63
chr02,5464422,0.00035294117647058837,0.709042076991938,0.4028029283908128,0.3949073807714785,68
chr02,5464430,0.00035294117647058837,0.709042076991938,0.4028029283908128,0.3949073807714785,68
chr02,5464553,0.00048671726755218224,1.2460747059486625,0.26854305789918376,0.5709860700806849,65
chr02,5464566,0.00048671726755218224,1.2460747059486625,0.26854305789918376,0.5709860700806849,65
chr02,5503785,0.0003645276292335117,0.7310677531271362,0.3956779397407679,0.40265816230896384,67
chr02,5508150,0.0003805704099821747,0.8073941989272603,0.3722083291938645,0.4292139125527533,67
chr02,5539710,0.0003277310924369748,0.6061368478528507,0.4389870665501766,0.3575482747661531,69
chr02,5567920,0.00028456439393939397,0.4426288685010371,0.5082847665420038,0.29389290604761314,65
chr02,5567959,0.00028456439393939397,0.4426288685010371,0.5082847665420038,0.29389290604761314,65
chr02,5577362,0.0003277310924369748,0.6061368478528507,0.4389870665501766,0.3575482747661531,69
chr02,5587225,-0.0003277310924369748,0.6061368478528507,0.4389870665501766,0.3575482747661531,69
chr02,5599234,-0.0003204099821746881,0.5806800892889117,0.44880214961666254,0.34794507161727156,67
chr02,5601792,-0.0003970588235294118,0.8887288041671212,0.349260133326465,0.45685098454399087,68
chr02,5601818,-0.0003970588235294118,0.8887288041671212,0.349260133326465,0.45685098454399087,68
chr02,5651054,-0.00021212121212121226,0.2519481599201911,0.6173522285582784,0.20946697977167575,69
chr02,5666332,0.0004857142857142859,1.3230998818031934,0.2542508102802715,0.5947376543356407,67
chr02,5722559,0.0005322580645161291,1.449809177243278,0.23328724635705872,0.6321090031186043,62
chr02,5723082,-0.0004189068100358425,0.9398537589477939,0.33590910906415183,0.4737782189548316,67
chr02,5748487,0.00034807534807534827,0.6970156719994339,0.4067119281247945,0.39071309033745255,70
chr02,5755161,-0.00038636363636363635,0.8432124591337885,0.36177356684125284,0.4415631682511099,69
chr02,5785123,-0.0005721062618595826,1.8734339673562985,0.17594320893644513,0.7546274914224037,65
chr02,5873440,0.00046060606060606077,1.0258421462163383,0.3151379156218236,0.5014993418126232,63
chr02,5930174,-0.0005160427807486633,1.4815544955409907,0.22793225350507054,0.6421942157228192,67
chr02,5930207,-0.0005160427807486633,1.4815544955409907,0.22793225350507054,0.6421942157228192,67
chr02,5930210,-0.0005160427807486633,1.4815544955409907,0.22793225350507054,0.6421942157228192,67
chr02,5930217,-0.0005160427807486633,1.4815544955409907,0.22793225350507054,0.6421942157228192,67
chr02,5936062,-0.0006489028213166146,2.138326000715835,0.14887700817087135,0.8271723673620891,62
chr02,5966961,-0.0003594771241830063,0.7457829905644119,0.3908505354546459,0.4079892887347801,70
chr02,5966969,-0.0003594771241830063,0.7457829905644119,0.3908505354546459,0.4079892887347801,70
chr02,5974349,-0.0006089015151515149,2.0029264226584194,0.1619201800963279,0.7906990217943591,65
chr02,5984241,-0.0004040404040404038,0.9240423404475357,0.3398722561594708,0.4686842855158408,69
chr02,5984298,-0.0004865800865800867,1.3596121495717255,0.24780110409214612,0.6058967629314713,68
chr02,5989579,0.000578125,1.906135508596748,0.17205100483638275,0.7643427866081665,68
chr02,6021979,-0.0005900735294117646,1.9503341782798853,0.16737546183156363,0.776308211649103,66
chr02,6130899,-0.00029074529074529093,0.4848169751849319,0.4886217176765234,0.3110272339293799,70
chr02,6133736,0.00029074529074529093,0.4848169751849319,0.4886217176765234,0.3110272339293799,70
chr02,6170353,-0.0005170454545454545,1.3780461283122596,0.2448529388484574,0.6110946789930835,65
chr02,6355824,-0.00015475152571926758,0.13020738754980718,0.7193695273974587,0.14304796290814967,68
chr02,6368899,0.0003033088235294118,0.4949242147296194,0.4842905176765292,0.31489403428006557,66
chr02,6377722,3.7878787878788035e-05,0.008004919241914338,0.9289751421197223,0.03199590687252842,69
chr02,6410536,-0.00038409563409563417,0.7062834508462532,0.40396249611451573,0.3936589529254568,63
chr02,6417473,-0.0003121131741821398,0.5357479552942385,0.4667914614704214,0.330877096650221,68
chr02,6422348,-0.0002885964912280701,0.4600407731310978,0.49997614056076156,0.30105072020406615,68
chr02,6506510,-0.00017657045840407487,0.17172440284542148,0.6799075628018674,0.16755012802010646,69
chr02,6569978,0.00028479853479853484,0.44589975132771464,0.5066526332649819,0.29528969581433445,67
chr02,6570229,8.333333333333341e-05,0.038888253459911926,0.8442584696337473,0.07352457381159187,70
chr02,6599957,-0.00028480475382003406,0.4652452926223008,0.4975340546799699,0.30317718777569186,69
chr02,6600034,-0.0003554054054054055,0.6918939135549389,0.40856641846702335,0.3887373324510406,67
chr02,6616605,0.0002576923076923078,0.36714636757483926,0.5466112079592815,0.262321467584877,69
chr02,6633078,-0.0003184210526315789,0.5608881748116745,0.4565634920024568,0.34049881876732035,68
chr02,6633419,0.0002109181141439207,0.2517737674590228,0.6174496670847983,0.20939843919908752,70
chr02,6651634,0.0002109181141439207,0.2517737674590228,0.6174496670847983,0.20939843919908752,70
chr02,6651671,0.0002109181141439207,0.2517737674590228,0.6174496670847983,0.20939843919908752,70
chr02,6696483,0.0002374727668845318,0.2628271259967639,0.6100986054084211,0.2145999677368691,61
chr02,6696886,-0.00027065527065527073,0.3880221016744201,0.5355543478271039,0.2711964505767289,66
chr02,6716156,0.0003315789473684212,0.6162883983333811,0.4352388683545526,0.36127232756046257,68
chr02,6717653,-0.0003360805860805861,0.5928936881987955,0.44409179974498136,0.3525272460976254,67
chr02,6717665,-0.0003360805860805861,0.5928936881987955,0.44409179974498136,0.3525272460976254,67
chr02,6717802,0.00030639097744360915,0.4830349901641257,0.4895665007677944,0.3101883070173865,66
chr02,6724492,0.0002453310696095077,0.3345879393751959,0.5649093112595058,0.24802126683687853,69
chr02,6724759,-0.00020417422867513625,0.2179348862715171,0.6421789890630261,0.19234390786833513,67
chr02,6724823,-0.00021710526315789493,0.2379641701675611,0.6273473883314957,0.20249190565004827,66
chr02,6724882,-0.00021710526315789493,0.2379641701675611,0.6273473883314957,0.20249190565004827,66
chr02,6724886,-0.0002269338303821063,0.26295925483661237,0.6098598103273174,0.21476998564242356,66
chr02,6782467,-0.0003315789473684212,0.6162883983333811,0.4352388683545526,0.36127232756046257,68
chr02,6790234,0.0003783783783783784,0.7478132522566385,0.39039925425005917,0.40849102060420217,66
chr02,6790326,0.0003783783783783784,0.7478132522566385,0.39039925425005917,0.40849102060420217,66
chr02,6819110,0.0004642857142857143,1.1643004719752814,0.2846893660635874,0.5456287546519779,65
chr02,6856728,0.00034583333333333335,0.6760247117040025,0.4138327468225321,0.3831751463391519,70
chr02,6893704,-0.0003267162944582301,0.6072681347784163,0.43852195886739176,0.3580086545757938,70
chr02,6960692,-0.00023364055299539185,0.29439094594002446,0.5893048456959664,0.22965998780292146,66
chr02,7024738,0.0003194103194103196,0.5859916782246912,0.4466222034323669,0.3500596901574158,70
chr02,7254868,-0.00038398268398268397,0.8297047632280694,0.36567277863801195,0.4369073681479263,68
chr02,7298253,0.0003169191919191916,0.5655107930998838,0.45468209048549624,0.34229215192311874,69
chr02,7312117,0.0003315972222222221,0.6007495690389668,0.4410603589724832,0.35550197340077455,68
chr02,7315409,0.00035541125541125527,0.6975196815775786,0.4066315302895225,0.3907989491120406,68
chr02,7335060,-0.00013627450980392136,0.0970364679594691,0.756460464385343,0.12121376499435035,64
chr02,7338465,-0.000273692810457516,0.43032768974542446,0.5140417803153037,0.2890015809600257,70
chr02,7350141,0.0002082251082251082,0.2377695967356788,0.6274375466593394,0.2024294961274988,68
chr02,7363925,0.000273692810457516,0.43032768974542446,0.5140417803153037,0.2890015809600257,70
chr02,7373078,-0.00022626728110599067,0.2744475432746417,0.6021733476684703,0.22027847037202175,66
chr02,7411701,0.00018106617647058821,0.17463135504708782,0.677426925644029,0.16913754547375218,66
chr02,7418841,-0.000273692810457516,0.43032768974542446,0.5140417803153037,0.2890015809600257,70
chr02,7419462,-0.0002794117647058823,0.4450296985318835,0.5070304737739524,0.29496593771962926,68
chr02,7419739,0.0002923351158645276,0.4730573588541782,0.4940311288658219,0.3062456853501854,67
chr02,7421707,0.0002378472222222221,0.30738808442319887,0.5811613191714939,0.23570329910459298,68
chr02,7425382,-0.000273692810457516,0.43032768974542446,0.5140417803153037,0.2890015809600257,70
chr02,7448806,0.0003169191919191916,0.5655107930998838,0.45468209048549624,0.34229215192311874,69
chr02,7461613,0.0002901069518716577,0.4610460057622001,0.4995461939862572,0.30142434554465763,67
chr02,7528788,0.0005516129032258066,1.658071003077186,0.20250080652314334,0.6935732427315193,66
chr02,7528793,0.0005516129032258066,1.658071003077186,0.20250080652314334,0.6935732427315193,66
chr02,7529075,-0.0005833333333333336,1.8023059908387573,0.18425157553168117,0.7345887898092653,65
chr02,7529084,0.0005833333333333336,1.8023059908387573,0.18425157553168117,0.7345887898092653,65
chr02,7529092,0.0005833333333333336,1.8023059908387573,0.18425157553168117,0.7345887898092653,65
chr02,7560460,-0.000514705882352941,1.4710163385611892,0.2295087223977743,0.6392008046049816,68
chr02,7582825,0.0001410472972972972,0.110788648059427,0.7402873209829546,0.13059968878380276,69
chr02,7608661,0.00012121212121212114,0.07696933253157134,0.7823414779163196,0.10660364386537771,66
chr02,7662736,-2.7649769585253623e-05,0.004050577365500504,0.949451945032015,0.022527011480482105,66
chr02,7673904,0.00011363636363636343,0.07217649847029008,0.7890192833882697,0.10291238263749997,69
chr02,7678407,0.00011363636363636343,0.07217649847029008,0.7890192833882697,0.10291238263749997,69
chr02,7703848,-2.5446428571428597e-05,0.0035426525995698884,0.9527204054934783,0.021034532905307858,67
chr02,7756835,-0.00029032258064516105,0.4208885424785608,0.5189695159009633,0.284858151717668,62
chr02,7774441,-3.3333333333333254e-05,0.005859442055992698,0.9392227235132885,0.027231408667746638,66
chr02,7923450,7.812499999999996e-05,0.031226076796001725,0.8603129370935036,0.06534354627739476,64
chr02,7923458,-7.812499999999996e-05,0.031226076796001725,0.8603129370935036,0.06534354627739476,64
chr02,7928648,0.0002822510822510822,0.4415384907855739,0.5086958454014695,0.2935418093051194,68
chr02,7928721,0.00044025735294117617,1.1058091219125379,0.29694915424130014,0.5273179073253649,66
chr02,7936394,-0.00033823529411764706,0.6334869543128754,0.42893261389325954,0.3676109309225469,68
chr02,7942759,-0.00018660714285714268,0.19196260844384916,0.6627407928241849,0.17865629702138863,67
chr02,7942785,0.00018660714285714274,0.19196260844384916,0.6627407928241849,0.17865629702138863,67
chr02,7942895,0.0002575757575757575,0.3503295704220043,0.5560118082488117,0.2549159850315324,66
chr02,7996783,0.0003741071428571427,0.7571241309864859,0.38743209353640107,0.4118044066719983,67
chr02,7996797,0.0003741071428571427,0.7571241309864859,0.38743209353640107,0.4118044066719983,67
chr02,8002722,0.0002571428571428571,0.379888268156429,0.5397209738757481,0.26783070466683767,70
chr02,8010626,0.0003787878787878787,0.7493443237167439,0.3899173543699407,0.4090274348828683,66
chr02,8041207,0.0002987394957983191,0.5028712512883076,0.4807016345623908,0.3181244011078422,69
chr02,8041246,0.0002987394957983191,0.5028712512883076,0.4807016345623908,0.3181244011078422,69
chr02,8041389,0.00034285714285714274,0.6495191232386496,0.42317897082523637,0.3734759219782489,68
chr02,8054642,0.0003134453781512603,0.5582629129743624,0.4575751852659232,0.33953753577599144,69
chr02,8073664,-0.00028193277310924365,0.44499983839589347,0.5070100635158725,0.29498342037862274,69
chr02,8108382,0.00023679653679653675,0.31309834625017585,0.577679175339898,0.23831328798564516,68
chr02,8122519,0.0003563508064516129,0.6372922664379616,0.42779009024408743,0.36876928007808984,63
chr02,8122549,0.0003563508064516129,0.6372922664379616,0.42779009024408743,0.36876928007808984,63
chr02,8137579,-0.00028109243697478967,0.44483225949521965,0.5070897968258475,0.29491512782091406,69
chr02,8137834,-0.0002410130718954247,0.3332245615507013,0.5656728618537424,0.24743465603045792,70
chr02,8147921,-0.0001285578747628082,0.08625200318813736,0.7699625118439525,0.1135304193673185,65
chr02,8151407,-0.0002499999999999999,0.3435890045754231,0.5597642409474035,0.25199484873383515,68
chr02,8168321,0.00022860962566844913,0.28411414382934774,0.5958350372888414,0.22487396225927195,67
chr02,8168935,0.00024999999999999995,0.343589004575423,0.5597642409474035,0.25199484873383515,68
chr02,8168972,0.00024999999999999995,0.343589004575423,0.5597642409474035,0.25199484873383515,68
chr02,8204393,-0.0005303030303030301,1.560322223977254,0.21623939868840805,0.6650651749798331,65
chr02,8208058,-0.00035294117647058804,0.6654372479404389,0.41762621530381006,0.3792122475430476,67
chr02,8208149,-0.00035294117647058804,0.6654372479404389,0.41762621530381006,0.3792122475430476,67
chr02,8208152,-0.00035294117647058804,0.6654372479404389,0.41762621530381006,0.3792122475430476,67
chr02,8208200,-0.0002957983193277309,0.4904331898880427,0.48615890646707294,0.31322175353224346,69
chr02,8208209,-0.0002957983193277309,0.4904331898880427,0.48615890646707294,0.31322175353224346,69
chr02,8208367,0.00029886148007590127,0.4641367676463148,0.49819365780834013,0.3026018054955643,65
chr02,8221063,0.0002611408199643492,0.3757645933072364,0.5420176853490288,0.2659865427527801,67
chr02,8222638,0.00022206439393939365,0.2572684588734236,0.6137739549450563,0.21199154448619578,65
chr02,8236666,0.00018660714285714268,0.1919626084438492,0.6627407928241849,0.17865629702138863,67
chr02,8241488,-0.00012132352941176461,0.08072160220149731,0.7772390848765098,0.10944536823772852,66
chr02,8263159,0.00024288425047438325,0.3138982476134138,0.5772848209806518,0.23860986160930148,65
chr02,8263391,0.00021006944444444428,0.24739631270925203,0.6205674619088365,0.20721099943168622,68
chr02,8265214,0.000216503267973856,0.26864209810080203,0.605926582324485,0.2175799943534399,70
chr02,8266939,-0.00010976702508960567,0.06725530656499691,0.7961953842703621,0.09898034445064256,67
chr02,8266991,-0.00010976702508960567,0.06725530656499691,0.7961953842703621,0.09898034445064256,67
chr02,8283518,-0.00014285714285714284,0.1167983510821018,0.7335871477658289,0.13454828598481128,70
chr02,8289779,-0.00014285714285714284,0.1167983510821018,0.7335871477658289,0.13454828598481128,70
chr02,8289780,-0.0002542016806722689,0.38652504821579425,0.536241486054367,0.27063959007800853,69
chr02,8289785,-0.00014285714285714284,0.1167983510821018,0.7335871477658289,0.13454828598481128,70
chr02,8289900,-0.00018277310924369746,0.1873533262887848,0.6665187933278417,0.1761876006034445,69
chr02,8289912,-0.00018277310924369746,0.1873533262887848,0.6665187933278417,0.1761876006034445,69
chr02,8292021,-0.00017965367965367958,0.177342569143763,0.675035272941438,0.17067353317847347,68
chr02,8397725,-0.00020588235294117645,0.2315457864967441,0.6319715275139032,0.19930248773366968,68
chr02,8429165,3.030303030303028e-05,0.005000390655519799,0.9438463264988086,0.02509871013670709,66
chr02,8517518,-1.7361111111111713e-06,1.691517016534922e-05,0.9967308713463359,0.0014220903015830138,68
chr02,8517716,3.437500000000003e-05,0.006497887994611025,0.9360002127770165,0.028724052535534044,67
chr02,8517728,3.437500000000003e-05,0.006497887994611025,0.9360002127770165,0.028724052535534044,67
chr02,8546316,-0.00021428571428571422,0.24082705191444326,0.6253144562127355,0.20390153104930364,65
chr02,8565840,0.0002062500000000001,0.20527954440968746,0.652126940898571,0.1856678576948553,62
chr02,8570730,-0.00013923013923013936,0.1105704743300042,0.7405185113582202,0.13046408058606349,70
chr02,8570740,0.00013923013923013936,0.1105704743300042,0.7405185113582202,0.13046408058606349,70
chr02,8598485,-0.00024372759856630823,0.3158077508758508,0.5760707783004234,0.23952415418633413,67
chr02,8598488,-0.00024372759856630823,0.3158077508758508,0.5760707783004234,0.23952415418633413,67
chr02,8598510,-0.00024372759856630823,0.3158077508758508,0.5760707783004234,0.23952415418633413,67
chr02,8610365,-4.523809523809522e-05,0.011614836634919622,0.9145189279700984,0.03880730142004318,65
chr02,8614245,-0.0003045454545454545,0.45185483431819023,0.5039936604632156,0.2975749263385205,63
chr02,8625512,0.0002009590235396688,0.21987164213544014,0.6406829427521968,0.1933568383106341,68
chr02,8639721,-0.00015962837837837836,0.14209182324002395,0.7074015264818598,0.1503340073684072,69
chr02,8640747,-0.0001233552631578948,0.08640757946955967,0.7696902243454408,0.11368402927759005,70
chr02,8657856,-0.0001233552631578948,0.08640757946955967,0.7696902243454408,0.11368402927759005,70
chr02,8691087,-0.0001718750000000002,0.16063993134014146,0.689862598438213,0.16123740010662113,68
chr02,8691191,-0.00015798611111111108,0.14113711562740452,0.7083579595801086,0.14974722171143887,68
chr02,8693917,-0.00011631944444444434,0.07601963906105134,0.7836271909258326,0.10589050291700552,68
chr02,8711962,-0.0002000000000000001,0.21054234758372922,0.6478971951634569,0.18849390017146606,66
chr02,8711986,0.00020000000000000023,0.21054234758372922,0.6478971951634569,0.18849390017146606,66
chr02,8738264,0.00015213815789473698,0.13152262030268072,0.717983324418658,0.14388564238313123,70
chr02,8742661,3.3179723502304185e-05,0.005832993841895572,0.9393597749317788,0.027168041022256263,66
chr02,8742693,3.3179723502304185e-05,0.005832993841895572,0.9393597749317788,0.027168041022256263,66
chr02,8887656,-5.824372759856684e-06,0.00017727859682492334,0.9894175825916405,0.004620376208872072,67
chr02,8977329,0.00018474264705882354,0.17528462539838446,0.6768589792799784,0.1695018053179804,66
chr02,9079177,-0.0002121212121212121,0.2516046213093709,0.6176686504196438,0.20924444058437855,66
chr02,9116730,0.000176085176085176,0.1770279323190431,0.6752667114253139,0.17052465913608097,70
chr02,9159113,4.084967320261442e-05,0.009527321556069338,0.922530707784501,0.035019168800988786,70
chr02,9185116,0.00020555555555555564,0.22032837014442058,0.6403850915619183,0.19355878719583353,66
chr02,9185127,7.828282828282821e-05,0.03420326685900165,0.853833805866803,0.06862665415756025,69
chr02,9185254,0.00014772727272727282,0.12206901756163636,0.7278969718695214,0.13793008732847234,69
chr02,9185270,0.00014772727272727282,0.12206901756163636,0.7278969718695214,0.13793008732847234,69
chr02,9186793,7.1022727272726e-06,0.0002600416672055889,0.987184985761322,0.005601458507950613,65
chr02,9326363,-4.848484848484851e-05,0.012864982082657964,0.9100388014865444,0.04094009019292242,68
chr02,9342408,-5.0840336134453856e-05,0.014876375568492743,0.9032888607024281,0.0441733454249423,69
chr02,9342731,7.575757575757577e-05,0.029812923902512122,0.8634602734973029,0.06375763886987833,66
chr02,9414726,0.00026060606060606057,0.3521962498994897,0.5550667441661942,0.2556547918678554,63
chr02,9503643,0.0001458333333333332,0.11808522291598131,0.7322128872259246,0.13536263163879197,68
chr02,9601440,1.747311827956974e-05,0.0016274925192382322,0.9679439752767917,0.014149778985277077,67
chr02,9609476,1.633986928104568e-05,0.0015241920661319287,0.9689721729766865,0.013688694875139703,70
chr02,9675344,-0.00022310924369747882,0.27955516080352194,0.5987401596569195,0.22276161118375737,69
chr02,9675460,-0.00014705882352941178,0.12201434592916037,0.7279720033378161,0.13788532265083547,68
chr02,9675865,0.00022310924369747887,0.27955516080352194,0.5987401596569195,0.22276161118375737,69
chr02,9736482,0.00037275985663082434,0.7703079084097911,0.38335442442261725,0.4163995200398326,67
chr02,9746308,-0.00034050179211469534,0.6364466827742501,0.4279053598847863,0.36865227356793073,67
chr02,9746633,-0.0003263888888888889,0.6033146427758622,0.4400910845951014,0.3564574293247393,68
chr02,9747138,0.00045117698343504766,1.1233980568084923,0.2930514386309382,0.5330561422641253,68
chr02,9795367,0.00043407043407043427,1.0901714943200584,0.3001308672286451,0.5226893368720487,70
chr02,9824500,0.0005324543610547667,1.4948635508155539,0.2261663400313714,0.6455720299428105,63
chr02,9824526,0.0005921182266009852,1.8604650119497985,0.17750257609856424,0.7507953396383363,64
chr02,9824527,0.0005921182266009852,1.8604650119497985,0.17750257609856424,0.7507953396383363,64
chr02,9828309,0.0003472485768500949,0.6313606992884581,0.4298397989314543,0.3666933755916524,65
chr02,9843411,0.0003309523809523808,0.5857928194091415,0.44690851172287904,0.34978137378207685,65
chr02,9886613,0.0004767025089605736,1.2249305054875195,0.272474414868352,0.5646742713805748,67
chr02,9886622,0.0004767025089605736,1.2249305054875195,0.272474414868352,0.5646742713805748,67
chr02,9909549,0.00032672811059907827,0.5830692705109582,0.44791760462146046,0.34880186803152113,66
chr02,9911575,0.0004227272727272728,0.9105608971869777,0.34373188365180296,0.46378018199771615,63
chr02,9911610,0.0004227272727272728,0.9105608971869777,0.34373188365180296,0.46378018199771615,63
chr02,9911684,0.0004227272727272728,0.9105608971869777,0.34373188365180296,0.46378018199771615,63
chr02,9912976,0.000404040404040404,0.9240423404475354,0.3398722561594708,0.4686842855158408,69
chr02,9943832,0.0004201388888888888,0.9697437415638415,0.32834044561023845,0.48367561674237713,68
chr02,9943851,0.0004201388888888888,0.9697437415638415,0.32834044561023845,0.48367561674237713,68
chr02,9956240,0.00043407043407043427,1.0901714943200584,0.3001308672286451,0.5226893368720487,70
chr02,10069807,0.00043407043407043427,1.0901714943200584,0.3001308672286451,0.5226893368720487,70
chr02,10069924,0.00043407043407043427,1.0901714943200584,0.3001308672286451,0.5226893368720487,70
chr02,10071514,0.00029047619047619055,0.44757969821883437,0.5059308338943382,0.2959088517594456,65
chr02,10071584,0.0003019704433497537,0.4676271414239028,0.49662877951459083,0.3039681167947027,64
chr02,10082532,0.00035641891891891877,0.735275724668494,0.3942353686716029,0.404244415749468,69
chr02,10082789,0.0002741935483870967,0.43134328358208457,0.5138418296668461,0.28917054457327945,62
chr02,10082825,0.0002741935483870967,0.43134328358208457,0.5138418296668461,0.28917054457327945,62
chr02,10089092,0.00043407043407043427,1.0901714943200584,0.3001308672286451,0.5226893368720487,70
chr02,10089151,0.00043407043407043427,1.0901714943200584,0.3001308672286451,0.5226893368720487,70
chr02,10100765,0.00043407043407043427,1.0901714943200584,0.3001308672286451,0.5226893368720487,70
chr02,10100852,0.0004318181818181817,1.0493157464285006,0.3093490601343506,0.5095511991173449,69
chr02,10100887,0.00035641891891891877,0.735275724668494,0.3942353686716029,0.404244415749468,69
chr02,10103272,0.00043548387096774196,0.9237982596941832,0.3403371559800753,0.4680906346355057,62
chr02,10103374,0.00043548387096774196,0.9237982596941832,0.3403371559800753,0.4680906346355057,62
chr02,10103411,0.0003232142857142856,0.5749780143910235,0.4510281928321809,0.34579631043076625,67
chr02,10103570,0.0003541666666666666,0.7061044682190092,0.4037739486525048,0.39386170500961976,68
chr02,10132637,0.00022222222222222207,0.25964970111124586,0.6121135382557401,0.21316801500376645,66
chr02,10132709,0.00022222222222222207,0.25964970111124586,0.6121135382557401,0.21316801500376645,66
chr02,10137341,0.00048484848484848484,1.2368083339624016,0.2702471837153897,0.568238823196072,66
chr02,10273247,-0.0003100840336134453,0.5421040725070829,0.4641321744838621,0.3333583244565046,69
chr02,10292473,-0.0002680672268907564,0.41606379103671964,0.5211103734174212,0.28307028151928015,69
chr02,10333061,-0.00038398692810457497,0.8522656995566531,0.35917639650941613,0.44469221098727146,70
chr02,10333071,-0.00038398692810457497,0.8522656995566531,0.35917639650941613,0.44469221098727146,70
chr02,10333261,0.00038398692810457513,0.8522656995566531,0.35917639650941613,0.44469221098727146,70
chr02,10339297,0.0003974789915966386,0.8884548908235126,0.3492827947628073,0.4568228066429251,69
chr02,10349929,0.00028993055555555564,0.4648449564733608,0.4977539902807122,0.30298524973360486,68
chr02,10357047,-0.0004468750000000002,0.9423277940387024,0.3355770543371983,0.4742077424661731,62
chr02,10390824,0.0002367965367965369,0.3170463342010193,0.5752960331646908,0.2401086205523295,68
chr02,10404729,0.0004776785714285714,1.3273151700449508,0.25350320591348935,0.5960165440161128,67
chr02,10406239,0.00033585858585858584,0.6406587769262707,0.4263014271277885,0.37028321346432436,69
chr02,10584628,0.00017186147186147192,0.1632671056537277,0.6874725544728133,0.16274463521251145,68
chr02,10589414,8.70535714285715e-05,0.037486375717865575,0.8471546167842681,0.07203731801871477,60
chr02,10594835,-0.00021116071428571446,0.2408319554975787,0.6252586058531061,0.20394032207039828,67
chr02,10604874,0.00012926136363636365,0.09338400977331202,0.7609258373581971,0.11865766911066693,65
chr02,10627024,0.0001470588235294119,0.11793295690086736,0.732378815336366,0.1352642265161362,68
chr02,10627147,-0.0001470588235294119,0.11793295690086736,0.732378815336366,0.1352642265161362,68
chr02,10627148,-0.0001470588235294119,0.11793295690086736,0.732378815336366,0.1352642265161362,68
chr02,10627161,-0.00020000000000000012,0.22930286972678826,0.6335774646624259,0.19820027830430734,70
chr02,10690231,-2.183600713012456e-05,0.002606057819934467,0.9594425829339264,0.017981010153192107,67
chr02,10690402,-0.00013593073593073623,0.10045275657646763,0.75228737677875,0.12361622548817315,68
chr02,10718232,0.0002020609318996416,0.23022449485683777,0.6329680822139693,0.19861818898396316,67
chr02,10718283,0.00012847222222222218,0.09007611518465579,0.7650236942112247,0.11632511372764781,68
chr02,10718429,0.00012663398692810458,0.09166814191195703,0.7629913346590753,0.11748039432705583,70
chr02,10718433,0.00012663398692810458,0.09166814191195703,0.7629913346590753,0.11748039432705583,70
chr02,10719756,-8.964646464646475e-05,0.04490046498816046,0.8328304431225462,0.07944340809107608,69
chr02,10727545,-0.0001794117647058825,0.18188235394661,0.6711277137552789,0.1731948269228238,69
chr02,10727546,-0.0001794117647058825,0.18188235394661,0.6711277137552789,0.1731948269228238,69
chr02,10728687,0.00012663398692810458,0.09166814191195703,0.7629913346590753,0.11748039432705583,70
chr02,10728688,0.00012663398692810458,0.09166814191195703,0.7629913346590753,0.11748039432705583,70
chr02,10779027,0.000305320945945946,0.5227782581961795,0.47217553768720855,0.3258965164581676,69
chr02,10807752,-0.00037096774193548385,0.7622712274059751,0.3857841913173662,0.41365557286710064,68
chr02,10807753,-0.00037096774193548385,0.7622712274059751,0.3857841913173662,0.41365557286710064,68
chr02,10807755,-0.00037096774193548385,0.7622712274059751,0.3857841913173662,0.41365557286710064,68
chr02,10807967,0.000370967741935484,0.7622712274059751,0.3857841913173662,0.41365557286710064,68
chr02,10808197,-0.00024934612031386223,0.3492443924604859,0.5565596750843402,0.25448826318842466,68
chr02,10818003,0.0003183361629881156,0.5657783732280818,0.4545758393611674,0.3423936506853233,69
chr02,10818040,0.0003183361629881156,0.5657783732280818,0.4545758393611674,0.3423936506853233,69
chr02,10830694,-0.0003796296296296296,0.7270915910911919,0.39716323698727973,0.4010309583450271,63
chr02,10872683,0.0003771114864864865,0.8069658128042471,0.37223580052847727,0.42918186004924924,69
chr02,10872685,0.0003771114864864865,0.8069658128042471,0.37223580052847727,0.42918186004924924,69
chr02,10900571,0.0005059523809523809,1.3491819671341156,0.24987346960175244,0.6022798527859803,64
chr02,10901976,0.0003248355263157896,0.6037413103036436,0.4398487802948745,0.35669660799452907,70
chr02,10944700,0.0003652450090744102,0.7133005246942569,0.4014481856457246,0.39637050054788536,67
chr02,10944745,-0.00036524500907441016,0.7133005246942569,0.4014481856457246,0.39637050054788536,67
chr02,10969031,0.00022837837837837854,0.27562260978431985,0.6013709477986691,0.22085755647409236,67
chr02,11039476,-0.0002620967741935485,0.3627292295369232,0.5490896859486478,0.260356713962555,67
chr02,11058781,-0.000289695945945946,0.4738727950138801,0.4935875589371259,0.3066357953950904,69
chr02,11096421,0.00033445945945945947,0.6283034953111719,0.4307761560535398,0.36574834339856344,69
chr02,11096650,0.0003685503685503688,0.7824005891016241,0.37952490504009284,0.4207597197247843,70
chr02,11096651,0.0003685503685503688,0.7824005891016241,0.37952490504009284,0.4207597197247843,70
chr02,11096662,0.0003685503685503688,0.7824005891016241,0.37952490504009284,0.4207597197247843,70
chr02,11096840,0.0003973214285714286,0.7438100557754754,0.3919951650806589,0.40671928959112363,60
chr02,11136884,0.00041258445945945943,0.9599579634598253,0.3307221563101941,0.4805367091052556,69
chr02,11158565,-0.00045945945945945947,1.155780698021398,0.2863168278578811,0.543153126197577,67
chr02,11158584,-0.00045945945945945947,1.155780698021398,0.2863168278578811,0.543153126197577,67
chr02,11158590,-0.00045945945945945947,1.155780698021398,0.2863168278578811,0.543153126197577,67
chr02,11158625,-0.00045945945945945947,1.155780698021398,0.2863168278578811,0.543153126197577,67
chr02,11191896,-0.0003685503685503688,0.7824005891016241,0.37952490504009284,0.4207597197247843,70
chr02,11281819,0.00034655623365300805,0.653670772820407,0.4217081278210211,0.37498802849947716,68
chr02,11282783,-0.0003333333333333334,0.606951055231252,0.4387226390317014,0.35780995448754893,68
chr02,11282793,-0.00038928571428571435,0.8202635413878484,0.3684481359494003,0.43362363631567025,67
chr02,11282886,0.0003333333333333334,0.606951055231252,0.4387226390317014,0.35780995448754893,68
chr02,11282898,-0.0003333333333333334,0.606951055231252,0.4387226390317014,0.35780995448754893,68
chr02,11292836,0.0004809027777777778,1.3082810725906575,0.2568377392756509,0.5903411614639644,68
chr02,11298173,-0.00031071428571428586,0.5126050420168068,0.476745259905882,0.321713616282907,63
chr02,11298185,-0.00041269841269841296,0.8670611113409761,0.3553819643400776,0.44930461644724984,64
chr02,11298219,-0.00041269841269841296,0.8670611113409761,0.3553819643400776,0.44930461644724984,64
chr02,11302307,0.0003685503685503688,0.7824005891016241,0.37952490504009284,0.4207597197247843,70
chr02,11302665,-0.0002607142857142858,0.3673648385656463,0.5465550728240677,0.2623660704598728,67
chr02,11341768,1.81818181818181e-05,0.0017945371492495666,0.966338035918424,0.014870925909901736,68
chr02,11386819,0.00018382352941176468,0.19345001024146974,0.6614553472505702,0.17949946832791716,70
chr02,11423675,0.00011428571428571436,0.07470475144191395,0.785434361338399,0.10489010304875966,70
chr02,11423679,0.00011428571428571436,0.07470475144191395,0.785434361338399,0.10489010304875966,70
chr02,11423700,-0.00011428571428571436,0.07470475144191395,0.785434361338399,0.10489010304875966,70
chr02,11423713,-0.00011428571428571436,0.07470475144191395,0.785434361338399,0.10489010304875966,70
chr02,11471174,4.69208211143693e-05,0.011515690902759139,0.9148886107234999,0.03863177882199252,64
chr02,11482295,0.0002571428571428571,0.379888268156429,0.5397209738757481,0.26783070466683767,70
chr02,11556002,0.00010294117647058817,0.05928071268834396,0.8083916261422986,0.09237819384429875,68
chr02,11569268,6.955645161290305e-05,0.027720627208291045,0.8683179749785631,0.06132120859012565,63
chr02,11574630,0.0001838235294117646,0.1934500102414698,0.6614553472505702,0.17949946832791716,70
chr02,11574661,0.0001838235294117646,0.1934500102414698,0.6614553472505702,0.17949946832791716,70
chr02,11574728,0.00010882352941176459,0.06821367379984375,0.7947568065032631,0.09976574398676598,69
chr02,11581800,0.00019696969696969687,0.20798400123067137,0.6498959213600497,0.18715618858514038,66
chr02,11606258,-0.00022794117647058817,0.26901812583105594,0.6057799748912596,0.21768508712394172,66
chr02,11651504,-0.00010882352941176468,0.06821367379984375,0.7947568065032631,0.09976574398676598,69
chr02,11675467,-0.00027035984848484853,0.391081332993541,0.5339903787442688,0.2724665678701624,65
chr02,11702019,-5.323505323505322e-05,0.016142303989419442,0.8992739077382159,0.04610800737571583,70
chr02,11706855,0.0001281385281385282,0.08996290874495766,0.7651669584378157,0.11624379201373371,68
chr02,11743647,0.00019128787878787868,0.19069807466050367,0.6638293157937152,0.1779435723457444,65
chr02,11777354,-0.0003103448275862067,0.4860432519022769,0.48848279548289497,0.31115072766357255,60
chr02,11777356,-0.0003103448275862067,0.4860432519022769,0.48848279548289497,0.31115072766357255,60
chr02,11792967,-6.071428571428559e-05,0.01972652742759136,0.8887378802269205,0.05122630872232905,67
chr02,11805992,4.687499999999999e-05,0.011723181646286813,0.9141282740643427,0.03899285808509682,64
chr02,11853088,-0.00018493761140819977,0.1950136093399372,0.660241826554617,0.180296966424256,67
chr02,11853487,1.6129032258064446e-05,0.001281941714383371,0.9715573277408944,0.012531568314866888,62
chr02,11874278,-0.0001659663865546219,0.15354234630251262,0.6964164872778228,0.15713095574967928,69
chr02,11883680,8.82352941176477e-06,0.0004354232100067039,0.9834139327846925,0.007263643016931955,69
chr02,11915835,0.00015533088235294092,0.12988472693535022,0.7197383184571642,0.1428253751067243,66
chr02,11915864,0.00015533088235294092,0.12988472693535022,0.7197383184571642,0.1428253751067243,66
chr02,11961086,3.676470588235286e-06,7.776238730525156e-05,0.992991537666085,0.0030544525726784316,66
chr02,11961125,9.469696969696893e-06,0.0005006046986916005,0.9822201785631035,0.007791148041321177,65
chr02,11961205,9.469696969696893e-06,0.0005006046986916005,0.9822201785631035,0.007791148041321177,65
chr02,12032736,-2.8571428571428673e-05,0.0046642430893755575,0.9457510199125112,0.0242231816850869,70
chr02,12084488,-0.00011764705882352936,0.08066610648536954,0.7772858783895763,0.10941922241826599,68
chr02,12212664,1.5151515151515165e-05,0.0012432978475408452,0.971981823438024,0.012341856528845235,66
chr02,12212854,0.0001822916666666666,0.1929598877324306,0.6618993376821337,0.1792080534806715,68
chr02,12215046,-4.7043010752688125e-05,0.012585464590547792,0.9110224895655231,0.04047090187041502,67
chr02,12228275,-8.190008190008202e-05,0.03821903780200033,0.8455869602562679,0.07284172287708844,70
chr02,12234319,-3.181818181818172e-05,0.005318022741708376,0.9421045744649905,0.025900887448751974,63
chr02,12304537,7.186147186147183e-05,0.029595977164425694,0.8639365848128516,0.06351813469310692,68
chr02,12307664,0.00011229946524064168,0.06864777572265862,0.7941444251852244,0.100100508458099,67
chr02,12313296,0.0001666666666666667,0.1413626609442072,0.7082135500554412,0.14983576826131367,64
chr02,12339789,7.142857142857102e-06,0.0002899721815098126,0.9864644319677675,0.0059185690824504,69
chr02,12339955,-7.142857142857152e-06,0.0002899721815098126,0.9864644319677675,0.0059185690824504,69
chr02,12340008,-7.142857142857152e-06,0.0002899721815098126,0.9864644319677675,0.0059185690824504,69
chr02,12349135,1.4705882352941241e-05,0.0011827533063330758,0.9726690168321457,0.0120349178174736,68
chr02,12349226,1.4705882352941241e-05,0.0011827533063330758,0.9726690168321457,0.0120349178174736,68
chr02,12405088,-3.445378151260515e-05,0.0066900369788382395,0.9350554596171956,0.029162629671419346,69
chr02,12405157,-8.571428571428571e-05,0.04200123533045135,0.8382296440649908,0.07663698436808422,70
chr02,12408481,-4.91596638655461e-05,0.013518531120797435,0.907786982888822,0.04201604906627704,69
chr02,12417687,-5.437788018433181e-05,0.015681544368583537,0.9007371849006856,0.0454019080191696,66
chr02,12496386,8.571428571428571e-05,0.04200123533045135,0.8382296440649908,0.07663698436808422,70
chr02,12496472,-8.571428571428571e-05,0.04200123533045135,0.8382296440649908,0.07663698436808422,70
chr02,12496496,-0.00012268907563025202,0.08421719782861198,0.7725580141636315,0.11206889794181595,69
chr02,12520386,-0.00011140819964349382,0.06790597139955852,0.7952342273487031,0.09950493591862342,67
chr02,12520468,-0.00011140819964349382,0.06790597139955852,0.7952342273487031,0.09950493591862342,67
chr02,12584360,-2.9411764705882303e-05,0.00482385616137979,0.9448382653194307,0.024642526401574768,68
chr02,12620191,-4.3778801843317947e-05,0.010028320978496983,0.9205450241777717,0.03595496514610415,66
chr02,12624962,0.0001176470588235295,0.07803724504877127,0.7808486573683088,0.10743313211370764,68
chr02,12628495,-6.595365418894822e-05,0.023674197705157895,0.8781935135724599,0.05640977496345896,67
chr02,12649908,5.169340463458117e-05,0.014984169518885324,0.9029521275642118,0.04433527436625798,67
chr02,12654541,2.9411764705882327e-05,0.00482385616137979,0.9448382653194307,0.024642526401574768,68
chr02,12654563,2.9411764705882327e-05,0.00482385616137979,0.9448382653194307,0.024642526401574768,68
chr02,12654623,2.9411764705882327e-05,0.00482385616137979,0.9448382653194307,0.024642526401574768,68
chr02,12697696,3.92156862745098e-05,0.008110691081926519,0.9285169720708139,0.03221015351888517,67
chr03,81454,0.00023172905525846717,0.28473841003212563,0.5954322747676077,0.22516762858484604,67
chr03,92165,-0.0002909982174688056,0.4637292835164033,0.49830507642595623,0.30250468848105894,67
chr03,103130,0.0002450216450216452,0.33617077729929573,0.5640219963738589,0.24870395857426617,68
chr03,103163,0.0002450216450216452,0.33617077729929573,0.5640219963738589,0.24870395857426617,68
chr03,127209,0.00019696969696969706,0.21868176304083772,0.6416346466740035,0.1927121932695877,66
chr03,127220,-0.00019696969696969706,0.21868176304083772,0.6416346466740035,0.1927121932695877,66
chr03,146869,-0.00036316287878787883,0.7076406220718627,0.4034098822341782,0.3942534671862072,65
chr03,152255,-0.0003529411764705883,0.6892950391644864,0.4093974239398196,0.38785489438538717,68
chr03,178742,-0.00026722689075630256,0.3986087041240628,0.5299568020423872,0.27575952926564584,69
chr03,249256,-0.0005166330645161288,1.337275061156191,0.2520239829561097,0.5985581291791789,63
chr03,260647,0.0004740143369175629,1.2433195973265503,0.2689379547693132,0.5703479021884795,67
chr03,260936,-0.000345959595959596,0.6749905932454934,0.41423106228031825,0.3827573374292261,69
chr03,307100,0.00040798611111111114,0.9283160265522026,0.33881787018810783,0.4700336918495481,68
chr03,348428,0.0002205882352941178,0.2674615467742531,0.6067686151286512,0.21697689101804662,68
chr03,353963,0.00014820075757575755,0.1107772105444684,0.7403660668099199,0.13055349447737272,65
chr03,379261,-0.00021176470588235306,0.25174449812131233,0.6174942099679175,0.20936711028007418,69
chr03,415069,0.0002878787878787879,0.4493892476464653,0.5050370040175889,0.29667679999641683,66
chr03,415112,0.0002787878787878791,0.44023618756665256,0.509319506526378,0.29300969037685987,68
chr03,422655,-2.2268907563025252e-05,0.002771144878784335,0.9581740609247436,0.018555590261144443,69
chr03,442707,4.957983193277327e-05,0.013645342553521796,0.9073574708132159,0.04222158061771646,69
chr03,442727,4.957983193277327e-05,0.013645342553521796,0.9073574708132159,0.04222158061771646,69
chr03,442728,4.957983193277327e-05,0.013645342553521796,0.9073574708132159,0.04222158061771646,69
chr03,442729,4.957983193277327e-05,0.013645342553521796,0.9073574708132159,0.04222158061771646,69
chr03,453244,-0.00016473214285714293,0.14543635095605698,0.7041790255228766,0.1523169148456907,67
chr03,453562,-0.000353896103896104,0.6628030886351512,0.4188458884384698,0.37794574341186193,61
chr03,453736,0.0002968750000000001,0.42286150098391245,0.5181716602418183,0.28552634306219465,58
chr03,569494,0.0002776292335115864,0.4253719287778285,0.5165684799740357,0.28687209717736445,67
chr03,569524,0.0002776292335115864,0.4253719287778285,0.5165684799740357,0.28687209717736445,67
chr03,569566,0.0002776292335115864,0.4253719287778285,0.5165684799740357,0.28687209717736445,67
chr03,593573,0.0004972222222222222,1.3213898853575985,0.25462041188708545,0.5941067836572629,66
chr03,593901,0.0004939422180801491,1.294164024002385,0.25952308286526515,0.5858240084699364,66
chr03,658481,0.000500877192982456,1.431224274491272,0.23584481998885756,0.6273736580019572,68
chr03,674768,0.0002741935483870968,0.3849569310007947,0.5373118841509137,0.26977355369133565,62
chr03,674769,-0.0002741935483870968,0.3849569310007947,0.5373118841509137,0.26977355369133565,62
chr03,674793,0.0002741935483870968,0.3849569310007947,0.5373118841509137,0.26977355369133565,62
chr03,674794,0.0002741935483870968,0.3849569310007947,0.5373118841509137,0.26977355369133565,62
chr03,674858,0.0003548387096774194,0.6461374154503431,0.4246703370033066,0.3719480731880049,62
chr03,675180,-0.0004087719298245614,0.9317901078856924,0.3379219605230651,0.47118358382711917,68
chr03,675206,-0.0004087719298245614,0.9317901078856924,0.3379219605230651,0.47118358382711917,68
chr03,688740,-0.00034079391891891886,0.6819036530369432,0.4118627749001297,0.385247458798692,69
chr03,688779,0.0003407939189189188,0.6819036530369432,0.4118627749001297,0.385247458798692,69
chr03,703639,-0.00038709677419354843,0.7218648174450707,0.39891038970565396,0.39912465225102006,62
chr03,703660,-0.00038709677419354843,0.7218648174450707,0.39891038970565396,0.39912465225102006,62
chr03,797241,-0.0004411764705882352,1.074685193226233,0.3036728951778861,0.5175939700178643,68
chr03,851938,-0.0005312499999999999,1.6016092217223037,0.21019297737155712,0.6773817980115331,67
chr03,852021,-0.0005312499999999999,1.6016092217223037,0.21019297737155712,0.6773817980115331,67
chr03,875682,0.0005729166666666665,1.8951295218749067,0.1732767365676332,0.7612597399893877,68
chr03,889839,0.0007017857142857144,2.792734461997517,0.09950086647143139,1.002173137323391,67
chr03,889963,0.000625,2.1545192817637733,0.1469734561439718,0.8327610930825813,67
chr03,890148,-0.0006249999999999998,2.1545192817637733,0.1469734561439718,0.8327610930825813,67
chr03,898464,0.0005312499999999998,1.6557260358817594,0.2026095571047545,0.69334007279625,69
chr03,898525,0.0006060606060606063,2.158082086031642,0.14643290596895076,0.8343613189407793,70
chr03,898540,0.0006060606060606063,2.158082086031642,0.14643290596895076,0.8343613189407793,70
chr03,912213,-0.0006209821428571427,2.108281687243387,0.15131375700525684,0.8201215853947503,67
chr03,925079,-0.0005848214285714286,1.8980700165633229,0.1730195755097374,0.7619047578254963,67
chr03,937193,-0.0006060606060606063,2.158082086031642,0.14643290596895076,0.8343613189407793,70
chr03,937234,-0.0006060606060606063,2.158082086031642,0.14643290596895076,0.8343613189407793,70
chr03,954447,0.0005782828282828281,1.9206521875790845,0.17038042801579142,0.7685802950912104,69
chr03,954463,0.0006060606060606063,2.158082086031642,0.14643290596895076,0.8343613189407793,70
chr03,957141,-0.0005774891774891777,1.86136868124149,0.17710112857009574,0.7517786712763095,68
chr03,957216,-0.0005774891774891777,1.86136868124149,0.17710112857009574,0.7517786712763095,68
chr03,957934,-0.0005489177489177488,1.6908817512650467,0.19800729803987957,0.7033188024655501,68
chr03,971891,-0.0006477272727272726,2.425154103533981,0.12411288962843486,0.9061831129105294,69
chr03,971901,0.0006477272727272726,2.425154103533981,0.12411288962843486,0.9061831129105294,69
chr03,972103,-0.0006060606060606063,2.158082086031642,0.14643290596895076,0.8343613189407793,70
chr03,1036248,0.0005078465562336526,1.4547547565559862,0.23207246525035014,0.634376384314476,68
chr03,1103196,-0.0004305555555555557,0.9560019025532143,0.3318777742789739,0.47902183114428254,66
chr03,1165791,-0.00037016806722689054,0.7745206461914292,0.38196801363068544,0.41797300380378116,69
chr03,1165848,0.00037016806722689065,0.7745206461914292,0.38196801363068544,0.41797300380378116,69
chr03,1165851,0.00037016806722689065,0.7745206461914292,0.38196801363068544,0.41797300380378116,69
chr03,1212248,0.00041515151515151503,0.972653726184156,0.3276210407553649,0.4846282143886847,68
chr03,1212469,-0.0004437229437229438,1.093678826986727,0.2994726134876353,0.5236428873148079,68
chr03,1252320,0.00037204391891891884,0.7919670669008029,0.37669033927868,0.4240155177095565,69
chr03,1252414,0.0003420138888888889,0.6548175114370958,0.4213032258111742,0.3754052155785184,68
chr03,1268050,-0.0005165441176470586,1.3955626472782101,0.24183922506871444,0.6164732574483355,66
chr03,1271169,0.0004040404040404038,0.9240423404475357,0.3398722561594708,0.4686842855158408,69
chr03,1320835,-0.00031008403361344533,0.5421040725070829,0.4641321744838621,0.3333583244565046,69
chr03,1320929,-0.00028526785714285725,0.43452856063634543,0.5121038234541683,0.29064198163709726,67
chr03,1320951,-0.00031008403361344533,0.5421040725070829,0.4641321744838621,0.3333583244565046,69
chr03,1352223,-0.0005701830863121186,1.8039435513740658,0.18383697590596443,0.7355671326840458,68
chr03,1352332,-0.0005692055692055695,1.8964955276397746,0.17298770266614563,0.7619847688599843,70
chr03,1387953,-0.0005566695727986052,1.725492194732426,0.19353568720798814,0.7132389410922975,68
chr03,1387974,-0.0005566695727986052,1.725492194732426,0.19353568720798814,0.7132389410922975,68
chr03,1392056,-0.0004116071428571429,0.9447393867778531,0.3346651858689639,0.4753894635352453,67
chr03,1392437,-0.000540540540540541,1.7056207958043648,0.1959553036785689,0.7078429775180302,70
chr03,1399684,-0.0005092905405405406,1.4750876676720845,0.22880796700439623,0.6405288576508338,69
chr03,1400445,0.0005300179211469536,1.528493293084888,0.22078761458289362,0.6560252926691605,67
chr03,1403385,-0.0006186655405405406,2.2365985708093263,0.1394727993341577,0.8555104823611982,69
chr03,1403495,0.00035483870967741954,0.7438266014610937,0.3916581022610637,0.4070928847453392,66
chr03,1410308,-0.0006362478777589141,2.3576600253845865,0.12937822835225066,0.8881388001897291,69
chr03,1410327,-0.0006362478777589141,2.3576600253845865,0.12937822835225066,0.8881388001897291,69
chr03,1421395,-0.0006613756613756614,2.2036766022903187,0.14291692316087454,0.8449163422361651,62
chr03,1421439,-0.0006613756613756614,2.2036766022903187,0.14291692316087454,0.8449163422361651,62
chr03,1421444,-0.0006613756613756614,2.2036766022903187,0.14291692316087454,0.8449163422361651,62
chr03,1424763,0.0006039898132427846,2.080568909056485,0.15384321887715932,0.8129216418873386,69
chr03,1444288,-0.0006039898132427845,2.080568909056473,0.15384321887716065,0.8129216418873348,69
chr03,1471523,-0.0005895593869731802,1.8229591735901198,0.18179226684848834,0.7404245949119616,65
chr03,1495699,0.0005233446519524621,1.551457479738887,0.21725877018601097,0.6630226831577212,69
chr03,1524143,0.0006500000000000002,2.3749223346922017,0.12815233059877396,0.8922734912590325,67
chr03,1525728,0.0005550986842105266,1.7936273475416808,0.18494426542494383,0.7329591303281167,70
chr03,1526030,-0.0005073732718894011,1.4942625809614398,0.22603907659568281,0.6458164755301234,66
chr03,1532263,0.0004794061302681995,1.1943999714673281,0.2786053258364491,0.5550105858328246,65
chr03,1540205,-0.0005550986842105264,1.7936273475416702,0.184944265424946,0.7329591303281116,70
chr03,1541635,0.0006102195945945949,2.154948335756882,0.14679037164922537,0.8333024299563728,69
chr03,1620959,0.0004538530465949822,1.1083628899329645,0.29633611847465297,0.5282154119750203,67
chr03,1631251,0.0003442396313364059,0.6201601304315786,0.4338946412104203,0.3626157135654542,66
chr03,1673093,0.0003800505050505053,0.816272750585054,0.3695091668497593,0.43237478308002303,69
chr03,1687848,-0.0003972153972153976,0.910533441908401,0.3433528030743781,0.4642594027483965,70
chr03,1740865,-0.0005395537525354969,1.4796688558560682,0.2285122933612868,0.6410904310630243,63
chr03,1798853,-0.00011964472309299921,0.07426749345663565,0.786157434108507,0.10449047442109673,62
chr03,1817259,0.0004896396396396397,1.31577995183856,0.25555561536388943,0.5925145717826724,67
chr03,1817274,0.0004896396396396397,1.31577995183856,0.25555561536388943,0.5925145717826724,67
chr03,1901099,0.0006315126050420165,2.2885535084867508,0.13503431936177043,0.8695558402809834,69
chr03,1930190,-0.0006778074866310163,2.5214019249949065,0.11716364966796565,0.9312071084314512,67
chr03,2021647,-0.000515625,1.4330073837557404,0.23568957286413833,0.6276596306608131,66
chr03,2087227,-0.0004125816993464051,0.9858338646214448,0.32428280088221906,0.48907608456792556,70
chr03,2105981,-0.0004666666666666667,1.1509627384560563,0.28750576398544736,0.5413534440457235,64
chr03,2105995,0.0004666666666666667,1.1509627384560563,0.28750576398544736,0.5413534440457235,64
chr03,2116066,-0.0004726890756302521,1.2733614309085497,0.2631615179981991,0.5797776171208016,69
chr03,2116101,-0.0004726890756302521,1.2733614309085497,0.2631615179981991,0.5797776171208016,69
chr03,2116118,-0.0004726890756302521,1.2733614309085497,0.2631615179981991,0.5797776171208016,69
chr03,2116120,-0.0004726890756302521,1.2733614309085497,0.2631615179981991,0.5797776171208016,69
chr03,2153042,-0.0004246880570409984,0.9737216036898814,0.32741280275279416,0.48490434246781194,67
chr03,2156726,0.00045714285714285735,1.2153029879921822,0.2741708881827881,0.5619786610446095,70
chr03,2170588,0.00042815126050420164,1.0402287695702774,0.3114370175754065,0.5066297682185662,69
chr03,2196906,-0.00044162210338680955,1.0786708464657508,0.3028432088864419,0.5187821607367297,67
chr03,2196950,-0.000559640522875817,1.8362122371371579,0.17988009860115795,0.7450168830457954,70
chr03,2197089,-0.0005588235294117648,1.7448553643354063,0.19108651199561272,0.7187699669094566,68
chr03,2211024,0.00044097222222222216,1.1040122461297883,0.2972193545548627,0.5269229132738773,68
chr03,2214387,-0.00041469594594594584,0.9992578763869282,0.32108680862945616,0.49337753640520965,69
chr03,2263540,-0.00041160714285714303,0.939915706142217,0.3358932975004397,0.4737986620934825,67
chr03,2264305,-0.00040259740259740266,0.9155234531975339,0.3421449419518946,0.4657898759471338,68
chr03,2273760,-0.0004621212121212121,1.213958425647744,0.2744919074408723,0.5614704548772084,69
chr03,2273770,-0.0004621212121212121,1.213958425647744,0.2744919074408723,0.5614704548772084,69
chr03,2273838,0.0004621212121212121,1.213958425647744,0.2744919074408723,0.5614704548772084,69
chr03,2288918,0.00042981691368788134,1.040648738784047,0.3113954922718033,0.5066876785233618,68
chr03,2295227,0.0002977977977977979,0.4938239468712872,0.4848567189484241,0.3143865817347463,64
chr03,2343005,-0.0005692599620493358,1.8218718608758189,0.18192076840194363,0.7401177182674924,65
chr03,2395294,0.0006033868092691622,2.069687566042478,0.15505022738052052,0.809527592535117,67
chr03,2434341,0.0005312500000000001,1.5405382168343251,0.219213351837959,0.6591329973913458,64
chr03,2467168,0.000546875,1.445851301342633,0.23384164073727204,0.6310781504360987,63
chr03,2489284,0.00045409982174688074,1.1415717487522956,0.2892724580192988,0.5386929140867129,67
chr03,2531058,0.000307040998217469,0.5234732829057113,0.4719596086053245,0.32609516770157904,67
chr03,2554024,0.0004718487394957981,1.2615388871646973,0.2653685876320534,0.5761504869932985,69
chr03,2561120,0.00038235294117647066,0.8104337717067436,0.371265165142486,0.4303157975988135,68
chr03,2714966,0.00017857142857142857,0.17166112749208437,0.6800470319434126,0.1674610505185262,65
chr03,2721257,-0.0003198924731182797,0.5878849579395582,0.4460140659357449,0.3506514447364009,67
chr03,2722262,0.0002711598746081506,0.3590136810148123,0.5513103214016424,0.2586038767646662,62
chr03,2749333,0.0003750000000000001,0.7474822878549884,0.39045403407797086,0.40843008578488,67
chr03,2764985,0.00038440860215053775,0.8051045854288527,0.3728830010898013,0.4284274147110225,67
chr03,2806479,0.0003243243243243241,0.5822746784508693,0.4481410345730633,0.3485852875693959,68
chr03,2877299,0.0002282051282051283,0.28759011119245437,0.5935451093529587,0.22654626912959835,69
chr03,2929825,-0.00010092514718250643,0.05653181473360553,0.8127789396346589,0.09002755815926057,70
chr03,2966887,1.5692640692640768e-05,0.001172619524347868,0.972798542746257,0.011977088644668147,61
chr03,2977375,-8.71794871794871e-05,0.04149031283798761,0.8392118312806139,0.07612840205036069,69
chr03,2981483,-0.0001252268602540834,0.0845387558080024,0.7721640391794713,0.11229042797690326,67
chr03,2981498,-0.0001252268602540834,0.0845387558080024,0.7721640391794713,0.11229042797690326,67
chr03,2982549,8.620689655172346e-06,0.0003806378200932416,0.9844959655844499,0.006786059239424376,65
chr03,3078112,-5.26315789473684e-05,0.01476086283952778,0.9036686864448445,0.043990766452120036,68
chr03,3207971,0.0002462422634836427,0.3290289769466085,0.5681809714955081,0.24551331498633064,68
chr03,3208019,-0.0002462422634836428,0.3290289769466085,0.5681809714955081,0.24551331498633064,68
chr03,3212548,-0.00023935185185185184,0.292591645817387,0.5904135040091947,0.2288437178354094,67
chr03,3243601,0.00028310104529616733,0.43278072551279734,0.5128816413447433,0.2899828462751896,69
chr03,3243677,-0.0002523128679562659,0.3548727155068924,0.5533453316631872,0.25700374965800454,70
chr03,3255564,-0.00024497354497354486,0.3297639969730331,0.5679448275065003,0.24569385138983035,62
chr03,3255614,-0.00024497354497354486,0.3297639969730331,0.5679448275065003,0.24569385138983035,62
chr03,3255747,0.00029956896551724136,0.4966189048079782,0.48343207182247583,0.3156645410332714,69
chr03,3304212,0.00040154440154440167,0.8183925992427518,0.36909711153966107,0.4328593534694603,65
chr03,3308206,-0.0002958333333333333,0.49336282867419334,0.48482857001489665,0.31441179594938895,70
chr03,3327808,-0.00021434634974533114,0.2572802069338918,0.6136603977715833,0.21207190276173432,69
chr03,3327809,-0.00021434634974533114,0.2572802069338918,0.6136603977715833,0.21207190276173432,69
chr03,3332216,0.00015897435897435896,0.13818909974373902,0.7112610543039569,0.1479709708100144,69
chr03,3337680,-0.00016542597187758497,0.1546577571668535,0.6953536825937929,0.15779424098071354,70
chr03,3390103,-0.00021891891891891882,0.2529164880093507,0.6167287694464559,0.20990579193300096,67
chr03,3392402,0.00016542597187758497,0.1546577571668535,0.6953536825937929,0.15779424098071354,70
chr03,3398597,-0.00015897435897435888,0.13818909974373902,0.7112610543039569,0.1479709708100144,69
chr03,3398612,-0.00015897435897435888,0.13818909974373902,0.7112610543039569,0.1479709708100144,69
chr03,3398640,0.00015897435897435896,0.13818909974373902,0.7112610543039569,0.1479709708100144,69
chr03,3401292,0.0002549450549450552,0.30615721319284517,0.5821386432658879,0.23497357061702726,61
chr03,3403911,0.00029594594594594596,0.47048270784966983,0.49520453831084643,0.3052153838701552,67
chr03,3404027,0.00029594594594594596,0.47048270784966983,0.49520453831084643,0.3052153838701552,67
chr03,3429667,0.00015897435897435896,0.13818909974373902,0.7112610543039569,0.1479709708100144,69
chr03,3459831,-0.00016542597187758497,0.1546577571668535,0.6953536825937929,0.15779424098071354,70
chr03,3459907,0.00016542597187758497,0.1546577571668535,0.6953536825937929,0.15779424098071354,70
chr03,3470169,-0.00014855687606112058,0.12172110844380116,0.7282692972705012,0.13770799885675242,69
chr03,3470188,-0.00014855687606112058,0.12172110844380116,0.7282692972705012,0.13770799885675242,69
chr03,3490199,-0.00016542597187758497,0.1546577571668535,0.6953536825937929,0.15779424098071354,70
chr03,3499171,-0.00023828470380194526,0.30809872303732616,0.5807256677695308,0.23602897795442782,68
chr03,3514808,-6.904761904761902e-05,0.026588134575113696,0.8709941574250915,0.059984758203075285,65
chr03,3514809,-6.904761904761902e-05,0.026588134575113696,0.8709941574250915,0.059984758203075285,65
chr03,3514832,-6.904761904761902e-05,0.026588134575113696,0.8709941574250915,0.059984758203075285,65
chr03,3514877,-6.904761904761902e-05,0.026588134575113696,0.8709941574250915,0.059984758203075285,65
chr03,3530711,0.00016931918656056598,0.1515349025033902,0.698326040737687,0.15594176271651544,68
chr03,3548914,0.00012117117117117117,0.07910708285874091,0.779404555791428,0.10823705998893368,67
chr03,3548955,4.7515257192676595e-05,0.0122657106699698,0.9121501646235968,0.03993365915077471,68
chr03,3548965,4.7515257192676595e-05,0.0122657106699698,0.9121501646235968,0.03993365915077471,68
chr03,3548999,4.7515257192676595e-05,0.0122657106699698,0.9121501646235968,0.03993365915077471,68
chr03,3581393,0.00022152560083594583,0.23425031802183935,0.6301519492889736,0.2005547159735957,62
chr03,3581401,0.00022152560083594583,0.23425031802183935,0.6301519492889736,0.2005547159735957,62
chr03,3644924,7.272727272727284e-05,0.027281430597969416,0.8693556228098113,0.060802532607008956,63
chr03,3732829,0.0001796536796536796,0.17734256914376298,0.675035272941438,0.17067353317847347,68
chr03,3753298,6.250000000000006e-05,0.019238228221239665,0.890135219833749,0.05054401496524389,64
chr03,3758642,-7.352941176470582e-05,0.030695390110502607,0.8614580897286048,0.06476584629760958,68
chr03,3758704,-7.352941176470582e-05,0.030695390110502607,0.8614580897286048,0.06476584629760958,68
chr03,3767919,0.0001515151515151514,0.1273986782387149,0.7223187703377073,0.1412710993191755,66
chr03,3767948,0.0001515151515151514,0.1273986782387149,0.7223187703377073,0.1412710993191755,66
chr03,3767950,0.0001515151515151514,0.1273986782387149,0.7223187703377073,0.1412710993191755,66
chr03,3780372,2.9411764705882327e-05,0.00470924009989285,0.9454964772487624,0.02434008491970689,68
chr03,3853610,0.00038994307400379513,0.8373015376590207,0.3636588156839562,0.439305879957004,65
chr03,3853678,-0.0003899430740037951,0.8373015376590207,0.3636588156839562,0.439305879957004,65
chr03,3866685,0.0001432900432900433,0.1124957341696298,0.7383842748379871,0.1317175609309663,68
chr03,3873142,0.00019999999999999993,0.2293028697267883,0.6335774646624259,0.19820027830430734,70
chr03,3888445,-0.0003169191919191916,0.5655107930998838,0.45468209048549624,0.34229215192311874,69
chr03,3980582,0.0003717948717948716,0.6715106994570379,0.41576867391346906,0.381148235685242,62
chr03,3980614,0.0003717948717948716,0.6715106994570379,0.41576867391346906,0.381148235685242,62
chr03,3993813,0.00033734402852049906,0.6447563066773854,0.42492013327662603,0.37169269097734287,67
chr03,3995233,-0.0004968749999999999,1.240779524675691,0.2697632758729749,0.5690171731640479,62
chr03,4059339,0.0006093749999999999,1.8738226761514856,0.1759771187221164,0.7545437972922969,64
chr03,4068806,0.000644957983193277,2.482251697312511,0.11984778549777135,0.9213699862860086,69
chr03,4079463,0.0007250445632798573,3.014705713585434,0.0872502566706629,1.0592332867700593,67
chr03,4087866,0.0005770202020202016,1.8969802202944708,0.17300071964539654,0.7619520902967849,69
chr03,4087868,0.0005770202020202016,1.8969802202944708,0.17300071964539654,0.7619520902967849,69
chr03,4088996,0.0005428571428571428,1.7264223925733224,0.19328390988866734,0.7138042977428491,70
chr03,4089054,0.0005428571428571428,1.7264223925733224,0.19328390988866734,0.7138042977428491,70
chr03,4160951,0.0004962121212121212,1.4035640039990678,0.24031325583110805,0.6192222725771974,69
chr03,4160988,0.0004962121212121212,1.4035640039990678,0.24031325583110805,0.6192222725771974,69
chr03,4162528,0.0007785923753665687,3.236575598181562,0.07687815715893406,1.1141970356581672,64
chr03,4191536,0.0004710084033613443,1.285045903999265,0.26100294015096537,0.5833546003852891,69
chr03,4191817,0.0006204044117647057,2.112310139284262,0.15100468952578922,0.8210095652661132,66
chr03,4211402,0.0004545454545454545,1.157036384035909,0.28599750004537516,0.5436377630990821,68
chr03,4221265,-0.000526960784313725,1.6230562490479685,0.20700326371016778,0.6840228071993985,70
chr03,4221439,-0.000526960784313725,1.6230562490479685,0.20700326371016778,0.6840228071993985,70
chr03,4225141,0.000526960784313725,1.6230562490479685,0.20700326371016778,0.6840228071993985,70
chr03,4230586,0.0005260416666666665,1.536046323272741,0.21959636665522753,0.6583748498077354,68
chr03,4230651,0.0005260416666666665,1.536046323272741,0.21959636665522753,0.6583748498077354,68
chr03,4230659,0.0005260416666666665,1.536046323272741,0.21959636665522753,0.6583748498077354,68
chr03,4230844,0.000526960784313725,1.6230562490479685,0.20700326371016778,0.6840228071993985,70
chr03,4230876,0.000526960784313725,1.6230562490479685,0.20700326371016778,0.6840228071993985,70
chr03,4238027,0.00048106060606060606,1.3277077209819703,0.2533082529261435,0.596350660419103,69
chr03,4238248,-0.000604017857142857,2.053296561957838,0.1566693602936822,0.8050159298650559,67
chr03,4238631,0.0006040178571428569,2.053296561957838,0.1566693602936822,0.8050159298650559,67
chr03,4254378,-0.0006686274509803919,2.41416212147189,0.12533243830315163,0.901936511186073,64
chr03,4254680,-0.000526960784313725,1.6230562490479685,0.20700326371016778,0.6840228071993985,70
chr03,4254692,-0.000526960784313725,1.6230562490479685,0.20700326371016778,0.6840228071993985,70
chr03,4254740,-0.000526960784313725,1.6230562490479685,0.20700326371016778,0.6840228071993985,70
chr03,4277766,-0.000526960784313725,1.6230562490479685,0.20700326371016778,0.6840228071993985,70
chr03,4305880,-0.000526960784313725,1.6230562490479685,0.20700326371016778,0.6840228071993985,70
chr03,4342639,-0.0003999999999999998,0.8606319054080295,0.3569940277225584,0.44733904929069995,67
chr03,4359538,0.0004999999999999998,1.3583353113379244,0.24815156141163464,0.6052829878036576,66
chr03,4379192,-0.0004062499999999998,0.9383022134428087,0.3361986723580316,0.4734040059135594,69
chr03,4379605,-0.00044444444444444436,1.1132818291136155,0.29521685087945293,0.5298588567572068,68
chr03,4414150,-0.0005303030303030302,1.6553942759561924,0.20265424707380375,0.6932442902129891,69
chr03,4414151,-0.0005303030303030302,1.6553942759561924,0.20265424707380375,0.6932442902129891,69
chr03,4417161,-0.00041107236268526584,0.9653783886850127,0.32942364264559143,0.48224523485039317,68
chr03,4441938,0.0006611111111111108,2.5158408723097807,0.11763647376312421,0.9294580022554952,66
chr03,4462185,-0.00042279411764705854,0.9715335169880576,0.32800977839688705,0.48411320921359713,66
chr03,4462215,-0.00042279411764705854,0.9715335169880576,0.32800977839688705,0.48411320921359713,66
chr03,4462855,0.00044117647058823515,1.1295681063122898,0.29162735859019556,0.5351717357470472,70
chr03,4511103,0.0002407563025210084,0.3257510403007502,0.5700811685696069,0.24406330476219407,69
chr03,4535187,-0.00024075630252100834,0.3257510403007502,0.5700811685696069,0.24406330476219407,69
chr03,4535239,-0.00024075630252100834,0.3257510403007502,0.5700811685696069,0.24406330476219407,69
chr03,4608607,0.0002865591397849462,0.38360750945827454,0.538063305731229,0.2691666244965829,61
chr03,4608638,0.0002865591397849462,0.38360750945827454,0.538063305731229,0.2691666244965829,61
chr03,4608651,0.00029977753058954386,0.4059111950063691,0.5265590653840324,0.27855290589997067,60
chr03,4608707,0.00029977753058954386,0.4059111950063691,0.5265590653840324,0.27855290589997067,60
chr03,4662288,-0.00010322580645161278,0.057108484609469864,0.811889489520498,0.0905030808051967,66
chr03,4671408,-3.055555555555556e-05,0.0051841324310196064,0.9428257138194241,0.025568581411185898,66
chr03,4821815,0.0004333333333333334,1.0674345160691023,0.3051861988826999,0.5154351099196802,70
chr03,5024221,-0.0005076923076923078,1.4906666908805317,0.22639230206388813,0.6451383443919513,69
chr03,5024600,-0.0004333333333333334,1.0674345160691023,0.3051861988826999,0.5154351099196802,70
chr03,5027631,-0.0005076923076923078,1.4906666908805317,0.22639230206388813,0.6451383443919513,69
chr03,5027907,-0.0005993647912885665,2.00264530119298,0.16179822058372792,0.7910262589593302,67
chr03,5032406,-0.000516025641025641,1.2875448166578374,0.26094014342064453,0.5834591032494898,63
chr03,5143915,0.0005274390243902442,1.547270239474301,0.21787333513341883,0.6617959185056193,69
chr03,5144205,0.0005274390243902442,1.547270239474301,0.21787333513341883,0.6617959185056193,69
chr03,5166905,0.0003846153846153845,0.7866075030254122,0.3783977719259318,0.42205142946665575,67
chr03,5167021,0.0003846153846153845,0.7866075030254122,0.3783977719259318,0.42205142946665575,67
chr03,5167029,0.0003625,0.7142539380826238,0.40108860635788235,0.3967596747577723,68
chr03,5173038,0.0005095818815331013,1.430950900552519,0.23582546963607984,0.6274092920099659,69
chr03,5175263,0.0004696428571428572,1.2007998398636872,0.27714444299899876,0.5572938249880481,68
chr03,5233435,-0.0007023041474654379,2.7459629901228406,0.10239505218108692,0.9897210283442386,66
chr03,5248943,-0.0006666666666666668,2.6247217688084374,0.10990862099361229,0.9589682411241626,69
chr03,5340870,-0.0006432773109243701,2.4159751244325216,0.12481446288185336,0.9037350878438752,69
chr03,5340871,-0.0006432773109243701,2.4159751244325216,0.12481446288185336,0.9037350878438752,69
chr03,5381041,-0.0007193277310924367,3.0485206171716945,0.08539445077489041,1.0685703503431636,69
chr03,5406604,-0.0008552631578947372,4.417960941104112,0.03926928712596224,1.405946982612215,70
chr03,5406652,-0.0008552631578947372,4.417960941104112,0.03926928712596224,1.405946982612215,70
chr03,5427180,0.0009775042444821734,5.738072955796425,0.01940221421819291,1.7121487047156658,69
chr03,5427235,0.0009775042444821734,5.738072955796425,0.01940221421819291,1.7121487047156658,69
chr03,5451005,-0.0007833333333333335,3.616864510847324,0.06143363361779438,1.2115937966861712,70
chr03,5451065,0.0008615384615384618,4.48004245479702,0.03801048565293429,1.420096581461299,69
chr03,5472242,-0.0007833333333333335,3.616864510847324,0.06143363361779438,1.2115937966861712,70
chr03,5486593,0.0009431034482758619,5.390383409011662,0.023297020252854024,1.632699622772177,69
chr03,5486680,-0.0009431034482758619,5.390383409011662,0.023297020252854024,1.632699622772177,69
chr03,5497269,-0.0008232142857142855,3.808941723926406,0.05522528932400659,1.2578620001918757,68
chr03,5500146,-0.0008306034482758618,4.016956275838988,0.049089704471061625,1.309009582423934,69
chr03,5518051,-0.0009056034482758619,4.78626998387274,0.0321802468780778,1.4924106284353853,69
chr03,5557367,0.0005990143369175628,2.043618739334793,0.15763455670270707,0.802348570221005,67
chr03,5557382,0.0005990143369175628,2.043618739334793,0.15763455670270707,0.802348570221005,67
chr03,5557385,0.0005990143369175628,2.043618739334793,0.15763455670270707,0.802348570221005,67
chr03,5557595,0.0006399302528334783,2.370399978667804,0.12843639258552758,0.8913119010360934,68
chr03,5812951,0.0004545454545454546,1.1497923985946954,0.2876193848473279,0.5411818469104358,66
chr03,5812966,0.0004545454545454546,1.1497923985946954,0.2876193848473279,0.5411818469104358,66
chr03,5817801,0.0006957720588235293,2.7669710512149837,0.10111789938401475,0.995171960970381,66
chr03,5887063,0.0005714285714285716,1.9181946403384953,0.17058296632666858,0.7680643377621047,70
chr03,5891514,-0.000393939393939394,0.8489795918367367,0.36030151401036625,0.4433339129399735,66
chr03,5897693,0.0005273109243697482,1.6044356220257556,0.2096615380474733,0.6784812326047134,69
chr03,5910276,-0.0004933035714285714,1.3278740170917727,0.2534042981017559,0.5961860231303806,67
chr03,5913258,-0.0006596638655462185,2.601184192827627,0.11148467957275275,0.9527848100522892,69
chr03,5917061,0.0005601604278074869,1.8223424031891076,0.18171710386209397,0.7406041934220954,67
chr03,5970721,-0.0006951871657754013,2.8053708529161723,0.09875421161287273,1.005444373765024,67
chr03,6043091,0.000439916405433647,0.9625366422862967,0.3304881600635342,0.48084409475982365,62
chr03,6043125,0.00046060606060606066,1.0899874786444768,0.30059382548897357,0.5220199445195964,63
chr03,6043457,0.00046060606060606066,1.0899874786444768,0.30059382548897357,0.5220199445195964,63
chr03,6125388,-0.0007229437229437229,2.9693980072310584,0.08953583590138034,1.048003107485578,68
chr03,6139314,-0.0006176470588235294,2.203736023474802,0.14236643283827285,0.8465923965950946,69
chr03,6152940,0.0005917748917748919,1.9765304161401727,0.16444686486413768,0.7839744018115117,68
chr03,6153008,0.0006338383838383839,2.3074123008651717,0.13346331604837747,0.8746380888092328,69
chr03,6161187,-0.0005418894830659538,1.625890874406519,0.20681122698200088,0.6844258887696598,67
chr03,6199768,-0.0004125816993464051,0.9858338646214447,0.32428280088221906,0.48907608456792556,70
chr03,6204880,0.0002878787878787879,0.4575774380099833,0.5011957909994202,0.299992584831522,66
chr03,6205005,0.000412581699346405,0.9858338646214447,0.32428280088221906,0.48907608456792556,70
chr03,6207631,0.00036607142857142855,0.7355980584223696,0.39422605634474306,0.40425467444327545,67
chr03,6243097,-0.0004125816993464051,0.9858338646214447,0.32428280088221906,0.48907608456792556,70
chr03,6243338,-0.000380050505050505,0.8162727505850467,0.36950916684976376,0.4323747830800178,69
chr03,6246265,0.000380050505050505,0.8162727505850467,0.36950916684976376,0.4323747830800178,69
chr03,6262253,-0.00043894830659536535,1.047056612802437,0.3099792197047946,0.5086674192948665,67
chr03,6262280,-0.00043894830659536535,1.047056612802437,0.3099792197047946,0.5086674192948665,67
chr03,6262310,-0.00043894830659536535,1.047056612802437,0.3099792197047946,0.5086674192948665,67
chr03,6262597,-0.00043894830659536535,1.047056612802437,0.3099792197047946,0.5086674192948665,67
chr03,6262623,-0.00043894830659536535,1.047056612802437,0.3099792197047946,0.5086674192948665,67
chr03,6291007,-0.000487557603686636,1.277900859890881,0.26250838415372274,0.5808568212730747,66
chr03,6315708,0.0004428571428571427,1.0163758203080957,0.31736264692646426,0.498444190335886,63
chr03,6315721,0.00045873015873015854,1.052130564077325,0.30913459815313626,0.509852386246558,62
chr03,6315797,0.00045873015873015854,1.052130564077325,0.30913459815313626,0.509852386246558,62
chr03,6340810,0.0003484848484848486,0.6104493845500893,0.4376907681357606,0.3588326135193501,62
chr03,6395646,0.0004844028520499108,1.2725378565671213,0.26343779864081374,0.5793219113659244,67
chr03,6395667,0.0004844028520499108,1.2725378565671213,0.26343779864081374,0.5793219113659244,67
chr03,6428150,0.0004568439407149085,1.1433484648216579,0.2888410449923926,0.5393410924489531,68
chr03,6480301,-0.0004838709677419356,1.3112491373360877,0.2562426238067513,0.5913486273454849,69
chr03,6480318,-0.0004838709677419356,1.3112491373360877,0.2562426238067513,0.5913486273454849,69
chr03,6483716,-0.00030256410256410257,0.5071927348485028,0.4788293203147572,0.3198192641531858,69
chr03,6545296,-0.00030087719298245615,0.4884881054849862,0.48705821385953996,0.3124191282164923,68
chr03,6552203,-0.0002890492359932089,0.46577348208290614,0.49729090308581037,0.3033894852193536,69
chr03,6552527,-0.0002890492359932089,0.46577348208290614,0.49729090308581037,0.3033894852193536,69
chr03,6552738,-0.0003248355263157895,0.6037413103036373,0.43984878029488017,0.3566966079945235,70
chr03,6562261,0.0003248355263157895,0.6037413103036373,0.43984878029488017,0.3566966079945235,70
chr03,6562327,-0.0003248355263157895,0.6037413103036373,0.43984878029488017,0.3566966079945235,70
chr03,6576505,-0.0004342105263157894,1.0558091981173698,0.3079241121209612,0.511556302161849,68
chr03,6576513,-0.0004342105263157894,1.0558091981173698,0.3079241121209612,0.511556302161849,68
chr03,6633389,-0.0007125307125307129,3.0195573202669594,0.08679300116989806,1.061515294130441,70
chr03,6703019,0.0008909736308316429,4.142175160985804,0.046178689628775256,1.3355583948286802,63
chr03,6732326,-0.0006861377506538794,2.639364713940225,0.10901178710209473,0.9625265406223787,68
chr03,6732334,-0.0006861377506538794,2.639364713940225,0.10901178710209473,0.9625265406223787,68
chr03,6732382,-0.0006861377506538794,2.639364713940225,0.10901178710209473,0.9625265406223787,68
chr03,6732699,-0.0006990131578947368,2.8888478595007303,0.09376512723165069,1.0279586527388298,70
chr03,6775409,-0.0007448717948717949,3.1964381895479885,0.07832079868135694,1.106122892436564,69
chr03,6775431,-0.0007448717948717949,3.1964381895479885,0.07832079868135694,1.106122892436564,69
chr03,6780687,-0.0007733664185277086,3.548458051828938,0.06387724004930274,1.194653856736004,70
chr03,6787463,-0.0007504244482173175,3.266867442403025,0.07518175784207488,1.12388752416373,69
chr03,6787474,-0.0007504244482173175,3.266867442403025,0.07518175784207488,1.12388752416373,69
chr03,6823579,-0.0007309437386569872,2.914456749135939,0.09256204719740219,1.0335670486468094,67
chr03,6840277,0.0007733664185277086,3.548458051828938,0.06387724004930274,1.194653856736004,70
chr03,6861671,0.0006832706766917292,2.6625226033199962,0.10764911596423897,0.967989532337747,66
chr03,6886418,-0.000819444444444444,3.391216162261434,0.07040780842953549,1.1523791736731146,63
chr03,6886425,0.0008194444444444441,3.391216162261434,0.07040780842953549,1.1523791736731146,63
chr03,6886426,-0.000819444444444444,3.391216162261434,0.07040780842953549,1.1523791736731146,63
chr03,6886430,0.0008194444444444441,3.391216162261434,0.07040780842953549,1.1523791736731146,63
chr03,6886441,0.0008194444444444441,3.391216162261434,0.07040780842953549,1.1523791736731146,63
chr03,6886637,-0.0007733664185277086,3.548458051828938,0.06387724004930274,1.194653856736004,70
chr03,6901043,-0.0008184210526315791,3.859699918697585,0.053671616719696454,1.270255322509352,68
chr03,6901044,0.000790834845735027,3.4942328746643523,0.06608891719604207,1.1798713635726965,67
chr03,6949344,0.0009036251105216624,4.655439648202566,0.03459959166203407,1.4609290266399346,68
chr03,6949532,0.0009375000000000002,5.302557704304418,0.02436023900664756,1.613318455006364,70
chr03,6985455,0.0008728222996515683,4.378907430885429,0.04017716648779083,1.3960206953157284,69
chr03,6995885,-0.0009716599190283399,4.808531265147852,0.03208007004906912,1.4937646920745646,64
chr03,6996076,0.0008168498168498165,3.7144767184806233,0.05831496173519961,1.2342200050110899,67
chr03,6996128,0.0008267857142857141,3.9015724200918758,0.05242560281095382,1.2804565671389039,68
chr03,7022234,-0.0010686486486486486,6.039276872329334,0.016897984612492676,1.7721650896979932,62
chr03,7067673,0.0008628205128205128,4.359972736380358,0.040597373171774066,1.39150206627282,69
chr03,7115274,-0.0009201754385964914,4.954119199602396,0.029449167874299482,1.530926972276054,68
chr03,7182945,-0.000764167393199651,3.328549184947816,0.07261360739655132,1.1389819872408762,68
chr03,7182982,-0.000764167393199651,3.328549184947816,0.07261360739655132,1.1389819872408762,68
chr03,7183055,-0.000764167393199651,3.328549184947816,0.07261360739655132,1.1389819872408762,68
chr03,7183056,-0.000764167393199651,3.328549184947816,0.07261360739655132,1.1389819872408762,68
chr03,7188465,-0.0007236268526591104,3.061642529461318,0.08480862962706708,1.0715599542440806,68
chr03,7188467,-0.0007236268526591104,3.061642529461318,0.08480862962706708,1.0715599542440806,68
chr03,7188560,-0.0007236268526591104,3.061642529461318,0.08480862962706708,1.0715599542440806,68
chr03,7199901,0.0007715371621621618,3.484676150124879,0.06631592675360833,1.1783821568057546,69
chr03,7202337,-0.0008418458781362006,3.9701198962665947,0.05051702153090263,1.2965622632399436,67
chr03,7223709,-0.0008234524847428071,3.896725190824538,0.052568225140234966,1.2792766858085562,68
chr03,7282117,-0.0006561302681992339,2.341452315993212,0.13097816272665075,0.8828011058546414,65
chr03,7286638,-0.000718421052631579,2.8854572523678375,0.09409248588479834,1.0264450574342543,68
chr03,7376036,0.0007956989247311829,3.5066252893946164,0.0656226891234808,1.1829459768216612,67
chr03,7382605,0.0008319256756756756,4.052908080549812,0.048115617184170144,1.317713939092347,69
chr03,7382647,-0.0008319256756756754,4.052908080549812,0.048115617184170144,1.317713939092347,69
chr03,7405244,-0.0007466216216216215,3.233470978426381,0.07665264373517593,1.1154728618168026,69
chr03,7405275,0.0007466216216216216,3.233470978426381,0.07665264373517593,1.1154728618168026,69
chr03,7405452,0.0007292938099389714,3.0212726976550766,0.08684254947726898,1.0612674352445999,68
chr03,7405572,0.0007663594470046082,3.200134458993476,0.07836457902385754,1.105880195103384,66
chr03,7405644,-0.0007663594470046082,3.200134458993476,0.07836457902385754,1.105880195103384,66
chr03,7451947,-0.0007944444444444445,3.4276166056869473,0.06872921532472394,1.1628586143637147,66
chr03,7457017,-0.0007565789473684213,3.4090866013381556,0.0691906967653352,1.159952295934783,70
chr03,7457076,-0.0007565789473684213,3.4090866013381556,0.0691906967653352,1.159952295934783,70
chr03,7472573,-0.0006397435897435901,2.3470108335153936,0.13023196530784537,0.8852824055300023,69
chr03,7504489,0.0007078853046594982,2.7572756011372688,0.10162993561008363,0.9929783495782044,67
chr03,7539239,0.000654983108108108,2.475399317302349,0.1203507854377158,0.9195510710711052,69
chr03,7591493,-0.0007621527777777776,3.351734038625781,0.07164905689794013,1.144789521759534,68
chr03,7591501,-0.0007621527777777776,3.351734038625781,0.07164905689794013,1.144789521759534,68
chr03,7676064,-0.0007557189542483656,3.4244549609056145,0.06858174173005042,1.1637914895601742,70
chr03,7691364,-0.0007557189542483656,3.4244549609056145,0.06858174173005042,1.1637914895601742,70
chr03,7700319,-0.0008529411764705883,4.240012222137339,0.04343138198432979,1.362196351189937,68
chr03,7766065,0.0008529411764705883,4.240012222137339,0.04343138198432979,1.362196351189937,68
chr03,7766087,0.0008529411764705883,4.240012222137339,0.04343138198432979,1.362196351189937,68
chr03,7807085,0.0008303571428571428,4.024374530226567,0.04901211306242001,1.3096965733174786,67
chr03,7853743,-0.000626535626535627,2.3114017548399235,0.13306465850321622,0.8759372762693055,70
chr03,7853763,-0.000626535626535627,2.3114017548399235,0.13306465850321622,0.8759372762693055,70
chr03,7854860,0.0006487068965517241,2.087881523190681,0.15376227082593097,0.8131502157844738,61
chr03,7900537,0.0005151209677419353,1.3399373807929715,0.25155751768316,0.5993626994492339,63
chr03,7927250,-0.0007878787878787881,3.230699321518678,0.07721983350634343,1.112271139093144,63
chr03,7927251,-0.0007878787878787881,3.230699321518678,0.07721983350634343,1.112271139093144,63
chr03,7927267,-0.0007878787878787881,3.230699321518678,0.07721983350634343,1.112271139093144,63
chr03,7927327,-0.0007878787878787881,3.230699321518678,0.07721983350634343,1.112271139093144,63
chr03,8037265,0.0004788018433179725,1.2522468519712426,0.26730623038589996,0.5729909185697534,66
chr03,8037273,0.0004642857142857143,1.1400968873545283,0.28970636694467594,0.5380419600998136,65
chr03,8037292,0.0004788018433179725,1.2522468519712426,0.26730623038589996,0.5729909185697534,66
chr03,8037306,0.0004788018433179725,1.2522468519712426,0.26730623038589996,0.5729909185697534,66
chr03,8037324,0.0004788018433179725,1.2522468519712426,0.26730623038589996,0.5729909185697534,66
chr03,8096643,0.00040956439393939414,0.8867130387509938,0.3499665107719734,0.4559735124577214,65
chr03,8096673,0.00040956439393939414,0.8867130387509938,0.3499665107719734,0.4559735124577214,65
chr03,8103675,0.00013786764705882372,0.10322074530539078,0.7490451997400126,0.12549197481670019,66
chr03,8103677,0.00013786764705882372,0.10322074530539078,0.7490451997400126,0.12549197481670019,66
chr03,8106059,0.00018790849673202612,0.2021691652119758,0.6544056214328053,0.18415297867236616,70
chr03,8106097,0.00018790849673202612,0.2021691652119758,0.6544056214328053,0.18415297867236616,70
chr03,8114189,-8.482142857142709e-06,0.0004057287972468169,0.983991233794123,0.007008770605038578,67
chr03,8114209,-8.482142857142709e-06,0.0004057287972468169,0.983991233794123,0.007008770605038578,67
chr03,8132580,-0.0002620802620802622,0.3934060197358421,0.5326149033012203,0.2735866855671346,70
chr03,8132611,0.0002620802620802622,0.3934060197358421,0.5326149033012203,0.2735866855671346,70
chr03,8137169,0.00013071895424836592,0.09768623683525358,0.7555805937973153,0.12171920495212496,70
chr03,8137187,-0.000130718954248366,0.09768623683525358,0.7555805937973153,0.12171920495212496,70
chr03,8137189,-0.000130718954248366,0.09768623683525358,0.7555805937973153,0.12171920495212496,70
chr03,8145782,0.00022727272727272733,0.27739251040222274,0.6002361062973165,0.2216778837961201,66
chr03,8159019,-0.00017943548387096777,0.156735529857963,0.6935613468404261,0.1589151187061252,63
chr03,8171694,0.0002870370370370371,0.43954253938386045,0.5100156046845008,0.29241653581443056,59
chr03,8176485,5.462184873949831e-06,0.0001681300125050634,0.9896930565954274,0.004499476610682643,69
chr03,8190966,0.00013602941176470599,0.09969698107582652,0.7532209549966671,0.12307760619012136,66
chr03,8242519,-6.59663865546219e-05,0.024210071050510224,0.8768194279893062,0.05708983594105467,69
chr03,8243398,4.227941176470584e-05,0.009505159530638168,0.9226384616908395,0.03496844507575674,66
chr03,8243479,4.227941176470584e-05,0.009505159530638168,0.9226384616908395,0.03496844507575674,66
chr03,8253873,8.333333333333341e-05,0.03565731926935898,0.8508319117744271,0.07015622957368747,65
chr03,8253903,8.333333333333341e-05,0.03565731926935898,0.8508319117744271,0.07015622957368747,65
chr03,8291961,5.462184873949504e-06,0.00016813001250506334,0.9896930565954274,0.004499476610682643,69
chr03,8310548,2.941176470588243e-05,0.0048115477145147115,0.9449085703645722,0.024610211921568828,68
chr03,8310568,2.941176470588243e-05,0.0048115477145147115,0.9449085703645722,0.024610211921568828,68
chr03,8311561,-4.155844155844165e-05,0.009510047201264043,0.9226094210315391,0.03498211499859383,68
chr03,8314571,-5.4621848739497175e-06,0.0001681300125050634,0.9896930565954274,0.004499476610682643,69
chr03,8315015,5.714285714285727e-05,0.018660812294181667,0.8917469892726215,0.049758348257614264,70
chr03,8322675,-7.352941176470596e-05,0.030878212696395162,0.8610346079105984,0.06497939242259945,70
chr03,8341596,1.3091216216216405e-05,0.0009463608569029366,0.9755500212093073,0.010750457301523903,69
chr03,8341717,1.3091216216216405e-05,0.0009463608569029366,0.9755500212093073,0.010750457301523903,69
chr03,8345370,-2.2569444444444244e-05,0.0027580136070902974,0.9582755466255464,0.018509594081836306,68
chr03,8351786,-7.976827094474139e-05,0.03495061445696289,0.8522814882268903,0.06941694444279631,67
chr03,8360159,-4.095004095004192e-06,9.549405675880527e-05,0.9922317247361164,0.0033868913317098284,70
chr03,8360240,-4.095004095004192e-06,9.549405675880527e-05,0.9922317247361164,0.0033868913317098284,70
chr03,8360354,4.095004095004192e-06,9.549405675880527e-05,0.9922317247361164,0.0033868913317098284,70
chr03,8371131,-3.3106960950764055e-05,0.006068765767509195,0.9381379689593496,0.027733286619396356,69
chr03,8396182,-6.190476190476211e-05,0.019914409376063407,0.8882266578350261,0.05147619673663086,65
chr03,8416407,-8.223684210526122e-06,0.00038354847770740753,0.9844322657199256,0.0068141603141417565,70
chr03,8416537,-7.719298245614045e-05,0.03219606297704783,0.8581477565309571,0.06643792855999342,68
chr03,8416556,7.719298245614045e-05,0.03219606297704783,0.8581477565309571,0.06643792855999342,68
chr03,8416589,7.719298245614045e-05,0.03219606297704783,0.8581477565309571,0.06643792855999342,68
chr03,8417489,2.195340501792134e-05,0.0025369829496183207,0.9599832223346186,0.017736357076230277,67
chr03,8457094,-3.276003276003289e-05,0.006112160390279238,0.9379142262592715,0.027836876722825726,70
chr03,8488391,-8.341013824884807e-05,0.03601090296836394,0.8500935634186233,0.07053327212077769,66
chr03,8515658,3.276003276003289e-05,0.006112160390279238,0.9379142262592715,0.027836876722825726,70
chr03,8515740,-3.276003276003289e-05,0.006112160390279238,0.9379142262592715,0.027836876722825726,70
chr03,8546941,-0.00012813620071684605,0.08959342312683528,0.7656496722231166,0.11596989906529777,67
chr03,8546945,-0.00012813620071684605,0.08959342312683528,0.7656496722231166,0.11596989906529777,67
chr03,8546948,-0.00012813620071684605,0.08959342312683528,0.7656496722231166,0.11596989906529777,67
chr03,8683345,7.352941176470596e-05,0.030878212696395162,0.8610346079105984,0.06497939242259945,70
chr03,8756135,2.9258098223615554e-05,0.004220939629257299,0.9484148572397476,0.023001651270506154,62
chr03,8756192,2.9258098223615554e-05,0.004220939629257299,0.9484148572397476,0.023001651270506154,62
chr03,8778899,0.00019006102877070622,0.20246433779635548,0.6542134606867944,0.1842805243476067,68
chr03,8786719,-0.0002707061900610284,0.41207066289022776,0.5231437647591685,0.2813789465786457,68
chr03,8786729,0.00027070619006102866,0.41207066289022776,0.5231437647591685,0.2813789465786457,68
chr03,8786892,0.00022635135135135116,0.29461872645968096,0.5890769600644058,0.22982796302630287,69
chr03,8838328,8.596491228070158e-05,0.041066358037088704,0.8400333027025738,0.07570349620804251,68
chr03,8878428,-2.6576576576576743e-05,0.003819213120734442,0.9509119148296907,0.02185971090187967,67
chr03,8878556,-1.743679163034007e-05,0.0016989339704164637,0.9672464408868561,0.014462859648632857,68
chr03,8885086,0.0001444444444444447,0.10674983468382795,0.7449413251079061,0.12787793286966861,66
chr03,8885122,0.0001444444444444447,0.10674983468382795,0.7449413251079061,0.12787793286966861,66
chr03,8903870,6.944444444444685e-06,0.00026301422269337497,0.9871096306681083,0.005634610906695514,68
chr03,8909204,3.603603603603525e-06,7.07470046976241e-05,0.9933147355245617,0.0029131218528064386,67
chr03,8951713,-0.00027772600186393295,0.4130940676296188,0.5226992326362512,0.28174813748037525,66
chr03,9052568,0.00021380471380471393,0.22842038950637983,0.6344940038934703,0.19757247772732725,60
chr03,9058425,0.00012326388888888896,0.08353975172544136,0.7734624832291599,0.11156074689247653,68
chr03,9070647,-7.444852941176473e-05,0.029834731090315182,0.8634108474552845,0.06378249939022211,66
chr03,9070675,-7.444852941176473e-05,0.029834731090315182,0.8634108474552845,0.06378249939022211,66
chr03,9119856,0.00012626262626262618,0.07148773369093726,0.7901313020965106,0.10230073271249747,60
chr03,9123216,-0.00013245614035087717,0.09684411933956723,0.7566310091895818,0.12111586388393453,68
chr03,9148297,1.3157894736842118e-05,0.0009370993011500132,0.9756741743333983,0.010695190441980345,66
chr03,9157905,0.00037403474903474897,0.7343046341422973,0.39473937242293633,0.403689553682444,65
chr03,9158159,-0.0003229263746505126,0.5609443507588552,0.4566239345226818,0.3404413281530568,66
chr03,9160838,-0.00011632453567937444,0.06929604508786816,0.7932373850871289,0.10059682578993596,64
chr03,9161004,-0.00025181488203266777,0.3404211817624181,0.5616053231626219,0.25056878440888386,67
chr03,9169802,0.00015384615384615393,0.13417293400382693,0.7152981932513006,0.14551287192464735,69
chr03,9171987,0.00028859649122807033,0.44883778761274523,0.5052247008363002,0.29651542459599656,68
chr03,9177968,-0.0002860300618921309,0.43764740478241626,0.5105632162487892,0.2919504773414492,68
chr03,9220636,0.0002482758620689655,0.33774417139256535,0.5630842336934123,0.2494266326941731,69
chr03,9240789,-0.00012030075187969927,0.07568222381202336,0.7841225212259424,0.10561607234744735,66
chr03,9242362,0.00019999999999999996,0.22460776218001763,0.6370694420255654,0.19581322599307296,70
chr03,9298579,-7.148864592094193e-05,0.02835230845095679,0.8667830390873913,0.062089595394238,70
chr03,9298698,-7.148864592094193e-05,0.02835230845095679,0.8667830390873913,0.062089595394238,70
chr03,9317355,0.00020787037037037047,0.23159161947183143,0.6319622937365368,0.19930883328513765,67
chr03,9317368,0.00020787037037037047,0.23159161947183143,0.6319622937365368,0.19930883328513765,67
chr03,9374334,0.0004083107497741644,0.8779886731924735,0.3521693507290222,0.45324844333882297,68
chr03,9374369,0.0004083107497741644,0.8779886731924735,0.3521693507290222,0.45324844333882297,68
chr03,9384846,0.000340622371740959,0.6495436213118203,0.4230854089514221,0.37357195202902416,70
chr03,9387675,-0.000340622371740959,0.6495436213118203,0.4230854089514221,0.37357195202902416,70
chr03,9394960,0.00011977351916376317,0.08240867687352577,0.7749453522782194,0.11072892206247578,69
chr03,9429047,-0.0003375,0.6099457239254777,0.43760064071235427,0.35892205080251355,68
chr03,9429270,-0.00035256410256410265,0.6293862183985869,0.4305583793895582,0.3659679542502779,65
chr03,9453257,-0.00041276803118908397,0.8509924609289777,0.3597912326661378,0.4439494236783733,65
chr03,9496288,-0.0002882352941176471,0.42091363554108174,0.5188774788844586,0.2849351788106874,64
chr03,9502988,-0.0005365025466893039,1.6450833375902874,0.2040491035506169,0.690265308873438,69
chr03,9543862,0.000523344651952462,1.5514574797388863,0.21725877018601097,0.6630226831577212,69
chr03,9543895,-0.000523344651952462,1.5514574797388863,0.21725877018601097,0.6630226831577212,69
chr03,9650987,-0.00047150735294117647,1.1732013994983492,0.28280833576643505,0.5485077938708512,66
chr03,9660320,-0.0005967060810810808,2.0416733115997583,0.15768698173817983,0.8022041595096926,69
chr03,9660347,-0.0005967060810810808,2.0416733115997583,0.15768698173817983,0.8022041595096926,69
chr03,9660364,-0.0005967060810810808,2.0416733115997583,0.15768698173817983,0.8022041595096926,69
chr03,9674886,0.0005550986842105264,1.79362734754167,0.184944265424946,0.7329591303281116,70
chr03,9674910,0.0005550986842105264,1.79362734754167,0.184944265424946,0.7329591303281116,70
chr03,9675019,0.0005550986842105264,1.79362734754167,0.184944265424946,0.7329591303281116,70
chr03,9715649,0.0007223707664884137,2.9167460405381234,0.09243681315105406,1.0341550356590632,67
chr03,9715680,0.0006515151515151515,2.3703228907940175,0.12859147412067023,0.8907878250750416,66
chr03,9727032,0.0006994949494949496,2.848013061039978,0.09613739644969718,1.0171076434185264,69
chr03,9727036,0.0006994949494949496,2.848013061039978,0.09613739644969718,1.0171076434185264,69
chr03,9727058,0.0006994949494949496,2.848013061039978,0.09613739644969718,1.0171076434185264,69
chr03,9745528,-0.0007463203463203465,3.1951768833995597,0.0784468898323969,1.1054242701191541,68
chr03,9745626,-0.0007739495798319324,3.526355174006294,0.06475348766337347,1.1887368352441394,69
chr03,9750282,-0.0007271241830065354,3.158400874408199,0.08000913330555516,1.0968604340355752,70
chr03,9750624,-0.0007025210084033613,2.8761825333545463,0.0945412913317117,1.0243784700000333,69
chr03,9763401,-0.0007594696969696969,3.101496028398968,0.08307289715385814,1.0805406433208051,65
chr03,9813804,0.0006441176470588236,2.211416000983658,0.14206110887833112,0.8475247997029558,64
chr03,9815008,0.0006178315412186379,2.048430149389959,0.15715384161249296,0.8036749982244139,67
chr03,9815044,0.0006159546643417611,2.0934572463917274,0.15266396220075573,0.8162634702421584,68
chr03,9837546,0.000571969696969697,1.8760854623671506,0.1753529328442568,0.7560869659819355,69
chr03,9837742,0.000571969696969697,1.8760854623671506,0.1753529328442568,0.7560869659819355,69
chr03,9876935,-0.0005312500000000001,1.489020538246983,0.22684573678896577,0.6442693782072004,66
chr03,9876973,-0.0005312500000000001,1.489020538246983,0.22684573678896577,0.6442693782072004,66
chr03,9896289,0.0006144425675675675,2.1513114132670026,0.1471264413847437,0.8323092693830094,69
chr03,9942671,-0.0004991341991341993,1.3792983032213513,0.24444087170445758,0.6118261762050308,68
chr03,10082580,-0.0005151515151515151,1.4427457098283851,0.23412195915512587,0.6305578503245565,66
chr03,10098740,-0.000571969696969697,1.8760854623671506,0.1753529328442568,0.7560869659819355,69
chr03,10098789,-0.000571969696969697,1.8760854623671506,0.1753529328442568,0.7560869659819355,69
chr03,10105086,-0.0005402597402597406,1.6366500141000386,0.20526512292027313,0.6876848363577183,68
chr03,10146257,-0.000363597972972973,0.7438178410678425,0.39151717198566793,0.4072491849851725,69
chr03,10146304,-0.000363597972972973,0.7438178410678425,0.39151717198566793,0.4072491849851725,69
chr03,10191043,0.0003401328273244783,0.5914032933499457,0.4447505669226183,0.35188348964941596,65
chr03,10199068,0.0003647321428571428,0.7175597568226587,0.40005372482959967,0.3978816815963744,67
chr03,10199073,-0.00036473214285714293,0.7175597568226587,0.40005372482959967,0.3978816815963744,67
chr03,10199075,-0.00036473214285714293,0.7175597568226587,0.40005372482959967,0.3978816815963744,67
chr03,10207886,-0.0002672697368421054,0.4075488313860031,0.5253605279570881,0.2795425602792889,70
chr03,10215932,0.0004215686274509805,1.0100020985581688,0.3190063726711999,0.49620064111744866,61
chr03,10271610,3.7006578947368444e-05,0.007767700075392359,0.930028774824632,0.03150361429097832,70
chr03,10284309,-3.5895270270270324e-05,0.007377528642894155,0.9318080064727123,0.03067356223725071,69
chr03,10330102,4.9999999999999935e-05,0.013322434946743811,0.9084829868347198,0.041683201314653306,64
chr03,10330103,4.9999999999999935e-05,0.013322434946743811,0.9084829868347198,0.041683201314653306,64
chr03,10330149,4.9999999999999935e-05,0.013322434946743811,0.9084829868347198,0.041683201314653306,64
chr03,10330153,4.9999999999999935e-05,0.013322434946743811,0.9084829868347198,0.041683201314653306,64
chr03,10344004,-0.00014583333333333316,0.11956963803748957,0.7306015221859457,0.13631942728387772,68
chr03,10344057,-0.00014583333333333316,0.11956963803748957,0.7306015221859457,0.13631942728387772,68
chr03,10431581,0.0002410130718954247,0.33322456155070135,0.5656728618537424,0.24743465603045792,70
chr03,10431605,-0.00024101307189542464,0.33322456155070135,0.5656728618537424,0.24743465603045792,70
chr03,10479130,-6.693711967545641e-05,0.024403408409935094,0.8763786915377425,0.057308190513521984,63
chr03,10479445,-0.0002007575757575757,0.22578679204311938,0.6362110293705572,0.1963988062232297,69
chr03,10479446,-0.0002007575757575757,0.22578679204311938,0.6362110293705572,0.1963988062232297,69
chr03,10479460,-0.0002007575757575757,0.22578679204311938,0.6362110293705572,0.1963988062232297,69
chr03,10479529,0.00011764705882352944,0.07528338204890374,0.7846510028923683,0.1053234658281895,68
chr03,10495442,-1.633986928104579e-05,0.0015241920661319289,0.9689721729766865,0.013688694875139703,70
chr03,10506005,3.743315508021395e-05,0.007416310372007062,0.9316373427352467,0.030753112002078593,67
chr03,10584617,0.0001593137254901959,0.14519964319196463,0.7043535584737113,0.1522092869516584,70
chr03,10619594,-1.486905836551549e-19,0.0,1.0,-0.0,70
chr03,10656030,1.486905836551549e-19,0.0,1.0,-0.0,70
chr03,10683357,-0.00020075757575757562,0.22578679204311947,0.6362110293705572,0.1963988062232297,69
chr03,10683608,0.00011818181818181803,0.07637394454921713,0.7831364096457856,0.10616258430648821,68
chr03,10693035,0.00020075757575757562,0.22578679204311947,0.6362110293705572,0.1963988062232297,69
chr03,10706801,-0.00015336134453781502,0.130787022537423,0.7187554498146405,0.1434188493416832,69
chr03,10727070,0.00015931372549019584,0.14519964319196463,0.7043535584737113,0.1522092869516584,70
chr03,10756436,0.00015931372549019584,0.14519964319196463,0.7043535584737113,0.1522092869516584,70
chr03,10771930,-2.7777777777777667e-05,0.004330566582461153,0.9477303823837405,0.02331519651974708,68
chr03,10771984,-2.7777777777777667e-05,0.004330566582461153,0.9477303823837405,0.02331519651974708,68
chr03,10773334,-1.6339869281045787e-05,0.001524192066131929,0.9689721729766865,0.013688694875139703,70
chr03,10776088,2.0202020202020003e-05,0.0022767601617945782,0.9620850024674946,0.016786555330460532,69
chr03,10783405,1.3839285714285788e-05,0.0010413221605708176,0.9743559985881205,0.011282336782072064,67
chr03,10783406,1.3839285714285788e-05,0.0010413221605708176,0.9743559985881205,0.011282336782072064,67
chr03,10786863,-1.7410714285714226e-05,0.0016187654912698016,0.9680299898686751,0.014111187905732375,67
chr03,10810450,-0.0001066176470588236,0.06297657450211541,0.8026556879173719,0.09547071238658972,66
chr03,10813713,-0.0001579696394686907,0.13240082385600424,0.7171739713292411,0.14437548084048996,65
chr03,10813741,-0.0001579696394686907,0.13240082385600424,0.7171739713292411,0.14437548084048996,65
chr03,10821479,0.00010649350649350659,0.06283765720836257,0.802844587463773,0.09536851616492278,68
chr03,10843927,7.142857142857088e-06,0.0002688697439842575,0.9869677029534564,0.005697058737242859,67
chr03,10861261,0.00020920303605313108,0.23124518546011047,0.6322679510765471,0.19909883150856117,65
chr03,10871495,-1.01010101010101e-05,0.0005652142277917308,0.9811033577065935,0.008285237964466246,69
chr03,10871497,-1.01010101010101e-05,0.0005652142277917308,0.9811033577065935,0.008285237964466246,69
chr03,10871499,-1.6339869281045787e-05,0.001524192066131929,0.9689721729766865,0.013688694875139703,70
chr03,10914168,-3.0330882352941192e-05,0.004802281083514615,0.9449680950217111,0.024582854337219948,66
chr03,10914455,3.0330882352941192e-05,0.004802281083514615,0.9449680950217111,0.024582854337219948,66
chr03,10928607,-6.691919191919205e-05,0.02499057556945993,0.8748660427357363,0.05805843995414713,69
chr03,10930881,-0.0002678571428571429,0.38827428575295536,0.5355693703950328,0.27118426856965544,62
chr03,10936376,0.00019245107176141664,0.20180359246988736,0.654786559976986,0.1839002434136317,66
chr03,10953833,-0.0002981981981981983,0.48437830624761935,0.48892691756755646,0.3107560522652028,67
chr03,10969772,0.00017657045840407498,0.17172440284542145,0.6799075628018674,0.16755012802010646,69
chr03,10980313,-0.0001860254083484574,0.1809088473723049,0.6719982473635349,0.17263185962673752,67
chr03,10984275,0.00030357142857142866,0.5081064413344618,0.47851092699130504,0.32010814048307473,67
chr03,11100655,-9.074410163339382e-05,0.048369368140526836,0.8266146402130389,0.08269690717500809,67
chr03,11102717,-5.1587301587301627e-05,0.014595877370396535,0.9042004215945691,0.043735294806532904,69
chr03,11149885,9.166666666666668e-05,0.047060438460526856,0.8289091874073828,0.0814930467334522,70
chr03,11171601,9.166666666666668e-05,0.047060438460526856,0.8289091874073828,0.0814930467334522,70
chr03,11196240,-9.166666666666659e-05,0.047060438460526856,0.8289091874073828,0.0814930467334522,70
chr03,11196279,-9.166666666666659e-05,0.047060438460526856,0.8289091874073828,0.0814930467334522,70
chr03,11196294,-9.166666666666659e-05,0.047060438460526856,0.8289091874073828,0.0814930467334522,70
chr03,11214759,9.166666666666668e-05,0.047060438460526856,0.8289091874073828,0.0814930467334522,70
chr03,11214866,9.166666666666668e-05,0.047060438460526856,0.8289091874073828,0.0814930467334522,70
chr03,11264143,0.00023646723646723644,0.28386500290691963,0.59602425230267,0.2247360684024937,66
chr03,11278336,-0.00025154730327144124,0.36251720954548683,0.5491744885360846,0.26028964577130603,68
chr03,11278337,-0.00025154730327144124,0.36251720954548683,0.5491744885360846,0.26028964577130603,68
chr03,11368336,-0.00036807278742762603,0.7725944887299697,0.382511124559771,0.41735592975306507,70
chr03,11373002,0.00012499999999999979,0.0753920067578271,0.7845851838813372,0.10535989735271438,62
chr03,11386755,-0.0003193277310924368,0.5140730958808374,0.47616288163066023,0.3222444622097591,62
chr03,11386775,-0.0003193277310924368,0.5140730958808374,0.47616288163066023,0.3222444622097591,62
chr03,11406854,-0.00036807278742762603,0.7725944887299697,0.382511124559771,0.41735592975306507,70
chr03,11417710,0.00039882032667876594,0.8812737587924152,0.3513284297235212,0.45428670539591814,67
chr03,11424088,0.0005172413793103448,1.5167011206615086,0.22236152771488074,0.6529403508420428,70
chr03,11428604,-0.0005235235235235233,1.4597545716969296,0.2315574201921265,0.6353412976030967,64
chr03,11439512,0.00035416666666666675,0.7093406871061088,0.4026152485644837,0.39510978075883085,70
chr03,11441008,-0.000491600353669319,1.3589615637820855,0.2479131304811657,0.605700470632345,68
chr03,11443877,-0.00038392857142857136,0.7961394082287445,0.375491819701799,0.4253995199036665,68
chr03,11452187,0.0004547413793103448,1.1803430469533196,0.28117948951512134,0.5510163618715441,69
chr03,11491900,0.00045535714285714277,1.1422301653733904,0.2890749732926381,0.5389895058090545,68
chr03,11538974,-0.00045604395604395575,1.1560570027310308,0.2862597407735757,0.5432397263385614,67
chr03,11542254,0.00035416666666666675,0.7093406871061088,0.4026152485644837,0.39510978075883085,70
chr03,11542391,0.00035416666666666675,0.7093406871061088,0.4026152485644837,0.39510978075883085,70
chr03,11544962,0.00026392572944297074,0.3812591971936682,0.5390547022855809,0.26836716116700693,68
chr03,11561246,0.00040301724137931035,0.8965502383493835,0.3471109740297236,0.4595316557460076,69
chr03,11580204,0.0005801282051282052,1.6875152919966525,0.19889878550187265,0.701367868717924,62
chr03,11585225,0.00038846153846153826,0.7944327019137231,0.37610184982528405,0.42469453053150225,66
chr03,11635662,0.0003273809523809524,0.592974819469868,0.44393806998464613,0.3526776103805412,70
chr03,11635787,0.00035787037037037043,0.6674691833242624,0.4169197866171327,0.37994749318092247,67
chr03,11641049,0.00043518518518518505,1.054829667806656,0.3080911047620913,0.5113208404967793,69
chr03,11641266,0.0002825091575091575,0.43164169196431457,0.5135040800666515,0.2894561013492873,67
chr03,11645072,0.0004674999999999999,1.1005159776224906,0.2981607065026099,0.5255495911764686,65
chr03,11645152,0.0004674999999999999,1.1005159776224906,0.2981607065026099,0.5255495911764686,65
chr03,11645162,0.0004674999999999999,1.1005159776224906,0.2981607065026099,0.5255495911764686,65
chr03,11645296,0.0003273809523809524,0.592974819469868,0.44393806998464613,0.3526776103805412,70
chr03,11650200,0.0004935897435897435,1.3221407575092117,0.25435772766495884,0.5945550634925503,68
chr03,11673723,-0.0004351851851851851,1.054829667806656,0.3080911047620913,0.5113208404967793,69
chr03,11673726,0.0004966666666666667,1.2866467974178524,0.2608327924003454,0.5836378091700147,67
chr03,11673728,0.00043518518518518505,1.054829667806656,0.3080911047620913,0.5113208404967793,69
chr03,11770748,-0.00023784261715296203,0.3042913912854568,0.583067461111025,0.2342811943090784,68
chr03,11770750,-0.0001828493647912886,0.1790870550832015,0.6735559117458607,0.17162634774375107,67
chr03,11773215,-0.0001934398654331371,0.2081385337493165,0.6496841257828195,0.18729774454623588,70
chr03,11773258,-0.0001934398654331371,0.2081385337493165,0.6496841257828195,0.18729774454623588,70
chr03,11803934,-0.000396551724137931,0.8314974118916844,0.3652094748647631,0.4374579638099583,67
chr03,11804100,-0.0004079670329670329,0.8713296154520126,0.3540421207597346,0.4509450664337443,67
chr03,11861907,0.0004405405405405405,1.0455480275174662,0.31032525555906765,0.5081828782875604,67
chr03,11881056,0.0005142241379310345,1.516777797676421,0.22241302761089668,0.6528397779990578,69
chr03,11901781,-0.00041249999999999984,0.9658410611574118,0.3292034373084133,0.48253563884165396,70
chr03,11904494,0.00037321428571428586,0.7414299965615317,0.3923206318349338,0.40635885206304173,68
chr03,11918056,-0.00047222222222222224,1.1553610906411234,0.28659501890050226,0.542731362029479,64
chr03,11918079,-0.00045945945945945947,1.1233997542956995,0.2932342910729442,0.5327852442868518,65
chr03,11927999,-0.0003769100169779288,0.7958404553460658,0.3755327386380758,0.4253521955703924,69
chr03,11956064,0.00034314671814671816,0.5953196267118832,0.4432538895399375,0.35334744478892705,65
chr03,12030650,-0.0007599137931034483,3.300396349018969,0.07373617914362599,1.132319370389129,69
chr03,12030670,0.0007599137931034483,3.300396349018969,0.07373617914362599,1.132319370389129,69
chr03,12068976,-0.0008603479853479852,4.092737360147032,0.047184554743781616,1.3262001388083213,67
chr03,12154128,0.0006679487179487179,2.563334342981746,0.11407266288640724,0.9428184202623752,69
chr03,12164476,-0.0008523430592396109,4.26119915861975,0.04292665633643984,1.3672729384757727,68
chr03,12164597,0.0008116379310344828,3.910719594398665,0.05209488744251064,1.2832048959798341,69
chr03,12187331,-0.0007954954954954954,3.530968670462731,0.0647172735811388,1.188979787032492,67
chr03,12198454,0.0010638888888888892,6.757375418462818,0.011578165013051969,1.9363602651209835,66
chr03,12201671,0.0010842293906810037,6.990823518004017,0.010258789939180784,1.9889038627845312,67
chr03,12201985,0.00107088122605364,6.394101316331168,0.013967243037506611,1.854889309831373,65
chr03,12206623,-0.0010692640692640694,7.050030675190374,0.009925573181230617,2.0032444042365984,68
chr03,12206640,-0.0010692640692640694,7.050030675190374,0.009925573181230617,2.0032444042365984,68
chr03,12234298,0.0010130718954248362,6.411255113954092,0.013654895349113917,1.864711623937028,70
chr03,12234569,0.0010130718954248362,6.411255113954092,0.013654895349113917,1.864711623937028,70
chr03,12234575,0.0010130718954248362,6.411255113954092,0.013654895349113917,1.864711623937028,70
chr03,12237015,0.0010656565656565653,6.9965532163921145,0.010164885976043356,1.992897488669122,69
chr03,12237072,0.0010656565656565653,6.9965532163921145,0.010164885976043356,1.992897488669122,69
chr03,12262731,0.0010735294117647058,6.915608163907347,0.01062163795025637,1.9738085060505273,68
chr03,12317447,0.0007916666666666668,3.698436134631027,0.05865198775949842,1.2317172647359564,70
chr03,12317461,0.001143048128342246,8.186169742661162,0.0056717148790748646,2.2462856095522166,67
chr03,12320515,0.0007815656565656568,3.593471702925254,0.06232125739760886,1.2053637928943146,69
chr03,12320594,-0.0007312091503267973,3.195660636219809,0.0782896947090069,1.1062954004651395,70
chr03,12360952,-0.000797697368421053,3.8110407317442148,0.055034657335665524,1.2593637332438428,70
chr03,12367109,-0.0009558823529411764,4.815507317562962,0.03208724309559199,1.493667595456875,62
chr03,12367113,-0.0009558823529411764,4.815507317562962,0.03208724309559199,1.493667595456875,62
chr03,12435779,-0.0008025641025641026,3.8536256737612704,0.053791766339352794,1.269284194724675,69
chr04,86523,0.0004875000000000001,1.3106422552975792,0.2563516359135016,0.5911639067551221,69
chr04,86524,0.0004875000000000001,1.3106422552975792,0.2563516359135016,0.5911639067551221,69
chr04,114879,0.0003947368421052632,0.8304908794305228,0.36555043593376657,0.43705269384544754,66
chr04,133494,0.0005089743589743591,1.4554182331196173,0.23190315979848858,0.6346933338385179,69
chr04,144231,0.0004708333333333336,1.2637587672889716,0.2648936330526343,0.5769284802204676,70
chr04,163248,-0.0005901559454191034,1.822988990637603,0.1817887445006909,0.7404330097420219,65
chr04,163280,-0.0005901559454191034,1.822988990637603,0.1817887445006909,0.7404330097420219,65
chr04,300732,-0.00045095095095095094,1.0367873285495033,0.3125268102806569,0.5051127205358775,64
chr04,346136,-0.0004878048780487807,1.3456617421269952,0.2500947340172929,0.6018954526569772,70
chr04,516802,-0.0005523809523809525,1.6112476373992748,0.20884269656193932,0.680180707845876,67
chr04,557837,0.0005844947735191639,1.9101883412717355,0.17153291422460204,0.7656525339617261,69
chr04,602284,0.0005357142857142856,1.6113744075829357,0.20862610508023238,0.6806313498742265,70
chr04,667071,0.00035897435897435905,0.6908038451418664,0.40898126340427576,0.3882965878032303,66
chr04,667154,0.00035897435897435905,0.6908038451418664,0.40898126340427576,0.3882965878032303,66
chr04,680839,0.0005357142857142856,1.6113744075829357,0.20862610508023238,0.6806313498742265,70
chr04,686914,0.00039949537426408786,0.8966980995610994,0.3470216155566681,0.4596434726886375,70
chr04,692203,0.0004006352087114338,0.8924604854311877,0.34830989616893615,0.4580341862064058,67
chr04,695519,0.0004088021778584393,0.9168888947041115,0.3418412576024382,0.466175522458603,67
chr04,706803,0.00047083333333333325,1.2637587672889719,0.2648936330526343,0.5769284802204676,70
chr04,774758,0.0005,1.3442956698770676,0.2505853244615484,0.6010443670689124,66
chr04,788936,0.0006078691423519012,2.1567290239376247,0.14669681639666257,0.833579311080812,68
chr04,811446,0.00041923076923076923,0.9967100224530383,0.3216999782028577,0.4925489685241382,69
chr04,861502,0.00028183361629881157,0.4422671867028496,0.5083129695459205,0.293868809183057,69
chr04,950179,0.0005219827586206896,1.5177315504353694,0.22226929971166412,0.6531205187970189,69
chr04,998453,0.0005644230769230769,1.6016581628298987,0.21025638739558533,0.6772508018628918,66
chr04,1002244,-0.0005219827586206895,1.5177315504353694,0.22226929971166412,0.6531205187970189,69
chr04,1040125,0.0005172413793103452,1.516701120661519,0.22236152771487463,0.6529403508420547,70
chr04,1051051,-0.00038690476190476186,0.8310794197196952,0.36518115904642023,0.43749163730765134,70
chr04,1051202,0.00038690476190476186,0.8310794197196952,0.36518115904642023,0.43749163730765134,70
chr04,1096159,0.00034890109890109883,0.6780576900564518,0.41326741586294047,0.38376883538797774,67
chr04,1096237,0.00019245107176141672,0.188941179777434,0.6652614650102716,0.17700763215005663,66
chr04,1176538,0.0006688804554079698,2.42103108422501,0.1247257798122285,0.9040437720783855,65
chr04,1184177,0.000929659498207886,5.139065050137017,0.026726940398637804,1.5730507548252715,67
chr04,1185065,0.0006456093189964158,2.4121171139526054,0.12525525367696763,0.9022040491328466,67
chr04,1198746,0.0007204861111111108,3.0722353773639726,0.08428370605509888,1.074256376197631,68
chr04,1203270,0.0008247903075489285,3.931651645235545,0.051680810949966474,1.2866706802232604,66
chr04,1203326,0.0007832832832832834,3.31283662438391,0.07356839591477078,1.1333087132107065,64
chr04,1203483,0.0007316176470588236,3.216700426953402,0.07761491396743365,1.1100548195739508,66
chr04,1203504,0.0007316176470588236,3.216700426953402,0.07761491396743365,1.1100548195739508,66
chr04,1203509,0.0007732142857142857,3.6573766600212236,0.06022980211405088,1.2201885637083325,67
chr04,1209660,-0.0006818181818181819,2.6260333927703106,0.11004129392151493,0.9584443115968748,66
chr04,1298109,-0.0008863636363636365,4.137612715061678,0.0462950486195309,1.3344654554659494,63
chr04,1327288,0.0003723908918406072,0.7822642500582568,0.37981264165315654,0.42043058433612784,65
chr04,1332928,-0.0005263157894736842,1.6081590421993919,0.2090754696270632,0.6796969190261902,70
chr04,1345390,-0.0006111111111111108,2.103031699529279,0.15174325669660227,0.8188905993929084,68
chr04,1357543,0.0007398897058823528,3.0016497870186134,0.08799657461812244,1.0555342330021191,66
chr04,1420299,-0.00031176470588235286,0.5639989948014752,0.4552831395437019,0.3417184325793917,69
chr04,1420523,-0.0003529411764705882,0.7090420769919381,0.4028029283908128,0.3949073807714785,68
chr04,1421239,0.0003676470588235294,0.7760469578959193,0.38154963343281423,0.4184489593502127,68
chr04,1421335,-0.00033377896613190735,0.6125152370557454,0.43668439453681496,0.35983232785801916,67
chr04,1421345,-0.00033377896613190735,0.6125152370557454,0.43668439453681496,0.35983232785801916,67
chr04,1425943,0.00038398692810457486,0.8522656995566531,0.35917639650941613,0.44469221098727146,70
chr04,1434172,0.00025757575757575746,0.36590963045026786,0.5473811844390186,0.2617101350127587,66
chr04,1461716,0.000390151515151515,0.8674291962483158,0.3550119434174064,0.4497570360349818,69
chr04,1461896,0.00033088235294117624,0.6307977736549134,0.4298259253525213,0.3667073931768723,70
chr04,1461944,-0.0003308823529411763,0.6307977736549134,0.4298259253525213,0.3667073931768723,70
chr04,1535620,-0.0004510717614165892,1.059262868862841,0.30725739264266116,0.512497659148455,66
chr04,1550113,-0.0002398648648648647,0.33102617555765285,0.566982769264389,0.24643013921485735,69
chr04,1550226,-0.00031941031941031943,0.5859916782246911,0.4466222034323669,0.3500596901574158,70
chr04,1550270,-0.00031941031941031943,0.5859916782246911,0.4466222034323669,0.3500596901574158,70
chr04,1551013,-0.00039393939393939385,0.8295114656031926,0.36583147635073643,0.43671893030484293,66
chr04,1552876,-0.0002450980392156861,0.34467377640809627,0.5590880590545775,0.2525197832592759,70
chr04,1569357,-0.00029740259740259733,0.4835146259742614,0.48927573786605094,0.3104463194375691,68
chr04,1594986,-0.0002670995670995672,0.3921457398028103,0.5333335200095433,0.2730011200529245,68
chr04,1595010,0.0002571428571428572,0.3798882681564289,0.5397209738757481,0.26783070466683767,70
chr04,1595016,0.0002571428571428572,0.3798882681564289,0.5397209738757481,0.26783070466683767,70
chr04,1605828,0.00038235294117647055,0.786814885539568,0.3783862140133335,0.42206469491031584,66
chr04,1681878,-0.00027569686411149825,0.4093684481679883,0.5244721026226209,0.2802776075643684,69
chr04,1681927,0.0001601731601731601,0.13843444090282944,0.7110343626906535,0.1481094102880704,68
chr04,1681955,0.0001601731601731601,0.13843444090282944,0.7110343626906535,0.1481094102880704,68
chr04,1682112,0.00019751082251082247,0.17783308912304865,0.674774662951571,0.17084123305817478,61
chr04,1688913,0.00027865796831314074,0.4266710574159088,0.51596677253741,0.2873782653656018,66
chr04,1688929,0.00027865796831314074,0.4266710574159088,0.51596677253741,0.2873782653656018,66
chr04,1688982,-0.0002786579683131408,0.4266710574159088,0.51596677253741,0.2873782653656018,66
chr04,1713964,0.00024588744588744586,0.3324814918726158,0.5661629749473776,0.24705853536267638,68
chr04,1714251,-0.00030303030303030303,0.49984959276959723,0.48209321893436097,0.31686897720834384,67
chr04,1714299,-0.00030303030303030303,0.49984959276959723,0.48209321893436097,0.31686897720834384,67
chr04,1739760,0.0002045454545454545,0.23861665556599815,0.6268020698169607,0.20286957807996245,69
chr04,1842240,0.00010276497695852529,0.05715843970298297,0.8118088118061999,0.09054623892900879,66
chr04,1842756,-0.00022857142857142854,0.29980710939652827,0.5857961339437144,0.23225349884160343,70
chr04,1864817,0.0003444022770398483,0.6747032026560795,0.41451428974639914,0.3824604932173572,65
chr04,1864841,0.0003444022770398483,0.6747032026560795,0.41451428974639914,0.3824604932173572,65
chr04,1864846,0.0003444022770398483,0.6747032026560795,0.41451428974639914,0.3824604932173572,65
chr04,1900186,-0.0003156565656565656,0.5566449919630445,0.4582250075326836,0.3389212129705263,69
chr04,1900216,-0.0003156565656565656,0.5566449919630445,0.4582250075326836,0.3389212129705263,69
chr04,1900349,-0.0002780748663101602,0.41033686564829025,0.5240505044815815,0.28062685660270276,67
chr04,1911706,0.0003022875816993461,0.5256756161549324,0.47091826802574865,0.32705446192743587,70
chr04,1924390,0.0007580645161290321,3.2757366361129043,0.07493453640189086,1.1253179752001974,67
chr04,1924463,-0.0008478081058726218,4.3098416773770465,0.04167591763836689,1.3801148289110756,70
chr04,1924465,0.0008478081058726218,4.3098416773770465,0.04167591763836689,1.3801148289110756,70
chr04,1925464,-0.0007893939393939394,3.5319611545942893,0.06497559241388394,1.1872497521361778,63
chr04,1930840,0.0007222222222222223,3.0202720725526735,0.08682404433272106,1.0613599882453595,69
chr04,1947862,0.00037051971326164856,0.7607656910736147,0.3862995528243556,0.41307579458887683,67
chr04,2070980,0.0005251162790697674,1.4217877610488507,0.23737885855790478,0.6245579628055883,68
chr04,2102902,0.0004604761904761904,1.0781320622347743,0.3029630044569298,0.5186104010064676,67
chr04,2224835,-0.0004289473684210526,0.9266791427736581,0.33952797200847384,0.4691244405631434,63
chr04,2225245,0.00042510121457489886,0.9469759941481566,0.33427167498707433,0.4759004224441871,64
chr04,2275548,-0.00020970394736842112,0.25031907657583274,0.6184659013580135,0.20868423986717255,70
chr04,2275660,-0.00020970394736842112,0.25031907657583274,0.6184659013580135,0.20868423986717255,70
chr04,2303419,5.238095238095222e-05,0.015341547155686006,0.9018196690250125,0.044880296800713516,65
chr04,2316052,5.670995670995667e-05,0.01757772416189817,0.8949281364701314,0.04821183751931856,68
chr04,2406463,9.06713164777682e-05,0.044702085040268014,0.8332042908197156,0.07924850219701492,68
chr04,2407782,5.475382003395597e-05,0.01660194058959642,0.8978635207955508,0.04678967298745459,69
chr04,2428290,-9.457236842105277e-05,0.050761865437876294,0.822418572283333,0.0849070907745124,70
chr04,2428444,-5.475382003395597e-05,0.01660194058959642,0.8978635207955508,0.04678967298745459,69
chr04,2558670,0.00020861486486486487,0.24283422429712775,0.6237776801323242,0.20497016912486699,69
chr04,2558738,0.00020861486486486487,0.24283422429712775,0.6237776801323242,0.20497016912486699,69
chr04,2564307,0.00016789516789516803,0.16090512723566064,0.6895822839456771,0.16141390449695403,70
chr04,2624543,-9.147509578544072e-05,0.04555105797609575,0.8316831540762532,0.08004209515701184,65
chr04,2624551,-9.147509578544072e-05,0.04555105797609575,0.8316831540762532,0.08004209515701184,65
chr04,2624577,-9.147509578544072e-05,0.04555105797609575,0.8316831540762532,0.08004209515701184,65
chr04,2626022,-7.974910394265227e-05,0.03382717089243732,0.8546474974331186,0.0682129747298034,67
chr04,2626143,-7.974910394265227e-05,0.03382717089243732,0.8546474974331186,0.0682129747298034,67
chr04,2651616,-0.00015668202764976966,0.12906219526448653,0.7205889691622731,0.1423123903797327,66
chr04,2700233,4.729729729729725e-05,0.012380876956786021,0.9117353908807659,0.04013118684138166,69
chr04,2706697,0.00010590277777777786,0.06348570339887596,0.8018520905737941,0.09590573417438902,68
chr04,2706715,0.0001566964285714286,0.13732681900525215,0.7121580407627021,0.14742361785923536,67
chr04,2706721,0.00010590277777777786,0.06348570339887596,0.8018520905737941,0.09590573417438902,68
chr04,2706785,0.00010590277777777786,0.06348570339887596,0.8018520905737941,0.09590573417438902,68
chr04,2728347,6.292229729729729e-05,0.022019123681607293,0.8824819390489231,0.054294174157313434,69
chr04,2754718,-0.00016638370118845513,0.15478662348542632,0.6952516143140002,0.15785799406847975,69
chr04,2754829,-0.00016638370118845513,0.15478662348542632,0.6952516143140002,0.15785799406847975,69
chr04,2841875,0.00021145833333333354,0.217897325268779,0.6423373597725202,0.19223681771624912,62
chr04,2842392,0.0003268398268398269,0.5906286323951704,0.44491744064839034,0.351720569687114,68
chr04,2856064,0.00024509803921568616,0.3446737764080963,0.5590880590545775,0.2525197832592759,70
chr04,2882434,0.00024509803921568616,0.3446737764080963,0.5590880590545775,0.2525197832592759,70
chr04,2899854,-0.00024509803921568627,0.3446737764080963,0.5590880590545775,0.2525197832592759,70
chr04,2899926,-0.00024509803921568627,0.3446737764080963,0.5590880590545775,0.2525197832592759,70
chr04,2899928,-0.00024509803921568627,0.3446737764080963,0.5590880590545775,0.2525197832592759,70
chr04,2899930,-0.00024509803921568627,0.3446737764080963,0.5590880590545775,0.2525197832592759,70
chr04,2943036,0.00024509803921568616,0.3446737764080963,0.5590880590545775,0.2525197832592759,70
chr04,2943283,-0.00036764705882352946,0.7701355438557128,0.383358533708002,0.41639486473839743,68
chr04,2946958,0.0005203984819734346,1.4672437669042513,0.2303051809511899,0.6376962920261992,65
chr04,2987997,-0.00028787878787878786,0.4659320760532466,0.4972179340245877,0.3034532152929598,69
chr04,3061023,-0.00024509803921568627,0.3446737764080963,0.5590880590545775,0.2525197832592759,70
chr04,3061071,-0.00024509803921568627,0.3446737764080963,0.5590880590545775,0.2525197832592759,70
chr04,3098590,-0.00048395721925133695,1.407347184609486,0.23981545961491557,0.6201228237015698,67
chr04,3150578,-0.00012268907563025216,0.0842171978286144,0.7725580141636315,0.11206889794181595,69
chr04,3188985,-0.0001487455197132618,0.11645104211310461,0.734016635909279,0.13429409702980474,67
chr04,3192102,-0.0001170506912442397,0.0749588663569423,0.7851306355513458,0.10505807627525394,66
chr04,3196564,-0.00018790849673202599,0.20216916521197575,0.6544056214328053,0.18415297867236616,70
chr04,3196893,-0.00019663865546218497,0.21524899524805233,0.6441879250950275,0.19098742002198887,69
chr04,3246763,0.0002680906713164777,0.3902437506847215,0.5343250312497623,0.27219448017043407,68
chr04,3313163,-0.00012878787878787884,0.09344070056798716,0.760795503738667,0.11873206272055874,69
chr04,3386201,-0.00020277777777777777,0.21117613222284823,0.6474043247926726,0.18882440374821308,66
chr04,3412075,-0.00019460227272727264,0.19816080653247514,0.6577353145918357,0.18194883972713813,65
chr04,3459803,0.0004407149084568439,1.103542939574651,0.2973212088340015,0.5267741101322755,68
chr04,3588543,-0.00041383701188455016,0.9617693661600922,0.33026955594760365,0.48113145747215613,69
chr04,3781083,-0.0005202020202020201,1.5457649307692445,0.21809478612667993,0.6613547167389449,69
chr04,3799308,0.00037777777777777766,0.7674370358076407,0.38428731224847323,0.4153439541030164,66
chr04,3799325,-0.0003777777777777777,0.7674370358076407,0.38428731224847323,0.4153439541030164,66
chr04,3816917,-0.00032263814616755786,0.5616721250031855,0.4562911785045046,0.3407579273786633,67
chr04,3837268,0.0003939393939393937,0.74611256463981,0.3910936069237546,0.40771928325632933,63
chr04,3837315,0.0003939393939393937,0.74611256463981,0.3910936069237546,0.40771928325632933,63
chr04,3839048,-0.00024264705882352932,0.3142740225438051,0.5770265988460019,0.23880416697287699,66
chr04,3846411,0.00017647058823529402,0.17098445595855155,0.6805788944818743,0.16712152299246094,68
chr04,3918891,-0.0003,0.474403352158863,0.49345774740509085,0.3067500281096639,66
chr04,4007134,-0.00016359447004608312,0.14656168070574108,0.7031115957431824,0.15297573960446834,66
chr04,4044858,-0.0003222222222222221,0.5549924470130894,0.45901199834213,0.3381759620756485,66
chr04,4044922,-0.0002846846846846847,0.44123040431685956,0.5088787643212097,0.2933856720006397,67
chr04,4045080,-0.0001388888888888888,0.10544141611017166,0.7464219391718878,0.12701560409373697,68
chr04,4176233,0.00025809822361546513,0.3284332518861302,0.5687247964809536,0.24509783603466037,62
chr04,4182811,0.0003522727272727272,0.6946935206789767,0.4075340915561748,0.3898360552542297,69
chr04,4375630,0.0002892156862745099,0.42637199554943134,0.5161886353364211,0.2871915613284014,64
chr04,4377112,-0.0004117647058823528,0.9342095760814689,0.33729992310393475,0.4719837578192202,68
chr04,4397056,0.00028255528255528265,0.45770678365936096,0.5009925110106717,0.30016876605101644,70
chr04,4425550,0.0003388888888888889,0.6113679043659468,0.437156446782209,0.35936311265178733,66
chr04,4425607,0.0003388888888888889,0.6113679043659468,0.437156446782209,0.35936311265178733,66
chr04,4445130,0.000278293918918919,0.430406729159368,0.514036209391739,0.2890062876484044,69
chr04,4505710,0.00026819923371647526,0.37348097547254167,0.5433117612246856,0.2649508935679806,65
chr04,4505765,0.00026819923371647526,0.37348097547254167,0.5433117612246856,0.2649508935679806,65
chr04,4535636,-0.0005954861111111112,1.7318700316184106,0.1934403925702546,0.7134528351199745,59
chr04,4546635,-0.00028255528255528265,0.45770678365936096,0.5009925110106717,0.30016876605101644,70
chr04,4619732,0.00028255528255528265,0.45770678365936096,0.5009925110106717,0.30016876605101644,70
chr04,4619765,0.00032196969696969704,0.583836975517624,0.44749488087808875,0.34921192843547566,69
chr04,4619864,0.00032196969696969704,0.583836975517624,0.44749488087808875,0.34921192843547566,69
chr04,4658543,0.00041797235023041484,1.0016124866583587,0.3206896592224191,0.4939150438602948,66
chr04,4676364,-0.0004083333333333335,0.891534529673531,0.3486128143380197,0.4576566531009339,66
chr04,4752123,0.00033426028921023374,0.5029065351550601,0.4810668174695506,0.3177945983808936,60
chr04,4758618,0.0002670995670995672,0.3921457398028103,0.5333335200095433,0.2730011200529245,68
chr04,4758676,0.0002670995670995672,0.3921457398028103,0.5333335200095433,0.2730011200529245,68
chr04,4758678,0.0002670995670995672,0.3921457398028103,0.5333335200095433,0.2730011200529245,68
chr04,4759483,0.0002205882352941178,0.27176896892500424,0.603892526585345,0.21904034492857452,68
chr04,4778001,-0.0003357263513513513,0.6331174488828014,0.42902418577733703,0.3675182242405353,69
chr04,4783126,0.00028661616161616165,0.4582654330484045,0.500766403708354,0.3003648155274709,69
chr04,4788742,-0.00029074529074529093,0.4848169751849319,0.4886217176765234,0.3110272339293799,70
chr04,4833549,0.0004861344537815125,1.3471053836748457,0.24990363049640324,0.6022274345774252,69
chr04,4854779,-0.0005597426470588236,1.7313171429790666,0.1929366751817528,0.7145852098101962,66
chr04,4854880,-0.0005307765151515151,1.5177354663604337,0.22254094567616522,0.6525900707720296,65
chr04,4854924,-0.0005307765151515151,1.5177354663604337,0.22254094567616522,0.6525900707720296,65
chr04,4904209,0.00021538461538461544,0.2580173327970166,0.613153823055398,0.212430559537438,69
chr04,4907585,0.0002306306306306308,0.2989566162566673,0.5864094761878718,0.2317990202515639,67
chr04,4911996,-0.00026666666666666684,0.39223697650663986,0.5333533583577781,0.2729849659493273,66
chr04,4912015,-0.0002903811252268604,0.4641428712089974,0.498114245252519,0.30267103797832196,67
chr04,4912051,-0.0002754385964912282,0.4317676465545543,0.513407793669751,0.2895375429063444,68
chr04,4933025,0.00026480990274093736,0.38081702462586703,0.5392894596306443,0.26817806787980114,68
chr04,4946123,0.00046648351648351645,1.0081400764495816,0.3194491110734473,0.4955983160353122,61
chr04,4956492,0.0002583333333333335,0.3755653768125084,0.542030393946812,0.2659763600422609,70
chr04,4987072,-0.00025833333333333334,0.3755653768125084,0.542030393946812,0.2659763600422609,70
chr04,4987218,0.0004432849364791289,1.1002895539660897,0.29808717551797703,0.5256567080384309,67
chr04,4987224,0.0004432849364791289,1.1002895539660897,0.29808717551797703,0.5256567080384309,67
chr04,5006896,-0.00040775862068965536,0.9457773061670945,0.3342945064859498,0.4758707601781203,69
chr04,5009190,0.0003364171572750211,0.633456026623786,0.42886016762391066,0.3676842890010139,70
chr04,5016282,0.0006630541871921184,2.548328181308684,0.11549603216125894,0.9374329355992848,64
chr04,5036099,-0.0004517857142857144,1.1010289159283035,0.2978676069996194,0.5259767235934172,68
chr04,5036656,-0.0004358974358974359,1.0344508843317983,0.3128864664920895,0.504613221305443,67
chr04,5036967,-0.0003458333333333333,0.6760247117040024,0.4138327468225321,0.3831751463391519,70
chr04,5037506,-0.00038076923076923086,0.8061208135787258,0.3724847669798941,0.42889148332333393,69
chr04,5055908,-0.0003625000000000002,0.7185312801895725,0.3996441051485766,0.39832658860008635,69
chr04,5148553,-0.0003076225045372051,0.5096313538516276,0.47785414783492064,0.32070463990739656,67
chr04,5168001,0.00025877192982456146,0.3693648967496591,0.5454362647297084,0.26325599025135055,68
chr04,5258058,-0.00035301724137931027,0.6907677050411023,0.40885554604091057,0.38843010675710576,69
chr04,5306447,0.0003069806560134567,0.5266301581843706,0.47051734040436255,0.32742436649143963,70
chr04,5306511,0.0003069806560134567,0.5266301581843706,0.47051734040436255,0.32742436649143963,70
chr04,5312286,-0.0003780172413793103,0.8112317970812041,0.3709824833682266,0.4306465959270462,69
chr04,5312327,-0.0003780172413793103,0.8112317970812041,0.3709824833682266,0.4306465959270462,69
chr04,5312330,-0.0003780172413793103,0.8112317970812041,0.3709824833682266,0.4306465959270462,69
chr04,5344089,0.0004027777777777779,0.864393506811323,0.3560609652745923,0.4484756351296285,65
chr04,5344247,0.00042063492063492065,0.9110206729159678,0.3435504590610763,0.46400946680708066,64
chr04,5344249,0.00042063492063492065,0.9110206729159678,0.3435504590610763,0.46400946680708066,64
chr04,5344287,0.00042063492063492065,0.9110206729159678,0.3435504590610763,0.46400946680708066,64
chr04,5344288,0.00042063492063492065,0.9110206729159678,0.3435504590610763,0.46400946680708066,64
chr04,5350012,-0.00029776674937965255,0.503657068789924,0.4803241616654601,0.3184655665693291,70
chr04,5350021,-0.00029776674937965255,0.503657068789924,0.4803241616654601,0.3184655665693291,70
chr04,5377544,-0.00024166666666666678,0.3196218504860511,0.5738116451551596,0.24123064226062396,66
chr04,5377565,-0.00024166666666666678,0.3196218504860511,0.5738116451551596,0.24123064226062396,66
chr04,5377604,-0.00024166666666666678,0.3196218504860511,0.5738116451551596,0.24123064226062396,66
chr04,5381520,-0.00022916666666666664,0.2952003042414435,0.5886838996411017,0.23011784187195555,70
chr04,5395093,-0.00027067669172932326,0.382922366049713,0.5382397589261787,0.26902422473561627,66
chr04,5395192,0.0002706766917293233,0.382922366049713,0.5382397589261787,0.26902422473561627,66
chr04,5395225,0.0002706766917293233,0.382922366049713,0.5382397589261787,0.26902422473561627,66
chr04,5400239,-0.00025961538461538467,0.36054705715468854,0.5502905019899814,0.25940798304371915,67
chr04,5400279,-0.00026392572944297085,0.3860716575964516,0.5365118016681903,0.2704207204025965,68
chr04,5400418,-0.00021794871794871804,0.24654758731005227,0.621217809771851,0.20675610192164318,66
chr04,5400421,-0.00021794871794871804,0.24654758731005227,0.621217809771851,0.20675610192164318,66
chr04,5400460,-0.00025961538461538467,0.36054705715468854,0.5502905019899814,0.25940798304371915,67
chr04,5400466,-0.00025961538461538467,0.36054705715468854,0.5502905019899814,0.25940798304371915,67
chr04,5400487,-0.00025961538461538467,0.36054705715468854,0.5502905019899814,0.25940798304371915,67
chr04,5405717,0.00024561403508771936,0.3428666846016117,0.5601760911979714,0.2516754311825226,68
chr04,5405741,0.00017307692307692307,0.16807882288732381,0.6831328441735136,0.1654948338272275,69
chr04,5433308,7.657657657657656e-05,0.03222161196225407,0.8581005388736419,0.0664618252981058,67
chr04,5452793,1.6666666666666695e-05,0.0014600602863604974,0.9696424325763263,0.013388387576998896,64
chr04,5452814,1.6666666666666695e-05,0.0014600602863604974,0.9696424325763263,0.013388387576998896,64
chr04,5452847,1.6666666666666695e-05,0.0014600602863604974,0.9696424325763263,0.013388387576998896,64
chr04,5467973,-2.222222222222231e-05,0.002638332079438499,0.9591948967571584,0.01809314049730372,66
chr04,5496690,-4.08602150537634e-05,0.0080616911080481,0.9287606531248059,0.032096191732812134,61
chr04,5496729,4.08602150537634e-05,0.0080616911080481,0.9287606531248059,0.032096191732812134,61
chr04,5496731,4.08602150537634e-05,0.0080616911080481,0.9287606531248059,0.032096191732812134,61
chr04,5496946,9.154315605928433e-06,0.00045163358969669203,0.9831090139874812,0.007398321895036121,68
chr04,5496992,1.8468468468468458e-05,0.0018771887829652884,0.9655740612230516,0.015214409458972216,67
chr04,5505828,4.645270270270282e-06,0.00011996952445559817,0.9912934464539049,0.003797764979058882,69
chr04,5532836,-0.00018181818181818178,0.17786012042612417,0.6746319363246502,0.1709331036430033,66
chr04,5532865,-0.00018181818181818178,0.17786012042612417,0.6746319363246502,0.1709331036430033,66
chr04,5545122,2.1390374331550823e-05,0.0025461842735582806,0.9599107824602229,0.0177691299664588,67
chr04,5545130,2.1390374331550823e-05,0.0025461842735582806,0.9599107824602229,0.0177691299664588,67
chr04,5584716,-0.00011908783783783789,0.07838946805879508,0.7803545409835002,0.10770803806667027,69
chr04,5585072,-7.117117117117103e-05,0.02642854988296353,0.871362454037113,0.05980115722537118,67
chr04,5657593,-1.7361111111112677e-06,1.6915170165349222e-05,0.9967308713463359,0.0014220903015830138,68
chr04,5721729,0.00032259528130671524,0.5615210733441095,0.4563514843766696,0.3407005324997891,67
chr04,5721775,0.00032259528130671524,0.5615210733441095,0.4563514843766696,0.3407005324997891,67
chr04,5721786,0.00032259528130671524,0.5615210733441095,0.4563514843766696,0.3407005324997891,67
chr04,5721787,0.00032259528130671524,0.5615210733441095,0.4563514843766696,0.3407005324997891,67
chr04,5721816,0.00032259528130671524,0.5615210733441095,0.4563514843766696,0.3407005324997891,67
chr04,5728415,-0.0002522746071133168,0.36076363927742244,0.5500791884140939,0.2595747857499145,70
chr04,5728524,0.0002522746071133168,0.36076363927742244,0.5500791884140939,0.2595747857499145,70
chr04,5728550,0.00021410256410256412,0.2530134805532825,0.6166107188687826,0.20998892997424803,69
chr04,5728560,0.00021410256410256412,0.2530134805532825,0.6166107188687826,0.20998892997424803,69
chr04,5792632,-0.0002870689655172413,0.4523031100985772,0.5035561652546463,0.29795208240967885,69
chr04,5793663,0.0002717948717948718,0.41535165566969545,0.521466106408087,0.28277391404147484,69
chr04,5880826,-0.00047499999999999994,1.2459309626961237,0.2683183148778978,0.5713496822332503,69
chr04,5880908,0.0003360805860805861,0.6221802655776472,0.4331058394909596,0.36340596071346365,67
chr04,5896977,-0.0004878048780487804,1.3456617421269852,0.25009473401729304,0.6018954526569769,70
chr04,6015385,-0.0004564814814814813,1.0823528065720882,0.3020262070198122,0.5199553713796565,67
chr04,6021552,-0.0003626852659110723,0.7181967813464581,0.399798818994878,0.3981584931212664,68
chr04,6021685,-0.00037691001697792866,0.7958404553460658,0.3755327386380758,0.4253521955703924,69
chr04,6042619,0.000273076923076923,0.4125713531849805,0.5228591058701801,0.2816153241092157,69
chr04,6058848,-0.00033061002178649227,0.5091366988043871,0.4783259211865052,0.32027608343238506,61
chr04,6134092,-0.00026209677419354843,0.36272922953692316,0.5490896859486478,0.260356713962555,67
chr04,6137932,4.7570850202429306e-05,0.010939612711606822,0.9170367121273165,0.037613277683125876,64
chr04,6170475,0.00019784482758620684,0.21407696682837085,0.6450897372550136,0.19037986725022288,69
chr04,6170713,0.00023749999999999995,0.3171617204356642,0.5751706890802211,0.24020325387528838,70
chr04,6173426,0.00023397435897435888,0.30005121930785894,0.5857264929303836,0.23230513200198047,67
chr04,6203409,-0.00021410256410256422,0.2530134805532825,0.6166107188687826,0.20998892997424803,69
chr04,6216441,0.00025227460711331684,0.36076363927742244,0.5500791884140939,0.2595747857499145,70
chr04,6216542,0.00021410256410256406,0.2530134805532825,0.6166107188687826,0.20998892997424803,69
chr04,6216609,0.00021410256410256406,0.2530134805532825,0.6166107188687826,0.20998892997424803,69
chr04,6231649,0.00021871921182265992,0.25470327929196546,0.6155717530390439,0.21072131700938773,64
chr04,6238835,-0.00025087719298245623,0.3416647026166724,0.5608627300520227,0.2511434183797303,68
chr04,6248849,-0.00021410256410256422,0.2530134805532825,0.6166107188687826,0.20998892997424803,69
chr04,6248889,-0.00021410256410256422,0.2530134805532825,0.6166107188687826,0.20998892997424803,69
chr04,6248920,-0.00025227460711331684,0.36076363927742244,0.5500791884140939,0.2595747857499145,70
chr04,6258817,-0.00021410256410256422,0.2530134805532825,0.6166107188687826,0.20998892997424803,69
chr04,6259294,0.00023641765704584042,0.3091371076475789,0.5800622862109797,0.23652537004852625,69
chr04,6259369,-0.00025227460711331684,0.36076363927742244,0.5500791884140939,0.2595747857499145,70
chr04,6286188,-6.7911714770798575e-06,0.00025989447605443723,0.9871855771107018,0.005601198354383343,69
chr04,6290531,6.578947368421058e-05,0.02455582839809423,0.8759432548512001,0.0575240272830901,70
chr04,6295745,-0.00018472906403940877,0.17620869819691667,0.6761029652341732,0.16998715934266484,64
chr04,6333671,-8.768472906403948e-05,0.0374747879871168,0.8471344014934963,0.07204768152711029,64
chr04,6381092,3.3179723502304144e-05,0.005689728299421458,0.9401076529089599,0.02682241194568021,66
chr04,6381113,-3.3179723502304144e-05,0.005689728299421458,0.9401076529089599,0.02682241194568021,66
chr04,6384805,-6.538796861377365e-06,0.000232010166076165,0.9878931397486793,0.005290030440115046,68
chr04,6408211,-6.578947368421054e-05,0.02455582839809423,0.8759432548512001,0.0575240272830901,70
chr04,6408314,-1.388888888888884e-05,0.0010612233412856634,0.9741106888812857,0.011391691130579714,68
chr04,6433450,4.095004095004105e-06,9.549405675880527e-05,0.9922317247361164,0.0033868913317098284,70
chr04,6441812,3.0303030303029356e-06,4.6506698870658744e-05,0.9945810570215201,0.002359816679672626,63
chr04,6471069,4.08496732026145e-05,0.00952732155606934,0.922530707784501,0.035019168800988786,70
chr04,6488443,0.00021963946869070218,0.2564583062534695,0.6143315967488459,0.21159714715678976,65
chr04,6490553,4.08496732026145e-05,0.00952732155606934,0.922530707784501,0.035019168800988786,70
chr04,6490628,4.08496732026145e-05,0.00952732155606934,0.922530707784501,0.035019168800988786,70
chr04,6493424,-4.08496732026144e-05,0.00952732155606934,0.922530707784501,0.035019168800988786,70
chr04,6503152,-7.347972972972964e-05,0.030057905223205512,0.8628816366795595,0.06404877330263631,69
chr04,6515039,-7.347972972972964e-05,0.030057905223205512,0.8628816366795595,0.06404877330263631,69
chr04,6521519,-0.00012658846529814267,0.08012220739270312,0.7780748231209891,0.10897863732127536,64
chr04,6521792,-5.4211469534050034e-05,0.016390496648246967,0.8985241701595272,0.046470235944295356,67
chr04,6526024,-3.276003276003266e-05,0.006112160390279239,0.9379142262592715,0.027836876722825726,70
chr04,6544884,3.276003276003266e-05,0.006112160390279239,0.9379142262592715,0.027836876722825726,70
chr04,6603492,-9.168081494057717e-05,0.04656730249440093,0.8298034831665655,0.08102474651735664,69
chr04,6667954,0.00016206896551724127,0.14337801938421668,0.7061428640055949,0.15110742533273477,69
chr04,6684834,-0.0001368421052631578,0.10128398380037346,0.7512990737281277,0.12418714659883003,68
chr04,6713762,8.5897435897436e-05,0.04056071295301459,0.8409984302045562,0.0752048148490976,69
chr04,6742478,0.00034807534807534805,0.6970156719994339,0.4067119281247945,0.39071309033745255,70
chr04,6742522,0.00034807534807534805,0.6970156719994339,0.4067119281247945,0.39071309033745255,70
chr04,6742523,0.00034807534807534805,0.6970156719994339,0.4067119281247945,0.39071309033745255,70
chr04,6742725,0.00034807534807534805,0.6970156719994339,0.4067119281247945,0.39071309033745255,70
chr04,6763384,0.00034807534807534805,0.6970156719994339,0.4067119281247945,0.39071309033745255,70
chr04,6798747,-0.00034807534807534805,0.6970156719994339,0.4067119281247945,0.39071309033745255,70
chr04,6824517,0.00046273546273546283,1.2416264870555382,0.26908079693872267,0.5701172947339317,70
chr04,6873432,0.0003696969696969696,0.7608773780986534,0.3862164130564688,0.4131692739320984,68
chr04,6875131,0.0004419913419913419,1.0792008031634654,0.3026673462280443,0.5190344311013578,68
chr04,6903955,0.0004806451612903226,1.2404327750040849,0.26955307101748865,0.569355715891173,66
chr04,6990709,-0.000411319073083779,0.9125348023522682,0.3429820819880942,0.46472856770346505,67
chr04,7052210,0.0004324324324324322,1.056030630552635,0.3078180101653858,0.5117059735668538,69
chr04,7096924,-0.0003594771241830063,0.7457829905644119,0.3908505354546459,0.4079892887347801,70
chr04,7107114,-0.00025347222222222226,0.3493534189481685,0.5564982419043005,0.25453620335526933,68
chr04,7117419,-0.00022272727272727272,0.26167815200670186,0.6108164254913133,0.2140892928266095,63
chr04,7118496,-0.00029883512544802865,0.47843986017698464,0.49159319032248483,0.3083941417047285,67
chr04,7151914,-9.579831932773112e-05,0.05136563745675555,0.8213938323781823,0.08544856246870454,69
chr04,7152092,-0.0001307189542483657,0.09768623683525361,0.7555805937973153,0.12171920495212496,70
chr04,7155584,0.000143048128342246,0.10879530238087042,0.7425805101059135,0.12925645352695134,67
chr04,7155740,9.595959595959593e-05,0.05140706844534326,0.8213230589188109,0.08548598403909452,69
chr04,7188969,5.252100840336113e-05,0.015548133047017366,0.901140635196773,0.04520742619772,69
chr04,7189061,-5.252100840336113e-05,0.015548133047017366,0.901140635196773,0.04520742619772,69
chr04,7201696,-0.00011428571428571434,0.07470475144191394,0.785434361338399,0.10489010304875966,70
chr04,7201708,-0.00011428571428571434,0.07470475144191394,0.785434361338399,0.10489010304875966,70
chr04,7229593,0.00011096256684491976,0.06540790772745211,0.7989517276942273,0.09747945977154401,67
chr04,7250439,-3.475935828877005e-05,0.006537376515394416,0.9358064683493053,0.028813957264482184,67
chr04,7261890,-3.89610389610393e-06,8.302827508809894e-05,0.9927572753202784,0.003156921569671548,68
chr04,7261929,4.957983193277311e-05,0.013645342553521792,0.9073574708132159,0.04222158061771646,69
chr04,7261947,4.957983193277311e-05,0.013645342553521792,0.9073574708132159,0.04222158061771646,69
chr04,7302751,9.57983193277311e-05,0.05136563745675556,0.8213938323781823,0.08544856246870454,69
chr04,7348920,-0.00021650326797385618,0.26864209810080636,0.6059265823244749,0.21757999435344713,70
chr04,7362747,0.0001684873949579831,0.16035569224264204,0.6901032806253541,0.1610859080321959,69
chr04,7442327,0.0002165032679738561,0.26864209810080636,0.6059265823244749,0.21757999435344713,70
chr04,7443596,-0.000288095238095238,0.4272216141808331,0.5157340685546321,0.28757417885781955,65
chr04,7475302,0.00030381944444444445,0.507623328296233,0.4786807955415642,0.31995399586802165,68
chr04,7481529,-0.00024715370018975325,0.31191376690584144,0.5784878414403585,0.23770576454429915,65
chr04,7481540,0.0002471537001897533,0.31191376690584144,0.5784878414403585,0.23770576454429915,65
chr04,7490109,0.00015686274509803938,0.13208626884433947,0.7174580229463867,0.14420350356407857,67
chr04,7519201,0.0003132942326490714,0.5094767888730433,0.4780438998487764,0.3205322193154104,64
chr04,7562310,-0.00022857142857142862,0.29980710939652827,0.5857961339437144,0.23225349884160343,70
chr04,7586053,-0.0001214285714285716,0.08319401152535645,0.7739052170464867,0.11131222566635855,69
chr04,7611796,-7.352941176470593e-05,0.03087821269639516,0.8610346079105984,0.06497939242259945,70
chr04,7628941,-0.00022352941176470594,0.27845592637181155,0.5994583042920785,0.2222410191466489,69
chr04,7628954,-0.00022352941176470594,0.27845592637181155,0.5994583042920785,0.2222410191466489,69
chr04,7629024,-0.00022352941176470594,0.27845592637181155,0.5994583042920785,0.2222410191466489,69
chr04,7629052,0.0002235294117647059,0.27845592637181155,0.5994583042920785,0.2222410191466489,69
chr04,7630582,-0.00015210084033613465,0.13338618982310224,0.7160970607387558,0.1450281088564052,69
chr04,7648034,0.00031386554621848746,0.5728373566671375,0.4517870056805898,0.3450662644346298,69
chr04,7664228,0.000269747899159664,0.40943608017246846,0.5244379508015578,0.280305888249431,69
chr04,7688039,-0.00020303030303030315,0.23005109687907718,0.6330715776436626,0.19854718410861322,68
chr04,7688232,-0.00020303030303030315,0.23005109687907718,0.6330715776436626,0.19854718410861322,68
chr04,7709249,0.00012478991596638676,0.08720632124216039,0.7686724598851583,0.11425867862133471,69
chr04,7759786,-0.00017500000000000013,0.16278162170268112,0.687953184401063,0.16244111474132494,66
chr04,7759793,-0.00017500000000000013,0.16278162170268112,0.687953184401063,0.16244111474132494,66
chr04,7776338,-6.190476190476208e-05,0.021319637127940144,0.8843566043083669,0.05337257655443801,68
chr04,7776339,-6.190476190476208e-05,0.021319637127940144,0.8843566043083669,0.05337257655443801,68
chr04,7794926,-0.00019223484848484855,0.20560287223625298,0.6517938964300163,0.18588971069992485,65
chr04,7794982,-0.0001515151515151517,0.13053765195398717,0.719065240173982,0.14323170466275692,66
chr04,7800134,-0.0001645021645021646,0.14750767379172522,0.7021631836399366,0.15356194553599012,68
chr04,7804751,6.973434535104375e-05,0.025028719653620222,0.8748015362373214,0.058090462970013544,65
chr04,7818146,-0.0003527777777777778,0.7022957061049895,0.40513227387745265,0.3924031584244528,66
chr04,7840113,-0.00032352941176470596,0.578234740424297,0.449713136213283,0.34706442641555996,68
chr04,7840191,-0.00032352941176470596,0.578234740424297,0.449713136213283,0.34706442641555996,68
chr04,7895391,0.00042187500000000005,0.9386069860158915,0.336283449867821,0.4732945058877023,66
chr04,7895392,0.00042187500000000005,0.9386069860158915,0.336283449867821,0.4732945058877023,66
chr04,7917859,-0.0003030303030303031,0.49581654787728063,0.48389837210968734,0.3152458389059847,66
chr04,8020626,-0.00013705357142857152,0.09899773716364405,0.7540434896246035,0.12260360537782518,67
chr04,8020634,-0.00013705357142857152,0.09899773716364405,0.7540434896246035,0.12260360537782518,67
chr04,8029292,-0.00021568627450980408,0.2521024320024274,0.6172952538546719,0.20950706214296705,67
chr04,8029348,-0.00021568627450980408,0.2521024320024274,0.6172952538546719,0.20950706214296705,67
chr04,8038412,0.00016129032258064524,0.12409000661813223,0.7258745399515236,0.1391384362079089,62
chr04,8044959,-9.411764705882368e-05,0.05101014220844456,0.8220023365876804,0.08512694795180627,69
chr04,8044987,9.411764705882363e-05,0.05101014220844456,0.8220023365876804,0.08512694795180627,69
chr04,8114630,0.00016666666666666672,0.14877430262045468,0.700988586615162,0.1542890530895574,66
chr04,8207937,0.0002486631016042782,0.3303516146743036,0.5674362123308241,0.24608295209035955,67
chr04,8207967,0.0002058823529411766,0.23109904244676469,0.6322998586763616,0.1990769152547608,68
chr04,8247823,9.411764705882363e-05,0.05101014220844456,0.8220023365876804,0.08512694795180627,69
chr04,8247940,-9.411764705882368e-05,0.05101014220844456,0.8220023365876804,0.08512694795180627,69
chr04,8270093,0.00012745098039215692,0.08159012757898795,0.7761061197256786,0.1100788920661592,64
chr04,8271776,-9.411764705882368e-05,0.05101014220844456,0.8220023365876804,0.08512694795180627,69
chr04,8293936,-1.2987012987011546e-06,9.490944105438944e-06,0.9975512238880191,0.001064794206898249,68
chr04,8336565,-0.00015378151260504218,0.13252276823944242,0.7169768711489741,0.14449485394780284,69
chr04,8339122,7.445887445887446e-05,0.03120965613472277,0.8603144553241521,0.06534277986021952,68
chr04,8339323,0.00015378151260504226,0.13252276823944242,0.7169768711489741,0.14449485394780284,69
chr04,8372036,4.4155844155844266e-05,0.011341581756429233,0.915511189402096,0.038336343371143805,68
chr04,8372074,-4.415584415584421e-05,0.011341581756429233,0.915511189402096,0.038336343371143805,68
chr04,8399950,0.00018235294117647055,0.18505863083983348,0.6684420600837808,0.17493623099947797,69
chr04,8423820,-0.0003277310924369748,0.6061368478528507,0.4389870665501766,0.3575482747661531,69
chr04,8429503,0.000255681818181818,0.35536706639368204,0.553226484942607,0.25709703682538804,65
chr04,8439755,0.00035294117647058815,0.6837902007338613,0.4112643167901371,0.3858789702705903,68
chr04,8439918,0.00038529411764705876,0.8341501746391532,0.3643501459004762,0.43848105223014733,69
chr04,8495905,-0.00035672268907563023,0.7193219988173867,0.39938625321820065,0.39860688752296225,69
chr04,8496054,-0.00030322580645161286,0.48102220718671346,0.4904692481152919,0.3093882172188171,66
chr04,8537974,-0.000572689075630252,1.941915048446026,0.1680663343748928,0.7745192720422248,69
chr04,8538617,0.0006012605042016804,2.098423873984807,0.1521151304027828,0.8178275859231615,69
chr04,8561496,-0.0006128472222222218,2.0981291017979284,0.15221389964810153,0.8175456874810538,68
chr04,8634730,-0.0005488351254480287,1.6463806770632121,0.20400843127104856,0.6903518836582863,67
chr04,8634731,-0.0005488351254480287,1.6463806770632121,0.20400843127104856,0.6903518836582863,67
chr04,8636231,-0.0006284722222222221,2.209498214294831,0.14192496203611,0.8479412132731337,68
chr04,8679371,0.0007154673283705541,3.014356008755259,0.08705920146475905,1.0601853206502403,70
chr04,8680551,-0.0006228070175438596,2.226855378157,0.14039451831194988,0.8526498488539879,68
chr04,8774368,0.0006719298245614035,2.530114757731355,0.11647106574327985,0.9337819505929101,68
chr04,8774408,0.0006719298245614035,2.530114757731355,0.11647106574327985,0.9337819505929101,68
chr04,8825144,-0.0006618773946360152,2.4670910623081594,0.12126219141672039,0.9162745875806042,65
chr04,8829675,-0.000685897435897436,2.69080363889183,0.10561587006347463,0.976270818893644,69
chr04,8829688,-0.0006228070175438596,2.226855378157,0.14039451831194988,0.8526498488539879,68
chr04,8851596,-0.000685897435897436,2.6908036388918304,0.10561587006347463,0.976270818893644,69
chr04,8944407,0.000694642857142857,2.640876796017948,0.10891238716609508,0.9629227228893977,68
chr04,9013935,0.0007184331797235022,2.834588637021487,0.09712649561623515,1.0126622805938408,66
chr04,9021811,0.0007576923076923075,3.339330864609414,0.07209571265101468,1.1420905609028815,69
chr04,9055846,0.0007020335985853224,2.8320023914482753,0.09712838239981524,1.0126538440520583,68
chr04,9055849,0.0007020335985853224,2.8320023914482753,0.09712838239981524,1.0126538440520583,68
chr04,9067898,0.0007916666666666663,3.698436134631026,0.05865198775949842,1.2317172647359564,70
chr04,9123911,0.0006324561403508772,2.2302050687161334,0.14010134736131197,0.8535576880634816,68
chr04,9139242,-0.0005997204100652374,1.9412280850179178,0.1683555630550044,0.7737725284343488,66
chr04,9139397,-0.0006139846743295015,1.98151284819809,0.16414629082357188,0.7847689264774695,65
chr04,9174234,0.0007940354147250698,3.473921950247781,0.06693167497168677,1.1743683065987884,66
chr04,9174265,0.0006882882882882879,2.56915339820867,0.11381486007775579,0.9438010311883485,67
chr04,9245961,0.0007976851851851849,3.5122738589273466,0.065411372344327,1.1843467391830274,67
chr04,9379665,0.0006865740740740738,2.525096757043776,0.11690060148946169,0.932183254254053,67
chr04,9405687,-0.0005115546218487392,1.3123322884885644,0.25652153426420826,0.5908761712166464,62
chr04,9410163,-0.0007083333333333325,2.4959648874415974,0.11931035842192275,0.9233218496222473,63
chr04,9426904,0.0005671316477768088,1.8476988577947686,0.17867780567742927,0.7479293896904369,68
chr04,9427056,-0.000536486486486486,1.6065927703376255,0.20949350311837336,0.6788294409725839,67
chr04,9439654,-0.00048648648648648614,1.349472347078364,0.24955430331894682,0.6028349367513405,68
chr04,9439670,0.00048648648648648646,1.349472347078364,0.24955430331894682,0.6028349367513405,68
chr04,9439699,0.00048648648648648646,1.349472347078364,0.24955430331894682,0.6028349367513405,68
chr04,9450720,-0.0005526315789473682,1.6778887172273775,0.19971776576637001,0.6995833010225168,68
chr04,9553958,0.00026686217008797624,0.37772651829645765,0.5410714898747104,0.2667453492984225,64
chr04,9585395,0.0006641025641025639,2.5016305808919994,0.11843808925231447,0.9265086076477321,69
chr04,9600651,0.0006112054329371813,2.1340977862716946,0.14872913768906276,0.8276039400326402,69
chr04,9628205,-0.0004980158730158727,1.2416342011707888,0.2694573326667771,0.5695099935732867,64
chr04,9676670,0.0003270202020202017,0.620016148685997,0.4338180231267469,0.36269240902561617,69
chr04,9686344,-0.0003620535714285714,0.7424482973312012,0.3920453757821992,0.40666366432813084,67
chr04,9878382,0.0006694444444444443,2.5819712725633353,0.11300999168892673,0.9468831570163089,66
chr04,9878591,0.0006820101351351347,2.7423035468586874,0.10240047351472137,0.9896980351145326,69
chr04,9878670,0.0006820101351351347,2.7423035468586874,0.10240047351472137,0.9896980351145326,69
chr04,9902664,0.0005441176470588235,1.6638864445473174,0.2016499042843873,0.6954019797995428,67
chr04,9902665,0.0005151515151515151,1.4539737442024914,0.23233044353165128,0.6338938784841902,66
chr04,9902715,0.0005441176470588235,1.6638864445473174,0.2016499042843873,0.6954019797995428,67
chr04,9996384,-0.00022544642857142837,0.27071402295903585,0.6046209396196139,0.21851681613310125,67
chr04,10029655,0.0003235294117647057,0.5888512018876246,0.445600257600286,0.35105456676980684,68
chr04,10029664,0.0003235294117647057,0.5888512018876246,0.445600257600286,0.35105456676980684,68
chr04,10029749,0.0003235294117647057,0.5888512018876246,0.445600257600286,0.35105456676980684,68
chr04,10054440,0.00028492647058823506,0.4186224934991795,0.5199391065055072,0.2840475164751954,66
chr04,10061809,0.00031260504201680646,0.54667785290102,0.4622609826417762,0.3351127618474067,69
chr04,10061815,0.00031260504201680646,0.54667785290102,0.4622609826417762,0.3351127618474067,69
chr04,10061861,0.00031260504201680646,0.54667785290102,0.4622609826417762,0.3351127618474067,69
chr04,10061906,-0.0003126050420168065,0.54667785290102,0.4622609826417762,0.3351127618474067,69
chr04,10062273,-0.0003309659090909088,0.5640020283055762,0.4554483576551589,0.3415608596501056,65
chr04,10112183,-0.000348075348075348,0.697015671999434,0.4067119281247945,0.39071309033745255,70
chr04,10112269,0.000348075348075348,0.697015671999434,0.4067119281247945,0.39071309033745255,70
chr04,10112300,-0.000348075348075348,0.697015671999434,0.4067119281247945,0.39071309033745255,70
chr04,10128177,0.0003839826839826839,0.8093900287389556,0.37157149653704713,0.42995760837984787,68
chr04,10131819,-0.000348075348075348,0.697015671999434,0.4067119281247945,0.39071309033745255,70
chr04,10194711,-0.0002904411764705882,0.4435723082697851,0.5077968504287501,0.29430999713235595,66
chr04,10303275,0.000217511520737327,0.24733691958766532,0.6206608547706347,0.20714564480827063,66
chr04,10318287,0.00020389610389610376,0.22795210583661757,0.6346238381394593,0.19748361868693823,68
chr04,10319552,0.0003169191919191918,0.5655107930998837,0.45468209048549624,0.34229215192311874,69
chr05,4440,-0.0002677419354838709,0.38467363953946965,0.5373147912207592,0.26977120399274473,66
chr05,52147,0.00028551136363636344,0.4167669269166749,0.5208991444014177,0.28324635591352704,65
chr05,406397,-0.0002117647058823529,0.2517444981213122,0.6174942099679175,0.20936711028007418,69
chr05,440039,-0.0003382352941176471,0.6374306719254824,0.4275501969644716,0.3690128891582948,67
chr05,440326,0.0002941176470588235,0.49132732822154285,0.48579983063114585,0.3135426409429335,68
chr05,473750,-0.00022727272727272708,0.27656141968195797,0.6007814718225724,0.22128346949472635,66
chr05,475558,-0.0002117647058823529,0.2517444981213122,0.6174942099679175,0.20936711028007418,69
chr05,676334,4.084967320261439e-05,0.00952732155606934,0.922530707784501,0.035019168800988786,70
chr05,853133,2.9886148007590245e-05,0.004747361129477381,0.9452865729726787,0.02443651086259321,65
chr05,853134,2.9886148007590245e-05,0.004747361129477381,0.9452865729726787,0.02443651086259321,65
chr05,862489,0.00017099567099567112,0.16460616899288485,0.6862629698812701,0.16350943460795186,68
chr05,862642,-0.00017099567099567115,0.16460616899288485,0.6862629698812701,0.16350943460795186,68
chr05,878481,-6.423611111111126e-05,0.02270110314688505,0.8806964887453781,0.055173735144857676,68
chr05,882963,-0.000204861111111111,0.23637027701329633,0.628450475433767,0.20172894087902893,68
chr05,883022,0.00016111111111111122,0.13897273166210217,0.7105361874207436,0.14841379866975468,66
chr05,885439,7.455357142857146e-05,0.029735905801355825,0.8636266298039641,0.06367397472292881,67
chr05,885475,-7.455357142857151e-05,0.029735905801355825,0.8636266298039641,0.06367397472292881,67
chr05,893950,0.0001013513513513514,0.05720823798627081,0.8116942709729511,0.09060751932008748,69
chr05,894714,0.00020135135135135134,0.2199347520729659,0.6406588156123314,0.19337319348463902,67
chr05,911514,-0.00010085227272727242,0.05248436829053802,0.8195374320488324,0.08643120541136709,65
chr05,911572,0.00010085227272727242,0.05248436829053802,0.8195374320488324,0.08643120541136709,65
chr05,931973,5.000000000000019e-05,0.013148198985710203,0.9090636588365518,0.041405703451947114,67
chr05,931997,-5.000000000000018e-05,0.013148198985710203,0.9090636588365518,0.041405703451947114,67
chr05,958833,-7.449494949494959e-05,0.03123466989834098,0.8602510161299726,0.06537480571734398,69
chr05,1045869,3.137254901960795e-05,0.004962381943332707,0.9440668610117717,0.024997246866978004,64
chr05,1045919,3.137254901960795e-05,0.004962381943332707,0.9440668610117717,0.024997246866978004,64
chr05,1081935,-0.00020588235294117656,0.23525132756237904,0.629263128515499,0.2011677148620648,68
chr05,1113810,-7.291666666666662e-05,0.029334663703569852,0.8645326291316016,0.06321861096798044,68
chr05,1141501,0.00022510822510822518,0.2811912688018623,0.5977011114958005,0.22351593654369167,68
chr05,1179959,-0.00015931372549019598,0.14519964319196463,0.7043535584737113,0.1522092869516584,70
chr05,1203259,-0.00015931372549019598,0.14519964319196463,0.7043535584737113,0.1522092869516584,70
chr05,1237610,0.00020075757575757576,0.22578679204311947,0.6362110293705572,0.1963988062232297,69
chr05,1238382,9.469696969696967e-05,0.050919262417509575,0.8221582539541529,0.08504457880552653,69
chr05,1247529,0.0003382352941176471,0.6430071089174522,0.4255017629149671,0.37109863623120004,68
chr05,1255648,0.0002647058823529412,0.3828964331757629,0.5381871025698466,0.2690667141342524,68
chr05,1262536,0.0001727272727272729,0.16520789913702175,0.685721291973676,0.1638523652741422,68
chr05,1321205,-4.411764705882362e-05,0.010743353228431628,0.9177613074486819,0.03727025598516892,68
chr05,1333610,4.887585532747912e-07,1.2266695368143183e-06,0.9991198581932432,0.0003824090417562446,64
chr05,1337169,-5.4621848739497675e-06,0.0001681300125050634,0.9896930565954274,0.004499476610682643,69
chr05,1387268,-0.0002467532467532469,0.33217894666399034,0.5663392522022959,0.2469233369712224,68
chr05,1387279,0.00018582887700534774,0.18694961349917671,0.6668987645370392,0.1759400871326192,67
chr05,1394710,0.0003920454545454546,0.8127472011344541,0.37074298559131547,0.4309270570165144,65
chr05,1426424,-0.00031818181818181837,0.5689863720667688,0.4534285637638772,0.3434911249366817,66
chr05,1449942,0.00027965367965367984,0.43962844936873885,0.5096110027776624,0.29276120391831156,68
chr05,1453650,0.00012812500000000007,0.0879087800511068,0.7677980506750632,0.11475299482624364,67
chr05,1453871,-0.00018138528138528158,0.18191483308900333,0.6711207812669333,0.17319931303913616,68
chr05,1477805,-0.00013569078947368426,0.1045810782985353,0.7473923600732928,0.12645134586953535,70
chr05,1477993,-0.00023655913978494643,0.297420262109879,0.5873708439025491,0.23108761492336488,67
chr05,1486330,-0.00021396396396396392,0.2401675713575561,0.6257352259774318,0.20360939557866453,67
chr05,1490139,-2.0488230165649385e-05,0.0022844451152166036,0.9620232668947797,0.016814424259671383,68
chr05,1494895,-6.94444444444443e-05,0.02488529434637251,0.8751498844450659,0.05791756022012623,66
chr05,1562534,2.155172413793005e-06,2.5514472684786718e-05,0.9959847643005232,0.0017473049807383196,69
chr05,1585982,-3.580901856763918e-05,0.0069243602083434936,0.9339342523674952,0.02968369640271816,68
chr05,1617897,-0.0001346691519105313,0.09515167464714479,0.7587290964107524,0.11991326090979104,66
chr05,1620734,-8.885017421602793e-05,0.04261983320090125,0.8370688467679539,0.07723882092932574,69
chr05,1664664,6.0344827586206924e-05,0.019747534716081573,0.888666100771379,0.05126138619689971,69
chr05,1664855,-4.2052144659377694e-05,0.009807813019237792,0.9214023261910226,0.03555069565328737,70
chr05,1680885,-2.652519893899262e-06,3.76729961105519e-05,0.9951212632840435,0.0021239938610793326,68
chr05,1699689,1.794871794871801e-05,0.0017579360128426565,0.9666809949000317,0.014716819620807273,69
chr05,1699856,-1.7948717948717948e-05,0.0017579360128426565,0.9666809949000317,0.014716819620807273,69
chr05,1726592,0.00031607142857142836,0.5727738025557365,0.4518520690256257,0.3450037247491226,68
chr05,1726658,0.00027638888888888884,0.4248137443415286,0.5168428602756574,0.286641478740937,67
chr05,1726695,0.00027638888888888884,0.4248137443415286,0.5168428602756574,0.286641478740937,67
chr05,1737959,-7.051282051282045e-05,0.02687543476403782,0.8702892081402572,0.060336401832372766,67
chr05,1741068,-9.146341463414634e-05,0.04516546546430876,0.8323453221071517,0.07969645691679292,69
chr05,1800144,-0.00013456686291000829,0.10056603054184779,0.7521230522828657,0.12371110015895355,70
chr05,1800172,0.00013456686291000847,0.10056603054184779,0.7521230522828657,0.12371110015895355,70
chr05,1800210,0.00013456686291000847,0.10056603054184779,0.7521230522828657,0.12371110015895355,70
chr05,1800373,9.146341463414634e-05,0.04516546546430876,0.8323453221071517,0.07969645691679292,69
chr05,1855647,-6.578947368421039e-05,0.02255858686566529,0.88108299558039,0.05498318032247502,66
chr05,1859396,-9.14634146341464e-05,0.04516546546430876,0.8323453221071517,0.07969645691679292,69
chr05,1890958,-0.00015080971659919024,0.10679573233558279,0.7449227722336624,0.12788874917287676,64
chr05,1917621,-0.0002612781954887217,0.3827519208881659,0.5383299392676087,0.2689514661862784,66
chr05,1921672,-2.6785714285714223e-05,0.0037758733137295904,0.9511880222446987,0.0217336271717291,68
chr05,1984556,0.00012664165103189485,0.08154150248232914,0.7761271869529951,0.11006710339942492,67
chr05,1992884,-1.0582010582010657e-05,0.0005922324733440903,0.9806570716476913,0.008482835564229166,69
chr05,1999078,8.862876254180599e-05,0.03783349550610329,0.8464349621213728,0.07240640634055556,62
chr05,2065093,-7.499999999999999e-06,0.000270857586711365,0.9869212171474228,0.005717514325037459,65
chr05,2097029,3.428571428571437e-05,0.0065251596259000835,0.9358663455810068,0.02878616998121884,67
chr05,2118431,0.00023015873015873003,0.28351690374000493,0.5961668327459035,0.2246321892495702,69
chr05,2141092,-0.00013675958188153321,0.10183132403233446,0.7506357325806472,0.12457076567136435,69
chr05,2141338,-0.000496153846153846,1.2756684307026696,0.2629215479733593,0.5801738194378092,66
chr05,2146480,-0.0002005420054200542,0.2115820532034481,0.6470419973094501,0.18906752982926908,68
chr05,2146685,0.00017857142857142857,0.1753481175863855,0.6767215569179185,0.16958998887579874,70
chr05,2156051,0.00023015873015873003,0.28351690374000493,0.5961668327459035,0.2246321892495702,69
chr05,2156145,-0.00012048780487804869,0.0725513319715612,0.7885241426351755,0.10318500512173498,66
chr05,2173793,-0.00029365853658536585,0.4626068386296731,0.4988612369609722,0.3020202407551128,66
chr05,2175820,0.00026719576719576717,0.3895386579503045,0.5346614279842765,0.2719211460246358,69
chr05,2223366,-5.879629629629637e-05,0.01819030555622024,0.8931302966976777,0.04908517827950715,67
chr05,2226045,-0.00020535714285714298,0.22143970692885376,0.6394965931110526,0.19416176486321868,68
chr05,2254125,9.005628517823649e-05,0.04280439070839501,0.8367407895809378,0.07740905943769626,67
chr05,2284268,-0.0002458333333333334,0.3089774718541357,0.5803088013554738,0.2363408425818956,64
chr05,2366418,-5.998168498168499e-05,0.019386649723832108,0.8896942122626406,0.050759234643125026,67
chr05,2416120,-0.00010256410256410276,0.052930751558910326,0.8187852255228159,0.0868300025163766,65
chr05,2463151,0.0001925581395348836,0.1928243214274588,0.6620105879345386,0.1791350645712168,68
chr05,2468047,6.77655677655676e-05,0.02376444181546533,0.8779562110246553,0.056527144440829735,68
chr05,2487004,0.0001895604395604395,0.19275595304063534,0.6620667110543041,0.1790982480481111,68
chr05,2555252,-0.0001652421652421652,0.14213668481974395,0.7074132403304304,0.1503268159537917,66
chr05,2555372,-0.00015201465201465197,0.12472093174503202,0.7251123863444853,0.13959467620613644,67
chr05,2555420,-0.00015201465201465197,0.12472093174503202,0.7251123863444853,0.13959467620613644,67
chr05,2557385,-3.8461538461538585e-05,0.007534383097468255,0.9311051305352654,0.03100128031440258,65
chr05,2581470,8.667287977632816e-05,0.03841531815808306,0.8452325291482977,0.07302379728257696,66
chr05,2581485,8.667287977632816e-05,0.03841531815808306,0.8452325291482977,0.07302379728257696,66
chr05,2584198,-1.0344827586206792e-05,0.000583425491340043,0.9808014043466757,0.00841892098677834,69
chr05,2595974,0.00019572798605056675,0.2087483931649561,0.649250411804775,0.18758776623545645,68
chr05,2616277,0.00020924149956408025,0.23875791620411038,0.6267243553325441,0.20292342771745264,68
chr05,2619910,-0.00014746543778801845,0.11178566408899242,0.7392134652201441,0.13123013077936663,66
chr05,2640701,0.00019694397283531414,0.2189329135600591,0.6413726791141754,0.19288954388164622,69
chr05,2747626,-0.0002282051282051283,0.2875901111924545,0.5935451093529587,0.22654626912959835,69
chr05,2747694,-0.0002282051282051283,0.2875901111924545,0.5935451093529587,0.22654626912959835,69
chr05,2751720,-0.00013430127041742307,0.09696534484618567,0.7564987295733803,0.12119179697289481,67
chr05,2751787,-0.0001765704584040748,0.17172440284542148,0.6799075628018674,0.16755012802010646,69
chr05,2752415,-0.00011206896551724147,0.06770444575713205,0.7955313913788894,0.09934267857723772,67
chr05,2752533,-0.00011206896551724147,0.06770444575713205,0.7955313913788894,0.09934267857723772,67
chr05,2773408,-0.0001267857142857142,0.08782232283346951,0.7678946244365547,0.11469837263204115,68
chr05,2776124,-0.00021853448275862064,0.2613761762246866,0.6108570114797143,0.21406043688151288,69
chr05,2793925,-0.00022590627763041557,0.2723174731951771,0.6035283760397618,0.2193023059017198,68
chr05,2793928,-0.00022590627763041557,0.2723174731951771,0.6035283760397618,0.2193023059017198,68
chr05,2793988,-0.00022590627763041557,0.2723174731951771,0.6035283760397618,0.2193023059017198,68
chr05,2813702,-0.00017083333333333317,0.16372774683130978,0.687017405042817,0.16303226029372123,70
chr05,2823619,-0.00010671015843429623,0.05939765734001436,0.808230060425353,0.09246500091876879,66
chr05,2829456,-0.00034722222222222224,0.5420864149423015,0.46458872895907855,0.3329313305027515,59
chr05,2894676,-7.957559681697611e-05,0.034907665112080676,0.8523624116089427,0.06937571051902833,68
chr05,2903905,-6.675508399646328e-05,0.024750577488145704,0.8754704741001843,0.05775849624140579,68
chr05,2908952,-0.00012115563839701769,0.0773774149948373,0.7817801473580306,0.10691536230276172,66
chr05,2939055,-0.00020263157894736817,0.22219029892695885,0.6389305371115243,0.19454635465687534,68
chr05,2939617,-7.852292020373511e-05,0.03441324197449214,0.8533910141769234,0.06885193437795258,69
chr05,2976379,4.414414414414422e-05,0.010704289651569663,0.9179152317429196,0.03719742346773164,67
chr05,3029375,0.00039285714285714255,0.8280345584671087,0.3661527504555322,0.43633769919427773,68
chr05,3029440,-0.00039285714285714255,0.8280345584671087,0.3661527504555322,0.43633769919427773,68
chr05,3029464,-0.00039285714285714255,0.8280345584671087,0.3661527504555322,0.43633769919427773,68
chr05,3065583,-0.000226190476190476,0.25273261065943803,0.6169386299625689,0.2097580353090681,64
chr05,3070437,-0.0002634259259259258,0.3671251506764748,0.5466855885097517,0.26226237464180013,67
chr05,3124585,0.00026916376306620197,0.39318174400923456,0.5327626594995514,0.27346622179118474,69
chr05,3124699,0.00023080397470641347,0.28016910301595516,0.5983662920584742,0.22303287969127153,68
chr05,3124895,0.00021867115222876348,0.26620307365870316,0.6075638641358034,0.2164080644226675,70
chr05,3135352,0.0001762931034482756,0.17115952856428182,0.680404667065454,0.16723271611499196,69
chr05,3210848,0.00018581081081081065,0.1844159039838754,0.6690705638175882,0.17452807676054083,65
chr05,3212267,-0.0004714285714285711,1.0989354574555164,0.2986356889409871,0.5248582924450464,63
chr05,3239197,0.00028221415607985464,0.4314019464488745,0.5136206691671823,0.2893575076716141,67
chr05,3241437,0.0002254054054054052,0.2507789204315683,0.6183593022111166,0.2087591015715653,62
chr05,3241493,-0.00034290540540540533,0.5835109907608513,0.44798351496125577,0.34873796701320686,61
chr05,3241697,0.0003200339558573853,0.5686626980010784,0.45343302473525915,0.34348685223337244,69
chr05,3259268,-0.0003552631578947368,0.6830377676700508,0.41152047937814895,0.38560854718412546,68
chr05,3408083,-4.0849673202614356e-05,0.009527321556069338,0.922530707784501,0.035019168800988786,70
chr05,3408192,7.815126050420148e-05,0.0341757081612025,0.8538920254364535,0.06859704233418171,69
chr05,3481071,-1.562500000000013e-05,0.001144613129220058,0.9731271773770745,0.011830398350575894,60
chr05,3531888,9.099264705882355e-05,0.044231910363362964,0.8340908757210863,0.07878662960909887,66
chr05,3532103,9.099264705882355e-05,0.044231910363362964,0.8340908757210863,0.07878662960909887,66
chr05,3547242,0.00011363636363636354,0.06915303284550112,0.7934057416333227,0.10050466099490765,67
chr05,3559315,8.571428571428562e-05,0.04200123533045135,0.8382296440649908,0.07663698436808422,70
chr05,3597508,8.823529411764698e-05,0.042663219133806274,0.8369965988141607,0.07727630678480825,68
chr05,3626379,6.596638655462164e-05,0.024210071050510228,0.8768194279893062,0.05708983594105467,69
chr05,3642547,0.0002588383838383836,0.37616849805007047,0.541737549236635,0.2662110612909547,69
chr05,3699701,-0.00015213600697471658,0.12488418620137065,0.7249227106059848,0.13970829432093207,68
chr05,3736478,-0.00023571428571428582,0.28979526321791876,0.5922487175923989,0.2274958709904192,65
chr05,3783613,-0.00029567099567099557,0.47751751295557704,0.4919723367877775,0.3080593165785378,68
chr05,3922995,-0.0004330808080808079,1.0638319437469625,0.3060517604833111,0.5142051179913303,69
chr05,3967575,-0.00043243243243243243,1.0560306305526352,0.3078180101653858,0.5117059735668538,69
chr05,3988883,-0.0006406249999999999,2.2679990202759046,0.1369148598988186,0.8635494136495723,67
chr05,3989165,-0.0005067204301075271,1.3874517592254332,0.2431305493487883,0.6141604686348854,67
chr05,3994415,-0.0005492424242424241,1.7277423659464246,0.19318152138642503,0.7140344180018738,69
chr05,3994615,-0.0005773955773955776,1.9530423160035246,0.1668024171500158,0.7777976602491931,70
chr05,4075491,-0.0004907407407407407,1.187063118734718,0.2802082888656382,0.5525190219575808,63
chr05,4083557,0.0005757575757575759,1.6634578971481186,0.20208640553883905,0.6944629007253927,62
chr05,4083586,-0.0005757575757575759,1.6634578971481186,0.20208640553883905,0.6944629007253927,62
chr05,4083587,0.0005757575757575759,1.6634578971481186,0.20208640553883905,0.6944629007253927,62
chr05,4083608,0.0005757575757575759,1.6634578971481186,0.20208640553883905,0.6944629007253927,62
chr05,4086240,0.0006271114864864865,2.2622474454645882,0.13726111282013395,0.8624524844655688,69
chr05,4113695,0.000503472222222222,1.4000389446209542,0.24096162669675592,0.6180521136108668,68
chr05,4113737,0.0005016806722689075,1.4378053267683986,0.23471847385348465,0.6294527272872826,69
chr05,4146758,0.0005445378151260504,1.6868052141752135,0.19847487397986238,0.7022944651355236,69
chr05,4168028,-0.00030065359477124165,0.43642668745488417,0.5114234589788598,0.29121935477780564,61
chr05,4179892,0.00018790849673202596,0.20216916521197573,0.6544056214328053,0.18415297867236616,70
chr05,4179941,-0.000187908496732026,0.20216916521197573,0.6544056214328053,0.18415297867236616,70
chr05,4234030,3.276003276003272e-05,0.006112160390279237,0.9379142262592715,0.027836876722825726,70
chr05,4252617,-3.276003276003272e-05,0.006112160390279237,0.9379142262592715,0.027836876722825726,70
chr05,4264567,-0.0001085858585858586,0.06780148023444212,0.7953637276006895,0.09943421880900806,69
chr05,4271890,3.9930555555555524e-05,0.008690939930355836,0.9260070671495213,0.033385698833910245,68
chr05,4271943,3.9930555555555524e-05,0.008690939930355836,0.9260070671495213,0.033385698833910245,68
chr05,4280481,-1.1255411255411256e-05,0.0006927224888124929,0.9790818238925558,0.009181011792276915,68
chr05,4283037,-0.00016447368421052634,0.15376544438213202,0.6961889623341956,0.15727286648027333,70
chr05,4286471,-0.00017499999999999997,0.1626398797799853,0.6880611291594778,0.16237297618700308,67
chr05,4309961,0.00016447368421052623,0.15376544438213202,0.6961889623341956,0.15727286648027333,70
chr05,4370995,-0.0003045454545454544,0.49458774570983793,0.48456356083778995,0.3146492478998954,63
chr05,4389050,-0.00023341523341523346,0.3116818478462334,0.5784836211901512,0.237708932870289,70
chr05,4389061,-0.00023341523341523346,0.3116818478462334,0.5784836211901512,0.237708932870289,70
chr05,4389131,-0.00023341523341523346,0.3116818478462334,0.5784836211901512,0.237708932870289,70
chr05,4389145,-0.00023341523341523346,0.3116818478462334,0.5784836211901512,0.237708932870289,70
chr05,4431938,-0.00020357142857142856,0.2218478973376386,0.6392124494183635,0.1943547752130782,67
chr05,4432061,-0.00020357142857142856,0.2218478973376386,0.6392124494183635,0.1943547752130782,67
chr05,4442514,-0.00023341523341523346,0.3116818478462334,0.5784836211901512,0.237708932870289,70
chr05,4456050,-0.0002777777777777777,0.43592860843414544,0.5113918969883079,0.29124615765724804,68
chr05,4459166,-0.0002447916666666666,0.3286498427690651,0.5684034343987878,0.245343306648973,68
chr05,4628001,0.0003655172413793102,0.6846940655272173,0.41114861468851405,0.38600116870081363,64
chr05,4731922,-0.00019932432432432428,0.2216169321581031,0.6393397202607398,0.1942683133133692,69
chr05,4759182,0.0001993243243243243,0.2216169321581031,0.6393397202607398,0.1942683133133692,69
chr05,4788790,0.00026190476190476186,0.35554838312472103,0.5531255505478146,0.25717627968734874,65
chr05,4788821,0.00026190476190476186,0.35554838312472103,0.5531255505478146,0.25717627968734874,65
chr05,4788845,-0.00026190476190476186,0.35554838312472103,0.5531255505478146,0.25717627968734874,65
chr05,4807025,0.00018055555555555552,0.1794387110785784,0.6732333718956622,0.17183436436745686,68
chr05,4807172,-0.0001317567567567568,0.09673891684536935,0.7567443625435692,0.12105080568733173,69
chr05,4807175,-0.0001317567567567568,0.09673891684536935,0.7567443625435692,0.12105080568733173,69
chr05,4807239,0.0001317567567567567,0.09673891684536935,0.7567443625435692,0.12105080568733173,69
chr05,4807619,-0.00015277777777777767,0.12686057409731366,0.722845621453551,0.1409544453193513,68
chr05,4843512,0.00015852534562211984,0.12833366579589153,0.7213449676478689,0.1418569936485457,66
chr05,4846528,0.0001527777777777777,0.12686057409731366,0.722845621453551,0.1409544453193513,68
chr05,4872612,0.00015878378378378374,0.1395103098857072,0.7099475811011149,0.14877371618085,69
chr05,4875718,0.00017131647776809063,0.16741684500578552,0.6837426135872334,0.16510735227918227,68
chr05,4881274,0.00016447368421052628,0.153765444382132,0.6961889623341956,0.15727286648027333,70
chr05,4884977,0.00016447368421052628,0.153765444382132,0.6961889623341956,0.15727286648027333,70
chr05,4884991,0.00016447368421052628,0.153765444382132,0.6961889623341956,0.15727286648027333,70
chr05,4922545,7.979626485568763e-05,0.036289627531303596,0.8494946604786398,0.07083934655591331,69
chr05,4922617,-7.979626485568763e-05,0.036289627531303596,0.8494946604786398,0.07083934655591331,69
chr05,4922708,7.979626485568763e-05,0.036289627531303596,0.8494946604786398,0.07083934655591331,69
chr05,4924471,7.979626485568763e-05,0.036289627531303596,0.8494946604786398,0.07083934655591331,69
chr05,4934359,8.271298593879363e-06,0.00038576920109469694,0.9843872684925831,0.00683401185177598,70
chr05,4940270,-3.947368421052634e-05,0.008655376144578958,0.9261581700833459,0.03331483780144314,68
chr05,4973637,-0.00014367816091954015,0.1165613297612542,0.7339304779535715,0.13434507696556053,65
chr05,4978779,2.5466893039049184e-05,0.0035908528650717593,0.9523947665313521,0.021182999735868104,69
chr05,4978788,-2.5466893039049184e-05,0.0035908528650717593,0.9523947665313521,0.021182999735868104,69
chr05,5013513,-8.271298593879363e-06,0.00038576920109469694,0.9843872684925831,0.00683401185177598,70
chr05,5064577,-0.00011682650392327809,0.07424460821067627,0.7861046906568196,0.10451961229788222,68
chr05,5067610,-3.6181342632955514e-05,0.007104375382974183,0.933083030526736,0.030079708777450084,68
chr05,5069932,-0.00019669117647058826,0.2274103709800523,0.6350749983738255,0.1971749842252045,66
chr05,5073901,-3.2760032760032817e-05,0.006112160390279236,0.9379142262592715,0.027836876722825726,70
chr05,5146628,1.7361111111112675e-06,1.6301516806758462e-05,0.9967907180035944,0.0013960147645490464,68
chr05,5180739,0.0001426767676767676,0.11385115429723579,0.7368563591214217,0.13261716413671967,69
chr05,5180740,-0.0001426767676767676,0.11385115429723579,0.7368563591214217,0.13261716413671967,69
chr05,5200038,0.0003042279411764705,0.501829031550464,0.48126984002111217,0.31761135362041004,66
chr05,5396075,0.00011731601731601727,0.07599914980652436,0.7836556101309982,0.10587475297835178,68
chr05,5418817,0.0002960526315789475,0.5007363770250413,0.48159507278938685,0.3173179650046482,70
chr05,5419900,0.0002960526315789475,0.5007363770250413,0.48159507278938685,0.3173179650046482,70
chr05,5458575,-0.00021566820276497703,0.2626418515300814,0.6100751740739132,0.21461664749093817,66
chr05,5460027,0.0002423599320882852,0.33626221188964217,0.5639397413661578,0.24876729919092286,69
chr05,5463043,-0.0003412280701754386,0.630627823864959,0.42997123008237204,0.36656060264012646,68
chr05,5463106,0.0003412280701754386,0.630627823864959,0.42997123008237204,0.36656060264012646,68
chr05,5463149,0.00025789473684210534,0.3589759853569831,0.5511266402850916,0.25874859559913616,68
chr05,5463173,0.00025789473684210534,0.3589759853569831,0.5511266402850916,0.25874859559913616,68
chr05,5463305,0.00031017369727047146,0.5468474565803102,0.46215395399412174,0.3352133269712433,70
chr05,5476307,-0.00026576576576576574,0.3788863205401845,0.5403491988322116,0.26732548811767526,67
chr05,5476308,-0.00026576576576576574,0.3788863205401845,0.5403491988322116,0.26732548811767526,67
chr05,5476360,-0.00026576576576576574,0.3788863205401845,0.5403491988322116,0.26732548811767526,67
chr05,5480409,6.337371854613235e-05,0.022520567589288977,0.8811824844893272,0.054934144028345046,66
chr05,5496306,0.0004804287045666357,1.2420321495692936,0.2692474970090055,0.5698483253195994,66
chr05,5499838,0.0004766483516483517,1.2315340736986375,0.27119769542106426,0.5667140053291906,67
chr05,5513649,0.00041853448275862065,0.9762642216088165,0.32667774433350605,0.4858804518189749,69
chr05,5513895,-0.00019395711500974663,0.21882219829712718,0.6415530121427869,0.19276745163533698,65
chr05,5513943,-0.00033869395711500985,0.653158826100661,0.42202687103055525,0.3746598960317746,65
chr05,5518821,-0.0003952586206896552,0.8879230667480452,0.3494261272492104,0.45664462512316933,69
chr05,5552431,-0.0007487804878048779,2.8888914431966737,0.09404811349395865,1.026649911515845,66
chr05,5560242,0.0005615740740740741,1.7201209579448782,0.1942913122923662,0.7115466183803492,67
chr05,5560475,0.0006335978835978834,2.2274524469879435,0.1402713124700588,0.8530311394482823,69
chr05,5621023,-0.0006335978835978834,2.2274524469879435,0.1402713124700588,0.8530311394482823,69
chr05,5664548,-0.0007447089947089946,3.0892968140283807,0.08337654877984661,1.0789560856655744,69
chr05,5666629,0.0006413461538461537,2.1590508907131656,0.1466309648014569,0.8337743078505416,66
chr05,5687986,0.0007000000000000003,2.4167411379207695,0.1252178275488708,0.9023338352236542,63
chr05,5746023,0.0006533882783882783,2.391522005882733,0.12685008734888525,0.8967092293872579,67
chr05,5816552,-0.0007307692307692309,3.16389592193273,0.0798197074867746,1.0978898680968772,69
chr05,5832129,-0.0006847922192749781,2.7105078322423144,0.10444332571584125,0.9811193076931909,68
chr05,5832672,0.0008141025641025644,3.728013382595209,0.057870795217189866,1.2375405498454624,67
chr05,5869061,-0.0008602150537634408,4.445212690730236,0.03868654716003934,1.4124400300683255,70
chr05,5869238,-0.0008602150537634408,4.445212690730236,0.03868654716003934,1.4124400300683255,70
chr05,5871142,0.0008334845735027222,3.9351019307667583,0.051514870450607854,1.2880673879988729,67
chr05,5871197,0.0007921052631578948,3.6494891040187034,0.060432536639461444,1.2187291759749481,68
chr05,5876005,0.000757736516357206,3.30610535338847,0.07356091996665327,1.1333528480318027,68
chr05,5876050,0.000757736516357206,3.30610535338847,0.07356091996665327,1.1333528480318027,68
chr05,5877543,0.0007897435897435899,3.7247001903404566,0.05784829823387936,1.237709412485895,69
chr05,5877558,0.0007897435897435899,3.7247001903404566,0.05784829823387936,1.237709412485895,69
chr05,5877561,0.0007897435897435899,3.7247001903404566,0.05784829823387936,1.237709412485895,69
chr05,5877704,0.0008500000000000001,4.299278057317875,0.04191942041654825,1.3775847305957747,70
chr05,5877844,-0.0008499999999999996,4.299278057317875,0.04191942041654825,1.3775847305957747,70
chr05,5931834,0.0003833333333333333,0.8324732128393209,0.3647818158121672,0.43796681916288793,70
chr05,5931837,0.0003833333333333333,0.8324732128393209,0.3647818158121672,0.43796681916288793,70
chr05,5934023,0.00045085470085470087,0.9402756066404961,0.3360997619051834,0.4735317951868797,62
chr05,5977021,-0.00043589743589743585,1.0556060212821163,0.30797029613354887,0.5114911693676955,68
chr05,5977094,-0.0002837837837837837,0.46611495698167843,0.49724382492388974,0.3034306015029377,66
chr05,6019239,0.0007923913043478257,3.3058781850838588,0.07394311830233692,1.1311022384675142,63
chr05,6073037,0.00018035714285714275,0.18122277853608995,0.6717095102496837,0.17281850279596203,68
chr05,6080967,-0.00033188153310104526,0.599590080025389,0.44145844753815944,0.3551101683132622,69
chr05,6082788,0.00042801724137931036,1.0058080082497045,0.31951759613980846,0.4955052198342377,69
chr05,6110032,-0.00041071428571428563,0.9144506460137792,0.3424259814156282,0.46543329084838886,68
chr05,6132229,-0.0004405172413793103,1.0665511664962448,0.3054392526993449,0.5150751515124431,69
chr05,6138540,0.0004655172413793102,1.2026326286398032,0.27672215540685824,0.5579560682325675,69
chr05,6138647,0.0004655172413793102,1.2026326286398032,0.27672215540685824,0.5579560682325675,69
chr05,6196847,-0.00035668498168498153,0.6769358190575067,0.4136521160391978,0.3833647496956137,67
chr05,6196937,-0.0003602564102564103,0.7331610831087542,0.3949125126591495,0.4034991055829502,69
chr05,6197046,-0.0004124999999999997,0.9658410611574115,0.3292034373084133,0.48253563884165396,70
chr05,6200481,-0.0004500000000000001,1.132312581250898,0.29110267540316703,0.5359538031235631,69
chr05,6219460,-0.00034743589743589746,0.6899563202438054,0.40912945669212486,0.3881392508406629,69
chr05,6224934,-0.000353174603174603,0.6547747296115315,0.4215052548637831,0.37519700669969347,64
chr05,6231157,-0.0004124999999999997,0.9658410611574115,0.3292034373084133,0.48253563884165396,70
chr05,6313475,0.00030601569311246724,0.5158157602663738,0.47516681093605184,0.32315390121436943,68
chr05,6347827,-0.0004259718775847806,1.0387803936125959,0.31171782461528125,0.506238363232534,70
chr05,6477040,0.00032525629077353216,0.5429898243182638,0.46388906240887506,0.33358586716968586,66
chr05,6481243,0.0003232758620689654,0.5555187846559704,0.4588431855770213,0.3383357137542851,65
chr05,6751155,-0.0002597623089983023,0.37566691888326437,0.5420063722599867,0.26599560751865864,69
chr05,6755890,0.0003904761904761904,0.7679653663957549,0.3841765080788402,0.41546919523605114,65
chr05,6916125,-0.0002365591397849462,0.2925897035881443,0.5905039634779121,0.22877718304486164,64
chr05,6950819,0.0003261261261261261,0.5651627878708368,0.4549010919716141,0.34208302066251084,67
chr05,6959785,-0.0002685475444096135,0.3818006194069421,0.5389795143414744,0.26842774126507885,62
chr05,6982039,-0.00014261460101867585,0.11279267517564973,0.7380363061949449,0.13192227341775778,69
chr05,7007553,-6.249999999999988e-05,0.021869170901138518,0.8828732981449975,0.05410161789999917,70
chr05,7013154,1.9396551724137946e-05,0.0020511501748066777,0.9640111732934329,0.01591793241297708,69
chr05,7125948,-0.00018706896551724136,0.19686686608172807,0.6586914121828302,0.18131799872020068,69
chr05,7132662,-0.00011847922192749773,0.07988871224165427,0.7783328277564755,0.10883465191942977,68
chr05,7160547,0.00019912280701754384,0.220956711530045,0.6398614634163471,0.1939140450576684,68
chr05,7160556,0.00019912280701754384,0.220956711530045,0.6398614634163471,0.1939140450576684,68
chr05,7198941,-0.0002730769230769231,0.41257135318498056,0.5228591058701801,0.2816153241092157,69
chr05,7226694,0.00021187258687258684,0.2524671771353933,0.6170950652018252,0.2096479265465369,65
chr05,7289455,0.00013085764809902736,0.0944823841550593,0.7595220888083574,0.11945959124413742,68
chr05,7432032,0.0002811671087533157,0.4384661230204538,0.510169313162664,0.29228566788406746,68
chr05,7640401,-0.0004672413793103449,1.2317306094085783,0.27103823805201294,0.5669694345739126,69
chr05,7669518,-0.00017389162561576348,0.16559798391964384,0.6854555000620838,0.16402073446279136,64
chr05,7713139,-0.00039239926739926737,0.8048466996279559,0.3729590999972371,0.42833879183589996,67
chr05,7747401,0.0003743386243386243,0.7773001020521237,0.3811201519916798,0.41893808699954505,69
chr05,7772820,-0.0005085714285714285,1.3132432370963973,0.25600975258266445,0.5917434901094012,67
chr05,7793656,-0.00031057692307692297,0.48616374442986277,0.4881687702038906,0.3114300073070831,66
chr05,7802201,0.0003743386243386243,0.7773001020521237,0.3811201519916798,0.41893808699954505,69
chr05,7808878,-0.000458368376787216,1.185408773434658,0.28010130246445025,0.5526848717126386,70
chr05,7811155,0.0007032520325203251,2.722298072046508,0.10370713593393405,0.9841913594247853,68
chr05,7839905,-0.0005555555555555556,1.7133481776631911,0.19495782862388264,0.7100593208253704,70
chr05,7863272,-0.0005668604651162792,1.6353125396291563,0.20551672611459634,0.6871528270060642,67
chr05,7886569,-0.00038614341085271327,0.7583007809002597,0.3870656267217881,0.4122153943950133,67
chr05,7886609,0.0003768939393939394,0.7389351245705895,0.3931138423137768,0.40548166354534476,68
chr05,7911603,0.0005200000000000003,1.4387693071866055,0.23456330383665286,0.6297399299349308,69
chr05,7914427,-0.0005305555555555558,1.4599032754582797,0.23119289267861518,0.6360255211074912,69
chr05,7914432,-0.0005305555555555558,1.4599032754582797,0.23119289267861518,0.6360255211074912,69
chr05,7914471,-0.0005305555555555558,1.4599032754582797,0.23119289267861518,0.6360255211074912,69
chr05,7914478,-0.0005688888888888889,1.7415728229401737,0.19136551714009875,0.7181363166373315,70
chr05,7914497,-0.0005305555555555558,1.4599032754582797,0.23119289267861518,0.6360255211074912,69
chr05,7918206,0.000568888888888889,1.7415728229401737,0.19136551714009875,0.7181363166373315,70
chr05,7918354,0.0005218604651162791,1.4140860262342312,0.23864001866079412,0.6222567256857205,68
chr05,8017181,-0.00024909090909090926,0.32808819266760386,0.568704330071717,0.24511346504993584,69
chr05,8022959,-0.0002890909090909091,0.43485885797070617,0.5118746911056082,0.2908363429734947,69
chr05,8054581,0.00031593406593406596,0.5394385167196993,0.46526703686399795,0.3322977151761201,68
chr05,8058651,-0.00030095818815331025,0.49184378551999813,0.4855348211251038,0.3137796183199344,69
chr05,8089351,-0.00012151567944250885,0.07976279404532235,0.7784897605493237,0.10874709531958796,69
chr05,8089465,-0.00012151567944250885,0.07976279404532235,0.7784897605493237,0.10874709531958796,69
chr05,8089466,-0.00012151567944250885,0.07976279404532235,0.7784897605493237,0.10874709531958796,69
chr05,8089868,-0.00016400336417157278,0.14948320850384064,0.7002369559317673,0.15475497250027914,70
chr05,8092241,-0.0003313840155945419,0.5663947513526416,0.45449806876860954,0.34246795782137146,65
chr05,8092311,-0.000291497975708502,0.42427186516569093,0.5172202561193329,0.2863244749970069,64
chr05,8114606,-0.00015692007797270952,0.12421845405351127,0.7256798850953505,0.13925491483104513,65
chr05,8133639,0.0001190476190476191,0.0778210116731521,0.7811189713356479,0.10728281418981295,70
chr05,8177019,-2.0776874435411076e-05,0.002290348549669033,0.9619742670242859,0.016836545258268172,68
chr05,8211555,-6.613756613756618e-05,0.023497743655469173,0.8786305413030112,0.05619370468003424,69
chr05,8218622,-6.613756613756618e-05,0.023497743655469173,0.8786305413030112,0.05619370468003424,69
chr05,8219113,-0.0001266416510318948,0.08035635793545191,0.777715995065276,0.10917896894104052,67
chr05,8221380,-0.00010766580534022392,0.06282612301325434,0.8028394454291458,0.09537129772993634,70
chr05,8241861,-4.561878952122844e-05,0.01090067113833175,0.9171635751256205,0.03755320147379162,68
chr05,8241962,4.5618789521228454e-05,0.01090067113833175,0.9171635751256205,0.03755320147379162,68
chr05,8252794,-6.141114982578402e-05,0.020353794028454615,0.8869815737870618,0.05208540213639321,69
chr05,8737746,0.00039945054945054944,0.745634321815581,0.391358777390148,0.4074249213832342,61
chr05,8737760,-0.00039945054945054944,0.745634321815581,0.391358777390148,0.4074249213832342,61
chr05,8741546,6.141114982578402e-05,0.020353794028454615,0.8869815737870618,0.05208540213639321,69
chr05,8779750,-1.2040899127122668e-19,0.0,1.0,-0.0,63
chr05,8798173,-0.0001895604395604395,0.1861605635304794,0.6675376726270286,0.17552421977258564,68
chr05,8824175,0.000248107653490328,0.3430830163268389,0.5599940766602207,0.25181656672127406,70
chr05,8825539,-0.00014092664092664104,0.10138444929297845,0.7512276966167953,0.12422840867311842,65
chr05,8827642,0.0002060344827586206,0.23400027355316183,0.6301507205347028,0.20055556281969417,69
chr05,8830619,-0.0003817663817663818,0.7664803575001707,0.38458206231932457,0.4150109759930376,66
chr05,8847813,-0.00024810765349032816,0.3430830163268389,0.5599940766602207,0.25181656672127406,70
chr05,8866293,0.0002992160278745645,0.4865541280937898,0.487882045708914,0.3116851638369411,69
chr05,8873754,-0.00017421602787456451,0.16682521286710542,0.684251378521129,0.16478431896933093,69
chr05,8873866,-0.0002992160278745645,0.4865541280937898,0.487882045708914,0.3116851638369411,69
chr05,8878941,-0.00021853448275862064,0.2613761762246867,0.6108570114797143,0.21406043688151288,69
chr05,8923507,-0.000344642857142857,0.6400453419928093,0.42656462209354484,0.37001516638934556,68
chr05,8944492,0.00013644688644688635,0.09782880675721889,0.7554521980265811,0.12179301086178557,67
chr05,8946246,-9.385964912280704e-05,0.047980521140514036,0.8272913157898026,0.08234153450782798,68
chr05,8978945,4.6257359125315336e-05,0.01186781321550529,0.9135713178953361,0.03925754381289671,70
chr05,8979009,0.00012321428571428558,0.08054084520904904,0.7774542031016201,0.10932518419957665,68
chr05,9032626,-0.000124084249084249,0.0809853579767535,0.7768711889453372,0.10965098450383107,67
chr05,9058099,1.6071428571428548e-05,0.0013810923650081626,0.9704671771432956,0.013019148608029414,68
chr05,9063713,-0.00012698412698412703,0.08106230847803815,0.7768117814038531,0.10968419638547612,64
chr05,9063723,-0.0001388888888888887,0.09351429797845483,0.7607973059975865,0.1187310339156134,63
chr05,9072997,-7.692307692307698e-05,0.03230334069042359,0.8579059904985982,0.06656029961584356,69
chr05,9082336,-0.00027801724137931034,0.42405150382657303,0.5171496233247799,0.2863837873060234,69
chr05,9091192,0.00024353448275862076,0.3224056763580198,0.5720634208060513,0.24255582124320063,69
chr05,9093383,0.0002291666666666669,0.29520030424144345,0.5886838996411017,0.23011784187195555,70
chr05,9128815,-0.00021929824561403534,0.2591773929455972,0.6123837207021168,0.212976362884312,68
chr05,9149064,0.00011785714285714292,0.07378116944909033,0.7867567667029848,0.1041595131378063,68
chr05,9149068,-0.00011785714285714292,0.07378116944909033,0.7867567667029848,0.1041595131378063,68
chr05,9170351,-3.717948717948717e-05,0.007601845532257557,0.9307816896410581,0.031152168752375184,69
chr05,9172992,-7.857733664185258e-05,0.034833307271261604,0.8525010873856544,0.06930505838204737,70
chr05,9221356,-0.00020714285714285707,0.21578945224839227,0.6438684669104946,0.19120284371065233,65
chr05,9221561,-0.00022946428571428548,0.30309104955561234,0.5838382542698646,0.23370745255797276,67
chr05,9221586,-0.00017603686635944688,0.1753572285857372,0.6767959358201467,0.16954225791256614,66
chr05,9285485,-8.141762452107256e-05,0.03467657857757993,0.8528733157426023,0.06911547335754956,65
chr05,9288103,0.00020118845500848902,0.2248451506712602,0.636914434874706,0.19591890825770217,69
chr05,9288171,-0.00020118845500848902,0.2248451506712602,0.636914434874706,0.19591890825770217,69
chr05,9288292,0.00025239755884917176,0.3506887768590444,0.5557468577158198,0.2551229841944924,68
chr05,9334886,0.00020118845500848902,0.2248451506712602,0.636914434874706,0.19591890825770217,69
chr05,9371267,0.00020922939068100365,0.2337709949153204,0.6303664856821358,0.200406884779648,67
chr05,9400170,8.190008190008192e-05,0.03821903780200033,0.8455869602562679,0.07284172287708844,70
chr05,9400173,8.190008190008192e-05,0.03821903780200033,0.8455869602562679,0.07284172287708844,70
chr05,9400224,8.190008190008192e-05,0.03821903780200033,0.8455869602562679,0.07284172287708844,70
chr05,9400226,8.190008190008192e-05,0.03821903780200033,0.8455869602562679,0.07284172287708844,70
chr05,9403527,6.722689075630259e-05,0.023394502748778856,0.8789488696117937,0.056036388056283436,62
chr05,9404596,-8.190008190008192e-05,0.03821903780200033,0.8455869602562679,0.07284172287708844,70
chr05,9407602,9.090909090909077e-05,0.045821249002647196,0.8311511793429909,0.08031997455173749,69
chr05,9425580,3.982683982683977e-05,0.00868003070852358,0.9260533848877532,0.03336397649961988,68
chr05,9431810,-2.3618538324420698e-05,0.002961046983788509,0.956771035290662,0.019191980725899817,67
chr05,9471485,6.696428571428561e-05,0.02453230934495563,0.8760235635951397,0.05748421186649801,67
chr05,9508942,-6.944444444444609e-06,0.0002611038362483629,0.9871565260085138,0.005613979050651153,68
chr05,9522988,0.00011056511056511048,0.06968641114982617,0.7925923004155678,0.10095015090578295,70
chr05,9541161,7.221283783783772e-05,0.029029915683981177,0.8652234453068703,0.06287172082166097,69
chr05,9545042,4.096283783783771e-05,0.009505042496037498,0.922625320458821,0.034974630819612315,69
chr05,9545048,4.096283783783771e-05,0.009505042496037498,0.922625320458821,0.034974630819612315,69
chr05,9545370,-5.381944444444434e-05,0.015716439024522442,0.9006155072638976,0.045460579401557136,68
chr05,9558737,5.555555555555567e-05,0.017236943658349213,0.8959397054115937,0.04772121632908898,69
chr05,9583559,-5.882352941176557e-06,0.00017728603672300782,0.9894193298286527,0.004619609278168277,64
chr05,9583849,-4.848484848484814e-05,0.011888584111961609,0.9135327917742608,0.03927585878652744,63
chr05,9602288,4.1848299912815946e-05,0.009787058869869471,0.9214940571980111,0.035507461241904785,68
chr05,9602767,4.434121621621636e-05,0.010942459395575622,0.9170008083245215,0.03763028150476131,69
chr05,9602869,4.434121621621636e-05,0.010942459395575622,0.9170008083245215,0.03763028150476131,69
chr05,9602893,-4.434121621621629e-05,0.010942459395575622,0.9170008083245215,0.03763028150476131,69
chr05,9611069,-0.0001138392857142858,0.06083143308191452,0.8060574906482153,0.09363398179185131,60
chr05,9666350,4.434121621621636e-05,0.010942459395575622,0.9170008083245215,0.03763028150476131,69
chr05,9751734,8.823529411764732e-05,0.043873255040991564,0.834734795407999,0.07845148282231179,68
chr05,9784389,1.818181818181847e-05,0.0017945371492495664,0.966338035918424,0.014870925909901736,68
chr05,9801066,0.0002089285714285716,0.25770619087436003,0.6134187070104542,0.21224298377001438,67
chr05,9801118,0.000246323529411765,0.35098933212140593,0.5556410979472579,0.25520563919142375,66
chr05,9851224,-0.00012700534759358325,0.08849072719755152,0.7670533933762693,0.11517440444526994,67
chr05,9854570,-1.0416666666666324e-05,0.0005913713543298728,0.9806722295124168,0.008476122793452777,68
chr05,9860272,0.00022675521821631894,0.2712457658162911,0.6043231028940721,0.21873080262789205,65
chr05,9899087,0.0002118055555555557,0.24425942705168596,0.6227875072861089,0.20566010768247017,68
chr05,9983709,-0.00034743589743589773,0.6813860621357809,0.4120393907675908,0.3850612636385721,69
chr05,9983809,-0.00034743589743589773,0.6813860621357809,0.4120393907675908,0.3850612636385721,69
chr05,10022280,-0.00036585365853658575,0.7504376284344333,0.3893840474595719,0.4096218449120215,70
chr05,10059232,-0.00036585365853658575,0.7504376284344333,0.3893840474595719,0.4096218449120215,70
chr05,10075847,-0.00036585365853658575,0.7504376284344333,0.3893840474595719,0.4096218449120215,70
chr05,10198629,-0.0006017857142857144,2.026421830641506,0.15929453204912977,0.7977991315538392,68
chr05,10198655,0.0006017857142857144,2.026421830641506,0.15929453204912977,0.7977991315538392,68
chr05,10236013,0.0006791666666666668,2.547109146123527,0.11534720882097284,0.9379929101009783,67
chr05,10236032,0.0006791666666666668,2.547109146123527,0.11534720882097284,0.9379929101009783,67
chr05,10246635,0.0004723264540337712,1.1303320873872023,0.2916384627893709,0.5351551995734823,67
chr05,10252137,0.0005189701897018972,1.4588460115074584,0.23142415706641778,0.6355913094591946,68
chr05,10260154,-0.0004960317460317461,1.3596291288892697,0.2477358007840706,0.6060112281357066,69
chr05,10260215,-0.0004960317460317461,1.3596291288892697,0.2477358007840706,0.6060112281357066,69
chr05,10272174,0.0004603174603174604,1.1421303334346775,0.28903798749473725,0.539045075322449,69
chr05,10282634,0.000565714285714286,1.4203496042216357,0.238199651481028,0.623058878285555,60
chr05,10293381,0.0004603174603174604,1.1421303334346775,0.28903798749473725,0.539045075322449,69
chr05,10293447,-0.0004392764857881138,1.0611689489826845,0.3065988985883638,0.5134294096181573,70
chr05,10312604,0.000507936507936508,1.4452308729356231,0.23352645076238737,0.6316639212239867,69
chr05,10312657,0.000507936507936508,1.4452308729356231,0.23352645076238737,0.6316639212239867,69
chr05,10346394,-0.0004568480300187619,1.090817123722738,0.3001589541535044,0.5226486965144932,67
chr05,10378257,-0.000567857142857143,1.7421901184990836,0.19142143113043303,0.7180094411639342,68
chr05,10378271,-0.000567857142857143,1.7421901184990836,0.19142143113043303,0.7180094411639342,68
chr05,10386602,0.0006783121597096188,2.62401215468933,0.11010003293775973,0.958212551103769,67
chr05,10387390,-0.0006172161172161174,2.1085656440207257,0.1512866543654049,0.8201993812372006,67
chr05,10394014,-0.0006118479221927502,2.118181077301856,0.15029952407688638,0.8230423946034399,68
chr05,10427234,-0.0005072595281306717,1.363215422878865,0.24724614399458672,0.6068704728548753,67
chr05,10444297,0.0008217255717255718,3.5453210319547233,0.06448431541730724,1.1905459063889003,63
chr05,10491168,0.00033862433862433874,0.6132723112128181,0.4363178062662476,0.36019706295776827,69
chr05,10491422,-0.0003186907838070631,0.5544332264473667,0.45907755196177846,0.33811394290699315,70
chr05,10491439,-0.0003186907838070631,0.5544332264473667,0.45907755196177846,0.33811394290699315,70
chr05,10527840,-0.0003428705440900563,0.6328671057909583,0.4292011873541556,0.3673390852600368,67
chr05,10528843,-0.0003653846153846155,0.6561427128912798,0.42097418755791693,0.37574453253686446,65
chr05,10557321,0.00029761904761904775,0.4893212825974349,0.4866162796441441,0.31281336593263054,70
chr05,10571695,-0.00029761904761904775,0.4893212825974349,0.4866162796441441,0.31281336593263054,70
chr05,10573285,-0.0005663157894736844,1.595196580209698,0.21139174724079923,0.6749119716063733,63
chr05,10579824,0.0003862433862433864,0.828146636204443,0.36607126299164805,0.4364343623886154,69
chr05,10579878,-0.00038624338624338627,0.828146636204443,0.36607126299164805,0.4364343623886154,69
chr05,10590940,-0.0005327635327635328,1.565443535666749,0.21542431299720033,0.6667052833748492,66
chr05,10687880,0.00031869078380706314,0.5544332264473667,0.45907755196177846,0.33811394290699315,70
chr05,10785682,-0.0001466861598440547,0.11021143706670683,0.7410055169611485,0.13017855858360802,65
chr05,10793186,-0.00025073891625615767,0.3138030731443244,0.5773743579009533,0.23854250772479135,64
chr05,10797361,-2.4047186932849258e-05,0.003141697500189159,0.9554732397191263,0.01978147187957496,67
chr05,10812474,0.0003726655348047541,0.8005325225034445,0.3741372344433498,0.4269690683091578,69
chr05,10812659,0.0004655017921146954,1.2256234838078743,0.27234007707761015,0.5648884439595907,67
chr05,10839328,0.00019875478927203067,0.1999592347748005,0.656287386854401,0.182905942340931,65
chr05,10883457,0.0002688172043010754,0.40992272678372066,0.5241603025267664,0.2805358735962252,70
chr05,10899023,0.00031666666666666676,0.5559767800023686,0.45849381847323933,0.338666515219825,69
chr05,10899027,0.0002688172043010754,0.40992272678372066,0.5241603025267664,0.2805358735962252,70
chr05,10937842,0.0002688172043010754,0.40992272678372066,0.5241603025267664,0.2805358735962252,70
chr05,10939122,0.00021379310344827609,0.22344909907593233,0.6380842012611088,0.19512200822208833,64
chr05,10962464,-0.0003107758620689655,0.5302400440008485,0.4690433302397484,0.3287870352917656,69
chr05,11057849,0.00034883720930232553,0.6653620352250461,0.4175213866322909,0.3793212738127024,70
chr05,11075633,-0.00042811355311355315,0.9897627979699956,0.32348959769577945,0.49013968017598397,67
chr05,11092397,-0.0003488372093023255,0.6653620352250461,0.4175213866322909,0.3793212738127024,70
chr05,11093024,-0.00036095238095238086,0.6501138732329219,0.42301219068623386,0.3736471166167473,67
chr05,11201498,-0.0003488372093023255,0.6653620352250461,0.4175213866322909,0.3793212738127024,70
chr05,11201504,0.00034883720930232553,0.6653620352250461,0.4175213866322909,0.3793212738127024,70
chr05,11201538,-0.0003488372093023255,0.6653620352250461,0.4175213866322909,0.3793212738127024,70
chr05,11201899,-0.0003690476190476188,0.7296739854463878,0.39603285113561215,0.40226878762202845,69
chr05,11211560,0.000360952380952381,0.6533141224893497,0.4218787049393403,0.37481239583344267,67
chr05,11213571,0.00034883720930232553,0.6404458856315094,0.4263779287377738,0.37020528445869305,69
chr05,11213587,0.00032142857142857147,0.534394463667826,0.4673525622227449,0.3303553719832504,68
chr05,11220252,0.0003214285714285713,0.5551918158567778,0.45880991894062184,0.3383672017240963,69
chr05,11232670,-0.0004512195121951218,1.0748099021823092,0.30370304323213526,0.5175508562466947,67
chr05,11245498,0.00038146341463414637,0.7261411077848283,0.39731444059285115,0.4008656500067579,66
chr05,11270922,0.0003214285714285713,0.5551918158567778,0.45880991894062184,0.3383672017240963,69
chr05,11294720,0.00034883720930232553,0.6404458856315094,0.4263779287377738,0.37020528445869305,69
chr05,11377833,0.0005302325581395346,1.505941345019383,0.2241188362851708,0.6495216412296385,68
chr05,11378713,-0.00044137596899224786,0.9908321576451365,0.3232303119192127,0.49048791868343755,67
chr05,11378749,-0.00044137596899224786,0.9908321576451365,0.3232303119192127,0.49048791868343755,67
chr05,11378769,-0.00044137596899224786,0.9908321576451365,0.3232303119192127,0.49048791868343755,67
chr05,11379001,-0.0004020979020979018,0.8737472613420517,0.35322760314888235,0.45194536560740645,70
chr05,11387517,-0.0007227191413237922,2.914990186490001,0.09239047115532056,1.0343728181528624,69
chr05,11387579,-0.0007227191413237922,2.914990186490001,0.09239047115532056,1.0343728181528624,69
chr05,11474728,-0.0007080419580419577,2.7843494085532274,0.0997878350927632,1.0009223993348857,70
chr05,11474863,-0.0006842576028622537,2.5539059738423457,0.11472780405505577,0.9403313189394208,69
chr05,11474869,-0.0006842576028622537,2.5539059738423457,0.11472780405505577,0.9403313189394208,69
chr05,11474870,-0.0006842576028622537,2.5539059738423457,0.11472780405505577,0.9403313189394208,69
chr05,11474879,-0.0006842576028622537,2.5539059738423457,0.11472780405505577,0.9403313189394208,69
chr05,11523235,-0.0005336585365853656,1.4815373923210227,0.2280033788638577,0.6420587169861457,66
chr05,11619608,-0.0003812984496124029,0.7227427511481735,0.39836640159431946,0.39971729730030103,67
chr05,11660512,-0.00039947089947089926,0.8565388400003369,0.3580306894485775,0.446079745180366,69
chr05,11675851,-0.00023809523809523793,0.3123564538355504,0.5780737193502085,0.23801677426893436,70
chr05,11717721,-0.0002086466165413533,0.22138166455684824,0.6395887733955246,0.19409916796389662,66
chr05,11721884,-0.0005427927927927928,1.363975742194749,0.24754757432166832,0.6063413248924876,61
chr05,11737053,-0.0003669319186560565,0.7561864813600604,0.3876761671051878,0.4115308969882845,68
chr05,11777064,-0.0003624999999999999,0.6481782793052235,0.4237928587432248,0.37284636578129265,65
chr05,11807731,-0.0005526315789473684,1.5237400543233122,0.2218672358983271,0.6539068271918691,62
chr05,11807931,-0.00020905923344947724,0.23664041253134713,0.6282306476479746,0.20188088076824806,69
chr05,11807966,0.00020905923344947724,0.23664041253134713,0.6282306476479746,0.20188088076824806,69
chr05,11830479,-0.00019841269841269828,0.21028553637249142,0.6480277648675183,0.18840638630466294,69
chr05,11847221,-0.00010096153846153828,0.05384017571308956,0.8172512901198957,0.08764438516605841,66
chr05,11880097,0.00013775971093044252,0.1060075594950407,0.7457660700948885,0.1273973794967904,68
chr05,11918942,-0.00029100529100529077,0.454388517595991,0.502577372918373,0.2987970681467471,69
chr05,11919024,-0.00029100529100529077,0.454388517595991,0.502577372918373,0.2987970681467471,69
chr05,11919154,-0.0002700348432055749,0.39539704220143695,0.5316140490059991,0.27440355044345205,69
chr05,11923215,-0.0002944444444444442,0.4425380405539693,0.5082536317055137,0.29391950944539946,67
chr05,11923222,-0.0002944444444444442,0.4425380405539693,0.5082536317055137,0.29391950944539946,67
chr05,11923240,-0.0002944444444444442,0.4425380405539693,0.5082536317055137,0.29391950944539946,67
chr05,11923243,-0.0002944444444444442,0.4425380405539693,0.5082536317055137,0.29391950944539946,67
chr05,11927992,-9.629629629629626e-05,0.05059565618904338,0.8227356603403089,0.08473967839165311,67
chr05,11963808,8.333333333333344e-05,0.038888253459911926,0.8442584696337473,0.07352457381159187,70
chr05,11963847,8.333333333333344e-05,0.038888253459911926,0.8442584696337473,0.07352457381159187,70
chr05,11972878,0.00028544061302682004,0.4379608464481867,0.510521742583497,0.29198575703847107,65
chr05,11987501,0.00015954415954415942,0.13014135650369704,0.7194735398150407,0.14298517354617782,66
chr05,12046828,-9.116809116809124e-05,0.041707104577688316,0.8388271451874962,0.07632752382616625,66
chr05,12046910,-9.116809116809124e-05,0.041707104577688316,0.8388271451874962,0.07632752382616625,66
chr05,12087427,-0.00013527851458885947,0.09898641362950042,0.7540418559151525,0.12260454632059307,68
chr05,12089657,-0.00013794871794871788,0.08931880283018209,0.7660444066873073,0.11574605410073122,64
chr05,12098870,0.00016917293233082697,0.14437374753894228,0.7052290924422366,0.1516697802829271,66
chr05,12098986,-0.0001691729323308269,0.14437374753894228,0.7052290924422366,0.1516697802829271,66
chr05,12099141,5.701754385964918e-05,0.017418251028948197,0.8954030373672495,0.04798143674551697,68
chr05,12128514,-0.00015747028862478777,0.13744502595858316,0.7120039237619442,0.1475176130155801,69
chr05,12139498,-0.00012406947890818856,0.08690851089934944,0.7690429242914626,0.11404941928483082,70
chr06,24099,-5.2584670231729007e-05,0.015424796643077816,0.9015428885103165,0.04501360804272906,67
chr06,24186,-5.2584670231729007e-05,0.015424796643077816,0.9015428885103165,0.04501360804272906,67
chr06,24365,-2.4781763942525815e-20,0.0,1.0,-0.0,70
chr06,29478,-2.1645021645021944e-06,2.5600272076617033e-05,0.9959782462168436,0.001750147169834891,68
chr06,48562,6.3025210084034005e-06,0.0002204146031582706,0.9881988695773007,0.005155647245449727,69
chr06,56279,-3.24675324675324e-05,0.005721188786747618,0.9399354822264985,0.02690195562864168,68
chr06,56303,-3.24675324675324e-05,0.005721188786747618,0.9399354822264985,0.02690195562864168,68
chr06,62051,4.024621212121204e-05,0.008275936928151413,0.927803332212112,0.03254407204280995,65
chr06,64364,-1.4705882352941216e-05,0.0011935332200079258,0.9725447986524135,0.012090384491269195,68
chr06,64452,-1.4705882352941216e-05,0.0011935332200079258,0.9725447986524135,0.012090384491269195,68
chr06,92485,3.78151260504202e-05,0.007998471933720129,0.9290036729018437,0.03198256897960897,69
chr06,93436,0.00010294117647058823,0.05899522054799366,0.8088444152658449,0.09213500878296552,68
chr06,112715,-6.72268907563026e-05,0.025737152131297604,0.8730266291354729,0.05897250920369104,69
chr06,125279,-2.4781763942525815e-20,0.0,1.0,-0.0,70
chr06,146150,5.714285714285706e-05,0.017176596886742352,0.8961595124495422,0.047614680950699456,63
chr06,170569,-1.215277777777772e-05,0.0007988548265380619,0.9775368681878472,0.009866854035836575,68
chr06,170698,-2.0588235294117662e-05,0.0023525528950752994,0.9614595729452403,0.01706897207648052,69
chr06,223386,-4.687499999999988e-05,0.011239576199491593,0.9159112449693796,0.03814660896052543,64
chr06,247104,-0.00018772401433691757,0.1898970499062089,0.6644461139604583,0.17754023422246384,67
chr06,247140,-0.00018772401433691757,0.1898970499062089,0.6644461139604583,0.17754023422246384,67
chr06,297664,0.00015451388888888888,0.12951586574681706,0.7200835841423947,0.14261708964518277,68
chr06,297781,0.0001906249999999999,0.19310462109553225,0.6618026491613207,0.17927149871463582,67
chr06,356487,-0.00026208026208026215,0.39340601973584227,0.5326149033012203,0.2735866855671346,70
chr06,384898,0.00046774193548387085,1.0943870911772386,0.299697438161174,0.5233169694241281,62
chr06,384906,0.00046774193548387085,1.0943870911772386,0.299697438161174,0.5233169694241281,62
chr06,384930,0.00046774193548387085,1.0943870911772386,0.299697438161174,0.5233169694241281,62
chr06,415313,0.0004892156862745095,1.3658056646292558,0.2470078117753415,0.6072893116906282,64
chr06,437844,0.0006507936507936506,2.342172681918296,0.13100048530225367,0.8827270954610263,64
chr06,535080,0.0002620967741935484,0.3645069450435713,0.5481150785299428,0.2611282504140718,67
chr06,535258,-0.00018121442125237195,0.1678072967566983,0.6834574730519044,0.16528850347141222,65
chr06,539684,-0.00025281385281385285,0.3537732699829138,0.5540186418343411,0.25647562171637905,68
chr06,559000,0.0001644736842105263,0.153765444382132,0.6961889623341956,0.15727286648027333,70
chr06,560507,-0.00023879928315412188,0.3100583887411446,0.579556614610813,0.23690413310485778,67
chr06,576602,1.3440860215053076e-06,9.899785235569248e-06,0.9974991829415542,0.001087451374667546,67
chr06,641565,-4.5138888888888826e-05,0.0110477975224174,0.9166084996391287,0.03781611989370117,68
chr06,641606,-4.5138888888888826e-05,0.0110477975224174,0.9166084996391287,0.03781611989370117,68
chr06,641653,-4.5138888888888826e-05,0.0110477975224174,0.9166084996391287,0.03781611989370117,68
chr06,655606,-0.00036160714285714263,0.610056510761091,0.4379430231814687,0.3585823879604457,60
chr06,655941,-0.00013569078947368418,0.10458107829853529,0.7473923600732928,0.12645134586953535,70
chr06,655961,-0.00012964527027027012,0.09294071790366755,0.7614164225420935,0.11837776037889593,69
chr06,656006,-0.00012964527027027012,0.09294071790366755,0.7614164225420935,0.11837776037889593,69
chr06,656029,-8.159722222222211e-05,0.03634333148451537,0.849393415412586,0.07089111002895562,68
chr06,656043,-0.00012964527027027012,0.09294071790366755,0.7614164225420935,0.11837776037889593,69
chr06,702955,-0.0001901960784313724,0.1829249784262178,0.6703534382761553,0.17369615876023006,64
chr06,769842,-0.00010123784261715294,0.05488526365813159,0.8154959197464694,0.08857820756794352,68
chr06,780543,-8.718395815170924e-07,4.205321643402243e-06,0.9983699746076438,0.0007084886174789949,68
chr06,814466,7.56938603868798e-05,0.03178758414360509,0.8590247570092503,0.0659943196640185,70
chr06,842209,-0.00010862068965517234,0.0643839108862361,0.8004735914495074,0.09665299138608206,69
chr06,843581,-3.4798534798534804e-05,0.006305341361749367,0.9369535177413741,0.028281953924556336,67
chr06,859129,-0.00014999999999999977,0.12615955473098467,0.723547015537652,0.14053324350118507,70
chr06,859219,-0.00010862068965517234,0.0643839108862361,0.8004735914495074,0.09665299138608206,69
chr06,859275,-0.00010862068965517234,0.0643839108862361,0.8004735914495074,0.09665299138608206,69
chr06,870886,-1.7056530214425e-05,0.00145354654527269,0.9697082513401989,0.013358908920865598,65
chr06,896964,-0.00016400336417157283,0.14948320850384067,0.7002369559317673,0.15475497250027914,70
chr06,912039,0.00017916666666666667,0.18013412780394233,0.6725978123474021,0.1722445495801056,70
chr06,912068,-0.0001383620689655172,0.10453127429459105,0.7474651985816594,0.12640902295776954,69
chr06,912162,0.0001500000000000001,0.12384168850614309,0.7260090934594574,0.1390579396104696,69
chr06,924524,-1.7094017094017017e-05,0.0015701475693380657,0.9685153775688669,0.013893479394756084,66
chr06,924544,1.7094017094017092e-05,0.0015701475693380657,0.9685153775688669,0.013893479394756084,66
chr06,924728,0.0001383620689655172,0.10453127429459105,0.7474651985816594,0.12640902295776954,69
chr06,924742,0.0001383620689655172,0.10453127429459105,0.7474651985816594,0.12640902295776954,69
chr06,959172,0.0001383620689655172,0.10453127429459105,0.7474651985816594,0.12640902295776954,69
chr06,978918,-0.0001091954022988504,0.0638612930521162,0.8012793333431111,0.09621605847048667,68
chr06,986272,1.8251273344651904e-05,0.0018426381405582135,0.9658882263899714,0.015073127694914172,69
chr06,1038467,-4.962779156327536e-05,0.013890449294754024,0.9065278127020414,0.04261886700396257,70
chr06,1038589,-7.692307692307622e-06,0.0003253706554518857,0.9856621210696532,0.006271933033164629,69
chr06,1039932,-5.536181342632955e-05,0.01713190151466902,0.8962613544123577,0.04756532936888933,68
chr06,1070967,9.615384615384613e-05,0.045247785491980226,0.8322358471037117,0.07975358166486567,65
chr06,1102724,-0.0001291208791208791,0.08946936506878118,0.7658071249146455,0.11588059738148852,67
chr06,1128125,-4.1114058355437656e-05,0.00904584620720857,0.9245159101773703,0.034085610580760026,68
chr06,1139635,8.79120879120879e-05,0.040263422148915144,0.8415929498756552,0.07489791131168154,67
chr06,1144491,0.0001597096188747731,0.13429567539698012,0.7152092523932342,0.14556687587134665,67
chr06,1146217,-0.00010374891020052317,0.05843414599927323,0.80973767224066,0.09165565513453157,68
chr06,1157443,3.722084367245662e-05,0.007812679519290835,0.9298270136614336,0.03159784069361192,70
chr06,1157447,3.722084367245662e-05,0.007812679519290835,0.9298270136614336,0.03159784069361192,70
chr06,1180459,-0.0001383620689655172,0.10453127429459105,0.7474651985816594,0.12640902295776954,69
chr06,1189587,-1.6820857863751022e-05,0.0015690599830861691,0.9685190382387591,0.013891837907417206,70
chr06,1189691,2.8745644599303174e-05,0.004458533221215102,0.9469618713323646,0.023667507167075878,69
chr06,1205040,2.8745644599303174e-05,0.004458533221215102,0.9469618713323646,0.023667507167075878,69
chr06,1205096,2.8745644599303174e-05,0.004458533221215102,0.9469618713323646,0.023667507167075878,69
chr06,1205184,-1.6820857863751022e-05,0.0015690599830861691,0.9685190382387591,0.013891837907417206,70
chr06,1205940,-0.0002756410256410257,0.3938365311469873,0.5325577363231977,0.2736333020538947,65
chr06,1205954,0.0002756410256410257,0.3938365311469873,0.5325577363231977,0.2736333020538947,65
chr06,1205963,0.0002756410256410257,0.3938365311469873,0.5325577363231977,0.2736333020538947,65
chr06,1209726,-0.00011988304093567261,0.073586419903208,0.7870716729296604,0.10398571778001084,65
chr06,1214238,-5.4166666666666705e-05,0.01642486254253844,0.8984010096382731,0.046529768678828895,70
chr06,1214253,-5.4166666666666705e-05,0.01642486254253844,0.8984010096382731,0.046529768678828895,70
chr06,1216699,-9.956896551724143e-05,0.054092067205795666,0.8167988785564679,0.08788486719572022,69
chr06,1274089,-2.9304029304029366e-05,0.004467155467614239,0.9469168012032921,0.023688177665817326,67
chr06,1274295,-4.612068965517226e-05,0.011588338353320241,0.91459572632772,0.03877083229780905,69
chr06,1274569,0.00012820512820512834,0.08250933141248104,0.7748679057972283,0.11077232674905978,65
chr06,1303237,-5.6034482758620825e-06,0.0001698669017890065,0.9896399578113919,0.004522777903330281,69
chr06,1310089,0.0001517094017094018,0.126716290161284,0.7231099000832685,0.14079569250830043,62
chr06,1322725,-4.6120689655172304e-05,0.011588338353320241,0.91459572632772,0.03877083229780905,69
chr06,1354355,-4.0086206896551834e-05,0.008761567706505593,0.9257036825190749,0.03352800861107137,69
chr06,1402000,4.008620689655181e-05,0.008761567706505593,0.9257036825190749,0.03352800861107137,69
chr06,1402031,4.008620689655181e-05,0.008761567706505593,0.9257036825190749,0.03352800861107137,69
chr06,1409479,-8.063063063063072e-05,0.03635547859142712,0.8493775427960973,0.07089922576665558,67
chr06,1409498,-8.063063063063072e-05,0.03635547859142712,0.8493775427960973,0.07089922576665558,67
chr06,1483949,-5.603448275862192e-06,0.00016986690178900644,0.9896399578113919,0.004522777903330281,69
chr06,1487580,-4.166666666666447e-06,9.716520514001796e-05,0.9921640492514969,0.0034165135370451192,70
chr06,1503492,-0.00011538461538461548,0.0693955259400274,0.7930652360331869,0.10069108697754289,66
chr06,1527186,-4.166666666666447e-06,9.716520514001796e-05,0.9921640492514969,0.0034165135370451192,70
chr06,1528574,4.166666666666561e-06,9.716520514001796e-05,0.9921640492514969,0.0034165135370451192,70
chr06,1528618,-8.750000000000004e-05,0.04064732635827662,0.84084030990825,0.07528647639098887,68
chr06,1528812,-0.00010138888888888897,0.054642864861428234,0.8159074161249913,0.08835911936777166,67
chr06,1546216,4.166666666666561e-06,9.716520514001796e-05,0.9921640492514969,0.0034165135370451192,70
chr06,1575319,-6.6170388751034e-05,0.02469805604960495,0.8755874864488373,0.05770045382527211,70
chr06,1578837,4.95137046861184e-05,0.01344300285258488,0.9080490133957759,0.041890709107951354,68
chr06,1592688,-1.1111111111111095e-05,0.0006069740287129507,0.9804277706516721,0.008584395839003556,61
chr06,1592725,-1.1111111111111095e-05,0.0006069740287129507,0.9804277706516721,0.008584395839003556,61
chr06,1669539,0.00031159420289855066,0.4247920544781916,0.5170444395442679,0.28647212804836497,62
chr06,1669614,0.00020842105263157916,0.2205123013060668,0.6403241604519989,0.19360011124310272,63
chr06,1748097,-0.0002576923076923078,0.3671463675748393,0.5466112079592815,0.262321467584877,69
chr06,1748140,-0.00021091811414392079,0.25177376745902286,0.6174496670847983,0.20939843919908752,70
chr06,1771784,-0.0002387267904509285,0.3049204788380857,0.5826792079453924,0.2345704787962246,68
chr06,1824148,-0.00012571428571428583,0.0702808530240902,0.7918682368288323,0.10134707696959316,60
chr06,1843529,-0.00021091811414392079,0.25177376745902286,0.6174496670847983,0.20939843919908752,70
chr06,1843640,-0.00024236453201970445,0.33003740901081463,0.5677157440788954,0.2458690616108119,64
chr06,1915714,0.00026406533575317603,0.3629765519468035,0.5489538997171365,0.26046412538434965,67
chr06,1915986,0.0002576923076923078,0.3671463675748393,0.5466112079592815,0.262321467584877,69
chr06,1946550,-0.00022435897435897452,0.2758009568940668,0.6012003527569729,0.22098077326084162,69
chr06,1946597,0.0002243589743589745,0.2758009568940668,0.6012003527569729,0.22098077326084162,69
chr06,1953552,-0.0002576923076923078,0.3671463675748393,0.5466112079592815,0.262321467584877,69
chr06,1978371,0.00020000000000000012,0.22460776218001768,0.6370694420255654,0.19581322599307296,70
chr06,1980956,-0.00015485829959514184,0.11557665452840347,0.7350314610110379,0.13369407173067085,64
chr06,2007392,-0.00033475783475783483,0.58884918503433,0.4456862744745368,0.3509707404073312,66
chr06,2007404,-0.00033475783475783483,0.58884918503433,0.4456862744745368,0.3509707404073312,66
chr06,2038640,0.00018498168498168495,0.17919987935598142,0.6734591737287077,0.17168872683299083,67
chr06,2133685,4.008620689655183e-05,0.008761567706505597,0.9257036825190749,0.03352800861107137,69
chr06,2218923,-0.00010069747166521363,0.055124613451246106,0.8151014829144552,0.08878831674960275,68
chr06,2233902,3.8461538461538456e-05,0.0073375523221051635,0.9320131113169404,0.030577978061742398,64
chr06,2245166,0.0002262308998302207,0.2928059511625347,0.5902226942194545,0.22898409577676526,69
chr06,2248147,-0.00014316239316239314,0.09822658598427468,0.7550552221110707,0.12202128442234608,62
chr06,2265026,-1.0138248847926128e-05,0.0005716772881708487,0.9809989713478334,0.008331448010667148,66
chr06,2265056,1.0138248847926128e-05,0.0005716772881708487,0.9809989713478334,0.008331448010667148,66
chr06,2302946,0.00021790540540540533,0.2652655696283868,0.6082205991791334,0.21593887528308278,69
chr06,2322413,0.00017204301075268824,0.16169154228855526,0.688923139812297,0.16182922775472128,67
chr06,2322427,0.00017204301075268824,0.16169154228855526,0.688923139812297,0.16182922775472128,67
chr06,2322501,-0.00017204301075268824,0.16169154228855526,0.688923139812297,0.16182922775472128,67
chr06,2328489,-0.00026726973684210544,0.4075488313860031,0.5253605279570881,0.2795425602792889,70
chr06,2368673,0.00032251082251082255,0.5831546113146344,0.44779976438152613,0.3489161392693377,68
chr06,2389319,0.00033988533988534004,0.6642841686209582,0.41789700724930534,0.37893073902571217,70
chr06,2389359,0.00033988533988534004,0.6642841686209582,0.41789700724930534,0.37893073902571217,70
chr06,2389369,0.00033988533988534004,0.6642841686209582,0.41789700724930534,0.37893073902571217,70
chr06,2410442,0.0002890492359932089,0.4657734820829062,0.49729090308581037,0.3033894852193536,69
chr06,2410504,0.00032483552631578955,0.6037413103036436,0.4398487802948745,0.35669660799452907,70
chr06,2413168,9.469696969696959e-05,0.05155366854879326,0.8210728735661066,0.08561829576347696,69
chr06,2413422,9.469696969696959e-05,0.05155366854879326,0.8210728735661066,0.08561829576347696,69
chr06,2413424,9.469696969696959e-05,0.05155366854879326,0.8210728735661066,0.08561829576347696,69
chr06,2413435,9.469696969696959e-05,0.05155366854879326,0.8210728735661066,0.08561829576347696,69
chr06,2448973,-0.00013048986486486485,0.09488487515042604,0.7590121591411239,0.11975126678489201,69
chr06,2505357,-1.7436791630339955e-05,0.0016778794349563565,0.9674499117061162,0.01437151068398489,68
chr06,2505361,-1.7436791630339955e-05,0.0016778794349563565,0.9674499117061162,0.01437151068398489,68
chr06,2534599,3.820033955857351e-06,8.078995696433596e-05,0.9928551622130046,0.0031141017961925635,69
chr06,2572067,9.099616858237515e-06,0.00041216606651608566,0.9838667243694252,0.007063727575829104,65
chr06,2594140,0.00011546499477533946,0.06815950859172715,0.7949296650024295,0.09967129581226172,62
chr06,2594142,0.00011546499477533946,0.06815950859172715,0.7949296650024295,0.09967129581226172,62
chr06,2608978,-7.777777777777771e-05,0.03189248490102983,0.858827947780234,0.06609383129535347,66
chr06,2665953,0.00037674037674037693,0.8179832614956436,0.3689636231787039,0.43301644964452307,70
chr06,2686230,-0.00035963382737576305,0.7039652450182228,0.404483239422186,0.39309946954556946,68
chr06,2692501,-0.00034548611111111113,0.652460156525571,0.4221362235122085,0.37454737943412403,68
chr06,2692663,0.0003933691756272402,0.828256485770429,0.36613968862625446,0.4363531921314617,67
chr06,2692671,-0.00034548611111111113,0.652460156525571,0.4221362235122085,0.37454737943412403,68
chr06,2727603,0.00037626689189189193,0.7908670293590846,0.37702002304047977,0.42363558436960935,69
chr06,2805491,0.00046382783882783867,1.1166575881680643,0.2945509862404806,0.5308395187841024,67
chr06,2844535,-0.00043191865605658725,1.0135178259301083,0.31773830819581217,0.497930421197126,68
chr06,2869612,0.00035000000000000016,0.6422841624977701,0.42585040043122635,0.3707429400469922,66
chr06,2897022,-0.0004431239388794568,1.105038143986186,0.2969398623976526,0.5273314970578237,69
chr06,2917249,-0.00044027898866608563,1.061779946576832,0.3065709701428721,0.5134689718027723,68
chr06,2952954,0.00039942528735632197,0.8969063505104474,0.3472311110625069,0.4593813700235923,65
chr06,2954456,-0.00036140350877193007,0.7065362224003799,0.40363101692994674,0.39401546789612757,68
chr06,2954459,-0.00036140350877193007,0.7065362224003799,0.40363101692994674,0.39401546789612757,68
chr06,2954476,-0.00036140350877193007,0.7065362224003799,0.40363101692994674,0.39401546789612757,68
chr06,2954484,-0.00036140350877193007,0.7065362224003799,0.40363101692994674,0.39401546789612757,68
chr06,2954551,0.00036140350877193007,0.7065362224003799,0.40363101692994674,0.39401546789612757,68
chr06,2968610,0.0002981981981981982,0.473597893295336,0.4937853767076479,0.3064617757026153,67
chr06,2982650,0.00039473684210526326,0.8953258722843921,0.34738842816163573,0.4591846524095007,70
chr06,3023980,-0.00022979797979797987,0.2961429102898278,0.5881171597406041,0.23053614882116666,69
chr06,3032144,0.0001252100840336136,0.08936452095138431,0.765911874951697,0.115821196978222,69
chr06,3032343,0.00016709956709956726,0.1559265475863691,0.6942081416362131,0.15851029725212235,68
chr06,3164016,0.0001533613445378151,0.13078702253742294,0.7187554498146405,0.1434188493416832,69
chr06,3164072,0.0001533613445378151,0.13078702253742294,0.7187554498146405,0.1434188493416832,69
chr06,3187978,-2.3529411764705965e-05,0.0031199937799695843,0.955622040221705,0.019713842350076092,69
chr06,3188660,-7.352941176470589e-05,0.03087821269639516,0.8610346079105984,0.06497939242259945,70
chr06,3188710,-7.352941176470589e-05,0.03087821269639516,0.8610346079105984,0.06497939242259945,70
chr06,3195909,-0.00014304812834224618,0.11293238443128534,0.7379124545540201,0.13199515953113103,67
chr06,3203557,4.8484848484848345e-05,0.012864982082657963,0.9100388014865444,0.04094009019292242,68
chr06,3203809,4.411764705882342e-05,0.01064630605441418,0.9181322484231262,0.03709475820645516,68
chr06,3204730,0.0001881720430107525,0.17008355567938852,0.6815323017329098,0.16651355562988196,61
chr06,3213823,8.823529411764688e-06,0.000435423210006704,0.9834139327846925,0.007263643016931955,69
chr06,3213837,8.823529411764688e-06,0.000435423210006704,0.9834139327846925,0.007263643016931955,69
chr06,3231566,0.0002857142857142857,0.4299094119453378,0.514420790874929,0.28868148724598947,65
chr06,3231567,0.0002857142857142857,0.4299094119453378,0.514420790874929,0.28868148724598947,65
chr06,3260042,0.00033041474654377863,0.5851914427153094,0.44709630842998727,0.3495989159854793,66
chr06,3266237,-0.0002785714285714284,0.3895922300744487,0.5348412906040998,0.2717750718863121,63
chr06,3266260,-0.0002785714285714284,0.3895922300744487,0.5348412906040998,0.2717750718863121,63
chr06,3266264,-0.0002785714285714284,0.3895922300744487,0.5348412906040998,0.2717750718863121,63
chr06,3291335,0.0003848484848484848,0.8193438474205312,0.36866459761616865,0.4333685651282043,68
chr06,3320216,0.00045543672014260254,1.1565881380254819,0.28615004460654375,0.5434061820555247,67
chr06,3333980,0.0003595238095238096,0.6871756282449138,0.4102564862715016,0.38694454390155353,65
chr06,3459013,-0.00040540540540540544,0.9489977163156528,0.3334273201483221,0.47699881811462735,70
chr06,3494535,0.0004281512605042015,1.040228769570277,0.3114370175754065,0.5066297682185662,69
chr06,3494580,0.00039705882352941165,0.8736245778407165,0.35336104551506287,0.4517813287690483,68
chr06,3494688,0.0003567226890756302,0.7193219988173866,0.39938625321820065,0.39860688752296225,69
chr06,3622842,0.0002930735930735931,0.4995258340360347,0.4821964284922615,0.3167760106567135,68
chr06,3630262,0.0003567226890756302,0.7193219988173866,0.39938625321820065,0.39860688752296225,69
chr06,3654621,0.0006071428571428572,1.8083339493059822,0.18385519558122387,0.735524092853191,61
chr06,3654637,0.0006071428571428572,1.8083339493059822,0.18385519558122387,0.735524092853191,61
chr06,3654890,-0.0005588235294117645,1.7556554417507908,0.18973646672038805,0.7218491911281942,68
chr06,3688829,-0.0006874999999999997,2.5411283398151343,0.11592060599998516,0.9358393571628164,65
chr06,3848809,-0.0006084229390681004,2.0342402823856824,0.1585764865386115,0.7997612087182009,67
chr06,3935055,0.0006890756302521004,2.762646856908768,0.10116062241641417,0.9949885072123448,69
chr06,3948910,0.0008078341013824885,3.6447835004348343,0.060730524845057525,1.2165929656034797,66
chr06,3993894,-0.0006043643263757115,2.1823639087730924,0.14458173118679765,0.8398865794204774,65
chr06,4072257,0.00042842105263157874,0.9076880940074368,0.34448863822041087,0.4628250972383604,63
chr06,4072273,0.00042842105263157874,0.9076880940074368,0.34448863822041087,0.4628250972383604,63
chr06,4072296,0.000555921052631579,1.5475887654432103,0.21832995608511646,0.660886672582575,62
chr06,4073192,0.0004555353901996367,1.1277081691796986,0.29219441986158345,0.5343280821952295,67
chr06,4084384,0.00031666666666666654,0.5658959404320059,0.45449053721420585,0.34247515463879297,70
chr06,4084496,-0.00031666666666666654,0.5658959404320059,0.45449053721420585,0.34247515463879297,70
chr06,4099155,-0.00035128205128205116,0.6848746498080746,0.4108511717710146,0.3863154700559166,69
chr06,4121582,-0.00031666666666666654,0.5658959404320059,0.45449053721420585,0.34247515463879297,70
chr06,4151354,-0.00031666666666666654,0.5658959404320059,0.45449053721420585,0.34247515463879297,70
chr06,4152896,-0.0002810344827586207,0.43298341934027634,0.5127832741913649,0.29006614894333527,69
chr06,4194402,-0.0004975633528265105,1.340514507881217,0.2513138768191845,0.5997835302708988,65
chr06,4194492,-0.0004975633528265105,1.340514507881217,0.2513138768191845,0.5997835302708988,65
chr06,4324432,0.00017954159592529706,0.17894143776530833,0.6736392332168859,0.1715726271595109,69
chr06,4428520,-0.00025769230769230746,0.3671463675748393,0.5466112079592815,0.262321467584877,69
chr06,4429685,0.00016976127320954905,0.15916761067240465,0.6912119753727157,0.1603887462333932,68
chr06,4437062,0.0002590744101633393,0.35507837541192094,0.5533217506438575,0.2570222576749825,67
chr06,4446550,-0.00022916666666666664,0.2952003042414435,0.5886838996411017,0.23011784187195555,70
chr06,4481723,0.00030698065601345666,0.5266301581843708,0.47051734040436255,0.32742436649143963,70
chr06,4481773,0.00030698065601345666,0.5266301581843708,0.47051734040436255,0.32742436649143963,70
chr06,4481941,-0.0003069806560134566,0.5266301581843648,0.4705173404043691,0.3274243664914336,70
chr06,4542244,-0.00030769230769230754,0.5162624468969851,0.4749764337738669,0.32332793760853235,68
chr06,4542263,0.00030769230769230754,0.5162624468969851,0.4749764337738669,0.32332793760853235,68
chr06,4542314,0.00030769230769230754,0.5162624468969851,0.4749764337738669,0.32332793760853235,68
chr06,4559849,0.00022916666666666658,0.2952003042414435,0.5886838996411017,0.23011784187195555,70
chr06,4561509,0.00028717948717948706,0.4565825843575583,0.5015511100560804,0.29968480405071135,69
chr06,4604516,-0.0004140350877192983,0.953813946995463,0.3323165966321123,0.4784479685444785,68
chr06,4604898,0.00038558558558558553,0.8097388785660321,0.3715192230109482,0.43001871021674243,67
chr06,4606145,-0.0003166666666666668,0.5658959404320058,0.45449053721420585,0.34247515463879297,70
chr06,4606356,-0.0003166666666666668,0.5658959404320058,0.45449053721420585,0.34247515463879297,70
chr06,4635146,0.00031666666666666676,0.5658959404320058,0.45449053721420585,0.34247515463879297,70
chr06,4651367,-0.0001918103448275861,0.20100157837371063,0.6553601478395771,0.18351997140586435,69
chr06,4714197,-1.5763546798029626e-05,0.0012498204642981295,0.9719119978382259,0.012373056661660121,64
chr06,4714200,-1.5763546798029626e-05,0.0012498204642981295,0.9719119978382259,0.012373056661660121,64
chr06,4731552,-9.600389863547751e-05,0.046141051039390715,0.8306134213034488,0.08060105570755674,65
chr06,4748135,-1.6820857863751175e-05,0.0015690599830864933,0.9685190382387591,0.013891837907417206,70
chr06,4753486,-7.678571428571423e-05,0.03149239322214513,0.8596898383020294,0.0656582066750718,68
chr06,4763780,-1.689976689976689e-05,0.0013487821414798003,0.9708319811994224,0.012855925552236238,59
chr06,4844205,-1.6550522648083604e-05,0.0014891531688879796,0.9693323908749614,0.013527274786447644,69
chr06,4853985,-0.00012284482758620705,0.08289652175283925,0.7742985981904218,0.111091526993366,69
chr06,4853992,0.00012284482758620705,0.08289652175283925,0.7742985981904218,0.111091526993366,69
chr06,4871228,-0.00010752688172043012,0.0652571901021687,0.7991429070717913,0.0973755508448515,70
chr06,4871255,-0.00010752688172043012,0.0652571901021687,0.7991429070717913,0.0973755508448515,70
chr06,4871307,-0.00010752688172043012,0.0652571901021687,0.7991429070717913,0.0973755508448515,70
chr06,4871451,0.00010752688172043012,0.0652571901021687,0.7991429070717913,0.0973755508448515,70
chr06,4898207,-0.00010752688172043012,0.0652571901021687,0.7991429070717913,0.0973755508448515,70
chr06,4928508,0.00027636916835699804,0.3764237303956735,0.5418045947908201,0.2661573162392898,63
chr06,4948389,7.682512733446525e-05,0.03266329725275028,0.8571251649439413,0.06695575395155152,69
chr06,5057492,-0.00010752688172043012,0.0652571901021687,0.7991429070717913,0.0973755508448515,70
chr06,5072549,-0.00023846153846153852,0.3138692575677515,0.5771840380927595,0.2386856877380863,69
chr06,5080772,0.0003261261261261261,0.559639732735108,0.4571036564050054,0.339985304743996,67
chr06,5093398,-0.0002666666666666667,0.4003311562873703,0.5290402672554426,0.2765112709113357,70
chr06,5105558,0.0002103448275862069,0.24392951290561443,0.6229976109969532,0.20551361872257964,69
chr06,5120988,-0.0003025641025641027,0.5071927348485029,0.4788293203147572,0.3198192641531858,69
chr06,5121055,0.0003025641025641027,0.5071927348485029,0.4788293203147572,0.3198192641531858,69
chr06,5129579,-0.00033731211317418225,0.6329661859725414,0.4291215037681724,0.36741972193001676,68
chr06,5133226,-0.0002666666666666667,0.4003311562873703,0.5290402672554426,0.2765112709113357,70
chr06,5133483,-0.00034642857142857137,0.5763981155931522,0.4506515361109661,0.34615914423939986,63
chr06,5154048,-0.0004875,1.310642255297579,0.2563516359135016,0.5911639067551221,69
chr06,5154108,-0.0004878048780487805,1.3456617421269848,0.25009473401729304,0.6018954526569769,70
chr06,5297462,0.0010373684210526317,5.480115202640045,0.022518884128206063,1.6474531337571685,63
chr06,5321362,-0.0010825,6.343779723526562,0.014330770617919859,1.843730455372946,65
chr06,5325281,0.0008791666666666667,4.619777543455938,0.035166972841694455,1.4538650139614138,70
chr06,5344170,0.0008791666666666667,4.619777543455938,0.035166972841694455,1.4538650139614138,70
chr06,5355504,0.000802315963606286,3.834350533850487,0.05431653231364244,1.2650679641532194,70
chr06,5360214,0.0007829119442022668,3.612442469880179,0.06171739182772722,1.2095924354727876,68
chr06,5360215,0.0007829119442022668,3.612442469880179,0.06171739182772722,1.2095924354727876,68
chr06,5360216,0.0007829119442022668,3.612442469880179,0.06171739182772722,1.2095924354727876,68
chr06,5360281,-0.0007829119442022669,3.612442469880179,0.06171739182772722,1.2095924354727876,68
chr06,5402415,-0.0007853618421052635,3.687742143411624,0.05900872636323428,1.229083759016121,70
chr06,5402467,0.0007853618421052634,3.687742143411624,0.05900872636323428,1.229083759016121,70
chr06,5402501,0.0008602150537634405,4.445212690730237,0.03868654716003912,1.412440030068328,70
chr06,5402502,0.0008602150537634405,4.445212690730237,0.03868654716003912,1.412440030068328,70
chr06,5402539,0.0007853618421052634,3.687742143411624,0.05900872636323428,1.229083759016121,70
chr06,5487879,-0.00098989898989899,5.9575957336493435,0.017303596747157212,1.7618636144962123,69
chr06,5508532,-0.0009611111111111113,5.28739319040987,0.024753600088528734,1.6063616296644878,66
chr06,5512678,-0.0009418509418509422,5.4570234373483215,0.022445633144483515,1.6488681395482618,70
chr06,5512826,0.0009418509418509422,5.4570234373483215,0.022445633144483515,1.6488681395482618,70
chr06,5528042,0.0009418509418509422,5.4570234373483215,0.022445633144483515,1.6488681395482618,70
chr06,5533107,-0.0008986928104575155,4.945924241039854,0.02947665286582606,1.5305218330392687,70
chr06,5562138,0.0009478991596638653,5.432598601501279,0.02278274041077314,1.6423940382158284,69
chr06,5573135,-0.0007428571428571428,3.3060989643268086,0.07342753623743567,1.134141043716976,70
chr06,5578721,0.0006739495798319328,2.7196896317652586,0.1037986863637432,0.9838081427167285,69
chr06,5582935,0.0007621848739495796,3.387073814972401,0.07013851827130964,1.1540434131535628,69
chr06,5751879,0.0007461799660441429,3.204698723220283,0.07794526693686728,1.1082102512975778,69
chr06,5752063,0.0007401315789473687,3.255457679050177,0.07561459040416393,1.1213943960247585,70
chr06,5752297,0.0007401315789473687,3.255457679050177,0.07561459040416393,1.1213943960247585,70
chr06,5760751,-0.0007010135135135134,2.87346811825792,0.09469380140016001,1.023678448724425,69
chr06,5762936,-0.0005941586748038361,2.1210334745224935,0.15002946873362033,0.8238234286015335,68
chr06,5767856,-0.0007010135135135134,2.87346811825792,0.09469380140016001,1.023678448724425,69
chr06,5769605,0.0007401315789473687,3.255457679050177,0.07561459040416393,1.1213943960247585,70
chr06,5811829,-0.0006264167393199654,2.2859610264714583,0.13532296644981304,0.8686284904978331,68
chr06,5828671,0.0008705069124423963,4.318791779027375,0.041709113614512745,1.3797690395096314,66
chr06,5828705,-0.0008705069124423963,4.318791779027375,0.041709113614512745,1.3797690395096314,66
chr06,5857497,-0.0006414746543778804,2.3049868481890994,0.1338840566288889,0.8732711371803282,66
chr06,5857901,-0.0007945670628183363,3.6876730174238777,0.05907389666290571,1.2286043810402656,69
chr06,5871042,0.0007401315789473687,3.255457679050177,0.07561459040416393,1.1213943960247585,70
chr06,5871290,0.0007401315789473687,3.255457679050177,0.07561459040416393,1.1213943960247585,70
chr06,5902193,0.0006419172932330826,2.2267985443423113,0.1405479151081893,0.85217559234558,66
chr06,5902199,0.0007007797270955165,2.593476680360599,0.11230416121879708,0.9496041514778115,65
chr06,5902200,0.0007007797270955165,2.593476680360599,0.11230416121879708,0.9496041514778115,65
chr06,5911433,-0.0006736111111111108,2.5935644732528234,0.11207141415651513,0.9505051479513706,68
chr06,5939551,0.0007974910394265235,3.5990184615844933,0.06225784786500821,1.2058058961254883,67
chr06,5939792,0.0007401315789473687,3.255457679050177,0.07561459040416393,1.1213943960247585,70
chr06,5939865,0.0007401315789473687,3.255457679050177,0.07561459040416393,1.1213943960247585,70
chr06,5969392,0.0005053050397877985,1.4080707457878257,0.23963078254443895,0.6204573940018707,68
chr06,6000944,-0.0005641025641025641,1.6444329094212273,0.20434376140857627,0.689638616710344,66
chr06,6032811,0.0005214424951267057,1.3638973108444745,0.24726401997762726,0.6068390743463629,65
chr06,6033136,0.0005379403794037942,1.5282672751805306,0.22075422910838985,0.656090967655971,68
chr06,6051126,-0.0005130361648444075,1.4916007998340057,0.2261857604644799,0.6455347395801433,70
chr06,6104291,0.0005281954887218045,1.439672130493706,0.23461533314998145,0.6296436082272181,66
chr06,6115861,0.0007694931773879141,3.136785069644184,0.08138149452223055,1.0894743388523827,65
chr06,6116327,0.000536206896551724,1.5958521138744166,0.21087037704893594,0.6759844254183247,69
chr06,6143482,0.00034583333333333335,0.6760247117040024,0.4138327468225321,0.3831751463391519,70
chr06,6189274,-0.0002688172043010754,0.4099227267837207,0.5241603025267664,0.2805358735962252,70
chr06,6189369,-0.0003039049235993209,0.5148034526591493,0.47556104046447445,0.3227937314384279,69
chr06,6208987,-0.00019009009009009014,0.19198840266954306,0.6627195665656369,0.17867020682547188,67
chr06,6242892,-0.00034639498432601884,0.5687738229653355,0.4536963305315016,0.3432347332672982,62
chr06,6243107,-0.0002969696969696969,0.4280307679718545,0.5154159278943802,0.28784216457876477,63
chr06,6243218,-0.0002969696969696969,0.4280307679718545,0.5154159278943802,0.28784216457876477,63
chr06,6256903,0.0002688172043010754,0.4099227267837207,0.5241603025267664,0.2805358735962252,70
chr06,6257019,0.0002688172043010754,0.4099227267837207,0.5241603025267664,0.2805358735962252,70
chr06,6257025,0.0002688172043010754,0.4099227267837207,0.5241603025267664,0.2805358735962252,70
chr06,6268068,-0.00017816091954022986,0.1740277688663136,0.6779105799767084,0.16882758811497434,68
chr06,6268072,-0.00017816091954022986,0.1740277688663136,0.6779105799767084,0.16882758811497434,68
chr06,6268147,-0.00017816091954022986,0.1740277688663136,0.6779105799767084,0.16882758811497434,68
chr06,6316115,-0.00040229885057471265,0.8948944909135464,0.3476049774011749,0.4589140134593094,68
chr06,6370437,-0.0003267162944582301,0.6072681347784163,0.43852195886739176,0.3580086545757938,70
chr06,6370656,-0.0002923076923076923,0.47273345208693307,0.49410567943593753,0.30618015413828564,69
chr06,6372557,-0.00033245614035087704,0.6070669533535319,0.4386791331449723,0.3578530233920153,68
chr06,6393630,0.00026740237691001706,0.3982232184878435,0.5301552210723894,0.2755969572186132,69
chr06,6399600,0.00017349607672188328,0.1638587484983434,0.6869374092203354,0.16308283218146846,68
chr06,6416076,-0.00033333333333333316,0.529475587703435,0.469611222702899,0.32826153292802707,63
chr06,6416098,-0.00033333333333333316,0.529475587703435,0.469611222702899,0.32826153292802707,63
chr06,6419126,0.0003611111111111111,0.6673642451594104,0.41710011511449985,0.3797596902942186,64
chr06,6423817,0.0001837837837837839,0.17702186740715123,0.6753330439438672,0.17048199979649933,67
chr06,6433959,0.00030199430199430194,0.49146048586726027,0.48581772701805015,0.3135266422569933,66
chr06,6441069,9.511993382961149e-05,0.05105599269217541,0.8219136330649369,0.08517381585892735,70
chr06,6442593,0.00018744473916887725,0.1887904823707113,0.6653424925553757,0.17695473915276125,68
chr06,6471177,-2.500000000000007e-05,0.003498122331395847,0.9530101473413917,0.02090247511098051,70
chr06,6479770,6.982758620689671e-05,0.026592643045095624,0.8709522173745562,0.060005670824479974,69
chr06,6479849,2.500000000000028e-05,0.003498122331395847,0.9530101473413917,0.02090247511098051,70
chr06,6498361,0.00022320596458527518,0.2668556653444034,0.6072293445271657,0.2166472492036754,66
chr06,6507585,2.050326188257249e-05,0.002185268219169479,0.9628605539741354,0.016436604905251548,66
chr06,6518343,2.0512820512820424e-05,0.0023313964836583585,0.9616331232993779,0.01699058587961533,69
chr06,6602039,-6.578947368421028e-05,0.02455582839809294,0.8759432548512001,0.0575240272830901,70
chr06,6602096,6.57894736842104e-05,0.024555828398094236,0.8759432548512001,0.0575240272830901,70
chr06,6643092,0.00016765704584040725,0.1585180704769844,0.6917904438311455,0.16002544148336045,69
chr06,6643222,0.00016765704584040725,0.1585180704769844,0.6917904438311455,0.16002544148336045,69
chr06,6643295,-0.00016765704584040725,0.1585180704769844,0.6917904438311455,0.16002544148336045,69
chr06,6663961,-0.0002374999999999996,0.3171617204356643,0.5751706890802211,0.24020325387528838,70
chr06,6663966,-0.0002374999999999996,0.3171617204356643,0.5751706890802211,0.24020325387528838,70
chr06,6847674,-0.00011742424242424227,0.06576615106133189,0.7984961855622166,0.0977271541569794,61
chr06,6847677,-0.00011742424242424227,0.06576615106133189,0.7984961855622166,0.0977271541569794,61
chr06,6852923,0.0002720306513409961,0.3829631946459461,0.5382529282153046,0.269013598839748,65
chr06,6897696,-0.00035635080645161264,0.633979753468728,0.428987163474739,0.36755570295628814,63
chr06,6898748,-0.00021089743589743572,0.18742450108402217,0.6667026624625453,0.17606781052542922,59
chr06,6898885,0.0002692307692307691,0.31836059743954215,0.574770070877284,0.24050585430129792,60
chr06,6900051,-0.00029824561403508763,0.4878154822721293,0.4873571294866146,0.3121526763130987,68
chr06,6900203,-0.00028480475382003384,0.4594852185196768,0.5001989376691678,0.30085723496638855,69
chr06,6936753,-0.0005138888888888886,1.3311457698561142,0.25295975761648876,0.5969485635482983,65
chr06,6936802,-0.0005138888888888886,1.3311457698561142,0.25295975761648876,0.5969485635482983,65
chr06,6946297,-0.00046874999999999993,1.2694045981528717,0.26383872823354115,0.578661455098914,70
chr06,6970217,0.00046875000000000004,1.2694045981528717,0.26383872823354115,0.578661455098914,70
chr06,6970270,0.0004895379250217958,1.338889598091737,0.2514006196758487,0.5996336561589315,68
chr06,6981933,0.0005701830863121185,1.8267052318915473,0.18113153283794248,0.7420059376184638,68
chr06,7019225,-0.0004836134453781507,1.358380178281442,0.2479509366897424,0.605634246725894,69
chr06,7104001,0.00032930107526881705,0.5821632622061951,0.44822596779229185,0.3485029863948674,67
chr06,7143010,-0.00042550505050505013,1.018215444696303,0.3165730713107935,0.4995260303407472,69
chr06,7203370,0.00040909090909090897,0.9476165531691997,0.33382822979106397,0.4764769405025129,69
chr06,7236956,0.00034285714285714263,0.6783042394014904,0.41305050198983284,0.3839968456931338,70
chr06,7250205,0.0003763392857142857,0.7728985979071206,0.3825604052230377,0.417299981206249,67
chr06,7265188,0.00038398692810457497,0.852265699556653,0.35917639650941613,0.44469221098727146,70
chr06,7265194,0.00038398692810457497,0.852265699556653,0.35917639650941613,0.44469221098727146,70
chr06,7308158,-0.00022522522522522512,0.290101488980796,0.5919143892368397,0.22774110234914635,70
chr06,7310656,-0.00030392156862745075,0.4800292616273078,0.49099623153650673,0.3089218411340193,64
chr06,7323136,0.00036488970588235254,0.7396545459678385,0.39298182047932195,0.40562753982337896,66
chr06,7323152,0.00036488970588235254,0.7396545459678385,0.39298182047932195,0.40562753982337896,66
chr06,7323203,0.00036488970588235254,0.7396545459678385,0.39298182047932195,0.40562753982337896,66
chr06,7367642,0.0001887668918918915,0.1988692478217114,0.6570729344726267,0.18238642148894432,69
chr06,7373014,-0.00021370967741935466,0.24253491504160193,0.6240406487625956,0.20478712032026672,67
chr06,7386614,0.00018876689189189168,0.1988692478217114,0.6570729344726267,0.18238642148894432,69
chr06,7388261,0.00022522522522522512,0.290101488980796,0.5919143892368397,0.22774110234914635,70
chr06,7402533,0.00022522522522522512,0.290101488980796,0.5919143892368397,0.22774110234914635,70
chr06,7402705,0.00022522522522522512,0.290101488980796,0.5919143892368397,0.22774110234914635,70
chr06,7402707,0.00022522522522522512,0.290101488980796,0.5919143892368397,0.22774110234914635,70
chr06,7402744,0.00022522522522522512,0.290101488980796,0.5919143892368397,0.22774110234914635,70
chr06,7421876,-0.0003450168918918915,0.7118655622934464,0.4018275349869642,0.39596030680337163,69
chr06,7421917,-0.0003450168918918915,0.7118655622934464,0.4018275349869642,0.39596030680337163,69
chr06,7423042,0.00026388888888888865,0.39107798276391514,0.5338576307902139,0.2725745452296971,69
chr06,7423223,0.000254017857142857,0.3468851141854664,0.5579230946439979,0.2534256610508984,67
chr06,7423842,-0.00022522522522522512,0.290101488980796,0.5919143892368397,0.22774110234914635,70
chr06,7427724,-0.00022522522522522512,0.290101488980796,0.5919143892368397,0.22774110234914635,70
chr06,7437138,0.00027898866608544015,0.42181668025829044,0.518285931045591,0.28543057999356675,68
chr06,7469364,0.00013558467741935456,0.09166710329822193,0.7630984567212513,0.117419424755236,63
chr06,7470960,-0.00016756272401433688,0.14854498475688493,0.7011881517284114,0.1541654309730584,67
chr06,7471007,-0.00016756272401433688,0.14854498475688493,0.7011881517284114,0.1541654309730584,67
chr06,7480457,0.0002896959459459458,0.47387279501388024,0.4935875589371259,0.3066357953950904,69
chr06,7480520,0.0002896959459459458,0.47387279501388024,0.4935875589371259,0.3066357953950904,69
chr06,7488664,0.00023153153153153124,0.28051459566997494,0.5981685588565315,0.2231764182421275,67
chr06,7571146,-0.0003096638655462182,0.550353237230768,0.4607661086541428,0.33651947265297255,69
chr06,7571155,0.00030966386554621826,0.550353237230768,0.4607661086541428,0.33651947265297255,69
chr06,7571156,0.00030966386554621826,0.550353237230768,0.4607661086541428,0.33651947265297255,69
chr06,7571227,-0.0003096638655462182,0.550353237230768,0.4607661086541428,0.33651947265297255,69
chr06,7571265,-0.0003096638655462182,0.550353237230768,0.4607661086541428,0.33651947265297255,69
chr06,7583961,-0.00023090277777777765,0.2940770924838268,0.5894460032679883,0.22955597268394204,68
chr06,7593266,-0.00024848484848484845,0.3341548565532685,0.5651899236277538,0.24780558948425965,68
chr06,7593278,-0.00024848484848484845,0.3341548565532685,0.5651899236277538,0.24780558948425965,68
chr06,7617950,0.0004260504201680668,1.0308058774002813,0.31362189590849476,0.5035936241117163,69
chr06,7627673,-0.00024509803921568605,0.3326571630624955,0.5660907757685669,0.24711392171927368,67
chr06,7643016,-0.0003839869281045747,0.8522656995566529,0.35917639650941613,0.44469221098727146,70
chr06,7727725,0.00015931372549019576,0.14519964319196463,0.7043535584737113,0.1522092869516584,70
chr06,7729584,0.00014015151515151488,0.10923613821039482,0.742046785620498,0.12956871184191776,69
chr06,7729672,0.00014015151515151488,0.10923613821039482,0.742046785620498,0.12956871184191776,69
chr06,7769800,0.00019117647058823511,0.20391970455958386,0.6530558495412855,0.18504967613623752,68
chr06,7775328,0.00015931372549019576,0.14519964319196463,0.7043535584737113,0.1522092869516584,70
chr06,7893375,0.00015931372549019576,0.14519964319196463,0.7043535584737113,0.1522092869516584,70
chr06,7906851,9.374999999999979e-05,0.04487334137515086,0.8329319304596027,0.0793904889097808,64
chr06,7906861,9.374999999999979e-05,0.04487334137515086,0.8329319304596027,0.0793904889097808,64
chr06,7906949,5.5947580645161094e-05,0.015587554818881744,0.9010527382909155,0.04524978917805511,63
chr06,7931359,4.095004095003868e-06,9.549405675880529e-05,0.9922317247361164,0.0033868913317098284,70
chr06,7943788,-3.378378378378393e-05,0.006346085175829055,0.9367432928588878,0.028379407798938962,69
chr06,7960932,8.064516129032452e-06,0.00034148355633934965,0.9853149127308769,0.006424944118098884,65
chr06,7961080,-3.1249999999999696e-05,0.005254134975250524,0.942441670907638,0.025745519410602873,66
chr06,7982619,7.352941176470558e-05,0.030878212696393716,0.8610346079105984,0.06497939242259945,70
chr06,7982689,7.352941176470558e-05,0.030878212696393716,0.8610346079105984,0.06497939242259945,70
chr06,7982791,-7.352941176470552e-05,0.030878212696393716,0.8610346079105984,0.06497939242259945,70
chr06,8019311,-8.823529411764724e-05,0.04344010530934509,0.8355406538592716,0.07803241433167193,68
chr06,8019384,0.00012521008403361367,0.08936452095138431,0.765911874951697,0.115821196978222,69
chr06,8024417,-0.0002899305555555557,0.46556450905102836,0.49742261751586714,0.30327447150070946,68
chr06,8024465,-0.0003272321428571429,0.5813810168140912,0.44852970867230146,0.3482087858748746,67
chr06,8024594,-0.0003272321428571429,0.5813810168140912,0.44852970867230146,0.3482087858748746,67
chr06,8041946,-0.00028817204301075284,0.4049473028667765,0.527006391396738,0.278184117744753,61
chr06,8059369,0.0003593750000000002,0.6539980059820486,0.4217793333527846,0.374914703948674,64
chr06,8078047,0.0003143939393939394,0.5428038996204173,0.46400786249131476,0.3334746603768825,65
chr06,8078125,0.0003143939393939394,0.5428038996204173,0.46400786249131476,0.3334746603768825,65
chr06,8088606,-0.00040042016806722704,0.9158825786513948,0.34199899671796197,0.46597516798039135,69
chr06,8088712,-0.00040042016806722704,0.9158825786513948,0.34199899671796197,0.46597516798039135,69
chr06,8088727,-0.00040042016806722704,0.9158825786513948,0.34199899671796197,0.46597516798039135,69
chr06,8088728,-0.00040042016806722704,0.9158825786513948,0.34199899671796197,0.46597516798039135,69
chr06,8091534,-0.0006562500000000004,2.283447469517292,0.13584129921422106,0.8669681733982031,64
chr06,8102093,0.0005757575757575759,1.8079661945379197,0.18349865510413219,0.7363671144254861,66
chr06,8102311,0.0005791330645161292,1.7076811623797625,0.19619173913374421,0.7073192830119341,63
chr06,8102328,0.0005791330645161292,1.7076811623797625,0.19619173913374421,0.7073192830119341,63
chr06,8126372,0.00042647058823529416,1.0404903835339179,0.3114320240683492,0.5066367316488072,68
chr06,8126545,0.00034117647058823554,0.6568077808681335,0.4205585421139525,0.3761735414893532,69
chr06,8151998,-0.0003578431372549023,0.6662195601956407,0.41749777152648915,0.37934583830332946,64
chr06,8162048,0.0002464349376114085,0.33190439037126085,0.5665293810100822,0.24677756209419438,67
chr06,8163310,-0.0003498985801217041,0.6094051100211433,0.43803084368113576,0.3584953078317479,63
chr06,8163435,-0.0003498985801217041,0.6094051100211433,0.43803084368113576,0.3584953078317479,63
chr06,8168947,0.0006056985294117648,2.11436359969659,0.15080940410127391,0.8215715760925767,66
chr06,8195213,0.0006466386554621852,2.423130439729922,0.12426717846183591,0.9056435623894342,69
chr06,8195798,-0.0006207664884135476,2.1118439480394975,0.15097415799961114,0.8210973838235854,67
chr06,8198551,-0.0006466386554621852,2.423130439729922,0.12426717846183591,0.9056435623894342,69
chr06,8211886,-0.0007116755793226386,2.8907912660453117,0.09386776460212684,1.0274835244428777,67
chr06,8223381,0.0006740196078431369,2.6962834020621207,0.10519962342491236,0.9779858147904099,70
chr06,8226093,0.0006961038961038964,2.7622748112598448,0.10125384039144315,0.9945884957263101,68
chr06,8262041,0.0008088235294117649,3.6444582492105555,0.06074171598712585,1.2165129431847457,66
chr06,8262938,-0.0005161290322580646,1.3628756886488869,0.24758286258691173,0.6062794199973137,63
chr06,8294493,-0.0007428571428571428,3.3060989643268077,0.07342753623743567,1.134141043716976,70
chr06,8347782,-0.00075,3.320553986614575,0.07294952543688231,1.1369775290044393,68
chr06,8347952,-0.0007915966386554625,3.697976448249067,0.0587300420659397,1.2311396880894634,69
chr06,8347991,-0.0007915966386554625,3.697976448249067,0.0587300420659397,1.2311396880894634,69
chr06,8490343,-0.0008236607142857144,3.8093402698420697,0.05527853768847755,1.2574434540966821,67
chr06,8519591,-0.0006808035714285718,2.6514714671786086,0.10829193850155003,0.9654038720413746,67
chr06,8519614,-0.0006808035714285718,2.6514714671786086,0.10829193850155003,0.9654038720413746,67
chr06,8522087,-0.0006661931818181819,2.3763711500377482,0.12819173853020535,0.892139962542282,65
chr06,8522569,-0.0006869747899159661,2.747643699307517,0.1020733749304683,0.9910875255793307,69
chr06,8536920,-0.0005388888888888889,1.5311304551239113,0.22046363289238669,0.6566630403764557,66
chr06,8561101,-0.0005263157894736846,1.6081590421994025,0.20907546962706122,0.6796969190261943,70
chr06,8573606,-0.0004549214226633584,1.1873207763242342,0.27971711537202537,0.5532809591407626,70
chr06,8573665,-0.0004549214226633584,1.1873207763242342,0.27971711537202537,0.5532809591407626,70
chr06,8592884,-0.0004142857142857142,0.8490520758339332,0.3604506682432186,0.4431541649966445,63
chr06,8592900,-0.0004142857142857142,0.8490520758339332,0.3604506682432186,0.4431541649966445,63
chr06,8622844,0.0003444444444444447,0.6434886324401792,0.42541901279144934,0.3711831045463708,66
chr06,8713816,0.0005526315789473686,1.7345797896817874,0.19231389610063698,0.715989333640955,69
chr06,8720827,-0.0005131578947368422,1.4783914349131748,0.22829306321912715,0.6415072845300207,69
chr06,8720942,-0.0005131578947368422,1.4783914349131748,0.22829306321912715,0.6415072845300207,69
chr06,8722675,0.0006560798548094375,2.3409089405903623,0.13086847978586363,0.8831649424749756,67
chr06,8892682,0.0005275974025974027,1.3452678842870853,0.2507793100798905,0.6007082967439855,61
chr06,8895888,-0.0006126644736842111,2.1975742179209647,0.1428478973627289,0.8451261477942579,70
chr06,8942651,0.0007565789473684214,3.4090866013381724,0.06919069676533435,1.1599522959347883,70
chr06,8942660,0.0007565789473684214,3.4090866013381724,0.06919069676533435,1.1599522959347883,70
chr06,8942661,0.0007565789473684214,3.4090866013381724,0.06919069676533435,1.1599522959347883,70
chr06,8966763,-0.0007565789473684215,3.409086601338155,0.0691906967653352,1.159952295934783,70
chr06,8974448,0.0008006756756756756,3.7679387249380523,0.05645197892976038,1.2483208292357186,69
chr06,9080379,-0.0008047079337401913,3.685733804808173,0.05920364378050301,1.2276515631239244,68
chr06,9080387,-0.0008047079337401913,3.685733804808173,0.05920364378050301,1.2276515631239244,68
chr06,9171640,-0.0008705128205128207,4.416809378869126,0.03935001049592666,1.4050551474644484,69
chr06,9171706,-0.0009297082228116717,4.945199724321889,0.02959048783554186,1.5288478749023113,68
chr06,9236351,0.0011038461538461536,6.94600412613739,0.010527212986871506,1.9776865903177778,66
chr06,9236376,0.0010799999999999998,6.403708900140317,0.01389895220703298,1.8570179384405565,65
chr06,9321984,-0.0008038461538461541,3.7520907078085957,0.05695946705265531,1.244434082874953,69
chr06,9321986,-0.0008038461538461541,3.7520907078085957,0.05695946705265531,1.244434082874953,69
chr06,9322072,-0.0008038461538461541,3.7520907078085957,0.05695946705265531,1.244434082874953,69
chr06,9322145,0.0007624999999999998,3.4174961844433263,0.06885674628354632,1.1620535030441714,70
chr06,9322154,0.0007624999999999998,3.4174961844433263,0.06885674628354632,1.1620535030441714,70
chr06,9322187,0.0007624999999999998,3.4174961844433263,0.06885674628354632,1.1620535030441714,70
chr06,9326797,0.000803846153846154,3.7520907078085957,0.05695946705265531,1.244434082874953,69
chr06,9340983,0.0007241086587436333,3.0858282117872937,0.08354613365691656,1.0780736435601657,69
chr06,9362776,0.0004575596816976128,1.174154359949749,0.28249198473386317,0.548993870093171,68
chr06,9363737,0.0004844827586206896,1.3429835764361984,0.25062227408129173,0.6009803336582511,69
chr06,9382775,0.0005182186234817814,1.3503057372254987,0.2496784466179737,0.6026189463106062,64
chr06,9406153,0.0004358974358974358,1.0924858100407344,0.2996775004205437,0.5233458623596954,69
chr06,9447345,0.00026285963382737573,0.37240715284106857,0.5437907054934148,0.26456821967499583,68
chr06,9488361,-0.00020833333333333324,0.23327469066804346,0.6307543791975503,0.20013972558291393,66
chr06,9499999,0.00012687886825817873,0.0851852768811293,0.7713051584118698,0.11277376410964207,68
chr06,9500290,0.000288235294117647,0.4559828955106877,0.5020180932450931,0.29928063015597584,64
chr06,9523894,8.620689655172426e-06,0.00039988796661015956,0.9841068660963707,0.006957738117525379,67
chr06,9570417,0.00022252747252747264,0.26450614028693953,0.6087590214466325,0.2155545897436991,68
chr06,9577592,0.0001445347786811202,0.11285038320773383,0.7379876884630946,0.1319508832679354,68
chr06,9597706,0.00046581196581196594,1.206721216776386,0.2760979260210144,0.5589368556606716,66
chr06,9623958,0.0002391114982578399,0.30990178639131,0.5795952318748967,0.23687519597335976,69
chr06,9623983,0.0002391114982578399,0.30990178639131,0.5795952318748967,0.23687519597335976,69
chr06,9650318,0.00021860885275519433,0.2500606192034885,0.6186956492689657,0.20852293797244137,68
chr06,9655882,0.0003072502210433247,0.5177658994205694,0.47433658318684424,0.323913379114763,68
chr06,9660182,0.0002391114982578399,0.30990178639131,0.5795952318748967,0.23687519597335976,69
chr06,9690643,-0.0001981050818260121,0.21317397632401044,0.6457646451420179,0.18992573578222147,70
chr06,9690758,-0.0001693121693121694,0.1531291848942067,0.6968044883810157,0.1568890605365158,69
chr06,9702594,-0.00014166666666666684,0.09743550702571022,0.7559764895028586,0.1214917106336402,64
chr06,9712679,-0.0001381766381766382,0.09677975123623353,0.7567398609788938,0.12105338913639331,66
chr06,9729582,-2.263157894736853e-05,0.0024886833847919793,0.960375662593681,0.017558854170187373,63
chr06,9742579,0.00014895470383275276,0.11992344573522559,0.7302027063830836,0.13655656173816627,69
chr06,9742681,0.00017857142857142868,0.1753481175863855,0.6767215569179185,0.16958998887579874,70
chr06,9853835,0.00021336996336996338,0.23768308656859202,0.6275248556462278,0.20236906752626305,67
chr06,9916197,6.860706860706866e-05,0.02252499004365491,0.8811940699242454,0.05492843413570843,63
chr06,9917359,0.00015357142857142878,0.12765583533219402,0.7220149923991119,0.14145378435750247,68
chr06,9933452,-9.538327526132416e-05,0.048737755431183416,0.8259457890656561,0.08304845665330587,69
chr06,10006675,-3.556910569105687e-05,0.006219038275189132,0.9373932341162814,0.028078185439841558,65
chr06,10011297,-3.269230769230785e-05,0.005457124134526443,0.9413423620173293,0.02625239687725391,66
chr06,10017471,8.974358974358982e-05,0.042735146266126366,0.8368810709955621,0.07733625512524947,66
chr06,10040185,-1.9230769230769072e-05,0.0019670883777502266,0.964759898741615,0.015580756734998768,67
chr07,143327,0.0002878787878787878,0.4659320760532465,0.4972179340245877,0.3034532152929598,69
chr07,170600,-0.0002878787878787878,0.4659320760532465,0.4972179340245877,0.3034532152929598,69
chr07,170628,-0.0002552083333333333,0.35688691802001626,0.5522844305519118,0.25783719979768804,68
chr07,198684,-0.00011337513061651007,0.05991842573770494,0.8074601473633688,0.0928789033092913,62
chr07,214600,-0.0002552083333333333,0.35688691802001626,0.5522844305519118,0.25783719979768804,68
chr07,222068,-0.0002878787878787878,0.4659320760532465,0.4972179340245877,0.3034532152929598,69
chr07,340011,-0.00018576388888888893,0.18886284240784634,0.6652823520351807,0.17699399694384105,68
chr07,340364,-0.0003497695852534562,0.6580066999307407,0.42027104771536516,0.3764705273168275,66
chr07,367055,0.00021917229729729728,0.2683714104654819,0.6061328602236961,0.2174321709858953,69
chr07,367147,-0.0002191722972972971,0.2683714104654819,0.6061328602236961,0.2174321709858953,69
chr07,368420,-0.00018576388888888888,0.18886284240784634,0.6652823520351807,0.17699399694384105,68
chr07,388016,6.525735294117625e-05,0.02195113072912609,0.8826829927091027,0.05419524119757799,66
chr07,462941,0.0002450980392156859,0.3446737764080963,0.5590880590545775,0.2525197832592759,70
chr07,492900,-5.55555555555553e-05,0.015504429837096127,0.9013089468245877,0.04512631789694792,64
chr07,502293,-1.3935810810810612e-05,0.001080687945124147,0.973872949227768,0.011497697175132712,69
chr07,532409,-2.912186379928296e-05,0.004512888472603271,0.9466461831755375,0.02381231181707302,67
chr07,558786,-0.00023611111111111085,0.30468860679421633,0.5828803602406769,0.2344205776927272,66
chr07,558931,-0.0001581541218637991,0.13727860973913494,0.7122062676310699,0.14739420872184517,67
chr07,668153,-9.579831932773103e-05,0.051365637456755556,0.8213938323781823,0.08544856246870454,69
chr07,686364,-0.0001529411764705881,0.13034269203761917,0.7192128915792932,0.14314253666474386,69
chr07,695702,0.0002014260249554365,0.22136255247370712,0.6395786525902785,0.19410604026189546,67
chr07,695773,0.0002014260249554365,0.22136255247370712,0.6395786525902785,0.19410604026189546,67
chr07,695800,0.0002014260249554365,0.22136255247370712,0.6395786525902785,0.19410604026189546,67
chr07,717261,-9.579831932773103e-05,0.051365637456755556,0.8213938323781823,0.08544856246870454,69
chr07,799553,0.0002083333333333333,0.23339620099690067,0.6306916708772969,0.20018290440530792,65
chr07,821883,-3.030303030303025e-05,0.004766870251750179,0.9451710378368423,0.024489594593997983,66
chr07,822017,0.00013071895424836573,0.09768623683525358,0.7555805937973153,0.12171920495212496,70
chr07,881520,0.00046774193548387074,1.2510875164994564,0.26773037411634226,0.5723023551380128,63
chr07,881579,0.00046774193548387074,1.2510875164994564,0.26773037411634226,0.5723023551380128,63
chr07,905535,0.0002934027777777775,0.48667647923727386,0.48786400725211554,0.31170122129825856,68
chr07,906244,-0.00020580808080808075,0.23733077851515585,0.627730761062786,0.20222658883775224,69
chr07,917284,0.00018198529411764697,0.1772952402272168,0.6751187549770437,0.170619827028363,66
chr07,930182,-0.0003230414746543779,0.5722992138180748,0.45212257041323833,0.34474381200739646,66
chr07,941232,-1.8749999999999968e-05,0.0018537321581111824,0.9657896882068704,0.01511743589856581,67
chr07,950794,0.0003245535714285713,0.5628372097054292,0.45582645618012785,0.3412004719603779,67
chr07,986731,-4.5454545454545465e-05,0.01107096178980597,0.9165313995320452,0.03785265191299266,66
chr07,986813,-5.670995670995674e-05,0.017577724161898175,0.8949281364701314,0.04821183751931856,68
chr07,986821,-5.124777183600715e-05,0.013940667771973688,0.9063758254568958,0.04269168634267614,67
chr07,986861,-5.670995670995674e-05,0.017577724161898175,0.8949281364701314,0.04821183751931856,68
chr07,1020140,4.136029411764705e-05,0.008944016049540147,0.9249496238506143,0.033881919887418496,66
chr07,1020270,9.581105169340462e-05,0.0487614229369088,0.8259248454358062,0.0830594692625082,67
chr07,1030608,2.9411764705882377e-05,0.004737635489196633,0.9453326662311895,0.02441533468135793,68
chr07,1043069,-1.0389610389610504e-05,0.0005906291318869845,0.9806843599108866,0.00847075083289527,68
chr07,1043111,-1.0389610389610504e-05,0.0005906291318869845,0.9806843599108866,0.00847075083289527,68
chr07,1060659,-8.571428571428567e-05,0.04200123533045136,0.8382296440649908,0.07663698436808422,70
chr07,1060714,-7.099567099567105e-05,0.027424959318383214,0.8689741787427846,0.06099312826495061,68
chr07,1061244,-1.4705882352941138e-05,0.0012594939124460573,0.9717966583857447,0.012424598632887886,68
chr07,1065381,8.614718614718607e-05,0.04057677050348205,0.8409766178208055,0.07521607898516403,68
chr07,1104199,-7.8125e-05,0.03463268446193359,0.8529214963487735,0.06909093984243726,70
chr07,1104292,-7.8125e-05,0.03463268446193359,0.8529214963487735,0.06909093984243726,70
chr07,1104367,-0.0002944444444444444,0.4700259620739329,0.49545117670967387,0.3049991357907766,66
chr07,1104632,-7.8125e-05,0.03463268446193359,0.8529214963487735,0.06909093984243726,70
chr07,1104793,-4.0322580645161236e-05,0.008994907737542475,0.9247238126731308,0.033987958658245734,69
chr07,1104811,-4.0322580645161236e-05,0.008994907737542475,0.9247238126731308,0.033987958658245734,69
chr07,1125187,-2.586206896551721e-05,0.003599304037405517,0.9523443315998351,0.02120599880432805,67
chr07,1143670,7.812499999999997e-05,0.03463268446193359,0.8529214963487735,0.06909093984243726,70
chr07,1179111,0.00021142109851787256,0.252644912663593,0.6168919485467701,0.20979089797538816,68
chr07,1203351,0.0001224934612031385,0.08291387106472001,0.7742890749492713,0.11109686849408082,68
chr07,1217921,-0.00014315878378378364,0.11334050055277636,0.737424847074625,0.13228223319911592,69
chr07,1241921,0.0002350649350649351,0.30542745203510446,0.5823667009897471,0.23480346540835262,68
chr07,1307398,0.0003259762308998302,0.593505077942521,0.4437749871559251,0.35283717990097074,69
chr07,1310778,-0.0003259762308998302,0.593505077942521,0.4437749871559251,0.35283717990097074,69
chr07,1310807,-0.0003259762308998302,0.593505077942521,0.4437749871559251,0.35283717990097074,69
chr07,1323225,0.00019298245614035077,0.20014260097665354,0.6560706117915893,0.1830494157141214,68
chr07,1324702,-0.0002468239564428311,0.31916119307415153,0.574056867938028,0.24104508284882356,67
chr07,1353584,-9.901477832512305e-05,0.047415509803303606,0.8283381714181097,0.08179232505387059,64
chr07,1370616,0.0003391812865497075,0.5935452250839287,0.4439310227818497,0.3526845045529194,65
chr07,1403446,0.00011823361823361822,0.07295336568086487,0.7879532987354223,0.10349952198067672,66
chr07,1415603,-0.00021853448275862067,0.2613761762246867,0.6108570114797143,0.21406043688151288,69
chr07,1453302,0.00018589743589743582,0.1685343936381699,0.6828105451190404,0.16569978039320554,65
chr07,1461689,-0.00023859649122807,0.3152695517787891,0.5763661253266104,0.2393015518275863,68
chr07,1465827,-0.00017083333333333325,0.16372774683130972,0.687017405042817,0.16303226029372123,70
chr07,1491758,0.00017083333333333333,0.16372774683130972,0.687017405042817,0.16303226029372123,70
chr07,1491982,0.00014956896551724126,0.12149953814559605,0.7285067290252609,0.1375664324114341,69
chr07,1523543,-0.00015905172413793094,0.13819959040884175,0.7112505969340914,0.14797735610467813,69
chr07,1531164,0.00018333333333333334,0.19069530114879074,0.6637426702101341,0.17800026185001339,69
chr07,1531230,-0.00020833333333333313,0.23225187332829605,0.631477859125738,0.19964187207315823,67
chr07,1535602,0.00015296198054818728,0.12460423155570244,0.7252184235273326,0.13953117157235806,68
chr07,1570498,0.0002591575091575089,0.34994655464866953,0.5561952621333877,0.25477271492905007,67
chr07,1570521,0.0002591575091575089,0.34994655464866953,0.5561952621333877,0.25477271492905007,67
chr07,1612151,0.00021599616858237545,0.24363636640188005,0.6233084079912232,0.20529701474194387,65
chr07,1612398,0.00021599616858237545,0.24363636640188005,0.6233084079912232,0.20529701474194387,65
chr07,1612407,0.00021599616858237545,0.24363636640188005,0.6233084079912232,0.20529701474194387,65
chr07,1612461,0.00021599616858237545,0.24363636640188005,0.6233084079912232,0.20529701474194387,65
chr07,1657763,-0.00014561403508771948,0.11367870266356196,0.7370641172323451,0.13249473120605645,68
chr07,1684284,-2.182539682539661e-05,0.00237375015820782,0.9612981349402935,0.017141900282249864,64
chr07,1720239,0.00010083594566353216,0.05502465121313092,0.8153385621539642,0.08866201685095923,62
chr07,1720266,0.00010083594566353216,0.05502465121313092,0.8153385621539642,0.08866201685095923,62
chr07,1721905,-5.128205128205104e-05,0.014463969604075795,0.9046321668554218,0.043527973698836944,69
chr07,1722056,-8.271298593879022e-06,0.0003857692010946969,0.9843872684925831,0.00683401185177598,70
chr07,1725577,-0.0001100386100386098,0.06208901709907232,0.8040347170088868,0.09472519866464174,65
chr07,1773284,1.8518518518518342e-05,0.0016649380424695467,0.9675856877735856,0.014310564211486802,63
chr07,1784106,0.00027499999999999964,0.41326468232339086,0.5227262681120455,0.28172567512806546,63
chr07,1793569,2.3684210526315628e-05,0.0030254429223539065,0.9563014231602548,0.019405197909667514,68
chr07,1797159,1.7857142857143038e-05,0.001599990824425604,0.9682217461050278,0.014025167401225095,64
chr07,1797185,1.7857142857143038e-05,0.001599990824425604,0.9682217461050278,0.014025167401225095,64
chr07,1797391,4.0962837837838074e-05,0.009505042496037498,0.922625320458821,0.034974630819612315,69
chr07,1797535,-8.718395815168226e-07,4.205321643385508e-06,0.9983699746076438,0.0007084886174789949,68
chr07,1797536,-8.718395815168226e-07,4.205321643385508e-06,0.9983699746076438,0.0007084886174789949,68
chr07,1832844,4.28571428571426e-05,0.009711010378962798,0.9218128485518393,0.035357242820008225,65
chr07,1832847,4.28571428571426e-05,0.009711010378962798,0.9218128485518393,0.035357242820008225,65
chr07,1867374,-3.1565656565656816e-05,0.0055636432290363,0.9407633213832456,0.026519623274084247,69
chr07,1881286,-5.401785714285701e-05,0.0159230561331887,0.8999737372376595,0.045770163826433244,67
chr07,1884772,2.777777777777786e-05,0.004330566582461153,0.9477303823837405,0.02331519651974708,68
chr07,1885088,-0.00024055299539170536,0.3064936029060662,0.581768921699815,0.23524948263310141,66
chr07,1900656,8.199643493761143e-05,0.03732513595118991,0.8474070014911548,0.07190795206926091,67
chr07,1937930,-7.130124777183792e-06,0.0002785321542942886,0.9867356197749757,0.0057991940916911,67
chr07,1962587,4.915966386554643e-05,0.013518531120797433,0.907786982888822,0.04201604906627704,69
chr07,1962613,4.915966386554643e-05,0.013518531120797433,0.907786982888822,0.04201604906627704,69
chr07,1962854,-3.125000000000015e-05,0.005294635774802801,0.9422206522296043,0.025847380833234634,66
chr07,1997277,8.571428571428592e-05,0.04200123533045136,0.8382296440649908,0.07663698436808422,70
chr07,1997284,8.571428571428592e-05,0.04200123533045136,0.8382296440649908,0.07663698436808422,70
chr07,1997317,-8.571428571428592e-05,0.04200123533045136,0.8382296440649908,0.07663698436808422,70
chr07,2042479,-8.24420677361853e-05,0.036165729258225414,0.8497663283267036,0.07070048166216579,67
chr07,2122445,0.00010294117647058838,0.058004806830001726,0.8104242727413622,0.09128756004687522,68
chr07,2125034,0.0002321746880570411,0.29157402011611155,0.5910588885139338,0.22836924723623755,67
chr07,2126292,-0.00010212418300653598,0.05958959175941804,0.8078808173434101,0.09265270381437841,70
chr07,2139218,-0.00010294117647058838,0.058004806830001726,0.8104242727413622,0.09128756004687522,68
chr07,2211647,4.402789886660865e-05,0.010616364957243973,0.9182470361950918,0.037040464742749565,68
chr07,2223860,0.00011159546643417616,0.06815918685799714,0.7948490299869506,0.09971535143133757,68
chr07,2230404,1.9097222222222405e-05,0.0019877068816822017,0.9645737481124352,0.015664562033722813,68
chr07,2230434,1.9097222222222405e-05,0.0019877068816822017,0.9645737481124352,0.015664562033722813,68
chr07,2230480,-1.3935810810810637e-05,0.0010806879451241472,0.973872949227768,0.011497697175132712,69
chr07,2230509,-1.741071428571413e-05,0.0016187654912698014,0.9680299898686751,0.014111187905732375,67
chr07,2299406,-5.95238095238107e-06,0.00018472808135729769,0.9891975404904763,0.004716972125481789,67
chr07,2299677,0.00016091954022988492,0.14298443706807254,0.7065454048157311,0.15085992379800425,68
chr07,2316108,-0.0001609195402298849,0.14298443706807254,0.7065454048157311,0.15085992379800425,68
chr07,2316352,-0.00012758620689655166,0.09143124290389258,0.7633021730941972,0.11730350119566599,69
chr07,2339103,-2.7586206896551842e-05,0.00418055044726669,0.9486394894774887,0.022898800720195577,69
chr07,2353586,9.528130671506236e-06,0.0005002307099285282,0.9822246494013086,0.007789171238171179,67
chr07,2353609,-9.528130671506385e-06,0.0005002307099285282,0.9822246494013086,0.007789171238171179,67
chr07,2385780,8.78378378378378e-05,0.039980473517207536,0.8421627894929933,0.07460395155844433,65
chr07,2451443,0.00015614035087719306,0.13502457781735708,0.7144539291624228,0.14602577100965253,68
chr07,2511916,-4.359197907584928e-06,0.00010243805043379417,0.9919551454815175,0.003507965456997231,68
chr07,2523385,-9.592529711375198e-05,0.051809674480481994,0.820636873977625,0.08584897261743935,69
chr07,2532746,9.767025089605738e-05,0.05129544640120135,0.8215349764907014,0.08537394193853905,67
chr07,2552211,-4.749103942652323e-05,0.012359345891848313,0.9118220584526688,0.0400899057199347,67
chr07,2598416,7.69230769230771e-06,0.0003253706554518857,0.9856621210696532,0.006271933033164629,69
chr07,2683907,-6.0328185328185363e-05,0.0194408289302838,0.8895548536691718,0.050827266341926414,65
chr07,2695652,-0.00024903846153846157,0.320085435961464,0.5735346303457798,0.24144035402424,66
chr07,2734498,0.00010092514718250635,0.05653181473360552,0.8127789396346589,0.09002755815926057,70
chr07,2744892,-0.00015225563909774446,0.12097760149424139,0.7291179899812468,0.13720218601483072,66
chr07,2745188,-0.00015225563909774446,0.12097760149424139,0.7291179899812468,0.13720218601483072,66
chr07,2748501,-0.00010123784261715292,0.05488526365813159,0.8154959197464694,0.08857820756794352,68
chr07,2785695,6.982758620689668e-05,0.026592643045095617,0.8709522173745562,0.060005670824479974,69
chr07,2785770,-2.499999999999996e-05,0.0034102736338603445,0.9536084203082748,0.020629922791260642,68
chr07,2785772,-2.499999999999996e-05,0.0034102736338603445,0.9536084203082748,0.020629922791260642,68
chr07,2838971,1.4619883040935751e-05,0.0010814893653546154,0.9738694619376206,0.011499252320062704,65
chr07,2885599,-0.00028205128205128203,0.4233030464992028,0.5176224798600499,0.285986870926732,66
chr07,2909044,0.0002294429708222811,0.301327092896301,0.5849040257951567,0.23291538945116758,68
chr07,2909045,0.0002294429708222811,0.301327092896301,0.5849040257951567,0.23291538945116758,68
chr07,3007680,-0.00010092514718250642,0.05653181473360552,0.8127789396346589,0.09002755815926057,70
chr07,3015470,6.982758620689668e-05,0.026592643045095617,0.8709522173745562,0.060005670824479974,69
chr07,3018193,-0.00010092514718250642,0.05653181473360552,0.8127789396346589,0.09002755815926057,70
chr07,3033162,6.631299734748102e-06,0.00023930634228518625,0.9877042622925343,0.005373072093363715,68
chr07,3047162,-3.2407407407406945e-06,5.711059036375277e-05,0.9939934666690347,0.002616470128754585,67
chr07,3052584,-2.819548872180458e-05,0.004141192223358592,0.9488904542868869,0.02278392228798191,66
chr07,3052928,4.91379310344827e-05,0.01316600973610762,0.9089918234958768,0.04144002329793664,69
chr07,3052938,4.91379310344827e-05,0.01316600973610762,0.9089918234958768,0.04144002329793664,69
chr07,3063735,-6.141114982578398e-05,0.020353794028454615,0.8869815737870618,0.05208540213639321,69
chr07,3072660,8.852755194218609e-05,0.04087834290848485,0.8403948654603695,0.07551660965618574,68
chr07,3081596,-7.142857142857062e-06,0.0002749517402413848,0.986820373492204,0.005761892822447942,68
chr07,3081621,-7.142857142857062e-06,0.0002749517402413848,0.986820373492204,0.005761892822447942,68
chr07,3094883,-5.423280423280426e-05,0.015958838900135015,0.8998503965976257,0.04582968759704834,69
chr07,3118793,-0.0002499999999999999,0.33854214373385677,0.56265413046456,0.2497584886102106,68
chr07,3118826,-0.0002499999999999999,0.33854214373385677,0.56265413046456,0.2497584886102106,68
chr07,3237640,0.0002587962962962962,0.3538380298675417,0.5540136751473346,0.2564795151132182,67
chr07,3238857,-0.00026322751322751305,0.3684651409143617,0.5458937237143241,0.26289189886477554,69
chr07,3238917,0.0002632275132275131,0.3684651409143617,0.5458937237143241,0.26289189886477554,69
chr07,3243158,-0.00027403846153846147,0.3819074434263218,0.5387771524745194,0.2685908293644707,66
chr07,3259528,-0.00019230769230769236,0.18690664556962164,0.6669800068988234,0.1758871841099175,65
chr07,3259683,-0.00018915343915343907,0.1946534632365203,0.6604919804047958,0.18013245115632515,69
chr07,3264801,-0.0003762931034482757,0.7809449835301168,0.3800123760736329,0.42020225924381505,69
chr07,3264909,-0.00034062237174095866,0.6495436213118203,0.4230854089514221,0.37357195202902416,70
chr07,3264933,-0.00034062237174095866,0.6495436213118203,0.4230854089514221,0.37357195202902416,70
chr07,3264936,-0.0003762931034482757,0.7809449835301168,0.3800123760736329,0.42020225924381505,69
chr07,3275136,0.0002678571428571428,0.3958090803259598,0.5313695304459032,0.27460335233183186,70
chr07,3275241,0.00027499999999999996,0.40315735194954355,0.5276582808337957,0.27764724184697465,68
chr07,3323251,-0.0002418918918918918,0.3086530568409644,0.5804151190208227,0.23626128330908594,67
chr07,3331836,0.00027839756592292083,0.38740107218381103,0.5359884897034733,0.27084453663547847,63
chr07,3331875,0.00027839756592292083,0.38740107218381103,0.5359884897034733,0.27084453663547847,63
chr07,3348576,0.00028405172413793105,0.44239223522131005,0.5082532204641808,0.2939198608445883,69
chr07,3353326,0.0002730769230769231,0.41257135318498056,0.5228591058701801,0.2816153241092157,69
chr07,3362033,-0.0002374999999999999,0.3171617204356642,0.5751706890802211,0.24020325387528838,70
chr07,3364444,0.0002730769230769231,0.41257135318498056,0.5228591058701801,0.2816153241092157,69
chr07,3390931,0.00014428312159709612,0.11347381238905094,0.7373086263238022,0.1323506849319611,67
chr07,3413742,-0.00035301724137931054,0.7172394090172791,0.40006590795885233,0.3978684559096387,69
chr07,3413754,-0.00035301724137931054,0.7172394090172791,0.40006590795885233,0.3978684559096387,69
chr07,3433028,0.00022837837837837838,0.2797409347687297,0.598672616697653,0.2228106060418568,67
chr07,3449979,0.000218421052631579,0.26273138383627237,0.6099610664954817,0.21469788490037373,68
chr07,3470517,0.00036261261261261255,0.6977397632132853,0.4066041063818673,0.390828239642938,67
chr07,3481901,0.000226923076923077,0.28652391907005087,0.5942290405082991,0.22604612765130833,69
chr07,3496257,0.0003640350877192983,0.7225475046133211,0.3983826589629752,0.3996995740650995,68
chr07,3502933,-0.00028558558558558565,0.4311150002795191,0.513760273254791,0.2892394807883631,67
chr07,3515994,-0.0003183361629881155,0.5657783732280818,0.4545758393611674,0.3423936506853233,69
chr07,3541263,-0.00027093596059113293,0.38024949070289865,0.5397275170198612,0.2678254396608524,64
chr07,3558518,0.0003044464609800362,0.4878598993559502,0.48737502083610273,0.31213673323713714,67
chr07,3577022,0.0002447368421052632,0.32462412834969445,0.5707761874759493,0.24353415374855542,68
chr07,3583767,0.0001633620689655172,0.14841646821792087,0.7012736175484067,0.15411249928554385,69
chr07,3583775,-0.0001633620689655172,0.14841646821792087,0.7012736175484067,0.15411249928554385,69
chr07,3585433,0.00023461538461538468,0.3016568275014262,0.584671557179679,0.23308803299762462,69
chr07,3595492,0.00021111111111111108,0.2388914666663192,0.6266786305235044,0.20295511430586027,66
chr07,3613377,0.0002824074074074074,0.3864960265904258,0.5364636516574842,0.2704596985244212,63
chr07,3628081,0.00016748768472906402,0.142923233999107,0.7066833284981635,0.1507751540887812,64
chr07,3628103,0.00016748768472906402,0.142923233999107,0.7066833284981635,0.1507751540887812,64
chr07,3649686,0.0002476190476190474,0.3320747066724088,0.5664930948546101,0.24680537950723272,65
chr07,3649758,-0.0002476190476190474,0.3320747066724088,0.5664930948546101,0.24680537950723272,65
chr07,3650416,0.00023974358974358976,0.3232442315288407,0.5715652688262249,0.24293416899126255,69
chr07,3650545,0.0002771929824561404,0.4252271987624285,0.5166048566649146,0.2868415152884114,68
chr07,3684425,-0.0005555555555555551,1.8087936160225213,0.1831216347293553,0.7372603433633873,70
chr07,3684427,0.0005555555555555552,1.8087936160225213,0.1831216347293553,0.7372603433633873,70
chr07,3688082,0.0004999999999999999,1.396615892261063,0.24159656318570374,0.6169092480314542,67
chr07,3688185,0.0004999999999999999,1.396615892261063,0.24159656318570374,0.6169092480314542,67
chr07,3694685,0.0002806722689075628,0.4514641102361563,0.503950879489169,0.297611792535486,69
chr07,3717725,0.0003870535714285713,0.8162889659616519,0.3696036819494479,0.4322637110386109,67
chr07,3750207,-3.494874184529347e-05,0.006689853699589399,0.9350677544814544,0.029156919254412415,66
chr07,3754988,-0.0001356907894736842,0.10458107829853529,0.7473923600732928,0.12645134586953535,70
chr07,3755002,-0.00032007575757575735,0.5143465509569309,0.47629817470101166,0.32212108281508894,57
chr07,3784480,0.00025044802867383497,0.3351636872316561,0.5646351059738547,0.2482321232547217,67
chr07,3795088,-0.00017954159592529703,0.1789414377653083,0.6736392332168859,0.1715726271595109,69
chr07,3806624,-0.00024106364428945064,0.3222812847695456,0.5721660663568082,0.24247790261427984,68
chr07,3814611,-5.494505494505475e-05,0.016101171504724347,0.899418870757973,0.0460380047155067,67
chr07,3881242,-0.00010690789473684206,0.06488117350689139,0.7997098022198557,0.09706758070662883,70
chr07,3908175,-0.00017370129870129887,0.1521596711955755,0.6978847032246781,0.15621632077126357,61
chr07,3949244,-1.9230769230769065e-05,0.001920243840487764,0.9651860136315046,0.015388980015084982,65
chr07,3950491,-1.8719211822659895e-05,0.001735955990390032,0.9668997981540969,0.014618530429468646,64
chr07,3957510,-8.571428571428547e-05,0.037395299755974644,0.8472845530978377,0.07197071117310382,65
chr07,3988781,7.940108892921974e-05,0.03324440158432156,0.8558908493144617,0.06758161682162453,67
chr07,4001936,-1.0338345864661638e-05,0.0005509240890775674,0.9813469845425721,0.008177407678242214,66
chr07,4069735,-0.00012931034482758605,0.09128363870208427,0.7634874818876298,0.11719807922536575,69
chr07,4170209,-8.333333333333322e-05,0.038888253459911926,0.8442584696337473,0.07352457381159187,70
chr07,4190500,-7.097069597069596e-05,0.02808995383093554,0.8674178779391652,0.06177163105708204,67
chr07,4358242,0.00013483642793987624,0.09916046033232624,0.7538328641405259,0.12272493294669336,68
chr07,4358273,0.00013483642793987624,0.09916046033232624,0.7538328641405259,0.12272493294669336,68
chr07,4436359,-6.0185185185185316e-05,0.01883979774786734,0.8912510387846708,0.04999995095417338,67
chr07,4447076,0.0002560439560439561,0.3055853296953682,0.5824903962854311,0.23471123060173035,61
chr07,4525664,-0.00013508442776735468,0.09359580768778139,0.7606323739936721,0.11882519411297499,67
chr07,4541860,-4.142857142857157e-05,0.008593469696641508,0.9264262579011497,0.033189144139128296,67
chr07,4541974,-4.142857142857157e-05,0.008593469696641508,0.9264262579011497,0.033189144139128296,67
chr07,4610018,-6.883720930232558e-05,0.024140389050500685,0.877002445411481,0.05699919565650052,68
chr07,4623425,-0.00011208791208791222,0.059133960815307564,0.8087135055264141,0.09220530410513672,61
chr07,4734316,0.00011806797853309492,0.07332603721022721,0.7873867138504761,0.10381191765107915,69
chr07,4787758,0.0001362433862433863,0.09898777489428202,0.7540254382972007,0.12261400223931779,69
chr07,4820145,8.807588075880776e-05,0.041022120904702405,0.8401182952955555,0.07565955753702014,68
chr07,4881465,-4.834494773519177e-05,0.012692696914760484,0.9106355086737823,0.040655419127304734,69
chr07,4906296,-0.00026969981238273935,0.3837537666015328,0.5377665333135141,0.2694062286086576,67
chr07,4906376,-0.00026969981238273935,0.3837537666015328,0.5377665333135141,0.2694062286086576,67
chr07,4911731,8.928571428571446e-05,0.04375241281688435,0.8349402863971774,0.0783445834571549,70
chr07,4925345,-8.928571428571446e-05,0.04375241281688435,0.8349402863971774,0.0783445834571549,70
chr07,4925363,-8.928571428571446e-05,0.04375241281688435,0.8349402863971774,0.0783445834571549,70
chr07,4954722,-0.0002884615384615385,0.428744265765996,0.514989365646974,0.28820173889768685,65
chr07,4969817,5.000000000000014e-05,0.013854155804907023,0.9066546032858463,0.04255812909860016,69
chr07,4969975,8.50877192982458e-05,0.039426172857441114,0.8432171282129889,0.07406058024723707,68
chr07,5038128,-0.00016500000000000003,0.1384179594109569,0.7111074024589852,0.14806480043390371,65
chr07,5038165,-0.00016500000000000003,0.1384179594109569,0.7111074024589852,0.14806480043390371,65
chr07,5038191,-0.00016500000000000003,0.1384179594109569,0.7111074024589852,0.14806480043390371,65
chr07,5038421,6.125356125356102e-05,0.019194485608027854,0.8902453790640991,0.05049027191057073,66
chr07,5057448,-0.00010714285714285706,0.06059864112137963,0.8063162367572724,0.09349459474227087,68
chr07,5069704,4.205214465937751e-05,0.009807813019237796,0.9214023261910226,0.03555069565328737,70
chr07,5083690,2.9230769230769512e-05,0.004128455935591517,0.9489754456435089,0.0227450246216964,64
chr07,5117898,3.0603448275861985e-05,0.0050778333144574014,0.943403972993913,0.02530229912519103,69
chr07,5141474,-0.00019871794871794852,0.21784467515981382,0.6422012827523926,0.1923288312956306,69
chr07,5142731,-0.00013468468468468445,0.0990211331159217,0.7540153881943086,0.12261979081500089,67
chr07,5142763,-0.00013468468468468445,0.0990211331159217,0.7540153881943086,0.12261979081500089,67
chr07,5150522,0.00030714285714285707,0.5002026383461413,0.4819009481334048,0.31704221922960557,68
chr07,5154975,-0.0002874999999999999,0.4449367998878532,0.5070746654917688,0.29492808716851276,68
chr07,5154979,0.0002874999999999999,0.4449367998878532,0.5070746654917688,0.29492808716851276,68
chr07,5163517,-0.0004189189189189191,0.8572376668387298,0.3582220521089221,0.44584768254497087,62
chr07,5176278,-0.00043713450292397644,0.9800839262082803,0.3259652359548755,0.48682871477263195,65
chr07,5224555,0.00040921409214092133,0.8828844790928422,0.35083907086684474,0.4548920478116658,68
chr07,5224727,0.00035365853658536573,0.6764125332908045,0.41374227176311984,0.3832701052693437,69
chr07,5240526,-0.00015608228980321993,0.1281372311691384,0.7214965931923032,0.14176571524446724,69
chr07,5240556,-0.00015608228980321993,0.1281372311691384,0.7214965931923032,0.14176571524446724,69
chr07,5285660,0.00022842105263157876,0.2635543455153048,0.6095431831519303,0.2149955213167116,63
chr07,5285695,-0.00022842105263157876,0.2635543455153048,0.6095431831519303,0.2149955213167116,63
chr07,5300311,-0.00042949471210340743,0.8117907784699606,0.37131747678926497,0.43025460936658155,60
chr07,5315999,-0.00023667570009033417,0.2924120353989591,0.590499373109973,0.22878055910893208,68
chr07,5355219,-0.00027972027972027956,0.42004883839895224,0.5190951789285825,0.2847530045914577,70
chr07,5381743,0.00019715447154471522,0.18548748718991595,0.6681691078086662,0.17511360744432686,65
chr07,5384190,0.00027972027972027956,0.42004883839895224,0.5190951789285825,0.2847530045914577,70
chr07,5427966,6.549232158988225e-05,0.022675884069422836,0.8807622682992067,0.05514129873708049,68
chr07,5428091,9.656084656084634e-05,0.05010767642759848,0.8235571834022138,0.08430624036328231,69
chr07,5440179,-0.0001378122308354863,0.10299506915839718,0.7492488710687922,0.12537390275530844,70
chr07,5446223,-0.00027743589743589716,0.37143669941284413,0.5444492300136753,0.2640426120568152,64
chr07,5458191,-0.00015608465608465583,0.12936536770843743,0.720222169690101,0.14253351442003911,69
chr07,5463307,-9.656084656084631e-05,0.05010767642759848,0.8235571834022138,0.08430624036328231,69
chr07,5463357,9.656084656084634e-05,0.05010767642759848,0.8235571834022138,0.08430624036328231,69
chr07,5463853,-0.0001378122308354863,0.10299506915839718,0.7492488710687922,0.12537390275530844,70
chr07,5463868,-0.0001378122308354863,0.10299506915839718,0.7492488710687922,0.12537390275530844,70
chr07,5467612,-0.0001378122308354863,0.10299506915839718,0.7492488710687922,0.12537390275530844,70
chr07,5467627,0.00013781223083548624,0.10299506915839718,0.7492488710687922,0.12537390275530844,70
chr07,5474053,0.00012646793134598,0.08347900428184729,0.7735425640495754,0.11151578432625218,68
chr07,5474245,0.00013781223083548624,0.10299506915839718,0.7492488710687922,0.12537390275530844,70
chr07,5519535,-8.302063789868666e-05,0.034850286335272145,0.8524911667672592,0.0693101123285573,67
chr07,5567436,0.00011977351916376298,0.07742149412745612,0.781679529184189,0.10697126130469253,69
chr07,5570316,-0.00013888888888888856,0.10296558446690747,0.7492981909575916,0.12534531592463202,69
chr07,5570343,-0.00013888888888888856,0.10296558446690747,0.7492981909575916,0.12534531592463202,69
chr07,5570344,-0.00013888888888888856,0.10296558446690747,0.7492981909575916,0.12534531592463202,69
chr07,5570345,-0.00013888888888888856,0.10296558446690747,0.7492981909575916,0.12534531592463202,69
chr07,5570346,-0.00013888888888888856,0.10296558446690747,0.7492981909575916,0.12534531592463202,69
chr07,5584889,-0.00010840108401083981,0.06168094596141573,0.8046297386055384,0.09440392021913104,68
chr07,5593829,-6.250000000000018e-05,0.020704304882093058,0.8860258569537952,0.05255360388214294,68
chr07,5607694,-9.528130671506597e-06,0.0004745500536242604,0.982686857602314,0.0075848521386350995,67
chr07,5624395,2.457264957264987e-05,0.002888822650044676,0.9573146855683168,0.01894527879458443,62
chr07,5642015,1.4102564102564044e-05,0.0010875165786917967,0.9737905638903166,0.011534438118550549,69
chr07,5642134,1.4102564102564044e-05,0.0010875165786917967,0.9737905638903166,0.011534438118550549,69
chr07,5642276,-4.166666666666826e-06,9.716520514001796e-05,0.9921640492514969,0.0034165135370451192,70
chr07,5674529,8.50877192982458e-05,0.039426172857441114,0.8432171282129889,0.07406058024723707,68
chr07,5678618,-9.009009009008983e-05,0.04344170403587356,0.8355789945209287,0.07801248621005688,64
chr07,5679648,-5.000000000000017e-05,0.01385415580490702,0.9066546032858463,0.04255812909860016,69
chr07,5679678,-5.000000000000017e-05,0.01385415580490702,0.9066546032858463,0.04255812909860016,69
chr07,5980955,0.00010862068965517257,0.0643839108862361,0.8004735914495074,0.09665299138608206,69
chr07,5981004,0.00010862068965517257,0.0643839108862361,0.8004735914495074,0.09665299138608206,69
chr07,6015466,0.00042956989247311834,0.8848059846933743,0.3507241565433762,0.4550343205393987,61
chr07,6097708,-0.00045231729055258496,1.1242793948242016,0.2929229855723665,0.5332465480330826,67
chr07,6097758,-0.00045231729055258496,1.1242793948242016,0.2929229855723665,0.5332465480330826,67
chr07,6104309,0.0004722222222222222,1.3059604029602774,0.25719457977756455,0.5897381881486652,69
chr07,6108500,0.0003839869281045752,0.8522656995566532,0.35917639650941613,0.44469221098727146,70
chr07,6128163,-0.00039705882352941203,0.8736245778407311,0.35336104551505887,0.4517813287690532,68
chr07,6137042,0.0004766553480475384,1.3196599980730406,0.2547377777533132,0.5939066441483465,69
chr07,6152822,-0.0004242424242424244,0.9936181605906131,0.3225003081598512,0.4914698660455848,68
chr07,6155256,0.00045281385281385295,1.1321184015989894,0.29120135005593,0.5358066158958084,68
chr07,6155327,0.0004660714285714288,1.1635744372666303,0.2847121878779938,0.5455939413010117,67
chr07,6155410,0.0005000000000000002,1.3159126954157567,0.2555973047543605,0.5924437300773313,66
chr07,6155445,-0.0005000000000000002,1.3159126954157567,0.2555973047543605,0.5924437300773313,66
chr07,6167320,-0.0004385281385281388,1.0603937546962747,0.30688442150340656,0.5130251572730579,68
chr07,6175983,-0.00038257575757575784,0.8226173936312954,0.36766653849644815,0.43454589367646645,69
chr07,6225004,0.000321301247771836,0.58238576357244,0.4481396310482305,0.3485866477305897,67
chr07,6245398,0.0002955536181342636,0.48684461869073853,0.4877891264377393,0.3117678849995781,68
chr07,6245655,0.0002955536181342636,0.48684461869073853,0.4877891264377393,0.3117678849995781,68
chr07,6245695,0.0002955536181342636,0.48684461869073853,0.4877891264377393,0.3117678849995781,68
chr07,6247051,0.0003972153972153976,0.9105334419084006,0.3433528030743781,0.4642594027483965,70
chr07,6252832,0.0003972153972153976,0.9105334419084006,0.3433528030743781,0.4642594027483965,70
chr07,6252926,0.0003972153972153976,0.9105334419084006,0.3433528030743781,0.4642594027483965,70
chr07,6294171,0.00035000000000000043,0.6628595384410868,0.4186190326263237,0.37818103023363653,65
chr07,6305294,0.0003484848484848487,0.6472927500764741,0.42406090164489885,0.37257176758422783,66
chr07,6397733,-0.0003615464994775342,0.6642272999772827,0.4182948476835323,0.3785174847772272,62
chr07,6397923,0.0004332437275985666,1.0222794502199057,0.3157279460599355,0.5006869756545952,67
chr07,6398011,-0.0004332437275985666,1.0222794502199057,0.3157279460599355,0.5006869756545952,67
chr07,6398306,0.00036807278742762635,0.7725944887299697,0.382511124559771,0.41735592975306507,70
chr07,6411870,-0.00041944444444444456,0.9715220443676899,0.3280126130359329,0.4841094560853141,66
chr07,6415139,-0.00021823956442831242,0.25764653116262365,0.613459697340025,0.21221396398469985,67
chr07,6415169,-0.00021823956442831242,0.25764653116262365,0.613459697340025,0.21221396398469985,67
chr07,6415170,-0.00021823956442831242,0.25764653116262365,0.613459697340025,0.21221396398469985,67
chr07,6420786,0.00040315315315315314,0.8588743496887724,0.357482274755341,0.4467454871965766,67
chr07,6421029,0.00036807278742762635,0.7725944887299697,0.382511124559771,0.41735592975306507,70
chr07,6478539,-0.00041044061302682,0.8744674017224845,0.3532921735521696,0.4518659833428337,65
chr07,6478590,-0.00041044061302682,0.8744674017224845,0.3532921735521696,0.4518659833428337,65
chr07,6484248,0.0004523809523809524,1.0507528940404203,0.3092536646214528,0.5096851453271506,65
chr07,6562930,0.0005104364326375715,1.3304279592400317,0.25308641669709275,0.5967311630669587,65
chr07,6580573,-0.0004385026737967916,1.0402854957616756,0.31153636965062675,0.5064912452598512,67
chr07,6602960,-0.000542857142857143,1.7324869114562267,0.19264666506331093,0.7152385047259232,68
chr07,6709207,0.000626190476190476,2.0824368683308734,0.15395611467444517,0.8126030575458831,65
chr07,6709212,0.000626190476190476,2.0824368683308734,0.15395611467444517,0.8126030575458831,65
chr07,6796899,0.00038510101010101003,0.8521541428021246,0.3592561950523777,0.44459573410851705,69
chr07,6850074,0.0004117647058823531,0.9305292830384622,0.33835635099283623,0.4706256673399408,66
chr07,6887664,-0.0004981566820276498,1.3779178813834978,0.24480591385303807,0.6111780950121026,66
chr07,6940301,0.0005346320346320349,1.614638804127726,0.20830176058670316,0.6813070593376176,68
chr07,6940303,-0.0005346320346320349,1.614638804127726,0.20830176058670316,0.6813070593376176,68
chr07,6954757,0.0004591503267973859,1.0521459042817307,0.3092005901416646,0.5097596858564815,61
chr07,6954761,0.0004591503267973859,1.0521459042817307,0.3092005901416646,0.5097596858564815,61
chr07,6954778,0.0004591503267973859,1.0521459042817307,0.3092005901416646,0.5097596858564815,61
chr07,6954815,0.0004591503267973859,1.0521459042817307,0.3092005901416646,0.5097596858564815,61
chr07,6968381,0.0004260504201680669,1.0308058774002806,0.31362189590849476,0.5035936241117163,69
chr07,6969114,0.0003839869281045751,0.8522656995566532,0.35917639650941613,0.44469221098727146,70
chr07,6985994,0.000380357142857143,0.8197474809106807,0.36859788414169725,0.4334471620855363,67
chr07,6986001,-0.0004864864864864868,1.2809324795828452,0.26194862253618256,0.5817838809591456,66
chr07,7006026,-0.00048529411764705897,1.3231717989807348,0.25423803224039304,0.5947594814899295,67
chr07,7006030,-0.00048529411764705897,1.3231717989807348,0.25423803224039304,0.5947594814899295,67
chr07,7046051,0.0005147058823529413,1.480773403137232,0.2280535161728868,0.641963227335738,67
chr07,7046931,0.00047226890756302535,1.2611401303098746,0.26544343588495284,0.5760280097999058,69
chr07,7048291,0.00045714285714285713,1.2153029879921822,0.2741708881827881,0.5619786610446095,70
chr07,7051691,-0.0005053571428571428,1.428461081059869,0.2363582726403097,0.6264291926030287,67
chr07,7051786,-0.0005053571428571428,1.428461081059869,0.2363582726403097,0.6264291926030287,67
chr07,7078349,-0.0008138888888888891,3.6851217779792855,0.059359846420052514,1.2265072313646428,66
chr07,7078359,-0.0008138888888888891,3.6851217779792855,0.059359846420052514,1.2265072313646428,66
chr07,7079659,-0.0007640692640692644,3.4572426853129143,0.06743349172456782,1.171124351854567,68
chr07,7086629,0.0006635135135135134,2.3965954849230933,0.12645507917999768,0.8980637221476125,67
chr07,7105325,0.00043452380952380945,1.0250620501365124,0.31525622543464904,0.5013363285606846,64
chr07,7105369,0.0005105990783410138,1.4854854037280756,0.2273917226896524,0.6432253481603127,66
chr07,7160320,-0.0007202380952380954,2.611804620047655,0.11140622023768028,0.9530905601543539,61
chr07,7162586,0.0008000000000000001,3.864308495215994,0.05340847445221305,1.272389826944698,70
chr07,7250972,-0.0009714285714285717,5.85578069129916,0.018204301597921257,1.7398259779762395,70
chr07,7251006,-0.0009714285714285717,5.85578069129916,0.018204301597921257,1.7398259779762395,70
chr07,7285859,-0.0010753676470588234,7.051208377076601,0.009985174030305456,2.0006443614650165,66
chr07,7363573,0.0008800505050505052,4.618245225319844,0.035250144274020484,1.4528391011610151,69
chr07,7363935,0.0009027777777777773,4.994299212115313,0.0287201322789909,1.541813564154545,70
chr07,7364203,0.0011243469174503661,7.431793840581146,0.008387777466959297,2.076353100161109,62
chr07,7364291,0.0011243469174503661,7.431793840581146,0.008387777466959297,2.076353100161109,62
chr07,7379774,0.0008715277777777779,4.4146217425694285,0.03945487656911852,1.4038993109293225,68
chr07,7413426,0.0005322580645161292,1.4702970297029716,0.2300516925724021,0.6381745671279382,62
chr07,7413432,-0.0006966911764705882,2.6866023555418086,0.10610247903146273,0.9742744689063203,66
chr07,7425051,0.0006388888888888889,2.3021848386252697,0.13396775169474123,0.8729997310869914,68
chr07,7458187,-0.0008030303030303031,3.6418442589741415,0.06083173903467301,1.2158697679137531,66
chr07,7458190,-0.0008030303030303031,3.6418442589741415,0.06083173903467301,1.2158697679137531,66
chr07,7496178,0.0002373737373737375,0.31431216936835193,0.5769161094103634,0.23888733393083725,69
chr07,7496197,0.0002538902538902542,0.36907096319456395,0.5455345917500642,0.2631777060658024,70
chr07,7496198,0.0002538902538902542,0.36907096319456395,0.5455345917500642,0.2631777060658024,70
chr07,7512004,0.0003958333333333333,0.8981284279171452,0.34674115470080247,0.4599946088808617,68
chr07,7512041,0.0003958333333333333,0.8981284279171452,0.34674115470080247,0.4599946088808617,68
chr07,7550310,0.00025490196078431385,0.3380872483221512,0.5630434569628463,0.24945808402820838,64
chr07,7551525,0.0002538902538902542,0.36907096319456395,0.5455345917500642,0.2631777060658024,70
chr07,7576072,-0.000327020202020202,0.6200161486859972,0.4338180231267469,0.36269240902561617,69
chr07,7601882,-0.0002776292335115865,0.4128141493015772,0.5228044700308934,0.2816607078140417,67
chr07,7626413,0.00011007130124777205,0.06570520034868096,0.7985053844304646,0.09772215100883605,67
chr07,7628589,-0.00015931372549019614,0.14519964319196468,0.7043535584737113,0.1522092869516584,70
chr07,7628603,0.00015931372549019606,0.14519964319196468,0.7043535584737113,0.1522092869516584,70
chr07,7725707,-0.00015936626281453875,0.13968761252344503,0.7098270495990442,0.14884745487886403,66
chr07,7742091,-0.00035135135135135173,0.6722516875602738,0.41521890314716026,0.3817228831325587,68
chr07,7840824,-0.0002587719298245615,0.36936489674965917,0.5454362647297084,0.26325599025135055,68
chr07,7923328,0.0003259762308998304,0.5935050779425212,0.4437749871559251,0.35283717990097074,69
chr07,7923332,0.0003259762308998304,0.5935050779425212,0.4437749871559251,0.35283717990097074,69
chr07,7923370,0.0003259762308998304,0.5935050779425212,0.4437749871559251,0.35283717990097074,69
chr07,7923426,0.0003259762308998304,0.5935050779425212,0.4437749871559251,0.35283717990097074,69
chr07,7923444,0.0003259762308998304,0.5935050779425212,0.4437749871559251,0.35283717990097074,69
chr07,7923449,0.0003259762308998304,0.5935050779425212,0.4437749871559251,0.35283717990097074,69
chr07,8123031,-0.0001530190239867661,0.13228560571977746,0.7172022986890336,0.14435832716010144,70
chr07,8136162,0.0001530190239867661,0.13228560571977746,0.7172022986890336,0.14435832716010144,70
chr07,8525116,-3.947368421052621e-05,0.008548090926359954,0.926615909249566,0.033100247582050005,68
chr07,8547528,6.249999999999987e-05,0.021869170901138518,0.8828732981449975,0.05410161789999917,70
chr07,8547603,-6.249999999999973e-05,0.02186917090113731,0.8828732981449975,0.05410161789999917,70
chr07,8552319,-3.5809018567639155e-05,0.0069243602083434936,0.9339342523674952,0.02968369640271816,68
chr07,8552942,6.249999999999987e-05,0.021869170901138518,0.8828732981449975,0.05410161789999917,70
chr07,8568468,-0.00028846153846153843,0.4262679481241296,0.516239659635866,0.2871486342373524,64
chr07,8603030,-0.0003406223717409587,0.6495436213118204,0.4230854089514221,0.37357195202902416,70
chr07,8606286,0.00036251105216622456,0.7161629375577687,0.40046337005434074,0.3974372022034691,68
chr07,8606321,0.00040063520871143365,0.8611111823798294,0.3568610461982439,0.44750085564322956,67
chr07,8609490,0.00037325783972125444,0.7559256022865641,0.3877107139143412,0.4114921976268177,69
chr07,8609498,0.00037325783972125444,0.7559256022865641,0.3877107139143412,0.4114921976268177,69
chr07,8609508,0.00037325783972125444,0.7559256022865641,0.3877107139143412,0.4114921976268177,69
chr07,8609591,-0.00037325783972125444,0.7559256022865641,0.3877107139143412,0.4114921976268177,69
chr08,127854,-0.00044423963133640565,1.074489324868501,0.3038343533198803,0.5173631237787427,66
chr08,128012,-0.00043333333333333337,1.0198602123923053,0.3163550862554995,0.499825178701467,66
chr08,139166,-0.0003177083333333333,0.5510675298156635,0.46051568054119585,0.33675557750497453,68
chr08,163013,-0.000287878787878788,0.4360561678997448,0.5114019260325632,0.29123764067468333,66
chr08,334369,0.0004264705882352942,1.0281554477086723,0.314295164142519,0.5026623011407919,68
chr08,385353,-0.00035101010101010107,0.6950481376622741,0.4074150374330895,0.3899629455035284,69
chr08,440317,0.00039545454545454573,0.7776924359641656,0.3813096379620873,0.4187222173834185,63
chr08,473594,-0.00042605042016806714,1.0308058774002813,0.31362189590849476,0.5035936241117163,69
chr08,509200,0.0003073593073593075,0.47200196628472635,0.4947592916157303,0.3056060409628035,61
chr08,546377,0.0003911290322580646,0.7430914834666882,0.3920485707789898,0.406660125034193,63
chr08,562296,0.00039157196969696976,0.830226267465935,0.3656804056641466,0.43689830993792644,65
chr08,562358,0.0003084066471163247,0.517456747074102,0.4746313544645503,0.32364357538721983,64
chr08,562629,0.0003839869281045753,0.8522656995566529,0.35917639650941613,0.44469221098727146,70
chr08,562697,0.00035101010101010107,0.6950481376622741,0.4074150374330895,0.3899629455035284,69
chr08,572276,-0.0003934937611408203,0.8544230006252611,0.35872302340327944,0.44524074873212277,67
chr08,583007,0.00035101010101010107,0.6950481376622741,0.4074150374330895,0.3899629455035284,69
chr08,583053,0.00035101010101010107,0.6950481376622741,0.4074150374330895,0.3899629455035284,69
chr08,675894,0.00035294117647058837,0.6830530401034884,0.4115152775786811,0.3856140368916765,68
chr08,696540,0.0003974789915966387,0.8884548908235125,0.3492827947628073,0.4568228066429251,69
chr08,775788,0.00046774193548387106,1.0852546455609113,0.30170456730888395,0.5204181152740288,62
chr08,830906,0.0005233446519524622,1.551457479738897,0.21725877018600614,0.6630226831577308,69
chr08,878276,-0.0005550986842105267,1.7936273475416806,0.18494426542494383,0.7329591303281167,70
chr08,942091,0.0008269794721407626,3.775705953946564,0.05654566849087421,1.2476006572736225,64
chr08,943006,-0.0008285714285714287,4.162457238518087,0.04521553778534155,1.3447122993728844,70
chr08,948157,0.000830308529945554,3.93745132417067,0.05144725976046397,1.2886377521474657,67
chr08,948196,0.0008886300093196648,4.504362667776455,0.03768380012796208,1.4238453083370233,66
chr08,950554,-0.0009018817204301077,4.57416742744759,0.03622001448133908,1.4410513803840699,67
chr08,956905,0.0009687500000000002,5.080753815980227,0.02773716517683804,1.556937927219757,64
chr08,992796,-0.0007694444444444447,3.2654524707395347,0.07545416410974308,1.1223167876977906,66
chr08,1023702,-0.0007177489177489178,2.9202078181744184,0.0921755539564821,1.0353842436917893,68
chr08,1023982,0.0007453781512605041,3.2322192150469173,0.07670838718228008,1.115157148334689,69
chr08,1164161,0.0007967171717171719,3.772038363479111,0.05632150061620421,1.2493257824764756,69
chr08,1175627,0.0007552083333333334,3.3204438265563727,0.07295416570558787,1.1369499047123013,68
chr08,1186625,-0.0006648073022312373,2.331051196400976,0.13198503298333294,0.8794753147130007,63
chr08,1186664,0.0006648073022312375,2.331051196400976,0.13198503298333294,0.8794753147130007,63
chr08,1193179,-0.0008275089605734767,3.8915813433230806,0.0527848775813064,1.2774904813237669,67
chr08,1250995,-0.0008169934640522868,4.036585713335937,0.04849557271588201,1.3142979074353804,70
chr08,1251046,-0.0007915966386554622,3.6979764482490682,0.0587300420659397,1.2311396880894634,69
chr08,1251125,-0.0007915966386554622,3.6979764482490682,0.0587300420659397,1.2311396880894634,69
chr08,1303297,0.0006470588235294118,2.4137826809732403,0.1250538959375332,0.9029027736830497,68
chr08,1311588,0.0005380952380952381,1.6072449666641953,0.20954513572841102,0.678722416198922,65
chr08,1318323,-0.000761029411764706,3.5850341203231593,0.0628246135440651,1.2018701742227915,66
chr08,1318354,-0.0006875000000000001,2.903591582722436,0.093158996098904,1.030775200161568,67
chr08,1349302,0.0008247747747747746,3.950944346677487,0.05106081545157434,1.2919122537054644,67
chr08,1349376,0.0008667287977632807,4.25081935261812,0.043297403451204454,1.3635381475410078,66
chr08,1356442,0.0007123655913978497,2.865561781000354,0.09528238688642421,1.0209873720267593,67
chr08,1407657,-0.0007693984306887528,3.410017047029393,0.06928580858839448,1.159355710307374,68
chr08,1430383,-0.0008141447368421054,3.9791082309701005,0.050078034323787775,1.3003527265046244,70
chr08,1503135,0.0007371403661726244,3.1416084852008788,0.08093341596833455,1.0918721288909063,68
chr08,1538248,0.0009094444444444443,4.1039055328878,0.04731427834495628,1.3250077795439732,61
chr08,1569765,-0.0007756756756756758,3.3259433627241037,0.07279267426432057,1.1379123251741594,67
chr08,1614538,-0.0008047079337401917,3.6857338048081725,0.05920364378050301,1.2276515631239244,68
chr08,1614567,-0.0008095878136200716,3.628691667512822,0.06121750525059985,1.2131243728434626,67
chr08,1691130,0.0007869269949066215,3.6132910395030438,0.06162221593147322,1.2102626885327497,69
chr08,1703821,-0.0007540322580645162,3.203272693051418,0.07814911091092497,1.1070759585107655,67
chr08,1734907,-0.0007869269949066215,3.6132910395030438,0.06162221593147322,1.2102626885327497,69
chr08,1742132,0.0008141447368421055,3.9791082309701005,0.050078034323787775,1.3003527265046244,70
chr08,1742406,-0.0007371403661726242,3.1416084852008637,0.08093341596833574,1.0918721288909,68
chr08,1742407,-0.0007371403661726242,3.1416084852008637,0.08093341596833574,1.0918721288909,68
chr08,1742434,0.0007371403661726244,3.1416084852008788,0.08093341596833455,1.0918721288909063,68
chr08,1809376,0.0008514431239388796,4.244015618129904,0.04327612330291172,1.3637516504791518,69
chr08,1812839,0.0007912280701754389,3.5338199362228835,0.06454400194382795,1.190144110387976,68
chr08,1831708,0.0007641673931996515,3.3285491849478306,0.07261360739655014,1.138981987240883,68
chr08,1857227,-0.0008589527027027025,4.373504076885704,0.04029660107319202,1.3947315840675674,69
chr08,1865267,-0.0006824884792626728,2.649696540838111,0.10848325031390722,0.9646373111959696,66
chr08,1865275,-0.0006824884792626728,2.649696540838111,0.10848325031390722,0.9646373111959696,66
chr08,1899740,-0.0007621621621621619,3.20417598030281,0.07810811770620864,1.1073038279433647,67
chr08,1927285,-0.0008141447368421054,3.9791082309701005,0.050078034323787775,1.3003527265046244,70
chr08,1951901,0.0004727443609022557,1.1637265147364828,0.28474303230193504,0.5455468943598175,66
chr08,1957002,0.0005206093189964157,1.4734896681626017,0.22918811158620858,0.639807913783247,67
chr08,1997043,0.0005131578947368421,1.4514449964431746,0.2325985694944234,0.6333929605559309,68
chr08,2001710,-0.0004708614864864864,1.2557375626637648,0.2664601567221231,0.5743677210064677,69
chr08,2025460,-0.0006114864864864866,2.0343848413866787,0.1587132706310175,0.7993867586839226,65
chr08,2025504,-0.0006114864864864866,2.0343848413866787,0.1587132706310175,0.7993867586839226,65
chr08,2025527,-0.0005698198198198199,1.8820285125226464,0.1748203627280216,0.7574079829981588,67
chr08,2030354,0.00040104166666666657,0.9152109493950696,0.34222677487324626,0.46568601547050475,68
chr08,2040096,-0.0004269509981851179,0.9658342652074128,0.32936530213042026,0.48232215467145995,67
chr08,2126857,0.0002696078431372547,0.41749967018134765,0.5203620506452805,0.2836943835099678,70
chr08,2135185,0.00023484848484848486,0.30936399409975773,0.5799236283234785,0.23662919606045688,69
chr08,2138338,0.00020389610389610395,0.22795210583661757,0.6346238381394593,0.19748361868693823,68
chr08,2166300,-0.00039393939393939396,0.829320656341054,0.36588626397783675,0.43665389439588703,66
chr08,2203116,-4.465334900117504e-05,0.008808925042308322,0.9255471263624632,0.0336014632448361,60
chr08,2213397,0.00011363636363636365,0.07217649847029009,0.7890192833882697,0.10291238263749997,69
chr08,2254959,-1.6666666666666576e-05,0.0013627768850327192,0.970674684782556,0.012926296637965292,62
chr08,2263691,-0.00014742014742014745,0.12398577810192421,0.7258400910730854,0.13915904763869083,70
chr08,2263762,0.00014742014742014745,0.12398577810192421,0.7258400910730854,0.13915904763869083,70
chr08,2288883,0.00022203947368421053,0.28075970272501977,0.5979295958411892,0.22334994968670885,70
chr08,2309605,0.00011799660441426153,0.07658070565913722,0.7828376909380207,0.10632827272745092,69
chr08,2328506,-9.168081494057715e-05,0.04656730249440093,0.8298034831665655,0.08102474651735664,69
chr08,2350618,-0.00016929824561403504,0.1537727789666954,0.696219165572808,0.1572540255964776,68
chr08,2420509,-0.00016089527027027037,0.14436107802949288,0.7051852022442201,0.1516968096045756,69
chr08,2447265,-0.00020934959349593502,0.20659760163085544,0.6510096319547527,0.18641258581912984,65
chr08,2453176,0.000216503267973856,0.2686420981008021,0.605926582324485,0.2175799943534399,70
chr08,2453449,0.00018277310924369767,0.18735332628878482,0.6665187933278417,0.1761876006034445,69
chr08,2460397,0.00029480519480519485,0.4828701928046316,0.48956431192850125,0.3101902487412388,68
chr08,2480072,0.00028571428571428563,0.46961325966850587,0.49549466105392503,0.3049610206687388,70
chr08,2504703,0.00020098039215686277,0.2166052457859492,0.6431944169656837,0.19165773399144462,67
chr08,2516440,0.00018876689189189193,0.1988692478217151,0.6570729344726145,0.1823864214889524,69
chr08,2526692,-0.00016830357142857134,0.15043027240894927,0.6993917859273657,0.15527947260922664,67
chr08,2526756,-0.00016830357142857134,0.15043027240894927,0.6993917859273657,0.15527947260922664,67
chr08,2536879,-0.00022522522522522534,0.29010148898080057,0.5919143892368397,0.22774110234914635,70
chr08,2538161,-0.0001968749999999999,0.20763769415857022,0.6501439459920224,0.18699047715881603,67
chr08,2551814,-0.000125,0.07918895186397398,0.7793366178242643,0.10827491756884366,64
chr08,2552048,-0.00011945564516129028,0.07003495851906665,0.7921780448429057,0.10117719820502197,63
chr08,2592171,-0.0001944444444444443,0.21157936056900548,0.6470215753735682,0.18908123724558348,69
chr08,2630082,-0.00022522522522522534,0.29010148898080057,0.5919143892368397,0.22774110234914635,70
chr08,2630117,-0.00022522522522522534,0.29010148898080057,0.5919143892368397,0.22774110234914635,70
chr08,2662136,-0.00011655773420479303,0.06756905990029563,0.7958146540200977,0.099188068077955,61
chr08,2668182,-0.0001365546218487395,0.10365017791251184,0.7484948387971213,0.12581118996309074,69
chr08,2668359,-9.95670995670995e-05,0.053858219325157004,0.817198831096457,0.08767226324458473,68
chr08,2669792,-0.00015767045454545455,0.12778956558816534,0.7219297932987844,0.14150503493099367,65
chr08,2683919,0.00011994949494949488,0.07981219665788715,0.7784230033104312,0.10878433864004734,69
chr08,2817936,-0.00019041218637992833,0.19523873657595137,0.6600583622669884,0.18041766250372465,67
chr08,2825727,-0.00020475020475020484,0.23957591117765362,0.6260878371761703,0.20336473304379518,70
chr08,2878305,0.00020475020475020484,0.23957591117765364,0.6260878371761703,0.20336473304379518,70
chr08,2878407,0.0002946817785527463,0.47524379544377354,0.49300127674945704,0.30715195600770717,68
chr08,2902444,0.0001487455197132617,0.1199497147951344,0.7302076579906538,0.13655361673599872,67
chr08,2902497,-0.0001487455197132617,0.1199497147951344,0.7302076579906538,0.13655361673599872,67
chr08,2976060,-0.00037500000000000006,0.7741858404436378,0.38221722372328737,0.41768974637718365,66
chr08,3023739,0.0003556658395368073,0.720844474817566,0.39884614745818414,0.3991945985374916,70
chr08,3029035,-0.0003259762308998302,0.5935050779425212,0.4437749871559251,0.35283717990097074,69
chr08,3038069,0.0003556658395368073,0.720844474817566,0.39884614745818414,0.3991945985374916,70
chr08,3049778,0.0003259762308998302,0.5935050779425212,0.4437749871559251,0.35283717990097074,69
chr08,3057804,0.000445045045045045,1.0850596872643485,0.3014274107219934,0.5208172570511743,67
chr08,3057921,0.00047456140350877183,1.2598270633549267,0.265750547508748,0.5755258320547763,68
chr08,3066504,0.0004550189393939393,1.1087706095426928,0.29637129991994704,0.5281638549770805,65
chr08,3066530,0.0004550189393939393,1.1087706095426928,0.29637129991994704,0.5281638549770805,65
chr08,3066588,0.00046874999999999993,1.1416646206727248,0.2894434364681787,0.538436294215924,64
chr08,3066598,0.00046874999999999993,1.1416646206727248,0.2894434364681787,0.538436294215924,64
chr08,3066625,0.0004550189393939393,1.1087706095426928,0.29637129991994704,0.5281638549770805,65
chr08,3170256,-0.0005051948051948053,1.4379602337322182,0.23475726489990698,0.6293809589889184,68
chr08,3181570,-0.0004280303030303031,1.0692482634816785,0.3048333198257873,0.5159375641513585,69
chr08,3199512,0.0003741554054054053,0.7874568614574965,0.3780446765827028,0.422456873054836,69
chr08,3270544,0.0004054054054054054,0.9489977163156528,0.3334273201483221,0.47699881811462735,70
chr08,3304112,-0.000560246679316888,1.6794298191587185,0.19972799947411765,0.6995610479749597,65
chr08,3304342,0.0006378676470588236,2.1800913490032654,0.14470990552419946,0.8395017400125323,66
chr08,3305116,-0.0003736842105263158,0.8389224063300068,0.3630397102400523,0.4400458680909059,68
chr08,3307096,-0.000510462074978204,1.444914105257779,0.23364099759012094,0.6314509480967854,68
chr08,3316293,0.0006000000000000002,2.061746437705516,0.15575983248049077,0.8075445285709574,68
chr08,3321772,0.00039444444444444455,0.8974329374555852,0.34703425978628333,0.45962764883541324,66
chr08,3349080,0.0005500000000000001,1.736231272420343,0.19203928452013586,0.7166099207487777,70
chr08,3361175,0.000481578947368421,1.2868041493998204,0.2607410561523542,0.5837905796619189,68
chr08,3362058,0.0005054054054054054,1.4061460887991581,0.24001399939626328,0.6197634262749256,67
chr08,3393410,-0.00037886100386100394,0.7635863100696813,0.3855273671802797,0.4139447875390434,65
chr08,3414276,0.0005500000000000001,1.736231272420343,0.19203928452013586,0.7166099207487777,70
chr08,3454275,0.0004344827586206898,1.0368982889879823,0.31220694351810446,0.5055574424072828,69
chr08,3525992,0.00026694139194139197,0.38730375672171324,0.5358972003069691,0.2709185118394082,67
chr08,3540912,0.00042472666105971413,1.0152866454593656,0.31721174973831284,0.49865073449439135,70
chr08,3540954,0.00042472666105971413,1.0152866454593656,0.31721174973831284,0.49865073449439135,70
chr08,3540961,0.00042472666105971413,1.0152866454593656,0.31721174973831284,0.49865073449439135,70
chr08,3578604,0.0003549955791335101,0.687536697256594,0.40999236851481524,0.3872242270430697,68
chr08,3588898,0.0004805128205128205,1.1781794653444193,0.2819294170853795,0.5498596065998032,64
chr08,3668640,0.00039999999999999996,0.8165869218500771,0.36956882666220336,0.4323046688901282,66
chr08,3683536,-0.00020370370370370385,0.22831015324205847,0.6343349228371857,0.19768137818479042,69
chr08,4027647,0.00012601626016260176,0.08933675634866615,0.7659611446108376,0.11579326053593969,68
chr08,4043530,6.60714285714286e-05,0.023827085516068075,0.8777967523237519,0.05660603029268914,68
chr08,4076631,-0.00013034188034188039,0.0816721911054642,0.7760283102186502,0.11012243499506848,62
chr08,4088868,-5.769230769230763e-05,0.016354982933512542,0.898646065702905,0.046411322702931426,65
chr08,4091006,-0.00018923465096719956,0.1991611799714163,0.6568166762592365,0.18255582922079625,70
chr08,4093953,-0.0001016799292661362,0.05645039453512889,0.8129328605391519,0.08994532095133295,68
chr08,4133638,-5.865384615384589e-05,0.0181335572615662,0.8933025939966917,0.04900140489307839,66
chr08,4154909,-0.00010201149425287366,0.05348014216106057,0.81786401354467,0.08731890057892086,65
chr08,4171429,-5.1282051282051306e-05,0.012957130921010328,0.9097350168012807,0.04108508844753673,65
chr08,4264377,-2.083333333333331e-05,0.0022419101534385103,0.9623804045293071,0.016653228448169848,67
chr08,4340810,-0.00019982316534040656,0.21962990809597124,0.6408662910495756,0.19323257128715812,68
chr08,4340827,-0.00019982316534040656,0.21962990809597124,0.6408662910495756,0.19323257128715812,68
chr08,4381345,-0.00015213815789473674,0.13152262030267473,0.717983324418658,0.14388564238313123,70
chr08,4390860,-0.0001499564080209239,0.12241332830107278,0.7275456760147783,0.13813973606236774,68
chr08,4390921,-0.0001499564080209239,0.12241332830107278,0.7275456760147783,0.13813973606236774,68
chr08,4391033,-0.00031334841628959266,0.4869683490630561,0.4880710157382334,0.3115169823018939,60
chr08,4400598,-0.00015213815789473674,0.13152262030267473,0.717983324418658,0.14388564238313123,70
chr08,4400775,-0.0001887668918918918,0.1988692478217151,0.6570729344726145,0.1823864214889524,69
chr08,4439083,-0.0002601880877742946,0.3226378864437029,0.5721462807977036,0.2424929208200394,62
chr08,4439142,-0.00023848684210526306,0.32409983916287255,0.5710299430569237,0.24334111808788286,70
chr08,4737131,0.00013558558558558536,0.09943075885700005,0.7535239677877366,0.12290292926519308,67
chr08,4737174,0.00020924149956408003,0.23875791620411035,0.6267243553325441,0.20292342771745264,68
chr08,4754949,7.410636442894499e-05,0.029800416887114916,0.8634721541856629,0.0637516632829783,68
chr08,4763674,0.00012201591511936329,0.08036068784795852,0.7776965450026823,0.10918983043873323,68
chr08,4822359,3.6842105263157996e-05,0.007675523608049946,0.9304518795975276,0.031306082464064085,68
chr08,4834796,0.00019047619047619045,0.19501429792328542,0.6602412652099763,0.18029733566621214,67
chr08,4839487,0.00016923076923076936,0.15784964660526787,0.6924069536385624,0.1596385792835117,69
chr08,4890275,3.708791208791225e-05,0.007372216088000446,0.9318403655485329,0.030658480671134754,67
chr08,4890375,-7.95755968169763e-05,0.03490766511208068,0.8523624116089427,0.06937571051902833,68
chr08,4890392,-0.00011034482758620699,0.06836625691554582,0.7945326377445657,0.09988825817814295,69
chr08,4890401,-7.95755968169763e-05,0.03490766511208068,0.8523624116089427,0.06937571051902833,68
chr08,4890592,-6.233421750663158e-05,0.021741633153149816,0.8832260148756415,0.05392814755130371,68
chr08,4901181,-0.00020000000000000004,0.22460776218001768,0.6370694420255654,0.19581322599307296,70
chr08,4904651,0.00027801724137931056,0.42405150382657314,0.5171496233247799,0.2863837873060234,69
chr08,5076917,-0.00018498168498168506,0.18189741278352836,0.6711568875795628,0.1731759486150612,67
chr08,5124898,0.00019563008130081308,0.18578960944624187,0.6679155103558037,0.17527847121751639,65
chr08,5149545,-0.000445970695970696,1.0365035298249603,0.31235364433276486,0.5053534226317519,68
chr08,5230894,0.0005648148148148149,1.744477376210159,0.19106615308231578,0.7188162403730158,69
chr08,5243245,-0.000564814814814815,1.744477376210159,0.19106615308231578,0.7188162403730158,69
chr08,5243265,-0.000564814814814815,1.744477376210159,0.19106615308231578,0.7188162403730158,69
chr08,5243326,-0.000564814814814815,1.744477376210159,0.19106615308231578,0.7188162403730158,69
chr08,5243331,-0.000564814814814815,1.744477376210159,0.19106615308231578,0.7188162403730158,69
chr08,5245444,-0.0005058536585365853,1.2925458690699163,0.2598181916398425,0.585330444286051,66
chr08,5260691,-0.0005900086132644272,1.9386923989961289,0.16834722781898775,0.7737940307628489,70
chr08,5316416,-0.00047751322751322765,1.2740953988288228,0.26302526423728173,0.5800025344308722,69
chr08,5316684,-0.00045167118337850054,1.118823382947614,0.29402809611578257,0.5316111682101461,68
chr08,5320558,-0.000475609756097561,1.1472534932397966,0.288147515042784,0.540385121381463,66
chr08,5362708,0.0003518518518518518,0.6663583660328775,0.41721703834520474,0.3796379641280399,69
chr08,5362717,0.0003518518518518518,0.6663583660328775,0.41721703834520474,0.3796379641280399,69
chr08,5362944,0.0004113756613756615,0.9134136187747209,0.34264608369162786,0.46515422763130954,69
chr08,5363140,0.0004113756613756615,0.9134136187747209,0.34264608369162786,0.46515422763130954,69
chr08,5385235,0.0003525641025641026,0.6439972388598232,0.4251473435336237,0.37146053019978664,68
chr08,5423044,8.418604651162796e-05,0.03606386900783551,0.8499665215881204,0.07059817990438794,68
chr08,5423245,0.00013272727272727272,0.09068746791714107,0.7642376112589808,0.11677159271371071,69
chr08,5436422,-0.00018168604651162785,0.16173467153430032,0.6888838728316562,0.16185398221287314,67
chr08,5436934,0.0001573426573426574,0.13234721681588163,0.7171393423903005,0.1443964513731555,70
chr08,5437074,2.2926829268292676e-05,0.002615694954196786,0.9593701739670459,0.018013787519986568,66
chr08,5505298,0.0002001879699248122,0.2069024340972411,0.650745380281734,0.18658890631557246,66
chr08,5513105,-0.0002756410256410257,0.38026017268676504,0.5396861026611552,0.2678587652130568,65
chr08,5513181,-0.00032007073386383753,0.5484906225390133,0.46156179772542993,0.3357701437943128,68
chr08,5516461,-0.00020740740740740737,0.22888865932150973,0.6339544142348719,0.1979419698123149,67
chr08,5521112,-0.00027754415475189257,0.429867090194769,0.5142663670569426,0.2888118775439777,70
chr08,5521243,0.00027754415475189246,0.429867090194769,0.5142663670569426,0.2888118775439777,70
chr08,5537098,-0.0002482758620689657,0.3377441713925654,0.5630842336934123,0.2494266326941731,69
chr08,5537292,-0.00024642857142857154,0.32112652738368774,0.5728535851756349,0.24195636455210837,68
chr08,5547134,0.00025708502024291487,0.33191296428078026,0.5666203854310109,0.24670780482274873,64
chr08,5547146,0.0002884615384615384,0.425824863565817,0.51641886746101,0.286997899084709,65
chr08,5547203,0.0002884615384615384,0.425824863565817,0.51641886746101,0.286997899084709,65
chr08,5561544,-0.00027754415475189257,0.429867090194769,0.5142663670569426,0.2888118775439777,70
chr08,5568899,-0.00027754415475189257,0.429867090194769,0.5142663670569426,0.2888118775439777,70
chr08,5574014,-0.00023966165413533838,0.2968061882549734,0.5877850575093837,0.2307814586235732,66
chr08,5604268,0.00031077586206896553,0.5302400440008543,0.4690433302397484,0.3287870352917656,69
chr08,5604360,0.0002732142857142857,0.3977278197660393,0.5304428298779421,0.27536141667590125,68
chr08,5608359,-0.00027754415475189257,0.429867090194769,0.5142663670569426,0.2888118775439777,70
chr08,5673485,-4.205214465937774e-05,0.009807813019237796,0.9214023261910226,0.03555069565328737,70
chr08,5673497,-4.205214465937774e-05,0.009807813019237796,0.9214023261910226,0.03555069565328737,70
chr08,5688304,-0.00017876588021778573,0.17338645710787137,0.6784913131785574,0.16845570830309237,67
chr08,5696531,3.983516483516472e-05,0.008258971367136622,0.9278683103754372,0.032513657547982064,67
chr08,5825683,-9.889643463497453e-05,0.054144440002076674,0.8167118220369364,0.08793115788248257,69
chr08,5826125,8.794642857142835e-05,0.041038093927492414,0.8400971687642834,0.075670478917224,67
chr08,5832731,0.00010261824324324315,0.05864864248259063,0.8093844640754924,0.09184513603419708,69
chr08,5849256,-8.620689655172516e-06,0.0003855162824537203,0.9843969407020376,0.006829744662741902,65
chr08,5901802,-9.889643463497453e-05,0.054144440002076674,0.8167118220369364,0.08793115788248257,69
chr08,5937456,0.00010261824324324315,0.05864864248259063,0.8093844640754924,0.09184513603419708,69
chr08,5947953,0.00035161290322580644,0.6702246183663695,0.4160112704112494,0.38089490348116234,66
chr08,5967484,-0.0002449494949494949,0.33925593304893287,0.5622141113700283,0.25009825795799234,69
chr08,5975175,0.0003230414746543777,0.5439463537597837,0.46349734349827343,0.3339527506399743,66
chr08,5975177,0.0003230414746543777,0.5439463537597837,0.46349734349827343,0.3339527506399743,66
chr08,5975227,0.0003230414746543777,0.5439463537597837,0.46349734349827343,0.3339527506399743,66
chr08,5985683,0.0003194444444444445,0.5464293899474774,0.4624829710473425,0.33490425366294935,66
chr08,6033381,-0.0002549019607843137,0.31957593207105545,0.5739026823004438,0.2411617454472231,64
chr08,6038019,-0.0004246880570409982,1.0010285057732666,0.3207719408512373,0.4938036281261351,67
chr08,6038067,-0.00039154411764705867,0.829617134202313,0.36580114037927125,0.43675494495131106,66
chr08,6116003,0.0001672268907563024,0.15662812691965397,0.6935375251169822,0.15893003565725436,69
chr08,6118202,0.00023529411764705872,0.3021675370198166,0.5843821254846844,0.23330307631420835,68
chr08,6152740,0.00020596590909090893,0.21746899251639282,0.6425837292464736,0.19207027534213295,65
chr08,6152781,0.0001994134897360703,0.19742612221512107,0.6583535823046809,0.18154079696283348,64
chr08,6152830,0.0003284313725490196,0.5768373038506956,0.45043285087483986,0.3463699431269616,64
chr08,6202948,-6.680672268907564e-05,0.02497044260531802,0.8749160337935189,0.05803362447473789,69
chr08,6207927,-0.00019062500000000007,0.20045754457785842,0.6558404352809322,0.18320181078647169,67
chr08,6207966,0.00019062500000000012,0.20045754457785842,0.6558404352809322,0.18320181078647169,67
chr08,6237649,0.00010212418300653586,0.059589591759418026,0.8078808173434101,0.09265270381437841,70
chr08,6298060,3.0303030303030165e-06,5.106976793544721e-05,0.9943196740240391,0.0024739673683932214,68
chr08,6298061,3.0303030303030165e-06,5.106976793544721e-05,0.9943196740240391,0.0024739673683932214,68
chr08,6351275,-1.0416666666666683e-05,0.0006029434603471993,0.9804840785129542,0.008559454183967181,68
chr08,6356938,-1.396396396396399e-05,0.001062808213744059,0.9740928816610193,0.011399630318883141,67
chr08,6356941,-1.396396396396399e-05,0.001062808213744059,0.9740928816610193,0.011399630318883141,67
chr08,6436131,3.9930555555555565e-05,0.009112978856187098,0.9242371893477057,0.034216560375259934,68
chr08,6443655,2.1953405017921282e-05,0.0025431653285277064,0.9599345354230043,0.017758383495824658,67
chr08,6443714,3.276003276003281e-05,0.006112160390279239,0.9379142262592715,0.027836876722825726,70
chr08,6496388,3.276003276003281e-05,0.006112160390279239,0.9379142262592715,0.027836876722825726,70
chr08,6496436,-3.276003276003281e-05,0.006112160390279239,0.9379142262592715,0.027836876722825726,70
chr08,6505909,-0.00013569078947368434,0.10458107829853529,0.7473923600732928,0.12645134586953535,70
chr08,6560540,0.0003204301075268818,0.49728981098200487,0.4834682125576478,0.3156320749721522,61
chr08,6610200,-0.00039307359307359297,0.8649178319997664,0.3557553362157637,0.44884857691710167,68
chr08,6610201,0.00039307359307359297,0.8649178319997664,0.3557553362157637,0.44884857691710167,68
chr08,6617403,-0.0003694444444444443,0.7063146789317098,0.4037988448911801,0.393834927735381,66
chr08,6653052,0.00030078465562336534,0.4913375384093503,0.48579531514801555,0.31354667770539607,68
chr08,6653104,0.00030078465562336534,0.4913375384093503,0.48579531514801555,0.31354667770539607,68
chr08,6655942,0.0002790381125226859,0.41489254574810713,0.5217631482249969,0.2825265980754169,67
chr08,6661644,0.0004084568439407152,0.917911036472019,0.3415206066441696,0.4665830867647171,68
chr08,6688293,0.0005050691244239632,1.350113143667272,0.24957327152479364,0.6028019280074841,66
chr08,6711337,0.0004779286926994906,1.2988972330458943,0.25847286431480454,0.5875850444343989,69
chr08,6719240,-0.0004252971137521222,1.008514195903686,0.31887226356708764,0.4963832553059111,69
chr08,6719264,-0.0004252971137521222,1.008514195903686,0.31887226356708764,0.4963832553059111,69
chr08,6719271,-0.0004252971137521222,1.008514195903686,0.31887226356708764,0.4963832553059111,69
chr08,6719279,-0.0004252971137521222,1.008514195903686,0.31887226356708764,0.4963832553059111,69
chr08,6719286,-0.0004252971137521222,1.008514195903686,0.31887226356708764,0.4963832553059111,69
chr08,6724558,-0.0004651264167393198,1.1869001390029688,0.2799176518644754,0.5529697136609687,68
chr08,6724579,-0.0004259718775847808,1.0387803936125963,0.31171782461528125,0.506238363232534,70
chr08,6757902,-0.00028461538461538446,0.4039143959274801,0.5273406047846707,0.2779087870698527,66
chr08,6766911,-0.0002872050816696914,0.4360182362093953,0.5113838806687324,0.2912529654902705,67
chr08,6773674,-0.00035164835164835153,0.6465206372281944,0.42429037770015166,0.37233681730034823,67
chr08,6788152,0.00027232537577365164,0.4022511587243209,0.5281211854725443,0.2772664105284011,68
chr08,6788352,0.00027232537577365164,0.4022511587243209,0.5281211854725443,0.2772664105284011,68
chr08,6795790,-0.00020855855855855836,0.24230644473755858,0.6242037410009882,0.20467363283310624,67
chr08,6804991,0.0001791666666666666,0.18013412780394242,0.6725978123474021,0.1722445495801056,70
chr08,6815209,-0.00017916666666666637,0.18013412780394242,0.6725978123474021,0.1722445495801056,70
chr08,6815224,0.0001791666666666666,0.18013412780394242,0.6725978123474021,0.1722445495801056,70
chr08,6816373,0.0001791666666666666,0.18013412780394242,0.6725978123474021,0.1722445495801056,70
chr08,6833662,0.0002812241521918941,0.44889050813117387,0.5051312192310562,0.296595789435013,70
chr08,6835562,-0.0002812241521918941,0.44889050813117387,0.5051312192310562,0.296595789435013,70
chr08,6861180,-0.0002812241521918941,0.44889050813117387,0.5051312192310562,0.296595789435013,70
chr08,6861256,0.0002812241521918941,0.44889050813117387,0.5051312192310562,0.296595789435013,70
chr08,6876435,0.0004030172413793102,0.8965502383493835,0.3471109740297236,0.4595316557460076,69
chr08,6915039,-0.0004030172413793102,0.8965502383493837,0.3471109740297236,0.4595316557460076,69
chr08,6928359,-0.00040315315315315276,0.8717071021611613,0.353938577772685,0.4510720985642226,67
chr08,7044365,-0.00033022071307300493,0.6269542720394082,0.43126915263872734,0.3652516044969604,69
chr08,7047469,-0.00021190476190476184,0.24012050703029902,0.625821267972912,0.20354968183168065,65
chr08,7047470,-0.00021190476190476184,0.24012050703029902,0.625821267972912,0.20354968183168065,65
chr08,7050316,-0.00021666666666666644,0.24153100645362702,0.6247838011587366,0.20427023898762653,66
chr08,7050352,-0.00034285714285714263,0.6783042394014904,0.41305050198983284,0.3839968456931338,70
chr08,7074350,-0.0003783783783783783,0.7234954381853225,0.39822100711996233,0.39987583362142026,65
chr08,7434872,-0.0002456221198156683,0.31675463889019095,0.5755308724752308,0.23993137509931253,66
chr08,7497533,-0.0001789473684210526,0.17696928273813473,0.6753574762594337,0.17046628809989217,68
chr08,7497614,-0.0001789473684210526,0.17696928273813473,0.6753574762594337,0.17046628809989217,68
chr08,7508286,0.000209703947368421,0.25031907657583263,0.6184659013580135,0.20868423986717255,70
chr08,7523760,-0.00024704391891891867,0.34133756817405797,0.5610202376639293,0.25102147217121,69
chr08,7569115,0.00034327651515151476,0.6280171683391826,0.43105770456811454,0.3654645880805036,65
chr08,7576035,-0.00038443616029822905,0.7699414844471839,0.383517235908738,0.4162151133529444,66
chr08,7576188,0.000209703947368421,0.25031907657583263,0.6184659013580135,0.20868423986717255,70
chr08,7583467,-0.0003464285714285711,0.5706217048390803,0.4529189644745729,0.34397949429998437,63
chr08,7583657,-0.00020258620689655156,0.20678961745250593,0.6508585058429074,0.1865134151348419,65
chr08,7583665,-0.00020258620689655156,0.20678961745250593,0.6508585058429074,0.1865134151348419,65
chr08,7601751,0.00016303400174367907,0.15387632044249008,0.6961221151609354,0.15731456888280293,68
chr08,7601752,0.00016303400174367907,0.15387632044249008,0.6961221151609354,0.15731456888280293,68
chr08,7602618,-0.00022332506203473926,0.28239202657807483,0.596869346206284,0.22412072486994514,70
chr08,7661338,-4.848484848484842e-05,0.012991829137762003,0.9095983230302461,0.04115034900126027,68
chr08,7661522,3.743315508021397e-05,0.007716469999648825,0.9302711846721463,0.03139043118930387,67
chr08,7670109,-2.8571428571428645e-05,0.0046642430893755575,0.9457510199125112,0.0242231816850869,70
chr08,7676810,-3.739495798319327e-05,0.007761797538982116,0.9300591523949787,0.031489429143079305,69
chr08,7719420,0.00010882352941176466,0.06737404794666746,0.7959951724680048,0.09908956615286404,69
chr08,7719428,0.00010882352941176466,0.06737404794666746,0.7959951724680048,0.09908956615286404,69
chr08,7719680,-0.00024999999999999995,0.3435890045754231,0.5597642409474035,0.25199484873383515,68
chr08,7770396,-6.744421906693708e-05,0.022639508127836508,0.880894748403608,0.05507597912280095,63
chr08,7823770,-2.1390374331551044e-05,0.0024282503580600663,0.9608494327088286,0.01734466193277276,67
chr08,7827666,8.823529411764797e-06,0.0004354232100067039,0.9834139327846925,0.007263643016931955,69
chr08,7858322,0.00026989247311827945,0.36670734879925243,0.5471270361059727,0.26191182417057157,61
chr08,7861466,0.00010882352941176459,0.05856606363482544,0.8095755523369191,0.09174261518496274,64
chr08,7861477,-0.00010882352941176459,0.05856606363482544,0.8095755523369191,0.09174261518496274,64
chr08,7861487,-0.00010882352941176459,0.05856606363482544,0.8095755523369191,0.09174261518496274,64
chr08,7861518,0.00010882352941176459,0.05856606363482544,0.8095755523369191,0.09174261518496274,64
chr08,7861655,0.00014753320683111933,0.11051403778164294,0.7406632842529088,0.13037918341857338,65
chr08,7878937,-0.00034564393939393907,0.6733471829395513,0.4149811840768115,0.3819715944610829,65
chr08,7883906,0.00011363636363636349,0.07217649847029008,0.7890192833882697,0.10291238263749997,69
chr08,7888989,-0.00018749999999999992,0.19593183067619616,0.6594721145230655,0.18080356367303355,68
chr08,7889044,0.00018749999999999992,0.19593183067619616,0.6594721145230655,0.18080356367303355,68
chr08,7900499,0.00014742014742014735,0.12398577810192421,0.7258400910730854,0.13915904763869083,70
chr09,100447,-0.0003774703557312251,0.6902318167940681,0.40908098424222394,0.388190707816736,68
chr09,100632,-0.0003774703557312251,0.6902318167940681,0.40908098424222394,0.388190707816736,68
chr09,205206,0.00023201621073961492,0.25414744770641307,0.6158485765089619,0.2105260580801869,68
chr09,205280,0.00023201621073961492,0.25414744770641307,0.6158485765089619,0.2105260580801869,68
chr09,264102,0.00023414376321353068,0.2574926177784178,0.6136198580251129,0.2121005941516807,65
chr09,264115,-0.00023414376321353068,0.2574926177784178,0.6136198580251129,0.2121005941516807,65
chr09,269054,0.00038541666666666667,0.7105580892451395,0.40225786963459276,0.3954954507579663,69
chr09,269080,0.00038541666666666667,0.7105580892451395,0.40225786963459276,0.3954954507579663,69
chr09,296338,0.00021180555555555555,0.19322106783394624,0.661729904233971,0.17931923871239436,66
chr09,350219,0.00015500000000000008,0.11223569702475975,0.7386443201266816,0.13156463737149443,70
chr09,350303,-0.00015500000000000008,0.11223569702475975,0.7386443201266816,0.13156463737149443,70
chr09,441384,-0.000127450980392157,0.06587215345365277,0.7982429428414133,0.09786491231069754,68
chr09,466798,6.928034371643402e-05,0.021147316217483416,0.8848215620766016,0.05314430265693229,68
chr09,496000,-2.3574561403508725e-05,0.0024749627406751495,0.9604749680835625,0.017513949245642108,67
chr09,499811,8.607456140350873e-05,0.03303527151352523,0.8563397771675207,0.06735388243723923,67
chr09,503586,8.581235697940533e-06,0.00032652747190225427,0.9856400609513007,0.006281653093090901,65
chr09,554780,-9.027777777777787e-05,0.03332111312727387,0.8557354016968078,0.06766050091529603,66
chr09,584632,0.0001729024943310659,0.12635034465776498,0.7233974915022287,0.1406230015581271,67
chr09,584738,-0.00022222222222222237,0.21030067708500538,0.6480853701910393,0.18836778215279815,66
chr09,589967,0.00010714285714285714,0.048003719946387996,0.827260622339812,0.08235764762661965,67
chr09,589998,-0.00010714285714285714,0.048003719946387996,0.827260622339812,0.08235764762661965,67
chr09,617902,6.928034371643394e-05,0.021147316217483416,0.8848215620766016,0.05314430265693229,68
chr09,624336,-0.0002297794117647059,0.211648563584871,0.647062204935585,0.18905396668573207,65
chr09,630006,-0.0001203007518796993,0.06389061152874641,0.8012346995344275,0.09624025072893175,68
chr09,712015,9.315789473684221e-05,0.03876959678469004,0.8445018976837998,0.07339937018690187,69
chr09,737246,9.449311639549417e-05,0.03803739727985392,0.8460057831764157,0.07262666817489996,64
chr09,737252,9.449311639549417e-05,0.03803739727985392,0.8460057831764157,0.07262666817489996,64
chr09,758878,3.464052287581698e-05,0.00494316909990777,0.9441825891235762,0.024944012289928767,62
chr09,793747,0.00010555555555555561,0.04828531012763347,0.8267525036194285,0.08262448125676783,68
chr09,853170,0.00016968325791855214,0.11983493542506622,0.7302983190070904,0.1364996990118225,69
chr09,853175,0.00016968325791855214,0.11983493542506622,0.7302983190070904,0.1364996990118225,69
chr09,887320,0.00016968325791855214,0.11983493542506622,0.7302983190070904,0.1364996990118225,69
chr09,978877,0.00018627450980392173,0.15003690906722394,0.6997278289751047,0.1550708533567098,69
chr09,1018065,-0.00011315280464216639,0.062277589857821496,0.8036951927234572,0.09490862938261703,69
chr09,1042767,0.0002514880952380954,0.30969568017230004,0.5797210439352452,0.23678093440743372,69
chr09,1042880,-0.0002514880952380954,0.30969568017230004,0.5797210439352452,0.23678093440743372,69
chr09,1043974,-0.00015415019762845863,0.1132131967029399,0.7375826901273939,0.13218928402379712,68
chr09,1066161,-0.0001625000000000001,0.12372574902108861,0.7261487909143703,0.13897438143178312,68
chr09,1066253,-0.00013571428571428588,0.08739372522664142,0.7684312839583056,0.11439496268866467,69
chr09,1125931,2.340425531914892e-05,0.0025278992980057413,0.9600548651051393,0.01770394724006781,67
chr09,1128396,0.0002462121212121212,0.2998783994655835,0.5857516735385346,0.23228646191578398,70
chr09,1216679,7.312252964426888e-05,0.025856796035397134,0.872749265719524,0.0591105079037498,67
chr09,1225139,-0.000337142857142857,0.573530259795152,0.4515961592918116,0.34524976029327376,67
chr09,1367939,0.0002301166489925769,0.24162754743965043,0.6247688516170762,0.20428063071211444,64
chr09,1419759,-0.0005244755244755245,1.500044118944681,0.22489046098477192,0.6480289653270843,70
chr09,1442346,-0.0004991055456171734,1.3349712840289483,0.25202662649528196,0.5985535737855194,69
chr09,1452362,0.0004991055456171734,1.3349712840289483,0.25202662649528196,0.5985535737855194,69
chr09,1460355,0.000377142857142857,0.7415717388723211,0.3923234356353801,0.40635574829889526,67
chr09,1460393,0.000377142857142857,0.7415717388723211,0.3923234356353801,0.40635574829889526,67
chr09,1460398,0.000377142857142857,0.7415717388723211,0.3923234356353801,0.40635574829889526,67
chr09,1460489,0.00040372093023255813,0.8647549650299811,0.3558003377281562,0.4487936440165541,68
chr09,1460542,0.00040372093023255813,0.8647549650299811,0.3558003377281562,0.4487936440165541,68
chr09,1467637,-0.0004690431519699812,1.1303938918383443,0.2916253841847511,0.5351746760620314,67
chr09,1475069,0.00047252747252747243,1.1756420878210434,0.28218993721962676,0.5494584770731938,68
chr09,1475102,0.00047252747252747243,1.1756420878210434,0.28218993721962676,0.5494584770731938,68
chr09,1489954,0.0005320512820512819,1.495572094089829,0.22570278619701842,0.6464630797236472,68
chr09,1507844,-0.0005244755244755245,1.500044118944681,0.22489046098477192,0.6480289653270843,70
chr09,1516975,-0.0006607142857142856,2.302493035967691,0.13409093927966872,0.8726005670685092,66
chr09,1562819,-0.00040749999999999993,0.8275592532696271,0.3664465432881516,0.43598937067701343,65
chr09,1565945,0.0005064102564102563,1.2822508846022143,0.2617724340858587,0.5820760887047379,65
chr09,1593695,0.00042372093023255796,0.9143378822439729,0.3424555400795255,0.4653958035918982,68
chr09,1593706,0.00042372093023255796,0.9143378822439729,0.3424555400795255,0.4653958035918982,68
chr09,1643529,0.00043406593406593405,0.9813594453577256,0.3254814393296164,0.48747377215433996,68
chr09,1694318,-0.0005732142857142857,1.7906400847411479,0.18544033674590493,0.7317957927331781,68
chr09,1735412,-0.0006384615384615385,2.1017380065085076,0.15217168000458034,0.8176661646623165,64
chr09,1736637,0.0005343915343915342,1.557358446713442,0.21639624641503621,0.6647502767233949,69
chr09,1742137,0.00033814102564102573,0.5671385614944942,0.4542949630213703,0.34266207838271356,63
chr09,1764841,-0.00030142857142857147,0.4754892271362261,0.4929271161282257,0.3072172904658051,67
chr09,1780601,-0.00027157598499061915,0.37487082705076585,0.5424971418942286,0.26560254552152496,67
chr09,1780674,0.00027157598499061915,0.37487082705076585,0.5424971418942286,0.26560254552152496,67
chr09,1814340,0.0002298311444652908,0.2744972021740959,0.6021127990031583,0.2203221409752691,67
chr09,1843962,5.301455301455311e-05,0.015455317746218625,0.9014711398216514,0.04504817245442843,63
chr09,1848494,2.874564459930322e-05,0.004458533221215102,0.9469618713323646,0.023667507167075878,69
chr09,1947443,0.00010846560846560825,0.06275970633715455,0.802952745302291,0.09531001270180757,69
chr09,1964644,0.00010846560846560825,0.06275970633715455,0.802952745302291,0.09531001270180757,69
chr09,1978978,6.684981684981692e-05,0.023784190695497875,0.8779059173076639,0.056552023710582516,68
chr09,2025202,-0.00017729831144465297,0.1616229193232678,0.688985630090724,0.16178983591150956,67
chr09,2025204,-0.00017729831144465297,0.1616229193232678,0.688985630090724,0.16178983591150956,67
chr09,2025236,-0.00017729831144465297,0.1616229193232678,0.688985630090724,0.16178983591150956,67
chr09,2107561,-0.0002734521575984989,0.3852566110742339,0.5369737144465667,0.2700469730531654,67
chr09,2125403,0.0002604878048780487,0.33845816942670565,0.5627642278910254,0.2496735162893253,66
chr09,2148528,0.0004166666666666666,0.8711780575539536,0.35425020070704083,0.450689895022815,64
chr09,2152023,-0.000313953488372093,0.521938877421933,0.47253001552799634,0.32557059950571154,69
chr09,2152310,0.00045209302325581403,1.0642180289882959,0.3060206828291196,0.5142492201360517,68
chr09,2152441,0.00037645348837209305,0.7070710319415071,0.4035006235360342,0.39415578981911104,67
chr09,2158705,-0.00037023809523809535,0.6637610574229363,0.4185117562299313,0.3782923379238252,61
chr09,2158765,0.0002716186252771619,0.3582997518290856,0.5516683765974822,0.2583219104827888,63
chr09,2173137,0.0003409090909090908,0.6257964037944169,0.43165199588617886,0.3648662466435915,70
chr09,2173237,0.000393953488372093,0.8062282875640231,0.3725016337128628,0.4288718181883717,68
chr09,2173250,0.000393953488372093,0.8062282875640231,0.3725016337128628,0.4288718181883717,68
chr09,2183704,0.00030222222222222217,0.48264556177050444,0.4895934484663975,0.3101644023697026,70
chr09,2185967,0.0001900406504065039,0.17708420162089203,0.6753231887946751,0.1704883375111728,65
chr09,2185970,0.00021170731707317056,0.22870080966280074,0.6341184098339704,0.19782963811844034,66
chr09,2187957,-0.0003055813953488372,0.4783490911230324,0.4915969233288521,0.30839084381952053,68
chr09,2382011,-0.0001903846153846153,0.1831778582992853,0.6700931801435583,0.17386480206273006,66
chr09,2433960,0.00028888888888888893,0.429561518526334,0.5144483712280719,0.2886582034396068,69
chr09,2435412,-0.000313953488372093,0.5009069038329578,0.4816320197537307,0.31728464812045815,67
chr09,2450094,5.844155844155845e-05,0.016011852128962743,0.899715587797743,0.045894755195033915,64
chr09,2568494,-0.0005951690821256036,1.7837466855800297,0.18627765169727237,0.7298392456230555,68
chr09,2568569,-0.0005951690821256036,1.7837466855800297,0.18627765169727237,0.7298392456230555,68
chr09,2568578,-0.0005951690821256036,1.7837466855800297,0.18627765169727237,0.7298392456230555,68
chr09,2568602,-0.0005951690821256036,1.7837466855800297,0.18627765169727237,0.7298392456230555,68
chr09,2580738,0.0007592788971367971,2.8352034481282207,0.09724799961402404,1.01211932332386,64
chr09,2584824,0.0007552325581395347,2.561376189752066,0.1146701008865433,0.9405498054003868,63
chr09,2584962,0.0007034161490683225,2.4792962686102413,0.12020901958123491,0.9200629449173158,67
chr09,2624226,-0.0006851162790697672,2.476752664061004,0.1203224533625772,0.9196533214418713,68
chr09,2625989,0.0004802631578947366,1.1431424798714758,0.28927189605140824,0.5386937577888498,62
chr09,2636311,0.0006755555555555557,2.4819619713236762,0.1197998958656594,0.9215435594507906,70
chr09,2638350,-0.000769230769230769,3.3108332411198353,0.07322665301592593,1.1353308157871327,70
chr09,2653889,-0.0006432692307692302,2.1230572393537117,0.14998585902359668,0.8239496851944592,66
chr09,2665367,-0.0005993676603432697,1.9366025609921236,0.16871052808819018,0.7728578151705661,68
chr09,2672548,0.00033749999999999975,0.6209699769501462,0.43355147859113474,0.3629593283129843,67
chr09,2677172,-0.0005531135531135527,1.6474485537014751,0.20379484559635033,0.6908068044187528,68
chr09,2688344,-0.0005187835420393555,1.468568453300719,0.22982818970864605,0.6385967037414367,69
chr09,2688350,-0.0005187835420393555,1.468568453300719,0.22982818970864605,0.6385967037414367,69
chr09,2692173,-0.0006842576028622535,2.553905973842346,0.11472780405505577,0.9403313189394208,69
chr09,2704771,-0.0007080419580419576,2.7843494085532274,0.0997878350927632,1.0009223993348857,70
chr09,2711250,-0.0006333333333333332,2.1348848499113764,0.14865541972401872,0.8278192525315139,69
chr09,2743426,-0.0007399999999999997,2.9531469749322,0.09032858995922023,1.0441747691067733,69
chr09,2800069,-0.0007475775193798446,2.8480170855424136,0.09628011203987963,1.016463413014029,67
chr09,2836372,-0.0006498211091234343,2.2926528671175315,0.13469104097796347,0.8706612905667813,69
chr09,2836431,0.0006498211091234343,2.2926528671175315,0.13469104097796347,0.8706612905667813,69
chr09,2849617,0.0006162587412587409,2.0885345553945815,0.15300116180615858,0.8153052713779044,70
chr09,2864783,-0.0005608228980321999,1.6944039332318575,0.1974793686061226,0.704478270004842,69
chr09,2935011,-0.0005473684210526311,1.2767716456592741,0.26331682780687704,0.5795213855192995,58
chr09,2935027,-0.0005473684210526311,1.2767716456592741,0.26331682780687704,0.5795213855192995,58
chr09,2935028,-0.0005473684210526311,1.2767716456592741,0.26331682780687704,0.5795213855192995,58
chr09,2945625,-0.0004165103189493431,0.9207525000172431,0.3408332885391161,0.4674579951176893,67
chr09,2974395,0.00036672473867595793,0.7549627777759751,0.38801144353625616,0.411155465665171,69
chr09,2979874,-0.0001410256410256407,0.10786755341729014,0.7436742490119101,0.12861725643863262,65
chr09,2979891,-0.0001410256410256407,0.10786755341729014,0.7436742490119101,0.12861725643863262,65
chr09,2986256,0.000427939876215738,0.9960097497647946,0.32192297965001415,0.4922480212050586,68
chr09,2986389,-0.000427939876215738,0.9960097497647946,0.32192297965001415,0.4922480212050586,68
chr09,3010869,0.00033717105263157877,0.6509129796517078,0.4225993301272887,0.37407119569414715,70
chr09,3010928,0.00033717105263157877,0.6509129796517078,0.4225993301272887,0.37407119569414715,70
chr09,3011336,-0.00030175438596491205,0.5095902595158723,0.47783322215685153,0.3207236584835592,68
chr09,3012206,-0.0002994555353901993,0.48491877601937905,0.4886854632458343,0.3109705795845083,67
chr09,3021672,9.279918864097342e-05,0.04976061387376281,0.8242256575841554,0.08395387030914991,63
chr09,3040911,0.0002643678160919538,0.3601531842466081,0.5505738298560958,0.2591844355493001,65
chr09,3046355,-0.000357323232323232,0.7199079810117894,0.3991953228900379,0.3988145556986623,69
chr09,3063657,0.00036168132942326464,0.6552561302786134,0.42133552076162106,0.3753719260607118,64
chr09,3104864,-0.00029078341013824864,0.4568723525134912,0.501524576454839,0.2997077801765647,66
chr09,3104972,0.0003221326164874549,0.573335598752809,0.4516726127067995,0.34517624220572224,67
chr09,3120221,-0.000286458333333333,0.44717350063049904,0.5060125231874572,0.29583873477303346,68
chr09,3129798,0.0005292338709677417,1.4613918747980705,0.2313738166643171,0.6356857893842431,63
chr09,3129824,0.0005292338709677417,1.4613918747980705,0.2313738166643171,0.6356857893842431,63
chr09,3161305,-0.00021944444444444423,0.2551579501456168,0.6152015060363443,0.21098261003615515,66
chr09,3164414,0.00022894736842105233,0.2887785669113454,0.5928115834010848,0.22708331893219652,68
chr09,3165755,0.0003350694444444441,0.6298097454690739,0.43026911580293214,0.3662598259316942,68
chr09,3165874,0.0003350694444444441,0.6298097454690739,0.43026911580293214,0.3662598259316942,68
chr09,3225991,-0.00019062499999999985,0.2019958401900915,0.6546097750719548,0.18401751380327647,67
chr09,3248133,-0.00043958333333333317,0.9389845963163477,0.33642915971741727,0.4731063691299648,62
chr09,3253658,-0.00031597222222222194,0.5448650911936633,0.46304008896029647,0.33438140712342235,68
chr09,3305415,0.00018382352941176446,0.19345001024146982,0.6614553472505702,0.17949946832791716,70
chr09,3334486,0.00022310924369747868,0.27955516080351767,0.5987401596569293,0.2227616111837503,69
chr09,3342805,-0.0002231092436974787,0.27955516080351767,0.5987401596569293,0.2227616111837503,69
chr09,3404552,-8.392857142857158e-05,0.039443058573841804,0.8431933764721211,0.07407281362691122,67
chr09,3436031,-6.680672268907541e-05,0.02497044260531801,0.8749160337935189,0.05803362447473789,69
chr09,3466617,1.9747899159664086e-05,0.002220055511963249,0.9625597731393526,0.016572292117058268,69
chr09,3531610,-0.00017708333333333348,0.17296130722984351,0.6788424889398059,0.16823098289147526,68
chr09,3531773,0.0001302083333333334,0.09411125890064295,0.7599799834623051,0.11919784612229656,68
chr09,3546230,0.00016666666666666685,0.157979350505521,0.6922872051288009,0.15971369495697058,69
chr09,3554832,-8.847926267281128e-05,0.04181824988173977,0.8386155511725294,0.07643708836007332,66
chr09,3564895,6.060606060606077e-05,0.02051439069197845,0.8865396508234465,0.0523018356426105,69
chr09,3565643,9.491978609625693e-05,0.04910968386441892,0.8253145398594499,0.08338050370308187,67
chr09,3565669,-9.491978609625693e-05,0.04910968386441892,0.8253145398594499,0.08338050370308187,67
chr09,3571871,3.063063063063087e-05,0.005113218943489692,0.943213997606347,0.02538976279200846,67
chr09,3594630,-0.00012658846529814242,0.08135353889738743,0.7764221177500077,0.10990210146507264,64
chr09,3665191,0.0003218750000000001,0.5957628236750807,0.442996504120838,0.3535997009711065,67
chr09,3720007,-0.0002179054054054055,0.2652655696283868,0.6082205991791334,0.21593887528308278,69
chr09,3720068,-0.0002538902538902542,0.3690709631945641,0.5455345917500642,0.2631777060658024,70
chr09,3720213,-0.0002538902538902542,0.3690709631945641,0.5455345917500642,0.2631777060658024,70
chr09,3720288,-0.0002809139784946239,0.4230390379866739,0.5177169463158506,0.28590761911895607,67
chr09,3720351,-0.0002809139784946239,0.4230390379866739,0.5177169463158506,0.28590761911895607,67
chr09,3750891,0.0002512626262626263,0.3515673249929386,0.5552234032626366,0.25553223618863236,69
chr09,3751080,0.0002538902538902542,0.3690709631945641,0.5455345917500642,0.2631777060658024,70
chr09,3782903,-0.00017843137254901976,0.15643647257268695,0.693816470795591,0.1587553944756094,64
chr09,3783040,-0.00017697132616487465,0.16595043147971217,0.6850746840440805,0.16426208091603037,67
chr09,3806130,-0.0003593189964157707,0.701288700552726,0.4054196203774548,0.39209523735127416,67
chr09,3806229,0.0003628472222222222,0.7384854437770947,0.3932570603001545,0.40532347157340354,68
chr09,3820553,-0.0005294117647058824,1.6007186166629244,0.21025011752117512,0.6772637527772151,68
chr09,3832906,0.0005285714285714287,1.5412060671403645,0.21889976400075353,0.6597547066514641,67
chr09,3835211,0.0003823529411764708,0.8346303501945613,0.36426243626863497,0.43858561207507624,68
chr09,3882719,-0.0004166666666666666,1.005742126326775,0.3194804627782186,0.4955556951489153,70
chr09,3882926,-0.0004166666666666666,1.005742126326775,0.3194804627782186,0.4955556951489153,70
chr09,3902200,-0.00047276785714285726,1.2147280272061043,0.2744620333320062,0.5615177235446921,67
chr09,3926851,-0.0004853219696969699,1.2381080692056345,0.2700637959570147,0.5685336322877454,65
chr09,3941466,-0.00043750000000000017,1.0257239057239076,0.3149787997368622,0.501718676264817,66
chr09,3941481,-0.00043750000000000017,1.0257239057239076,0.3149787997368622,0.501718676264817,66
chr09,3955600,0.0003705627705627708,0.7553839679066185,0.387926698191454,0.41125033002041195,68
chr09,3965801,0.00036363636363636383,0.6987111448066754,0.4063270742332702,0.3911242389623685,66
chr09,3978779,0.0004687500000000002,1.1709837124201785,0.28325964904894774,0.5478152872638977,66
chr09,4053883,0.000342979127134725,0.6145688523640248,0.43601031470837204,0.3605032364930178,65
chr09,4073115,-0.000241935483870968,0.3020674841134841,0.5846291944192653,0.23311950122864858,62
chr09,4082297,0.0004166666666666664,1.005742126326775,0.3194804627782186,0.4955556951489153,70
chr09,4086182,-0.0005136088709677421,1.4652325574751337,0.23076886592001375,0.6368227842130577,63
chr09,4118883,-0.0002760416666666668,0.41791643654970806,0.5202203103318593,0.28381269617539673,68
chr09,4146400,0.0001503378378378379,0.12589255744498629,0.7238438146039364,0.1403551323844863,69
chr09,4146490,-0.00014428945074106372,0.11231299510887978,0.7385888947383958,0.13159722659309994,68
chr09,4159168,1.5804597701149516e-05,0.0012607303900856186,0.9717879165919019,0.012428505345131612,65
chr09,4162634,6.666666666666691e-05,0.024447750301738427,0.8762212092034168,0.05738623879932872,69
chr09,4183905,-0.00027813067150635206,0.41788548582472507,0.5202701023811973,0.28377113036753837,67
chr09,4211194,0.000197844827586207,0.2140769668283708,0.6450897372550136,0.19037986725022288,69
chr09,4418351,-0.000155357142857143,0.1283082022843326,0.7213357915286284,0.1418625182775063,68
chr09,4475861,0.00013730803974706436,0.09901958619758161,0.7540020073777742,0.12262749790750717,68
chr09,4475943,-0.00013730803974706444,0.09901958619758161,0.7540020073777742,0.12262749790750717,68
chr09,4507801,-3.571428571428553e-05,0.007068301580867759,0.9332691157877429,0.029993105825862214,64
chr09,4664987,0.0005000000000000001,1.4146073377804755,0.23855439313186297,0.6224125812205087,68
chr09,4686870,-0.0004140350877192984,0.9659575496835652,0.3292796555918659,0.4824351011652024,68
chr09,4695842,0.0002982292637465054,0.46135926113809694,0.49943859932532375,0.30151789605317225,66
chr09,4703739,-0.0002807017543859651,0.42828680209479236,0.5151049284785465,0.2881042948082247,68
chr09,4703756,-0.0002807017543859651,0.42828680209479236,0.5151049284785465,0.2881042948082247,68
chr09,4707643,0.0003240495137046864,0.5764407884820937,0.4504140227150062,0.3463880970800053,68
chr09,4758912,0.0003183361629881156,0.5657783732280819,0.4545758393611674,0.3423936506853233,69
chr09,4758990,-0.0003536184210526318,0.7166511441270667,0.40021402389969263,0.39770769732014377,70
chr09,4759002,-0.0003536184210526318,0.7166511441270667,0.40021402389969263,0.39770769732014377,70
chr09,4779916,-0.00056969696969697,1.8249277580682104,0.18134110234131845,0.7415037485967312,68
chr09,4780126,0.0004489973844812556,1.1049579550584725,0.29701424418131706,0.5272227223292355,68
chr09,4790290,0.0005243055555555555,1.5226890756302525,0.2215890851247545,0.6544516355809467,68
chr09,4796122,0.00031250000000000006,0.5526918138340444,0.4598582408237015,0.3373760263973791,68
chr09,4926617,-0.0003801843317972353,0.799341149113462,0.3746403461587898,0.4263854539479954,66
chr09,4933558,0.00033547794117647084,0.6292163951960713,0.43057390245339566,0.3659522967697497,66
chr09,4969526,-0.0005859649122807018,1.8961340240700253,0.17316444183240431,0.7615412826500488,68
chr09,4973960,-0.0006608187134502926,2.229828871187369,0.1403604113936776,0.8527553675459572,65
chr09,5111737,-0.0005297619047619051,1.3597444363679265,0.24790892151040206,0.6057078439743327,66
chr09,5114194,-0.0005521739130434782,1.504962281009312,0.2242678112076051,0.6492330555213102,68
chr09,5114238,-0.0005521739130434782,1.504962281009312,0.2242678112076051,0.6492330555213102,68
chr09,5163034,-0.0005418604651162788,1.5425136038021747,0.21863937048479054,0.6602716317516166,68
chr09,5163067,-0.0005418604651162788,1.5425136038021747,0.21863937048479054,0.6602716317516166,68
chr09,5208306,0.0005410628019323668,1.6414407969920919,0.2046112655518842,0.6890704584423916,68
chr09,5279715,-0.0006805263157894739,2.3901216615526986,0.12727680019004506,0.8952507516304475,63
chr09,5279883,-0.0007151162790697671,2.7992937483151485,0.09896919899381092,1.00449994467867,69
chr09,5279926,-0.0007151162790697671,2.7992937483151485,0.09896919899381092,1.00449994467867,69
chr09,5283022,0.0006346153846153847,2.1031114290093496,0.15196032155852537,0.8182697961192558,65
chr09,5283115,0.0006346153846153847,2.1031114290093496,0.15196032155852537,0.8182697961192558,65
chr09,5283171,0.0006346153846153847,2.1031114290093496,0.15196032155852537,0.8182697961192558,65
chr09,5283182,0.0006346153846153847,2.1031114290093496,0.15196032155852537,0.8182697961192558,65
chr09,5285390,-0.0007101851851851853,2.795316395058888,0.0993477952747032,1.0028417663061022,67
chr09,5310609,0.0007,2.8395219485808516,0.09669480004986351,1.0145968803158798,68
chr09,5314190,-0.0005727650727650729,1.7105483931957737,0.1958217563465777,0.708139058516746,63
chr09,5314479,-0.0005705128205128205,1.6504432922742518,0.20383641415560363,0.6907182292884846,62
chr09,5314505,-0.0005705128205128205,1.6504432922742518,0.20383641415560363,0.6907182292884846,62
chr09,5345747,0.0006339031339031339,2.1373390789555304,0.1486441909869605,0.8278520583500871,66
chr09,5352415,-0.0005,1.3617004949545355,0.24750626157737465,0.6064138095219141,67
chr09,5407505,-0.0006130952380952382,1.9835886610374003,0.16400792066237724,0.7851351774590205,64
chr09,5428093,0.0004251361161524502,0.972626325774249,0.32768300326774946,0.4845460846428389,67
chr09,5476116,-0.00047354497354497365,1.2168284477798978,0.2739303958942943,0.5623597748408,69
chr09,5476138,0.0005347985347985348,1.513492113866707,0.22297395428992242,0.6517458641661441,68
chr09,5477000,0.0004806910569105693,1.2071424319827992,0.2760799666604611,0.5589651061621602,65
chr09,5502172,0.0005608228980322004,1.6944039332318581,0.1974793686061226,0.704478270004842,69
chr09,5507652,-0.0005512820512820515,1.6069727763945756,0.20973552902251502,0.6783279941820933,63
chr09,5536889,0.0005519750519750523,1.515955029084506,0.22295861955317514,0.651775733217853,63
chr09,5546313,-0.0004875000000000001,1.1560902161297408,0.2863785435986049,0.5430595238844362,65
chr09,5611756,0.0003864468864468865,0.7961081979702731,0.3755011227813032,0.4253887600792659,68
chr09,5613599,0.00041851851851851864,0.9229672599247921,0.3402573144138583,0.4681925301204148,67
chr09,5682681,0.0005577272727272728,1.6476479565277637,0.20370109009450837,0.6910066468920156,69
chr09,5721542,0.0005612701252236136,1.7474484221938051,0.1906934867740865,0.7196641402333869,69
chr09,5728095,-0.000532093023255814,1.4740315784961242,0.2290371756786295,0.640094020359969,68
chr09,5949515,-0.0005231481481481483,1.4425595431557279,0.2340839948870248,0.6306282794681398,67
chr09,6012225,0.0005358807082945014,1.5621526729606,0.21590151145631156,0.6657443173006091,66
chr09,6015379,0.0004512820512820516,1.1476849621943845,0.28787822894227194,0.5407911778025396,69
chr09,6023259,-0.0003846153846153848,0.8444836150949432,0.361365885335981,0.44205284931148714,70
chr09,6029941,0.00024806949806949815,0.34475608457739915,0.5591951650380187,0.25243659228094867,65
chr09,6084776,0.000217948717948718,0.23710118505013822,0.6279975589116327,0.20204204440495072,65
chr09,6085490,0.00012638888888888902,0.08198012153585643,0.7755423441769094,0.11039448496794453,67
chr09,6109121,0.0002996031746031748,0.46356869277788,0.49849586736541807,0.3023384377291242,64
chr09,6162703,-0.0001790069686411151,0.1733328885800751,0.6784972899450492,0.16845188266048775,69
chr09,6163988,-0.00024821428571428585,0.33787646865400883,0.563037458930286,0.24946271053844662,68
chr09,6174650,0.0005416666666666668,1.5579477035059548,0.2165131293090944,0.6645157629891202,66
chr09,6174790,-0.000337837837837838,0.5707581960058656,0.45281844024517004,0.3440758955705491,64
chr09,6191181,0.00028750000000000016,0.4657715166189729,0.49725730277245894,0.3034188300627676,70
chr09,6200177,-0.00037454212454212467,0.7605671525676707,0.38636117590094043,0.4130065208153292,67
chr09,6209767,-0.00034743589743589773,0.6813860621357809,0.4120393907675908,0.3850612636385721,69
chr09,6209855,0.0003474358974358977,0.6813860621357809,0.4120393907675908,0.3850612636385721,69
chr09,6229228,-0.0004102564102564104,0.9405622058247644,0.3356740771249268,0.4740821964234245,68
chr09,6246078,-0.00033750000000000023,0.6267966593784695,0.43132679960024867,0.36519355702465434,69
chr09,6275697,0.00033750000000000023,0.6267966593784695,0.43132679960024867,0.36519355702465434,69
chr09,6296094,0.00033750000000000023,0.6267966593784695,0.43132679960024867,0.36519355702465434,69
chr09,6296095,0.00033750000000000023,0.6267966593784695,0.43132679960024867,0.36519355702465434,69
chr09,6340576,0.00021308576480990287,0.24224041224042278,0.6242258306577301,0.2046582640590097,68
chr09,6340588,0.00021308576480990287,0.24224041224042278,0.6242258306577301,0.2046582640590097,68
chr09,6379933,-1.7314189189189424e-05,0.0016979609829440973,0.9672539627536365,0.014459482337126255,69
chr09,6379944,1.731418918918941e-05,0.0016979609829440973,0.9672539627536365,0.014459482337126255,69
chr09,6379958,1.731418918918941e-05,0.0016979609829440973,0.9672539627536365,0.014459482337126255,69
chr09,6426344,-8.728652751423168e-05,0.038551694271309875,0.8449714702520503,0.0731579543890964,65
chr09,6435814,0.0001502164502164504,0.12268503795319208,0.7272557910875267,0.13831281181023494,68
chr09,6435852,-0.0001502164502164504,0.12268503795319208,0.7272557910875267,0.13831281181023494,68
chr09,6447129,-0.00023679653679653715,0.31946328185199324,0.5738467302460313,0.24120408860721282,68
chr09,6447154,-0.00023679653679653715,0.31946328185199324,0.5738467302460313,0.24120408860721282,68
chr09,6447162,-0.00023679653679653715,0.31946328185199324,0.5738467302460313,0.24120408860721282,68
chr09,6447171,-0.00023679653679653715,0.31946328185199324,0.5738467302460313,0.24120408860721282,68
chr09,6447267,-0.000280357142857143,0.438508957057633,0.5101840906646568,0.2922730883453544,67
chr09,6449921,-0.00024688057040998237,0.33738490935011206,0.5633512025245269,0.24922077430471518,67
chr09,6449948,-0.00021212121212121232,0.24330824734269527,0.6235152304554001,0.20515293364983142,66
chr09,6469585,0.00022886029411764715,0.2935775255231847,0.5898185106914713,0.22928160179945875,66
chr09,6482042,2.8571428571428818e-05,0.0046642430893755575,0.9457510199125112,0.0242231816850869,70
chr09,6516009,-0.0002825552825552823,0.4577067836593609,0.5009925110106717,0.30016876605101644,70
chr09,6516220,0.00022474747474747462,0.2878268787818475,0.5933934519105505,0.2266572504270056,69
chr09,6520182,-0.00024704391891891867,0.3413375681740579,0.5610202376639293,0.25102147217121,69
chr09,6551763,0.0002470439189189186,0.3413375681740579,0.5610202376639293,0.25102147217121,69
chr09,6613449,0.0002825552825552823,0.4577067836593609,0.5009925110106717,0.30016876605101644,70
chr09,6624108,0.0003658986175115205,0.7917022313466648,0.37691837194920375,0.4237526934293986,66
chr09,6624319,-0.00023924731182795668,0.3015323617345886,0.5848049066149441,0.23298899222862338,67
chr09,6646358,0.00031925996204933545,0.5385838850048217,0.46574270982010224,0.33185393430543014,65
chr09,6691167,0.0003368055555555552,0.6348353143589683,0.4284441350458569,0.36810579783180203,68
chr09,6734646,-0.00026041666666666645,0.36994520326807095,0.5451216595923873,0.2635065615889383,68
chr09,6734702,0.00026041666666666645,0.36994520326807095,0.5451216595923873,0.2635065615889383,68
chr09,6734704,-0.00026041666666666645,0.36994520326807095,0.5451216595923873,0.2635065615889383,68
chr09,6741597,0.0003814814814814813,0.7636709394214611,0.38598195643250455,0.41343299689548574,57
chr09,6747467,-0.0002005347593582886,0.22226961722512223,0.6388946507202673,0.19457074807445832,67
chr09,6799218,-0.00019313725490196045,0.18343958814646263,0.6699180910120902,0.17397829400971196,64
chr09,6815378,-0.00018229166666666638,0.18326393406578614,0.66997690601731,0.17394016709335944,68
chr09,6815412,0.00018229166666666638,0.18326393406578614,0.66997690601731,0.17394016709335944,68
chr09,6815432,-0.00018229166666666638,0.18326393406578614,0.66997690601731,0.17394016709335944,68
chr09,6818235,-0.0003386554621848736,0.65928993329246,0.4196862325301297,0.37707527723660084,69
chr09,6826476,-0.00031008403361344506,0.5421040725070829,0.4641321744838621,0.3333583244565046,69
chr09,6826561,0.0002005347593582886,0.22226961722512223,0.6388946507202673,0.19457074807445832,67
chr09,6900435,0.00017098214285714264,0.1615008901550513,0.6890967919206343,0.16171977193179116,67
chr09,6907080,-8.617424242424218e-05,0.04015529395284248,0.841822737689558,0.07477934810599976,65
chr09,6922476,0.00014473684210526312,0.114209060070591,0.7364747408951563,0.13284214369978634,68
chr09,6922570,0.00014473684210526312,0.114209060070591,0.7364747408951563,0.13284214369978634,68
chr09,6931233,-0.0002818336162988115,0.44226718670284965,0.5083129695459205,0.293868809183057,69
chr09,6946627,0.00016756272401433677,0.15419611229214478,0.6958420329145457,0.15748934087803837,67
chr09,6986610,-0.0002860780984719863,0.4643815241757354,0.4979321270110404,0.30282985176533417,69
chr09,6992424,0.00022332506203473918,0.28239202657807483,0.596869346206284,0.22412072486994514,70
chr09,7002692,0.0001896551724137934,0.17514474772539076,0.6771801027613449,0.16929581102958594,58
chr09,7002708,-0.0001896551724137934,0.17514474772539076,0.6771801027613449,0.16929581102958594,58
chr09,7002952,-0.0003644688644688643,0.7588614888698696,0.3868911707095589,0.4124111812528344,67
chr09,7006080,0.00020833333333333324,0.2437835202340313,0.623077770195784,0.20545774297332806,70
chr09,7006102,-0.00020833333333333308,0.2437835202340313,0.623077770195784,0.20545774297332806,70
chr09,7006964,0.00011208576998050665,0.06298902157317675,0.8026493337827848,0.09547415044421881,65
chr09,7007315,-0.00016810344827586184,0.15441451220942418,0.6955994099288602,0.15764079507753195,69
chr09,7038145,-0.00020512820512820495,0.23035124804929302,0.6328266931839042,0.19871521020258057,69
chr09,7038231,-0.0001648983200707337,0.14481549186062972,0.7047619911038476,0.15195752613258567,68
chr09,7038297,-0.0001648983200707337,0.14481549186062972,0.7047619911038476,0.15195752613258567,68
chr09,7038313,-0.0001648983200707337,0.14481549186062972,0.7047619911038476,0.15195752613258567,68
chr09,7078060,-5.499999999999981e-05,0.01478417203400158,0.9036105924224587,0.044018686778167546,65
chr09,7234171,0.00016489832007073372,0.14481549186062972,0.7047619911038476,0.15195752613258567,68
chr09,7296311,-0.00010714285714285704,0.06143773611251044,0.805007341937741,0.09420015870230915,68
chr09,7296379,-0.00010714285714285704,0.06143773611251044,0.805007341937741,0.09420015870230915,68
chr09,7305745,0.00020833333333333324,0.2437835202340313,0.623077770195784,0.20545774297332806,70
chr09,7308346,0.0001978448275862067,0.21407696682837088,0.6450897372550136,0.19037986725022288,69
chr09,7310216,1.587301587301583e-05,0.001289839394191587,0.9714660490851051,0.012572372575923953,64
chr09,7329355,-0.0001640033641715727,0.14948320850384064,0.7002369559317673,0.15475497250027914,70
chr09,7341195,-0.00018060344827586187,0.17965422304808043,0.6730282929945911,0.17196667837163843,69
chr09,7341222,-0.00018060344827586187,0.17965422304808043,0.6730282929945911,0.17196667837163843,69
chr09,7341712,-0.00012051282051282029,0.07988520512809452,0.7783243885962785,0.10883936083115034,69
chr09,7343044,2.2686025408348256e-05,0.0026649055003189815,0.9589876317319285,0.018186993981799925,67
chr09,7385835,-3.7179487179486996e-05,0.007601845532257555,0.9307816896410581,0.031152168752375184,69
chr09,7385849,-3.7179487179486996e-05,0.007601845532257555,0.9307816896410581,0.031152168752375184,69
chr09,7395756,7.073386383731382e-06,0.0002680708570170126,0.9869863184936054,0.00568886743564538,68
chr09,7431594,1.388888888888886e-05,0.0009513871838938053,0.975492578017685,0.010776030562878219,64
chr09,7455350,-7.857733664185257e-05,0.03483330727126161,0.8525010873856544,0.06930505838204737,70
chr09,7455477,-3.7179487179486996e-05,0.007601845532257555,0.9307816896410581,0.031152168752375184,69
chr09,7508483,-0.00021818996415770632,0.25850032340239504,0.6128736521823046,0.21262904883519035,67
chr09,7508497,-0.00021818996415770632,0.25850032340239504,0.6128736521823046,0.21262904883519035,67
chr09,7516416,0.00010590277777777791,0.06222560957842524,0.803786962955875,0.0948590421378137,68
chr09,7572779,-0.00021383928571428566,0.25240709863775795,0.617083108510869,0.20965634141728226,67
chr09,7614729,0.00010460829493087552,0.05659565918081751,0.8127198728535019,0.09005912062726666,66
chr09,7644694,4.032258064516118e-05,0.009067568732170881,0.9244300388554477,0.03412595079872156,67
chr09,7644992,-6.026785714285711e-05,0.02108077158693617,0.8850084249289264,0.053052594971409066,67
chr09,7659767,1.6339869281045784e-05,0.0015241920661319293,0.9689721729766865,0.013688694875139703,70
chr09,7697345,0.00013636363636363637,0.10028631122804227,0.7525169819779268,0.12348369494197642,66
chr09,7697639,0.00020909090909090907,0.2381137031465594,0.6271890241493108,0.20260155044016376,68
chr09,7702497,0.00023816287878787893,0.29449734136873623,0.5892675667998255,0.2296874617514361,65
chr09,7813468,-0.00010476190476190457,0.057032983065176394,0.8120235819983935,0.0904313582181094,65
chr09,7814683,0.00016388888888888898,0.14195859583434997,0.7075879597776648,0.15021956559641403,66
chr09,7814728,-2.146464646464648e-05,0.002646780975491083,0.9591225101534583,0.018125916202150427,69
chr09,7814739,-2.146464646464648e-05,0.002646780975491083,0.9591225101534583,0.018125916202150427,69
chr09,7814775,-2.146464646464648e-05,0.002646780975491083,0.9591225101534583,0.018125916202150427,69
chr09,7816937,0.00012141577060931893,0.07987194627945224,0.7783690458070556,0.10881444342635582,67
chr09,7820272,0.00015972222222222218,0.14171224467016472,0.7077922075910006,0.15009422301929823,68
chr09,7828923,0.00027980295566502455,0.406213120805197,0.5262445320991954,0.2788124036341545,64
chr09,7829916,0.00012847222222222218,0.09007611518465579,0.7650236942112247,0.11632511372764781,68
chr09,7842712,-7.812499999999997e-05,0.034632684461933586,0.8529214963487735,0.06909093984243726,70
chr09,7842958,3.087557603686632e-05,0.005023994498116332,0.9437141733660097,0.025159522361203925,66
chr09,7853285,0.0001902277039848196,0.18216798951206253,0.6709717416996588,0.1732957699686116,65
chr09,7893469,5.3235053235053296e-05,0.016142303989419442,0.8992739077382159,0.04610800737571583,70
chr09,7919247,-0.00013039215686274502,0.09268757961180528,0.7618074153000209,0.1181548043080377,64
chr09,7999228,-8.199643493761155e-05,0.03704176004647292,0.8479801042618333,0.0716143372605781,67
chr09,7999238,-5.974264705882373e-05,0.01910975806862502,0.8904863179550686,0.05037274894892788,66
chr09,8001821,-7.35294117647059e-05,0.030878212696395155,0.8610346079105984,0.06497939242259945,70
chr09,8001828,7.352941176470594e-05,0.030878212696395155,0.8610346079105984,0.06497939242259945,70
chr09,8001829,7.352941176470594e-05,0.030878212696395155,0.8610346079105984,0.06497939242259945,70
chr09,8085818,4.464285714285556e-06,0.00010557723949623617,0.9918332895925339,0.0035613192716519504,67
chr09,8090400,-0.00010483870967741934,0.06060693370540127,0.8063149842627912,0.09349526935582748,67
chr09,8090629,5.3571428571428664e-05,0.014526542324246933,0.9044561412365286,0.04361248804217577,64
chr09,8207370,0.0001565126050420165,0.11727692086233493,0.7332036542194884,0.13477537922072558,62
chr09,8338419,-8.348457350272224e-05,0.03664044373458171,0.8487956366398864,0.0711968616563041,67
chr09,8364489,4.210526315789476e-05,0.00957571251099435,0.9223435576436703,0.03510728133554152,68
chr09,8406537,1.2205754141238007e-05,0.0008324667167760537,0.9770692983538053,0.010074632979930921,68
chr09,8412395,2.122241086587441e-05,0.0025655960886038975,0.9597537591944308,0.017840178148613814,69
chr09,8455338,-0.0002083333333333332,0.24378352023403121,0.623077770195784,0.20545774297332806,70
chr09,8455348,-0.0002083333333333332,0.24378352023403121,0.623077770195784,0.20545774297332806,70
chr09,8455410,0.0002723253757736516,0.3973428835724463,0.5306412552393955,0.27519898837872464,68
chr09,8455442,0.0002723253757736516,0.3973428835724463,0.5306412552393955,0.27519898837872464,68
chr09,8462733,-0.00028214285714285705,0.3797444237964577,0.5400329448007124,0.2675797451608746,63
chr09,8462755,0.00028214285714285705,0.3797444237964577,0.5400329448007124,0.2675797451608746,63
chr09,8466507,0.0003091168091168092,0.4841151172884733,0.489083208483425,0.31061724739784385,66
chr09,8466535,0.0003091168091168092,0.4841151172884733,0.489083208483425,0.31061724739784385,66
chr09,8491155,0.00014102564102564101,0.1000613323593649,0.7528539238667367,0.12328928171808895,62
chr09,8526505,-7.350272232304899e-05,0.029761628522480862,0.8635682497547243,0.06370333346356402,67
chr09,8526727,0.00011803713527851464,0.0753368923170441,0.7845764123463903,0.10536475272163812,68
chr09,8533162,6.666666666666666e-05,0.02444775030173843,0.8762212092034168,0.05738623879932872,69
chr09,8600858,-7.586206896551724e-05,0.031362240502677496,0.8599689292969033,0.06551723954558013,69
chr09,8667329,7.471264367816089e-05,0.02967659911683624,0.863753237265487,0.06361031192002845,68
chr09,8672495,5.862068965517237e-05,0.01863491522715942,0.8918276667765518,0.04971905885116783,69
chr09,8672500,5.862068965517237e-05,0.01863491522715942,0.8918276667765518,0.04971905885116783,69
chr09,8676591,-0.00010480943738656974,0.057307665166332004,0.8115562891075626,0.09068135236146627,67
chr09,8676761,-7.586206896551713e-05,0.031362240502677496,0.8599689292969033,0.06551723954558013,69
chr09,8677371,-6.666666666666672e-05,0.02444775030173843,0.8762212092034168,0.05738623879932872,69
chr09,8685999,-5.2197802197801996e-05,0.014612754228606287,0.9041564350405287,0.043756422403811494,67
chr09,8698054,-0.0001169438669438669,0.07096457427770216,0.7908359242030699,0.10191361081916868,63
chr09,8698080,-0.00013425925925925926,0.09431457802862482,0.7598080801110009,0.11929609229095636,63
chr09,8729073,6.666666666666666e-05,0.024447750301738427,0.8762212092034168,0.05738623879932872,69
chr09,8730755,3.3333333333333355e-05,0.0062191329796969326,0.9373744145934759,0.02808690461622842,70
chr09,8732582,-0.00010862785862785857,0.05828125886194461,0.8100430759817451,0.09149188585745732,63
chr09,8732606,-0.00010862785862785857,0.05828125886194461,0.8100430759817451,0.09149188585745732,63
chr09,8737149,-0.00013690476190476178,0.09717459862665752,0.756244641721511,0.12133768946876311,67
chr09,8737184,0.00013690476190476178,0.09717459862665752,0.756244641721511,0.12133768946876311,67
chr09,8752829,-3.333333333333326e-05,0.0062191329796962855,0.9373744145934759,0.02808690461622842,70
chr09,8788503,-0.00010150375939849638,0.05425658844954293,0.8165587700654877,0.08801255238889263,66
chr09,8800583,-1.6071428571428623e-05,0.0013622468051797576,0.9706692693483907,0.012928719591579579,68
chr09,8800607,-1.6071428571428623e-05,0.0013622468051797576,0.9706692693483907,0.012928719591579579,68
chr09,8800631,-1.6071428571428623e-05,0.0013622468051797576,0.9706692693483907,0.012928719591579579,68
chr09,8804512,0.00047146401985111657,1.27689234738462,0.26244783480482153,0.5809570058114326,70
chr09,8839267,0.0006492869875222817,2.407248315534677,0.1256302157225442,0.9009058944891774,67
chr09,8842454,-0.0004973214285714288,1.3892622572542155,0.24282653457484124,0.6147038580012917,67
chr09,8846543,-0.00047297297297297313,1.2516329881585908,0.2672961892545431,0.5730072327792692,68
chr09,8873297,0.00046057347670250905,1.1475896243443213,0.2880158768931933,0.5405835710704578,67
chr09,8873422,0.0004288194444444444,1.01218540722387,0.31805421461780586,0.4974988451019782,68
chr09,8909747,0.0005487305487305489,1.7590449759353912,0.1891811650069244,0.723122104407511,70
chr09,8909763,0.0005487305487305489,1.7590449759353912,0.1891811650069244,0.723122104407511,70
chr09,8924030,-0.0005069444444444443,1.4241797221401076,0.2369888499142266,0.6252720866254988,68
chr09,8929006,0.0004969485614646904,1.3613602098397062,0.24750041223434752,0.6064240733730255,68
chr09,8929261,-0.0003979496738117429,0.8362249565478974,0.36391113015589804,0.4390046613926913,66
chr09,8929286,-0.00043243243243243243,1.016611579841282,0.31706284227174714,0.49885465151407477,67
chr09,8941247,0.0005608836206896554,1.536312113005094,0.22007532239009106,0.6574286532697756,61
chr09,8988559,-0.0005496031746031747,1.564118632654888,0.21576251426835039,0.6660240057166944,64
chr09,9027741,0.00044444444444444447,1.127489906910017,0.29218142743040665,0.5343473935380705,68
chr09,9027877,-0.00044444444444444447,1.127489906910017,0.29218142743040665,0.5343473935380705,68
chr09,9042694,0.0003982974910394267,0.887437719531112,0.34966075205289615,0.4563531126820093,67
chr09,9236282,0.0001392301392301393,0.11057047433000422,0.7405185113582202,0.13046408058606349,70
chr09,9242320,-0.00010135135135135139,0.054408576602192275,0.8162952740063456,0.088152717868958,67
chr09,9242394,-0.00010135135135135139,0.054408576602192275,0.8162952740063456,0.088152717868958,67
chr09,9263947,4.166666666666677e-05,0.009624674164677001,0.9221459219283182,0.03520035001593625,68
chr09,9378522,0.00024819819819819807,0.335603767368613,0.5643802806304682,0.24842816884218527,67
chr09,9383078,-0.00016029822926374646,0.1319849147430358,0.7175800713935949,0.14412963100629178,66
chr09,9414083,8.468468468468471e-05,0.0382694357780252,0.8455133648936218,0.0728795231890341,67
chr09,9490304,0.00020916515426497287,0.22888296647550938,0.6339586252019467,0.19793908507226227,67
chr09,9506766,0.00044094094094094107,0.9985921924097485,0.3215356399276188,0.49277088163231486,64
chr09,9521633,0.00024230769230769236,0.3296975285775789,0.5677600458808392,0.24583517268371638,69
chr09,9539135,0.00019437551695616214,0.21370937107596466,0.6453512247966839,0.19020386137110443,70
chr09,9629793,-7.688172043010754e-05,0.030612624202482813,0.8617064746693897,0.06464064385073183,61
chr09,9637357,0.00015877192982456163,0.13520728637324275,0.7142694630677746,0.14613791673062942,68
chr09,9655336,-0.00019437551695616214,0.21370937107596466,0.6453512247966839,0.19020386137110443,70
chr09,9742564,0.0001739319965126417,0.16738445651242748,0.6837715152355774,0.16508899513590888,68
chr09,9756989,0.00015115207373271887,0.1197423875825604,0.7304490481497732,0.136410072514273,66
chr09,9757237,-0.00017393199651264177,0.16738445651242748,0.6837715152355774,0.16508899513590888,68
chr09,9769397,-0.0002083333333333333,0.2437835202340312,0.623077770195784,0.20545774297332806,70
chr09,9840357,-0.00017393199651264172,0.1673844565124275,0.6837715152355774,0.16508899513590888,68
chr09,9840417,-0.00017393199651264172,0.1673844565124275,0.6837715152355774,0.16508899513590888,68
chr09,9894666,9.615384615384615e-05,0.05087752337328648,0.8222299123282313,0.08500672784417539,69
chr09,9894687,9.615384615384615e-05,0.05087752337328648,0.8222299123282313,0.08500672784417539,69
chr09,9894790,6.249999999999996e-05,0.021869170901138515,0.8828732981449975,0.05410161789999917,70
chr09,9906647,0.0002476190476190475,0.30270388604322956,0.5842347710800244,0.2334125992987814,62
chr09,9917353,-4.1353383458646626e-05,0.009135442011354132,0.9241531904874678,0.03425603281778136,66
chr09,9917360,-4.1353383458646626e-05,0.009135442011354132,0.9241531904874678,0.03425603281778136,66
chr09,9928290,-0.00013430127041742294,0.09946615952729936,0.753481550607523,0.12292737714820964,67
chr09,9928715,2.6315789473684178e-05,0.0034707868265125563,0.9532105749571034,0.020811148218111118,64
chr09,9993174,-0.00013925729442970831,0.10392695790876096,0.7481860540072685,0.1259903911981385,68
chr09,9998097,6.410256410256375e-06,0.0002296157739867632,0.9879550885457485,0.005262797558205136,69
chr09,9998153,6.410256410256375e-06,0.0002296157739867632,0.9879550885457485,0.005262797558205136,69
chr09,9999773,0.00010135135135135128,0.056348696909896044,0.8131095402577126,0.0898509433052156,67
chr09,9999811,-0.0001013513513513513,0.056348696909896044,0.8131095402577126,0.0898509433052156,67
chr09,10009467,-0.0002053571428571429,0.23092094558932594,0.632430858779099,0.1989869472937303,68
chr09,10020409,9.615384615384615e-05,0.05087752337328648,0.8222299123282313,0.08500672784417539,69
chr09,10027277,-0.00013969938107869138,0.10716440455677512,0.7444318872079401,0.12817503244904402,68
chr09,10031247,2.155172413793063e-06,2.5514472684786718e-05,0.9959847643005232,0.0017473049807383196,69
chr09,10033051,0.00015178571428571416,0.1222461920638024,0.7277241720489742,0.13803319933560906,68
chr09,10038166,-7.894736842105254e-05,0.03347497266774038,0.8553889725261705,0.06783635286562786,68
chr09,10038210,-7.894736842105254e-05,0.03347497266774038,0.8553889725261705,0.06783635286562786,68
chr09,10038340,-6.249999999999997e-05,0.021869170901138515,0.8828732981449975,0.05410161789999917,70
chr09,10043760,-2.5641025641025602e-05,0.0033055683085197038,0.954333596838862,0.020299786782959458,65
chr09,10045054,-0.00014972527472527467,0.12040429487952536,0.7297173527018841,0.13684532608792685,67
chr09,10056869,2.155172413793063e-06,2.5514472684786718e-05,0.9959847643005232,0.0017473049807383196,69
chr09,10059996,9.615384615384615e-05,0.05087752337328648,0.8222299123282313,0.08500672784417539,69
chr09,10060061,9.615384615384615e-05,0.05087752337328648,0.8222299123282313,0.08500672784417539,69
chr09,10069384,0.00020711500974658872,0.21835293932534494,0.6419099980095104,0.19252585994970653,65
chr09,10080332,1.7094017094017038e-05,0.0014696089462445574,0.9695395344448934,0.013434477208071598,66
chr09,10085141,0.00011486486486486481,0.07335130400148884,0.7873765504313187,0.10381752346746756,67
chr09,10085181,-0.00011486486486486487,0.07335130400148884,0.7873765504313187,0.10381752346746756,67
chr09,10102892,-0.00019907407407407385,0.19765108727461925,0.6581969567753796,0.1816441300311852,63
chr09,10112869,-0.00010391425908667275,0.05509291889286484,0.81517632263682,0.08874844320368021,66
chr09,10113130,-5.824790307548926e-05,0.018132193993297928,0.8933065802344327,0.04899946691908895,66
chr09,10118033,4.887218045112789e-05,0.01204570373426855,0.9129487507968049,0.039553601294674966,66
chr09,10162687,0.00012687886825817868,0.08882477379260599,0.7666127808937364,0.11542394450593861,68
chr09,10162693,0.00012687886825817868,0.08882477379260599,0.7666127808937364,0.11542394450593861,68
chr09,10162701,-0.00012687886825817857,0.08882477379260599,0.7666127808937364,0.11542394450593861,68
chr09,10163043,-0.00014212488350419397,0.10680506260589281,0.7448777036648382,0.12791502521597148,66
chr09,10163451,0.00010123784261715297,0.05755249138618153,0.811150533640916,0.0908985417654534,68
chr09,10164759,-4.464285714285706e-05,0.010641714747869008,0.918149839911,0.03708643716889693,68
chr09,10164760,-4.464285714285706e-05,0.010641714747869008,0.918149839911,0.03708643716889693,68
chr09,10164828,-4.464285714285706e-05,0.010641714747869008,0.918149839911,0.03708643716889693,68
chr09,10164950,-0.00010560344827586204,0.06080014283594486,0.8059896434539081,0.09367053861639359,69
chr09,10192082,0.00013362068965517253,0.09922218143634313,0.7537439980106185,0.12277613308230234,69
chr09,10210427,0.00012408424908424908,0.07902362914385923,0.7795178662447433,0.10817392650132987,67
chr09,10266048,0.00022332506203473943,0.28239202657807483,0.596869346206284,0.22412072486994514,70
chr09,10266075,-0.00022332506203473943,0.28239202657807483,0.596869346206284,0.22412072486994514,70
chr09,10318691,0.0004726295210166177,1.2852866619229983,0.2612831192815362,0.5828886478298799,64
chr09,10333899,-0.00031691368788142965,0.5511252000031891,0.4604923123648682,0.33677761568512404,68
chr09,10378253,-0.0003824013157894739,0.8395622579841229,0.36276014826712855,0.4403804292699197,70
chr09,10413040,0.0003798811544991511,0.8023234827194309,0.3736065136205198,0.4275855606946496,69
chr09,10423644,0.0004913194444444443,1.3691792628894666,0.2461609662813501,0.6087808119757643,68
chr09,10423690,-0.0004913194444444443,1.3691792628894666,0.2461609662813501,0.6087808119757643,68
chr09,10423702,-0.0004913194444444443,1.3691792628894666,0.2461609662813501,0.6087808119757643,68
chr09,10436182,0.00034762308998302215,0.6757686372378172,0.413963503439697,0.3830379462062416,69
chr09,10442348,0.00024517374517374514,0.30118242304468934,0.5850819103105528,0.23278332929272672,65
chr09,10442386,0.0002870456663560112,0.42477429324984795,0.5168980646475682,0.2865950939001272,66
chr09,10442419,0.0002870456663560112,0.42477429324984795,0.5168980646475682,0.2865950939001272,66
chr09,10480130,0.00029605263157894744,0.5007363770250411,0.48159507278938685,0.3173179650046482,70
chr09,10495388,-0.0003877192982456142,0.8390845288562802,0.36299363744785895,0.4401009872104506,68
chr09,10509041,-0.00042720139494333036,1.0357623173006918,0.3125253845471561,0.5051147017726356,68
chr09,10509049,-0.00042720139494333036,1.0357623173006918,0.3125253845471561,0.5051147017726356,68
chr09,10509052,-0.00042720139494333036,1.0357623173006918,0.3125253845471561,0.5051147017726356,68
chr09,10519745,0.00033445945945945947,0.6283034953111721,0.4307761560535398,0.36574834339856344,69
chr09,10584583,-0.0003829365079365079,0.7873270186386204,0.3783387945432177,0.42211912423140385,64
chr09,10612295,0.00037897435897435905,0.6949030634962772,0.4077017642193004,0.38965740925167136,64
chr09,10631572,-0.0002089743589743589,0.24078327066863336,0.625244290491979,0.20395026540177702,69
chr09,10637147,-0.00011509785647716682,0.06897126724769204,0.7936840990628345,0.10035232041055824,66
chr09,10645014,-0.00036785714285714264,0.6750480613265627,0.4144969042857123,0.3824787086762005,63
chr09,10645026,-0.00036785714285714264,0.6750480613265627,0.4144969042857123,0.3824787086762005,63
chr09,10645360,0.00020263157894736836,0.2330166347162692,0.6308932936442377,0.20004408909232238,68
chr09,10651428,-0.00013502304147465437,0.09746172262621099,0.7559120679395122,0.12152872120476481,66
chr09,10651467,-0.00013502304147465437,0.09746172262621099,0.7559120679395122,0.12152872120476481,66
chr09,10664831,-0.00027105263157894727,0.4057732881208222,0.5263260939678818,0.27874509818462384,68
chr09,10686156,0.00016542597187758475,0.1546577571668535,0.6953536825937929,0.15779424098071354,70
chr09,10695119,-0.0002305555555555555,0.27991601808391847,0.5985865552893821,0.2228730419716133,66
chr09,10724521,-6.578947368421059e-05,0.024555828398094236,0.8759432548512001,0.0575240272830901,70
chr09,10730608,-8.823529411764698e-05,0.04193756463156063,0.8383887304682222,0.07655456806115833,66
chr09,10734892,-0.00013479623824451417,0.08585880995695946,0.7705203901513037,0.11321586413176983,62
chr09,10737734,-2.0678246484697996e-05,0.002411129319076946,0.960980954522909,0.017285219436105337,70
chr09,10756103,2.0833333333333275e-05,0.002368732727990792,0.9613295632372274,0.017127701864170095,68
chr09,10757980,-2.3103748910200573e-05,0.0028966349699337604,0.9572408408198091,0.018978780426026614,68
chr09,10758129,2.310374891020052e-05,0.0028966349699337604,0.9572408408198091,0.018978780426026614,68
chr09,10773659,1.5202702702702678e-05,0.0012861119109318666,0.9714987093208101,0.012557772043326256,69
chr09,10773692,1.5202702702702678e-05,0.0012861119109318666,0.9714987093208101,0.012557772043326256,69
chr09,10773808,3.735144312393892e-05,0.007947828831981653,0.9292281843079414,0.031877626138500426,69
chr09,10791514,2.6785714285714308e-05,0.003858986689464166,0.9506573053134443,0.021976010121950506,67
chr09,10791531,2.6785714285714308e-05,0.003858986689464166,0.9506573053134443,0.021976010121950506,67
chr09,10791626,-6.944444444444532e-06,0.0002662610891692551,0.9870303171181103,0.005669507558436396,68
chr09,10791732,-0.00016205357142857145,0.14193656937236176,0.7075904480150569,0.15021803839989503,67
chr09,10801352,9.417229729729731e-05,0.05081175527704321,0.8223428869827363,0.08494705974174274,69
chr09,10808486,-0.00016756272401433696,0.15577644171774235,0.6943673100644696,0.15841073338571077,67
chr09,10857217,-0.0001760851760851762,0.17702793231904307,0.6752667114253139,0.17052465913608097,70
chr09,10941335,-0.00018181818181818183,0.17325913671228846,0.6786240015370222,0.1683707843154948,66
chr09,10966710,0.00011872759856630835,0.07450607919169706,0.7857508404878191,0.10471514576182787,67
chr09,10967684,-0.00015714285714285721,0.12686815564357803,0.7228916654535777,0.14092678240254863,65
chr09,10967724,-0.00015714285714285721,0.12686815564357803,0.7228916654535777,0.14092678240254863,65
chr09,10967769,-0.00015714285714285721,0.12686815564357803,0.7228916654535777,0.14092678240254863,65
chr09,10967778,-0.00015714285714285721,0.12686815564357803,0.7228916654535777,0.14092678240254863,65
chr09,11009910,0.00016666666666666663,0.15995080662663486,0.69047404706458,0.160852640660246,69
chr09,11010041,0.000211764705882353,0.2517444981213123,0.6174942099679175,0.20936711028007418,69
chr09,11011285,-7.812499999999995e-05,0.03463268446193359,0.8529214963487735,0.06909093984243726,70
chr09,11022185,-0.00013839285714285708,0.10576922751297045,0.7460577299248174,0.12722756553304596,67
chr09,11042932,-0.00017893145161290312,0.16795318937536124,0.683373005242115,0.16534218079909735,63
chr09,11052091,0.0003088235294117647,0.5229436918322595,0.4721437476960775,0.325925757029544,68
chr09,11071088,-0.00012995337995338007,0.07933889502256748,0.779215433161058,0.10834245439649674,59
chr09,11071110,-0.00011784511784511796,0.06775248648287785,0.7955595783191932,0.09932729110679121,60
chr09,11071146,-0.00011784511784511796,0.06775248648287785,0.7955595783191932,0.09932729110679121,60
chr09,11071176,-0.0001601731601731602,0.12888486333678423,0.7208726654322711,0.14214144205446264,61
chr09,11076351,-0.00025757575757575756,0.3696193027443573,0.5452672410145198,0.2633905934079705,69
chr09,11076388,0.00025757575757575756,0.3696193027443573,0.5452672410145198,0.2633905934079705,69
chr09,11085792,0.0001787878787878788,0.17512790848608142,0.6769527547697405,0.16944164011659785,68
chr09,11086017,0.00020588235294117662,0.24836407195113688,0.6199377545356791,0.20765191408039657,66
chr09,11131154,0.00033333333333333327,0.6180860403863029,0.43457307250400234,0.36193718741546754,68
chr09,11148545,0.00034595959595959587,0.6749905932454932,0.41423106228031825,0.3827573374292261,69
chr09,11154593,0.000341991341991342,0.6538406347384143,0.42164811414309,0.3750498377513954,68
chr09,11170497,-0.00033602150537634417,0.6164781849425439,0.4352115852169972,0.36129955235205086,67
chr09,11172662,0.00045543672014260265,1.1193182425198758,0.29398134311700885,0.5316802302627863,67
chr09,11176682,0.0002981418918918918,0.5127975458351647,0.47641886764324515,0.3220110474598525,69
chr09,11176693,-0.0002981418918918918,0.5127975458351647,0.47641886764324515,0.3220110474598525,69
chr09,11176769,-0.0003596338273757629,0.7039652450182227,0.404483239422186,0.39309946954556946,68
chr09,11186576,0.00029743833017077805,0.4657446973554082,0.4974530834091363,0.3032478728626587,65
chr09,11201417,0.0003918918918918919,0.8589252573292641,0.3573661418296973,0.44688659652282786,69
chr09,11201513,0.0003918918918918919,0.8589252573292641,0.3573661418296973,0.44688659652282786,69
chr09,11208431,0.0003918918918918919,0.8589252573292641,0.3573661418296973,0.44688659652282786,69
chr09,11249087,-0.0005753119429590019,1.8184724482727186,0.18217524723473047,0.7395106324105177,67
chr09,11318711,-0.0006102877070619007,2.148900605439782,0.14742033733280907,0.8314425993660277,68
chr09,11379712,-0.0006795131845841785,2.3801136057935866,0.1280608518669566,0.8925836135544245,63
chr09,11383059,-0.0008700189753320683,4.151062663595583,0.04581390854774759,1.3390026554339411,65
chr09,11383118,-0.0008299120234604105,3.700102633294126,0.05900358906443664,1.229121570332898,64
chr09,11383136,-0.000849798387096774,3.768593883866218,0.056846998126638765,1.2452924638075074,63
chr09,11383161,0.0009032258064516129,4.186543253826997,0.04513607620845636,1.3454761979185004,62
chr09,11408295,-0.0007113486842105266,2.9962390440405433,0.0879934977246748,1.0555494188342296,70
chr09,11408632,-0.0006102877070619007,2.148900605439782,0.14742033733280907,0.8314425993660277,68
chr09,11459835,-0.0006451612903225809,2.4309088409184625,0.12360620911018838,0.9079597127863412,70
chr09,11460020,-0.0006451612903225809,2.4309088409184625,0.12360620911018838,0.9079597127863412,70
chr09,11485024,-0.0005490990990990991,1.648796694208153,0.2036809626613489,0.6910495610709982,67
chr09,11517605,0.0006427364864864864,2.3991726676734357,0.1261104046016762,0.8992490809551845,69
chr09,11517704,0.0006825657894736844,2.7490701498440737,0.10191754099208522,0.9917510632902347,70
chr09,11517752,0.0006825657894736844,2.7490701498440737,0.10191754099208522,0.9917510632902347,70
chr09,11518596,0.0006562499999999999,2.485340153452677,0.11962185426630349,0.922189469844142,69
chr09,11518661,0.0006562499999999999,2.485340153452677,0.11962185426630349,0.922189469844142,69
chr09,11518685,0.0006562499999999999,2.485340153452677,0.11962185426630349,0.922189469844142,69
chr09,11518743,0.0006825657894736844,2.7490701498440737,0.10191754099208522,0.9917510632902347,70
chr09,11530324,-0.0004857142857142859,1.3185877136700623,0.25511961156136914,0.5932561550103245,66
chr09,11641193,0.0006345811051693406,2.265962704549709,0.13708825542694672,0.8629997503290255,67
chr09,11652153,0.0005694444444444445,1.8183993575139674,0.1821132805159607,0.7396583823517475,68
chr09,11652565,0.00031904761904761914,0.5469223807166311,0.46232478359660256,0.33505282494663013,65
chr09,11652589,0.00031904761904761914,0.5469223807166311,0.46232478359660256,0.33505282494663013,65
chr09,11686012,-0.00047142857142857164,1.181122817145336,0.2812038090039503,0.5509788009417103,66
chr09,11717835,0.00046236559139784954,1.221522621824478,0.273136282243889,0.5636206062253053,67
chr09,11742199,0.00037105263157894753,0.7676897100070559,0.38411056590865855,0.41554374632944985,68
chr09,11742229,0.00037105263157894753,0.7676897100070559,0.38411056590865855,0.41554374632944985,68
chr09,11762325,-0.00039189189189189205,0.844036220225249,0.36159037703616526,0.4417831358728435,68
chr09,11797471,-0.00040855855855855867,0.8884939025339588,0.34937609605520337,0.45670681230802024,67
chr09,11803388,-0.00047297297297297297,1.2515967519001236,0.2673651827723803,0.5728951487357316,67
chr09,11819090,-0.0004959459459459458,1.3205990402455972,0.2546956536225617,0.5939784662018487,67
chr09,11849693,0.00041146318732525626,0.9063514444162815,0.3446660726925097,0.4626014643947785,66
chr09,11922636,-0.0004447368421052634,1.1038860547637066,0.29724673757541176,0.5268829032720012,68
chr09,11922666,-0.0004753820033955858,1.2981521448746498,0.258608174510086,0.5873577513484607,69
chr09,11933252,-0.0006095238095238095,2.010569107274689,0.16113419458454156,0.7928122873676358,65
chr09,11960969,-0.0005200655200655204,1.5759164846394522,0.2136467233640012,0.6703037634404925,70
chr09,11968723,0.0005638392857142858,1.7733063229857144,0.1876245418411306,0.7267103552476033,67
chr09,12026942,0.0004166666666666663,1.0057421263267752,0.3194804627782186,0.4955556951489153,70
chr09,12052419,-0.0005024509803921567,1.4723923219405943,0.22916669557416602,0.6398484974346713,70
chr09,12086848,0.0005732323232323234,1.9177756434861455,0.17069634403337586,0.7677757804853491,69
chr09,12086866,0.0005732323232323234,1.9177756434861455,0.17069634403337586,0.7677757804853491,69
chr09,12086900,0.0004983660130718954,1.4480405543836372,0.23301532769717165,0.6326155102385396,70
chr09,12086901,0.0004983660130718954,1.4480405543836372,0.23301532769717165,0.6326155102385396,70
chr09,12086913,0.0004983660130718954,1.4480405543836372,0.23301532769717165,0.6326155102385396,70
chr09,12103503,0.0006764705882352941,2.4466300061253836,0.12303694134517495,0.9099644738155934,62
chr09,12110307,0.00040808823529411766,0.8948534893934321,0.3477233677594088,0.4587661228112544,66
chr09,12120053,-0.0005142857142857143,1.5147466664376992,0.22278442497298123,0.6521151742915205,68
chr09,12133000,0.0005155971479500893,1.4861373138974021,0.2272223706228606,0.6435489134548807,67
chr09,12167787,-0.0005841503267973853,2.005417459032298,0.16130262410858437,0.7923585673499838,70
chr09,12202635,0.0006778074866310163,2.5214019249949065,0.11716364966796565,0.9312071084314512,67
chr09,12202720,0.0006778074866310163,2.5214019249949065,0.11716364966796565,0.9312071084314512,67
chr09,12215362,0.0006938502673796794,2.645094757131777,0.10870882870963583,0.9637351835661929,67
chr09,12217144,-0.0005298573975044564,1.5753646867802602,0.21392347265085102,0.669741560059367,67
chr09,12228302,0.0006172268907563023,2.1832410083208393,0.14420593600319043,0.8410168622215107,69
chr09,12300221,0.0005024509803921564,1.472392321940584,0.22916669557416602,0.6398484974346713,70
chr09,12307034,0.0003982683982683982,0.9047222333791527,0.34498899123456406,0.4621947632524167,68
chr09,12317836,0.0005606060606060606,1.749519798890887,0.19050204648994865,0.7201003545053275,68
chr09,12327518,0.0006016129032258065,1.8576991727502203,0.1780699686735611,0.7494093177017883,61
chr09,12357198,0.00034807534807534816,0.697015671999434,0.4067119281247945,0.39071309033745255,70
chr09,12358527,0.0002923387096774193,0.4498605547154801,0.5049328546358098,0.2967663700000621,63
chr09,12418779,0.00018277310924369762,0.18735332628878476,0.6665187933278417,0.1761876006034445,69
chr09,12436197,0.0001376262626262626,0.10898377853385403,0.7423340954444589,0.12940059182057725,69
chr09,12436231,0.0001376262626262626,0.10898377853385403,0.7423340954444589,0.12940059182057725,69
chr09,12439504,0.00030151515151515164,0.48106372220725363,0.4905736400413986,0.30929579141729135,63
chr09,12439592,0.0002052785923753666,0.2200700824453882,0.6406320162385737,0.1933913608200383,64
chr09,12448939,-0.0001428571428571429,0.11679835108210179,0.7335871477658289,0.13454828598481128,70
chr09,12488715,0.00029340277777777774,0.48667647923727375,0.48786400725211554,0.31170122129825856,68
chr09,12490192,0.000254761904761905,0.3395757133784332,0.5621542518253714,0.25014450022308854,65
chr09,12505497,0.00036359797297297303,0.7438178410678424,0.39151717198566793,0.4072491849851725,69
chr09,12596501,0.00028156565656565645,0.44519316374487244,0.5069181071713684,0.2950621954521599,69
chr09,12672478,0.00016789516789516808,0.16090512723566064,0.6895822839456771,0.16141390449695403,70
chr09,12694129,-0.00016789516789516808,0.16090512723566064,0.6895822839456771,0.16141390449695403,70
chr09,12727848,-0.00024492900608519285,0.2997604655329144,0.5860303761462233,0.23207987229115845,63
chr09,12727914,0.00013978494623655927,0.10404075442569947,0.748068658436607,0.12605854035512196,67
chr09,12738743,9.803921568627465e-05,0.05491399499313691,0.8154272300183485,0.08861479000275449,70
chr09,12743889,0.0003382737576285966,0.6220054586264117,0.43312685885567426,0.3633848841733425,68
chr09,12744048,0.000217857142857143,0.25544334652804485,0.6149776435974625,0.21114067192984576,67
chr09,12750633,-0.00032196969696969704,0.583836975517624,0.44749488087808875,0.34921192843547566,69
chr09,12845411,0.00024704391891891916,0.3413375681740627,0.5610202376639206,0.25102147217121673,69
chr09,12845476,-0.0002470439189189191,0.3413375681740627,0.5610202376639206,0.25102147217121673,69
chr09,12845500,-0.0002470439189189191,0.3413375681740627,0.5610202376639206,0.25102147217121673,69
chr09,12845626,0.000233733733733734,0.26998456149206745,0.6051922964648806,0.21810660877853796,64
chr09,12879841,-0.0002970588235294118,0.5053107988373033,0.47964319761898444,0.31908171038818567,69
chr09,12883773,0.0003553921568627451,0.7287490665722031,0.39628620363462397,0.40199104699371757,70
chr09,12893235,0.00029705882352941193,0.5053107988373033,0.47964319761898444,0.31908171038818567,69
chr09,12934740,-0.00018876689189189198,0.19886924782171517,0.6570729344726145,0.1823864214889524,69
chr09,12941454,0.00022522522522522547,0.2901014889808005,0.5919143892368397,0.22774110234914635,70
chr09,13015569,-0.00034762308998302226,0.6757686372378172,0.413963503439697,0.3830379462062416,69
chr09,13034238,0.00019444444444444451,0.21157936056900922,0.6470215753735682,0.18908123724558348,69
chr09,13051628,0.00026689189189189194,0.398376377154573,0.5300763703900114,0.27566155521133473,69
chr09,13054978,2.54668930390494e-05,0.003590852865071758,0.9523947665313521,0.021182999735868104,69
chr09,13055087,6.578947368421055e-05,0.024555828398094236,0.8759432548512001,0.0575240272830901,70
chr09,13058649,2.54668930390494e-05,0.003590852865071758,0.9523947665313521,0.021182999735868104,69
chr09,13058953,0.00015047021943573682,0.1133215690796504,0.7375684104956507,0.132197692064529,62
chr09,13058955,0.00015047021943573682,0.1133215690796504,0.7375684104956507,0.132197692064529,62
chr09,13058967,0.00015047021943573682,0.1133215690796504,0.7375684104956507,0.132197692064529,62
chr09,13111801,-6.756756756756784e-06,0.0002581627099377877,0.9872283381772429,0.005582386802156922,69
chr09,13120402,-1.477832512315327e-06,1.1799570715554043e-05,0.9972702606153386,0.001187131770131232,64
chr09,13180490,8.33333333333333e-05,0.03541122715404657,0.8513511235363626,0.06989128649122983,64
chr09,13180581,-8.33333333333333e-05,0.03541122715404657,0.8513511235363626,0.06989128649122983,64
chr10,95455,9.649122807017536e-06,0.0005107126225316161,0.9820383661033505,0.007871544940651856,68
chr10,95470,9.649122807017536e-06,0.0005107126225316161,0.9820383661033505,0.007871544940651856,68
chr10,95560,-0.00013600697471665205,0.09976130716469812,0.7531129265782704,0.12313989801884895,68
chr10,96341,-2.3684210526315797e-05,0.003025442922353907,0.9563014231602548,0.019405197909667514,68
chr10,96491,-0.00011648745519713266,0.0722231529084806,0.7889781101721812,0.10293504592024864,67
chr10,158539,-0.0001315789473684211,0.09363189613101763,0.7605728877540598,0.11885916000341146,68
chr10,158709,0.0001352785145888594,0.09898641362950042,0.7540418559151525,0.12260454632059307,68
chr10,162358,0.00012643678160919542,0.07473973054015416,0.7854956217099077,0.10485623134014606,62
chr10,175314,-0.00011486486486486488,0.07044197134022348,0.7915343028537356,0.10153025930159033,67
chr10,175373,-6.578947368421059e-05,0.02335165612775727,0.8790123769002218,0.05600500981630041,68
chr10,177019,-6.249999999999997e-05,0.021869170901138518,0.8828732981449975,0.05410161789999917,70
chr10,177113,4.7619047619047505e-05,0.011806530323105604,0.9138364376335657,0.0391315292003219,62
chr10,177204,4.7619047619047505e-05,0.011806530323105604,0.9138364376335657,0.0391315292003219,62
chr10,195479,-0.00010390199637023588,0.05728246936611795,0.8115969223988884,0.09065960849393369,67
chr10,227966,-9.21052631578947e-05,0.045471673706291564,0.8317964054788859,0.07998296072518228,68
chr10,228032,-9.21052631578947e-05,0.045471673706291564,0.8317964054788859,0.07998296072518228,68
chr10,281638,-0.0003703703703703702,0.702410939186756,0.4052467962441292,0.39228040986376805,63
chr10,325018,5.3879310344827545e-05,0.015708792339556372,0.9006338839033068,0.045451717915601056,69
chr10,360220,-0.00012681912681912683,0.09005156379497373,0.7651318868388987,0.11626369845479373,63
chr10,436849,-8.276740237690998e-05,0.03818906077507618,0.8456554313060147,0.07280655748714815,69
chr10,444291,0.000147783251231527,0.11297083327934503,0.7379217863701351,0.1319896673747187,64
chr10,449864,8.86015325670498e-05,0.04154097575801101,0.8391542065672478,0.07615822402540266,65
chr10,486652,-9.090909090909093e-05,0.04642540501329742,0.8300895550611788,0.08087505079163582,66
chr10,486654,-9.090909090909093e-05,0.04642540501329742,0.8300895550611788,0.08087505079163582,66
chr10,486737,0.00012611408199643507,0.09141867215514977,0.763346707138775,0.11727816349022127,67
chr10,492508,-7.352941176470571e-05,0.030878212696395162,0.8610346079105984,0.06497939242259945,70
chr10,498086,-2.0499108734402858e-05,0.002265383127445087,0.9621841274637853,0.016741811652690928,67
chr10,534834,-0.0001630094043887147,0.13599166034048632,0.7135968996168338,0.14654704551846068,62
chr10,555806,-0.00011578947368421055,0.07183495770048881,0.789519473820028,0.10263715347294271,68
chr10,575215,-0.00012142857142857155,0.0794426958499273,0.7789495232486844,0.10849068415647597,67
chr10,648319,6.57894736842106e-05,0.024555828398094243,0.8759432548512001,0.0575240272830901,70
chr10,648361,6.57894736842106e-05,0.024555828398094243,0.8759432548512001,0.0575240272830901,70
chr10,681170,0.0002547348484848484,0.3313123039785502,0.566937751836748,0.2464646227964848,65
chr10,681278,0.0002547348484848484,0.3313123039785502,0.566937751836748,0.2464646227964848,65
chr10,694150,-0.00022310924369747876,0.27955516080351767,0.5987401596569293,0.2227616111837503,69
chr10,750293,-0.0004125816993464051,0.9858338646214447,0.32428280088221906,0.48907608456792556,70
chr10,784451,-0.0003972153972153973,0.9105334419084009,0.3433528030743781,0.4642594027483965,70
chr10,784478,-0.0003972153972153973,0.9105334419084009,0.3433528030743781,0.4642594027483965,70
chr10,1010418,-0.0003839869281045749,0.852265699556653,0.35917639650941613,0.44469221098727146,70
chr10,1010623,0.00016240530303030285,0.15116176788952473,0.6987385316038502,0.15568530712274775,65
chr10,1048531,0.0005142857142857144,1.5225248550124235,0.2216137212520627,0.6544033536928245,68
chr10,1053258,-0.00042647058823529405,1.0028909044917498,0.3202695626706556,0.4944843332446747,68
chr10,1185495,0.0005468749999999998,1.6011259795739414,0.21040374621051958,0.6769465318943787,65
chr10,1230848,-0.0003831932773109243,0.8248214581631585,0.3670294595521414,0.4352990757820749,69
chr10,1252427,0.000426050420168067,1.030805877400281,0.31362189590849476,0.5035936241117163,69
chr10,1263833,-0.0004688311688311689,1.2233121473506718,0.27272695033395083,0.5642719438222152,68
chr10,1263835,0.000468831168831169,1.2233121473506718,0.27272695033395083,0.5642719438222152,68
chr10,1264006,0.00042676767676767677,1.031649469696445,0.31342546682896555,0.5038657186078734,69
chr10,1285011,-0.0004260504201680669,1.030805877400281,0.31362189590849476,0.5035936241117163,69
chr10,1299606,-0.00048321048321048327,1.3561757480199477,0.24827073306942105,0.6050744734200552,70
chr10,1307100,-0.0004936655405405403,1.394859259269413,0.2417617319752066,0.61661244171873,69
chr10,1331363,-0.0006151260504201677,2.1675347321277725,0.1456341264420601,0.8367368448798191,69
chr10,1431720,0.0006570945945945945,2.4721945664670812,0.12058684960959094,0.9187000508475057,69
chr10,1472553,-0.0006945488721804513,2.544495620591897,0.11560604488387492,0.9370194566501455,66
chr10,1473403,-0.000788919413919414,3.366073641590682,0.07112900039458353,1.1479532945801882,67
chr10,1488562,0.000675175175175175,2.41236500054735,0.12547049264343133,0.9014583968034743,64
chr10,1490733,0.0007041666666666667,2.8932053587256603,0.09352292188672871,1.0290819332035719,70
chr10,1510427,-0.000744871794871795,3.1964381895479894,0.07832079868135694,1.106122892436564,69
chr10,1563866,-0.0008557105492589362,4.304778510430424,0.04190824072853876,1.3777005700877607,68
chr10,1566424,0.0007277960526315791,3.142873075768961,0.08073794505551939,1.0929223084605793,70
chr10,1583716,-0.0008119694397283533,3.926656481652782,0.051631649215307315,1.2870840025206993,69
chr10,1610807,0.000771537162162162,3.484676150124879,0.06631592675360833,1.1783821568057546,69
chr10,1658531,-0.0008295454545454543,4.108747436870617,0.04664385573045752,1.3312055565927643,69
chr10,1681457,-0.0009901960784313726,5.714210167993691,0.019735030928351174,1.7047621886501874,67
chr10,1714141,0.0009469696969696971,5.1214479305679514,0.026978921956645217,1.5689754081716836,67
chr10,1744624,-0.0009742424242424243,5.1870846874150995,0.02627331880977362,1.5804850642625312,63
chr10,1754050,0.0007934966216216212,3.760279889779296,0.05669661553988917,1.24644286520269,69
chr10,1817274,-0.000713541666666666,2.9241896686440487,0.09195869044645183,1.0364072220039904,68
chr10,1830264,-0.0007843137254901951,3.7028843699480953,0.058504291194319616,1.2328122779577415,70
chr10,1830292,-0.0007843137254901951,3.7028843699480953,0.058504291194319616,1.2328122779577415,70
chr10,1830609,-0.0007575757575757574,3.3653459776581185,0.07102192115062937,1.1486075841629224,69
chr10,1830631,-0.0005886554621848737,1.9956924238477933,0.16237549851000083,0.7894795025867514,69
chr10,1839408,-0.0006939338235294115,2.6195326565211516,0.11047371271795743,0.9567410503019435,66
chr10,1937513,0.0004889400921658984,1.4713010084781684,0.2295986936895386,0.6390305872019341,66
chr10,2018042,0.0006471861471861473,2.55003464315819,0.1150691843243672,0.9390409654208272,68
chr10,2018053,0.0006471861471861473,2.55003464315819,0.1150691843243672,0.9390409654208272,68
chr10,2029758,-0.0008229166666666666,3.4589527629315797,0.06781432517008637,1.1686785556141597,62
chr10,2054996,-0.0007916666666666662,3.5844741988867135,0.0627071135999835,1.2026831892812535,68
chr10,2055171,0.0007843137254901953,3.7028843699480953,0.058504291194319616,1.2328122779577415,70
chr10,2061962,-0.0006623376623376623,2.654015979814975,0.10805292563821936,0.9663634696753872,68
chr10,2092253,-0.0006285714285714283,2.3348467650397358,0.1311459691001352,0.8822450533349412,70
chr10,2092340,0.000692540322580645,2.7724172777469116,0.10102978709849772,0.9955505622047285,63
chr10,2092478,-0.0006925403225806449,2.7724172777469116,0.10102978709849772,0.9955505622047285,63
chr10,2093786,0.0005393939393939394,1.6617120324323196,0.20187212955309794,0.6949236355724406,68
chr10,2130866,0.0007390046296296291,2.523251407167589,0.11771117975811497,0.9291822875670854,59
chr10,2130904,0.0007390046296296291,2.523251407167589,0.11771117975811497,0.9291822875670854,59
chr10,2148754,-0.0005852941176470589,1.9877269064648724,0.16320408878766174,0.787268964971404,69
chr10,2150054,-0.0004999999999999997,1.555158871831492,0.21691992806648505,0.6637005482543484,66
chr10,2153395,0.000602941176470588,2.0354823322203006,0.15837911092410956,0.8003020993161701,68
chr10,2153432,0.000602941176470588,2.0354823322203006,0.15837911092410956,0.8003020993161701,68
chr10,2154545,0.0007076648841354721,2.8668517299786354,0.09520948624917598,1.021319778291747,67
chr10,2208502,-0.0006285714285714283,2.3348467650397358,0.1311459691001352,0.8822450533349412,70
chr10,2215522,0.0005705882352941171,1.9060569110431718,0.17199046174959712,0.7644956375365195,69
chr10,2215545,0.0005393939393939394,1.6617120324323196,0.20187212955309794,0.6949236355724406,68
chr10,2217719,0.0005735294117647056,1.8493423234221253,0.17848737688366315,0.748392492961431,68
chr10,2238114,0.0005999999999999998,2.013825290595279,0.16057744654194847,0.7943154523960743,68
chr10,2240931,0.0006454545454545454,2.357782394246428,0.12943960573904034,0.8879328185502514,68
chr10,2240985,0.0006454545454545454,2.357782394246428,0.12943960573904034,0.8879328185502514,68
chr10,2280518,0.0005999999999999995,2.0757615204373856,0.15431237285161584,0.8115992505683951,69
chr10,2280546,0.0005999999999999995,2.0757615204373856,0.15431237285161584,0.8115992505683951,69
chr10,2280553,0.0005999999999999995,2.0757615204373856,0.15431237285161584,0.8115992505683951,69
chr10,2280554,0.0005999999999999995,2.0757615204373856,0.15431237285161584,0.8115992505683951,69
chr10,2280719,0.0005999999999999995,2.0757615204373856,0.15431237285161584,0.8115992505683951,69
chr10,2280760,0.0005999999999999995,2.0757615204373856,0.15431237285161584,0.8115992505683951,69
chr10,2295839,0.0007650537634408601,2.949201066188075,0.09116541221926049,1.0401698999551625,61
chr10,2295952,0.0005783549783549782,1.8824122563571426,0.17470583432529063,0.7576925914511256,68
chr10,2362399,-0.0005306722689075627,1.6129015039390255,0.20847744118230818,0.6809409320575437,69
chr10,2362628,-0.0005932765151515147,1.8832024577640833,0.1748369882347638,0.7573666833325146,65
chr10,2373392,-0.0006470588235294116,2.3753718024985027,0.12804351842870124,0.8926424006543051,68
chr10,2373439,-0.0006470588235294116,2.3753718024985027,0.12804351842870124,0.8926424006543051,68
chr10,2373458,-0.0006470588235294116,2.3753718024985027,0.12804351842870124,0.8926424006543051,68
chr10,2378997,-0.0005757575757575756,1.8081560914582757,0.18340323005560186,0.7365930199038865,67
chr10,2379753,-0.000441176470588235,1.2111573281135375,0.27510078176335306,0.560508175458997,68
chr10,2398209,-0.0006470588235294114,2.3606266627253807,0.12921268442962056,0.888694850834811,68
chr10,2399050,-0.000562337662337662,1.806821380859502,0.18349229456002164,0.7363821684708892,68
chr10,2426783,0.0005714285714285711,1.862594795691014,0.17689159483140376,0.7522928025061252,69
chr10,2427056,0.0005411255411255411,1.6287311169849896,0.20635142934999096,0.6853925185158415,68
chr10,2431279,0.0006643002028397564,2.295855235414309,0.13488474585011825,0.8700371620234657,63
chr10,2432192,0.0007297794117647055,2.8699140844633604,0.09511139463248403,1.0217674501543934,66
chr10,2432259,0.0007297794117647055,2.8699140844633604,0.09511139463248403,1.0217674501543934,66
chr10,2443235,0.000541125541125541,1.6287311169849898,0.20635142934999096,0.6853925185158415,68
chr10,2443240,0.000541125541125541,1.6287311169849898,0.20635142934999096,0.6853925185158415,68
chr10,2465562,0.0005865546218487393,1.9792658530390264,0.16408962363303087,0.7849188811126421,69
chr10,2491240,-0.0006881313131313129,2.749949113848585,0.10193252316247019,0.9916872254497726,69
chr10,2520683,0.000738288288288288,3.072410556758126,0.08434650436828274,1.0739329114746625,67
chr10,2526061,0.0006841216216216214,2.709652293742885,0.10442612555276033,0.9811908350121492,69
chr10,2560124,0.0006684966216216215,2.6029596997783315,0.11136491125242619,0.9532516246911679,69
chr10,2648087,0.000693996415770609,2.6521057543584945,0.10825056896270148,0.9655698123259846,67
chr10,2648130,0.000693996415770609,2.6521057543584945,0.10825056896270148,0.9655698123259846,67
chr10,2659414,0.0007159090909090906,2.9648353445296247,0.08970724047719847,1.047172502637175,69
chr10,2659448,0.0007095588235294115,2.7220499961748716,0.10387082138971081,0.9835064340515658,66
chr10,2687536,-0.0006377506538796857,2.304942449681161,0.13373894578313264,0.8737421045126157,68
chr10,2687623,0.0005716216216216214,1.8290437500225964,0.1809269807060796,0.7424966642179401,67
chr10,2695676,0.0006294802867383513,2.179069136754297,0.14472737682667536,0.8394493093774426,67
chr10,2740137,0.0003927364864864864,0.8694220848630035,0.35446335654749395,0.4504286543363966,69
chr10,2740372,0.0003447712418300653,0.6500897519885079,0.42331866159430154,0.3733325856512349,61
chr10,2740447,0.0005975975975975974,1.8247030250422056,0.1816640090330513,0.7407311058598455,64
chr10,2740561,0.00048648648648648635,1.2644886166501668,0.2650030423578038,0.5767491401325443,66
chr10,2740960,0.0004323529411764704,0.9814290821150341,0.32569688611423075,0.4871863935685979,64
chr10,2773848,-0.00037499999999999985,0.7373621476051796,0.3937119300734687,0.40482142522354553,66
chr10,3030740,0.00044444444444444425,1.1132818291136157,0.29521685087945293,0.5298588567572068,68
chr10,3030851,0.00038202764976958526,0.7825874990329631,0.3796624422861685,0.420602362867111,66
chr10,3061345,0.0004701704545454544,1.157774204992336,0.28603102760215643,0.5435868536349043,65
chr10,3120048,-0.00030089285714285727,0.4908772910008554,0.4860367056869067,0.31333093140576296,67
chr10,3160324,-0.00038005050505050505,0.8162727505850468,0.36950916684976376,0.4323747830800178,69
chr10,3176898,-0.0004285714285714285,1.0658307210031288,0.3055469907256359,0.5149219892070792,70
chr10,3176916,-0.0004285714285714285,1.0658307210031288,0.3055469907256359,0.5149219892070792,70
chr10,3194349,0.0004285714285714285,1.0658307210031288,0.3055469907256359,0.5149219892070792,70
chr10,3215623,0.0004285714285714285,1.0658307210031288,0.3055469907256359,0.5149219892070792,70
chr10,3227358,-0.00039705882352941154,0.8934846111510945,0.34793122748715155,0.4585065907501657,69
chr10,3228939,-0.00020449308755760362,0.2143398512802771,0.6451496938769374,0.1903395044625952,59
chr10,3334419,0.0004090909090909089,0.8911299564519759,0.3487214500753749,0.45752133807610224,66
chr10,3334663,-0.0004280303030303031,1.0558931570994239,0.30784925495682214,0.5116618931315622,69
chr10,3352328,-0.0005777126099706742,1.7816283675451943,0.1868305086851235,0.728552203739094,64
chr10,3377069,0.00039705882352941154,0.8934846111510945,0.34793122748715155,0.4585065907501657,69
chr10,3417538,0.00035539215686274496,0.728749066572203,0.39628620363462397,0.40199104699371757,70
chr10,3417745,0.00032196969696969704,0.583836975517624,0.44749488087808875,0.34921192843547566,69
chr10,3469429,-0.0003225806451612904,0.5639491867322511,0.4553836193838614,0.3416225954581329,67
chr10,3489351,0.0003651115618661258,0.6724093981155093,0.4154055414714489,0.3815277143141125,63
chr10,3510019,-0.0002554945054945056,0.29084792642802776,0.5917071334516018,0.22789319496163427,61
chr10,3528354,-0.00029605263157894755,0.5007363770250413,0.48159507278938685,0.3173179650046482,70
chr10,3552748,-0.00010714285714285695,0.06426387117886756,0.8006556700971402,0.09655421640997071,69
chr10,3552991,4.364224137931044e-05,0.010454730078076995,0.9189062558674126,0.03672879180878657,61
chr10,3553786,-0.00030790441176470584,0.5245464499742939,0.47154806498280755,0.32647403295230204,66
chr10,3569596,0.000273692810457516,0.4303276897454244,0.5140417803153037,0.2890015809600257,70
chr10,3569865,-0.0002736928104575161,0.4303276897454244,0.5140417803153037,0.2890015809600257,70
chr10,3573814,-0.0002847222222222222,0.4447936816573637,0.5071427596572342,0.29486977044150225,68
chr10,3573847,-0.00025178571428571426,0.3403062496856383,0.5616712191688007,0.2505178294199435,67
chr10,3573855,-0.00025178571428571426,0.3403062496856383,0.5616712191688007,0.2505178294199435,67
chr10,3608916,0.00026470588235294115,0.383638320775027,0.5377948098539777,0.26938339337834466,68
chr10,3613614,0.00016819852941176488,0.14694233162600623,0.7027450560843346,0.15320220103584736,66
chr10,3613876,-0.00020659722222222227,0.23333828491394942,0.6306580622902316,0.20020604790552313,68
chr10,3613908,-0.00020659722222222227,0.23333828491394942,0.6306580622902316,0.20020604790552313,68
chr10,3700182,0.0004532085561497327,1.1100542866479437,0.2959709654870447,0.5287508907898226,67
chr10,3751284,-0.0004411764705882351,1.0977231022731504,0.29853126891745885,0.5250101730535897,69
chr10,3751983,0.0004696969696969696,1.1917546827422836,0.27913328581852603,0.5541883720912015,65
chr10,3752344,0.0004696969696969695,1.1917546827422838,0.27913328581852603,0.5541883720912015,65
chr10,3752401,-0.0004696969696969695,1.1917546827422838,0.27913328581852603,0.5541883720912015,65
chr10,3830713,0.0002701680672268907,0.41809729969360765,0.520096948942196,0.28391569393033,69
chr10,3877905,-0.0002169117647058823,0.24700096235293026,0.6208977711364863,0.20697989915685513,66
chr10,3878334,-0.00019663865546218465,0.21524899524805224,0.6441879250950275,0.19098742002198887,69
chr10,3884179,-0.0002903225806451614,0.4220215352553017,0.5184094561044252,0.28532708526918127,62
chr10,3884250,0.0002903225806451614,0.4220215352553017,0.5184094561044252,0.28532708526918127,62
chr10,3884392,-0.00032711693548387105,0.5493741382907279,0.4614174915171906,0.33590594617077746,63
chr10,3906036,-0.00037500000000000006,0.7449933244325782,0.39139267145961687,0.40738731044716914,64
chr10,3925490,0.00012756598240469218,0.07880646522075557,0.7798560736224731,0.10798554115457637,64
chr10,3929705,0.00016512605042016805,0.15284275721455043,0.6970738284602037,0.15672122248323772,69
chr10,3929807,0.00016512605042016805,0.15284275721455043,0.6970738284602037,0.15672122248323772,69
chr10,3943405,0.0001867201426024955,0.19254007546298266,0.6622659981267309,0.17896754180500032,67
chr10,3947088,6.060606060606077e-05,0.020514390691978454,0.8865396508234465,0.0523018356426105,69
chr10,3956474,-9.017857142857146e-05,0.0431789793815509,0.83603832048852,0.07777381586804834,67
chr10,3968357,-0.0002816964285714287,0.45948158093408514,0.5002722435377351,0.3007935922850901,67
chr10,3968425,0.00028169642857142873,0.45948158093408514,0.5002722435377351,0.3007935922850901,67
chr10,3968461,-0.0002816964285714287,0.45948158093408514,0.5002722435377351,0.3007935922850901,67
chr10,3968495,-0.0002816964285714287,0.45948158093408514,0.5002722435377351,0.3007935922850901,67
chr10,3996883,0.0002252252252252254,0.2901014889808005,0.5919143892368397,0.22774110234914635,70
chr10,3996970,0.00018876689189189193,0.19886924782171508,0.6570729344726145,0.1823864214889524,69
chr10,3998066,0.00016359447004608306,0.13760859009544407,0.7118951653363468,0.14758395645880715,66
chr10,4003074,0.00011064189189189194,0.0727200430734197,0.7882456174407808,0.10333843520305377,69
chr10,4027455,9.615384615384637e-05,0.050877523373286486,0.8222299123282313,0.08500672784417539,69
chr10,4027521,9.615384615384637e-05,0.050877523373286486,0.8222299123282313,0.08500672784417539,69
chr10,4041030,6.0810810810810896e-05,0.019420567481401082,0.8895983940499964,0.05080600977264535,67
chr10,4060983,0.0001719015280135825,0.16399991780361686,0.6867903835901992,0.1631757944414511,69
chr10,4087335,0.00012948717948717958,0.09161609888528609,0.76307032715237,0.11743543414643039,69
chr10,4118406,-0.00012571157495256185,0.08068507012292972,0.7773026600097249,0.10940984609154261,65
chr10,4160691,-0.00013978494623655908,0.09771602007596193,0.7556369205032075,0.12168683055554393,64
chr10,4160719,-0.00013978494623655908,0.09771602007596193,0.7556369205032075,0.12168683055554393,64
chr10,4160723,-0.00013978494623655908,0.09771602007596193,0.7556369205032075,0.12168683055554393,64
chr10,4182180,-0.00018876689189189184,0.19886924782171508,0.6570729344726145,0.1823864214889524,69
chr10,4182230,-0.00018876689189189184,0.19886924782171508,0.6570729344726145,0.1823864214889524,69
chr10,4214083,-0.00014995640802092412,0.12241332830107277,0.7275456760147783,0.13813973606236774,68
chr10,4234117,-0.0001857638888888889,0.18731561484030024,0.6665713001300411,0.1761533892405647,68
chr10,4323180,0.00013037634408602137,0.09048776557945044,0.7645180883940922,0.1166122347816706,67
chr10,4329372,-6.239388794567045e-05,0.021559874699235933,0.8837049179166199,0.05369272810247686,69
chr10,4329394,-6.239388794567045e-05,0.021559874699235933,0.8837049179166199,0.05369272810247686,69
chr10,4331561,-9.546643417611133e-05,0.04949219864010829,0.8246362711421641,0.08373756692677768,68
chr10,4332799,-6.093189964157683e-05,0.019760938405254686,0.888641526261303,0.05127339601890219,67
chr10,4350238,7.368421052631563e-05,0.029102427677002867,0.8650646477235191,0.06295143577162846,68
chr10,4364996,1.3935810810810944e-05,0.001080687945124147,0.973872949227768,0.011497697175132712,69
chr10,4378738,-1.2205754141238038e-05,0.0008022658925983987,0.9774889740965524,0.00988813266972405,68
chr10,4402263,9.009009009008994e-05,0.046250494657697705,0.8303647963855558,0.08073107117622587,70
chr10,4402313,9.009009009008994e-05,0.046250494657697705,0.8303647963855558,0.08073107117622587,70
chr10,4415013,0.00016911764705882328,0.1550928789024019,0.695024219989159,0.1580000609863368,66
chr10,4428063,4.1666666666666496e-05,0.009768360408760446,0.9215643766987831,0.03547432135810229,69
chr10,4428151,4.1666666666666496e-05,0.009768360408760446,0.9215643766987831,0.03547432135810229,69
chr10,4428334,8.333333333333317e-05,0.03821448604049387,0.8456136671581063,0.07282800639672521,68
chr10,4443921,0.00021969696969696952,0.26564219551021095,0.6080740465429461,0.21604353249215036,65
chr10,4458697,-2.3719165085390914e-06,2.8976305752816642e-05,0.9957220459035864,0.0018618772161309047,65
chr10,4459192,9.009009009008994e-05,0.046250494657697705,0.8303647963855558,0.08073107117622587,70
chr10,4496217,0.0002619485294117645,0.3562877237207508,0.5526810071775736,0.25752545964421175,66
chr10,4496219,-0.0002619485294117645,0.3562877237207508,0.5526810071775736,0.25752545964421175,66
chr10,4503636,0.0001278966131907308,0.09022746366872551,0.7648468082465669,0.11642554131102291,67
chr10,4503652,-0.0001278966131907308,0.09022746366872551,0.7648468082465669,0.11642554131102291,67
chr10,4511703,0.0003729227761485823,0.7422693060673855,0.3922548251669148,0.4064317054071148,64
chr10,4511708,0.0003729227761485823,0.7422693060673855,0.3922548251669148,0.4064317054071148,64
chr10,4517886,0.00027369281045751595,0.4303276897454244,0.5140417803153037,0.2890015809600257,70
chr10,4587614,-0.00018749999999999973,0.18175895765472344,0.671342555842646,0.173055822378837,64
chr10,4594930,6.341911764705903e-05,0.021171869479327025,0.8847690243013325,0.053170090391194844,66
chr10,4598471,6.722689075630474e-06,0.0002525405562288436,0.9873681594732098,0.005520881965634898,69
chr10,4598595,2.525252525252758e-06,3.5604379019813846e-05,0.9952568297642302,0.0020648334688173485,69
chr10,4609427,-3.030303030303012e-05,0.004882514494964748,0.9445110336334178,0.024792964350808504,66
chr10,4614481,-3.529411764705898e-05,0.006912892396923795,0.9339851058300017,0.029660049366714382,69
chr10,4614587,3.0303030303027683e-06,4.983362902725733e-05,0.9943888398365537,0.0024437584860817134,68
chr10,4614630,3.0303030303027683e-06,4.983362902725733e-05,0.9943888398365537,0.0024437584860817134,68
chr10,4622829,-6.722689075630476e-06,0.0002525405562288436,0.9873681594732098,0.005520881965634898,69
chr10,4661361,-6.017316017315997e-05,0.020128562819989215,0.8876108019147171,0.05177742119508754,68
chr10,4675274,-8.428030303030286e-05,0.03710424734826533,0.847872559867314,0.071669419801827,65
chr10,4681532,3.9826839826840064e-05,0.008680030708524335,0.9260533848877532,0.03336397649961988,68
chr10,4689773,-3.0303030303027688e-06,4.983362902725733e-05,0.9943888398365537,0.0024437584860817134,68
chr10,4689777,-3.0303030303027688e-06,4.983362902725733e-05,0.9943888398365537,0.0024437584860817134,68
chr10,4689812,-3.0303030303027688e-06,4.983362902725733e-05,0.9943888398365537,0.0024437584860817134,68
chr10,4807154,2.2281639928698887e-05,0.002699658430908814,0.9587213202629343,0.01830761458178708,67
chr10,4807192,2.2281639928698887e-05,0.002699658430908814,0.9587213202629343,0.01830761458178708,67
chr10,4811142,0.0001552287581699348,0.13783407131571324,0.7115980327981964,0.14776526118686042,70
chr10,4813662,-0.00015522875816993478,0.13783407131571324,0.7115980327981964,0.14776526118686042,70
chr10,4835099,-0.00012268907563025224,0.08421719782861435,0.7725580141636315,0.11206889794181595,69
chr10,4855908,-0.00012268907563025227,0.08421719782861435,0.7725580141636315,0.11206889794181595,69
chr10,4855947,-0.0002084033613445379,0.2456462693673443,0.6217793114583188,0.20636373238766023,69
chr10,4855984,-8.614718614718634e-05,0.04057677050348205,0.8409766178208055,0.07521607898516403,68
chr10,4856072,-8.614718614718634e-05,0.04057677050348205,0.8409766178208055,0.07521607898516403,68
chr10,4856088,-8.614718614718634e-05,0.04057677050348205,0.8409766178208055,0.07521607898516403,68
chr10,4877013,-7.98319327731094e-05,0.03669230136747751,0.8486722056224458,0.07126002092039148,69
chr10,4877043,7.983193277310931e-05,0.03669230136747751,0.8486722056224458,0.07126002092039148,69
chr10,4877045,7.983193277310931e-05,0.03669230136747751,0.8486722056224458,0.07126002092039148,69
chr10,4899157,-7.986111111111133e-05,0.034824327357056484,0.8525366814249031,0.06928692588654567,68
chr10,4899199,-7.986111111111133e-05,0.034824327357056484,0.8525366814249031,0.06928692588654567,68
chr10,4932666,-0.00014393939393939412,0.10530202624100786,0.7466324801980014,0.12689312120861873,65
chr10,4934442,0.0001397849462365589,0.10155963626110127,0.7510370980303956,0.12433861017031257,64
chr10,4934684,0.0001397849462365589,0.10155963626110127,0.7510370980303956,0.12433861017031257,64
chr10,4940483,3.700657894736868e-05,0.007767700075393086,0.930028774824632,0.03150361429097832,70
chr10,4954779,-3.8200339558571985e-06,8.078995696433597e-05,0.9928551622130046,0.0031141017961925635,69
chr10,4958618,0.0001442894507410639,0.115101776282554,0.7354861202262313,0.13342551867545244,68
chr10,4968564,-0.0002370071684587817,0.3057440138581391,0.5822004051099781,0.23492749670386068,67
chr10,4968592,0.0002370071684587817,0.3057440138581391,0.5822004051099781,0.23492749670386068,67
chr10,5012672,0.00036659663865546235,0.7148237560158702,0.401206168983947,0.3966323978473085,62
chr10,5012680,-0.0003665966386554623,0.7148237560158702,0.401206168983947,0.3966323978473085,62
chr10,5017010,-0.0003344594594594596,0.628303495311172,0.4307761560535398,0.36574834339856344,69
chr10,5048014,-0.000368550368550369,0.782400589101624,0.37952490504009284,0.4207597197247843,70
chr10,5051352,0.0002981691368788144,0.5185100305008918,0.4740204130171295,0.32420295564698953,68
chr10,5051541,0.00021752397558849206,0.27561062081068416,0.6013518445815633,0.22087135254053242,68
chr10,5084196,0.0004178571428571431,0.947718057113272,0.3339098565438937,0.47637076100120335,67
chr10,5084270,0.0004840336134453783,1.3364500545426197,0.2517666972044044,0.5990017173452665,69
chr10,5111416,-0.0006699346405228756,2.6624244767525873,0.10736705999591073,0.969128938899592,70
chr10,5117466,-0.0006699346405228756,2.6624244767525873,0.10736705999591073,0.969128938899592,70
chr10,5128940,-0.0006736111111111115,2.556804005286582,0.11459712293649847,0.9408262855840519,68
chr10,5129011,-0.0006736111111111115,2.556804005286582,0.11459712293649847,0.9408262855840519,68
chr10,5139442,-0.0006414141414141419,2.3785996183298597,0.1277180163883072,0.8937478351866345,69
chr10,5139490,-0.0006414141414141419,2.3785996183298597,0.1277180163883072,0.8937478351866345,69
chr10,5142952,-0.0006414141414141419,2.3785996183298597,0.1277180163883072,0.8937478351866345,69
chr10,5142961,-0.0006414141414141419,2.3785996183298597,0.1277180163883072,0.8937478351866345,69
chr10,5142962,-0.0006414141414141419,2.3785996183298597,0.1277180163883072,0.8937478351866345,69
chr10,5142981,-0.0006414141414141419,2.3785996183298597,0.1277180163883072,0.8937478351866345,69
chr10,5165771,0.0007963458110516936,3.555359819777299,0.063823752290378,1.1950176665934409,67
chr10,5165796,0.0007963458110516936,3.555359819777299,0.063823752290378,1.1950176665934409,67
chr10,5165892,0.0007205882352941178,2.967416950676015,0.08964051028980811,1.0474956798543231,68
chr10,5179172,0.0008455882352941173,4.34245153190564,0.04093377430530205,1.3879182093153004,70
chr10,5179181,0.0008455882352941173,4.34245153190564,0.04093377430530205,1.3879182093153004,70
chr10,5214262,0.0008455882352941173,4.34245153190564,0.04093377430530205,1.3879182093153004,70
chr10,5214384,0.0008205882352941175,3.990234876453043,0.04982750777713157,1.3025308343964155,69
chr10,5231279,0.0008187500000000003,3.757088216995554,0.05692917858615951,1.2446650824465217,67
chr10,5251435,0.0008756684491978613,4.348668224863804,0.04096894134941258,1.3875452582106014,67
chr10,5338831,0.001101010101010101,7.528794771637457,0.007784238144296033,2.1087838861040926,69
chr10,5338865,0.001101010101010101,7.528794771637457,0.007784238144296033,2.1087838861040926,69
chr10,5345764,0.001101010101010101,7.528794771637457,0.007784238144296033,2.1087838861040926,69
chr10,5345903,-0.0011220311220311227,8.014251554760733,0.00609800875133732,2.2148119567081292,70
chr10,5346052,0.0010764705882352944,6.710152452687089,0.011934677058315944,1.923189328118382,64
chr10,5349164,-0.0010980819529206628,7.220559304355414,0.009110909424056854,2.040438270871438,68
chr10,5349239,0.0010980819529206626,7.220559304355414,0.009110909424056854,2.040438270871438,68
chr10,5375384,-0.0011220311220311227,8.014251554760733,0.00609800875133732,2.2148119567081292,70
chr10,5401277,-0.0009441558441558447,5.259109198209645,0.025025226071895036,1.6016219905186517,68
chr10,5469009,0.0009635416666666665,5.256812900265852,0.025210980357051504,1.598410265970539,65
chr10,5469063,0.0009635416666666665,5.256812900265852,0.025210980357051504,1.598410265970539,65
chr10,5478615,-0.0008986486486486483,4.812292599935219,0.03173096706379422,1.4985166917171298,69
chr10,5504438,0.0009213759213759221,5.204379025740255,0.025666868981350163,1.5906271062820756,70
chr10,5722461,0.0009787059787059792,5.930425112013415,0.017509446284919218,1.7567275877375967,70
chr10,5745187,0.0010567434210526326,6.983637013307906,0.01020057817123517,1.9913752116242798,70
chr10,5745743,0.0010350506756756756,6.543689034851238,0.012793279344226229,1.8930181170888996,69
chr10,5757109,-0.0013064516129032257,9.728647686832728,0.002786685262782551,2.5549120791358257,62
chr10,5776496,0.0010399305555555554,6.425270031905387,0.01362941301405426,1.8655228477784305,68
chr10,5796325,0.0011199596774193546,7.250588209576988,0.009138051259476332,2.0391464101186507,63
chr10,5796327,0.0011199596774193546,7.250588209576988,0.009138051259476332,2.0391464101186507,63
chr10,5821554,0.001101010101010101,7.528794771637457,0.007784238144296033,2.1087838861040926,69
chr10,5859602,-0.001133333333333334,8.551580650754207,0.0047697491166110734,2.321504463755877,66
chr10,5874346,0.001101010101010101,7.528794771637457,0.007784238144296033,2.1087838861040926,69
chr10,5888757,0.001101010101010101,7.528794771637457,0.007784238144296033,2.1087838861040926,69
chr10,5888782,0.001101010101010101,7.528794771637457,0.007784238144296033,2.1087838861040926,69
chr10,5888907,0.0012178571428571431,8.958856843482728,0.003901083725056371,2.408814728760297,67
chr10,5931005,-0.0011502164502164506,8.11838251672474,0.00583889994843086,2.233668966471039,68
chr10,5934519,0.0010593750000000002,6.6015924404403465,0.012492009778490538,1.903367684484841,67
chr10,5935930,0.001193073593073593,9.11526900465021,0.0036013545318260873,2.4435341228284626,68
chr10,5935977,0.0012836174242424245,10.057424195410656,0.002344497672558036,2.6299501940600023,65
chr10,5937795,0.0011510416666666663,8.103679644429247,0.00588114506312442,2.2305381082467495,68
chr10,5945859,0.001101010101010101,7.528794771637457,0.007784238144296033,2.1087838861040926,69
chr10,5945860,0.001122031122031123,8.014251554760733,0.00609800875133732,2.2148119567081292,70
chr10,5946025,0.0011287878787878786,8.495022624434387,0.0049250983224914495,2.307585095016268,65
chr10,5951174,-0.0010503472222222218,6.7396654222925445,0.011611258221385014,1.9351207166096767,68
chr10,5953045,-0.001122031122031123,8.014251554760733,0.00609800875133732,2.2148119567081292,70
chr10,5963324,-0.0011502164502164504,8.118382516724738,0.00583889994843086,2.233668966471039,68
chr10,5963335,-0.0011502164502164504,8.118382516724738,0.00583889994843086,2.233668966471039,68
chr10,5963394,-0.0011502164502164504,8.118382516724738,0.00583889994843086,2.233668966471039,68
chr10,5965626,0.001122031122031123,8.014251554760733,0.00609800875133732,2.2148119567081292,70
chr10,5979088,-0.0009703947368421059,5.795672123440957,0.018785048649025807,1.726187675874693,70
chr10,5988293,0.0009703947368421062,5.795672123440957,0.018785048649025807,1.726187675874693,70
chr10,5988342,-0.0009703947368421059,5.795672123440957,0.018785048649025807,1.726187675874693,70
chr10,5988422,0.000947635135135135,5.3997464824439,0.02318190076834409,1.634850957528605,69
chr10,5993996,-0.0009636062861869316,5.672484840960321,0.020037441753235883,1.6981577270849608,70
chr10,5994237,-0.0009187192118226605,4.85117692526419,0.031354222083213826,1.5037039698578116,64
chr10,5994268,-0.0009187192118226605,4.85117692526419,0.031354222083213826,1.5037039698578116,64
chr10,5999386,-0.0009380952380952384,5.997078684206006,0.0171240387640927,1.7663937977138962,65
chr10,5999909,-0.0011522556390977442,7.840936926327497,0.006745310009967477,2.1709980856474838,66
chr10,6014401,-0.0009636062861869316,5.672484840960321,0.020037441753235883,1.6981577270849608,70
chr10,6015044,-0.0009636062861869316,5.672484840960321,0.020037441753235883,1.6981577270849608,70
chr10,6017015,0.000996396396396396,5.967262825019663,0.017300623091094893,1.7619382552439684,67
chr10,6017098,-0.000996396396396396,5.967262825019663,0.017300623091094893,1.7619382552439684,67
chr10,6019543,-0.0010067911714770803,6.118931699539355,0.015915102255191216,1.7981905666739786,69
chr10,6019556,0.0010067911714770803,6.118931699539355,0.015915102255191216,1.7981905666739786,69
chr10,6019557,-0.0010067911714770803,6.118931699539355,0.015915102255191216,1.7981905666739786,69
chr10,6019574,-0.0010067911714770803,6.118931699539355,0.015915102255191216,1.7981905666739786,69
chr10,6050473,-0.0009636062861869316,5.672484840960321,0.020037441753235883,1.6981577270849608,70
chr10,6052633,-0.0009636062861869316,5.672484840960321,0.020037441753235883,1.6981577270849608,70
chr10,6052905,0.0009636062861869316,5.672484840960321,0.020037441753235883,1.6981577270849608,70
chr10,6055591,-0.0009636062861869316,5.672484840960321,0.020037441753235883,1.6981577270849608,70
chr10,6059546,0.0009636062861869316,5.672484840960321,0.020037441753235883,1.6981577270849608,70
chr10,6067357,-0.0009076923076923078,4.94360950288773,0.029563795058861253,1.5292398169845633,69
chr10,6067383,-0.0009076923076923078,4.94360950288773,0.029563795058861253,1.5292398169845633,69
chr10,6067433,-0.0009076923076923078,4.94360950288773,0.029563795058861253,1.5292398169845633,69
chr10,6067769,-0.0009636062861869316,5.672484840960321,0.020037441753235883,1.6981577270849608,70
chr10,6068082,-0.0009410016977928694,5.289355676254214,0.02457855029374876,1.6094437365021532,69
chr10,6069835,0.0008943050193050196,4.4060317459347536,0.03982530253064335,1.3998409164209935,65
chr10,6070001,0.0008943050193050196,4.4060317459347536,0.03982530253064335,1.3998409164209935,65
chr10,6070035,0.0008943050193050196,4.4060317459347536,0.03982530253064335,1.3998409164209935,65
chr10,6103156,0.0007854969574036516,3.309401360498996,0.073793360064627,1.1319827142884227,63
chr10,6104783,0.0008382882882882883,4.179875128393061,0.04496108584377159,1.3471632087765462,67
chr10,6104871,0.0008382882882882883,4.179875128393061,0.04496108584377159,1.3471632087765462,67
chr10,6104999,0.0008138888888888893,3.848676546714022,0.054137525397214496,1.2665015995240727,66
chr10,6116852,0.0010462648556876066,6.875270241471495,0.010807686182485494,1.9662672742000837,69
chr10,6116905,0.0010462648556876066,6.875270241471495,0.010807686182485494,1.9662672742000837,69
chr10,6116960,-0.0010462648556876066,6.875270241471495,0.010807686182485494,1.9662672742000837,69
chr10,6117432,0.0009410016977928694,5.289355676254214,0.02457855029374876,1.6094437365021532,69
chr10,6117455,0.0009410016977928694,5.289355676254214,0.02457855029374876,1.6094437365021532,69
chr10,6163575,-0.0008474358974358976,4.196225910413387,0.0444349779500861,1.352275031005069,69
chr10,6163581,-0.0008474358974358976,4.196225910413387,0.0444349779500861,1.352275031005069,69
chr10,6163737,-0.0008474358974358976,4.196225910413387,0.0444349779500861,1.352275031005069,69
chr10,6210759,-0.000877070619006103,4.597782415718593,0.035700601289941875,1.4473244691901972,68
chr10,6213739,0.0009518018018018014,5.387877240308366,0.023423822328694218,1.6303422347627683,67
chr10,6252115,0.0007000000000000004,2.807274879957911,0.09849899613267983,1.0065681956573056,69
chr10,6252135,-0.0007131578947368425,2.8415208223170922,0.0965799068764569,1.015113217687592,68
chr10,6252165,0.0007000000000000004,2.807274879957911,0.09849899613267983,1.0065681956573056,69
chr10,6291245,-0.0007166821994408204,2.7664774061277457,0.10114770461343321,0.9950439684050988,66
chr10,6317979,-0.0006857142857142857,2.6145003941054528,0.11066099876043382,0.9560054144201879,68
chr10,6317984,-0.0006857142857142857,2.6145003941054528,0.11066099876043382,0.9560054144201879,68
chr10,6318042,0.0006857142857142857,2.6145003941054528,0.11066099876043382,0.9560054144201879,68
chr10,6340888,0.0007945945945945945,3.546400455150648,0.06415038540580799,1.192800730105687,67
chr10,6366095,-0.0009653846153846157,5.549077863330008,0.02142530635871029,1.6690729594189475,69
chr10,6366096,-0.0009653846153846157,5.549077863330008,0.02142530635871029,1.6690729594189475,69
chr10,6392737,-0.0010162162162162165,5.1566215841612975,0.0267605448213071,1.572505048958076,62
chr10,6543122,-0.0008957106812447438,4.760534509528332,0.03257893536999092,1.4870631118781168,70
chr10,6603842,-0.0009029922779922781,4.4122288389090185,0.039690686440521886,1.4013113900131475,65
chr10,6663276,-0.0008445945945945947,3.7273518998845123,0.05803157465984868,1.236335644896354,65
chr10,6663336,-0.0009305555555555557,4.637749952390025,0.03517253526058657,1.4537963263091658,64
chr10,6742013,-0.0008222811671087534,3.8964357927061273,0.05257675353220951,1.2792062338739238,68
chr10,6742183,-0.0007990018148820326,3.5981546371953486,0.06228842096718107,1.205592678500271,67
chr10,6756961,-0.0008336206896551722,3.991862142251971,0.04978223617655759,1.3029255991431072,69
chr10,6757456,-0.0008074011774600508,3.818004364561523,0.054819050014927255,1.2610684948244264,70
chr10,6757577,-0.0007836206896551724,3.5237704875772677,0.06484920244679776,1.1880953607531424,69
chr10,6780230,0.0006707875457875455,2.430279043053696,0.12386770755153642,0.907041899920212,67
chr10,6837543,0.0006851851851851854,2.599148237539286,0.11169327900917354,0.9519729591766665,68
chr10,6858320,0.0006923076923076924,2.4373540856031095,0.12391625795276782,0.9068717099599706,60
chr10,6858425,-0.0007407407407407408,2.9155499736479196,0.09250221962185727,1.0338478460938425,67
chr10,6858427,-0.0007407407407407408,2.9155499736479196,0.09250221962185727,1.0338478460938425,67
chr10,6858430,-0.0007407407407407408,2.9155499736479196,0.09250221962185727,1.0338478460938425,67
chr10,6858449,-0.0007743902439024394,3.3723107224264814,0.07073743037190451,1.1503507205400938,69
chr10,6875755,0.0006285714285714285,2.1474191047798676,0.14755772318764682,0.8310380545476326,68
chr10,6906247,0.0006657509157509159,2.373269590912291,0.12828281830196747,0.8918315074312514,67
chr10,7019892,-0.000246031746031746,0.2876407274526779,0.5937193478678731,0.22641879824365485,62
chr10,7056854,-8.749999999999976e-05,0.041746480244618835,0.8387421955414407,0.07637150789485107,67
chr10,7056922,8.749999999999981e-05,0.041746480244618835,0.8387421955414407,0.07637150789485107,67
chr10,7113833,0.0001630067567567568,0.15083433282837252,0.698970670477441,0.15554104731160456,69
chr10,7113880,0.0001630067567567568,0.15083433282837252,0.698970670477441,0.15554104731160456,69
chr10,7118549,-0.00012500000000000014,0.08727669858201148,0.7685818560882689,0.11430987214040991,69
chr10,7118582,-0.00012500000000000014,0.08727669858201148,0.7685818560882689,0.11430987214040991,69
chr10,7137275,5.5555555555555606e-05,0.017236943658348138,0.8959397054115937,0.04772121632908898,69
chr10,7162965,5.5555555555555606e-05,0.017236943658348138,0.8959397054115937,0.04772121632908898,69
chr10,7163065,-9.009009009009012e-05,0.046250494657697705,0.8303647963855558,0.08073107117622587,70
chr10,7172424,8.912655971479586e-06,0.0004196800772313549,0.9837183619207017,0.007129222067908102,67
chr10,7172827,-1.7316017316017362e-05,0.001630829598074813,0.9679092738675675,0.014165348998705089,68
chr10,7187429,0.00017741935483870982,0.15888995885493984,0.691595607156163,0.16014777392023358,62
chr10,7189427,-0.00010752688172043015,0.05868463804829623,0.8093866759264293,0.09184394921459921,64
chr10,7238505,-0.00024054621848739493,0.2862513281311647,0.5946102518891696,0.22576760723919903,62
chr10,7259626,0.000338655462184874,0.6592899332924601,0.4196862325301297,0.37707527723660084,69
chr10,7306930,0.00014055299539170494,0.10379966469444536,0.7483667293147015,0.12588552848926512,66
chr10,7433461,-0.0002673076923076924,0.35951021129667776,0.5508952808708911,0.25893094790351584,66
chr10,7433687,-0.0003283783783783783,0.588318561444979,0.4458471414471721,0.3508140134960422,67
chr10,7433688,-0.0003283783783783783,0.588318561444979,0.4458471414471721,0.3508140134960422,67
chr10,7433695,-0.0002526315789473684,0.34373212836607997,0.5596827042759662,0.25205811377143555,68
chr10,7433707,-0.0003283783783783783,0.588318561444979,0.4458471414471721,0.3508140134960422,67
chr11,74260,0.0006732804232804236,2.4917846196734272,0.1191519678271614,0.9238987807667874,69
chr11,110261,-0.0006503014642549527,2.36968018362382,0.1283531457606017,0.8915934828964811,70
chr11,113052,-0.0007022727272727273,2.2539845038221067,0.13851548357027652,0.8585016774783674,62
chr11,116260,-0.0006851851851851854,2.533867305061555,0.11620551045816685,0.9347732772397334,68
chr11,127137,0.0006890243902439025,2.4894783606431083,0.11946445948637968,0.9227612775164683,67
chr11,127182,0.0006890243902439025,2.4894783606431083,0.11946445948637968,0.9227612775164683,67
chr11,139566,-0.000587543554006969,1.9307435104904218,0.16927754764030958,0.7714006413154891,69
chr11,218986,0.0005176834659593283,1.4913798740398851,0.22634704745053336,0.6452251662197742,68
chr11,274654,0.0003605128205128208,0.630498125684798,0.43020140579261257,0.36632817477845675,64
chr11,274694,-0.0003605128205128208,0.630498125684798,0.43020140579261257,0.36632817477845675,64
chr11,287620,0.0004309309309309311,0.9564072388292257,0.33189435628356123,0.4790001325138005,64
chr11,304803,-0.00035694444444444467,0.6948845397037455,0.4075607855652954,0.38980760933660585,67
chr11,304820,-0.00035694444444444467,0.6948845397037455,0.4075607855652954,0.38980760933660585,67
chr11,310346,0.00032294489611562824,0.5507568586273136,0.46064159838686325,0.33663684549875134,68
chr11,310485,0.0004202961672473871,0.9659752084104642,0.3292218950341279,0.4825112895706442,69
chr11,342933,-0.00031785714285714284,0.544675699343052,0.463117521725677,0.33430878746902737,68
chr11,461985,0.000386904761904762,0.8310794197196953,0.36518115904642023,0.43749163730765134,70
chr11,487161,0.00038035714285714306,0.7719175862717047,0.38281193245908696,0.4170145334856587,68
chr11,499082,0.0003593205574912894,0.7039181017554267,0.4044538374757708,0.3931310396230344,69
chr11,499134,-0.0003593205574912894,0.7039181017554267,0.4044538374757708,0.3931310396230344,69
chr11,517277,-0.0003593205574912894,0.7039181017554267,0.4044538374757708,0.3931310396230344,69
chr11,525806,-0.00031250000000000006,0.4689342241594922,0.4959896065563958,0.3045274240390331,65
chr11,530317,0.0005291666666666668,1.4893433148354525,0.22672736642908836,0.6444960565305754,67
chr11,534141,-0.0006201550387596901,2.1482870964557264,0.1473380140104539,0.8316851883572978,70
chr11,540650,0.0006201550387596902,2.1482870964557264,0.1473380140104539,0.8316851883572978,70
chr11,556009,0.0005886243386243388,1.883960230255452,0.1744620546609882,0.7582990170907598,69
chr11,559521,-0.0006413461538461539,2.1875151303106284,0.14403901606862274,0.841519853958814,66
chr11,649078,-0.0005957142857142861,1.9502766898765294,0.16730768420193026,0.7764841120569813,67
chr11,649115,-0.0005957142857142861,1.9502766898765294,0.16730768420193026,0.7764841120569813,67
chr11,662743,0.0005299642218246868,1.5089843947916968,0.22359172629209642,0.6505442709652557,69
chr11,669403,0.0007564102564102566,2.908731014879883,0.09318895833659425,1.030635542770148,63
chr11,669470,0.0006791666666666667,2.28694592223197,0.13554725289692113,0.8679092797345317,64
chr11,710488,0.0006011904761904763,1.7743810794724089,0.18756503790928183,0.7268481108296604,66
chr11,745614,-0.0005694444444444448,1.7154158505417705,0.19475748249285318,0.7105058479407276,69
chr11,753224,0.0005837209302325581,1.7962525530745805,0.18476190102572923,0.7333875779218277,68
chr11,764072,-0.0006444444444444444,2.251230169664997,0.13813729143269168,0.859689063802351,70
chr11,767645,-0.0006444444444444444,2.251230169664997,0.13813729143269168,0.859689063802351,70
chr11,779206,-0.0006047619047619048,1.9143060084943633,0.17121907829562222,0.7664478451677487,67
chr11,779409,-0.0006534883720930233,2.2457544876943834,0.1387495882225537,0.8577682970913263,68
chr11,825483,-0.00012674825174825176,0.0858240795462017,0.7704467969559665,0.11325734602565085,70
chr11,828259,-0.0001776190476190476,0.1617614964320889,0.6888594532024441,0.16186937740298968,67
chr11,836629,-0.00012190476190476197,0.07388761486746853,0.78661982593979,0.10423511184472924,67
chr11,849287,-1.259689922480629e-05,0.0007939220479126651,0.9776076151979715,0.009835424096635044,67
chr11,849288,-1.259689922480629e-05,0.0007939220479126651,0.9776076151979715,0.009835424096635044,67
chr11,933290,0.00019465290806754227,0.19882307714371977,0.6571542742547041,0.18233266302415843,67
chr11,955218,0.00011720930232558137,0.07047185560632772,0.7914784286393717,0.10156091712575846,68
chr11,958064,0.00022868217054263553,0.2603418622960494,0.6116137597921262,0.21352275260149042,67
chr11,958129,0.00022868217054263553,0.2603418622960494,0.6116137597921262,0.21352275260149042,67
chr11,958326,0.00019696969696969693,0.1958706312586985,0.6595218737696407,0.18077079602372914,68
chr11,1064288,-0.00015619136960600387,0.12692460142100276,0.7227960821198349,0.14098421017633533,67
chr11,1100559,-3.135888501742163e-05,0.0053060901243364945,0.9421481461792178,0.02588080208031701,69
chr11,1100615,-3.135888501742163e-05,0.0053060901243364945,0.9421481461792178,0.02588080208031701,69
chr11,1189763,0.0001548717948717949,0.11884881775161792,0.7314531387510664,0.13581349214117872,64
chr11,1189789,-0.00012249999999999997,0.07565272058812632,0.7841775700987357,0.10558558402211832,65
chr11,1217604,3.571428571428578e-05,0.00696011642376526,0.9337642961826387,0.02976273596026296,68
chr11,1242489,-3.653846153846155e-05,0.0069992523305594054,0.9335866763756084,0.029845354925241905,66
chr11,1242497,-3.653846153846155e-05,0.0069992523305594054,0.9335866763756084,0.029845354925241905,66
chr11,1280216,0.00014487179487179485,0.11550428110407475,0.7350257007430834,0.13369747520728664,69
chr11,1280282,0.00014487179487179485,0.11550428110407475,0.7350257007430834,0.13369747520728664,69
chr11,1280361,0.00014487179487179485,0.11550428110407475,0.7350257007430834,0.13369747520728664,69
chr11,1290992,0.000208976833976834,0.23252405620945407,0.6313296991592978,0.1997437800095449,65
chr11,1291000,0.000208976833976834,0.23252405620945407,0.6313296991592978,0.1997437800095449,65
chr11,1296006,1.3066202090593608e-06,9.211233800770187e-06,0.9975874415382671,0.0010490267558187893,69
chr11,1348750,-3.596491228070198e-05,0.006976781916736691,0.9336852321024591,0.029799510280788543,68
chr11,1356678,-2.4731182795698833e-05,0.003120594151687974,0.9556402682214237,0.01970555848484294,61
chr11,1538306,3.589743589743588e-05,0.0072911646541750615,0.9322073320937925,0.030487485531997722,69
chr11,1650678,-0.00010175438596491232,0.05596412230519173,0.8137251146302166,0.0895222798296309,68
chr11,1650745,-0.00010175438596491232,0.05596412230519173,0.8137251146302166,0.0895222798296309,68
chr11,1660636,1.1904761904761861e-05,0.0006775357742020319,0.9793216365754652,0.009074650332546199,61
chr11,1673245,-4.761904761904774e-05,0.011899460123605883,0.9134714188445032,0.0393050365241452,67
chr11,1674210,5.8333333333333245e-05,0.01808455220165123,0.8934459822575854,0.048931699808169235,66
chr11,1742989,-0.00027747747747747736,0.4081469470923963,0.525156435788383,0.2797113078708888,67
chr11,1825352,-0.00032459677419354843,0.5362271362271397,0.4668048818702317,0.3308646107281744,63
chr11,1849451,0.00048611111111111093,1.385523309080695,0.24332727825953948,0.613809201658885,69
chr11,1849516,-0.00048611111111111093,1.385523309080695,0.24332727825953948,0.613809201658885,69
chr11,1849565,-0.00040000000000000013,0.8341479309221289,0.3647313565277688,0.43802689810221584,62
chr11,1853774,-0.00040540540540540555,0.948997716315653,0.3334273201483221,0.47699881811462735,70
chr11,1853816,0.00040540540540540555,0.948997716315653,0.3334273201483221,0.47699881811462735,70
chr11,1870211,0.0005028462998102466,1.3563880545078364,0.2485556737842743,0.6045763187648626,65
chr11,1870330,0.0004393382352941176,1.0473185649928691,0.309978225688998,0.508668811956826,66
chr11,1870334,0.0004393382352941176,1.0473185649928691,0.309978225688998,0.508668811956826,66
chr11,1870365,0.00035388888888888894,0.592157922360293,0.44465583808203135,0.351976001267655,61
chr11,1875144,0.00023032407407407398,0.2650423156401422,0.6086676675074616,0.21561976740427855,59
chr11,1875149,0.00024553571428571414,0.3122191673562346,0.5784726383741569,0.23771717825786143,60
chr11,1880443,-0.0003550420168067226,0.7332814637402952,0.394873919247437,0.40354154973007855,69
chr11,1898871,-0.00034112554112554103,0.6390207745856055,0.4269332394990928,0.3696400312605522,68
chr11,1907197,-0.0002264705882352939,0.290276911777123,0.5918288342724769,0.22780387956002954,69
chr11,1922638,0.0004393939393939395,1.0811617336189099,0.3022901813960384,0.5195759587923163,67
chr11,1924721,0.0003492647058823529,0.639941146686786,0.42669147480401204,0.3698860341562995,66
chr11,1924859,0.00024688057040998226,0.32739539812264207,0.5691705478718919,0.24475758087807106,67
chr11,1964515,0.00032291666666666645,0.5904322165644198,0.44499281513695255,0.3516470010900014,68
chr11,2020687,-0.0003100840336134452,0.5421040725070828,0.4641321744838621,0.3333583244565046,69
chr11,2020824,-0.0003100840336134452,0.5421040725070828,0.4641321744838621,0.3333583244565046,69
chr11,2027138,-0.0004742063492063492,1.1054425888099246,0.2971555511227886,0.5270161523333262,64
chr11,2027930,-0.00041981981981981976,0.9344504876571668,0.3372921562770008,0.47199375820369716,67
chr11,2077425,0.0002566820276497695,0.35543694253359803,0.5531542958262896,0.2571537105049377,66
chr11,2109354,0.0004285714285714285,0.8808664259927828,0.35166595837368153,0.45386966980077026,63
chr11,2123934,-0.0003698198198198197,0.734249467642861,0.3946574425534606,0.40377970274225544,67
chr11,2125065,0.00039990421455938683,0.8059804890194895,0.372729494560319,0.4286062396100717,65
chr11,2125408,0.00037212643678160906,0.7015891619899358,0.40541667076774546,0.39209839705005567,65
chr11,2131747,0.00042588042588042593,1.0487925356124728,0.3094148138437471,0.5094588974350264,70
chr11,2138878,-0.0004386409736308317,0.9933184232384255,0.32286989906766295,0.4909724420629654,63
chr11,2178990,0.00010976702508960578,0.06411506048946533,0.8009054472263599,0.096418752544581,67
chr11,2179228,0.00014756944444444436,0.1188443499150515,0.7313874295257778,0.13585250822343814,68
chr11,2190081,-0.00013923013923013914,0.1105704743300042,0.7405185113582202,0.13046408058606349,70
chr11,2190428,-0.00013923013923013914,0.1105704743300042,0.7405185113582202,0.13046408058606349,70
chr11,2194872,0.00017676767676767669,0.17491683059014468,0.6771160329615635,0.1693369027225894,69
chr11,2194920,0.00012326388888888877,0.08366832332156625,0.7732930967551694,0.11165586678369802,68
chr11,2218582,-0.0002211711711711712,0.26224445425533893,0.6103179962392093,0.21444382396090073,67
chr11,2263418,8.860153256704977e-05,0.04198005155378351,0.838318342214188,0.076591031473085,65
chr11,2263702,0.00023321708805579765,0.30767714565591836,0.5809840328923062,0.23583580310373378,68
chr11,2271023,-0.00032516891891891885,0.5930529899683381,0.4439478520753656,0.35266804088987674,69
chr11,2314466,9.090909090909089e-05,0.04134285993931547,0.8395031381016396,0.07597767610999615,68
chr11,2331465,0.00018060344827586206,0.17965422304808035,0.6730282929945911,0.17196667837163843,69
chr11,2354401,0.00016400336417157286,0.14948320850384067,0.7002369559317673,0.15475497250027914,70
chr11,2355222,-6.547619047619053e-05,0.022550275237087206,0.8810974872815889,0.0549760372790406,67
chr11,2374007,-4.7222222222222296e-05,0.011484583391159018,0.9149872594889612,0.03858495311624349,67
chr11,2397582,-0.00015722996515679435,0.1326203780529078,0.7168772458674679,0.14455520417391352,69
chr11,2456699,0.00016400336417157286,0.14948320850384067,0.7002369559317673,0.15475497250027914,70
chr11,2472114,0.00016400336417157286,0.14948320850384067,0.7002369559317673,0.15475497250027914,70
chr11,2516298,-0.00019784482758620692,0.21407696682837085,0.6450897372550136,0.19037986725022288,69
chr11,2538485,-0.00016529304029304015,0.14165648485745608,0.7078655322818337,0.15004923402549325,67
chr11,2538534,-0.00016529304029304015,0.14165648485745608,0.7078655322818337,0.15004923402549325,67
chr11,2538656,-0.00016400336417157275,0.14948320850384067,0.7002369559317673,0.15475497250027914,70
chr11,2538684,-0.00016400336417157275,0.14948320850384067,0.7002369559317673,0.15475497250027914,70
chr11,2540911,0.00019784482758620692,0.21407696682837085,0.6450897372550136,0.19037986725022288,69
chr11,2540932,0.00019784482758620692,0.21407696682837085,0.6450897372550136,0.19037986725022288,69
chr11,2571934,0.00012151567944250863,0.07976279404532238,0.7784897605493237,0.10874709531958796,69
chr11,2573265,0.00012151567944250863,0.07976279404532238,0.7784897605493237,0.10874709531958796,69
chr11,2573325,-0.00016400336417157275,0.14948320850384067,0.7002369559317673,0.15475497250027914,70
chr11,2575587,0.00012151567944250863,0.07976279404532238,0.7784897605493237,0.10874709531958796,69
chr11,2575620,0.00012151567944250863,0.07976279404532238,0.7784897605493237,0.10874709531958796,69
chr11,2575642,0.00012151567944250863,0.07976279404532238,0.7784897605493237,0.10874709531958796,69
chr11,2603498,-4.6474358974358955e-05,0.011764927119647101,0.9139818551309039,0.039062426032846875,63
chr11,2669523,0.0002076719576719577,0.2324004618505425,0.6313207296489685,0.19974995021905437,69
chr11,2669623,-0.0002076719576719576,0.2324004618505386,0.6313207296489685,0.19974995021905437,69
chr11,2681835,-0.00023901098901098908,0.29730602606011813,0.5874142506631181,0.23105552170616592,68
chr11,2703900,0.00024358974358974363,0.30838669356404597,0.5805493172693148,0.23616088133769214,68
chr11,2723345,0.00011813186813186832,0.07283203048066592,0.7880991458188773,0.10341914320401119,68
chr11,2761595,-9.89010989010989e-05,0.05063938618925874,0.8226496999277674,0.08478505637271984,68
chr11,2775059,-0.0001208333333333333,0.0757539713151621,0.7840092009074352,0.10567884053000016,67
chr11,2775069,-0.0001208333333333333,0.0757539713151621,0.7840092009074352,0.10567884053000016,67
chr11,2809658,-7.051282051282058e-05,0.027364095304887162,0.8691260728516981,0.06091722151165241,67
chr11,2809732,-0.0001916916916916917,0.19510908255255638,0.6602347707898268,0.1803016075965724,64
chr11,2809958,-5.5860805860805994e-05,0.016271617937593037,0.8988848527384421,0.0462959378809738,68
chr11,2885555,-9.79689366786141e-05,0.04385172279865858,0.8348896650673023,0.07837091495781916,58
chr11,2972602,4.5618789521228474e-05,0.010900671138331748,0.9171635751256205,0.03755320147379162,68
chr11,2972927,-0.00011904761904761888,0.07782101167315211,0.7811189713356479,0.10728281418981295,70
chr11,2999701,-4.561878952122839e-05,0.010900671138331748,0.9171635751256205,0.03755320147379162,68
chr11,3019582,3.935698447893568e-05,0.006995266597160453,0.9336183554073373,0.029830618430385675,63
chr11,3026108,-0.00011904761904761917,0.07782101167315211,0.7811189713356479,0.10728281418981295,70
chr11,3062704,-4.625735912531535e-05,0.011867813215505287,0.9135713178953361,0.03925754381289671,70
chr11,3088159,0.00023032714412024762,0.28537046872925265,0.5949975195380848,0.22548484478097616,68
chr11,3093799,0.00019821428571428572,0.20786118355619018,0.6499455899694845,0.18712299868802781,68
chr11,3093834,0.00019821428571428572,0.20786118355619018,0.6499455899694845,0.18712299868802781,68
chr11,3093890,0.00019821428571428572,0.20786118355619018,0.6499455899694845,0.18712299868802781,68
chr11,3096203,0.00025025025025025014,0.31409356891999474,0.577198657833333,0.23867468744731501,64
chr11,3109557,8.257713248638835e-05,0.03689852875458386,0.8482706424060498,0.07146556313116662,67
chr11,3115027,-0.00019821428571428572,0.20786118355619018,0.6499455899694845,0.18712299868802781,68
chr11,3133413,-0.00027025862068965527,0.41303409313348705,0.5226268013739381,0.28180832252612503,69
chr11,3133459,-0.00027025862068965527,0.41303409313348705,0.5226268013739381,0.28180832252612503,69
chr11,3154958,-0.00017765567765567764,0.16745644102252422,0.6837276225854065,0.16511687425516341,67
chr11,3165498,0.00016712454212454203,0.1450744512945275,0.7045295921396282,0.15210076063405503,67
chr11,3189774,0.00012096774193548394,0.08111235430997925,0.7766740793419421,0.10976118871260623,69
chr11,3189790,0.00012096774193548394,0.08111235430997925,0.7766740793419421,0.10976118871260623,69
chr11,3190112,9.543010752688171e-05,0.048560926908813834,0.8262772400766587,0.0828742097816769,67
chr11,3190204,-9.543010752688171e-05,0.048560926908813834,0.8262772400766587,0.0828742097816769,67
chr11,3192080,-0.00010000000000000009,0.053725204575638785,0.817420627451572,0.08755440714881868,68
chr11,3192139,-0.00010000000000000009,0.053725204575638785,0.817420627451572,0.08755440714881868,68
chr11,3248571,-0.00012406015037594,0.07731979992769546,0.7818593018066138,0.10687139265197616,66
chr11,3252766,-0.00012931034482758635,0.09128363870208427,0.7634874818876298,0.11719807922536575,69
chr11,3252986,-2.255639097744374e-05,0.002663596132236328,0.9590001674263421,0.018181317008345632,66
chr11,3276503,-8.620689655172524e-06,0.0004117259552042111,0.9838715178793703,0.007061611649154095,69
chr11,3276723,-5.357142857142877e-05,0.015469595993531069,0.9013949557554677,0.04508487658864383,68
chr11,3285586,-0.0002793103448275862,0.3879578421199491,0.5356592212426216,0.2711114144137857,64
chr11,3300340,0.00012500000000000014,0.08313389595666974,0.7739981068308042,0.1112601015831805,68
chr11,3326899,9.725906277630435e-05,0.0507208895374475,0.8225094656577016,0.08485909537281762,68
chr11,3459140,7.657657657657653e-05,0.03080684917353671,0.8612176419797462,0.0648870822670627,67
chr11,3487624,2.5466893039049062e-05,0.0035908528650717593,0.9523947665313521,0.021182999735868104,69
chr11,3501350,0.00015441176470588252,0.11879587851033699,0.7315493786844542,0.1357563542052268,62
chr11,3567648,0.00013175675675675683,0.09673891684536935,0.7567443625435692,0.12105080568733173,69
chr11,3576630,0.00016666666666666682,0.15995080662663813,0.69047404706458,0.160852640660246,69
chr11,3576729,0.00016666666666666682,0.15995080662663813,0.69047404706458,0.160852640660246,69
chr11,3621692,0.0001442396313364056,0.10780829965665176,0.7437251543560794,0.12858752950714308,66
chr11,3636123,-0.0003911764705882354,0.808318559894338,0.3720964135380225,0.4293445159181401,64
chr11,3645521,6.503378378378371e-05,0.02392480282392909,0.8775414107298121,0.05673238024435624,69
chr11,3648906,-2.5719267654751514e-05,0.0036508782410033273,0.9520017336277579,0.02136226074968177,68
chr11,3649043,-1.0416666666666787e-05,0.0006200851207755335,0.9802086616512464,0.008681464146669928,68
chr11,3649173,-0.00016727941176470599,0.15011844136097366,0.6997077439275805,0.15508331956162558,66
chr11,3674683,3.7878787878786713e-06,7.949650630646786e-05,0.9929125860146931,0.0030889842161206447,69
chr11,3695430,0.00014954954954954963,0.11974018344286368,0.7304340071691331,0.13641901534494086,67
chr11,3699216,-4.095004095004279e-06,9.549405675880529e-05,0.9922317247361164,0.0033868913317098284,70
chr11,3713281,2.5337837837836253e-06,3.5444953194183863e-05,0.9952674608038291,0.0020601944881662687,69
chr11,3713541,4.095004095004279e-06,9.549405675880529e-05,0.9922317247361164,0.0033868913317098284,70
chr11,3772134,0.00033445945945945936,0.6283034953111656,0.4307761560535398,0.36574834339856344,69
chr11,3885345,0.00015213815789473685,0.13152262030267767,0.717983324418658,0.14388564238313123,70
chr11,3905366,-0.0001750000000000001,0.1530739476107309,0.696978228242652,0.15678078790164077,63
chr11,3908335,0.00019965277777777774,0.2165258180091631,0.6432316853140638,0.19163257057470892,68
chr11,3908387,0.00019965277777777774,0.2165258180091631,0.6432316853140638,0.19163257057470892,68
chr11,3936734,0.00020092165898617515,0.21690001594550876,0.6429932442506296,0.1917935900619146,66
chr11,3937210,0.00012352941176470603,0.07884446802620713,0.7798044011099795,0.10801431804212827,64
chr11,3948615,8.065878378378366e-05,0.03726777558496675,0.8475048922279331,0.07185778614970238,69
chr11,3955604,0.00012292938099389705,0.08156338112216711,0.7760842433594493,0.11009113384444112,68
chr11,4149352,5.2777777777777614e-05,0.015395287192338446,0.9016425941193089,0.044965580154016034,66
chr11,4180702,0.00011917562724014334,0.07455942540896324,0.7856760673398158,0.10475647579815997,67
chr11,4195268,-0.0002358326068003486,0.3060502001681935,0.5819832925688188,0.23508948278880348,68
chr11,4205176,-0.00011332767402376908,0.07117959271646672,0.7904464177132512,0.10212756441636127,69
chr11,4212609,0.00015213815789473685,0.13152262030267767,0.717983324418658,0.14388564238313123,70
chr11,4212672,0.00015213815789473685,0.13152262030267767,0.717983324418658,0.14388564238313123,70
chr11,4212800,0.0001011904761904761,0.05716780685699022,0.8118582866909798,0.0905197720880175,61
chr11,4229938,0.00028421052631578947,0.43563863379653667,0.5115319338631514,0.29112724901409553,68
chr11,4229973,0.00027307692307692303,0.4125713531849806,0.5228591058701801,0.2816153241092157,69
chr11,4232813,0.0002947368421052631,0.4682354750992042,0.49619584999717326,0.30434687233076757,68
chr11,4241459,0.0002161803713527851,0.25330594891683456,0.6164324409904727,0.21011451373620454,68
chr11,4241468,0.00022731397459165142,0.27301202314054773,0.6030947854422308,0.21961442656710914,67
chr11,4241472,0.00022731397459165142,0.27301202314054773,0.6030947854422308,0.21961442656710914,67
chr11,4285758,0.00013077593722755012,0.09570114330965919,0.7580252769919507,0.12031631221083351,68
chr11,4413880,0.0001326013513513514,0.09723359765953848,0.7561433261179986,0.12139587666482338,69
chr11,4413910,0.0001326013513513514,0.09723359765953848,0.7561433261179986,0.12139587666482338,69
chr11,4423778,0.00012335526315789477,0.08640757946955967,0.7696902243454408,0.11368402927759005,70
chr11,4436913,-8.404074702886259e-05,0.0391251260816482,0.8437998831355799,0.07376053910296018,69
chr11,4441904,-7.027027027027033e-05,0.027609248909883036,0.868546565603945,0.06120689265417121,67
chr11,4457946,-3.468468468468462e-05,0.0063762992566985055,0.9366005203719536,0.02844560526138578,67
chr11,4466163,-1.220575414123804e-05,0.0008324667167760535,0.9770692983538053,0.010074632979930921,68
chr11,4466165,1.2205754141238085e-05,0.0008324667167760535,0.9770692983538053,0.010074632979930921,68
chr11,4537073,4.166666666666669e-05,0.009191799390036783,0.9239299653950084,0.03436094738944482,64
chr11,4551573,8.333333333333344e-05,0.038155802861684754,0.8457307293147631,0.07276788919189932,68
chr11,4551629,8.333333333333344e-05,0.038155802861684754,0.8457307293147631,0.07276788919189932,68
chr11,4653883,-7.410636442894522e-05,0.02980041688711492,0.8634721541856629,0.0637516632829783,68
chr11,4677864,-7.234657878901437e-20,0.0,1.0,-0.0,66
chr11,4678010,3.378378378378394e-05,0.006346085175829056,0.9367432928588878,0.028379407798938962,69
chr11,4689997,6.756756756756741e-06,0.0002613767140655461,0.9871490904848841,0.005617250283691749,69
chr11,4693417,6.324324324324337e-05,0.02014271323480357,0.8876147119605973,0.05177550807324867,62
chr11,4693472,6.324324324324337e-05,0.02014271323480357,0.8876147119605973,0.05177550807324867,62
chr11,4739356,0.00020491071428571414,0.2316957354817461,0.6318858462499468,0.1993613723846884,67
chr11,4743104,-8.961038961038956e-05,0.044656551037276324,0.8332879862977165,0.07920487945146042,68
chr11,4764529,0.00012226890756302511,0.08305780381929632,0.7740852344625759,0.11121121655389246,69
chr11,4785199,0.00028787878787878775,0.4659320760532465,0.4972179340245877,0.3034532152929598,69
chr11,4785370,-0.00022597402597402595,0.2857180442183123,0.5947738181503517,0.22564815730390206,68
chr11,4862236,0.00039616755793226387,0.8497979253600831,0.3600185671608984,0.4436751008783026,67
chr11,4875585,-0.0005579831932773109,1.8407591746229228,0.1794158219952561,0.7461392608334984,69
chr11,4878347,0.0005202020202020202,1.5457649307692443,0.21809478612667993,0.6613547167389449,69
chr11,4962662,-0.0005200655200655203,1.5759164846394524,0.2136467233640012,0.6703037634404925,70
chr11,4968364,-0.0004820276497695853,1.295428312556441,0.2592928036074796,0.586209536439022,66
chr11,4994732,0.0005688344594594594,1.8502540264865852,0.17831302871306579,0.7488169232774236,69
chr11,5059875,0.0005962171052631578,2.077610833279319,0.15406343849056814,0.8123004134927618,70
chr11,5059879,0.0005962171052631578,2.077610833279319,0.15406343849056814,0.8123004134927618,70
chr11,5076293,0.0006694444444444444,2.5128519559322773,0.11785057341777885,0.9286683000164386,66
chr11,5076365,-0.0006365330848089469,2.2672402336491064,0.1370548976660074,0.8631054403045922,66
chr11,5113881,0.00037837837837837834,0.7459409359531132,0.3909897350359507,0.4078346443324272,66
chr11,5130062,0.0004535714285714284,1.1083797928726218,0.29627363780857147,0.5283069899766232,68
chr11,5130122,0.0004535714285714284,1.1083797928726218,0.29627363780857147,0.5283069899766232,68
chr11,5221012,0.0005296425457715779,1.6057489960159679,0.20954350824389872,0.6787257892683346,68
chr11,5342219,-0.0005357142857142855,1.611374407582936,0.20862610508023238,0.6806313498742265,70
chr11,5444277,-0.0006083333333333333,2.1362368906626776,0.14846036535761462,0.8283894749930827,70
chr11,5444280,-0.0006083333333333333,2.1362368906626776,0.14846036535761462,0.8283894749930827,70
chr11,5446927,0.0006083333333333333,2.1362368906626776,0.14846036535761462,0.8283894749930827,70
chr11,5505122,-0.0008679673321234117,4.223076963910127,0.04390088496359467,1.357526725066943,67
chr11,5505127,-0.0008679673321234117,4.223076963910127,0.04390088496359467,1.357526725066943,67
chr11,5562650,-0.0006483957219251337,2.3104131570351343,0.1333596104214736,0.8749756818666994,67
chr11,5909381,-0.0008455882352941171,4.342451531905641,0.04093377430530205,1.3879182093153004,70
chr11,6033412,0.000703125,2.6645867821214737,0.10767366946498041,0.9678904861554455,64
chr11,6095388,-0.0007255411255411256,3.011726133417066,0.08733138202591026,1.0588296670432045,68
chr11,6096539,-0.0007941919191919191,3.6863045612895187,0.05911973042786258,1.2282675548899336,69
chr11,6096671,-0.0007780507780507783,3.63142970754475,0.06092660258452462,1.2151930385164478,70
chr11,6096717,-0.0007780507780507783,3.63142970754475,0.06092660258452462,1.2151930385164478,70
chr11,6101380,0.0007895220588235292,3.5388981499695635,0.06449551243988068,1.190470502270126,66
chr11,6227101,-0.0009021645021645024,4.775548165176735,0.03242110908583362,1.4891721325591034,68
chr11,6266733,0.0009267676767676765,5.165215216275173,0.026256815456461958,1.5807579482218845,69
chr11,6282845,-0.0008732638888888888,4.516288812589335,0.037321340212134436,1.4280427690979982,68
chr11,6344702,0.0009267676767676765,5.165215216275173,0.026256815456461958,1.5807579482218845,69
chr11,6394102,0.0009267676767676765,5.165215216275173,0.026256815456461958,1.5807579482218845,69
chr11,6394159,-0.0008741830065359474,4.661583543999112,0.0343760689595081,1.4637437881144777,70
chr11,6420705,0.0008732638888888888,4.516288812589335,0.037321340212134436,1.4280427690979982,68
chr11,6420816,0.0008207070707070705,4.0528750035077445,0.04811650372219784,1.317705937220003,69
chr11,6420819,-0.0008207070707070705,4.0528750035077445,0.04811650372219784,1.317705937220003,69
chr11,6420840,0.0008207070707070705,4.0528750035077445,0.04811650372219784,1.317705937220003,69
chr11,6460693,-0.0009420955882352939,5.036137130029465,0.02828973773564418,1.548371078718,66
chr11,6468779,-0.0008741830065359474,4.661583543999112,0.0343760689595081,1.4637437881144777,70
chr11,6470547,-0.0009450216450216451,5.230661559818159,0.025406223017310225,1.595059893968229,68
chr11,6478575,0.0009638655462184872,5.809373420511687,0.018692487314372796,1.728332905414452,69
chr11,6478621,-0.0009638655462184872,5.809373420511687,0.018692487314372796,1.728332905414452,69
chr11,6511102,-0.0008741830065359474,4.661583543999112,0.0343760689595081,1.4637437881144777,70
chr11,6517246,0.0008676470588235295,4.474467339227974,0.03818359067639468,1.4181232342026735,68
chr11,6612481,-0.0007700534759358292,3.3946083626919794,0.0699714261226804,1.1550792744243057,67
chr11,6627416,-0.0007679211469534053,3.591121293734445,0.06253796064887211,1.2038562851235022,67
chr11,6635834,-0.0007752525252525252,3.769188160275231,0.05641217867204367,1.2486271272383522,69
chr11,6635860,-0.0007752525252525252,3.769188160275231,0.05641217867204367,1.2486271272383522,69
chr11,6636014,-0.0008732142857142858,4.643654737103766,0.03487854914390243,1.4574415888742827,67
chr11,6636270,0.000849579831932773,4.295563768812184,0.04206252446542874,1.3761046658269527,69
chr11,6644642,-0.0008676470588235295,4.474467339227974,0.03818359067639468,1.4181232342026735,68
chr12,5440,-0.0006715686274509805,2.418363869122835,0.12501033428446884,0.903054083494317,64
chr12,6454,-0.0008090277777777777,3.740953458822698,0.05738336377233168,1.2412139973074539,68
chr12,75435,0.0007941176470588235,3.644171779141105,0.0606151477033479,1.2174188322376964,68
chr12,92039,0.0007605042016806722,3.3956071257740357,0.0697948722158762,1.1561764835395083,69
chr12,109334,-0.0007760416666666667,3.4291672029862243,0.06852805832125533,1.1641315733381696,68
chr12,115121,-0.000833766233766234,4.114299093012223,0.04656092758888539,1.3319783762378585,68
chr12,115247,0.0007897321428571429,3.616819262882735,0.06163145895334237,1.2101975514339143,67
chr12,131191,-0.0008220779220779223,3.9116496289731106,0.05213043668834136,1.2829086370422382,68
chr12,131207,-0.0008220779220779223,3.9116496289731106,0.05213043668834136,1.2829086370422382,68
chr12,136149,-0.0007752525252525251,3.5293470296384952,0.06464288735404561,1.1894792535032102,69
chr12,157088,0.0007266782911944204,3.0240643779762255,0.0867001744177092,1.061980028837833,68
chr12,157424,0.0006665178571428572,2.5778141239474013,0.11321912025109308,0.9460802240458441,67
chr12,183084,-0.0007679211469534048,3.2693188092929453,0.07521328313378843,1.1237054535270485,67
chr12,202162,-0.0006534926470588234,2.3832375901218197,0.1275737537644208,0.8942386654874321,66
chr12,207735,-0.0008935064935064938,4.677861337179371,0.03418130890166877,1.4662113108988342,68
chr12,207753,-0.0008935064935064938,4.677861337179371,0.03418130890166877,1.4662113108988342,68
chr12,245873,-0.0007792207792207794,3.602926012640565,0.06205222844245009,1.2072426173420265,68
chr12,274706,-0.0007861751152073735,3.3892080230390857,0.07026036888452764,1.1532895743832439,66
chr12,274771,0.0007861751152073735,3.3892080230390857,0.07026036888452764,1.1532895743832439,66
chr12,288965,0.0009832246039142593,5.5172435159399775,0.021929454452667686,1.6589721722961703,66
chr12,299785,-0.0007527333894028598,3.294286917822901,0.0739313827429139,1.1311711710917887,70
chr12,302041,0.0007527333894028599,3.294286917822901,0.0739313827429139,1.1311711710917887,70
chr12,342453,0.0005254091300602927,1.5283824858292976,0.22060866657854378,0.656377430366787,70
chr12,378092,0.0006020084566596193,1.6807172913568136,0.19955797873416065,0.6999309035554963,65
chr12,387645,0.00044369369369369374,1.0482148497763666,0.310098180741459,0.5085007816384012,61
chr12,412124,0.0005361904761904762,1.4855924538799414,0.22730662804642454,0.6433879004737971,67
chr12,424442,0.0006535682023486902,2.299158708397942,0.13421935168852242,0.8721848632605795,68
chr12,424484,0.0006535682023486902,2.299158708397942,0.13421935168852242,0.8721848632605795,68
chr12,471146,0.00037820512820512805,0.7602283395558131,0.38641791314751506,0.4129427492317053,68
chr12,484206,0.000506782945736434,1.287893204027668,0.2606042266832016,0.5840185448386861,67
chr12,484274,0.00039335664335664344,0.8357093697768162,0.3638569676046559,0.4390693042294578,70
chr12,499058,0.00035181818181818177,0.6460618197558311,0.42436683330567315,0.3722585660411878,69
chr12,517545,-0.00030677655677655675,0.5045254265665988,0.48002076251679626,0.3187399775171974,68
chr12,539044,-0.0005192307692307691,1.4128973797477864,0.23883539612880839,0.62190130901565,68
chr12,563350,-0.000475609756097561,1.1681152909056283,0.28384476685448845,0.5469191082984213,66
chr12,587614,0.00038690476190476197,0.8310794197196952,0.36518115904642023,0.43749163730765134,70
chr12,587637,0.00038690476190476197,0.8310794197196952,0.36518115904642023,0.43749163730765134,70
chr12,588126,0.00038301716350496844,0.7784069065905069,0.3808309046472813,0.41926781561010884,68
chr12,609430,-0.000311965811965812,0.5177525033246075,0.4744214182186648,0.3238357125522984,66
chr12,609442,-0.0003695054945054943,0.743909144190487,0.39158260532209344,0.4071766084429956,67
chr12,609551,0.0003388888888888889,0.623260596190318,0.43270864691364286,0.3638044261108233,67
chr12,640130,-0.0003994953742640876,0.8966980995610997,0.3470216155566639,0.45964347268864275,70
chr12,671037,-0.00039821428571428576,0.8522246523254543,0.35928645256945524,0.4445591582065741,68
chr12,709935,0.0005038314176245211,1.3443905403758547,0.2506368606986263,0.6009550577600968,65
chr12,709980,0.0005056669572798605,1.4192637451063022,0.23779125797864534,0.6238041155769671,68
chr12,729243,-0.0005118755118755121,1.5255673602960733,0.22102955101208738,0.6555496585161462,70
chr12,736539,-0.00045707070707070734,1.2066991716882005,0.2759187284177791,0.5592188200991114,69
chr12,736560,-0.00045707070707070734,1.2066991716882005,0.2759187284177791,0.5592188200991114,69
chr12,745562,-0.0005784655623365299,1.8846590359216946,0.17445234988035996,0.7583231762118573,68
chr12,745585,-0.0005445945945945945,1.6245687895812173,0.206993660538899,0.684042955195904,67
chr12,754265,-0.0005978705978705981,2.0983619467632773,0.15205272578817508,0.8180057900272314,70
chr12,768948,0.0005978705978705981,2.0983619467632773,0.15205272578817508,0.8180057900272314,70
chr12,783624,-0.0005624999999999998,1.8154171225898985,0.18246731033443167,0.7388149296349686,68
chr12,783713,0.0005624999999999998,1.8154171225898985,0.18246731033443167,0.7388149296349686,68
chr12,786075,-0.0006414141414141417,2.3785996183298597,0.1277180163883072,0.8937478351866345,69
chr12,786131,0.0006414141414141417,2.3785996183298597,0.1277180163883072,0.8937478351866345,69
chr12,800527,0.0006456925675675676,2.40099155742206,0.12596938262114518,0.8997349991244724,69
chr12,800698,0.0004852941176470588,1.2849111148031178,0.2612831173433387,0.5828886510514752,65
chr12,805505,-0.0007326388888888886,3.0461243729467515,0.08558416446648265,1.0676065848676266,68
chr12,805738,-0.0005861111111111108,1.936117862658914,0.16890852353432437,0.7723484343216922,66
chr12,805816,-0.0005861111111111108,1.936117862658914,0.16890852353432437,0.7723484343216922,66
chr12,805818,-0.0005861111111111108,1.936117862658914,0.16890852353432437,0.7723484343216922,66
chr12,808150,-0.0006219298245614038,2.174463186514939,0.14507284996233658,0.8384138571336704,68
chr12,866938,0.0008623737373737375,4.4224606103707025,0.039228256355924127,1.406400995256388,69
chr12,885139,0.0008345959595959597,4.1998814368805535,0.04434516420295385,1.3531537326412466,69
chr12,907416,0.000836036036036036,3.926427463309452,0.05176533900354614,1.2859609375132135,67
chr12,907420,0.0007912280701754386,3.561070342491782,0.06354862325442318,1.196893853756451,68
chr12,907458,-0.0007074978204010463,2.9441385851106343,0.09088070876066218,1.0415282946431323,68
chr12,907468,-0.0007074978204010463,2.9441385851106343,0.09088070876066218,1.0415282946431323,68
chr12,922017,-0.0007707979626485572,3.486772674133068,0.06623635726425946,1.1789035600325475,69
chr12,922251,0.0008141447368421052,3.9791082309701014,0.050078034323787775,1.3003527265046244,70
chr12,931257,-0.0009062499999999997,4.808628606081596,0.03184723753139826,1.4969282329330724,68
chr12,931479,-0.0009062499999999997,4.808628606081596,0.03184723753139826,1.4969282329330724,68
chr12,953630,0.0008141447368421052,3.9791082309701014,0.050078034323787775,1.3003527265046244,70
chr12,953780,0.0008141447368421052,3.9791082309701014,0.050078034323787775,1.3003527265046244,70
chr12,996888,0.00088597972972973,4.761886022098341,0.032607413369043485,1.4866836508753074,69
chr12,1021914,0.0009593280282935453,5.283556226389635,0.02470266792388326,1.6072561397747611,68
chr12,1021925,0.0009512820512820513,5.3752257905072085,0.02348467396974877,1.6292154646108956,69
chr12,1021957,0.0009593280282935453,5.283556226389635,0.02470266792388326,1.6072561397747611,68
chr12,1022119,0.0010036630036630036,5.6282300728795605,0.020642807444467486,1.6852312385018742,67
chr12,1056051,-0.0011182432432432431,6.856711584405774,0.011047775695011343,1.9567251518993511,65
chr12,1059793,-0.0009463601532567052,4.871826982492289,0.030949276288656895,1.5093495019756105,65
chr12,1059796,0.000946360153256705,4.871826982492269,0.030949276288657436,1.509349501975603,65
chr12,1113439,0.0012275985663082437,9.077134268835279,0.0036859727725842882,2.4334478771364982,67
chr12,1119690,0.001115301724137931,6.9929933171740535,0.01046831624979511,1.98012316571631,61
chr12,1249060,0.0011138411138411142,7.884166699054302,0.006502556269068347,2.186915881002116,70
chr12,1255945,0.0010452380952380954,6.111994970025019,0.01613923292971291,1.7921171104013984,65
chr12,1255969,0.0010452380952380954,6.111994970025019,0.01613923292971291,1.7921171104013984,65
chr12,1256033,0.0010426245210727973,6.009992649991549,0.017010260745063812,1.7692890291696484,65
chr12,1256160,0.0010426245210727973,6.009992649991549,0.017010260745063812,1.7692890291696484,65
chr12,1265552,0.0010567567567567567,6.444285898952917,0.013535159818276469,1.8685366118708813,67
chr12,1280570,0.0008942307692307696,3.9623385845409453,0.051089919765717196,1.2916647793559757,62
chr12,1312291,0.00072667829119442,3.024064377976225,0.0867001744177092,1.061980028837833,68
chr12,1369970,0.0007985257985257988,3.835996143976035,0.054266220040057975,1.2654704285203466,70
chr12,1373278,-0.0008236607142857142,3.910378394284167,0.052232230511815976,1.2820614277664972,67
chr12,1382346,-0.0008078341013824886,3.5970473103831964,0.06239733085576434,1.2048339875516432,66
chr12,1397862,-0.0007559121621621621,3.364638661674558,0.07105088314315935,1.1484305195406332,69
chr12,1406833,0.0008023159636062856,3.834350533850486,0.05431653231364244,1.2650679641532194,70
chr12,1523543,-0.0008180672268907564,3.9314461589556706,0.051493300749093265,1.2882492687637075,69
chr12,1565236,0.0007346320346320349,3.1420473158113738,0.08091269672305303,1.0919833240724834,68
chr12,1581404,0.0009,4.116639080907422,0.047061996501807736,1.3273296527799257,60
chr12,1594606,-0.0008141711229946524,3.7863702013778475,0.05599766521070809,1.2518300802660203,67
chr12,1597864,-0.0008129084967320255,3.993955823763718,0.04966397479480802,1.3039585251686558,70
chr12,1602612,-0.0007194805194805197,3.0319085626338818,0.08630150408379156,1.063981635228026,68
chr12,1602709,-0.0007232620320855614,2.9752425235639626,0.08929979067812827,1.0491495591119058,67
chr12,1758897,-0.0008623737373737374,4.4224606103707025,0.039228256355924127,1.406400995256388,69
chr12,1771418,0.0007853618421052634,3.687742143411624,0.05900872636323428,1.229083759016121,70
chr12,1771508,0.0007853618421052634,3.687742143411624,0.05900872636323428,1.229083759016121,70
chr12,1794108,0.0007767402376910016,3.486514713154464,0.06624614203993628,1.1788394085542293,69
chr12,1845688,-0.0008249999999999996,3.732181425485955,0.05780321782702429,1.2380479843195815,66
chr12,1868449,0.0006990131578947371,2.88884785950073,0.09376512723165069,1.0279586527388298,70
chr12,1874107,-0.00047098214285714283,1.1187659086822679,0.2945698712354005,0.5308116750947024,60
chr12,1902724,0.00042555147058823535,0.9766653731895203,0.32674510708968896,0.4857909071287763,66
chr12,1939076,-0.0007078039927404717,2.7195558595164306,0.10395083785165264,0.9831720058718775,67
chr12,2000612,-0.0006518199233716475,2.2486131995169183,0.13872903221145239,0.8578326433980336,65
chr12,2000630,0.0006518199233716473,2.2486131995169183,0.13872903221145239,0.8578326433980336,65
chr12,2000906,-0.0005996691480562446,2.0900097330102856,0.1528583581591629,0.8157108094523733,70
chr12,2142940,0.0004975328947368423,1.4334697036932404,0.2353561392179391,0.628274468724708,70
chr12,2143049,0.0005468468468468467,1.7155593852314714,0.19487612764702134,0.7102413587590378,67
chr12,2143179,0.0005468468468468467,1.7155593852314714,0.19487612764702134,0.7102413587590378,67
chr12,2145654,0.0004647707979626487,1.2176487190718681,0.27377018133205133,0.5626138563779775,69
chr12,2145682,0.0005538194444444441,1.7162796010576324,0.1947140686142071,0.7106026684040375,68
chr12,2145688,0.0004975328947368423,1.4334697036932404,0.2353561392179391,0.628274468724708,70
chr12,2145768,0.0004975328947368423,1.4334697036932404,0.2353561392179391,0.628274468724708,70
chr12,2169995,0.0005692055692055692,1.8964955276397748,0.17298770266614563,0.7619847688599843,70
chr12,2197846,0.000559065934065934,1.6722433037256919,0.20053553493386322,0.6978086591621093,67
chr12,2198956,0.0005105263157894738,1.4611818353656472,0.23105501519311025,0.6362846004105647,68
chr12,2235880,-0.0005291666666666663,1.60414561123047,0.2096380058193864,0.6785299801741551,70
chr12,2236047,0.000495258620689655,1.3644406670432603,0.2469091657930342,0.6074627878345685,69
chr12,2248263,-0.0005482142857142856,1.631819947790651,0.20592688611817123,0.6862869475515737,68
chr12,2248406,-0.0005291666666666663,1.60414561123047,0.2096380058193864,0.6785299801741551,70
chr12,2248412,-0.0005291666666666663,1.60414561123047,0.2096380058193864,0.6785299801741551,70
chr12,2274965,0.0004605734767025088,1.1591737847391244,0.28561680110797666,0.5442162492282453,67
chr12,2277089,0.0005089743589743588,1.4554182331196175,0.23190315979848858,0.6346933338385179,69
chr12,2277240,0.0005417700578990899,1.696323364166987,0.1971635258182029,0.7051734240854903,70
chr12,2277276,0.0005417700578990899,1.696323364166987,0.1971635258182029,0.7051734240854903,70
chr12,2280156,0.0005423076923076923,1.6441640559393969,0.20417402191119766,0.6899995162076227,69
chr12,2280199,0.000508399646330681,1.4031146331714788,0.2404509170062562,0.6189735623206895,68
chr12,2304101,0.0003679337231968811,0.6949655140182509,0.4076301915369146,0.38973365702014295,65
chr12,2304453,-0.000408802177858439,0.9168888947041115,0.3418412576024382,0.466175522458603,67
chr12,2377865,-0.0005096491228070176,1.4212429223409873,0.23746780509314444,0.6243952619050754,68
chr12,2377890,-0.0005096491228070176,1.4212429223409873,0.23746780509314444,0.6243952619050754,68
chr12,2377935,-0.0005096491228070176,1.4212429223409873,0.23746780509314444,0.6243952619050754,68
chr12,2571527,0.0004077353215284249,0.8876998783090272,0.34964437126595627,0.4563734588374751,66
chr12,2598295,0.0005601237842617151,1.722527790899851,0.19391393398440873,0.7123909829010976,68
chr12,2620331,-0.00032327586206896546,0.5584524508872665,0.45766463485658004,0.33945264553651466,65
chr12,2620443,-0.0003583333333333333,0.7061561504814702,0.403851319107125,0.3937784942361384,66
chr12,2638623,-0.000495258620689655,1.3644406670432603,0.2469091657930342,0.6074627878345685,69
chr12,2651564,-0.0005291666666666663,1.60414561123047,0.2096380058193864,0.6785299801741551,70
chr12,2662998,-0.0004444444444444445,1.0524064171122949,0.30869880253847165,0.5104650551694845,68
chr12,2665410,0.00048214285714285725,1.2945188638867853,0.25939344065492975,0.5860410102233586,67
chr12,2665455,-0.00048214285714285725,1.2945188638867853,0.25939344065492975,0.5860410102233586,67
chr12,2675424,0.00044642857142857136,1.1109658868121823,0.29560290226118247,0.529291306306207,70
chr12,2688712,0.000494642857142857,1.3135422797278844,0.25589275888331553,0.5919420033723419,68
chr12,2690436,0.0005172413793103447,1.5167011206615086,0.22236152771488074,0.6529403508420428,70
chr12,2704060,-0.00048214285714285725,1.2781367936721253,0.262276612298051,0.5812404345440481,69
chr12,2706399,-0.00048214285714285725,1.2781367936721253,0.262276612298051,0.5812404345440481,69
chr12,2772608,-0.0005722996515679443,1.8149899094647666,0.18244959117983525,0.7388571054346608,69
chr12,2773642,0.0005857142857142857,1.8566154245205124,0.1776475046359315,0.7504408885431116,68
chr12,2873238,-0.00047368421052631577,1.1014644351464418,0.29801878516586494,0.5257563599615015,64
chr12,2891768,-0.0005291666666666663,1.6041456112304704,0.2096380058193864,0.6785299801741551,70
chr12,2896271,-0.0005814655172413793,1.8936817498588394,0.17336957002226397,0.7610271279160463,69
chr12,2919325,0.000495258620689655,1.3644406670432603,0.2469091657930342,0.6074627878345685,69
chr12,2951709,0.000495258620689655,1.3644406670432603,0.2469091657930342,0.6074627878345685,69
chr12,2993391,-0.0005427350427350425,1.5083170654727769,0.2238935763693304,0.6499583663913713,66
chr12,3049775,0.0005233446519524619,1.5514574797388863,0.21725877018601097,0.6630226831577212,69
chr12,3062785,-0.0005550986842105265,1.7936273475416704,0.184944265424946,0.7329591303281116,70
chr12,3062806,-0.0005550986842105265,1.7936273475416704,0.184944265424946,0.7329591303281116,70
chr12,3117328,0.0008500000000000001,4.299278057317875,0.04191942041654825,1.3775847305957747,70
chr12,3132706,-0.000955989110707804,5.140311400806984,0.026709208877865855,1.5733389755153442,67
chr12,3145745,-0.0008175675675675675,3.3983787740818125,0.07011964039798786,1.1541603198111294,63
chr12,3163757,0.000882142857142857,4.398036794537892,0.03981518333460847,1.3999512801631318,68
chr12,3164885,0.0008499999999999996,4.299278057317875,0.04191942041654825,1.3775847305957747,70
chr12,3164958,-0.0008499999999999996,4.299278057317875,0.04191942041654825,1.3775847305957747,70
chr12,3165129,-0.0010140977443609022,6.223719695236518,0.015196560392453911,1.8182546996617375,66
chr12,3191445,-0.000882142857142857,4.398036794537892,0.03981518333460847,1.3999512801631318,68
chr12,3238555,-0.0007949412827461609,3.4671540769234217,0.06705166105719634,1.1735904589900255,68
chr12,3238567,-0.0007949412827461609,3.4671540769234217,0.06705166105719634,1.1735904589900255,68
chr12,3238568,-0.0007949412827461609,3.4671540769234217,0.06705166105719634,1.1735904589900255,68
chr12,3238640,-0.0007821698906644239,3.5707728623885235,0.06306866455107815,1.2001863648880495,70
chr12,3238641,-0.0007821698906644239,3.5707728623885235,0.06306866455107815,1.2001863648880495,70
chr12,3238657,-0.0007821698906644239,3.5707728623885235,0.06306866455107815,1.2001863648880495,70
chr12,3264554,-0.0007224137931034482,3.0610381455229625,0.08476930864234848,1.0717613588273254,69
chr12,3270359,-0.000675,2.6038834275906613,0.11137373405888748,0.9532172193803365,68
chr12,3335792,-0.000756410256410256,3.1336442405071225,0.08145484953138925,1.0890830542403662,66
chr12,3335872,0.0008773946360153256,4.1930769706709645,0.044763691972692136,1.349074101383102,65
chr12,3377918,0.0005928571428571427,1.9344197605449645,0.1689473155919441,0.7722487043499769,68
chr12,3378802,0.0005928571428571427,1.934419760544964,0.1689473155919441,0.7722487043499769,68
chr12,3385020,0.0006541353383458647,2.309230434392041,0.13353285292992512,0.8744118721953894,66
chr12,3404371,-0.0006749999999999996,2.6493506493506516,0.10821732090032524,0.9657032219522036,70
chr12,3404546,-0.0006749999999999996,2.6493506493506516,0.10821732090032524,0.9657032219522036,70
chr12,3404832,0.0006439655172413792,2.3397407627071423,0.13081848395418016,0.8833308881818014,69
chr12,3435553,-0.000482142857142857,1.2781367936721253,0.262276612298051,0.5812404345440481,69
chr12,3449847,0.0004259259259259258,0.9728758774052145,0.32756620787540414,0.4847009069427574,68
chr12,3465252,-0.0003874999999999998,0.709332042287053,0.40290279778053395,0.39479971683493137,64
chr12,3486211,0.00044809523809523816,1.0241926223486495,0.315279043439734,0.501304895794938,67
chr12,3542894,-0.000455128205128205,1.0322699127269184,0.3135122252963613,0.5037455193460898,65
chr12,3564864,0.00044489611562782276,1.0531407498649448,0.3085314041317542,0.5107006243471223,68
chr12,3565032,0.00045499999999999995,1.0047067070575593,0.32000877833498226,0.4948381081483664,65
chr12,3565063,0.00045499999999999984,1.0047067070575593,0.32000877833498226,0.4948381081483664,65
chr12,3596529,0.00045014245014245006,1.0206963521369694,0.3161583449204305,0.5000953506052619,66
chr12,3596638,0.0004405172413793103,1.066551166496245,0.3054392526993449,0.5150751515124431,69
chr12,3636334,-0.00037934362934362916,0.8121258582677721,0.37092476741691294,0.4307141669588628,65
chr12,3636348,-0.00037934362934362916,0.8121258582677721,0.37092476741691294,0.4307141669588628,65
chr12,3636423,-0.00012201591511936335,0.07938482106923973,0.7790143832976494,0.1084545236764297,68
chr12,3687181,0.00018920145190562618,0.19201308887222043,0.6626992537022323,0.17868351848870478,67
chr12,3687254,0.00018920145190562618,0.19201308887222043,0.6626992537022323,0.17868351848870478,67
chr12,3692348,7.85229202037352e-05,0.03441324197449214,0.8533910141769234,0.06885193437795258,69
chr12,3710963,4.0350877192982556e-05,0.00874154456988462,0.9257925954638742,0.03348629704860703,68
chr12,3711190,2.0559210526315816e-05,0.0023972489734837006,0.9610933373977528,0.017234433404924462,70
chr12,3722971,0.00014725274725274732,0.09736986549149364,0.7561091392776487,0.12141551248154044,61
chr12,3726983,2.314814814814817e-05,0.0026101616588648717,0.9594209422778347,0.017990805969728605,63
chr12,3750346,4.0350877192982556e-05,0.00874154456988462,0.9257925954638742,0.03348629704860703,68
chr12,3750382,7.34234234234234e-05,0.02838089250251727,0.8667395787171148,0.06211137139969953,67
chr12,3762270,7.347972972972976e-05,0.0300579052232055,0.8628816366795595,0.06404877330263631,69
chr12,3763050,0.0001714285714285715,0.15269042823560952,0.6972957206274686,0.15658300009492296,65
chr12,3769815,2.651515151515146e-05,0.003925610693732074,0.950228018691319,0.022172167998450523,69
chr12,3769842,2.651515151515146e-05,0.003925610693732074,0.950228018691319,0.022172167998450523,69
chr12,3770729,8.333333333333337e-05,0.038214486040493864,0.8456136671581063,0.07282800639672521,68
chr12,3782211,-1.225490196078436e-05,0.0008573496297005054,0.9767266197801778,0.010226975825708858,70
chr12,3823049,-2.6515151515151536e-05,0.003925610693732074,0.950228018691319,0.022172167998450523,69
chr12,3835379,7.200811359026369e-05,0.026438633122814,0.8713711419686806,0.059796827107735706,63
chr12,3836978,-1.818181818181831e-05,0.0017945371492495662,0.966338035918424,0.014870925909901736,68
chr12,3853822,-0.00011764705882352947,0.07726640813638493,0.7819055864512621,0.10684568397169511,68
chr12,3853845,-0.00011764705882352947,0.07726640813638493,0.7819055864512621,0.10684568397169511,68
chr12,3933116,-0.00019669117647058828,0.2154087759109161,0.6441355688671826,0.1910227186421963,66
chr12,3959467,-0.0001616161616161616,0.14726649659298058,0.7023765092634804,0.153430021686014,69
chr12,3964861,0.00022678571428571428,0.2758101512952393,0.6012475116598961,0.22094670799792465,67
chr12,3967743,0.00014772727272727276,0.12206901756163636,0.7278969718695214,0.13793008732847234,69
chr12,3985887,3.2986111111111115e-05,0.0062175516791907835,0.9373893638655372,0.02807997853152441,68
chr12,4099092,-2.9411764705882377e-05,0.004767063921993375,0.9451634153348863,0.02449309705413908,68
chr12,4099167,8.4280303030303e-05,0.03663679449430892,0.8488219749479404,0.0711833856157949,65
chr12,4229905,7.815126050420167e-05,0.0341757081612025,0.8538920254364535,0.06859704233418171,69
chr12,4263188,3.882575757575753e-05,0.007890763337079517,0.9294988233394454,0.03175115566885439,65
chr12,4266439,1.0416666666666605e-05,0.000591371354329873,0.9806722295124168,0.008476122793452777,68
chr12,4315330,-2.6515151515151445e-05,0.003925610693732073,0.950228018691319,0.022172167998450523,69
chr12,4327609,7.077205882352952e-05,0.026344629234626635,0.8715728870661167,0.05969628827057369,66
chr12,4347994,0.00024075630252100858,0.3257510403007502,0.5700811685696069,0.24406330476219407,69
chr12,4356892,0.00022950089126559718,0.2789411139101999,0.5991946592473418,0.22243206625275808,67
chr12,4411361,0.00018277310924369748,0.1873533262887848,0.6665187933278417,0.1761876006034445,69
chr12,4514240,0.00035627705627705604,0.696117246676729,0.40710119555190016,0.3902976222071132,68
chr12,4522634,-0.00037674037674037677,0.8179832614956435,0.3689636231787039,0.43301644964452307,70
chr12,4522659,0.00037674037674037677,0.8179832614956435,0.3689636231787039,0.43301644964452307,70
chr12,4522751,0.0004241499564080205,0.9840055143515422,0.3248348378193793,0.48833739980842933,68
chr12,4631309,0.00038541666666666645,0.8443115451105023,0.3615125756814934,0.4418765906126478,68
chr12,4645193,-0.0005104166666666665,1.4530833065884146,0.23233796827255962,0.6338798127402252,68
chr12,4685906,-0.0005104166666666665,1.4530833065884146,0.23233796827255962,0.6338798127402252,68
chr12,4687230,-0.0005508928571428569,1.6372755128217107,0.20524824934699046,0.6877205384822572,67
chr12,4701363,-0.0005022401433691756,1.4114916440896803,0.23913194301923515,0.6213624073622748,67
chr12,4702006,-0.0004914004914004914,1.4034942879846521,0.24026350860485096,0.6193121851469654,70
chr12,4739764,0.000495535714285714,1.16382557713448,0.28513969241988835,0.5449423232059132,60
chr12,4739849,0.00046025345622119807,0.978666129490547,0.32670933249800227,0.48583845966445793,59
chr12,4747492,-0.0005114035087719295,1.4547470656586627,0.23207368606412174,0.6343740997207853,68
chr12,4815984,-0.00032214472537053177,0.5850691603829038,0.44705864165265685,0.34963550578136166,68
chr12,4816018,0.00032214472537053155,0.5850691603829038,0.44705864165265685,0.34963550578136166,68
chr12,4819675,-0.00034807534807534794,0.6970156719994339,0.4067119281247945,0.39071309033745255,70
chr12,4836721,-0.00031048387096774174,0.5283055682613137,0.46992977219142684,0.32796703957194445,67
chr12,4853201,-0.0004431239388794565,1.105038143986186,0.2969398623976526,0.5273314970578237,69
chr12,4856399,0.0004694444444444442,1.15527145564896,0.28648391482732205,0.5428997572841774,66
chr12,4856487,0.00044876847290640387,0.9965664572063909,0.32202306132072533,0.4921130256777502,64
chr12,4856499,-0.0004372605363984672,0.972808915894251,0.327753582145372,0.4844525530399622,65
chr12,4856509,-0.0004372605363984672,0.972808915894251,0.327753582145372,0.4844525530399622,65
chr12,4857683,-0.00034285714285714263,0.5506760799329911,0.4609856424601819,0.3363126006351185,61
chr12,4859261,-0.00039473684210526315,0.895325872284392,0.34738842816163573,0.4591846524095007,70
chr12,4933046,0.0002972709551656918,0.45192746273409534,0.503879167721968,0.29767359665597565,65
chr12,4984659,-0.00039529015979814967,0.8776772275561554,0.3521541106827071,0.4532672377376532,70
chr12,4984982,0.00044953703703703665,1.0565279778706014,0.30781830117230774,0.5117055629910054,67
chr12,4993056,-0.0003314814814814811,0.5878652767518189,0.44602164493365104,0.3506440649489575,67
chr12,5216609,0.00041553748870822016,0.9181175565987022,0.34146667637890293,0.46665167257075996,68
chr12,5216622,0.00041553748870822016,0.9181175565987022,0.34146667637890293,0.46665167257075996,68
chr12,5295009,-0.0004961538461538457,1.2659111189956365,0.2647370421727037,0.5771852876911561,66
chr13,71168,-0.0006197916666666665,2.211237581949077,0.14177073591852404,0.8484134062525417,68
chr13,551158,0.00018300653594771247,0.15925550393094945,0.6912836908144606,0.16034368913642463,61
chr13,584565,-0.00016911764705882356,0.14291604566778024,0.7067332925124074,0.15074444963070946,62
chr13,584875,0.00011785714285714272,0.07029590758007298,0.7918003444160485,0.10138431367505335,63
chr13,584998,0.00012083333333333333,0.08181413707315825,0.7757234143301772,0.11029309967232064,70
chr13,585058,0.00011317418213969937,0.06869729112566011,0.7940593731817178,0.10014702341527393,68
chr13,601362,0.0001383701188455009,0.10789275522328352,0.7435804874355707,0.1286720152291408,69
chr13,601363,0.0001383701188455009,0.10789275522328352,0.7435804874355707,0.1286720152291408,69
chr13,601488,-0.00017393199651264166,0.16738445651242745,0.6837715152355774,0.16508899513590888,68
chr13,850012,0.00011250000000000006,0.07090719499478591,0.7908262321150976,0.10191893334687503,70
chr13,981872,8.076923076923079e-05,0.03589115676006666,0.8503132010926508,0.07042107845939086,69
chr13,1207404,6.410256410256529e-06,0.00023247438097620784,0.987880349616136,0.005295653234444802,69
chr13,1234771,-0.00010163339382940101,0.05484893335319006,0.8155670000716185,0.08854035520476534,67
chr13,1236527,8.333333333333322e-05,0.03779676365211183,0.8464676145563044,0.07238965313513358,66
chr13,1260422,6.533575317604362e-05,0.022142427008714414,0.8821695331676208,0.054447945203797456,67
chr13,1266572,-0.00016173986486486486,0.1447645241828233,0.7047932605887208,0.151938257409748,69
chr13,1312018,0.00015213815789473698,0.1315226203026807,0.717983324418658,0.14388564238313123,70
chr13,1332235,3.7351443123938756e-05,0.007850087725843646,0.929663539088889,0.031674201506379174,69
chr13,1429348,0.00010862068965517227,0.06438391088623609,0.8004735914495074,0.09665299138608206,69
chr13,1486599,-0.0002809878844361602,0.45841703476385326,0.5008047646999271,0.3003315478626376,66
chr13,1505325,5.4118773946360124e-05,0.015382014897539651,0.9016909369633983,0.044942295464777265,65
chr13,1529670,-6.5387968613774204e-06,0.00024327524957911675,0.987602727208292,0.005417719459144542,68
chr13,1535340,7.688723205964594e-05,0.031948340501540044,0.8587057092237238,0.06615564962472516,66
chr13,1618422,-6.249999999999977e-05,0.021869170901137304,0.8828732981449975,0.05410161789999917,70
chr13,1640488,9.310344827586202e-05,0.043296705582512605,0.8358496181400674,0.07787185161208315,64
chr13,1650724,5.3050397877984054e-05,0.015082370308753765,0.9026305231789788,0.04448998454945799,68
chr13,1669687,1.1052166224580221e-05,0.0006535940670327578,0.9796810577056334,0.008915289025163997,68
chr13,1755162,0.00011332767402376911,0.0711795927164667,0.7904464177132512,0.10212756441636127,69
chr13,1764229,9.41722972972972e-05,0.050186485772312536,0.823420820306371,0.08437815600521775,69
chr13,1811299,0.0001229293809938971,0.0815633811221671,0.7760842433594493,0.11009113384444112,68
chr13,1812721,-0.0003474903474903476,0.6377618969135959,0.4275227607187545,0.3690407590845183,65
chr13,1824865,8.06587837837837e-05,0.037267775584966745,0.8475048922279331,0.07185778614970238,69
chr13,1855666,-5.5273833671399605e-05,0.01581871102063473,0.9003256615145036,0.04560037120912315,63
chr13,1894392,-8.873873873873863e-05,0.04290105363988541,0.8365592107577404,0.07750331471916243,67
chr13,1910129,0.00011332767402376911,0.0711795927164667,0.7904464177132512,0.10212756441636127,69
chr13,1943811,4.5372050816693066e-07,1.0650716328639412e-06,0.9991797257205237,0.00035638678066968145,67
chr13,1944069,4.102564102564106e-05,0.009185336877799292,0.9239336055495863,0.03435923633342174,69
chr13,1957570,1.4285714285713592e-06,1.0402220804782012e-05,0.997436507603272,0.001114740027334738,67
chr13,1957621,-1.428571428571366e-06,1.0402220804782012e-05,0.997436507603272,0.001114740027334738,67
chr13,1962967,-1.46198830409365e-06,1.0983656145296807e-05,0.997366159935982,0.0011453712313416523,65
chr13,1962999,-1.46198830409365e-06,1.0983656145296807e-05,0.997366159935982,0.0011453712313416523,65
chr13,1963017,-1.46198830409365e-06,1.0983656145296807e-05,0.997366159935982,0.0011453712313416523,65
chr13,1997911,0.00010873983739837391,0.06019737048005501,0.8069817497423613,0.09313628693320843,65
chr13,2003583,-0.00013296258847320515,0.08831456565821391,0.7672933017755632,0.11503859303425848,66
chr13,2010769,-0.0002976190476190476,0.4893212825974348,0.4866162796441441,0.31281336593263054,70
chr13,2019982,-0.00034407665505226484,0.6498433806383539,0.42302074116979427,0.3736383381692704,69
chr13,2019985,0.0002976190476190476,0.4893212825974348,0.4866162796441441,0.31281336593263054,70
chr13,2031234,-0.0003830171635049685,0.796098497296666,0.3755040144017979,0.42538541572178434,68
chr13,2053160,0.00010477582846003882,0.058288947892672825,0.8100051407116107,0.09151222485517618,65
chr13,2053198,0.00020227920227920213,0.20747030456510282,0.6502990427901096,0.18688688525287236,66
chr13,2053229,0.00020227920227920213,0.20747030456510282,0.6502990427901096,0.18688688525287236,66
chr13,2056294,-0.0001640033641715727,0.14948320850384064,0.7002369559317673,0.15475497250027914,70
chr13,2056376,0.00016400336417157275,0.14948320850384064,0.7002369559317673,0.15475497250027914,70
chr13,2106333,-0.00012151567944250863,0.07976279404532234,0.7784897605493237,0.10874709531958796,69
chr13,2223128,-7.588075880758813e-05,0.03020926501530664,0.8625482619648067,0.06421659559543255,68
chr13,2228855,-0.00017284482758620666,0.16201626952881482,0.6885883042472418,0.16204035811119055,69
chr13,2228927,-0.00017284482758620666,0.16201626952881482,0.6885883042472418,0.16204035811119055,69
chr13,2235680,-0.00012151567944250863,0.07976279404532234,0.7784897605493237,0.10874709531958796,69
chr13,2261365,-0.0001640033641715727,0.14948320850384064,0.7002369559317673,0.15475497250027914,70
chr13,2275533,-2.1680216802167916e-05,0.0025348968397805563,0.9599973293426253,0.01772997514102973,68
chr13,2281900,-9.712543554006962e-05,0.05054454529102465,0.8228026856147633,0.08470429944477986,69
chr13,2286044,-9.065934065934065e-05,0.04248871779532087,0.837325525792539,0.07710566916209854,68
chr13,2307365,0.00013981481481481478,0.10072249932531549,0.7519815486740915,0.12379281553513448,67
chr13,2343353,-8.928571428571429e-05,0.04375241281688435,0.8349402863971774,0.0783445834571549,70
chr13,2343469,-8.928571428571429e-05,0.04375241281688435,0.8349402863971774,0.0783445834571549,70
chr13,2343494,-8.928571428571429e-05,0.04375241281688435,0.8349402863971774,0.0783445834571549,70
chr13,2343570,-0.0001337108013937281,0.09733515941101,0.7560201366769552,0.12146663686490565,69
chr13,2353803,-5.149051490514895e-05,0.013796753541548124,0.9068525952882811,0.042463299770624366,68
chr13,2388394,-4.365079365079379e-05,0.010156411493144878,0.920026851831776,0.03619949718467261,69
chr13,2388526,-5.149051490514904e-05,0.013796753541549054,0.9068525952882318,0.04246329977064797,68
chr13,2388571,-5.149051490514904e-05,0.013796753541549054,0.9068525952882318,0.04246329977064797,68
chr13,2400414,-8.928571428571429e-05,0.04375241281688435,0.8349402863971774,0.0783445834571549,70
chr13,2484313,0.00010749774164408296,0.06054752459763798,0.80639628284491,0.09345148281281662,68
chr13,2594343,-4.913793103448258e-05,0.01316600973610762,0.9089918234958768,0.04144002329793664,69
chr13,2618423,-5.0366300366300305e-05,0.013339491604752578,0.9084074924515165,0.041719292421335354,67
chr13,2618494,-5.0366300366300305e-05,0.013339491604752578,0.9084074924515165,0.041719292421335354,67
chr13,2620340,-0.00017342342342342335,0.1402790253761514,0.7093466242115536,0.14914149373622723,61
chr13,2649396,-9.166666666666641e-05,0.04706043846052686,0.8289091874073828,0.0814930467334522,70
chr13,2649512,-4.913793103448258e-05,0.01316600973610762,0.9089918234958768,0.04144002329793664,69
chr13,2689989,-0.0003012820512820512,0.4458265925581848,0.506762201856853,0.29519578553519554,65
chr13,2692911,9.065934065934065e-05,0.04248871779532087,0.837325525792539,0.07710566916209854,68
chr13,2698364,8.630393996247646e-05,0.03757656303264119,0.8469003999232413,0.07216766205086317,67
chr13,2704295,-7.142857142857134e-05,0.026245755712581306,0.8717965397263245,0.059584859086108964,68
chr13,2704343,-7.142857142857134e-05,0.026245755712581306,0.8717965397263245,0.059584859086108964,68
chr13,2716281,-0.00018066847335140003,0.17268985778074705,0.6790802291493756,0.16807891346834514,68
chr13,2773035,-4.734848484848491e-05,0.01121709414445946,0.9159743855044357,0.03811667086230143,68
chr13,2784248,8.901515151515165e-05,0.04038499732556192,0.8413477319551557,0.07502447167312527,68
chr13,2856837,-6.8181818181817895e-06,0.0002403302927365695,0.9876772901548815,0.005384931929286509,69
chr13,2857094,-5.681818181818181e-05,0.016132107293179265,0.8993168887081762,0.04608725068317518,68
chr13,2879471,3.5984848484848496e-05,0.006439697902327449,0.9362830684025644,0.028592830257879658,68
chr13,2879484,3.5984848484848496e-05,0.006439697902327449,0.9362830684025644,0.028592830257879658,68
chr13,2879499,3.5984848484848496e-05,0.006439697902327449,0.9362830684025644,0.028592830257879658,68
chr13,2883567,-6.097560975609887e-06,0.00017232342049919373,0.9895691494861865,0.0045538526036328145,63
chr13,2888710,0.00014681818181818185,0.11343592194299928,0.7373185103901766,0.13234486299178608,69
chr13,2905567,4.583333333333346e-05,0.009963027102833595,0.9208132796828189,0.03582842607311429,64
chr13,2928789,-2.906976744186032e-05,0.004436598812682383,0.9470923004399617,0.02360769405017277,69
chr13,2928941,2.093023255813953e-05,0.0022280124428619603,0.9624949119425148,0.016601557633622806,68
chr13,3003815,-0.0002577272727272727,0.3451613447537796,0.5588398971745063,0.2527125959290072,69
chr13,3003831,-0.0002577272727272727,0.3451613447537796,0.5588398971745063,0.2527125959290072,69
chr13,3004021,-0.0003015734265734266,0.48873539106168196,0.48687635338949664,0.31258131775609804,70
chr13,3004070,0.0003015734265734266,0.48873539106168196,0.48687635338949664,0.31258131775609804,70
chr13,3044960,0.00022666666666666676,0.2706476980071891,0.6045873179083291,0.21854096701628623,70
chr13,3045099,0.00017916666666666678,0.1633325466629595,0.6873938479518933,0.16279435903688075,69
chr13,3095611,2.698412698412712e-05,0.0033775270278858026,0.9538369121120087,0.020525875007232658,66
chr13,3167933,-0.0001521739130434783,0.11721650956869673,0.733144956651812,0.13481014861944512,69
chr13,3167952,-0.0001521739130434783,0.11721650956869673,0.733144956651812,0.13481014861944512,69
chr13,3325554,7.111111111111112e-05,0.026542897396332758,0.8710646972774637,0.05994958709668747,70
chr13,3460459,7.111111111111112e-05,0.026542897396332758,0.8710646972774637,0.05994958709668747,70
chr13,3460463,4.409090909090913e-05,0.01004274342676154,0.9204741041133616,0.03598842508377831,69
chr13,3460471,7.111111111111112e-05,0.026542897396332758,0.8710646972774637,0.05994958709668747,70
chr13,3465159,7.818181818181821e-05,0.03137230769542397,0.8599466937273005,0.06552846891643034,69
chr13,3484682,-3.6714975845410535e-05,0.006609990056994454,0.9354479545520978,0.028980370301440603,68
chr13,3552021,-0.0002097902097902098,0.2356406480117807,0.6289329359707488,0.20139566153506797,70
chr13,3572567,0.00025313059033989265,0.34095726923241537,0.561237983370747,0.2508529445394346,69
chr13,3572639,-0.00031438415159345395,0.5394317249066715,0.4651935450842255,0.3323663200694515,70
chr13,3572653,0.00031438415159345384,0.5394317249066715,0.4651935450842255,0.3323663200694515,70
chr13,3639621,0.00027236135957066197,0.3920521001317868,0.5333501098986864,0.27298761108530034,69
chr13,3653353,0.0003634984833164813,0.6495535042921889,0.4232569049555508,0.37339594814015536,66
chr13,3663411,0.0002463369963369965,0.3149894953507696,0.5765351558292349,0.23917420525197047,68
chr13,3663433,-0.0002463369963369965,0.3149894953507696,0.5765351558292349,0.23917420525197047,68
chr13,3663462,0.00028835978835978844,0.44571628545032294,0.5066694262106616,0.29527530141015457,69
chr13,3683170,-0.00013227272727272724,0.09057265813538755,0.7643823790988484,0.11668933306174212,69
chr13,3683192,-0.00017919580419580418,0.17176263614204185,0.6798545241532936,0.16758400805343854,70
chr13,3683208,-0.00017919580419580418,0.17176263614204185,0.6798545241532936,0.16758400805343854,70
chr13,3774040,-0.00019810508182601196,0.21317397632401036,0.6457646451420179,0.18992573578222147,70
chr13,3803491,-0.000321220930232558,0.536446410163964,0.466542110162144,0.33110915066200863,67
chr13,3820197,-0.0004991055456171733,1.3349712840289483,0.25202662649528196,0.5985535737855194,69
chr13,3837640,0.00038372093023255797,0.7533861180898205,0.3885514105519834,0.4105515100886235,68
chr13,3888423,0.0004287054409005628,0.9422580999601772,0.3352961599186681,0.47457142043244605,67
chr13,3888880,0.0003292682926829269,0.5901020550817851,0.44507879168702325,0.35156309965758037,69
chr13,3916175,0.0005232793522267203,1.3468969200999712,0.2502706117619433,0.6015901447943072,64
chr13,3925259,-0.0002645502645502645,0.3859767169626965,0.5365299006238395,0.270406069943904,69
chr13,3978697,-0.0003,0.4448578262024978,0.5072617980919778,0.29476784318735905,64
chr13,4011248,-0.0005696864111498259,1.7980087051388431,0.18448187664854218,0.7340462921506288,69
chr13,4011408,0.0005609243697478989,1.7553426585766656,0.19023030572599803,0.7207202941224607,62
chr13,4015161,-0.0005076923076923076,1.4906666908805308,0.22639230206388813,0.6451383443919513,69
chr13,4015197,-0.0005076923076923076,1.4906666908805308,0.22639230206388813,0.6451383443919513,69
chr13,4022758,-0.0006464912280701756,2.315608551766791,0.1328581407962352,0.8766118293262425,68
chr13,4043814,0.0006972222222222222,2.6034149650435916,0.11147856102526545,0.9528086458326137,67
chr13,4043853,0.0006972222222222222,2.6034149650435916,0.11147856102526545,0.9528086458326137,67
chr13,4043893,0.0006972222222222222,2.6034149650435916,0.11147856102526545,0.9528086458326137,67
chr13,4043927,-0.0006357142857142858,2.213158762303965,0.14160061231729118,0.8489348686416893,68
chr13,4043946,-0.0006357142857142858,2.213158762303965,0.14160061231729118,0.8489348686416893,68
chr13,4046532,-0.0006201754385964912,2.1416528921113134,0.14809385488966717,0.8294629620248938,68
chr13,4069440,-0.00047386759581881545,1.2242175834478055,0.272491454168885,0.5646471134441982,69
chr13,4069451,-0.00045416316232127854,1.163387510692909,0.28457534695679965,0.545802725981797,70
chr13,4069459,-0.00045416316232127854,1.163387510692909,0.28457534695679965,0.545802725981797,70
chr13,4069586,-0.0005320686540198735,1.5064983274863328,0.2240341394234052,0.6496857966949865,68
chr13,4076420,-0.0005691056910569105,1.7433586337760878,0.19127450773766677,0.7183429070588927,68
chr13,4076424,0.0005691056910569105,1.7433586337760878,0.19127450773766677,0.7183429070588927,68
chr13,4162820,0.00038320825515947467,0.777412899606446,0.3811824496443825,0.4188671033067005,67
chr13,4176128,0.00045416316232127843,1.1633875106929001,0.2845753469568048,0.5458027259817891,70
chr13,4176522,0.000420296167247387,0.9659752084104642,0.3292218950341279,0.4825112895706442,69
chr13,4241919,-0.00040217391304347836,0.8376144523996086,0.36393559374920603,0.43897546732411546,59
chr13,4262731,0.00043890977443609026,0.9912989217702625,0.3231746862296515,0.4905626641763013,66
chr13,4263086,-0.0004876215738284704,1.319836882125974,0.2547678893965718,0.5938553107820401,68
chr13,4296062,8.783783783783786e-05,0.03923881667227343,0.8436349622394012,0.07384543036330758,63
chr13,4373950,-0.00039224137931034484,0.8428160717871791,0.36188573268796576,0.4414285385746663,69
chr13,4387151,0.00042307692307692304,1.005357275726079,0.319625249526405,0.4953589199186047,69
chr13,4408931,0.0005676691729323308,1.7018129805071764,0.19672280679867615,0.7061452878049189,66
chr13,4409022,0.0004571295433364399,1.123125868587989,0.2932296590924709,0.5327921045331101,66
chr13,4414724,0.0004267241379310345,1.0076565490839486,0.31907659449953313,0.4961050518155978,69
chr13,4418340,-0.0005073260073260073,1.380972897418559,0.2442223416924425,0.6122146089008965,67
chr13,4418362,-0.0004876215738284704,1.3198368821259745,0.2547678893965718,0.5938553107820401,68
chr13,4418620,-0.0004876215738284704,1.3198368821259745,0.2547678893965718,0.5938553107820401,68
chr13,4418626,0.0004876215738284705,1.3198368821259832,0.25476788939656925,0.5938553107820446,68
chr13,4425451,0.0002887931034482758,0.47109829215258275,0.494850887686619,0.3055256463405642,69
chr13,4425547,0.000375,0.7962529274004697,0.37536295976043366,0.42554858511188914,70
chr13,4437942,-0.0003461538461538462,0.6654160229529863,0.41754495927746693,0.37929675487531095,69
chr13,4438231,-0.000355263157894737,0.6830377676700572,0.41152047937814384,0.38560854718413085,68
chr13,4438306,-0.00041891891891891893,0.9508227830117848,0.33312501991965426,0.47739274766013473,67
chr13,4438319,0.0004189189189189188,0.9508227830117848,0.33312501991965426,0.47739274766013473,67
chr13,4452719,-0.00035000000000000005,0.6173882755591888,0.43491889926506766,0.3615917197934048,66
chr13,4464373,-0.000440940940940941,1.04286831412847,0.31112361436536035,0.5070670245732033,64
chr13,4490794,-0.00025740740740740737,0.3512988685897456,0.5554352908165703,0.2553665298432639,67
chr13,4491001,-0.0003115384615384615,0.5005059842018519,0.4818462091149228,0.3170915534424606,66
chr13,4499720,0.0003660968660968661,0.7055348740326112,0.4040570637893667,0.3935572964270755,66
chr13,4503506,0.00036724137931034494,0.7434137687395842,0.3916451375257003,0.4071072610755832,69
chr13,4525321,0.0004214285714285716,0.9559645319541102,0.33177601630217946,0.47915501181403836,68
chr13,4541278,-0.00040185676392572966,0.8755378015850321,0.3528379190269736,0.4524247479754684,68
chr13,4552120,0.0003377541998231655,0.6169291112618819,0.43500138610716765,0.36150935918850025,68
chr13,4592071,-0.00034941520467836264,0.6514954373342946,0.42261542779768446,0.37405465284664086,65
chr13,4592077,0.0003494152046783626,0.6514954373342946,0.42261542779768446,0.37405465284664086,65
chr13,4606819,-0.00035128205128205127,0.6848746498080814,0.4108511717710146,0.3863154700559166,69
chr13,4610206,-0.00033882783882783883,0.6324931082169155,0.4293369226059808,0.367201760962665,67
chr13,4621961,0.00036724137931034494,0.7434137687395842,0.3916451375257003,0.4071072610755832,69
chr13,4672037,-0.0003166666666666667,0.5658959404320056,0.45449053721420585,0.34247515463879297,70
chr13,4744599,0.00023784722222222246,0.3190153113978566,0.5741148036247063,0.2410012546484347,68
chr13,4752602,-0.00026900337837837846,0.416867333687573,0.5207094983486318,0.28340450021412017,69
chr13,4800644,-0.00031587837837837845,0.5593694841622597,0.4571315880570602,0.33995876767394734,69
chr13,4800651,-0.00031587837837837845,0.5593694841622597,0.4571315880570602,0.33995876767394734,69
chr13,4810727,-0.00036607142857142866,0.7450072615451775,0.3912352633953943,0.4075620076476553,67
chr13,4819226,-0.00035947712418300635,0.745782990564412,0.3908505354546459,0.4079892887347801,70
chr13,4845239,0.00031439393939393937,0.5533291321490881,0.45956140686462343,0.33765644971718134,69
chr13,4854157,-0.00029873949579831957,0.5028712512883076,0.4807016345623908,0.3181244011078422,69
chr13,4886857,0.0004227272727272728,0.8778942744325429,0.35247396208809334,0.45287295963464524,63
chr13,4886878,0.0004227272727272728,0.8778942744325429,0.35247396208809334,0.45287295963464524,63
chr13,4896917,0.0004116071428571429,0.9327718416022579,0.33772340743343965,0.4714388375971029,67
chr13,4900876,-0.00025000000000000017,0.3467369569169248,0.5579761318665732,0.2533843781598092,68
chr13,4929231,0.00044285714285714317,1.1082402500857829,0.2963037926850655,0.5282627895201049,68
chr13,4929289,0.0003088235294117648,0.4993382096830355,0.4823558885159903,0.3166324153165762,66
chr13,4929303,0.0003088235294117648,0.4993382096830355,0.4823558885159903,0.3166324153165762,66
chr13,4929313,0.0003088235294117648,0.4993382096830355,0.4823558885159903,0.3166324153165762,66
chr13,4929339,0.0003088235294117648,0.4993382096830355,0.4823558885159903,0.3166324153165762,66
chr13,4966850,0.00022058823529411776,0.26719205441001986,0.6069495326022483,0.21684741868348212,68
chr13,5005857,-0.00021650326797385607,0.26864209810080636,0.6059265823244749,0.21757999435344713,70
chr13,5005864,0.0002165032679738561,0.26864209810080636,0.6059265823244749,0.21757999435344713,70
chr13,5005895,0.000254201680672269,0.3630338449463452,0.5488600397873415,0.26053838723913986,69
chr13,5005987,0.000254201680672269,0.3630338449463452,0.5488600397873415,0.26053838723913986,69
chr13,5009615,-0.00021650326797385607,0.26864209810080636,0.6059265823244749,0.21757999435344713,70
chr13,5009651,0.0002165032679738561,0.26864209810080636,0.6059265823244749,0.21757999435344713,70
chr13,5009704,-0.0001827731092436977,0.1873533262887848,0.6665187933278417,0.1761876006034445,69
chr13,5092346,-0.00024005681818181835,0.29945587307310895,0.5861570966443274,0.231985972612886,65
chr13,5101138,-0.00017965367965367977,0.17562097752046743,0.6765246185545992,0.16971639491576193,68
chr13,5107433,0.0002165032679738561,0.26864209810080636,0.6059265823244749,0.21757999435344713,70
chr13,5107528,0.0002165032679738561,0.26864209810080636,0.6059265823244749,0.21757999435344713,70
chr13,5107587,0.0002165032679738561,0.26864209810080636,0.6059265823244749,0.21757999435344713,70
chr13,5107595,0.0002827731092436976,0.4575541830447242,0.5010977997652089,0.3000775041661773,69
chr13,5127678,-0.00016319444444444451,0.14469820052740692,0.7048758420324496,0.15188737360262855,68
chr13,5127687,-0.00016319444444444451,0.14469820052740692,0.7048758420324496,0.15188737360262855,68
chr13,5127728,-0.00016319444444444451,0.14469820052740692,0.7048758420324496,0.15188737360262855,68
chr13,5142252,0.00033689839572192514,0.6233056164993955,0.43269210697689964,0.363821026982101,67
chr13,5142814,0.00015998217468805723,0.14001593059120218,0.7094830764219404,0.14905795947954972,67
chr13,5166714,-0.000276339285714286,0.41196537160327923,0.5232307943579501,0.2813067038539523,67
chr13,5173230,-0.00022853535353535372,0.2906310199540904,0.5916034037792113,0.22796933596271016,69
chr13,5184373,0.00029166666666666675,0.45666461618156245,0.5015841688537788,0.29965617929047056,67
chr13,5186059,-0.0002334152334152335,0.31168184784623343,0.5784836211901512,0.237708932870289,70
chr13,5195668,0.00021917229729729733,0.26837141046548196,0.6061328602236961,0.2174321709858953,69
chr13,5195690,0.00023217317487266568,0.2980877318738795,0.5868971266240632,0.23143801673343375,69
chr13,5213536,0.00023055555555555568,0.2908858673313524,0.5915248649519858,0.22802699493381373,66
chr13,5311724,7.08294501397951e-05,0.02584772647211785,0.8727791654847366,0.059095629540486125,66
chr13,5353687,-0.00026783968719452597,0.3567384591991641,0.5524983632335811,0.257669004230502,64
chr13,5385854,0.00022500000000000002,0.26702125021223383,0.6071180995194558,0.21672681966492963,66
chr13,5570737,-0.0003194103194103196,0.5859916782246911,0.4466222034323669,0.3500596901574158,70
chr13,5570770,0.0003194103194103196,0.5859916782246911,0.4466222034323669,0.3500596901574158,70
chr13,5571602,0.0003194103194103196,0.5859916782246911,0.4466222034323669,0.3500596901574158,70
chr13,5588289,-0.0002991596638655462,0.5133678717883793,0.476174708794192,0.32223367512771944,69
chr13,5628629,0.00020691287878787877,0.2149907144781334,0.644481587084353,0.19078948597837098,65
chr13,5639018,-0.0002521008403361343,0.35734095660707266,0.5520019512318268,0.2580593871118924,69
chr13,5639020,-0.0002521008403361343,0.35734095660707266,0.5520019512318268,0.2580593871118924,69
chr13,5639226,-0.00028571428571428574,0.469613259668506,0.49549466105392503,0.3049610206687388,70
chr13,5639295,-0.00028571428571428574,0.469613259668506,0.49549466105392503,0.3049610206687388,70
chr13,5639413,-0.00028645833333333333,0.4479015880307503,0.5057784422552867,0.2960396854880454,65
chr13,5640882,-0.00028571428571428574,0.469613259668506,0.49549466105392503,0.3049610206687388,70
chr13,5663758,0.0002291666666666666,0.28557124977650405,0.5948682744140308,0.2255791923026809,68
chr13,5663808,-0.00015535714285714295,0.13194364547270654,0.7176039180525569,0.14411519874885845,67
chr13,5663818,-0.00026515151515151507,0.39181037157737775,0.5334759697661601,0.27288513843819806,69
chr13,5663841,-0.0002291666666666666,0.28557124977650405,0.5948682744140308,0.2255791923026809,68
chr13,5663914,-0.00026515151515151507,0.39181037157737775,0.5334759697661601,0.27288513843819806,69
chr13,5663971,-0.00026515151515151507,0.39181037157737775,0.5334759697661601,0.27288513843819806,69
chr13,5776557,-0.00017633928571428558,0.16440751974174814,0.6864621777296115,0.1633833862580045,67
chr13,5776561,-0.00017633928571428558,0.16440751974174814,0.6864621777296115,0.1633833862580045,67
chr13,5780511,0.00019932432432432428,0.22161693215810307,0.6393397202607398,0.1942683133133692,69
chr13,5838995,0.00030649350649350655,0.5148958200264907,0.47555928299571926,0.32279533640672403,68
chr13,5838999,0.00030649350649350655,0.5148958200264907,0.47555928299571926,0.32279533640672403,68
chr13,5844583,0.0001818181818181818,0.1732591367122885,0.6786240015370222,0.1683707843154948,66
chr13,5921981,-0.00017647058823529405,0.168666146092144,0.6826302949346736,0.16581444176642793,68
chr13,5922004,0.00017647058823529405,0.168666146092144,0.6826302949346736,0.16581444176642793,68
chr13,5923340,-0.0002676470588235294,0.4287635846450558,0.5148380124846166,0.28832939494004795,69
chr13,5923422,0.0002676470588235293,0.4287635846450558,0.5148380124846166,0.28832939494004795,69
chr13,5923505,-0.00023529411764705878,0.3238518745687354,0.5712335852886352,0.2431862664336768,68
chr13,5923509,0.0002676470588235293,0.4287635846450558,0.5148380124846166,0.28832939494004795,69
chr13,5942739,-0.0001666666666666666,0.15173776380781456,0.6981343175212775,0.15606101327020297,68
chr13,5976994,0.00019696969696969693,0.21870473026481033,0.6415462131369685,0.19277205419553067,69
chr13,6180270,-0.0001876847290640393,0.17722617791842682,0.6752237233834347,0.1705523075649792,64
chr13,6274632,-0.00035672268907563007,0.7193219988173868,0.39938625321820065,0.39860688752296225,69
chr13,6744144,-0.0006477272727272725,2.425154103533981,0.12411288962843486,0.9061831129105294,69
chr13,6842726,-0.00025044802867383497,0.33850497613821706,0.5627059330203754,0.2497185057373773,67
chr13,6905302,0.00031941031941031943,0.5859916782246911,0.4466222034323669,0.3500596901574158,70
chr13,6979522,-0.0006203463203463205,2.171995162228312,0.1452976100257822,0.8377415292749391,68
chr14,166505,-0.00045430107526881706,1.0143339540170704,0.3179795417709313,0.49760082083885976,61
chr14,186270,-0.0004470899470899468,0.9972174789064722,0.3219951502397441,0.49215066942211677,62
chr14,249718,0.0004843749999999998,1.276292492246012,0.26274136727683517,0.5804715443981986,67
chr14,268954,-0.00031008403361344506,0.5421040725070829,0.4641321744838621,0.3333583244565046,69
chr14,276542,0.0003100840336134452,0.5421040725070829,0.4641321744838621,0.3333583244565046,69
chr14,318304,0.0001571428571428572,0.12783619258439455,0.7218812230102256,0.14153425455610416,65
chr14,376441,-0.00028727114210985174,0.4521745042929107,0.5036515727488817,0.29786980554297265,68
chr14,376443,-0.00028727114210985174,0.4521745042929107,0.5036515727488817,0.29786980554297265,68
chr14,376503,0.0002872711421098517,0.4521745042929107,0.5036515727488817,0.29786980554297265,68
chr14,439394,-0.000281111111111111,0.3543180332184647,0.5539552743985852,0.2565252982066068,61
chr14,439409,-0.000281111111111111,0.3543180332184647,0.5539552743985852,0.2565252982066068,61
chr14,530723,0.00017857142857142846,0.17534811758638558,0.6767215569179185,0.16958998887579874,70
chr14,556155,0.00010178236397748596,0.05321144778422829,0.8182909798340519,0.08709223610227064,67
chr14,599024,-0.00018728222996515677,0.1883184807341237,0.6657140476761599,0.17671227861409378,69
chr14,599063,0.00017857142857142846,0.17534811758638558,0.6767215569179185,0.16958998887579874,70
chr14,599069,0.00017857142857142846,0.17534811758638558,0.6767215569179185,0.16958998887579874,70
chr14,605221,0.00033974358974358956,0.5994106389825029,0.4416988400631452,0.3548737412325232,65
chr14,605222,0.00033974358974358956,0.5994106389825029,0.4416988400631452,0.3548737412325232,65
chr14,615801,0.00021167247386759576,0.2426149543758909,0.6239341082531109,0.2048612723898028,69
chr14,615802,0.00021167247386759576,0.2426149543758909,0.6239341082531109,0.2048612723898028,69
chr14,615816,0.00021167247386759576,0.2426149543758909,0.6239341082531109,0.2048612723898028,69
chr14,634163,3.6842105263158084e-05,0.007099273446722249,0.9331278662474785,0.03005884092575337,63
chr14,660122,0.0002720797720797722,0.40874497556056416,0.5248890169977377,0.2799325145002537,66
chr14,687454,0.00028174936921783017,0.44307756978226226,0.5078924654464394,0.29422822985560476,70
chr14,690102,0.0003152077807250219,0.5322464803129907,0.4682452732041683,0.3295265980033562,68
chr14,693224,0.00035366931918656046,0.6770492858540534,0.41356774971515076,0.38345333516275726,68
chr14,693290,0.00035366931918656046,0.6770492858540534,0.41356774971515076,0.38345333516275726,68
chr14,694837,-0.00027678571428571395,0.40899576598524207,0.5246933159860407,0.28009446819897155,68
chr14,694840,-0.00027678571428571395,0.40899576598524207,0.5246933159860407,0.28009446819897155,68
chr14,695176,0.0002756410256410255,0.37482744751025715,0.542588047287061,0.26552977757488194,65
chr14,695185,0.0002756410256410255,0.37482744751025715,0.542588047287061,0.26552977757488194,65
chr14,695231,-0.0002756410256410255,0.37482744751025715,0.542588047287061,0.26552977757488194,65
chr14,721972,-0.0002780487804878049,0.3892926547072083,0.5348891239147036,0.2717362326749028,66
chr14,722274,0.000408653846153846,0.8126794403949055,0.3708749464576404,0.4307725033731887,63
chr14,728612,0.00046245421245421226,1.1577672236932344,0.28584669294757864,0.5438668279133296,68
chr14,768791,0.000363095238095238,0.6392870085768381,0.42692674329134483,0.3696466395270951,66
chr14,789199,-0.0002976190476190475,0.4893212825974348,0.4866162796441441,0.31281336593263054,70
chr14,807962,-0.00018162020905923345,0.17844422018229483,0.6740662581994936,0.17129741183840577,69
chr14,820037,-0.00014880952380952382,0.1216736569375448,0.7283040734144777,0.13768726102405862,70
chr14,823133,-8.59788359788359e-05,0.03972079888092726,0.8426310832906452,0.07436252449635368,69
chr14,928066,-0.00010862068965517242,0.06438391088623609,0.8004735914495074,0.09665299138608206,69
chr14,985317,0.0001535714285714285,0.12520115091409798,0.7245883547211449,0.13990865004339148,68
chr14,1004307,-7.569386038687972e-05,0.031787584143605094,0.8590247570092503,0.0659943196640185,70
chr14,1004337,-7.569386038687972e-05,0.031787584143605094,0.8590247570092503,0.0659943196640185,70
chr14,1004343,-7.569386038687972e-05,0.031787584143605094,0.8590247570092503,0.0659943196640185,70
chr14,1004383,-7.569386038687972e-05,0.031787584143605094,0.8590247570092503,0.0659943196640185,70
chr14,1005316,-0.00012064459930313577,0.07855304508695947,0.7801315061615637,0.10783218245524213,69
chr14,1021352,-8.791208791208794e-05,0.040263422148915144,0.8415929498756552,0.07489791131168154,67
chr14,1084804,-0.00011249999999999989,0.07090719499478594,0.7908262321150976,0.10191893334687503,70
chr14,1086194,3.6654135338345814e-05,0.006785199949897026,0.9346077268164504,0.029370632791830168,66
chr14,1092218,-0.0003125000000000001,0.4976167778836997,0.48337275720759454,0.3157178299892178,60
chr14,1092437,-8.076923076923079e-05,0.03589115676006666,0.8503132010926508,0.07042107845939086,69
chr14,1114295,0.00013947368421052638,0.10687713804430382,0.7447624423168686,0.12798223254471439,68
chr14,1154809,-8.835758835758887e-06,0.00038411753207733955,0.984427295154456,0.006816353146173322,63
chr14,1155902,0.00012456896551724147,0.0840545342744889,0.7727715931038985,0.11194885085883362,69
chr14,1165402,0.00011250000000000006,0.07090719499478594,0.7908262321150976,0.10191893334687503,70
chr14,1171758,0.00011250000000000006,0.07090719499478594,0.7908262321150976,0.10191893334687503,70
chr14,1172991,-5.749999999999987e-05,0.016609428007122964,0.8978650837420938,0.04678891699453065,65
chr14,1197671,-7.713248638838446e-06,0.0003125937333983722,0.985948039387078,0.006145972282004449,67
chr14,1236209,9.169884169884174e-05,0.04151014199560294,0.8392130771400044,0.07612775731510232,65
chr14,1236614,0.00018196856906534329,0.18722530863846287,0.66660532873961,0.17613121897888173,70
chr14,1258913,-0.0003571428571428569,0.6119337105252566,0.43708678524289957,0.3594323236472603,63
chr14,1260259,-0.0002059386973180076,0.22544163429170053,0.6365664465856675,0.1961562567717759,65
chr14,1264102,0.00021917229729729728,0.26837141046548196,0.6061328602236961,0.2174321709858953,69
chr14,1264311,-0.00025082236842105266,0.35867592070992166,0.5512325138694696,0.2586651739421512,70
chr14,1286623,-8.29450139794968e-05,0.03626006560435163,0.8495821604630367,0.07079461548789398,66
chr14,1288453,-0.00015098566308243718,0.12152587287304382,0.7285120560731035,0.13756325673860606,67
chr14,1327993,0.0002966893039049238,0.4909040654325856,0.48595042950026257,0.31340802969342785,69
chr14,1335036,0.00017051282051282053,0.16286129794832893,0.687820836356287,0.16252467210590224,69
chr14,1348299,-0.00014722222222222228,0.11177103649457137,0.739229892952599,0.13122047944776005,66
chr14,1360808,-9.729729729729731e-05,0.051609614680068444,0.820998736647403,0.08565751117225683,67
chr14,1376935,-0.00021917229729729738,0.26837141046548196,0.6061328602236961,0.2174321709858953,69
chr14,1378693,-0.0002289473684210525,0.2817638673564886,0.5973291677485916,0.2237862780153896,68
chr14,1512463,0.00029107505070993925,0.41788240746077576,0.5204204362159393,0.2836456576109321,63
chr14,1512503,-0.0002910750507099391,0.41788240746077576,0.5204204362159393,0.2836456576109321,63
chr14,1658901,0.00032380952380952363,0.5368876176293911,0.46644300137469474,0.33120141880032505,65
chr14,1689834,0.0004330808080808082,1.0638319437469625,0.3060517604833111,0.5142051179913303,69
chr14,1689868,0.00046273546273546294,1.241626487055538,0.26908079693872267,0.5701172947339317,70
chr14,1690062,0.0002967980295566504,0.4289918797253377,0.5152140989898827,0.2880122608855788,57
chr14,1707150,0.00017063492063492078,0.15071255784602344,0.6991851721175789,0.1554077905221052,64
chr14,1727371,-0.0005751915708812263,1.8542183288781002,0.1781433945546016,0.749230276381567,65
chr14,1739680,0.00046729390681003583,1.16588680843336,0.28423832864303855,0.5463173592171514,67
chr14,1799142,0.00046273546273546294,1.241626487055538,0.26908079693872267,0.5701172947339317,70
chr14,1799144,0.00046273546273546294,1.241626487055538,0.26908079693872267,0.5701172947339317,70
chr14,1804621,0.00041576576576576575,0.9200560200977772,0.3410146915098199,0.467226910437991,67
chr14,1811653,0.00046273546273546294,1.241626487055538,0.26908079693872267,0.5701172947339317,70
chr14,1816831,0.0005261824324324323,1.5891669332629408,0.21181770030998529,0.674037751377912,69
chr14,1825206,0.0003714285714285714,0.7451451731542532,0.39119167264769694,0.4076103986739212,67
chr14,1836116,-0.00038807189542483647,0.8707288952880772,0.35405516576229135,0.4509290647550618,70
chr14,1866532,0.0003252100840336135,0.5920510579366796,0.4443313361190028,0.3522930574013298,69
chr14,1893223,0.0002683823529411766,0.3733214240366409,0.543363383893472,0.2649096311165246,66
chr14,1936611,0.00032731092436974783,0.5998990133856787,0.44134134057653596,0.3552253901522535,69
chr14,1977400,0.00011029411764705883,0.06365625621643162,0.8016162326088487,0.09603349698946498,66
chr14,1998552,0.00026208026208026215,0.39340601973584227,0.5326149033012203,0.2735866855671346,70
chr14,1999102,0.00030658783783783783,0.5271598734962907,0.4703321686835673,0.3275953163762139,69
chr14,1999263,-0.00026208026208026215,0.39340601973584227,0.5326149033012203,0.2735866855671346,70
chr14,2021760,-0.00018402777777777786,0.18387026709657406,0.6694644339849444,0.17427249039860496,68
chr14,2055238,0.0003480753480753483,0.697015671999434,0.4067119281247945,0.39071309033745255,70
chr14,2120375,0.0003480753480753483,0.697015671999434,0.4067119281247945,0.39071309033745255,70
chr14,2128371,0.0003622493461203138,0.7198401717873778,0.3992630290808127,0.3987409027021295,68
chr14,2145756,0.00039400337837837846,0.8751136884929184,0.35290307341056215,0.45234455938036644,69
chr14,2145794,0.00039400337837837846,0.8751136884929184,0.35290307341056215,0.45234455938036644,69
chr14,2146770,0.0003588709677419355,0.6871227896759551,0.41017841515311504,0.3870271972746725,67
chr14,2160607,-0.0002925021795989539,0.48160167519342234,0.49013318527434546,0.3096858918688896,68
chr14,2165320,-0.00032773109243697474,0.6061368478528506,0.4389870665501766,0.3575482747661531,69
chr14,2332308,-0.0002235294117647059,0.2556267893037742,0.6149334841628953,0.21117185824620946,64
chr14,2384075,0.00021176470588235306,0.2517444981213122,0.6174942099679175,0.20936711028007418,69
chr14,2386371,0.00020322580645161284,0.2224844821217838,0.6387574954946982,0.19466399060222167,66
chr14,2386381,0.00018235294117647044,0.18505863083983348,0.6684420600837808,0.17493623099947797,69
chr14,2386395,0.00010303030303030297,0.059330996555266455,0.8083119959778526,0.0924209758861854,68
chr14,2386398,0.00015937500000000004,0.13994333232466513,0.7095549059414747,0.14901399284245348,67
chr14,2386401,0.00015937500000000004,0.13994333232466513,0.7095549059414747,0.14901399284245348,67
chr14,2395697,9.411764705882353e-05,0.05101014220844456,0.8220023365876804,0.08512694795180627,69
chr14,2396733,-1.0101010101010113e-05,0.0004797353184450349,0.9826006221407584,0.007622965224387742,60
chr14,2407051,-0.00014848484848484846,0.11978233056693052,0.7303715598641898,0.13645614625486505,68
chr14,2420473,-9.411764705882348e-05,0.05101014220844456,0.8220023365876804,0.08512694795180627,69
chr14,2420479,9.411764705882353e-05,0.05101014220844456,0.8220023365876804,0.08512694795180627,69
chr14,2453837,0.00021176470588235306,0.2517444981213122,0.6174942099679175,0.20936711028007418,69
chr14,2459756,-0.00030094043887147337,0.512525338471934,0.4768247644860891,0.32164119705900784,62
chr14,2528102,-0.00011096256684491984,0.06540790772745209,0.7989517276942273,0.09747945977154401,67
chr14,2528109,-0.00011096256684491984,0.06540790772745209,0.7989517276942273,0.09747945977154401,67
chr14,2530068,0.00012756598240469205,0.09260895992085191,0.7619053291425233,0.11809898874606337,64
chr14,2538653,-9.67741935483871e-05,0.04833512352309284,0.8267323186018232,0.08263508460993534,62
chr14,2540563,3.977272727272731e-05,0.008392349830766328,0.9272987618884427,0.03278032007832484,65
chr14,2547936,-0.00010606060606060606,0.062372353259682135,0.8035490187849321,0.09498762488886305,69
chr14,2548014,-0.00014415584415584422,0.11296848275103276,0.7378557777694077,0.1320285176347711,68
chr14,2550678,8.522727272727277e-05,0.03893998983576877,0.8442028823385394,0.07355316937944809,65
chr14,2555270,7.10227272727272e-05,0.025779973788996925,0.8729525709144894,0.05900935165488527,65
chr14,2570906,-8.8235294117646e-06,0.000435423210006704,0.9834139327846925,0.007263643016931955,69
chr14,2570982,-8.8235294117646e-06,0.000435423210006704,0.9834139327846925,0.007263643016931955,69
chr14,2621255,7.352941176470597e-05,0.029581555451969537,0.8639694092639711,0.06350163439963807,68
chr14,2719460,0.00015463458110516926,0.13049982683303843,0.7190859162419462,0.14321921709886648,67
chr14,2719546,0.00015463458110516926,0.13049982683303843,0.7190859162419462,0.14321921709886648,67
chr14,2740559,8.199643493761128e-05,0.0365789092429361,0.8489210924439754,0.07113267572633786,67
chr14,2740561,4.411764705882352e-05,0.010827955813190142,0.9174393125974408,0.03742265413390833,68
chr14,2744575,-8.096590909090913e-05,0.03362660596955335,0.855092231291793,0.06798703921242728,65
chr14,2744613,-7.575757575757577e-05,0.03036975172728002,0.8622040011298595,0.06438996609754771,66
chr14,2744952,-3.431372549019611e-05,0.006360899287909337,0.9366769626457143,0.028410161011403815,67
chr14,2744959,-3.431372549019611e-05,0.006360899287909337,0.9366769626457143,0.028410161011403815,67
chr14,2745094,-7.35294117647059e-05,0.029851286319064245,0.8633568480734735,0.06380966185523126,68
chr14,2745143,-7.35294117647059e-05,0.029851286319064245,0.8633568480734735,0.06380966185523126,68
chr14,2745848,1.9047619047618948e-05,0.0019852120840900475,0.9645959721350886,0.01565455589449806,68
chr14,2746000,1.6339869281045685e-05,0.0015241920661319284,0.9689721729766865,0.013688694875139703,70
chr14,2791579,-3.445378151260515e-05,0.0066900369788382395,0.9350554596171956,0.029162629671419346,69
chr14,2800131,-2.0168067226890684e-05,0.0022749265741980763,0.9621002612031216,0.016779667444133894,69
chr14,2818951,3.6541889483065986e-05,0.007103404413752,0.9330915097029684,0.030075762244722897,67
chr14,2833293,6.91287878787878e-05,0.02421543294137608,0.8768355445555118,0.05708185337221405,65
chr14,2849367,-8.823529411764758e-06,0.00043542321000670386,0.9834139327846925,0.007263643016931955,69
chr14,2849409,2.8571428571428547e-05,0.0046642430893755575,0.9457510199125112,0.0242231816850869,70
chr14,2862003,-6.261859582542691e-05,0.02016424393453538,0.887532465230189,0.0518157518363072,65
chr14,2862072,-6.261859582542691e-05,0.02016424393453538,0.887532465230189,0.0518157518363072,65
chr14,2866808,8.823529411764793e-06,0.000435423210006704,0.9834139327846925,0.007263643016931955,69
chr14,2866834,8.823529411764793e-06,0.000435423210006704,0.9834139327846925,0.007263643016931955,69
chr14,2878110,7.352941176470585e-05,0.02935838582256783,0.8644784074988537,0.06324584984085169,68
chr14,2878936,4.411764705882352e-05,0.010646306054414181,0.9181322484231262,0.03709475820645516,68
chr14,2879051,4.411764705882352e-05,0.010646306054414181,0.9181322484231262,0.03709475820645516,68
chr14,2892602,8.025210084033608e-05,0.03600722075130222,0.8500742978364144,0.07054311460308194,69
chr14,3009072,0.00019100169779286946,0.200994425754594,0.6553658748446594,0.1835161762470561,69
chr14,3010058,0.0002647849462365591,0.37573496719784416,0.5420335655232233,0.2659738188672271,67
chr14,3014910,-0.00016904761904761902,0.14334603626541917,0.7062499143678597,0.15104159183030086,65
chr14,3014961,-0.00018392857142857149,0.17970620419457287,0.6730254821455852,0.17196849217170387,67
chr14,3019650,-0.00025115207373271897,0.330428077625985,0.5674224141270501,0.2460935128485365,66
chr14,3020637,-0.00019100169779286938,0.200994425754594,0.6553658748446594,0.1835161762470561,69
chr14,3041917,-0.00018965517241379312,0.16044705436635529,0.6902693695472875,0.1609813978441101,58
chr14,3045460,0.00027083333333333327,0.40588781135714846,0.5262679104428936,0.2787931105878105,68
chr14,3045469,0.00027083333333333327,0.40588781135714846,0.5262679104428936,0.2787931105878105,68
chr14,3062013,0.0002491554054054054,0.3445553177433873,0.5591843688399561,0.2524449771433361,69
chr14,3062193,0.0002491554054054054,0.3445553177433873,0.5591843688399561,0.2524449771433361,69
chr14,3084994,0.0002913419913419913,0.4684390451760243,0.496102562120741,0.3044285300449947,68
chr14,3086836,-0.0003337789661319072,0.6033725395445804,0.4401118020908078,0.3564369851880478,67
chr14,3094549,-0.0002521008403361341,0.3573409566070726,0.5520019512318268,0.2580593871118924,69
chr14,3095001,-0.00032954545454545454,0.5814001975200241,0.44860953441332785,0.3481315004831134,65
chr14,3115623,-0.00026292335115864527,0.37192124688206424,0.5440850393741028,0.26433321566108686,67
chr14,3117533,-0.0002521008403361341,0.3573409566070726,0.5520019512318268,0.2580593871118924,69
chr14,3120226,0.000145021645021645,0.1151200244201748,0.7354659564087827,0.13343742529673766,68
chr14,3120412,0.00021749755620723376,0.24582475044209226,0.6217834691191277,0.20636082839411013,64
chr14,3127682,-0.00024376114081996433,0.31987581731133513,0.5736295095916841,0.24136851507530005,67
chr14,3240803,9.285714285714294e-05,0.04722552714930419,0.82864408019677,0.08163196787935305,67
chr14,3242818,-0.00013923013923013928,0.1105704743300042,0.7405185113582202,0.13046408058606349,70
chr14,3249281,2.0588235294117774e-05,0.0021545854798810955,0.9631266691960987,0.016316591260514744,64
chr14,3259476,-0.00018493761140819966,0.18258047285767598,0.6705771212087235,0.1735512679401586,67
chr14,3259544,-0.00020216450216450213,0.22430952454566716,0.6373386272385223,0.1956297593984158,68
chr14,3262822,-0.00013870967741935487,0.10286519259407048,0.7494629356589806,0.125249840116308,66
chr14,3303583,0.00010907335907335923,0.05974553187981331,0.8076929232166032,0.09275372227088524,65
chr14,3303683,1.0610079575596736e-05,0.0006202584880260118,0.9802058957323615,0.008682689625540805,68
chr14,3303691,-1.061007957559669e-05,0.0006202584880260118,0.9802058957323615,0.008682689625540805,68
chr14,3303737,1.9230769230769235e-05,0.0019670883777502266,0.964759898741615,0.015580756734998768,67
chr14,3374800,-0.00014764764764764766,0.11159015416443914,0.7394682849601542,0.131080447714639,64
chr14,3375176,0.0001108058608058607,0.06358167398792562,0.8017175986193396,0.0959785830367872,67
chr14,3408909,7.692307692307685e-06,0.0003253706554518857,0.9856621210696532,0.006271933033164629,69
chr14,3425644,-9.285714285714271e-05,0.0431120646032761,0.8362060472439341,0.07768669605949198,63
chr14,3430545,-4.219600725952824e-05,0.009385317269332453,0.9231214952465318,0.03474113619757702,67
chr14,3430573,-2.431476569407615e-05,0.0031923495411205474,0.9551134970462009,0.019945017722950268,68
chr14,3434920,7.83783783783782e-05,0.03291184153990317,0.8566054268331597,0.06721917855463763,67
chr14,3478786,7.410636442894499e-05,0.029800416887114916,0.8634721541856629,0.0637516632829783,68
chr14,3539410,4.0322580645161385e-05,0.008994907737542477,0.9247238126731308,0.033987958658245734,69
chr14,3562388,0.00011711711711711716,0.07278488141729321,0.7881789962424699,0.10337514259593548,67
chr14,3562400,0.00011711711711711716,0.07278488141729321,0.7881789962424699,0.10337514259593548,67
chr14,3562419,0.00011711711711711716,0.07278488141729321,0.7881789962424699,0.10337514259593548,67
chr14,3562431,0.00011711711711711716,0.07278488141729321,0.7881789962424699,0.10337514259593548,67
chr14,3562445,0.00011711711711711716,0.07278488141729321,0.7881789962424699,0.10337514259593548,67
chr14,3570217,0.0001416739319965126,0.11618630715391114,0.7342908208422569,0.13413190074829726,68
chr14,3627340,-8.271298593879378e-06,0.0003857692010946969,0.9843872684925831,0.00683401185177598,70
chr14,3627526,5.128205128205133e-05,0.014463969604075795,0.9046321668554218,0.043527973698836944,69
chr14,3646403,-1.53846153846153e-05,0.001294238599217387,0.971408843390555,0.012597947169100246,69
chr14,3646488,8.271298593879378e-06,0.0003857692010946969,0.9843872684925831,0.00683401185177598,70
chr14,3663387,-0.00011249999999999997,0.07090719499478593,0.7908262321150976,0.10191893334687503,70
chr14,3663444,-0.00011249999999999997,0.07090719499478593,0.7908262321150976,0.10191893334687503,70
chr14,3663579,-0.00019142351900972604,0.19664895604505173,0.6588897360308377,0.18118725769740038,68
chr14,3663738,-0.00015905172413793102,0.13819959040884172,0.7112505969340914,0.14797735610467813,69
chr14,3729965,-0.00019142351900972604,0.19664895604505173,0.6588897360308377,0.18118725769740038,68
chr14,3774601,-0.00024099099099099096,0.314038813819167,0.5771388026921842,0.23871972584973494,67
chr14,3774631,-0.00024099099099099096,0.314038813819167,0.5771388026921842,0.23871972584973494,67
chr14,3777134,-0.00013974358974358974,0.10755320832093193,0.7439698135587371,0.1284446855170637,69
chr14,3912052,0.0003947368421052632,0.8953258722843921,0.34738842816163573,0.4591846524095007,70
chr14,3912185,0.00044312393887945657,1.1050381439861863,0.2969398623976526,0.5273314970578237,69
chr14,3944806,0.00039973844812554477,0.8867435289822782,0.3497953851258335,0.45618592449601003,68
chr14,3961327,0.0004888888888888889,1.2754345241465237,0.2629648854244422,0.5801022404248803,66
chr14,3966985,0.0005531220876048461,1.6044165126730296,0.20986894049543953,0.6780518299718664,66
chr14,4009146,-0.00047222222222222213,1.2375568730180648,0.2699780579320098,0.5686715310494567,68
chr14,4009334,0.00047222222222222213,1.2375568730180648,0.2699780579320098,0.5686715310494567,68
chr14,4013963,0.000330220713073005,0.6191737491275973,0.4341290729384035,0.36238112917182064,69
chr14,4013967,0.000330220713073005,0.6191737491275973,0.4341290729384035,0.36238112917182064,69
chr14,4014044,0.000330220713073005,0.6191737491275973,0.4341290729384035,0.36238112917182064,69
chr14,4190909,-0.0004324324324324323,1.0560306305526352,0.3078180101653858,0.5117059735668538,69
chr14,4194893,-0.0003947368421052632,0.8953258722843921,0.34738842816163573,0.4591846524095007,70
chr14,4195221,-0.00029614604462474634,0.44403738274352317,0.507692662862415,0.29439911294243337,63
chr14,4211450,0.00038760504201680666,0.7520293902002874,0.3892894884336878,0.40972732291137426,62
chr14,4211454,0.00038760504201680666,0.7520293902002874,0.3892894884336878,0.40972732291137426,62
chr14,4352173,0.00042991071428571427,1.0406135089617443,0.31146069844074736,0.5065967468448005,67
chr14,4353879,0.0004455357142857143,1.104882221803072,0.2970894041336368,0.5271128372853738,67
chr14,4372075,-0.0005273109243697481,1.6044356220257558,0.2096615380474733,0.6784812326047134,69
chr14,4374383,0.00047385620915032644,1.306443580406537,0.2570478406446461,0.5899860401146041,70
chr14,4374443,0.00047385620915032644,1.306443580406537,0.2570478406446461,0.5899860401146041,70
chr14,4400090,-0.0005,1.2884162675541875,0.2607092039353049,0.5838436364659018,64
chr14,4410443,0.0005596638655462183,1.7988076327194977,0.18438566426985337,0.7342728477645973,69
chr14,4424785,0.0005882352941176467,2.0344053851907216,0.15834945368669873,0.8003834306265272,70
chr14,4534882,0.0006310924369747898,2.3019728166903546,0.13391429331691818,0.8731730661741356,69
chr14,4576401,-0.00043407043407043416,1.0901714943200584,0.3001308672286451,0.5226893368720487,70
chr14,4588922,0.00041515151515151503,0.9487723141993365,0.3335885646891007,0.4767888452571494,68
chr14,4588953,-0.0004151515151515152,0.9487723141993365,0.3335885646891007,0.4767888452571494,68
chr14,4747803,0.0004574780058651026,1.0641564792176037,0.3062764842799842,0.5138863467764996,64
chr14,4749271,-0.0003958333333333332,0.8912746656691286,0.34857539280803307,0.45770327455501647,68
chr14,4752713,0.0002926267281105991,0.45465821000704565,0.5025594581881763,0.2988125491603351,66
chr14,4791370,-0.0004452614379084963,1.1509385633682336,0.2871453133788582,0.5418982676304577,70
chr14,4921364,-0.0004734345351043645,1.2124685039248324,0.27503310122855057,0.5606150341123322,65
chr14,4971793,0.0003999999999999999,0.8354580258120506,0.36418403975857927,0.4386790909317104,65
chr14,4971808,0.0003999999999999999,0.8354580258120506,0.36418403975857927,0.4386790909317104,65
chr14,4980233,-0.0005495535714285715,1.6405517842910893,0.20480109077468528,0.6886677346289934,67
chr14,5048850,0.0003993055555555554,0.8889678765700922,0.34919575303197314,0.45693104688512476,68
chr14,5048880,0.0003993055555555554,0.8889678765700922,0.34919575303197314,0.45693104688512476,68
chr14,5116739,0.00031294642857142854,0.5288581602850112,0.4696985584424892,0.32818077271313817,67
chr14,5126322,-0.0003823529411764705,0.7915906932055171,0.3769006982551014,0.4237730579654744,67
chr14,5126429,-0.00035110294117647064,0.6502911819320987,0.4229950634468066,0.37366470101815324,66
chr14,5151605,-9.52380952380955e-06,0.0005053232955429945,0.9821333717936693,0.007829531865836683,68
chr14,5151623,-9.52380952380955e-06,0.0005053232955429945,0.9821333717936693,0.007829531865836683,68
chr14,5155168,-0.00011764705882352942,0.07588387467662926,0.7838155771251651,0.10578610983944195,68
chr14,5164352,1.0416666666666605e-05,0.0005913713543298729,0.9806722295124168,0.008476122793452777,68
chr14,5179628,1.8181818181818206e-05,0.0017945371492495662,0.966338035918424,0.014870925909901736,68
chr14,5224628,0.00013160173160173163,0.09759232032899312,0.7557231978139327,0.12163724639681434,68
chr14,5224651,-4.915966386554613e-05,0.013518531120797433,0.907786982888822,0.04201604906627704,69
chr14,5266612,0.00020098039215686277,0.2097163912892294,0.6485907734371863,0.18802923369853478,64
chr14,5271085,0.00017383512544802857,0.1644916354920131,0.6863863396457692,0.1634313683346101,67
chr14,5295247,0.000191650853889943,0.1909936991780064,0.6635852257826247,0.17810329177442147,65
chr14,5295344,0.0002357685009487666,0.2964024725019613,0.5880684865463368,0.23057209297635284,65
chr14,5309446,5.882352941176476e-06,0.00017107664233578213,0.9896062629271549,0.004537564848118228,64
chr14,5451750,0.00012663398692810445,0.09166814191195705,0.7629913346590753,0.11748039432705583,70
chr14,5490467,0.00027495543672014265,0.41185264112350445,0.5232874634246827,0.2812596696759671,67
chr14,5543486,0.00032683982683982674,0.5994989097310869,0.4415341552262536,0.35503569559139664,68
chr14,5543524,0.00032683982683982674,0.5994989097310869,0.4415341552262536,0.35503569559139664,68
chr14,5562202,0.0002542016806722689,0.3630338449463451,0.5488600397873415,0.26053838723913986,69
chr14,5682661,-0.00021146953405017912,0.2358014594751913,0.6288879704577748,0.2014267124964077,67
chr14,5710610,-9.806034482758617e-05,0.04476702234736517,0.8331621875215511,0.0792704484258959,61
chr14,5756486,0.000308294930875576,0.5012086160296557,0.4815399737440996,0.317367655256163,66
chr14,5758103,0.0002966386554621847,0.4953337028399915,0.4839965223976498,0.31515775882859753,69
chr14,5766807,-0.00041047297297297275,0.9433136696544807,0.33492045982864704,0.47505832119924235,69
chr14,5766836,-0.00041047297297297275,0.9433136696544807,0.33492045982864704,0.47505832119924235,69
chr14,5773922,-0.0004600694444444441,1.209752249859645,0.2753768899217773,0.5600725092518611,68
chr14,5773983,-0.0004600694444444441,1.209752249859645,0.2753768899217773,0.5600725092518611,68
chr14,5774183,-0.0004600694444444441,1.209752249859645,0.2753768899217773,0.5600725092518611,68
chr14,5777564,-0.0004977598566308242,1.3864212433180356,0.2433038021400597,0.6138511042399784,67
chr14,5796478,0.00048571428571428534,1.3751312014554498,0.2450239231043215,0.6107915108804537,70
chr14,5856822,0.000697222222222222,2.6092958572261398,0.11115852872419692,0.9540572101061738,66
chr14,5918024,0.0007690476190476186,3.459492049890756,0.0675593922663543,1.1703142657996066,65
chr14,5920662,0.0007601351351351349,3.133832299396475,0.08152155177058995,1.0887275620856556,65
chr14,5934004,-0.0007562724014336916,3.2310609433429867,0.07689879417598454,1.114080470170245,67
chr14,5934183,-0.0007277960526315787,3.1428730757689616,0.08073794505551939,1.0929223084605793,70
chr14,5936228,0.0006770270270270266,2.653069349693525,0.10818775520484912,0.9658218903190451,67
chr14,6021231,-0.0006507515473032713,2.4062414860681027,0.12563453896735807,0.9008909496046942,68
chr14,6021334,0.0006507515473032713,2.4062414860681027,0.12563453896735807,0.9008909496046942,68
chr14,6021335,0.0006507515473032713,2.4062414860681027,0.12563453896735807,0.9008909496046942,68
chr14,6046669,-0.0006816638370118845,2.7556715302426835,0.10158384367423473,0.9931753585980965,69
chr14,6048204,0.0006071428571428567,2.0139602897159907,0.16094783347157698,0.7933148650030449,63
chr14,6134383,0.000737140366172624,3.14160848520085,0.08093341596833592,1.091872128890899,68
chr14,6134408,-0.0007371403661726239,3.14160848520085,0.08093341596833592,1.091872128890899,68
chr14,6139037,-0.0006694444444444441,2.486229432101595,0.11977713619619038,0.9216260748639334,66
chr14,6139077,-0.0006694444444444441,2.486229432101595,0.11977713619619038,0.9216260748639334,66
chr14,6139303,-0.0007236268526591102,3.0616425294613174,0.08480862962706708,1.0715599542440806,68
chr14,6304136,0.0008660714285714283,4.270107173161732,0.04271633555806399,1.3694060105481245,68
chr15,26311,-0.0009381078691423518,5.335746873710911,0.02402876873545161,1.6192684824253571,68
chr15,107533,0.0011441202475685236,7.794853029343368,0.006846611104136998,2.1645243398884833,68
chr15,113110,0.0009961538461538465,6.127472679621617,0.0158449607809402,1.8001088314274412,69
chr15,259827,0.0011025641025641027,7.362243563838628,0.008458870902124119,2.072687603119663,69
chr15,259837,0.0011025641025641027,7.362243563838628,0.008458870902124119,2.072687603119663,69
chr15,259976,0.0009551282051282053,4.719608701120845,0.033781712274176846,1.4713183413730566,62
chr15,335573,0.0007624999999999997,3.4174961844433254,0.06885674628354632,1.1620535030441714,70
chr15,335705,0.0008038461538461538,3.7520907078085957,0.05695946705265531,1.244434082874953,69
chr15,336180,0.0007208646616541352,2.7726722250464118,0.10077438534669517,0.9966498420595815,66
chr15,382498,-0.0005882967607105539,1.756965381532969,0.19002850186504402,0.7211812554978055,62
chr15,392382,-0.0006286186931348216,2.303675976356066,0.13370391320551867,0.8738558817530262,70
chr15,392387,-0.0006286186931348216,2.303675976356066,0.13370391320551867,0.8738558817530262,70
chr15,392454,-0.0006286186931348216,2.303675976356066,0.13370391320551867,0.8738558817530262,70
chr15,417188,-0.0005652376514445478,1.7880594781703831,0.18589614189373663,0.7307296235236795,66
chr15,417203,-0.0005652376514445478,1.7880594781703831,0.18589614189373663,0.7307296235236795,66
chr15,452667,-0.0005138888888888887,1.4195385239691114,0.23794863296461513,0.6235167859172499,65
chr15,469038,-0.0006286186931348216,2.303675976356066,0.13370391320551867,0.8738558817530262,70
chr15,646387,-0.0005675675675675674,1.8417952314165482,0.17929509798475673,0.7464315840980119,69
chr15,670901,0.000569679054054054,1.8413037173288247,0.17935235853839365,0.7462929078451389,69
chr15,684956,-0.0005012626262626263,1.475170915568774,0.22879497506846103,0.6405535180083999,69
chr15,754387,0.0004947916666666665,1.3526709375021257,0.2489995940097871,0.6038013610145163,68
chr15,791912,0.0005417700578990897,1.696323364166987,0.1971635258182029,0.7051734240854903,70
chr15,791945,0.0005417700578990897,1.696323364166987,0.1971635258182029,0.7051734240854903,70
chr15,810883,-0.00023496240601503772,0.2895350732654026,0.5923850427867848,0.22739591557481703,66
chr15,829899,-0.00045714285714285713,1.126202328028883,0.2924548311115588,0.5339412000563036,68
chr15,830378,-0.0004441923774954628,1.0729184432415462,0.3041254419218354,0.5169472469914166,67
chr15,844018,0.00045545977011494243,1.1302237397067678,0.2917857557812613,0.5349359130477471,65
chr15,845384,-0.0005261904761904762,1.2678786780244002,0.26488360984653747,0.5769449136296323,59
chr15,845408,-0.0005261904761904762,1.2678786780244002,0.26488360984653747,0.5769449136296323,59
chr15,884946,0.00031822344322344337,0.5390263646391331,0.4654767636279017,0.3321019939093993,67
chr15,885032,0.00031822344322344337,0.5390263646391331,0.4654767636279017,0.3321019939093993,67
chr15,901289,0.0004583683767872161,1.185408773434658,0.28010130246445025,0.5526848717126386,70
chr15,984604,0.0005613553113553114,1.712532894849851,0.19526529682859456,0.7093749340548741,67
chr15,984623,0.0005613553113553114,1.712532894849851,0.19526529682859456,0.7093749340548741,67
chr15,1038711,0.00040202702702702694,0.8268167955657755,0.3666602268818294,0.4357361971639272,65
chr15,1071700,0.0004973844812554488,1.3703101357230507,0.24596798877401813,0.6091214099836662,68
chr15,1120728,-0.0004682459677419354,1.1733376669187634,0.28297964552097743,0.5482448017754794,63
chr15,1125308,0.0005428422152560083,1.4907514447141925,0.22687624871581405,0.644210967277575,62
chr15,1328591,-0.0006235023041474655,2.138831456125386,0.1485047946495084,0.8282595244194341,66
chr15,1339964,0.0005312499999999999,1.5891594658287536,0.21195274302603076,0.6737609585561978,67
chr15,1358730,0.00038803088803088807,0.8082958469954018,0.3720480787490623,0.429400933811107,65
chr15,1358736,0.00038803088803088807,0.8082958469954018,0.3720480787490623,0.429400933811107,65
chr15,1363165,-0.0006258445945945944,2.2528092581376025,0.1380702614100344,0.8598998528936251,69
chr15,1363186,0.0006258445945945944,2.2528092581376025,0.1380702614100344,0.8598998528936251,69
chr15,1434422,0.0006258445945945944,2.2528092581376025,0.1380702614100344,0.8598998528936251,69
chr15,1439302,0.0006859649122807019,2.665047235892091,0.10733722325732974,0.9692496438134464,68
chr15,1439407,0.0006859649122807019,2.665047235892091,0.10733722325732974,0.9692496438134464,68
chr15,1439442,-0.0006655348047538204,2.588282749510916,0.11235932030362189,0.9493908966445359,69
chr15,1453496,0.0006258445945945943,2.2528092581376025,0.1380702614100344,0.8598998528936251,69
chr15,1453624,0.0006258445945945943,2.2528092581376025,0.1380702614100344,0.8598998528936251,69
chr15,1525860,-0.0005540540540540539,1.7271985760669264,0.19338806377722303,0.7135703347807362,67
chr15,1590556,-0.000663429054054054,2.6183426617247822,0.1103332737940152,0.9572934953028951,69
chr15,1629677,0.0005692055692055693,1.8964955276397746,0.17298770266614563,0.7619847688599843,70
chr15,1653041,0.0005798611111111111,1.9791065670451147,0.16417611820948805,0.7846900170348471,68
chr15,1654944,-0.0005012626262626261,1.475170915568774,0.22879497506846103,0.6405535180083999,69
chr15,1678710,-0.0004230414746543779,0.9698327677359371,0.32843035767719997,0.48355670672205836,66
chr15,1689015,0.0004734088927637314,1.2636753328927977,0.265028555929394,0.5767073297823703,68
chr15,1689226,0.0005071790540540541,1.489302583764239,0.22660256861311107,0.6447351715768679,69
chr15,1757649,-0.0006794642857142857,2.57962141797246,0.11309524652078275,0.9465556484182904,67
chr15,1790713,0.0006575682382133993,2.528814762054804,0.11642297018924165,0.9339613251650083,70
chr15,1801455,0.0005243589743589745,1.5925097178267376,0.2113433702096965,0.6750113713339246,69
chr15,1805395,-0.0005874999999999997,1.9882198779632263,0.16308488485125722,0.7875862886831277,70
chr15,1843499,-0.0004975,1.3205930132294146,0.2548298400159057,0.5937497184267102,65
chr15,1843581,-0.00046853448275862057,1.301025020086439,0.25808694149415656,0.5882339690342092,69
chr15,1889821,-0.0007687728937728935,3.334496315310958,0.0724345466939206,1.1400542534144067,67
chr15,1890434,-0.0007209618874773137,2.892232426911191,0.09378766696726902,1.02785426738012,67
chr15,1890485,-0.0007209618874773137,2.892232426911191,0.09378766696726902,1.02785426738012,67
chr15,1912480,-0.001003921568627451,5.8090652270881815,0.018923742298730877,1.7229929747537407,64
chr15,1912747,0.001035960591133005,6.1372859081298445,0.01597557973327187,1.7965433728945952,64
chr15,1913501,0.0008602150537634406,4.445212690730237,0.03868654716003912,1.412440030068328,70
chr15,1993928,-0.0009374999999999997,5.3025577043044185,0.02436023900664756,1.613318455006364,70
chr15,2008288,-0.0009139194139194137,4.997168745544322,0.028830144200869778,1.540153185378514,67
chr15,2008335,0.0009139194139194137,4.997168745544322,0.028830144200869778,1.540153185378514,67
chr15,2008440,-0.0009374999999999997,5.3025577043044185,0.02436023900664756,1.613318455006364,70
chr15,2016006,0.0008030852994555353,3.818835466388561,0.05498420599982231,1.2597620419998674,67
chr15,2027025,0.001044413919413919,6.3709369278073655,0.014052633181712152,1.8522422900550501,67
chr15,2029368,-0.0011509324009324007,6.387549172570237,0.014191748226269592,1.8479641021989135,61
chr15,2029380,-0.0011509324009324007,6.387549172570237,0.014191748226269592,1.8479641021989135,61
chr15,2035650,0.0008294010889292197,3.9461043614832376,0.051199071178877315,1.2907379176481377,67
chr15,2035719,0.0008294010889292197,3.9461043614832376,0.051199071178877315,1.2907379176481377,67
chr15,2056253,-0.000911637931034483,4.859472166952313,0.030933422644564376,1.5095720246004074,69
chr15,2064976,-0.001,5.831202046035798,0.018523332160120698,1.7322808854412002,68
chr15,2069933,-0.0009637488947833773,5.291914892698064,0.024593399918909097,1.609181427993598,68
chr15,2070160,0.0008912037037037035,4.334861879671078,0.04128068382846458,1.38425311708654,67
chr15,2100343,-0.0009388888888888888,4.532333678505625,0.037444915627491845,1.426607143647542,61
chr15,2125343,0.000911637931034483,4.859472166952313,0.030933422644564376,1.5095720246004074,69
chr15,2148129,-0.000911637931034483,4.859472166952313,0.030933422644564376,1.5095720246004074,69
chr15,2155411,-0.0006826923076923079,2.407560873575958,0.12600956221728393,0.899596497258396,62
chr15,2155672,-0.0008856177606177606,4.342834053351081,0.041226528698162845,1.3848232315508173,65
chr15,2231057,0.000852343059239611,4.26119915861975,0.04292665633643984,1.3672729384757727,68
chr15,2370479,-0.0009732142857142856,5.639869328994895,0.020471410372238777,1.6888522357067834,68
chr15,2370517,-0.0009732142857142856,5.639869328994895,0.020471410372238777,1.6888522357067834,68
chr15,2394650,-0.0009854111405835544,5.744251213639676,0.019383077277024645,1.712577272778657,68
chr15,2394812,0.0010089743589743593,6.216467321833402,0.015133241193111694,1.8200680460990104,69
chr15,2394831,0.0010089743589743593,6.216467321833402,0.015133241193111694,1.8200680460990104,69
chr15,2396301,0.000968779123951538,5.505707657587835,0.022062697053182142,1.6563413983456108,66
chr15,2421241,-0.0008710526315789474,4.36252046715181,0.040598730066171665,1.3914875510011269,68
chr15,2421621,0.0009105263157894739,4.762478120193081,0.03265088562591851,1.4861050343817672,68
chr15,2446441,-0.0007236268526591106,2.9456142562666323,0.0908015268331904,1.0419068487294176,68
chr15,2446505,-0.0007236268526591106,2.9456142562666323,0.0908015268331904,1.0419068487294176,68
chr15,2558839,-0.0006074810606060604,1.931434360474875,0.1694933150022445,0.7708474261623137,65
chr15,2558841,-0.0006074810606060604,1.931434360474875,0.1694933150022445,0.7708474261623137,65
chr15,2558966,-0.0006022727272727274,2.1233237212687937,0.14974250755347712,0.8246548985519098,69
chr15,2581664,-0.0005221861471861471,1.25466555150532,0.2672022980527816,0.5731598110641924,61
chr15,2583138,0.0004991087344028521,1.4017637576951252,0.24074012084507143,0.618451525804687,67
chr15,2608692,0.0005555555555555553,1.8087936160225206,0.1831216347293553,0.7372603433633873,70
chr15,2608770,0.0005252525252525253,1.5766352212204573,0.21360739903562742,0.6703837080821947,69
chr15,2623328,0.0006029411764705883,2.0875700899409115,0.15323329335203417,0.814646864284514,68
chr15,2628653,0.0005252525252525253,1.5766352212204573,0.21360739903562742,0.6703837080821947,69
chr15,2636867,0.0004696969696969697,1.2285348700262788,0.271776608908168,0.5657879245691558,67
chr15,2646528,0.0005294117647058823,1.6170598911070782,0.20796511575330653,0.682009507856533,68
chr15,2666936,0.0007289473684210529,3.025339636115117,0.08663522255166724,1.0623055046359078,68
chr15,2689215,0.0006841216216216214,2.709652293742885,0.10442612555276033,0.9811908350121492,69
chr15,2721929,0.0008146167557932266,3.8731233439591852,0.05333373205486783,1.2729980252778321,67
chr15,2738448,-0.0007575757575757576,3.365345977658119,0.07102192115062937,1.1486075841629224,69
chr15,2738521,-0.0007575757575757576,3.365345977658119,0.07102192115062937,1.1486075841629224,69
chr15,2768570,0.0007843137254901956,3.7028843699480958,0.058504291194319616,1.2328122779577415,70
chr15,2768641,0.0007575757575757576,3.365345977658119,0.07102192115062937,1.1486075841629224,69
chr15,2768687,0.0007575757575757576,3.365345977658119,0.07102192115062937,1.1486075841629224,69
chr15,2772672,-0.0008030303030303029,3.7734559052039636,0.05627646105922705,1.249673220952532,69
chr15,2784811,-0.0008890692640692641,4.35375492607097,0.04125834739163637,1.3844881717353112,61
chr15,2801374,0.0007843137254901956,3.7028843699480958,0.058504291194319616,1.2328122779577415,70
chr15,2824620,-0.0006866125760649087,2.4676590765904507,0.12138396201069414,0.9158386911057292,63
chr15,2862639,0.0008826839826839831,4.596689863950937,0.03572182359865326,1.44706637848963,68
chr15,2873502,0.0008385416666666664,4.142188540367779,0.04584620840201924,1.3386965757664937,68
chr15,2907972,0.0007783549783549786,3.440514313077053,0.06808334970412525,1.1669590850881288,68
chr15,2907987,0.0007783549783549786,3.440514313077053,0.06808334970412525,1.1669590850881288,68
chr15,2943645,0.0006909090909090912,2.799858984689768,0.09900638552615239,1.004336794196997,68
chr15,2999402,0.0007192540322580644,2.6547618139303615,0.10839410502439006,0.9649943361093816,63
chr15,2999418,-0.0007192540322580645,2.6547618139303615,0.10839410502439006,0.9649943361093816,63
chr15,3014212,0.0007727272727272728,3.4220869994243843,0.0689473809737594,1.1614822262284807,66
chr15,3020744,-0.0008205882352941173,3.990234876453043,0.04982750777713157,1.3025308343964155,69
chr15,3022244,-0.0006498161764705881,2.501823637441317,0.11864436430335133,0.9257528862716363,66
chr15,3022272,-0.0006498161764705881,2.501823637441317,0.11864436430335133,0.9257528862716363,66
chr15,3022364,-0.0005325892857142857,1.58523920449395,0.2125105518110305,0.6726195010041038,67
chr15,3033721,0.0005306722689075628,1.6129015039390362,0.20847744118230574,0.6809409320575488,69
chr15,3033782,-0.0005306722689075628,1.6129015039390362,0.20847744118230574,0.6809409320575488,69
chr15,3063360,0.0005306722689075628,1.6129015039390362,0.20847744118230574,0.6809409320575488,69
chr15,3063660,-0.0005596405228758166,1.836212237137157,0.17988009860115795,0.7450168830457954,70
chr15,3095766,-0.000454861111111111,1.1820288977828317,0.28089795238084164,0.5514514265974347,68
chr15,3096678,-0.0005307486631016044,1.5222886500029196,0.2217162003205613,0.6542025727728525,67
chr15,3109228,0.000550892857142857,1.662032145975851,0.20189817643650027,0.6948676036276429,67
chr15,3120922,-0.0007290178571428569,3.0204164267851685,0.08695801084442491,1.0606904032498485,67
chr15,3120925,0.0007306985294117644,2.9463405978646713,0.0909090712693677,1.0413927789818926,66
chr15,3130999,-0.0006306722689075626,2.3395047466968193,0.13083757507073102,0.8832675136387694,69
chr15,3194454,-0.0004861111111111111,1.3855233090806953,0.24332727825953948,0.613809201658885,69
chr15,3201603,-0.0004861111111111111,1.3855233090806953,0.24332727825953948,0.613809201658885,69
chr15,3218613,0.0005596405228758162,1.836212237137157,0.17988009860115795,0.7450168830457954,70
chr15,3218626,-0.0005596405228758166,1.836212237137157,0.17988009860115795,0.7450168830457954,70
chr15,3219297,-0.000454861111111111,1.1820288977828317,0.28089795238084164,0.5514514265974347,68
chr15,3262378,-0.0005596405228758166,1.836212237137157,0.17988009860115795,0.7450168830457954,70
chr15,3277906,0.0005021008403361345,1.4665372532582681,0.2301472005283761,0.6379943034225068,69
chr15,3294316,-0.0005627450980392155,1.643173475901691,0.20466349634552963,0.6889596109252681,64
chr15,3357010,0.0006801075268817205,2.685795752004228,0.10607851514392184,0.9743725680240914,67
chr15,3357018,0.0006801075268817205,2.685795752004228,0.10607851514392184,0.9743725680240914,67
chr15,3365127,-0.0006354166666666663,2.2639453524710262,0.1371871159336246,0.862686673918448,68
chr15,3365139,-0.0006354166666666663,2.2639453524710262,0.1371871159336246,0.862686673918448,68
chr15,3365188,-0.0006354166666666663,2.2639453524710262,0.1371871159336246,0.862686673918448,68
chr15,3367919,-0.0006347256347256347,2.3743492957468035,0.12798395799398532,0.8928444630967032,70
chr15,3373809,0.0006347256347256347,2.3743492957468035,0.12798395799398532,0.8928444630967032,70
chr15,3399922,0.0005614718614718615,1.8570615907446577,0.17759613455945544,0.7505664910223258,68
chr15,3399938,0.0005757575757575755,1.8985350670118737,0.1729676955475076,0.7620350006602559,67
chr15,3401840,-0.0005454545454545453,1.6620711766591942,0.2019640408562242,0.6947259486123002,66
chr15,3401914,-0.0005454545454545453,1.6620711766591942,0.2019640408562242,0.6947259486123002,66
chr15,3410277,-0.0005555555555555549,1.808793616022521,0.1831216347293553,0.7372603433633873,70
chr15,3442225,0.00037016806722689065,0.7745206461914292,0.38196801363068544,0.41797300380378116,69
chr15,3475166,0.000412581699346405,0.9858338646214447,0.32428280088221906,0.48907608456792556,70
chr15,3484780,0.0005026785714285711,1.4012441789630086,0.2408263915827474,0.6182959215225938,67
chr15,3484783,0.0005026785714285711,1.4012441789630086,0.2408263915827474,0.6182959215225938,67
chr15,3498262,-0.0004125816993464049,0.9858338646214447,0.32428280088221906,0.48907608456792556,70
chr15,3580503,0.0003308823529411759,0.6307977736549135,0.4298259253525213,0.3667073931768723,70
chr15,3580556,-0.00033088235294117597,0.6307977736549135,0.4298259253525213,0.3667073931768723,70
chr15,3580652,0.0003308823529411759,0.6307977736549135,0.4298259253525213,0.3667073931768723,70
chr15,3580781,-0.0003750000000000001,0.7474822878549884,0.39045403407797086,0.40843008578488,67
chr15,3586071,0.0004595238095238094,1.1302847377721967,0.29177284960634897,0.5349551230482374,65
chr15,3613145,0.00031249999999999974,0.5900232433398902,0.44514982258006774,0.35149379538120695,68
chr15,3613336,0.0002803571428571428,0.46475830282440106,0.4978305133232195,0.30291848787653597,67
chr15,3631844,-0.00039873949579831907,0.9159804623476703,0.3419733769451154,0.4660077029961566,69
chr15,3656874,-0.0005,1.4118758334568116,0.23900346533392675,0.6215958021293021,68
chr15,3665843,-0.00046273546273546283,1.241626487055538,0.26908079693872267,0.5701172947339317,70
chr15,3706454,-0.0005786901270772239,1.802248085676746,0.18433590474632422,0.7343900651363919,64
chr15,3706475,-0.0005786901270772239,1.802248085676746,0.18433590474632422,0.7343900651363919,64
chr15,3743080,0.0005095238095238092,1.2911370516650256,0.26035666562690396,0.5844312990794134,62
chr15,3745767,0.000573055028462998,1.757069416503217,0.1897772755705387,0.7217557923574696,65
chr15,3791022,-0.000479307432432432,1.293066259374592,0.2595341689053593,0.5858054571212236,69
chr15,3803508,0.00046273546273546283,1.241626487055538,0.26908079693872267,0.5701172947339317,70
chr15,3803524,0.00046273546273546283,1.241626487055538,0.26908079693872267,0.5701172947339317,70
chr15,3803536,0.00046273546273546283,1.241626487055538,0.26908079693872267,0.5701172947339317,70
chr15,3803611,0.00046273546273546283,1.241626487055538,0.26908079693872267,0.5701172947339317,70
chr15,3803623,0.00046273546273546283,1.241626487055538,0.26908079693872267,0.5701172947339317,70
chr15,3813946,0.00026709956709956693,0.3921457398028102,0.5333335200095433,0.2730011200529245,68
chr15,3813965,0.00026709956709956693,0.3921457398028102,0.5333335200095433,0.2730011200529245,68
chr15,3837163,-0.000490986717267552,1.3352386688167819,0.25223907170344356,0.5981876405586527,65
chr15,3967274,0.0003751152073732717,0.7316181856965768,0.39555004003867456,0.40279856719038754,66
chr15,3968958,0.0003308823529411761,0.6307977736549134,0.4298259253525213,0.3667073931768723,70
chr15,3968998,0.0003308823529411761,0.6307977736549134,0.4298259253525213,0.3667073931768723,70
chr15,3994624,0.0004052083333333334,0.8079675654673949,0.3723150562485905,0.4290894007586013,62
chr15,3996979,0.000390625,0.8366178329738917,0.36369552290818763,0.4392620450773658,68
chr15,4003326,0.0003427419354838709,0.626050267690966,0.4316855858140026,0.3648324523999076,67
chr15,4003341,0.0003427419354838709,0.626050267690966,0.4316855858140026,0.3648324523999076,67
chr15,4003369,0.0003427419354838709,0.626050267690966,0.4316855858140026,0.3648324523999076,67
chr15,4040490,-0.0005917748917748918,1.956826356631259,0.166535022565257,0.7784944197710731,68
chr15,4053139,0.0005571428571428566,1.7678863356661316,0.1881531668780558,0.725488467505744,69
chr15,4053141,0.0005571428571428566,1.7678863356661316,0.1881531668780558,0.725488467505744,69
chr15,4053145,0.0005571428571428566,1.7678863356661316,0.1881531668780558,0.725488467505744,69
chr15,4053213,0.0005571428571428566,1.7678863356661316,0.1881531668780558,0.725488467505744,69
chr15,4057322,-0.0005252525252525251,1.5766352212204473,0.21360739903562714,0.6703837080821953,69
chr15,4119926,0.0006497326203208554,2.3078548867383706,0.13357103738123127,0.8742877010604021,67
chr15,4120354,0.0006857142857142857,2.7969151670951193,0.09904130896262173,1.0041836285068426,70
chr15,4127769,0.0006783549783549782,2.6604266643307772,0.10763635429607847,0.9680410204577931,68
chr15,4127905,0.0006783549783549782,2.6604266643307772,0.10763635429607847,0.9680410204577931,68
chr15,4154762,-0.0008169934640522871,4.036585713335936,0.04849557271588201,1.3142979074353804,70
chr15,4181274,0.0007718614718614721,3.6736145096900037,0.05961149897616165,1.2246699573704798,68
chr15,4188817,0.0006952861952861951,2.381078934447534,0.1282516804198239,0.8919369358280316,60
chr15,4214884,-0.0007929292929292932,3.7011215533441018,0.058625515210282475,1.2319133276116234,69
chr15,4222400,-0.0008383838383838385,4.134739161788234,0.04597543330914381,1.3374741689330971,69
chr15,4242137,0.0009928977272727268,5.764593529925667,0.019316475313608455,1.7140721166110173,65
chr15,4255239,0.0008169934640522871,4.036585713335936,0.04849557271588201,1.3142979074353804,70
chr15,4284090,0.0009106060606060605,4.384485120129642,0.040430707159198206,1.3932886625087257,63
chr15,4284355,-0.0008864583333333338,4.04071433466819,0.048917108651242214,1.3105392207674025,62
chr15,4306267,0.0008936974789915963,4.944844406721464,0.029544181583640545,1.529528036100012,69
chr15,4354346,0.0008129084967320255,3.9939558237637183,0.04966397479480802,1.3039585251686558,70
chr15,4384907,-0.0009131859131859132,5.105352360701501,0.027060620239212428,1.567662253437568,70
chr15,4385239,0.0008880912162162158,4.696416607100592,0.033784625001327236,1.471280897243909,69
chr15,4386052,0.0009738095238095235,5.402770208924287,0.023342178593649426,1.631858612427523,65
chr15,4394870,0.000894396551724138,4.042082907197714,0.04895692721835491,1.3101858485012081,61
chr15,4421616,-0.0007370766488413547,3.066936032222858,0.08461734270761434,1.0725406172172076,67
chr15,4440318,-0.0008161764705882347,3.461045332241809,0.06773348936746479,1.1691965506449231,62
chr15,4447087,-0.0007557189542483652,3.4244549609056123,0.06858174173005102,1.1637914895601702,70
chr15,4454551,-0.000721875,2.839763392964056,0.09715268617888953,1.0125451870709778,62
chr15,4457177,-0.0007743697478991592,3.5019418867076406,0.06566373787756266,1.1826743988927784,69
chr15,4457197,-0.0007743697478991592,3.5019418867076406,0.06566373787756266,1.1826743988927784,69
chr15,4457762,-0.000728535353535353,3.1005701923441724,0.08282799769397257,1.081822837264394,69
chr15,4459934,-0.0007557189542483652,3.4244549609056123,0.06858174173005102,1.1637914895601702,70
chr15,4459935,-0.0007557189542483652,3.4244549609056123,0.06858174173005102,1.1637914895601702,70
chr15,4460889,-0.0007557189542483652,3.4244549609056123,0.06858174173005102,1.1637914895601702,70
chr15,4461325,-0.0007557189542483652,3.4244549609056123,0.06858174173005102,1.1637914895601702,70
chr15,4462930,-0.0007963458110516934,3.555359819777301,0.063823752290378,1.1950176665934409,67
chr15,4495451,-0.0006233396584440226,2.032913464762332,0.15886160788468487,0.7989810461432164,65
chr15,4506673,-0.0006627134724857682,2.3926497333037635,0.12691586367474014,0.8964840904678468,65
chr15,4507494,-0.0006740196078431366,2.6962834020621207,0.10519962342491236,0.9779858147904099,70
chr15,4507619,-0.0006510416666666664,2.37488802043153,0.12808168687552526,0.8925129612581199,68
chr15,4507655,-0.0006510416666666664,2.37488802043153,0.12808168687552526,0.8925129612581199,68
chr15,4507707,-0.0006510416666666664,2.37488802043153,0.12808168687552526,0.8925129612581199,68
chr15,4577882,-0.0006176470588235292,2.157438292194789,0.14663146641468108,0.8337728221651478,68
chr15,4578045,-0.0006466386554621845,2.423130439729921,0.12426717846183591,0.9056435623894342,69
chr15,4581062,-0.0006931818181818183,2.77241778966527,0.10057108799378683,0.9975268515805059,69
chr15,4603817,-0.0007537878787878788,3.3925586882573993,0.06991742404136975,1.1554145807344514,69
chr15,4603875,0.0007537878787878788,3.3925586882573993,0.06991742404136975,1.1554145807344514,69
chr15,4604350,-0.0006961038961038961,2.7622748112598443,0.10125384039144315,0.9945884957263101,68
chr15,4617959,0.0006857638888888885,2.648327996463287,0.10842405052311044,0.9648743723092842,68
chr15,4618163,0.0007124155405405402,2.924924185176721,0.09184868184004895,1.0369270720604142,69
chr15,4702955,-0.0006363636363636361,2.339985744832501,0.13079867093191733,0.8833966689312234,69
chr15,4703105,-0.0006633906633906634,2.6020408163265305,0.11135788415376649,0.953279029431371,70
chr15,4740937,-0.0006363636363636361,2.339985744832501,0.13079867093191733,0.8833966689312234,69
chr15,4777979,-0.0006266009852216745,1.979583073375134,0.16442760682703428,0.7840252641311855,64
chr15,4783813,-0.0006093749999999998,2.0878228014835787,0.15320880391314157,0.8147162779081221,68
chr15,4802916,-0.0006633906633906634,2.6020408163265305,0.11135788415376649,0.953279029431371,70
chr15,4843523,-0.0006035087719298242,2.076418452962207,0.1543184845273993,0.8115820502982029,68
chr15,4868045,-0.00044372294372294334,1.0530344856875837,0.30899817382023553,0.510044087248752,61
chr15,4929680,0.0005298229263746504,1.570172326233346,0.21474084177306246,0.6680853488109683,66
chr15,4968335,-0.0005688344594594592,1.8502540264865852,0.17831302871306579,0.7488169232774236,69
chr15,5001634,-0.000622311827956989,2.2453863095100846,0.13885454348231527,0.8574399050601771,67
chr15,5011541,-0.000666359447004608,2.4745774220799697,0.12063153454573906,0.9185391475110268,66
chr15,5011544,-0.0006223118279569891,2.192549791499832,0.14351083186613223,0.8431153181484303,67
chr15,5011712,-0.0006402329749103941,2.3361928783224575,0.13125023291269008,0.8818999172354812,67
chr15,5030947,0.0007204861111111107,3.0480347330916566,0.08548827028118627,1.068093470086092,68
chr15,5051198,0.0005688344594594591,1.850254026486585,0.17831302871306579,0.7488169232774236,69
chr15,5082387,0.0005968468468468466,1.915310153421179,0.17110844635966374,0.7667285520202294,67
chr15,5103451,0.0005401046207497818,1.6218423868257468,0.20730204794228563,0.6833964074785432,68
chr15,5103460,-0.00047612612612612593,1.24278456140389,0.26904002234612406,0.5701831096214688,67
chr15,5103473,0.0005401046207497818,1.6218423868257468,0.20730204794228563,0.6833964074785432,68
chr15,5105975,-0.0006207497820401045,2.1623585767779625,0.14617904678306817,0.8351148744277148,68
chr15,5107628,-0.0005352292020373513,1.6514419736393546,0.20318755538967678,0.6921028947695049,69
chr15,5122026,-0.00043407043407043394,1.09017149432005,0.30013086722865,0.5226893368720416,70
chr15,5122050,-0.00043407043407043394,1.09017149432005,0.30013086722865,0.5226893368720416,70
chr15,5122101,-0.0004513888888888887,1.1310033218279354,0.29143707631527194,0.5354551985686151,68
chr15,5163356,0.0004232026143790846,0.8444279683844567,0.3618750968365392,0.4414413027127539,61
chr15,5165961,-0.0003472972972972969,0.6579710506234723,0.42023747387611077,0.37650522282022264,67
chr15,5166185,0.0002508223684210525,0.35867592070992155,0.5512325138694696,0.2586651739421512,70
chr15,5169938,0.000219172297297297,0.2683714104654819,0.6061328602236961,0.2174321709858953,69
chr15,5173932,-0.00029668930390492335,0.49090406543258563,0.48595042950026257,0.31340802969342785,69
chr15,5174030,0.0002334152334152333,0.31168184784623354,0.5784836211901512,0.237708932870289,70
chr15,5189928,-0.00024131944444444412,0.31742466993271534,0.5750686865247536,0.24028027983707545,68
chr15,5210929,-0.00025082236842105234,0.35867592070992155,0.5512325138694696,0.2586651739421512,70
chr15,5251182,0.00034989858012170373,0.6109979247769507,0.4374357951356086,0.35908568176063327,63
chr15,5415670,-0.00010690789473684187,0.06488117350689136,0.7997098022198557,0.09706758070662883,70
chr15,5425620,0.00015025466893039025,0.12522450013986866,0.7245469434633182,0.1399334713016829,69
chr15,5425669,0.00010690789473684195,0.06488117350689136,0.7997098022198557,0.09706758070662883,70
chr15,5433285,0.00010690789473684195,0.06488117350689136,0.7997098022198557,0.09706758070662883,70
chr15,5442199,0.000181968569065343,0.18722530863846287,0.66660532873961,0.17613121897888173,70
chr15,5443857,0.00044618055555555497,1.1309481527411416,0.29144874540335913,0.5354378098438358,68
chr15,5443988,-0.00028819444444444406,0.4562448510220655,0.5017439698831204,0.29951783829682566,68
chr15,5444000,-0.00028819444444444406,0.4562448510220655,0.5017439698831204,0.29951783829682566,68
chr15,5444001,-0.00028819444444444406,0.4562448510220655,0.5017439698831204,0.29951783829682566,68
chr15,5450813,-0.0003961148648648645,0.9006452488986992,0.34601943710808947,0.46089950469944635,69
chr15,5468172,-0.00036883116883116863,0.7744120440198831,0.382048691649546,0.4178812832476988,68
chr15,5470891,-0.00037093596059113265,0.6965964292598633,0.40713419165568965,0.3902624234770333,64
chr15,5498595,0.0003489583333333329,0.6765744925245992,0.4137307171648317,0.38328223399945244,68
chr15,5512474,-0.0005952620967741931,1.9298539880332883,0.169825051383666,0.7699982453335008,63
chr15,5544890,0.0003194103194103192,0.5859916782246912,0.4466222034323669,0.3500596901574158,70
chr15,5548302,0.0003194103194103192,0.5859916782246912,0.4466222034323669,0.3500596901574158,70
chr15,5548371,0.0002864583333333329,0.4471735006304991,0.5060125231874572,0.29583873477303346,68
chr15,5582418,0.00025454545454545424,0.35643657891422287,0.5525346186217748,0.25764050641134917,68
chr15,5635319,0.0004546798029556647,1.0402879693424292,0.3117180108725186,0.5062381037335261,64
chr15,5645002,-0.00040151515151515103,0.9072108130863771,0.34427918218221154,0.4630892373497327,69
chr15,5645030,0.0003767403767403765,0.8179832614956435,0.3689636231787039,0.43301644964452307,70
chr15,5645041,0.0003767403767403765,0.8179832614956435,0.3689636231787039,0.43301644964452307,70
chr15,5648878,0.00031026785714285694,0.5140905002973909,0.4759420950890262,0.32244588197075913,67
chr15,5648931,0.00031026785714285694,0.5140905002973909,0.4759420950890262,0.32244588197075913,67
chr15,5657616,0.0003768382352941173,0.7877505031076868,0.3781045842777543,0.42238805706099575,66
chr15,5696638,0.00031929824561403484,0.5654122519643578,0.45476100752503557,0.3422167800060388,68
chr15,5696699,-0.0002875116495806147,0.4343068084935578,0.5122474144054527,0.29052022504444097,66
chr15,5700075,0.00029668930390492335,0.49090406543258575,0.48595042950026257,0.31340802969342785,69
chr15,5765497,0.0005757722007722004,1.7870855833918484,0.186089195938598,0.7302788406277276,65
chr15,5803130,0.0004088345864661649,0.8660644463681683,0.35554433076879377,0.4491062418878928,66
chr15,5809574,-0.0002598081952920658,0.3666018078569632,0.546938904429481,0.26206118363191605,68
chr15,5809742,-0.00015747028862478745,0.13744502595858316,0.7120039237619442,0.1475176130155801,69
chr15,5816622,0.00019325657894736823,0.2124752921726228,0.6463051043160963,0.1895624141414448,70
chr15,5816655,-0.0001932565789473681,0.21247529217261893,0.6463051043161081,0.1895624141414369,70
chr15,5877212,-4.15800415800413e-05,0.008507541813783224,0.9268125210803703,0.03300810759744833,63
chr15,5881848,-0.0001051303616484444,0.06134528329829184,0.8051285203159824,0.09413478893777029,70
chr15,5904172,-0.00017916303400174397,0.17672729078092603,0.675566566505877,0.17033185161330874,68
chr15,5944446,-0.00016410256410256434,0.1530054766674346,0.6969207807444463,0.15681658551871797,69
chr15,5958750,0.00025227460711331695,0.36076363927742255,0.5500791884140939,0.2595747857499145,70
chr15,5958755,0.00025227460711331695,0.36076363927742255,0.5500791884140939,0.2595747857499145,70
chr15,5985415,0.00015128205128205153,0.12833716411003254,0.7212886560619122,0.14189089804486468,69
chr15,5995042,-3.6297640653356414e-06,6.970527136728773e-05,0.9933641363761515,0.0028915234781978064,67
chr15,6066950,0.0008596743295019156,3.922085135131342,0.052026483254897934,1.2837755293722732,65
chr15,6119023,0.0008429276315789476,4.283468900819642,0.042286702552456826,1.3737961791024702,70
chr15,6119097,0.0008429276315789476,4.283468900819642,0.042286702552456826,1.3737961791024702,70
chr15,6120125,0.000796875,3.6885425544867956,0.05910955405445252,1.2283423171258387,68
chr15,6126898,0.0008610641891891892,4.360590784058598,0.04058358284009265,1.3916496147941648,69
chr15,6126953,0.0008543859649122809,4.220383662074974,0.04390469377723721,1.357489047580562,68
chr15,6152447,0.0008924731182795698,4.613587511574922,0.03545234430494604,1.4503550415799442,67
chr15,6167543,0.0008385416666666663,4.015260367403551,0.04919787931037951,1.3080536172255217,68
chr15,6350800,0.00048148148148148177,1.2111554033789893,0.2753579734781879,0.5601023432341176,64
chr15,6368301,-0.0006702302631578951,2.6467714285128228,0.10838595174586599,0.9650270044639051,70
chr15,6368401,0.0006702302631578951,2.6467714285128228,0.10838595174586599,0.9650270044639051,70
chr15,6368403,0.0006702302631578951,2.6467714285128228,0.10838595174586599,0.9650270044639051,70
chr15,6368449,0.0006702302631578951,2.6467714285128228,0.10838595174586599,0.9650270044639051,70
chr15,6371511,-0.0006404923599320887,2.350863337058768,0.1299223753084687,0.8863160480326202,69
chr15,6371650,-0.0006921052631578949,2.6886648770323336,0.10582272872142764,0.9754210440383262,68
chr15,6372375,0.0005571428571428573,1.6903378688273938,0.1982929776218274,0.7026926656943052,65
chr15,6372695,0.0005833333333333335,1.7439116623808804,0.1915772699870938,0.7176560198126269,63
chr15,6388022,0.0006706896551724139,2.5431820142960873,0.11547812958670985,0.9375002590548199,69
chr15,6388214,0.0006706896551724139,2.5431820142960873,0.11547812958670985,0.9375002590548199,69
chr15,6398525,0.0006206896551724138,2.1651254199269947,0.14592534173864774,0.8358692809540013,68
chr15,6398621,0.0006706896551724141,2.543182014296101,0.1154781295867084,0.9375002590548254,69
chr15,6412903,-0.0006692307692307694,2.5768677901336057,0.11313962666751305,0.9463852586564767,69
chr15,6425781,0.0007138863000931967,2.723511111836358,0.1037799699764347,0.9838864592825507,66
chr15,6425989,-0.000775065387968614,3.4054440164523103,0.06946811241474009,1.1582145016006664,68
chr15,6426219,-0.0006692307692307694,2.5768677901336057,0.11313962666751305,0.9463852586564767,69
chr15,6448455,-0.0008710526315789472,4.3625204671518105,0.040598730066171665,1.3914875510011269,68
chr15,6486038,0.0007934966216216213,3.760279889779312,0.056696615539888605,1.2464428652026942,69
chr15,6486068,0.0007934966216216213,3.760279889779312,0.056696615539888605,1.2464428652026942,69
chr16,16269,0.00026562499999999996,0.3757496959275217,0.5421288714364105,0.26589746345979826,64
chr16,25640,-1.2121212121212117e-05,0.0007990964329510675,0.977533472477466,0.009868362665219396,68
chr16,83260,0.0002288306451612902,0.2741005836020251,0.6024911481672623,0.22004932938438512,63
chr16,83583,0.00018958333333333332,0.1834068582485652,0.6699951047737043,0.17392837039997122,62
chr16,165228,0.00014285714285714287,0.11679835108210179,0.7335871477658289,0.13454828598481128,70
chr16,232586,1.9696969696969653e-05,0.0021814983797999914,0.9628997165300414,0.01641894114700496,63
chr16,232632,1.9696969696969653e-05,0.0021814983797999914,0.9628997165300414,0.01641894114700496,63
chr16,296517,-0.00019656019656019667,0.22073218977287837,0.6399857957594057,0.19382966490949807,70
chr16,296798,5.483870967741951e-05,0.017607591369844095,0.8948520286693319,0.04824877300288321,66
chr16,296824,5.483870967741951e-05,0.017607591369844095,0.8948520286693319,0.04824877300288321,66
chr16,296904,5.483870967741951e-05,0.017607591369844095,0.8948520286693319,0.04824877300288321,66
chr16,313979,-0.00010877192982456136,0.06296203278043923,0.8026536827901433,0.09547179730605357,68
chr16,388079,-0.00016175115207373272,0.14676541683288763,0.7029153444830172,0.15309697602956285,66
chr16,388134,-0.00023149905123339668,0.30119332451352365,0.5850751343465164,0.23278835898306455,65
chr16,388151,-0.0003101802757158007,0.48008096005919326,0.4909729787624889,0.3089424090934642,64
chr16,406067,0.0001364764267990074,0.10518752988282118,0.7466865914279321,0.12686164741440462,70
chr16,414803,7.894736842105259e-05,0.033474972667740396,0.8553889725261705,0.06783635286562786,68
chr16,448006,-0.0002409909909909909,0.3140388138191669,0.5771388026921842,0.23871972584973494,67
chr16,448057,-0.0002409909909909909,0.3140388138191669,0.5771388026921842,0.23871972584973494,67
chr16,459256,0.0001229582577132487,0.07902853767790888,0.7795111998253792,0.10817764059391083,67
chr16,471280,0.00029375000000000007,0.4134497506012724,0.5226735457116541,0.28176948046891076,62
chr16,572152,6.63992869875223e-05,0.02380875818929531,0.8778506114901893,0.05657938400907533,67
chr16,572321,7.444852941176457e-05,0.028594653906177818,0.8662516767266994,0.062355911753933686,66
chr16,593444,3.225806451612898e-05,0.0052301255230124905,0.9425881014454431,0.02567804676310252,62
chr16,593471,-3.225806451612898e-05,0.0052301255230124905,0.9425881014454431,0.02567804676310252,62
chr16,616282,-0.00018382352941176465,0.1934500102414697,0.6614553472505702,0.17949946832791716,70
chr16,616283,-0.00018382352941176465,0.1934500102414697,0.6614553472505702,0.17949946832791716,70
chr16,616321,-0.00018382352941176465,0.1934500102414697,0.6614553472505702,0.17949946832791716,70
chr16,636503,0.0002234848484848484,0.27978141508381754,0.5985925694623082,0.22286867851077266,69
chr16,636512,0.0002234848484848484,0.27978141508381754,0.5985925694623082,0.22286867851077266,69
chr16,658835,-0.0002447916666666667,0.32595179381470696,0.5699915111844484,0.24413161217523532,68
chr16,658982,-0.00029822926374650517,0.4613592611380969,0.49943859932532375,0.30151789605317225,66
chr16,673308,0.0002522522522522522,0.33850950862315654,0.56270332477133,0.24972051877958398,67
chr16,673338,-0.00025225225225225214,0.33850950862315654,0.56270332477133,0.24972051877958398,67
chr16,673340,-0.00025225225225225214,0.33850950862315654,0.56270332477133,0.24972051877958398,67
chr16,673378,-0.00025225225225225214,0.33850950862315654,0.56270332477133,0.24972051877958398,67
chr16,742023,0.00019064039408866993,0.18475955036649225,0.6688047362956919,0.17470066000115683,64
chr16,742024,0.00019064039408866993,0.18475955036649225,0.6688047362956919,0.17470066000115683,64
chr16,763943,0.00015213815789473704,0.1315226203026807,0.717983324418658,0.14388564238313123,70
chr16,777404,-9.590235396687022e-05,0.049712865560126655,0.8242522806088368,0.08393984254154221,68
chr16,781162,0.00015213815789473704,0.1315226203026807,0.717983324418658,0.14388564238313123,70
chr16,783510,-0.0002564655172413795,0.3754682123422451,0.5423933603876057,0.26568563544754537,61
chr16,793183,0.00015213815789473704,0.1315226203026807,0.717983324418658,0.14388564238313123,70
chr16,794099,0.00015213815789473704,0.1315226203026807,0.717983324418658,0.14388564238313123,70
chr16,794105,0.00015213815789473704,0.1315226203026807,0.717983324418658,0.14388564238313123,70
chr16,803704,-0.00015213815789473704,0.1315226203026807,0.717983324418658,0.14388564238313123,70
chr16,851559,-9.590235396687022e-05,0.049712865560126655,0.8242522806088368,0.08393984254154221,68
chr16,882748,-0.00015213815789473704,0.1315226203026807,0.717983324418658,0.14388564238313123,70
chr16,927549,0.0004485614646904971,1.1438751537639449,0.2887309558771975,0.5395066513602365,68
chr16,935011,0.00037222222222222246,0.7491987660083863,0.3899631310820185,0.40897645124153154,66
chr16,1024725,0.0003392156862745101,0.6112111717770133,0.43730761443616095,0.359212960618058,64
chr16,1033642,-0.0003723214285714288,0.7561791879713442,0.38772675843457705,0.4114742257158573,67
chr16,1040827,0.0003970588235294118,0.8608695652173841,0.35687625670309076,0.44748234508396323,68
chr16,1040842,0.0003970588235294118,0.8608695652173841,0.35687625670309076,0.44748234508396323,68
chr16,1085173,-0.00031428571428571443,0.5690573345321274,0.45323826297837766,0.3436734335418281,70
chr16,1089977,-0.00042282196969696984,0.9498140188980546,0.3334939990334229,0.4769119764704263,65
chr16,1094713,-0.0003622119815668206,0.7671458177096443,0.3843770013397818,0.41524260562896753,66
chr16,1134731,-0.0003546218487394957,0.710155462353173,0.4023905247386179,0.39535225434920135,69
chr16,1148651,0.00031428571428571443,0.5690573345321274,0.45323826297837766,0.3436734335418281,70
chr16,1148653,-0.00031428571428571443,0.5690573345321274,0.45323826297837766,0.3436734335418281,70
chr16,1195029,0.00022058823529411784,0.26388740803923805,0.6091775080666131,0.2152561399763158,68
chr16,1221634,0.0003714285714285716,0.7974463951148417,0.3750074279653942,0.4259601298924585,70
chr16,1224778,-0.0004000000000000001,0.8547234329825774,0.35863909352340284,0.4453423718399046,67
chr16,1224801,-0.0004000000000000001,0.8547234329825774,0.35863909352340284,0.4453423718399046,67
chr16,1232237,-0.000547794117647059,1.6608735090450915,0.20212457135312142,0.6943808880956671,66
chr16,1257460,-0.0004558823529411767,1.1565223733634855,0.2861036264514706,0.5434766373437026,68
chr16,1257535,-0.0004558823529411767,1.1565223733634855,0.2861036264514706,0.5434766373437026,68
chr16,1257721,-0.00028733572281959395,0.4162840832533774,0.5214318078465932,0.28280247997452684,58
chr16,1329751,0.0004840336134453782,1.3364500545426192,0.2517666972044044,0.5990017173452665,69
chr16,1366444,0.000588655462184874,1.9956924238477938,0.16237549851000083,0.7894795025867514,69
chr16,1389382,-0.000642857142857143,2.3602459542769076,0.12924303183868893,0.8885928626679458,68
chr16,1389407,-0.000642857142857143,2.3602459542769076,0.12924303183868893,0.8885928626679458,68
chr16,1389626,0.0006080357142857143,2.166011390785062,0.14591707913566068,0.8358938723267952,67
chr16,1409507,-0.0006127450980392152,2.2131036565679802,0.14146585322769262,0.8493483767081266,70
chr16,1459464,0.0007843137254901956,3.7028843699480958,0.058504291194319616,1.2328122779577415,70
chr16,1487009,-0.0009313446969696968,4.892452146057444,0.030608866004701495,1.5141527598186524,65
chr16,1508576,-0.0007843137254901955,3.7028843699480958,0.058504291194319616,1.2328122779577415,70
chr16,1603052,-0.0009692640692640697,5.566447469541389,0.02127567746632406,1.6721166020917013,68
chr16,1605007,-0.0011321428571428567,7.794158007531902,0.006875237008699737,2.1627123258909697,67
chr16,1629815,-0.001013071895424836,6.411255113954092,0.013654895349113917,1.864711623937028,70
chr16,1629913,0.0010638655462184873,6.990330873478805,0.010196865481435058,1.9915333099368397,69
chr16,1640464,-0.001063865546218487,6.990330873478805,0.010196865481435058,1.9915333099368397,69
chr16,1648218,-0.001078125,6.3455436605185,0.014360515471467036,1.8428299707903886,64
chr16,1648314,0.001078125,6.3455436605185,0.014360515471467036,1.8428299707903886,64
chr16,1702020,0.0010638655462184873,6.990330873478805,0.010196865481435058,1.9915333099368397,69
chr16,1725309,-0.0010441176470588236,6.55423348173831,0.012760120423488605,1.8941452269463765,68
chr16,1725435,-0.0010441176470588236,6.55423348173831,0.012760120423488605,1.8941452269463765,68
chr16,1736413,0.0009928698752228167,5.972010492530135,0.017258113021388227,1.7630066911931543,67
chr16,1756158,0.001013071895424836,6.411255113954092,0.013654895349113917,1.864711623937028,70
chr16,1767516,0.001179476351351351,8.752439426724356,0.004269240678664687,2.3696493611319593,69
chr16,1771547,0.0011998361998362005,9.321903390754517,0.0032302626160743402,2.490762168667147,70
chr16,1785225,0.0011033266129032257,7.704204419695683,0.007304610470850156,2.1364029385073526,63
chr16,1785288,-0.0012031250000000002,8.883040935672506,0.004107492883432461,2.386423180342977,64
chr16,1785325,-0.0012031250000000002,8.883040935672506,0.004107492883432461,2.386423180342977,64
chr16,1809401,0.0011006944444444439,7.281196034151696,0.008838440497921438,2.053624357486414,68
chr16,1839369,0.0010882352941176472,7.1206556860272645,0.009579253654529439,2.0186683266569667,68
chr16,1858582,-0.0012261904761904762,9.00973912726986,0.004006089945016406,2.397279304122378,58
chr16,1905469,-0.0010833333333333333,6.890248565965589,0.01086283602586191,1.9640567760741907,65
chr16,1905801,-0.0011831932773109241,8.941890641271659,0.0038958497804607076,2.4093977973721574,69
chr16,1905830,-0.0011831932773109241,8.941890641271659,0.0038958497804607076,2.4093977973721574,69
chr16,1905900,-0.0011831932773109241,8.941890641271659,0.0038958497804607076,2.4093977973721574,69
chr16,1911140,0.0013235294117647065,11.170909090909124,0.0013912542573352984,2.856593493683723,66
chr16,1911649,0.0011684873949579832,8.61835913450332,0.004555974545198071,2.3414187110439686,69
chr16,1911981,0.0011390756302521005,8.068107738221835,0.005961133644582327,2.224671141472986,69
chr16,1915338,0.0012411255411255418,9.748303308410241,0.0026639662889785115,2.5744712752236754,68
chr16,1927801,-0.0011562499999999997,7.777962287009322,0.006957652330554208,2.1575372764642893,66
chr16,1927814,0.0011562499999999997,7.777962287009322,0.006957652330554208,2.1575372764642893,66
chr16,1927897,-0.0012327586206896553,8.29690235761373,0.005472490795130201,2.2618149602538677,63
chr16,1927902,-0.00125,8.816247323340463,0.004240892257162351,2.37254276095558,64
chr16,1927918,0.0012327586206896555,8.29690235761373,0.005472490795130201,2.2618149602538677,63
chr16,1967879,0.0011502164502164502,8.118382516724738,0.00583889994843086,2.233668966471039,68
chr16,1968319,0.0012499999999999998,9.38639059635503,0.0031972045125473847,2.495229582736739,66
chr16,1968325,0.0012499999999999998,9.38639059635503,0.0031972045125473847,2.495229582736739,66
chr16,1968357,0.0012499999999999998,9.38639059635503,0.0031972045125473847,2.495229582736739,66
chr16,1968374,0.0012714285714285716,9.970226712690195,0.0024128658018393286,2.617466831900321,67
chr16,2139670,-0.0010459433040078204,6.2687575772134085,0.014934912219765503,1.8257973256265416,64
chr16,2139882,-0.0009500409500409505,5.560134608770468,0.02125696760827647,1.6724986892446225,70
chr16,2145222,0.0010059121621621618,6.147114964254669,0.01568488835478837,1.8045185682682385,69
chr16,2145286,0.0010059121621621618,6.147114964254669,0.01568488835478837,1.8045185682682385,69
chr16,2145289,0.0010059121621621618,6.147114964254669,0.01568488835478837,1.8045185682682385,69
chr16,2151336,-0.0010156249999999998,6.3459773282996865,0.014194741893276297,1.8478724999570715,68
chr16,2177157,0.0009703947368421061,5.795672123440956,0.018785048649025807,1.726187675874693,70
chr16,2193875,-0.0010269230769230767,6.0643889134233735,0.016495465178412667,1.7826354326758296,66
chr16,2194420,0.0010504549214226634,6.848695417601245,0.0109222284674027,1.9616887432834882,70
chr16,2194440,-0.0010504549214226634,6.848695417601245,0.0109222284674027,1.9616887432834882,70
chr16,2194618,-0.0010445161290322579,6.171615521513818,0.016114531254480823,1.7927823228884248,56
chr16,2194620,-0.0010445161290322579,6.171615521513818,0.016114531254480823,1.7927823228884248,56
chr16,2194644,-0.0010445161290322579,6.171615521513818,0.016114531254480823,1.7927823228884248,56
chr16,2194710,0.001084516129032258,6.80794956148178,0.011716537461260595,1.9312007145675993,56
chr16,2194720,0.001084516129032258,6.80794956148178,0.011716537461260595,1.9312007145675993,56
chr16,2194745,0.001084516129032258,6.80794956148178,0.011716537461260595,1.9312007145675993,56
chr16,2194755,0.001084516129032258,6.80794956148178,0.011716537461260595,1.9312007145675993,56
chr16,2207412,-0.0010294871794871796,6.376886823853833,0.01393425302462703,1.855916307609286,69
chr16,2267243,0.0014595905172413797,13.491887474024342,0.0005180535885048459,3.2856253136366327,61
chr16,2277043,0.0012012820512820514,9.00115743308762,0.0037861768181356396,2.4217991079243957,69
chr16,2301281,0.0012859649122807023,10.668542981704295,0.001730445704126548,2.76184202293337,68
chr16,2329054,0.0011080827067669174,6.855327798836584,0.01101927572098504,1.9578469500138862,66
chr16,2329072,-0.0010973684210526323,7.20350915073129,0.009189103703797682,2.0367268472078006,68
chr16,2338037,-0.0011827027027027028,7.281158136546807,0.009036194257343779,2.044014441321214,62
chr16,2373370,-0.0011003861003861003,7.079575924800239,0.00987821754483575,2.005321413740234,65
chr16,2384696,0.0009875,5.933919657713345,0.017477611624058028,1.7575179154866019,70
chr16,2406571,0.000876923076923077,4.513342041425644,0.03732482312315901,1.428002241655664,69
chr16,2560051,-0.0008269230769230765,3.7628533985749915,0.056744454306035676,1.2460765761079506,67
chr16,2560133,-0.0008269230769230765,3.7628533985749915,0.056744454306035676,1.2460765761079506,67
chr16,2595625,-0.0007669172932330826,3.126288156094674,0.08180492061872342,1.0872205724498634,66
chr16,2599221,-0.0008993993993993993,4.24613326105546,0.0435417406536404,1.3610942133022643,64
chr16,2661120,0.0007401315789473687,3.2554576790501764,0.07561459040416393,1.1213943960247585,70
chr16,2670844,-0.000822635135135135,4.112182137240587,0.04655492808272443,1.332034339906015,69
chr16,2672770,-0.0007401315789473687,3.2554576790501635,0.07561459040416467,1.1213943960247543,70
chr16,2672974,-0.0010531674208144797,5.5040216954556245,0.022412141102402666,1.6495166519637965,60
chr16,2683943,-0.0008254385964912282,3.8602893122456794,0.05365385673476673,1.2703990547152453,68
chr16,2706256,-0.000792661361626879,3.5423355610632483,0.06423113441081059,1.192254407676003,68
chr16,2706448,0.0007609594706368902,3.429820473612143,0.06837052194455483,1.1651311046578854,70
chr16,2706449,0.0007609594706368902,3.429820473612143,0.06837052194455483,1.1651311046578854,70
chr16,2731063,-0.0007899274047186934,3.4319898440272305,0.06848609420471162,1.1643976011095605,67
chr16,2788906,0.0008124999999999999,3.9069830692867256,0.05214325200174444,1.2828018868161215,70
chr16,2877153,0.000767857142857143,3.0974586869397815,0.08319300662991731,1.079913179835346,66
chr16,2888086,-0.0006666666666666668,2.0958892102726,0.1528160466105534,0.815831039814566,63
chr16,2888175,-0.0008121693121693121,3.823356888170116,0.05471560935570124,1.261888759772875,69
chr16,2923564,-0.0006117424242424241,1.9232124288366486,0.17016921319890055,0.7691190091588956,68
chr16,2954011,-0.0007543604651162789,2.906670915917344,0.09298937930110387,1.031566651169951,67
chr16,2957457,0.0007732683982683981,2.7313938701666083,0.10336897940169738,0.9856097716475174,65
chr16,2958397,-0.0007159090909090907,2.620693924293534,0.11039632701103326,0.9570453757497208,66
chr16,3024560,-0.0007399999999999999,2.9570857987678547,0.09033497298548153,1.0441440809808546,66
chr16,3097678,-0.0006498211091234347,2.292652867117532,0.13469104097796275,0.8706612905667837,69
chr16,3097684,-0.0006498211091234347,2.292652867117532,0.13469104097796275,0.8706612905667837,69
chr16,3101229,0.0008167441860465113,3.581464641458937,0.06281464095731129,1.2019391182709518,68
chr16,3101259,0.0008517441860465116,3.7516934165790197,0.05710262763868271,1.2433439067677443,67
chr16,3101264,0.0008167441860465113,3.581464641458937,0.06281464095731129,1.2019391182709518,68
chr16,3108857,0.0007810920121334682,3.0184166376619737,0.08713421864845097,1.059811258864,66
chr16,3110048,-0.0007513227513227514,3.245226999759785,0.07613129379648605,1.1184367896221603,69
chr16,3110063,-0.0007513227513227514,3.245226999759785,0.07613129379648605,1.1184367896221603,69
chr16,3134208,-0.0007454212454212454,2.98052501438078,0.0889504239724242,1.0508519775581844,68
chr16,3155371,0.0007169312169312168,2.8561087522455955,0.09567563844024457,1.0191986310616534,69
chr16,3179782,0.0007895212285456188,3.5419886242286025,0.06424384860330033,1.1921684500283953,68
chr16,3179819,0.0007895212285456188,3.5419886242286025,0.06424384860330033,1.1921684500283953,68
chr16,3224242,0.0008775797373358348,4.137012942515919,0.04604030693687804,1.336861789721914,67
chr16,3307119,0.00040913006029285085,0.9186160376559163,0.341234042265383,0.46694764916183545,70
chr16,3307158,0.00040913006029285085,0.9186160376559163,0.341234042265383,0.46694764916183545,70
chr16,3308016,-0.0006004761904761903,1.9134010241312822,0.1713188570123163,0.7661948317474494,67
chr16,3310989,0.00040913006029285085,0.9186160376559163,0.341234042265383,0.46694764916183545,70
chr16,3312593,-0.00040913006029285085,0.9186160376559163,0.341234042265383,0.46694764916183545,70
chr16,3324289,-0.0005327380952380951,1.3964804419434977,0.24168613601356795,0.6167482615720598,66
chr16,3364671,-0.000607142857142857,1.69005847953216,0.1984841926371608,0.7022740749150473,63
chr16,3386716,0.0005036231884057971,1.2382331634265653,0.2700398324672049,0.5685721701195638,65
chr16,3408075,-0.00021853146853146842,0.2557618634388104,0.6146823844865157,0.21134923267371258,70
chr16,3436024,0.0002835420393559927,0.43746172562471985,0.5106183538700048,0.2919035787969334,69
chr16,3441506,0.00034046511627906957,0.6126824514017316,0.4365791636053812,0.3599369954870352,68
chr16,3441717,-0.00034046511627906957,0.6126824514017316,0.4365791636053812,0.3599369954870352,68
chr16,3470973,0.0002517694641051566,0.31152277302296943,0.5786946323297661,0.23755054590736108,66
chr16,3477558,0.0002124999999999998,0.23474547644035954,0.6297074891532168,0.20086114157394946,65
chr16,3477678,0.00020731707317073154,0.22907600726067937,0.6338409035459891,0.19801973799028363,66
chr16,3485639,-0.0001363636363636363,0.08584842387659226,0.7704708226890695,0.1132438031299397,66
chr16,3510943,-0.00021272727272727263,0.23476602185316428,0.6295924464143846,0.20094049110043752,69
chr16,3565658,9.861111111111106e-05,0.04901533805500374,0.8254589737792692,0.08330450677919254,69
chr16,3579772,-0.00020306324110671943,0.20152780511294843,0.6549836114884467,0.18376956646497583,67
chr16,3631508,0.0002415026833631486,0.3078603957767474,0.580843774823093,0.23594066082084655,69
chr16,3745940,-0.0006136363636363636,1.7014986336273616,0.19707368123823896,0.7053713709321316,62
chr16,3745941,0.0006136363636363636,1.7014986336273616,0.19707368123823896,0.7053713709321316,62
chr16,3747806,-0.0003032200357781753,0.4866060383029143,0.4878589188724187,0.31170575097602876,69
chr16,3779150,-0.00039937388193202135,0.8479288225253196,0.3604426987702827,0.4431637672437403,69
chr16,3820732,0.0002417582417582417,0.3123954818835266,0.57810552104799,0.2379928829874054,68
chr16,3838309,0.0003374358974358973,0.5536539994772772,0.45963933021857994,0.3375828168721443,64
chr16,3847841,-0.0003084349593495936,0.47867239958381935,0.4915663086433021,0.30841789078094356,65
chr16,3847928,-0.00028926829268292685,0.43827402549107003,0.5103335100128572,0.29214591366687037,66
chr16,3876433,0.0002771428571428571,0.40127195042897185,0.5286557978657495,0.2768270004432204,67
chr16,3880962,0.00034326923076923065,0.6118057810429461,0.436993104978895,0.35952541541686023,66
chr16,4019675,0.00034453057708871645,0.6488789542552251,0.4233216500985626,0.3733295196717586,70
chr16,4019802,-0.0004331501831501831,0.9837196520566596,0.32490460887560835,0.48824412800543987,68
chr16,4035184,-0.00019421860885275518,0.21801353393946366,0.6420954439954745,0.19240041162009583,68
chr16,4040587,-0.0003445305770887166,0.6488789542552251,0.4233216500985626,0.3733295196717586,70
chr16,4060210,0.00034168157423971376,0.6143101364828103,0.4359316642335169,0.36058158452108896,69
chr16,4060408,0.00037545787545787546,0.731502956182877,0.3954906874571932,0.40286373829416633,68
chr16,4060535,0.00023249999999999988,0.2716298328357407,0.6040678270625761,0.21891429438355287,65
chr16,4089782,0.0005464285714285713,1.3034075069528899,0.2582042123045607,0.5880366769971562,61
chr16,4089796,-0.0005464285714285713,1.3034075069528899,0.2582042123045607,0.5880366769971562,61
chr16,4205985,-0.00022944896115627825,0.27724953327888197,0.6002748326749727,0.22164986463930936,68
chr16,4315003,-0.000335164835164835,0.5809867401615796,0.44864128224853694,0.3481007668033142,68
chr16,4318281,0.00030322003577817517,0.4866060383029145,0.4878589188724187,0.31170575097602876,69
chr16,4318305,-0.00035860465116279057,0.6605591251771393,0.41928472396771344,0.3774909601992972,68
chr16,4318508,-0.0003498168498168498,0.649244863130516,0.42327640901200236,0.3733759359233805,68
chr17,116086,-0.0001720142602495545,0.1604901675300502,0.6900193883255435,0.1611387061837609,67
chr17,136755,-0.00029831932773109266,0.4975790410038233,0.48301110220668486,0.31604288669841285,69
chr17,136916,-0.0002100840336134455,0.2549290338448375,0.6152823275215105,0.21092555877856017,69
chr17,140006,-0.0002472426470588237,0.33990395268373025,0.5619334291103474,0.25031513119694215,66
chr17,170766,0.0002521008403361346,0.35734095660707266,0.5520019512318268,0.2580593871118924,69
chr17,205186,0.00030882352941176487,0.5305698348463287,0.46894401910287764,0.32887899874719156,68
chr17,224949,0.0002689075630252102,0.4045893719806772,0.526895519147897,0.2782754947610838,69
chr17,261121,0.0002813852813852817,0.4463774036506751,0.5063901234658912,0.29551477330289044,68
chr17,279243,0.0002922077922077923,0.46988648189504717,0.4954401200170844,0.30500882779351346,68
chr17,302321,0.0002500000000000001,0.35389068240008964,0.5539530588591401,0.25652703516719555,68
chr17,302452,0.0002100840336134455,0.2549290338448375,0.6152823275215105,0.21092555877856017,69
chr17,318873,0.00021645021645021672,0.25734670246852936,0.6136398403623344,0.2120864517190676,68
chr17,323640,0.00028151260504201685,0.44273305888750464,0.508090434440118,0.29405898125380187,69
chr17,324194,-0.0001227678571428574,0.08364928976488434,0.7733320811522765,0.11163397303880192,67
chr17,324259,0.00012276785714285734,0.08364928976488434,0.7733320811522765,0.11163397303880192,67
chr17,344386,-0.00025210084033613456,0.35734095660707266,0.5520019512318268,0.2580593871118924,69
chr17,344458,0.0002521008403361346,0.35734095660707266,0.5520019512318268,0.2580593871118924,69
chr17,353497,-0.00025210084033613456,0.35734095660707266,0.5520019512318268,0.2580593871118924,69
chr17,537479,-0.000702614379084967,2.940012813977523,0.09096456013148929,1.0411277762193856,70
chr17,583106,-0.0005000000000000001,1.4385700279055762,0.23465911572107678,0.6295625702370562,68
chr17,625542,-0.0006966911764705882,2.638159807268201,0.10923974008082347,0.9616193418680641,66
chr17,625638,-0.0006966911764705882,2.638159807268201,0.10923974008082347,0.9616193418680641,66
chr17,634330,0.0005187500000000001,1.3725644292382504,0.24600317733606494,0.6090592835852028,62
chr17,679440,0.0005710084033613445,1.8745323384366537,0.17552926910364278,0.7556504555494726,69
chr17,738635,-0.0007541125541125545,3.238485756182772,0.0764980641611733,1.1163495548432159,68
chr17,787748,-0.0006537828947368424,2.513719307573058,0.11749910415102247,0.9299654445731022,70
chr17,787819,-0.0006537828947368424,2.513719307573058,0.11749910415102247,0.9299654445731022,70
chr17,805270,-0.0003308823529411763,0.6307977736549133,0.4298259253525213,0.3667073931768723,70
chr17,824893,0.0005386513157894739,1.6863161843568213,0.19847393362661228,0.7022965227823523,70
chr17,825023,0.0005057471264367815,1.576832579185523,0.2138548120499858,0.669880973028199,65
chr17,825096,0.00040000000000000024,0.9637479085331899,0.3299410548095284,0.48156364150862596,66
chr17,828964,-0.0003785714285714286,0.7706984178138537,0.383336862864739,0.41641941562964285,65
chr17,832121,-0.00035980392156862746,0.6717409449062124,0.4155849157110195,0.38134022421003805,64
chr17,832195,0.0003662486938349008,0.6637616161423321,0.41845715087932656,0.37834900622364437,62
chr17,832354,-0.0003777777777777779,0.7794435255322936,0.3806155902456049,0.4195134267190755,66
chr17,878193,-0.0005386513157894739,1.6863161843568213,0.19847393362661228,0.7022965227823523,70
chr17,878339,0.0005105574324324324,1.4825981362274756,0.2276394855491321,0.6427524045407184,69
chr17,878358,-0.0005105574324324323,1.4825981362274756,0.2276394855491321,0.6427524045407184,69
chr17,878427,-0.0005105574324324323,1.4825981362274756,0.2276394855491321,0.6427524045407184,69
chr17,965051,-0.0004697712418300651,1.2835924259340197,0.26121108633265827,0.5830083946598924,70
chr17,1002027,-0.0005271929824561404,1.521963490393649,0.22169796151531485,0.6542383001499247,68
chr17,1037319,-0.00036372549019607835,0.6977356183952685,0.40675302423560744,0.39066920937093486,64
chr17,1085249,0.00036904761904761894,0.7381107155100926,0.39352401554796845,0.4050287588533122,65
chr17,1085347,0.00036904761904761894,0.7381107155100926,0.39352401554796845,0.4050287588533122,65
chr17,1119076,0.0005396959459459459,1.6609718554363722,0.20190448322641816,0.6948540375750449,69
chr17,1141823,0.0005396959459459459,1.6609718554363722,0.20190448322641816,0.6948540375750449,69
chr17,1177989,0.0005783549783549785,1.8824122563571424,0.17470583432529063,0.7576925914511256,68
chr17,1182362,0.0005310457516339863,1.6489300034092031,0.2034626007877253,0.6915154083758763,70
chr17,1264440,-0.0005014231499051232,1.3206611008910363,0.2548177185812568,0.5937703769076269,65
chr17,1265443,-0.000498617511520737,1.3284958330035415,0.2533599826447842,0.5962619793854131,66
chr17,1286552,-0.00037927927927927917,0.8185104694021607,0.3689571846858457,0.43302402824073655,67
chr17,1289518,0.0005520833333333332,1.7090627506291651,0.19564315301500576,0.7085353466379968,68
chr17,1295645,0.00041904761904761875,0.9807442263636932,0.32599220118263317,0.4867927895758077,62
chr17,1326865,0.0006881313131313129,2.934621504914285,0.091323201458701,1.0394188721327786,69
chr17,1348336,0.00028116826503923263,0.43575321167763403,0.511476592980135,0.29117423638421114,68
chr17,1348432,0.0003259762308998301,0.5935050779425212,0.4437749871559251,0.35283717990097074,69
chr17,1349091,-0.0003622493461203138,0.7198401717873774,0.3992630290808127,0.3987409027021295,68
chr17,1367089,0.00017366071428571422,0.16129519986538732,0.6892842750651891,0.16160162913720072,67
chr17,1367110,-0.00019761029411764707,0.20347325489736265,0.6534565245889421,0.184783301364541,66
chr17,1368625,-0.00020475020475020476,0.23957591117765364,0.6260878371761703,0.20336473304379518,70
chr17,1393248,0.00020475020475020476,0.23957591117765364,0.6260878371761703,0.20336473304379518,70
chr17,1393340,-0.00015782828282828276,0.14042997629844,0.7090374849132135,0.1493308042236625,69
chr17,1393445,-0.00017965367965367974,0.17734256914376298,0.675035272941438,0.17067353317847347,68
chr17,1393479,0.00017965367965367969,0.17734256914376298,0.675035272941438,0.17067353317847347,68
chr17,1393493,0.00017965367965367969,0.17734256914376298,0.675035272941438,0.17067353317847347,68
chr17,1393665,0.00015782828282828276,0.14042997629844,0.7090374849132135,0.1493308042236625,69
chr17,1393804,-0.00020475020475020476,0.23957591117765364,0.6260878371761703,0.20336473304379518,70
chr17,1393868,0.00020475020475020476,0.23957591117765364,0.6260878371761703,0.20336473304379518,70
chr17,1393919,-0.00020475020475020476,0.23957591117765364,0.6260878371761703,0.20336473304379518,70
chr17,1401013,0.00020475020475020476,0.23957591117765364,0.6260878371761703,0.20336473304379518,70
chr17,1405071,-0.0001559139784946236,0.13174479612272727,0.7178074782236261,0.14399202143557718,67
chr17,1405183,0.00013339145597210088,0.09882087371039754,0.7542408205868331,0.1224899666587671,68
chr17,1414026,-5.6696428571428516e-05,0.017597854763283197,0.8948745419047511,0.04823784689375164,67
chr17,1424879,0.00017171717171717165,0.16504010296361338,0.6858526538519822,0.1637691765562041,69
chr17,1425024,0.00017171717171717165,0.16504010296361338,0.6858526538519822,0.1637691765562041,69
chr17,1425107,-0.00012251082251082254,0.08286334514788607,0.7743559511476695,0.11105935962217846,68
chr17,1425114,-0.00012251082251082254,0.08286334514788607,0.7743559511476695,0.11105935962217846,68
chr17,1425967,0.00015864527629233494,0.13429601437944064,0.7152089089890108,0.1455670843957674,67
chr17,1426039,0.00015864527629233494,0.13429601437944064,0.7152089089890108,0.1455670843957674,67
chr17,1444396,-0.0001387096774193548,0.10081601933287063,0.7518861713950272,0.12384790259565094,66
chr17,1451127,1.4662756598240401e-05,0.001109840297561393,0.9735309976333234,0.011650215806216934,64
chr17,1479814,0.0001586452762923351,0.1359622475118162,0.7135268551706868,0.1465896766026564,67
chr17,1597202,0.00011298701298701296,0.07046754357653698,0.7914846576597264,0.10155749919492842,68
chr17,1701502,0.00047291666666666673,1.1135823448498428,0.2955353224899379,0.5293906046450347,62
chr17,1718430,0.0006105476673427993,2.0329720696571942,0.15901691681878877,0.7985566713383975,63
chr17,1790201,0.0006073232323232324,2.12467064986779,0.14961538580655534,0.825023743187452,69
chr17,1790229,0.0006073232323232324,2.12467064986779,0.14961538580655534,0.825023743187452,69
chr17,1831209,0.000734375,2.8279578773487435,0.09766706092464539,1.0102518812216723,64
chr17,1856018,-0.0007732447817836813,3.371796953341259,0.07104062193426543,1.1484932451258905,65
chr17,1883213,-0.0007274305555555553,3.0156837586261087,0.08712836270661321,1.0598404470374756,68
chr17,1925629,0.0004211469534050179,0.9576465258876995,0.33140881815162226,0.4796359400215718,67
chr17,1925634,0.0004211469534050179,0.9576465258876995,0.33140881815162226,0.4796359400215718,67
chr17,1960283,-0.00037142857142857165,0.7574825900133343,0.38727203738252214,0.41198385971126594,68
chr17,1973050,-0.00015522875816993467,0.13783407131571324,0.7115980327981964,0.14776526118686042,70
chr17,2048669,-0.0001186868686868688,0.07874246574905189,0.7798735469649226,0.10797581052420765,69
chr17,2048700,-0.0001147186147186149,0.07149704068259237,0.7900032334043026,0.10237113118199828,68
chr17,2052051,-0.0001147186147186149,0.07149704068259237,0.7900032334043026,0.10237113118199828,68
chr17,2083494,0.00026336898395721935,0.37435021447924544,0.5427767852202171,0.26537873556344627,67
chr17,2083602,0.00026470588235294126,0.38596491228070184,0.5365679665685618,0.2703752585328414,68
chr17,2083619,-0.00026470588235294126,0.38596491228070184,0.5365679665685618,0.2703752585328414,68
chr17,2090349,0.00028928571428571436,0.4473992587145103,0.5059413196324041,0.29589985082357645,67
chr17,2098028,0.00032130124777183605,0.5900306153664722,0.4451890069069214,0.3514555682784972,67
chr17,2123374,-0.000253787878787879,0.36744899002219233,0.5464464089236095,0.2624524237417203,69
chr17,2124664,0.0002941176470588236,0.4859014945152017,0.4882093956724678,0.3113938667675778,68
chr17,2136537,0.0003125541125541127,0.5452352251485647,0.4628888200196689,0.334523308442509,68
chr17,2143936,0.00033823529411764706,0.5586302278260207,0.4576380747659642,0.33947785009600145,64
chr17,2146546,-0.00040995670995670996,0.9313001820011075,0.3380481089517303,0.47102148917358333,68
chr17,2241199,0.00044899738448125556,1.1049579550584727,0.29701424418131706,0.5272227223292355,68
chr17,2257946,-0.0005208333333333333,1.542575071986836,0.21863029907012496,0.6602896511369396,68
chr17,2263407,0.00041673931996512656,0.9573643686450586,0.3314247860827142,0.47961501536018564,68
chr17,2281756,-0.0006722222222222223,2.59695440757282,0.11199049981276613,0.9508188170966714,66
chr17,2442345,0.0003536184210526317,0.7166511441270667,0.40021402389969263,0.39770769732014377,70
chr17,2442473,-0.0003386824324324324,0.6407929733992557,0.42625321491509893,0.37033233242262026,69
chr17,2476562,0.0003506944444444443,0.6820846727337709,0.41184529820280347,0.385265887738409,68
chr17,2476592,0.0003506944444444443,0.6820846727337709,0.41184529820280347,0.385265887738409,68
chr17,2490367,-0.00046691176470588225,1.1509063927475203,0.28738805240943405,0.5415312907616743,66
chr17,2495725,-0.0003398853398853401,0.6642841686209582,0.41789700724930534,0.37893073902571217,70
chr17,2495928,0.000380050505050505,0.8162727505850468,0.36950916684976376,0.4323747830800178,69
chr17,2605316,0.000380050505050505,0.8162727505850468,0.36950916684976376,0.4323747830800178,69
chr17,2694390,0.0004687499999999999,1.250479514217014,0.2675146815526901,0.572652378344244,68
chr17,2800761,0.0005189393939393937,1.4143595325526628,0.23879712551388455,0.621970905268681,65
chr17,2832785,0.00039491691104594326,0.8550735610241519,0.3587061764538092,0.44526114527353655,64
chr17,2890739,0.0003398853398853401,0.6642841686209582,0.41789700724930534,0.37893073902571217,70
chr17,2894172,0.00034706439393939376,0.6320426818992849,0.4295920290965384,0.36694378538928374,65
chr17,3031161,0.000538429054054054,1.6529908557327764,0.20297835489484786,0.6925502716972545,69
chr17,3170080,0.00026285963382737584,0.38354864817695483,0.5378421986488717,0.2693451263942651,68
chr17,3171479,-0.00016683467741935475,0.14182941759780876,0.7077758916013102,0.1501042344688268,63
chr17,3171571,-0.00012499999999999998,0.08147843942505151,0.776255233332437,0.10999545889299567,64
chr17,3287231,-0.0001364428945074106,0.10227723966287168,0.7501239702753882,0.1248669563985166,68
chr17,3300171,-0.00012306949806949817,0.07971061092934856,0.7786154379522825,0.10867698958392415,65
chr17,3331046,-7.857733664185277e-05,0.0348333072712616,0.8525010873856544,0.06930505838204737,70
chr17,3331327,-0.00011332767402376922,0.07117959271646888,0.7904464177132299,0.10212756441637298,69
chr17,3334520,7.192982456140354e-05,0.02795356643173412,0.8677292486859237,0.06161576346923335,68
chr17,3352252,-5.622119815668196e-05,0.017277627379189118,0.895836114853889,0.047771433334062176,66
chr17,3361638,-3.378378378378375e-05,0.006171746995593439,0.9376235829624404,0.027971477881390122,67
chr17,3371875,7.857733664185277e-05,0.0348333072712616,0.8525010873856544,0.06930505838204737,70
chr17,3381747,8.064516129032394e-06,0.0003561923584865984,0.98500018561192,0.006563687664596334,67
chr17,3514830,0.00039285714285714293,0.8652604059872869,0.35587856479604396,0.4486981695436269,64
chr17,3514866,0.00039285714285714293,0.8652604059872869,0.35587856479604396,0.4486981695436269,64
chr17,3514894,0.00039285714285714293,0.8652604059872869,0.35587856479604396,0.4486981695436269,64
chr17,3517982,-0.00021790540540540552,0.2652655696283868,0.6082205991791334,0.21593887528308278,69
chr17,3527972,-4.301075268817192e-05,0.008064177411902964,0.9287659544904391,0.03209371278706612,58
chr17,3568446,-0.0002173160173160174,0.25735919246695915,0.6136312513544786,0.21209253050433688,68
chr17,3675601,-0.0002233250620347395,0.28239202657807483,0.596869346206284,0.22412072486994514,70
chr17,3695454,-0.0002233250620347395,0.28239202657807483,0.596869346206284,0.22412072486994514,70
chr17,3738485,-0.00023060156931124686,0.28982594286180857,0.5921431497270253,0.22757329053843292,68
chr17,3744581,0.0003927927927927928,0.8517841622511143,0.35946139760132256,0.4443477414671466,67
chr17,3791323,0.0002233250620347395,0.28239202657807483,0.596869346206284,0.22412072486994514,70
chr17,3801695,0.00032512315270935967,0.6051301355130182,0.43958578990195973,0.3569563550722806,64
chr17,3801756,0.0002715517241379312,0.4254610421836204,0.5165975054125336,0.2868476953136638,65
chr17,3882815,-0.0003252252252252253,0.5813258764685835,0.4485511315353564,0.34818804341601,67
chr17,3907711,-0.0004090909090909092,0.8799034399517132,0.35175472021387066,0.45376006603512686,66
chr17,3916491,0.0003768382352941178,0.7502741418474526,0.3896251178749557,0.40935305332611416,66
chr17,3918449,0.00030714285714285734,0.4688582105993887,0.49610648608026564,0.3044250949745892,63
chr17,3964609,0.00023775337837837846,0.3157500774584396,0.5760479930652855,0.23954133210607031,69
chr17,4005617,0.000285785785785786,0.4233160873055649,0.5176909589232247,0.2859294195729834,64
chr17,4023867,0.0002377533783783784,0.3157500774584395,0.5760479930652855,0.23954133210607031,69
chr17,4036859,0.0002654751525719269,0.38830334752990403,0.5353400444261123,0.2713702693704763,68
chr17,4114090,3.700657894736873e-05,0.007767700075393085,0.930028774824632,0.03150361429097832,70
chr17,4114180,3.700657894736873e-05,0.007767700075393085,0.930028774824632,0.03150361429097832,70
chr17,4114201,-3.700657894736862e-05,0.007767700075393085,0.930028774824632,0.03150361429097832,70
chr17,4138359,-0.00020384615384615415,0.24386211658519485,0.6230455478439325,0.20548020301304257,69
chr17,4147588,-0.00010738916256157653,0.05703994008429838,0.8120248131046353,0.09043069978619439,64
chr17,4157870,-0.0002515473032714415,0.35692872031115197,0.5522612179791617,0.25785545362408446,68
chr17,4172790,3.8461538461540535e-06,8.27942894183878e-05,0.9927670788750647,0.0031526328992880636,69
chr17,4172800,3.8461538461540535e-06,8.27942894183878e-05,0.9927670788750647,0.0031526328992880636,69
chr17,4173192,7.857733664185299e-05,0.0348333072712616,0.8525010873856544,0.06930505838204737,70
chr17,4175167,-6.034482758620707e-05,0.020321033033137665,0.8870850795096004,0.05203472538858175,67
chr17,4175259,-3.717948717948745e-05,0.007601845532258268,0.9307816896410581,0.031152168752375184,69
chr17,4175260,3.333333333333304e-05,0.006171229472295831,0.9376225433695601,0.02797195940692964,68
chr17,4187646,4.753820033955879e-05,0.012502828744771807,0.9113035787911163,0.040336924200133614,69
chr17,4187748,4.753820033955879e-05,0.012502828744771807,0.9113035787911163,0.040336924200133614,69
chr17,4217069,-9.09909909909913e-05,0.04349685980834182,0.8354446875746406,0.07808229822577484,67
chr17,4217107,-9.09909909909913e-05,0.04349685980834182,0.8354446875746406,0.07808229822577484,67
chr17,4217176,-9.09909909909913e-05,0.04349685980834182,0.8354446875746406,0.07808229822577484,67
chr17,4221197,-2.2381756756756968e-05,0.0028681084183171126,0.9574492963391461,0.018884215691638458,69
chr17,4233963,-0.0001653404067197173,0.14653305903761893,0.703100826019341,0.15298239184500276,68
chr17,4256347,-6.94444444444446e-05,0.023780934707688547,0.8779526969932805,0.05652888271373026,63
chr17,4261196,7.857733664185299e-05,0.0348333072712616,0.8525010873856544,0.06930505838204737,70
chr17,4269274,-4.2404473438956525e-05,0.009190151855023823,0.9239271194217302,0.03436228514494605,66
chr17,4303176,7.122507122507155e-05,0.027405988893723705,0.8690348659317184,0.06096279918079809,66
chr17,4310006,-0.00010123784261715328,0.05755249138618153,0.811150533640916,0.0908985417654534,68
chr17,4324979,-0.0001435897435897433,0.11559579323564119,0.7349247895538225,0.1337571033009081,69
chr17,4325172,4.873294346978583e-05,0.012049294236497594,0.912941271377828,0.03955715930786316,65
chr17,4325379,1.7436791630343201e-06,1.6520650813504262e-05,0.9967692196589296,0.001405381538310851,68
chr17,4326247,8.477011494252889e-05,0.03952961661482978,0.8430433600885716,0.07415008781543993,65
chr17,4326595,-6.61703887510337e-05,0.024698056049604962,0.8755874864488373,0.05770045382527211,70
chr17,4377872,-0.00011206896551724111,0.06412074289939465,0.8009221302302985,0.0964097062069423,65
chr17,4413637,-8.333333333333606e-06,0.0003547167162100693,0.9850321845565779,0.006549579302415787,66
chr17,4413647,-8.333333333333606e-06,0.0003547167162100693,0.9850321845565779,0.006549579302415787,66
chr17,4415562,1.945181255526059e-05,0.002084803956376334,0.9637193955200981,0.01604940045100998,68
chr17,4415634,-2.3076923076923364e-05,0.0030129930118769485,0.9563888652149711,0.019365488812897538,69
chr17,4426853,9.716599190283426e-05,0.0482318239279115,0.8268905643041554,0.08255196380140273,64
chr17,4427601,6.675508399646357e-05,0.024564149119391747,0.8759364571897652,0.057527397590800985,68
chr17,4448454,0.00016666666666666634,0.151841716513693,0.6980361296238877,0.1561220981645059,68
chr17,4448466,0.00016666666666666634,0.151841716513693,0.6980361296238877,0.1561220981645059,68
chr17,4448484,0.00016666666666666634,0.151841716513693,0.6980361296238877,0.1561220981645059,68
chr17,4459548,-7.812499999999969e-05,0.03463268446193206,0.8529214963488051,0.06909093984242115,70
chr17,4459729,-8.064516129032577e-06,0.00037045993779881155,0.984701000504974,0.0066956208156035936,69
chr17,4489697,7.812499999999973e-05,0.03463268446193206,0.8529214963488051,0.06909093984242115,70
chr17,4550744,8.064516129031826e-06,0.0003659045905935746,0.9847953415345868,0.006654014453880858,69
chr17,4554244,7.812499999999973e-05,0.03463268446193206,0.8529214963488051,0.06909093984242115,70
chr17,4566919,-6.538461538461564e-05,0.02389766407179989,0.8776103250873841,0.05669827592776404,69
chr17,4566928,-6.538461538461564e-05,0.02389766407179989,0.8776103250873841,0.05669827592776404,69
chr17,4566946,-6.538461538461564e-05,0.02389766407179989,0.8776103250873841,0.05669827592776404,69
chr17,4567015,6.538461538461566e-05,0.02389766407179989,0.8776103250873841,0.05669827592776404,69
chr17,4602535,-0.00016599190283400793,0.13558003517572229,0.7139694143784991,0.14632039249715484,64
chr17,4689535,-0.00013378378378378354,0.09572536924760489,0.7580105933081286,0.1203247249970783,67
chr17,4775022,0.00023021235521235504,0.26885048782196713,0.6059203778621429,0.2175844413898181,65
chr17,4775734,-0.0001776315789473682,0.1635255080505491,0.6872794539696007,0.16286663901106496,66
chr17,4833494,0.0001647005444646097,0.14270790090805746,0.7068344879001669,0.1506822685323821,67
chr17,4841252,0.0002381154499151102,0.3153821209478374,0.5762698930020105,0.23937406937343247,69
chr17,4873483,0.00020263157894736834,0.22219029892695885,0.6389305371115243,0.19454635465687534,68
chr17,4919088,0.00023323323323323316,0.26222875879726676,0.6104124230624937,0.21437663623832184,64
chr18,122526,-0.0006410256410256411,2.3383665218508107,0.13092968958080503,0.8829618617832338,69
chr18,150420,-0.000857207207207207,4.144355874793101,0.045853452622549126,1.3386279577373055,67
chr18,156058,-0.0008119047619047618,3.6476571840000496,0.06070318574402251,1.2167885162600924,65
chr18,393022,-0.0008583333333333336,4.027913617281299,0.048981127047686146,1.3099712260516565,66
chr18,421644,-0.000889358108108108,4.71076812450242,0.03352273062521384,1.4746606127397892,69
chr18,421675,-0.000889358108108108,4.71076812450242,0.03352273062521384,1.4746606127397892,69
chr18,453755,0.0009098214285714286,4.742840761657323,0.03305521521202404,1.4807600109401602,67
chr18,492128,0.0007058080808080809,2.899237628971127,0.09325689128504602,1.0303190658304096,69
chr18,494612,-0.0007682709447415331,3.3500958842699387,0.07178633480009844,1.1439582199045006,67
chr18,494711,0.0007499999999999999,3.2844679141315636,0.074487059120098,1.1279191720961084,68
chr18,536969,0.0008821022727272727,4.330294263467974,0.04151082571347349,1.381838627757627,65
chr18,595373,-0.0007588235294117645,3.493007387356908,0.06600034666220168,1.1804537833507693,69
chr18,604757,-0.0008141711229946525,3.8367038672346605,0.054434926078678274,1.2641223625048337,67
chr18,665300,0.0008645833333333334,4.348159553205123,0.04092024982729082,1.388061723486695,68
chr18,801811,0.0006323529411764704,2.2965486092814835,0.1344367951935916,0.8714818491208014,68
chr18,841891,-0.0007205882352941177,2.995689818140582,0.08815939770052729,1.0547313855548013,68
chr18,844552,0.0006047794117647058,2.035962052954106,0.15847757848485247,0.8000321733775161,66
chr18,912210,0.0008404139433551196,3.556852903046662,0.06422553732014608,1.1922922536758893,61
chr18,1016884,-0.0006449579831932773,2.482251697312511,0.11984778549777135,0.9213699862860086,69
chr18,1047102,0.0009768907563025206,5.060979665382768,0.028151295475536305,1.5505016148470474,62
chr18,1047110,0.0009768907563025206,5.060979665382768,0.028151295475536305,1.5505016148470474,62
chr18,1115546,-0.0007817460317460317,3.4698863636363564,0.06723473584762968,1.1724062970443283,64
chr18,1134503,0.0004084568439407151,0.9179110364720188,0.3415206066441696,0.4665830867647171,68
chr18,1159959,-0.000588655462184874,1.995692423847793,0.16237549851000083,0.7894795025867514,69
chr18,1162000,-0.0006029411764705883,2.0354823322203,0.15837911092410956,0.8003020993161701,68
chr18,1350530,0.0004099264705882352,0.9052131178221089,0.344967101257054,0.46222232064787494,66
chr18,1400736,0.000404040404040404,0.9240423404475357,0.3398722561594708,0.4686842855158408,69
chr18,1401235,0.000404040404040404,0.9240423404475357,0.3398722561594708,0.4686842855158408,69
chr18,1409275,0.000404040404040404,0.9240423404475357,0.3398722561594708,0.4686842855158408,69
chr18,1409881,0.0003816964285714284,0.8005230219363463,0.3742382537427761,0.4268518220196531,67
chr18,1484113,0.00026890756302521,0.4045893719806772,0.526895519147897,0.2782754947610838,69
chr18,1596095,0.00031919642857142856,0.5455165478640317,0.46281405983255897,0.33459345608384217,67
chr18,1616556,0.0004081439393939392,0.8683450944718494,0.35497129865175714,0.4498067605817403,65
chr18,1616558,0.0004081439393939392,0.8683450944718494,0.35497129865175714,0.4498067605817403,65
chr18,1616609,0.0004081439393939392,0.8683450944718494,0.35497129865175714,0.4498067605817403,65
chr18,1643788,-0.00022857142857142854,0.29980710939652827,0.5857961339437144,0.23225349884160343,70
chr18,1666809,0.00030376344086021506,0.5200384459466654,0.4734111567574453,0.3247615113813767,67
chr18,1723361,0.00027965367965367957,0.42992703674062194,0.5143039819128957,0.28878011321322156,68
chr18,1723375,0.00027965367965367957,0.42992703674062194,0.5143039819128957,0.28878011321322156,68
chr18,1765380,0.00011600378787878785,0.06774163817582578,0.7955025747564642,0.0993584103596812,65
chr18,1766440,-5.084033613445382e-05,0.014693409637740703,0.9038824619550321,0.0438880401475775,69
chr18,1766564,-1.2254901960784342e-05,0.0008573496297005055,0.9767266197801778,0.010226975825708858,70
chr18,1806464,1.2152777777777618e-05,0.0008186564566654822,0.9772602458686706,0.009989767607508795,68
chr18,1806609,-1.904761904761914e-05,0.0019852120840900475,0.9645959721350886,0.01565455589449806,68
chr18,1806610,1.2152777777777618e-05,0.0008186564566654822,0.9772602458686706,0.009989767607508795,68
chr18,1826247,3.445378151260505e-05,0.006690036978838241,0.9350554596171956,0.029162629671419346,69
chr18,1826288,3.445378151260505e-05,0.006690036978838241,0.9350554596171956,0.029162629671419346,69
chr18,1912366,0.0001648745519713263,0.14316450386327786,0.7063880856163454,0.1509566344513162,67
chr18,1912497,-0.00017657045840407492,0.1717244028454215,0.6799075628018674,0.16755012802010646,69
chr18,1913744,4.247104247104269e-05,0.009100493570157625,0.9243026830629109,0.034185786292915965,65
chr18,1918766,-8.333333333333341e-05,0.03821448604049387,0.8456136671581063,0.07282800639672521,68
chr18,1954949,0.0001527777777777779,0.12686057409731363,0.722845621453551,0.1409544453193513,68
chr18,2004751,-0.0003022875816993463,0.5256756161549325,0.47091826802574865,0.32705446192743587,70
chr18,2008527,-0.00014367816091954047,0.09802318717699755,0.7553006446755659,0.12188014461711635,62
chr18,2021587,0.0005455407969639468,1.6594612444819066,0.2023873695401181,0.6938165941553106,65
chr18,2121358,0.00035672268907563023,0.7193219988173868,0.39938625321820065,0.39860688752296225,69
chr18,2121360,0.00035672268907563023,0.7193219988173868,0.39938625321820065,0.39860688752296225,69
chr18,2128392,-0.0004138655462184874,0.9663432568294551,0.3291304288105328,0.4826319643977991,69
chr18,2128399,-0.0004138655462184874,0.9663432568294551,0.3291304288105328,0.4826319643977991,69
chr18,2129894,0.00035672268907563023,0.7193219988173868,0.39938625321820065,0.39860688752296225,69
chr18,2148546,0.00045454545454545455,1.1395617252719425,0.2898840103106805,0.5377757391995162,64
chr18,2150975,-0.0003281250000000001,0.5335440814892823,0.467871892678014,0.32987304418908625,64
chr18,2163116,0.00038807189542483636,0.8707288952880773,0.35405516576229135,0.4509290647550618,70
chr18,2163128,0.00038807189542483636,0.8707288952880773,0.35405516576229135,0.4509290647550618,70
chr18,2163137,0.00038807189542483636,0.8707288952880773,0.35405516576229135,0.4509290647550618,70
chr18,2163842,-0.00032702020202020186,0.6123225077169954,0.43667166140481817,0.35984499148799304,69
chr18,2163909,0.00032702020202020186,0.6123225077169954,0.43667166140481817,0.35984499148799304,69
chr18,2173574,0.00038807189542483636,0.8707288952880773,0.35405516576229135,0.4509290647550618,70
chr18,2179078,-0.00022817836812144215,0.2798567283392093,0.598654175240974,0.22282398421551586,65
chr18,2179093,-0.00022817836812144215,0.2798567283392093,0.598654175240974,0.22282398421551586,65
chr18,2184844,0.0002926267281105992,0.4546582100070456,0.5025594581881763,0.2988125491603351,66
chr18,2191222,-0.00028673986486486505,0.46025393142994664,0.49984188449374956,0.30116735476746603,69
chr18,2282802,0.00022395833333333347,0.2791984204517627,0.5989994125801539,0.22257360350939115,68
chr18,2288483,0.00028787878787878786,0.4659320760532465,0.4972179340245877,0.3034532152929598,69
chr18,2288780,0.0003184267241379311,0.5063303271894869,0.47953583892858853,0.31917892954173566,61
chr18,2296766,-0.00028787878787878786,0.4659320760532465,0.4972179340245877,0.3034532152929598,69
chr18,2302813,-0.00033363970588235305,0.5863557204512752,0.4466467289578603,0.3500358422433017,66
chr18,2302828,-0.00033363970588235305,0.5863557204512752,0.4466467289578603,0.3500358422433017,66
chr18,2314077,0.0003333333333333335,0.6119965227470289,0.4368348383009766,0.35968273321876687,68
chr18,2367222,0.0003452935694315006,0.6229477717905416,0.43286829159856666,0.36364422589423034,66
chr18,2367371,0.0003274774774774775,0.5791105562323714,0.4494131516003742,0.34735422256242404,67
chr18,2371919,6.428571428571438e-05,0.020716199388702543,0.8860292229705942,0.052551953998300906,63
chr18,2371942,6.428571428571438e-05,0.020716199388702543,0.8860292229705942,0.052551953998300906,63
chr18,2376610,-0.0001322393822393823,0.08900600488143778,0.7664264142203289,0.11552953608967402,65
chr18,2376637,-0.0001322393822393823,0.08900600488143778,0.7664264142203289,0.11552953608967402,65
chr18,2431418,0.00012442396313364052,0.08212424671914932,0.7753647525791607,0.11049394553709538,66
chr18,2433263,-7.410636442894514e-05,0.029800416887114916,0.8634721541856629,0.0637516632829783,68
chr18,2433353,7.812500000000012e-05,0.03328111448031042,0.8558036050295046,0.06762588840464114,68
chr18,2449305,-0.0001474201474201475,0.12398577810192421,0.7258400910730854,0.13915904763869083,70
chr18,2449380,-0.0001474201474201475,0.12398577810192421,0.7258400910730854,0.13915904763869083,70
chr18,2449431,-0.0001474201474201475,0.12398577810192421,0.7258400910730854,0.13915904763869083,70
chr18,2457606,0.0001493506493506494,0.12210834676336248,0.7278714895399311,0.13794529144289247,68
chr18,2459907,-0.0001474201474201475,0.12398577810192421,0.7258400910730854,0.13915904763869083,70
chr18,2459928,0.0001474201474201475,0.12398577810192421,0.7258400910730854,0.13915904763869083,70
chr18,2459979,0.0001474201474201475,0.12398577810192421,0.7258400910730854,0.13915904763869083,70
chr18,2478477,0.00016935483870967745,0.15199630474320672,0.6979094551005113,0.15620091792260124,67
chr18,2487639,-0.00011363636363636358,0.07217649847029008,0.7890192833882697,0.10291238263749997,69
chr18,2493316,-9.546643417611165e-05,0.04949219864011008,0.8246362711421641,0.08373756692677768,68
chr18,2520092,0.0001108108108108109,0.06612240254310811,0.7978808262442427,0.0980619712677796,67
chr18,2540033,-6.320836965998265e-05,0.022057202202257684,0.8823878694034997,0.05434047097509006,68
chr18,2540072,-6.320836965998265e-05,0.022057202202257684,0.8823878694034997,0.05434047097509006,68
chr18,2573558,0.00013485663082437284,0.09547770907065037,0.7583138428122848,0.12015101601381124,67
chr18,2573566,0.00013485663082437284,0.09547770907065037,0.7583138428122848,0.12015101601381124,67
chr18,2573574,0.00013485663082437284,0.09547770907065037,0.7583138428122848,0.12015101601381124,67
chr18,2573595,0.00013888888888888897,0.1045786845665247,0.7474251600475775,0.12643228689056438,68
chr18,2578711,0.0001761115954664342,0.16895854246135378,0.6823706559164671,0.16597965746709611,68
chr18,2634776,-3.6346691519105284e-05,0.0070828557477145586,0.9331921572745173,0.03002891975688842,66
chr18,2634805,-3.6346691519105284e-05,0.0070828557477145586,0.9331921572745173,0.03002891975688842,66
chr18,2655033,-0.0002690033783783782,0.4117098689451835,0.5232920796682166,0.28125583851166214,69
chr18,2655042,-0.0002690033783783782,0.4117098689451835,0.5232920796682166,0.28125583851166214,69
chr18,2655118,-0.0002690033783783782,0.4117098689451835,0.5232920796682166,0.28125583851166214,69
chr18,2659351,-0.00019656019656019653,0.22073218977287837,0.6399857957594057,0.19382966490949807,70
chr18,2671767,-0.0003072916666666664,0.5275998668059815,0.47018592800540915,0.32773037283135137,68
chr18,2688622,0.0002529411764705881,0.35772181651752694,0.5517906939940045,0.2582256282155372,69
chr18,2698020,-0.00026960784313725456,0.4174996701813476,0.5203620506452805,0.2836943835099678,70
chr18,2704225,-0.00026960784313725456,0.4174996701813476,0.5203620506452805,0.2836943835099678,70
chr18,2707018,-0.0002672268907563024,0.39860870412406274,0.5299568020423872,0.27575952926564584,69
chr18,2707045,-0.0002672268907563024,0.39860870412406274,0.5299568020423872,0.27575952926564584,69
chr18,2707195,-0.00023484848484848467,0.3093639940997577,0.5799236283234785,0.23662919606045688,69
chr18,2716507,0.0003409090909090908,0.6659669262196527,0.41735320637016027,0.37949624562621437,69
chr18,2746527,-0.00021847507331378282,0.2560627053767028,0.6146327119284906,0.21138432948156433,64
chr18,2753019,-0.00031060606060606037,0.5425445308146947,0.46395144702449953,0.3335274664120412,69
chr18,2753033,-0.00031060606060606037,0.5425445308146947,0.46395144702449953,0.3335274664120412,69
chr18,2759993,-0.00038235294117647045,0.8232341870248663,0.36753719375606164,0.43469870494531165,68
chr18,2760040,-0.0004522058823529408,1.120059967517587,0.2938837536910863,0.5318244216760535,66
chr18,2760043,-0.0004522058823529408,1.120059967517587,0.2938837536910863,0.5318244216760535,66
chr18,2760095,-0.0004522058823529408,1.120059967517587,0.2938837536910863,0.5318244216760535,66
chr18,2760096,0.0004522058823529408,1.120059967517587,0.2938837536910863,0.5318244216760535,66
chr18,2760123,-0.0004522058823529408,1.120059967517587,0.2938837536910863,0.5318244216760535,66
chr18,2782682,-0.00038807189542483614,0.8707288952880694,0.35405516576229557,0.4509290647550566,70
chr18,2944831,-0.0003510101010101009,0.6950481376622741,0.4074150374330895,0.3899629455035284,69
chr18,2946370,-0.0003510101010101008,0.6950481376622741,0.4074150374330895,0.3899629455035284,69
chr18,2946576,-0.0003839869281045748,0.8522656995566532,0.35917639650941613,0.44469221098727146,70
chr18,3063110,-0.0003159722222222219,0.5493901930293084,0.4611961766600715,0.3361143016859162,68
chr18,3066048,-0.000319964349376114,0.5478844494161089,0.4618486932417848,0.33550028083550176,67
chr18,3104365,-0.0003510101010101008,0.6950481376622741,0.4074150374330895,0.3899629455035284,69
chr18,3105776,-0.0003510101010101008,0.6950481376622741,0.4074150374330895,0.3899629455035284,69
chr18,3160589,0.0003109318996415769,0.5152082030076665,0.4754648039980064,0.3228816259298993,67
chr18,3160612,-0.0003109318996415769,0.5152082030076665,0.4754648039980064,0.3228816259298993,67
chr18,3160621,-0.0003109318996415769,0.5152082030076665,0.4754648039980064,0.3228816259298993,67
chr18,3160632,-0.0003109318996415769,0.5152082030076665,0.4754648039980064,0.3228816259298993,67
chr18,3162641,-0.00036221198156682015,0.7027073831245915,0.40499538726259676,0.3925499231996746,66
chr18,3176082,0.00025021645021645016,0.3661482940225295,0.5471862779930861,0.2618648021260355,68
chr18,3182989,-0.00023051948051948048,0.2804556405795458,0.5983899088592789,0.22301573894654317,61
chr18,3186447,0.0003216450216450217,0.5701877433786967,0.45287058935185,0.3440258826664458,68
chr18,3194813,-0.00045151515151515143,1.1606187288103595,0.2855793605324788,0.5442731832080346,63
chr18,3194848,-0.00045151515151515143,1.1606187288103595,0.2855793605324788,0.5442731832080346,63
chr18,3206122,-0.0004560931899641576,1.1507677461276868,0.2873551066710126,0.5415810804884009,67
chr18,3274560,-0.0004840336134453778,1.3364500545426192,0.2517666972044044,0.5990017173452665,69
chr18,3295783,0.0005687229437229438,1.638578896888731,0.20553079769269228,0.6871230922023387,61
chr18,3306216,0.0004556451612903225,1.162432768017574,0.2852066979208867,0.5448402795357244,63
chr18,3336649,0.0005744206773618537,1.8310298876554678,0.18069358443966013,0.7430572668741339,67
chr18,3336650,0.0005588235294117645,1.7837837837837822,0.18627313355024652,0.7298497795228595,68
chr18,3336655,0.0005588235294117645,1.7837837837837822,0.18627313355024652,0.7298497795228595,68
chr18,3336873,0.0005588235294117645,1.7837837837837822,0.18627313355024652,0.7298497795228595,68
chr18,3370003,0.000408199643493761,0.8979578342468795,0.3468396306063306,0.45987128498387764,67
chr18,3374840,0.0005294117647058822,1.5687894465964194,0.21487061746402883,0.6678229681552647,67
chr18,3374853,0.0005294117647058822,1.5687894465964194,0.21487061746402883,0.6678229681552647,67
chr18,3405744,-0.00041176470588235274,0.9417588817705214,0.33536900100722733,0.4744770827963661,68
chr18,3405917,-0.0004436974789915964,1.1194228213404198,0.2938425352942124,0.531885337523039,69
chr18,3460129,0.00028787878787878775,0.43405726309461334,0.5123682225136772,0.29041781338269446,66
chr18,3460510,-0.0004411764705882351,1.1005706662714059,0.2979673441740874,0.5258313299577088,68
chr18,3460531,0.0004411764705882351,1.1005706662714059,0.2979673441740874,0.5258313299577088,68
chr18,3460618,-0.000424688057040998,0.990923304323575,0.3232082246263335,0.4905175963368541,67
chr18,3464000,-0.0004392156862745098,0.9957900990504728,0.3222101266788635,0.4918608143462285,64
chr18,3464030,-0.0004392156862745098,0.9957900990504728,0.3222101266788635,0.4918608143462285,64
chr18,3476144,-0.00036029411764705875,0.6771837627318404,0.4136139009924559,0.38340487363058945,66
chr18,3499931,-0.00023246753246753242,0.3019244182637683,0.5845330002815228,0.23319096536509884,68
chr18,3547146,-0.0004714285714285712,1.2746501669394996,0.26292233619364136,0.5801725174554935,69
chr18,3561107,-0.0003554112554112555,0.6975196815775787,0.4066315302895225,0.3907989491120406,68
chr18,3561272,-0.00034151785714285724,0.6351550781307753,0.4283722381207672,0.36817868261524783,67
chr18,3569583,-0.00048093841642228726,1.2254683703064988,0.2725667104995727,0.5645271871263399,64
chr18,3569592,-0.0004787878787878788,1.1747800957534296,0.28268674589747356,0.5486945534437327,63
chr18,3592085,0.0004857142857142856,1.3682065542119592,0.24626456921249687,0.608598066855023,69
chr18,3592261,0.0004857142857142856,1.3682065542119592,0.24626456921249687,0.608598066855023,69
chr18,3600128,-0.0004857142857142859,1.3273822327382228,0.25342765786914406,0.5961459900663131,68
chr18,3600177,-0.0004857142857142859,1.3273822327382228,0.25342765786914406,0.5961459900663131,68
chr18,3600252,-0.0004857142857142859,1.3273822327382228,0.25342765786914406,0.5961459900663131,68
chr18,3600364,0.0005303030303030302,1.5987463962139128,0.21059606882997162,0.6765497399947179,67
chr18,3619061,-0.00042647058823529416,1.0098977475346669,0.31859757832338087,0.4967575296170898,68
chr18,3639424,-0.000321691176470588,0.5398712847697097,0.4651698858753117,0.3323884083492306,66
chr18,3639453,0.00030765765765765725,0.50248425889203,0.4809453369727328,0.31790428163066053,67
chr18,3639498,-0.0003354779411764706,0.5857598874976091,0.4468767178649946,0.3498122713547517,66
chr18,3653851,1.1290322580645073e-05,0.0006814200029180063,0.9792624616866332,0.009100893094057027,61
chr18,3659636,0.00038571428571428567,0.8425248623325331,0.36196816732460546,0.44132962107773915,69
chr18,3686147,-0.00041428571428571415,0.9662834414212117,0.3291452916142198,0.48261235306039835,69
chr18,3702251,-0.00037736742424242416,0.7446285622791142,0.3914553592889619,0.4073177567730053,65
chr18,3736835,-0.0003553921568627448,0.728749066572203,0.39628620363462397,0.40199104699371757,70
chr18,3750792,-0.0004054054054054055,0.9489977163156527,0.3334273201483221,0.47699881811462735,70
chr18,3750936,-0.00038571428571428556,0.8425248623325331,0.36196816732460546,0.44132962107773915,69
chr18,3750944,-0.00038571428571428556,0.8425248623325331,0.36196816732460546,0.44132962107773915,69
chr18,3750992,-0.00038571428571428556,0.8425248623325331,0.36196816732460546,0.44132962107773915,69
chr18,3750993,-0.00038571428571428556,0.8425248623325331,0.36196816732460546,0.44132962107773915,69
chr18,3751011,-0.00038571428571428556,0.8425248623325331,0.36196816732460546,0.44132962107773915,69
chr18,3769611,-0.0003079322638146167,0.5088732582089874,0.478180473230132,0.3204081625187614,67
chr18,3789729,0.00038398268398268397,0.8297047632280695,0.36567277863801195,0.4369073681479263,68
chr18,3795051,0.00033088235294117613,0.6307977736549135,0.4298259253525213,0.3667073931768723,70
chr18,3835742,-0.00037775735294117644,0.7770962785657719,0.3813294337406997,0.4186996714695327,66
chr18,3890651,0.00034548611111111097,0.6578876690709216,0.42022207150298585,0.3765211406968031,68
chr18,3890713,0.00034548611111111097,0.6578876690709216,0.42022207150298585,0.3765211406968031,68
chr18,3895990,0.0005384290540540539,1.6529908557327768,0.20297835489484786,0.6925502716972545,69
chr18,3924601,0.0005384290540540539,1.6529908557327768,0.20297835489484786,0.6925502716972545,69
chr18,3924646,0.0005056669572798605,1.4192637451063022,0.23779125797864534,0.6238041155769671,68
chr18,3924683,0.0005566361556064073,1.4698359755789963,0.23020407315550667,0.6378869963738604,61
chr18,3986730,-0.0006891625615763544,2.5252701274995824,0.11712251067340024,0.9313596265186347,64
chr18,4015111,0.0005873873873873873,1.9116443480435046,0.1715127332794683,0.7657036319609869,67
chr18,4026640,0.0005384290540540539,1.6529908557327768,0.20297835489484786,0.6925502716972545,69
chr18,4031739,0.0007271241830065357,3.1584008744081995,0.08000913330555516,1.0968604340355752,70
chr18,4032006,0.0007271241830065357,3.1584008744081995,0.08000913330555516,1.0968604340355752,70
chr18,4075024,0.000722222222222222,2.877380136872426,0.09469149078411253,1.02368904603943,66
chr18,4129545,-0.0005999999999999996,2.0757615204373856,0.15431237285161584,0.8115992505683951,69
chr18,4129622,-0.0005999999999999996,2.0757615204373856,0.15431237285161584,0.8115992505683951,69
chr18,4129630,-0.0005999999999999996,2.0757615204373856,0.15431237285161584,0.8115992505683951,69
chr18,4129675,0.0005999999999999997,2.0757615204373856,0.15431237285161584,0.8115992505683951,69
chr18,4157056,0.0006588235294117644,2.504195270785653,0.11825293113867834,0.9271880855873863,69
chr18,4167858,0.0006212121212121213,2.1197982345523227,0.15029397314005669,0.8230584344795989,66
chr18,4204433,0.00042857142857142844,1.0658307210031288,0.3055469907256359,0.5149219892070792,70
chr18,4241445,0.0003164136622390891,0.5442061466659295,0.4634337065221671,0.3340123822330918,65
chr18,4241497,0.0003033088235294116,0.5159726769014277,0.4751789011744556,0.3231428510801772,66
chr18,4241510,0.0003033088235294116,0.5159726769014277,0.4751789011744556,0.3231428510801772,66
chr18,4241527,0.0003033088235294116,0.5159726769014277,0.4751789011744556,0.3231428510801772,66
chr18,4243084,0.00039705882352941154,0.8934846111510949,0.34793122748715155,0.4585065907501657,69
chr18,4252662,-0.00046969696969696966,1.2492627925194313,0.26774539971266403,0.5722779822946816,68
chr18,4252721,0.0004696969696969697,1.2492627925194313,0.26774539971266403,0.5722779822946816,68
chr18,4252858,-0.0003520220588235293,0.6556724621289836,0.4210923597414764,0.37562263830478543,66
chr18,4286529,0.0003437499999999999,0.6503433860853998,0.42288633410670384,0.37377634918259867,68
chr18,4286545,0.0003437499999999999,0.6503433860853998,0.42288633410670384,0.37377634918259867,68
chr18,4286621,0.0003437499999999999,0.6503433860853998,0.42288633410670384,0.37377634918259867,68
chr18,4313853,0.00030658783783783783,0.5271598734962905,0.4703321686835673,0.3275953163762139,69
chr18,4326867,0.0002193486590038314,0.24080954933803708,0.6253269998123184,0.20389281933411782,65
chr18,4345730,-0.00037152777777777775,0.7740906432059602,0.3821469095135581,0.41776964827745106,68
chr18,4391341,0.000337171052631579,0.6509129796517077,0.4225993301272887,0.37407119569414715,70
chr18,4413612,0.0002370689655172414,0.3038927075849359,0.5834021973156815,0.23403193949217713,65
chr18,4413617,0.0002370689655172414,0.3038927075849359,0.5834021973156815,0.23403193949217713,65
chr18,4413676,0.0002370689655172414,0.3038927075849359,0.5834021973156815,0.23403193949217713,65
chr18,4414038,-0.00021666666666666666,0.25393099171723127,0.6160783483360776,0.2103640539291974,65
chr18,4442151,-0.0006029094827586207,1.9634969885161109,0.16637817857384793,0.7789036344540312,61
chr18,4442164,-0.0006029094827586207,1.9634969885161109,0.16637817857384793,0.7789036344540312,61
chr18,4447299,-0.0005424726661059716,1.6720081065770283,0.20036565944980889,0.6981767098977244,70
chr18,4474098,0.00036697635135135126,0.7715447528262621,0.3828787997872114,0.41693868011438256,69
chr18,4474196,-0.00044015280135823446,1.0815479804674533,0.30208997315823505,0.519863689405027,69
chr18,4479715,-0.0003480753480753483,0.697015671999434,0.4067119281247945,0.39071309033745255,70
chr18,4479846,0.0003945074106364429,0.8495647414141831,0.3600325994610326,0.4436581738853333,68
chr18,4480269,0.00043229166666666687,1.03444321840127,0.3128313315614829,0.5046897567540398,68
chr18,4480415,0.00043229166666666687,1.03444321840127,0.3128313315614829,0.5046897567540398,68
chr18,4500714,0.0003281250000000001,0.5628937291555105,0.45593449871297576,0.3410975452539983,64
chr18,4540909,-0.00018449197860962577,0.1859178300444754,0.6677627750205668,0.1753777947062642,67
chr18,4558632,-0.0002450980392156861,0.3446737764080963,0.5590880590545775,0.2525197832592759,70
chr18,4596509,-0.0003663101604278076,0.741730064087484,0.39227319086482126,0.406411371853448,67
chr18,4596666,-0.0005967741935483873,1.8014738134924102,0.18459130621769704,0.7337887569969523,62
chr18,4640799,-0.0002787878787878789,0.39374617257738814,0.5326787452593762,0.27353463191936966,63
chr18,4646694,0.00033823529411764706,0.6039156139593913,0.4399509558836089,0.3565957343689815,66
chr18,4646715,0.00033823529411764706,0.6039156139593913,0.4399509558836089,0.3565957343689815,66
chr18,4653442,0.0003002846299810247,0.46035011977244394,0.49994516397316857,0.30107762824373513,65
chr18,4690269,-0.00044117647058823536,1.1146138257149354,0.2949305456253482,0.5302802457271119,68
chr18,4690368,-0.00044117647058823536,1.1146138257149354,0.2949305456253482,0.5302802457271119,68
chr18,4698188,-0.0005018433179723502,1.3694785429498244,0.24624083362632226,0.6086399272449758,66
chr18,4698288,-0.0005018433179723502,1.3694785429498244,0.24624083362632226,0.6086399272449758,66
chr18,4743308,0.00042563025210084007,1.0473921189129125,0.3097895143828194,0.5089332861337795,69
chr18,4744677,-0.0005137310606060606,1.3536069712465253,0.2490361770290007,0.60373755915799,65
chr18,4782542,0.000530834914611006,1.4503071413147888,0.232983709517375,0.6326744442703206,65
chr18,4844844,-0.0004411764705882352,1.0833880499015163,0.30173881638459144,0.52036881757682,68
chr18,4845587,-0.00042857142857142866,1.0658307210031288,0.3055469907256359,0.5149219892070792,70
chr18,4845667,0.00042857142857142866,1.0658307210031288,0.3055469907256359,0.5149219892070792,70
chr18,4847592,-0.0005795698924731184,1.5751410995407653,0.2144104887180041,0.6687539732659645,61
chr18,4849166,0.0005895721925133692,1.9617810154501123,0.16607884220151498,0.7796856914523363,67
chr18,4859794,0.00042857142857142866,1.0658307210031288,0.3055469907256359,0.5149219892070792,70
chr18,4905491,0.0005166666666666669,1.3534039747146318,0.24928967648765998,0.6032957060019442,62
chr18,4965644,-0.00042857142857142866,1.0658307210031288,0.3055469907256359,0.5149219892070792,70
chr18,4967000,0.0004242424242424244,0.9936181605906131,0.3225003081598512,0.4914698660455848,68
chr18,4996289,0.0003861344537815128,0.8596497912562234,0.3571647200826439,0.44713144628442825,69
chr18,4996298,0.0003861344537815128,0.8596497912562234,0.3571647200826439,0.44713144628442825,69
chr18,4996299,0.0003861344537815128,0.8596497912562234,0.3571647200826439,0.44713144628442825,69
chr18,5011808,0.0002064516129032258,0.1975846980000402,0.6583038200044349,0.18157362477723082,61
chr18,5024071,-0.0002467532467532468,0.3321789466639902,0.5663392522022959,0.2469233369712224,68
chr18,5068247,-0.00027744932432432443,0.4311035767628114,0.5136968321305546,0.2892931124778462,69
chr18,5172826,0.00043308080808080807,1.0638319437469625,0.3060517604833111,0.5142051179913303,69
chr18,5173426,-0.00045588235294117646,1.1503137582066862,0.2873895259824807,0.5415290639363182,68
chr18,5216964,-0.00018790849673202604,0.20216916521197575,0.6544056214328053,0.18415297867236616,70
chr18,5219496,0.0005101010101010102,1.249594491847601,0.26823887163248,0.5714782864686571,60
chr18,5232308,0.00022521008403361342,0.2846165097292114,0.595456692411715,0.22514981928710193,69
chr18,5235303,0.0003507130124777185,0.6843950476088962,0.4111042811368474,0.386048000562321,67
chr18,5253772,-0.0002853535353535354,0.45516638530993014,0.5022131166902553,0.2991119486684807,69
chr18,5297508,-0.0002774493243243244,0.4311035767628114,0.5136968321305546,0.2892931124778462,69
chr18,5326553,-0.0002702020202020202,0.40976809208154413,0.5242703540681869,0.2804446996553665,69
chr18,5326697,-0.00031423611111111127,0.542583728455446,0.4639742122422794,0.33350615692810914,68
chr18,5345590,-0.0002702020202020202,0.40976809208154413,0.5242703540681869,0.2804446996553665,69
chr18,5585842,-0.0003459595959595961,0.6749905932454932,0.41423106228031825,0.3827573374292261,69
chr18,5585847,-0.0003459595959595961,0.6749905932454932,0.41423106228031825,0.3827573374292261,69
chr18,5640151,5.555555555555574e-05,0.017236943658349213,0.8959397054115937,0.04772121632908898,69
chr18,5681335,-0.00024551971326164883,0.3260116975504157,0.569985911798476,0.24413587854469285,67
chr18,5687196,-5.882352941176486e-05,0.018954623779436613,0.8909158153124543,0.050163331510343384,68
chr18,5687198,-5.882352941176486e-05,0.018954623779436613,0.8909158153124543,0.050163331510343384,68
chr18,5687214,-5.882352941176486e-05,0.018954623779436613,0.8909158153124543,0.050163331510343384,68
chr18,5714240,-9.579831932773138e-05,0.05136563745675555,0.8213938323781823,0.08544856246870454,69
chr18,5716236,-5.714285714285732e-05,0.018660812294181667,0.8917469892726215,0.049758348257614264,70
chr18,5717028,-0.00013235294117647077,0.09594056207602275,0.7577324668191451,0.1204841039894283,68
chr18,5717166,-5.714285714285732e-05,0.018660812294181667,0.8917469892726215,0.049758348257614264,70
chr18,5717212,-5.168067226890777e-05,0.014823908259109685,0.9034587010432462,0.04409169514396129,69
chr18,5717326,5.1680672268907724e-05,0.014823908259109685,0.9034587010432462,0.04409169514396129,69
chr18,5728762,0.00016709956709956732,0.1559265475863691,0.6942081416362131,0.15851029725212235,68
chr18,5728764,0.00016709956709956732,0.1559265475863691,0.6942081416362131,0.15851029725212235,68
chr18,5766075,5.882352941176455e-05,0.019492025989367483,0.8893902735754498,0.050907624331213264,68
chr18,5766196,-6.506238859180054e-05,0.02250112234404301,0.8812261592655335,0.054912619265202474,67
chr18,5766661,-8.996212121211977e-06,0.00042059671916803434,0.9837025837750739,0.007136187899593448,65
chr18,5790621,0.00019318181818181847,0.20737406155285082,0.6503057842796822,0.18688238305257254,69
chr18,5804366,-0.00019062500000000017,0.2009676998539853,0.6554316752931197,0.18347257413368,67
chr18,5804398,-0.00019062500000000017,0.2009676998539853,0.6554316752931197,0.18347257413368,67
chr18,5836038,-0.0002058080808080808,0.2373307785151558,0.627730761062786,0.20222658883775224,69
chr18,5846964,-6.313131313131144e-06,0.000232432830727984,0.9878814326544837,0.005295177106621799,69
chr18,5863519,0.0003112203112203115,0.5560834940745657,0.45841262902311164,0.3387434262948156,70
chr18,5863585,0.0003112203112203115,0.5560834940745657,0.45841262902311164,0.3387434262948156,70
chr18,5863611,0.0003112203112203115,0.5560834940745657,0.45841262902311164,0.3387434262948156,70
chr18,5867946,0.0003696078431372549,0.6993951167415435,0.40619870993652474,0.39126146022303454,64
chr18,5889079,-0.0002058080808080809,0.2373307785151558,0.627730761062786,0.20222658883775224,69
chr18,5902308,0.0002058080808080809,0.23733077851515577,0.627730761062786,0.20222658883775224,69
chr18,5929004,0.00013153153153153176,0.09168891600028925,0.7630078745095634,0.11747097995022573,67
chr18,5929137,0.00017131647776809104,0.15964572974155686,0.690772988823687,0.1606646529143259,68
chr18,5962329,-0.00015000000000000029,0.1203813003378743,0.729759603366734,0.1368201811474331,66
chr18,6013388,-0.00037777777777777766,0.8245961112999649,0.3672465283064624,0.4350423010366106,66
chr18,6104576,0.0005035650623885919,1.4335450066997848,0.23553503887719712,0.6279444768192214,67
chr18,6104580,0.0005035650623885919,1.4335450066997848,0.23553503887719712,0.6279444768192214,67
chr18,6104623,0.0005035650623885919,1.4335450066997848,0.23553503887719712,0.6279444768192214,67
chr18,6105918,0.0005071428571428568,1.4298219680313828,0.23627487219508841,0.6265824630789553,65
chr18,6105968,0.0006102941176470586,1.9821942581484076,0.16399839164310084,0.7851604111227373,66
chr18,6116980,0.000380392156862745,0.7640616322809819,0.38543375847684513,0.4140502500382709,64
chr19,10613,0.00024393939393939414,0.30510834930579256,0.5827158810477511,0.2345431457035347,63
chr19,10665,0.00024393939393939414,0.30510834930579256,0.5827158810477511,0.2345431457035347,63
chr19,32832,-0.0002741935483870969,0.3648375694327603,0.5481088655437216,0.26113317325059,62
chr19,32842,-0.0002741935483870969,0.3648375694327603,0.5481088655437216,0.26113317325059,62
chr19,90487,0.00018277310924369773,0.1873533262887848,0.6665187933278417,0.1761876006034445,69
chr19,90520,0.00018277310924369773,0.1873533262887848,0.6665187933278417,0.1761876006034445,69
chr19,90555,0.00018277310924369773,0.1873533262887848,0.6665187933278417,0.1761876006034445,69
chr19,99607,-7.359307359307377e-05,0.0295939145205372,0.8639412789760459,0.06351577497866744,68
chr19,111343,8.333333333333341e-05,0.03670198471530782,0.8486702768389465,0.07126100794574342,67
chr19,112816,0.00014285714285714298,0.1167983510821018,0.7335871477658289,0.13454828598481128,70
chr19,112828,0.00014285714285714298,0.1167983510821018,0.7335871477658289,0.13454828598481128,70
chr19,112834,-0.00014285714285714298,0.1167983510821018,0.7335871477658289,0.13454828598481128,70
chr19,150206,-0.0002810924369747897,0.44483225949521965,0.5070897968258475,0.29491512782091406,69
chr19,175597,9.007352941176484e-05,0.04367733956613082,0.8351188450863528,0.07825171602241761,66
chr19,276221,0.0002190476190476193,0.260006120116773,0.611816933686707,0.21337850691178406,68
chr19,280163,0.00022522522522522542,0.29010148898080057,0.5919143892368397,0.22774110234914635,70
chr19,280165,0.00022522522522522542,0.29010148898080057,0.5919143892368397,0.22774110234914635,70
chr19,280167,0.00022522522522522542,0.29010148898080057,0.5919143892368397,0.22774110234914635,70
chr19,280203,0.00022522522522522542,0.29010148898080057,0.5919143892368397,0.22774110234914635,70
chr19,280363,0.00022522522522522542,0.29010148898080057,0.5919143892368397,0.22774110234914635,70
chr19,288077,0.00022522522522522542,0.29010148898080057,0.5919143892368397,0.22774110234914635,70
chr19,298975,-0.0005701830863121185,1.8039435513740545,0.18383697590596443,0.7355671326840458,68
chr19,305176,0.0005801801801801801,1.8626118356218322,0.1770295850914804,0.7519541485066252,67
chr19,337410,-0.00029058441558441566,0.4551866899201872,0.5025173900875659,0.2988489044778439,61
chr19,591660,-0.000788398692810457,3.743685594094365,0.05716825648253818,1.2428450526966808,70
chr19,591720,0.0008396464646464646,4.1819778931178435,0.044786918126754345,1.3488488211586562,69
chr19,638703,-0.0007026143790849667,2.940012813977509,0.09096456013149068,1.041127776219379,70
chr19,678468,0.0007780507780507783,3.6314297075447506,0.06092660258452462,1.2151930385164478,70
chr19,686252,-0.0007221198156682028,2.8904462407550677,0.09396158808299467,1.0270496516448262,66
chr19,727828,0.0009599078341013826,5.213149090236259,0.02574664786535596,1.5892793067527173,66
chr19,804368,-0.00059946949602122,1.9710454735749052,0.16502505383963118,0.7824501168872336,68
chr19,862634,0.000460960960960961,1.0355182909540477,0.31282069990937544,0.5047045166129134,64
chr19,902467,-0.00041724137931034485,0.9572838992933635,0.3313918351038281,0.4796581960163669,69
chr19,921005,0.000637912087912088,2.2867627089299956,0.135820108556768,0.8670359267511283,61
chr19,939985,-0.00035566583953680733,0.720844474817566,0.39884614745818414,0.3991945985374916,70
chr19,939986,-0.00035566583953680733,0.720844474817566,0.39884614745818414,0.3991945985374916,70
chr19,963730,-0.0004558823529411764,1.1592350080153597,0.2860071251453856,0.5436231473857168,61
chr19,1004276,-0.0003754385964912283,0.7701073984464034,0.383367175668878,0.4163850746508197,68
chr19,1041621,-0.00035566583953680733,0.720844474817566,0.39884614745818414,0.3991945985374916,70
chr19,1041765,-0.00035566583953680733,0.720844474817566,0.39884614745818414,0.3991945985374916,70
chr19,1043080,-0.0002842664092664093,0.43577882772308807,0.5115732960964681,0.29109213358476843,65
chr19,1043156,-0.0002842664092664093,0.43577882772308807,0.5115732960964681,0.29109213358476843,65
chr19,1043168,-0.0002842664092664093,0.43577882772308807,0.5115732960964681,0.29109213358476843,65
chr19,1053588,0.00031666666666666676,0.5658959404320056,0.45449053721420585,0.34247515463879297,70
chr19,1069136,0.0002637931034482759,0.38396726736717823,0.5375892816145575,0.26954939877502176,69
chr19,1099872,0.00022050816696914718,0.2564857255332755,0.6142584438518423,0.21164886481441608,67
chr19,1128134,0.0004761904761904764,1.266884024219848,0.26430903214377965,0.5778879956152458,70
chr19,1128275,0.0004761904761904764,1.266884024219848,0.26430903214377965,0.5778879956152458,70
chr19,1240598,-0.000545966228893058,1.5836152621628892,0.2127421403058007,0.6721464758256229,67
chr19,1240795,-0.0004250871080139374,1.0072536996999646,0.31917263202607005,0.49597435500810627,69
chr19,1272357,-0.0007603189493433397,3.1717681164189377,0.07959380020682409,1.099120759408402,67
chr19,1272447,-0.0006969286359530262,2.727859133784792,0.10336191693202933,0.9856394449248169,68
chr19,1309461,-0.000628205128205128,2.1066963446341336,0.15139255359003814,0.8198954855643968,68
chr19,1422902,-0.0009583333333333332,5.077142274409238,0.02784970862796839,1.555179344186032,63
chr19,1535159,-0.0006343984962406016,2.1459516467639985,0.14784180146936704,0.8302027541634789,66
chr19,1549792,-0.0005424726661059718,1.6720081065770278,0.20036565944980889,0.6981767098977244,70
chr19,1581822,0.000603448275862069,2.080078261123001,0.15389102561358092,0.8127867059654227,69
chr19,1641908,0.0005705128205128205,1.6800141397478359,0.19965081388929617,0.6997289150368375,65
chr19,1641934,0.0005705128205128205,1.6800141397478359,0.19965081388929617,0.6997289150368375,65
chr19,1667550,-0.0005424726661059718,1.6720081065770278,0.20036565944980889,0.6981767098977244,70
chr19,1667551,-0.0005424726661059718,1.6720081065770278,0.20036565944980889,0.6981767098977244,70
chr19,1667563,0.0005424726661059717,1.6720081065770278,0.20036565944980889,0.6981767098977244,70
chr19,1667653,-0.0005424726661059718,1.6720081065770278,0.20036565944980889,0.6981767098977244,70
chr19,1667872,-0.00043849206349206346,1.0183475563495061,0.3168335072400395,0.4991688951382885,64
chr19,1713363,-0.00043461538461538475,1.055014668687445,0.3080490154247783,0.5113801749448099,69
chr19,1713433,-0.00043461538461538475,1.055014668687445,0.3080490154247783,0.5113801749448099,69
chr19,1713438,-0.00043461538461538475,1.055014668687445,0.3080490154247783,0.5113801749448099,69
chr19,1713454,-0.00043461538461538475,1.055014668687445,0.3080490154247783,0.5113801749448099,69
chr19,1715519,-0.0005916666666666667,1.9258949731075328,0.17002110175768034,0.7694971738676775,66
chr19,1730601,-0.00038461538461538467,0.8444836150949426,0.361365885335981,0.44205284931148714,70
chr19,1759140,-0.00022916666666666664,0.2952003042414435,0.5886838996411017,0.23011784187195555,70
chr19,1773963,0.00027801724137931045,0.4240515038265732,0.5171496233247799,0.2863837873060234,69
chr19,1788765,-0.0003064814814814816,0.4908200722583905,0.4860620269068302,0.31330830640745444,67
chr19,1855239,-0.00014166666666666662,0.11250865913631913,0.7383385839759431,0.13174443569510635,70
chr19,1855338,0.00016976127320954927,0.153379865034613,0.69658779146695,0.15702414134059944,68
chr19,1907688,4.1666666666666245e-06,9.716520514001796e-05,0.9921640492514969,0.0034165135370451192,70
chr19,1907785,4.1666666666666245e-06,9.716520514001796e-05,0.9921640492514969,0.0034165135370451192,70
chr19,1949374,-0.00018319838056680144,0.16169235893346956,0.6889860786317551,0.16178955317871688,64
chr19,1951146,9.166666666666665e-05,0.047060438460526856,0.8289091874073828,0.0814930467334522,70
chr19,1951187,-9.166666666666653e-05,0.047060438460526856,0.8289091874073828,0.0814930467334522,70
chr19,1964198,-6.574074074074067e-05,0.021986101179479006,0.8825831159000872,0.05424438500299096,67
chr19,2156766,-5.444646098003577e-06,0.00015503921166933063,0.9901035566029209,0.0043193794335867515,67
chr19,2177461,-0.00020641762452107274,0.2332147392512791,0.6308242999244541,0.20009158560338097,65
chr19,2177560,-0.00017586206896551723,0.16555002956580633,0.6854985532956139,0.1639934574264668,64
chr19,2381230,0.00017314189189189194,0.16850442066957227,0.6827542143333302,0.16573561047631183,69
chr19,2387385,-0.00022522522522522528,0.290101488980796,0.5919143892368397,0.22774110234914635,70
chr19,2434430,6.7226890756302055e-06,0.00025254055622884363,0.9873681594732098,0.005520881965634898,69
chr19,2474921,3.282828282828282e-05,0.0059715960241398585,0.9386342100721573,0.027503621256262524,69
chr19,2474932,3.282828282828282e-05,0.0059715960241398585,0.9386342100721573,0.027503621256262524,69
chr19,2474947,3.282828282828282e-05,0.0059715960241398585,0.9386342100721573,0.027503621256262524,69
chr19,2474955,3.282828282828282e-05,0.0059715960241398585,0.9386342100721573,0.027503621256262524,69
chr19,2513160,0.0003006628787878787,0.469494568173962,0.4957332564505683,0.3047519453101032,65
chr19,2513231,0.0003006628787878787,0.469494568173962,0.4957332564505683,0.3047519453101032,65
chr19,2523591,-9.546643417611151e-05,0.04949219864010827,0.8246362711421641,0.08373756692677768,68
chr19,2523611,-9.546643417611151e-05,0.04949219864010827,0.8246362711421641,0.08373756692677768,68
chr19,2523634,-9.546643417611151e-05,0.04949219864010827,0.8246362711421641,0.08373756692677768,68
chr19,2523645,-9.546643417611151e-05,0.04949219864010827,0.8246362711421641,0.08373756692677768,68
chr19,2532562,4.3402777777777834e-05,0.010339530116607265,0.9193162085110772,0.036535082747574485,68
chr19,2532944,0.00011140819964349388,0.06965651937354755,0.792672513805644,0.10090620085730898,67
chr19,2545508,-0.00011428571428571434,0.07470475144191394,0.785434361338399,0.10489010304875966,70
chr19,2545773,-0.00018109243697478992,0.18690502894440605,0.6668934224539118,0.17594356599124011,69
chr19,2545837,-0.00018109243697478992,0.18690502894440605,0.6668934224539118,0.17594356599124011,69
chr19,2545841,-0.00018109243697478992,0.18690502894440605,0.6668934224539118,0.17594356599124011,69
chr19,2546057,0.0001464285714285715,0.1132750500467037,0.7375301093436639,0.13222024510588648,67
chr19,2560814,2.1848739495798335e-05,0.0027469734892675035,0.9583567042160911,0.01847281468010838,69
chr19,2602184,6.550802139037435e-05,0.022964508370584093,0.8800187614641406,0.05550806885722584,67
chr19,2676885,9.49197860962568e-05,0.04838285037273906,0.8265908705119177,0.08270939570104693,67
chr19,2717547,0.0002984848484848487,0.4404049863535553,0.5094274880567762,0.29291762476444705,63
chr19,2745042,2.058823529411757e-05,0.002352552895075299,0.9614595729452403,0.01706897207648052,69
chr19,2762329,-0.0001281250000000001,0.0899026316844256,0.7652577460408525,0.116192265721777,67
chr19,2762799,7.272727272727282e-05,0.029405134760274596,0.8643716194740266,0.06329950105321966,68
chr19,2778903,-4.493464052287582e-05,0.011528398278418483,0.9148113153775226,0.03866847220736775,70
chr19,2796600,2.7272727272727077e-05,0.004064547914353471,0.9493589593573997,0.022569546695884995,68
chr19,2832561,6.595365418894849e-05,0.023973868389160692,0.8774312123465674,0.056786920753070076,67
chr19,2841890,-0.00022474747474747497,0.2878268787818474,0.5933934519105505,0.2266572504270056,69
chr19,2842100,-0.0002500000000000001,0.3519577813042041,0.5550346025610882,0.25567994078201917,68
chr19,2842201,-0.00016554621848739504,0.1524443927737396,0.6974489123759269,0.15648759864332845,69
chr19,2842441,-0.00016554621848739504,0.1524443927737396,0.6974489123759269,0.15648759864332845,69
chr19,2849821,-0.00025,0.34673695691692485,0.5579761318665732,0.2533843781598092,68
chr19,2866307,-0.00014285714285714292,0.11679835108210179,0.7335871477658289,0.13454828598481128,70
chr19,2878831,-0.0002544642857142858,0.3481120011235349,0.5572294247367562,0.2539659585377395,67
chr19,2879470,0.000180672268907563,0.18289859796885238,0.6702654404826687,0.17375317266148319,69
chr19,2887666,0.0002500000000000001,0.3494814760526226,0.556426102096768,0.25459250533221806,68
chr19,2887993,-0.00011143695014662756,0.07271856941111232,0.7883144023378138,0.10330053889607668,64
chr19,2895104,0.00014285714285714292,0.11679835108210179,0.7335871477658289,0.13454828598481128,70
chr19,2895163,0.00014285714285714292,0.11679835108210179,0.7335871477658289,0.13454828598481128,70
chr19,2982037,-0.0001764705882352942,0.17365882180967934,0.6782325971588502,0.16862134103093715,68
chr19,2986505,-0.0001533613445378152,0.13078702253742294,0.7187554498146405,0.1434188493416832,69
chr19,2990979,0.0001092436974789917,0.0667526793480838,0.796916947403711,0.09858693727858517,69
chr19,3022659,5.255681818181829e-05,0.014694042359499332,0.9039033906849089,0.04387798449647716,65
chr19,3022856,-5.255681818181829e-05,0.014694042359499332,0.9039033906849089,0.04387798449647716,65
chr19,3028011,-4.069264069264056e-05,0.0089899426889153,0.9247488074598067,0.03397622007091851,68
chr19,3051294,-4.174573055028482e-05,0.009039032184432713,0.9245579479997731,0.03406586362016875,65
chr19,3051841,1.2254901960784291e-05,0.0008573496297005055,0.9767266197801778,0.010226975825708858,70
chr19,3056820,5.323505323505328e-05,0.016142303989419442,0.8992739077382159,0.04610800737571583,70
chr19,3068371,5.9907834101382406e-05,0.01925923868314996,0.8900616066327972,0.050579932125089946,66
chr19,3079221,0.00010332661290322575,0.05319728988027635,0.8183621202566265,0.08705448113393659,63
chr19,3135888,0.00022857142857142849,0.29980710939652827,0.5857961339437144,0.23225349884160343,70
chr19,3165964,-0.00015210084033613432,0.13338618982310227,0.7160970607387558,0.1450281088564052,69
chr19,3167412,-0.0002156862745098039,0.24839254721870405,0.6198915143132984,0.20768430865912738,67
chr19,3195356,0.0002156862745098039,0.24839254721870405,0.6198915143132984,0.20768430865912738,67
chr19,3195395,0.0002156862745098039,0.24839254721870405,0.6198915143132984,0.20768430865912738,67
chr19,3195886,-0.00021092436974789897,0.24834423624298446,0.6198753896924656,0.2076956056760557,69
chr19,3195911,-0.00021092436974789897,0.24834423624298446,0.6198753896924656,0.2076956056760557,69
chr19,3244699,-0.0002831168831168833,0.45461586893731387,0.5025059112748398,0.29885882501405275,68
chr19,3244713,0.0002831168831168832,0.45461586893731387,0.5025059112748398,0.29885882501405275,68
chr19,3269141,-0.00033907563025210066,0.6492401250810315,0.4232350428223064,0.37341838096744384,69
chr19,3270440,-0.0003088235294117646,0.5373878364905267,0.4661130957352655,0.3315086951243422,68
chr19,3329787,-0.00036874999999999994,0.7761130327874045,0.38157849306670144,0.418416111446125,67
chr19,3329835,-0.00036874999999999994,0.7761130327874045,0.38157849306670144,0.418416111446125,67
chr19,3331091,-0.00032077205882352937,0.5764067230631427,0.4505115504335263,0.3462940698897163,66
chr19,3367064,0.0001593137254901958,0.14519964319196463,0.7043535584737113,0.1522092869516584,70
chr19,3367602,0.00019621848739495787,0.21583411018005,0.6437388294543304,0.19129029402599193,69
chr19,3367679,-0.0001962184873949579,0.21583411018005,0.6437388294543304,0.19129029402599193,69
chr19,3379034,0.0001593137254901958,0.14519964319196463,0.7043535584737113,0.1522092869516584,70
chr19,3406870,-0.00029074529074529066,0.48481697518493194,0.4886217176765234,0.3110272339293799,70
chr19,3415701,0.00017876344086021498,0.17784678836033385,0.6746217243403461,0.17093967766027218,67
chr19,3415785,-0.00021072635135135104,0.2551980660521796,0.6150962630569248,0.2110569114719224,69
chr19,3417261,-0.0001317972350230415,0.09330089884926447,0.7610132306977782,0.118607792678721,66
chr19,3422646,0.00040909090909090886,0.9476165531691995,0.33382822979106397,0.4764769405025129,69
chr19,3532584,0.0002866161616161615,0.45826543304840467,0.500766403708354,0.3003648155274709,69
chr19,3554061,-0.0002854251012145748,0.4109835956255021,0.5238334420436923,0.28080677923757974,64
chr19,3554128,-0.0004459459459459459,0.9849974496853107,0.3248257989408604,0.48834948468733835,64
chr19,3554144,-0.00031410256410256395,0.5078069660092298,0.4787207976308825,0.31991770454202106,65
chr19,3576368,-0.0005044802867383511,1.3611152419451347,0.24760684248853834,0.6062373579800528,67
chr19,3579140,-0.0004796264855687606,1.2971063616209253,0.2587982420398767,0.5870386780611966,69
chr19,3603546,0.0004619805481874447,1.1620814687011434,0.2849585442865702,0.5452183164726503,68
chr19,3607917,0.00045945945945945936,1.1311106893570333,0.2915349926793093,0.5353093098056674,66
chr19,3607943,0.0004473684210526314,1.1006932307462307,0.2979993003274069,0.5257847556026141,67
chr19,3607999,0.0004473684210526314,1.1006932307462307,0.2979993003274069,0.5257847556026141,67
chr19,3611714,0.0004117647058823528,0.8625454270139303,0.3566291313115576,0.4477831842926797,64
chr19,3616789,0.0003875212224108659,0.8570719204204897,0.35788209293008155,0.4462600315239767,69
chr19,3617629,-0.0004425144747725393,1.122386575856804,0.29315386983025427,0.5329043684591176,70
chr19,3617654,0.0004425144747725393,1.122386575856804,0.29315386983025427,0.5329043684591176,70
chr19,3617724,-0.0004269230769230768,1.011674015918937,0.31812095241492894,0.49740772599317545,69
chr19,3623871,-0.0003240495137046862,0.5837386018036949,0.4475734969563264,0.349135638109729,68
chr19,3644914,0.0004169691470054445,0.9896239271646181,0.32352328990766266,0.4900944497269541,67
chr19,3645068,0.00031043956043956024,0.5207963601323803,0.47309023801717753,0.32505601331058226,67
chr19,3697708,0.00017261904761904764,0.16424797979226113,0.6866060798554826,0.16329235524176253,67
chr19,3729117,-0.00018543956043956037,0.18817082890577078,0.6658797811371089,0.17660417188309058,67
chr19,3733646,0.0003461538461538461,0.6654160229529861,0.41754495927746693,0.37929675487531095,69
chr19,3755872,0.0003722527472527472,0.7657229234831222,0.3847654925785159,0.4148038842816694,67
chr19,3760142,-0.00048248847926267267,1.2608777417568284,0.2656797767776443,0.575641502300811,66
chr19,3779527,0.0005044208664898321,1.4324602571475484,0.2356448000025069,0.6277421394186012,68
chr19,3779752,-0.000504420866489832,1.4324602571475484,0.2356448000025069,0.6277421394186012,68
chr19,3779786,-0.000504420866489832,1.4324602571475484,0.2356448000025069,0.6277421394186012,68
chr19,3781243,-0.0004945054945054944,1.3379470411845353,0.2516297692150342,0.5992379807107653,67
chr19,3781294,-0.0004945054945054944,1.3379470411845353,0.2516297692150342,0.5992379807107653,67
chr19,3894144,0.00041666666666666653,0.9657411164570217,0.3292282872685748,0.48250285730888165,70
chr19,3960398,6.794871794871779e-05,0.02559049256289855,0.8733857865907635,0.058793880030236334,69
chr19,4001384,-1.6111111111111294e-05,0.0012498501572759393,0.9719174266976657,0.012370630807140206,61
chr19,4021827,8.39285714285716e-05,0.03845913390581255,0.8451266428091978,0.07307820684665431,68
chr19,4023564,8.355437665782512e-05,0.03878353094363713,0.8444833358994461,0.07340891589560211,68
chr19,4025273,4.3582375478927387e-05,0.009787583273478725,0.9215062108598012,0.03550173333362185,65
chr19,4038306,-5.855855855855704e-06,0.00018288103338221504,0.989251678296233,0.00469320426721675,67
chr19,4038381,-2.1794871794871684e-05,0.002612092465078681,0.9593910240666959,0.018004349051838755,69
chr19,4038382,-5.3508771929824454e-05,0.015445530207481297,0.9014712844121547,0.04504810279623314,68
chr19,4038462,-1.1111111111110985e-05,0.0006634470479845771,0.9795309337897578,0.008981844342992918,66
chr19,4038566,2.9693486590038314e-05,0.004612344915301634,0.9460689851313959,0.02407719470859768,65
chr19,4064198,-2.1978021978022015e-05,0.0024199990361021837,0.9609312593468777,0.017307678672876553,61
chr19,4088291,2.179487179487169e-05,0.002612092465078681,0.9593910240666959,0.018004349051838755,69
chr19,4092518,-7.849364791288545e-05,0.03235867070274346,0.8578023482646181,0.06661276919863625,67
chr19,4092538,-7.849364791288545e-05,0.03235867070274346,0.8578023482646181,0.06661276919863625,67
chr19,4092628,9.63748894783379e-05,0.05214313604909503,0.8200811741623435,0.08614315768217143,68
chr19,4092659,9.63748894783379e-05,0.05214313604909503,0.8200811741623435,0.08614315768217143,68
chr19,4159307,-5.416666666666653e-05,0.01642486254253844,0.8984010096382731,0.046529768678828895,70
chr19,4191234,-9.511993382961125e-05,0.05105599269217542,0.8219136330649369,0.08517381585892735,70
chr19,4268474,-9.546643417611147e-05,0.04949219864010828,0.8246362711421641,0.08373756692677768,68
chr19,4359028,0.00023063063063063054,0.289147159643535,0.5926039239906155,0.22723547711882772,67
chr19,4374102,0.0001397435897435896,0.10755320832093195,0.7439698135587371,0.1284446855170637,69
chr19,4377515,9.511993382961125e-05,0.05105599269217542,0.8219136330649369,0.08517381585892735,70
chr19,4381149,9.511993382961125e-05,0.05105599269217542,0.8219136330649369,0.08517381585892735,70
chr19,4381164,9.511993382961125e-05,0.05105599269217542,0.8219136330649369,0.08517381585892735,70
chr19,4463642,0.00020118845500848904,0.22484515067126018,0.636914434874706,0.19591890825770217,69
chr19,4491305,9.009009009009009e-05,0.046250494657697705,0.8303647963855558,0.08073107117622587,70
chr19,4550581,-8.333333333333322e-05,0.03547932932292291,0.851200216185001,0.0699682747483444,65
chr19,4583006,0.0002620802620802622,0.3934060197358422,0.5326149033012203,0.2735866855671346,70
chr19,4583014,0.0002670995670995671,0.39214573980281026,0.5333335200095433,0.2730011200529245,68
chr19,4589207,-0.0001670995670995671,0.15592654758636587,0.6942081416362267,0.15851029725211388,68
chr19,4589431,-0.0003897321428571428,0.8775666716876481,0.35233669124901734,0.45304212838488606,67
chr19,4589446,-0.0003897321428571428,0.8775666716876481,0.35233669124901734,0.45304212838488606,67
chr19,4589455,0.00038973214285714273,0.8775666716876481,0.35233669124901734,0.45304212838488606,67
chr19,4589510,-0.0003897321428571428,0.8775666716876481,0.35233669124901734,0.45304212838488606,67
chr19,4658263,-0.0004558823529411764,1.1484807880346266,0.28777058858270227,0.5409535949336545,68
chr19,4715765,-0.0004545454545454545,1.0899182561307874,0.3004167090257105,0.5222759157562346,66
chr19,4743866,-0.00038235294117647055,0.8253662868136682,0.36692138078413206,0.435426980841425,68
chr19,4834720,-0.0004436974789915965,1.1194228213404196,0.2938425352942124,0.531885337523039,69
chr19,4847565,0.00038333333333333334,0.7326119352386329,0.3954432241693264,0.40291586159735326,62
chr19,4849945,0.0005151260504201679,1.5163158361974423,0.22248268463282678,0.6527037836090706,69
chr19,4850103,0.0004900432900432901,1.3406478075345927,0.25109269578536186,0.6001659206054784,68
chr19,4898994,0.0004991087344028523,1.3494435961506726,0.2496233964058335,0.602714712043463,67
chr19,4912045,0.00044369747899159655,1.1194228213404285,0.2938425352942124,0.531885337523039,69
chr21,388266,0.00018449197860962558,0.19783050113565667,0.6579553086186781,0.18180360468310228,67
chr21,519622,-8.701298701298688e-05,0.042103656560903154,0.8380538500043623,0.07672807443850767,68
chr21,519757,-0.00011116071428571414,0.06680708194704704,0.7968603904399647,0.09861776012528439,67
chr21,524352,0.00011056511056511042,0.06968641114982616,0.7925923004155678,0.10095015090578295,70
chr21,529083,5.80357142857128e-06,0.00017969409015500978,0.9893457359876046,0.004651913668048749,67
chr21,529882,-0.000146306818181818,0.11671430562997347,0.7337627195860836,0.13444435729708007,65
chr21,598330,-0.00011056511056511042,0.06968641114982616,0.7925923004155678,0.10095015090578295,70
chr21,603635,-8.28598484848483e-05,0.03509459465481633,0.8519996097968945,0.06956060413364537,65
chr21,607210,1.4662756598241567e-06,1.0872777744539166e-05,0.9973796554205137,0.0011394947788957493,64
chr21,617983,-3.4374999999999846e-05,0.00649788799461037,0.9360002127770165,0.028724052535534044,67
chr21,787541,3.923278116826664e-06,8.494833691937788e-05,0.99267401090112,0.0031933481919893558,68
chr21,797443,-0.000101851851851852,0.04999898389817242,0.8238122146815291,0.08417177303818449,63
chr21,797889,0.0001746242263483646,0.16506044899250275,0.6858539200690008,0.16376837476510023,68
chr21,919176,0.00012260536398467456,0.07910905438579006,0.7794301808456884,0.10822278160598106,65
chr21,952531,0.0002744360902255641,0.3936610773952246,0.5326134286408115,0.2735878880076988,66
chr21,1019948,7.287644787644798e-05,0.027410792650283074,0.8690317610439077,0.06096435083091577,65
chr21,1019954,7.287644787644798e-05,0.027410792650283074,0.8690317610439077,0.06096435083091577,65
chr21,1020052,8.574091332712055e-05,0.038953560282463384,0.8441661859445269,0.07357204800228863,66
chr21,1020077,-8.57409133271204e-05,0.038953560282463384,0.8441661859445269,0.07357204800228863,66
chr21,1051353,0.00014319923371647534,0.10691760885149902,0.7447650085525732,0.12798073609427285,65
chr21,1051428,0.00019722222222222233,0.20718890741990584,0.6505201241484766,0.18673926378886693,66
chr21,1069482,-0.00015025466893039063,0.12522450013986872,0.7245469434633182,0.1399334713016829,69
chr21,1072091,0.00015025466893039063,0.12522450013986872,0.7245469434633182,0.1399334713016829,69
chr21,1105787,0.000244871794871795,0.3338770853598229,0.5653219480824114,0.24770415314585476,69
chr21,1118871,0.00015025466893039063,0.12522450013986872,0.7245469434633182,0.1399334713016829,69
chr21,1128241,0.00016470588235294138,0.13482647415604118,0.7147297130009591,0.14585816287697095,64
chr21,1128285,-0.00016470588235294138,0.13482647415604118,0.7147297130009591,0.14585816287697095,64
chr21,1156324,0.00014104729729729745,0.110788648059427,0.7402873209829546,0.13059968878380276,69
chr21,1192261,-0.0004149159663865546,0.8498328975157697,0.3602917123988687,0.44334572761052937,62
chr21,1194623,0.00013600697471665232,0.09976130716469811,0.7531129265782704,0.12313989801884895,68
chr21,1200483,4.035087719298275e-05,0.008741544569884619,0.9257925954638742,0.03348629704860703,68
chr21,1228627,-0.00025082236842105293,0.3586759207099216,0.5512325138694696,0.2586651739421512,70
chr21,1229029,-0.00024131944444444453,0.31742466993271995,0.5750686865247536,0.24028027983707545,68
chr21,1229052,-0.00024131944444444453,0.31742466993271995,0.5750686865247536,0.24028027983707545,68
chr21,1238305,-0.0002604166666666669,0.3750920680530649,0.5423460968388598,0.26572348103026433,68
chr21,1266178,0.00020075757575757587,0.22578679204311944,0.6362110293705572,0.1963988062232297,69
chr21,1266550,0.00016405529953917057,0.16223530542209902,0.6884491205620823,0.1621281505060123,66
chr21,1266561,-0.00016405529953917057,0.16223530542209902,0.6884491205620823,0.1621281505060123,66
chr21,1273172,0.0003633512544802868,0.7123826346653146,0.4017496365192015,0.39604450749001047,67
chr21,1287584,-0.00023529411764705894,0.3045860974906271,0.5828855123750262,0.234416738939903,68
chr21,1289259,0.0003787878787878789,0.7666947788085523,0.38451597138662164,0.415085616484079,66
chr21,1292240,0.0002601102941176473,0.36621387344152706,0.5472151662113556,0.26184187453606234,66
chr21,1295950,-0.00026018808777429495,0.3226378864437071,0.5721462807976996,0.24249292082004242,62
chr21,1296136,-0.00011693548387096786,0.06951524562929742,0.7929325344000017,0.10076376247336108,63
chr21,1296563,0.00036505681818181824,0.6973777791806111,0.40682198027604877,0.3905955905213802,65
chr21,1321417,0.00027272727272727285,0.3991069366386913,0.5298010330115015,0.2758871992461161,66
chr21,1355776,4.216216216216212e-05,0.008735288872825214,0.9258473271582124,0.03346062286373683,62
chr21,1398645,0.00018193277310924374,0.18459100117908708,0.6688357320546228,0.17468053308755488,69
chr21,1403937,0.00012478991596638674,0.0872063212421604,0.7686724598851583,0.11425867862133471,69
chr21,1403938,0.00012478991596638674,0.0872063212421604,0.7686724598851583,0.11425867862133471,69
chr21,1404120,-0.00012478991596638676,0.0872063212421604,0.7686724598851583,0.11425867862133471,69
chr21,1445181,-0.00021590909090909093,0.2632849121649879,0.6095601003167882,0.21498346814378144,69
chr21,1463325,0.0001593137254901961,0.14519964319196466,0.7043535584737113,0.1522092869516584,70
chr21,1467872,0.0002323529411764707,0.2755452864011695,0.6015080433543931,0.22075856090755552,64
chr21,1504965,0.0002825552825552828,0.45770678365936657,0.5009925110106717,0.30016876605101644,70
chr21,1505098,-0.0002825552825552828,0.45770678365936657,0.5009925110106717,0.30016876605101644,70
chr21,1505110,-0.0002825552825552828,0.45770678365936657,0.5009925110106717,0.30016876605101644,70
chr21,1545119,0.00032196969696969704,0.583836975517624,0.44749488087808875,0.34921192843547566,69
chr21,1554214,-0.00032516891891891896,0.5930529899683381,0.4439478520753656,0.35266804088987674,69
chr21,1557014,0.0003636363636363639,0.731533528620059,0.3954808673619341,0.402874522027556,68
chr21,1583836,-0.00035539215686274496,0.728749066572203,0.39628620363462397,0.40199104699371757,70
chr21,1591933,-0.0002676470588235294,0.3798369054852767,0.5399468761595886,0.26764896707643016,64
chr21,1598205,0.0003685503685503688,0.7824005891016241,0.37952490504009284,0.4207597197247843,70
chr21,1614312,-0.00040909090909090913,0.9476165531691996,0.33382822979106397,0.4764769405025129,69
chr21,1620203,-0.00033870967741935496,0.6173677069199447,0.43488205260468904,0.3616285151113547,67
chr21,1622098,0.0003685503685503688,0.7824005891016241,0.37952490504009284,0.4207597197247843,70
chr21,1622216,0.00043750000000000006,1.054909209524847,0.30812875741562906,0.5112677674276217,68
chr21,1667288,0.0001477272727272728,0.12206901756163635,0.7278969718695214,0.13793008732847234,69
chr21,1671402,0.0001503378378378379,0.12589255744498626,0.7238438146039364,0.1403551323844863,69
chr21,1671558,0.0001503378378378379,0.12589255744498626,0.7238438146039364,0.1403551323844863,69
chr21,1682161,-0.0001330645161290324,0.09391508554319626,0.7602372317817273,0.11905086511780585,67
chr21,1691341,0.0001477272727272728,0.12206901756163635,0.7278969718695214,0.13793008732847234,69
chr21,1693305,-3.6458333333333336e-05,0.007323784181623078,0.9320600883301646,0.030556088516173318,68
chr21,1695948,-0.00017013888888888884,0.1582522012760745,0.6920546022989014,0.1598596388646227,68
chr21,1699780,-0.00017187500000000007,0.16063993134014148,0.689862598438213,0.16123740010662113,68
chr21,1699874,-0.00017187500000000007,0.16063993134014148,0.689862598438213,0.16123740010662113,68
chr21,1699886,-0.00017187500000000007,0.16063993134014148,0.689862598438213,0.16123740010662113,68
chr21,1734903,8.065953654188956e-05,0.03614615344542992,0.849806498157776,0.07067995234361574,67
chr21,1734945,8.065953654188956e-05,0.03614615344542992,0.849806498157776,0.07067995234361574,67
chr21,1735353,-0.00021176470588235295,0.25174449812131233,0.6174942099679175,0.20936711028007418,69
chr21,1811255,-0.00011452762923351162,0.07175543485555068,0.7896460334148816,0.1025675418539671,67
chr21,1853755,-0.00015151515151515154,0.11929615269907697,0.7309318002930563,0.1361231430669569,66
chr21,1864253,-0.00017003676470588234,0.14846273225514808,0.7012864348728116,0.15410456166711195,66
chr21,1874015,-0.00014267676767676767,0.1138511542972358,0.7368563591214217,0.13261716413671967,69
chr21,1938716,0.00032672811059907827,0.6149959405002284,0.43580591811089375,0.36070687646366617,66
chr21,2055093,-2.525252525252519e-05,0.0035333601939024147,0.9527769458465716,0.021008759934966828,69
chr21,2079959,0.0001691176470588234,0.15960475948030312,0.6908507929923906,0.16061573956813502,66
chr21,2083391,-5.481283422459888e-05,0.016258836289026062,0.8989303090682396,0.04627397629824582,67
chr21,2093766,2.268907563025208e-05,0.002856685655090343,0.9575340318112323,0.018845781782129627,69
chr21,2101965,8.403361344537746e-06,0.00039191737679759154,0.9842642267393713,0.006888299118631054,69
chr21,2121237,3.47222222222226e-06,6.490600921469376e-05,0.9935962738133708,0.002790045856430223,68
chr21,2204727,-1.666666666666668e-05,0.0012941228970505462,0.9714266817693901,0.012589972114707776,60
chr21,2204759,-1.666666666666668e-05,0.0012941228970505462,0.9714266817693901,0.012589972114707776,60
chr21,2240524,0.00011974584555229708,0.07112410466819968,0.7905920775110299,0.1020475420174374,64
chr21,2277053,0.0001176470588235295,0.07706904101590809,0.7821771186980406,0.10669489276707252,68
chr21,2277260,-0.00018716577540106967,0.19447171164210808,0.6606839590405876,0.18000623743979394,67
chr21,2320553,-1.6339869281045814e-05,0.0015241920661319282,0.9689721729766865,0.013688694875139703,70
chr21,2320556,-1.6339869281045814e-05,0.0015241920661319282,0.9689721729766865,0.013688694875139703,70
chr21,2360666,-8.585858585858605e-05,0.04191951228488816,0.8383939914909649,0.07655184280270183,69
chr21,2360859,-1.6129032258064334e-05,0.0014100394811054546,0.9701707407281351,0.013151827351606546,62
chr21,2397257,-0.0002215909090909091,0.26298388535410605,0.6098710579984243,0.21476197600419436,65
chr21,2462578,-3.445378151260502e-05,0.00669003697883824,0.9350554596171956,0.029162629671419346,69
chr21,2544252,2.0168067226890562e-05,0.0022749265741980767,0.9621002612031216,0.016779667444133894,69
chr21,2544330,-2.0168067226890562e-05,0.0022749265741980767,0.9621002612031216,0.016779667444133894,69
chr21,2544381,1.6339869281045835e-05,0.0015241920661319282,0.9689721729766865,0.013688694875139703,70
chr21,2602953,1.4705882352941292e-05,0.001182753306333076,0.9726690168321457,0.0120349178174736,68
chr21,2602957,1.4705882352941292e-05,0.001182753306333076,0.9726690168321457,0.0120349178174736,68
chr21,2602993,-1.4705882352941292e-05,0.001182753306333076,0.9726690168321457,0.0120349178174736,68
chr21,2603008,-1.4705882352941292e-05,0.001182753306333076,0.9726690168321457,0.0120349178174736,68
chr21,2617486,1.6339869281045835e-05,0.0015241920661319282,0.9689721729766865,0.013688694875139703,70
chr21,2632081,-7.3529411764706e-05,0.029859929783921907,0.8633372659320477,0.06381951237350944,68
chr21,2705294,8.57142857142858e-05,0.04200123533045135,0.8382296440649908,0.07663698436808422,70
chr21,2709901,-0.0001515151515151516,0.12142369279805879,0.728639160560947,0.13748749139976485,66
chr21,2721744,8.57142857142858e-05,0.04200123533045135,0.8382296440649908,0.07663698436808422,70
chr21,2721798,-8.57142857142858e-05,0.04200123533045135,0.8382296440649908,0.07663698436808422,70
chr21,2728119,-0.0001617647058823531,0.14473159592591492,0.7048434208061972,0.15190734972132336,68
chr21,2744179,0.00024033613445378162,0.32211205246770086,0.5722380539937716,0.24242326486353477,69
chr21,2760886,-0.0003194103194103196,0.5859916782246912,0.4466222034323669,0.3500596901574158,70
chr21,2794635,-0.00023479729729729732,0.31053498327390333,0.5792090570115889,0.23716465575531157,69
chr21,2808744,0.0002986111111111111,0.48356150813306525,0.4892547554231511,0.31046494442520545,68
chr21,2808760,0.0002986111111111111,0.48356150813306525,0.4892547554231511,0.31046494442520545,68
chr21,2808801,0.0002986111111111111,0.48356150813306525,0.4892547554231511,0.31046494442520545,68
chr21,2846437,0.00019823232323232316,0.21889141853305252,0.6414042279766992,0.19286818163723504,69
chr21,2846679,1.2784090909090968e-05,0.0009356364164190412,0.975694670808466,0.01068606709654739,65
chr21,2863496,0.00020357142857142858,0.22405565292672514,0.6375528136771932,0.1954838332649379,67
chr21,2863522,-0.0002035714285714286,0.22405565292672514,0.6375528136771932,0.1954838332649379,67
chr21,2867436,-7.352941176470592e-05,0.03087821269639516,0.8610346079105984,0.06497939242259945,70
chr21,2868639,7.352941176470589e-05,0.03087821269639516,0.8610346079105984,0.06497939242259945,70
chr21,2899739,-8.915441176470593e-05,0.04204872162113062,0.838177720380813,0.07666388733928799,66
chr21,2906952,-0.00017245989304812836,0.16095377435198396,0.6895957857746372,0.1614054012152649,67
chr21,2914195,3.781512605042031e-05,0.007998471933720127,0.9290036729018437,0.03198256897960897,69
chr21,2914196,7.352941176470589e-05,0.03087821269639516,0.8610346079105984,0.06497939242259945,70
chr21,2914229,7.352941176470589e-05,0.03087821269639516,0.8610346079105984,0.06497939242259945,70
chr21,2946592,-0.0002780748663101606,0.4403945577094993,0.5092790533788254,0.29304418596611065,67
chr21,2947907,0.0001378151260504203,0.10811963435093158,0.743320725346035,0.12882375798416842,69
chr21,2966124,0.00020735930735930753,0.24284710198179388,0.6237928494245911,0.20495960789442721,68
chr21,2984889,4.9159663865546304e-05,0.013518531120797435,0.907786982888822,0.04201604906627704,69
chr21,3087678,6.728110599078355e-05,0.024567030364689435,0.8759441633590607,0.05752357684324274,66
chr21,3126281,0.00021241830065359476,0.25856211385552724,0.6127555140514932,0.21271277193820742,70
chr21,3126290,-0.00021241830065359466,0.25856211385552724,0.6127555140514932,0.21271277193820742,70
chr21,3126320,-0.00021241830065359466,0.25856211385552724,0.6127555140514932,0.21271277193820742,70
chr21,3143848,0.0003490990990990994,0.6476953637516887,0.4238718595995399,0.37276541482198017,67
chr21,3143862,0.0003490990990990994,0.6476953637516887,0.4238718595995399,0.37276541482198017,67
chr21,3144125,0.0003490990990990994,0.6476953637516887,0.4238718595995399,0.37276541482198017,67
chr21,3148022,0.0002598039215686276,0.3469570386709355,0.5579808970078894,0.25338066928119546,64
chr21,3148042,0.0002598039215686276,0.3469570386709355,0.5579808970078894,0.25338066928119546,64
chr21,3148045,-0.0002598039215686276,0.3469570386709355,0.5579808970078894,0.25338066928119546,64
chr21,3148052,-0.0002598039215686276,0.3469570386709355,0.5579808970078894,0.25338066928119546,64
chr21,3161374,-0.0006985294117647055,2.9044700537163646,0.09290000502011872,1.0319842625380073,70
chr21,3174634,-0.0006857142857142857,2.7969151670951202,0.09904130896262173,1.0041836285068426,70
chr21,3207473,0.0004940577249575556,1.3791992193909577,0.24439491060712185,0.6119078422848727,69
chr21,3236805,-0.000574702886247878,1.8781719030084663,0.17511637311057188,0.7566732461544725,69
chr21,3236806,-0.000574702886247878,1.8781719030084663,0.17511637311057188,0.7566732461544725,69
chr21,3271281,-0.0002973684210526316,0.4808722819171568,0.49046078961861994,0.30939570700562885,68
chr21,3271346,-0.0002577132486388385,0.35133694125683035,0.5554139234923132,0.2553832372611556,67
chr21,3361703,-0.0002709677419354841,0.3913715923390868,0.5338039083138855,0.2726182507940333,66
chr21,3368641,0.00024704391891891905,0.34133756817406274,0.5610202376639206,0.25102147217121673,69
chr21,3396851,-0.00038257575757575795,0.8226173936312954,0.36766653849644815,0.43454589367646645,69
chr21,3396864,-0.000355392156862745,0.7287490665722032,0.39628620363462397,0.40199104699371757,70
chr21,3436825,-0.0003252100840336135,0.5920510579366796,0.4443313361190028,0.3522930574013298,69
chr21,3438974,0.00039848197343453514,0.8285830277368643,0.36615218261783655,0.4363383727081835,65
chr21,3439000,0.00039848197343453514,0.8285830277368643,0.36615218261783655,0.4363383727081835,65
chr21,3439534,0.00033506944444444437,0.6176089989189943,0.4347496020622378,0.36176080684624673,68
chr21,3443662,-0.00041414141414141423,0.9999644857987651,0.32091703188794907,0.49360723317353866,69
chr21,3443671,-0.00041414141414141423,0.9999644857987651,0.32091703188794907,0.49360723317353866,69
chr21,3443808,0.0002777777777777779,0.43691680202985533,0.5108809281256979,0.29168030981405924,69
chr21,3443819,-0.0002777777777777779,0.43691680202985533,0.5108809281256979,0.29168030981405924,69
chr21,3443938,-0.00024131944444444442,0.32183729926276106,0.5724302127823814,0.24227745230849396,68
chr21,3455489,-0.0004090909090909092,0.9093318780696896,0.34387960742941004,0.4635935777210866,66
chr21,3487997,-0.00033506944444444453,0.6176089989189943,0.4347496020622378,0.36176080684624673,68
chr21,3517226,0.00019165085388994331,0.20016343832500222,0.6561234766247396,0.18301442255946693,65
chr21,3518059,0.00029292929292929306,0.48254275462229446,0.4896747594625299,0.31009228133741834,69
chr21,3518137,-0.00029292929292929306,0.48254275462229446,0.4896747594625299,0.31009228133741834,69
chr21,3550514,0.0007925963488843814,3.248976962500362,0.07640872523989384,1.1168570457806406,63
chr21,3551676,0.0005555555555555557,1.7548454688318498,0.1897694004853169,0.7217738144152168,69
chr21,3554091,0.0004426523297491039,1.0701109351093063,0.30475383589220134,0.5160508192737088,67
chr21,3558005,0.0005555555555555553,1.8087936160225213,0.1831216347293553,0.7372603433633873,70
chr21,3576122,0.0002647849462365593,0.37573496719784427,0.5420335655232233,0.2659738188672271,67
chr21,3688900,0.000501616379310345,1.18564877354931,0.2806367905909331,0.5518553949496647,61
chr21,3688936,0.000501616379310345,1.18564877354931,0.2806367905909331,0.5518553949496647,61
chr21,3690115,0.00036848739495798317,0.7621554933693133,0.3857729716352476,0.4136682035476701,69
chr21,3690230,0.00036848739495798317,0.7621554933693133,0.3857729716352476,0.4136682035476701,69
chr21,3709481,0.0002864583333333334,0.45088177705912147,0.5042600368684951,0.2973454487657234,68
chr21,3709537,0.0002864583333333334,0.45088177705912147,0.5042600368684951,0.2973454487657234,68
chr21,3729694,-0.00032352941176470596,0.5712735540700897,0.45248374276901016,0.34439701988981647,67
chr21,3757220,-0.00034285714285714296,0.6783042394014905,0.41305050198983284,0.3839968456931338,70
chr21,3757457,-0.00031008403361344533,0.5421040725070829,0.4641321744838621,0.3333583244565046,69
chr21,3775233,-0.0003194444444444444,0.5651526433358115,0.45486413459779673,0.34211830533388454,68
chr21,3775331,-0.0003194444444444444,0.5651526433358115,0.45486413459779673,0.34211830533388454,68
chr21,3790158,0.00034776785714285715,0.6471817395444565,0.4240547706065262,0.37257804662427096,67
chr21,3815095,-0.0003341991341991343,0.616826608484111,0.43503936565197854,0.36147144301799056,68
chr21,3815110,0.0003341991341991344,0.616826608484111,0.43503936565197854,0.36147144301799056,68
chr21,3827738,-0.00035069444444444444,0.7102688777227164,0.4023984308798386,0.39534372144506186,68
chr21,3850174,0.00021212121212121218,0.24233057723514406,0.6242123615691028,0.20466763504894536,66
chr21,3860480,0.00026470588235294126,0.3890829694323146,0.5349318053644309,0.2717015795519385,68
chr21,3876673,0.0003134453781512605,0.5582629129743624,0.4575751852659232,0.33953753577599144,69
chr21,3880743,0.0002536796536796539,0.3511899478709807,0.555465356798907,0.2553430219080529,68
chr21,4034693,-0.00013235294117647063,0.09528392685274552,0.75853649619839,0.1200235187450693,68
chr21,4055261,0.00020928030303030297,0.22561875938326653,0.6364342553324365,0.19624645300176063,65
chr21,4057458,-0.00018193277310924366,0.18459100117908703,0.6688357320546228,0.17468053308755488,69
chr21,4115094,-0.0001359307359307362,0.10045275657646764,0.75228737677875,0.12361622548817315,68
chr21,4172868,0.0001378676470588235,0.10348708351838766,0.7487328015701535,0.1256731402540016,66
chr21,4213767,-0.0002205882352941176,0.27176896892500424,0.603892526585345,0.21904034492857452,68
chr21,4225150,1.6450216450216393e-05,0.0015153930118922906,0.9690652669887926,0.013646972032274775,68
chr21,4240530,4.9564270152505416e-05,0.01217257244094411,0.9125225966030983,0.0397563723963879,61
chr21,4240549,-4.545454545454548e-05,0.01162547837011912,0.9144595141997701,0.038835517250275814,69
chr21,4240551,1.6450216450216393e-05,0.0015153930118922906,0.9690652669887926,0.013646972032274775,68
chr21,4243150,9.80392156862745e-05,0.05491399499313694,0.8154272300183485,0.08861479000275449,70
chr21,4243180,9.80392156862745e-05,0.05491399499313694,0.8154272300183485,0.08861479000275449,70
chr21,4243216,9.80392156862745e-05,0.05491399499313694,0.8154272300183485,0.08861479000275449,70
chr21,4243242,0.00012121212121212129,0.08167411621292123,0.7759231117245865,0.11018131199972259,69
chr21,4243475,2.9004329004328916e-05,0.0046403473182675134,0.9458959894643363,0.024156615908054728,68
chr21,4249853,1.7361111111110947e-06,1.670554925443219e-05,0.9967511906851557,0.0014132368718042707,68
chr21,4305354,-0.00027304147465437783,0.37149719041900897,0.5446113270403579,0.2639133302748517,59
chr21,4330198,-7.46527777777778e-05,0.030673161197598917,0.8615077447277919,0.06474081400536029,68
chr21,4396886,-0.00027205882352941197,0.4048382271231352,0.5268701554309078,0.2782964013489465,66
chr21,4416449,7.352941176470593e-05,0.030878212696395162,0.8610346079105984,0.06497939242259945,70
chr21,4416456,7.352941176470593e-05,0.030878212696395162,0.8610346079105984,0.06497939242259945,70
chr21,4431448,-0.00027389705882352927,0.39401953647664106,0.5324274762589014,0.2737395405758009,66
chr21,4441520,0.0003705197132616487,0.7455028689831129,0.3910786459221509,0.40773589719377695,67
chr21,4441540,0.0003705197132616487,0.7455028689831129,0.3910786459221509,0.40773589719377695,67
chr21,4449823,-0.0004354838709677422,1.0666604599199285,0.3054146679518527,0.5151101091997712,69
chr21,4450601,0.0004146959459459459,0.9867896357814946,0.3241024137317773,0.4893177345756635,69
chr21,4456980,0.0003611369990680336,0.7088229725321185,0.40296991664864723,0.3947273745069218,66
chr21,4461542,-0.0004163533834586467,0.9133351760109829,0.3428270996974341,0.46492485540730355,66
chr21,4467270,0.0004838709677419353,1.3463295766067556,0.24997838035202719,0.602097550127263,70
chr21,4494933,-0.00041808149405772507,1.0106628735874315,0.3183611150566454,0.49707998285527016,69
chr21,4507841,-0.0005535535535535535,1.6264739368301915,0.20694953088596227,0.6841355537226022,64
chr21,4542668,0.0004906015037593983,1.2871160677830336,0.2608115381203359,0.5836731996304875,66
chr21,4552108,0.00036706349206349216,0.7021748741217688,0.40527270520006264,0.3922526446673044,64
chr21,4613540,-0.00031382488479262673,0.5223546287054808,0.4724719310037938,0.3256239873076509,66
chr21,4613818,-0.00030555555555555555,0.5116650919398207,0.47702043042998055,0.3214630200521449,66
chr21,4613860,-0.00033716475095785453,0.6046967705151564,0.4397020618711146,0.35684149786187674,65
chr21,4613882,-0.00033716475095785453,0.6046967705151564,0.4397020618711146,0.35684149786187674,65
chr21,4613884,-0.00033716475095785453,0.6046967705151564,0.4397020618711146,0.35684149786187674,65
chr21,4623044,-0.00029605263157894744,0.5007363770250411,0.48159507278938685,0.3173179650046482,70
chr21,4660313,-0.0003555555555555554,0.6823752355764708,0.4118389211978274,0.38527261239819244,66
chr21,4671625,-0.0003404074702886248,0.6471645698943727,0.4239736257584492,0.3726611588408272,69
chr21,4675807,0.00034279279279279275,0.6676440356762251,0.41685908088775847,0.3800107333621293,67
chr21,4681886,0.00012920168067226883,0.090462618620447,0.7646296346188907,0.11654887411446496,62
chr21,4705312,0.00037499999999999995,0.7846698755789608,0.3790330146454217,0.42132296033833727,66
chr21,4730136,0.0002672697368421054,0.4075488313860032,0.5253605279570881,0.2795425602792889,70
chr21,4871345,-0.00010113339145597208,0.057200198375637855,0.811718288420171,0.09059466905015774,68
chr21,4871577,-6.663837011884556e-05,0.025304335844133732,0.8740896141075987,0.05844404000023676,69
chr22,473,-0.0008747877758913411,4.522690382315724,0.03713472906671974,1.4302197403294479,69
chr22,164991,-0.0009119047619047618,4.727490417290971,0.033447959616801116,1.475630369800234,65
chr22,225216,0.0008479221927497789,4.032233048251056,0.04873474698903768,1.3121612842735952,68
chr22,225381,0.0008911070780399272,4.3993858931739345,0.03984532268494242,1.3996226517168213,67
chr22,237977,-0.0008410428931875525,4.162682530568162,0.04520988617323778,1.344766586405143,70
chr22,238018,-0.0008410428931875525,4.162682530568162,0.04520988617323778,1.344766586405143,70
chr22,274330,0.0008818965517241376,4.526500456959516,0.03705755121485301,1.431123282508057,69
chr22,279339,0.0008818965517241376,4.526500456959516,0.03705755121485301,1.431123282508057,69
chr22,280928,-0.0009428571428571427,5.07239679045141,0.027641795758660055,1.5584337462926476,68
chr22,308604,0.0008662891986062717,4.2735066187491055,0.04257727037554431,1.3708221845801258,69
chr22,389817,0.0010273109243697474,5.381755627634419,0.023768311513079805,1.6240016692014878,62
chr22,412301,0.0009231127679403541,4.857509528419162,0.031129877136345473,1.506822593391127,66
chr22,412567,0.0008410428931875529,4.162682530568162,0.04520988617323778,1.344766586405143,70
chr22,462190,0.0009462962962962963,5.079021257966233,0.027596217670788653,1.5591504381257344,67
chr22,548404,-0.00096360153256705,5.023488598750566,0.028537572061754786,1.5445829788400194,65
chr22,589391,0.0009601293103448274,4.589699369118165,0.03630190921502919,1.4400705336485253,61
chr22,612056,-0.0009076923076923079,5.009756772818502,0.02853250520606788,1.544660094820111,69
chr22,616465,-0.0009508771929824563,5.4348648994117825,0.022802179505295058,1.642023639758999,68
chr22,671286,-0.0010308441558441555,5.211896906263405,0.02605196883544622,1.584159450020519,61
chr22,697466,-0.0008888888888888886,4.160753141791375,0.04570813953519742,1.3400064555000188,63
chr22,715405,0.0009293523969722458,5.152453412574119,0.0263879056606836,1.5785950772336106,70
chr22,718799,0.0009293523969722458,5.152453412574119,0.0263879056606836,1.5785950772336106,70
chr22,749151,-0.000820833333333333,3.992266625922233,0.04971089482336462,1.3035484192518305,70
chr22,754090,0.0007246168582375481,2.854516675354195,0.09606110133220956,1.0174524385198809,65
chr22,789697,0.0007754385964912283,3.4894255232031357,0.06620226373051027,1.1791271599732855,68
chr22,830421,0.0005214285714285711,1.425985146582085,0.23704378861397146,0.6251714202480821,63
chr22,837837,-0.0007168784029038112,2.8809413089479263,0.09441725313129966,1.0249486385930935,67
chr22,857043,-0.0005714285714285714,1.8310286531709232,0.18062298029826884,0.7432269960943719,68
chr22,857103,-0.0005714285714285714,1.8310286531709232,0.18062298029826884,0.7432269960943719,68
chr22,881293,-0.0005622710622710623,1.6634444803970634,0.20164008042549006,0.6954231380126037,68
chr22,903301,-0.0005172413793103446,1.516701120661509,0.22236152771488074,0.6529403508420428,70
chr22,903311,0.0005172413793103447,1.516701120661509,0.22236152771488074,0.6529403508420428,70
chr22,903573,-0.0008697435897435897,4.106858303390082,0.04701656371469604,1.3277491152000256,64
chr22,910351,-0.0004547413793103446,1.1803430469533194,0.28117948951512134,0.5510163618715441,69
chr22,912182,0.0004922413793103448,1.3463286834071884,0.25003885264006104,0.6019925026233117,69
chr22,913131,-0.0005172413793103446,1.516701120661509,0.22236152771488074,0.6529403508420428,70
chr22,947228,-0.00022988505747126425,0.2909973952680668,0.5913973781706013,0.22812060515410862,68
chr22,971856,-0.00036106271777003454,0.7102037858051964,0.4023746000143248,0.3953694420221621,69
chr22,972135,-0.00010862068965517227,0.06438391088623611,0.8004735914495074,0.09665299138608206,69
chr22,972621,-8.205128205128186e-05,0.038110135447402334,0.8458129585822104,0.07272566537304445,69
chr22,984578,-4.4010889292195784e-05,0.010097571915222236,0.9202672667544574,0.03608602524143573,67
chr22,984668,-4.4010889292195784e-05,0.010097571915222236,0.9202672667544574,0.03608602524143573,67
chr22,987281,-7.887931034482731e-05,0.033937609097909,0.8543960401229934,0.06834077313939316,69
chr22,992453,0.00016468253968253977,0.14163916464601917,0.7079417223036235,0.1500024919199359,64
chr22,1154960,-0.0001342592592592592,0.08765460997876173,0.7681858790307318,0.11453368039838488,63
chr22,1157389,-5.11583011583011e-05,0.013552874683371881,0.9076925249114043,0.04206124107006999,65
chr22,1157398,-5.11583011583011e-05,0.013552874683371881,0.9076925249114043,0.04206124107006999,65
chr22,1159879,-0.0001585585585585584,0.1324302768509974,0.7171064906217615,0.14441634662607708,67
chr22,1160262,0.00012292938099389702,0.08156338112216709,0.7760842433594493,0.11009113384444112,68
chr22,1161313,8.71794871794872e-05,0.04149031283798761,0.8392118312806139,0.07612840205036069,69
chr22,1167155,0.00011332767402376911,0.0711795927164667,0.7904464177132512,0.10212756441636127,69
chr22,1177106,0.00012192982456140344,0.07972915299224548,0.7785483931906988,0.10871438728021271,68
chr22,1183982,-0.00011332767402376911,0.0711795927164667,0.7904464177132512,0.10212756441636127,69
chr22,1189203,9.729729729729719e-05,0.05096459037855836,0.8221015709257979,0.08507452191557444,67
chr22,1196573,0.00011332767402376906,0.0711795927164667,0.7904464177132512,0.10212756441636127,69
chr22,1215617,7.857733664185281e-05,0.03483330727126161,0.8525010873856544,0.06930505838204737,70
chr22,1216069,-8.701188455008475e-05,0.04162086328115976,0.8389626026840005,0.07625739770521854,69
chr22,1216165,-8.701188455008475e-05,0.04162086328115976,0.8389626026840005,0.07625739770521854,69
chr22,1244785,-7.05128205128205e-05,0.027141689192673134,0.8696388891001018,0.06066104741309041,69
chr22,1261145,-0.00010086872586872573,0.053100225674264985,0.8185005180275553,0.08698104138772998,65
chr22,1261176,-0.00026670258620689656,0.3486751971743413,0.5571191643511371,0.25405190198070177,61
chr22,1261177,-0.00026670258620689656,0.3486751971743413,0.5571191643511371,0.25405190198070177,61
chr22,1261180,-0.00026670258620689656,0.3486751971743413,0.5571191643511371,0.25405190198070177,61
chr22,1278031,-7.857733664185281e-05,0.03483330727126161,0.8525010873856544,0.06930505838204737,70
chr22,1279426,0.00011332767402376911,0.0711795927164667,0.7904464177132512,0.10212756441636127,69
chr22,1279434,0.00011332767402376911,0.0711795927164667,0.7904464177132512,0.10212756441636127,69
chr22,1279496,0.00011332767402376911,0.0711795927164667,0.7904464177132512,0.10212756441636127,69
chr22,1279504,0.00011332767402376911,0.0711795927164667,0.7904464177132512,0.10212756441636127,69
chr22,1279513,0.00011332767402376911,0.0711795927164667,0.7904464177132512,0.10212756441636127,69
chr22,1279558,7.857733664185281e-05,0.03483330727126161,0.8525010873856544,0.06930505838204737,70
chr22,1279802,7.857733664185281e-05,0.03483330727126161,0.8525010873856544,0.06930505838204737,70
chr22,1315158,-0.00024455535390199645,0.3137519732380444,0.5773123605675067,0.23858914392386388,67
chr22,1398707,0.0001654259718775849,0.15465775716685354,0.6953536825937929,0.15779424098071354,70
chr22,1424841,-0.00014367816091954044,0.10673407290445565,0.74497636941976,0.12785750281327163,65
chr22,1433098,-9.166666666666661e-05,0.04706043846052687,0.8289091874073828,0.0814930467334522,70
chr22,1433321,-9.166666666666661e-05,0.04706043846052687,0.8289091874073828,0.0814930467334522,70
chr22,1463024,-9.166666666666661e-05,0.04706043846052687,0.8289091874073828,0.0814930467334522,70
chr22,1464662,-0.00012564102564102577,0.08691383931634797,0.7690494280935584,0.11404574646849151,69
chr22,1464688,0.00012564102564102566,0.08691383931634797,0.7690494280935584,0.11404574646849151,69
chr22,1464928,1.3736263736263632e-06,1.0164200840217788e-05,0.997466005686326,0.0011018964376227581,67
chr22,1478915,-0.00010566448801742914,0.056194014107747665,0.8134370299464617,0.0896760611724428,61
chr22,1525742,9.592529711375196e-05,0.051809674480481994,0.820636873977625,0.08584897261743935,69
chr22,1525845,9.592529711375196e-05,0.051809674480481994,0.820636873977625,0.08584897261743935,69
chr22,1548817,3.5964912280701885e-05,0.0069767819167366905,0.9336852321024591,0.029799510280788543,68
chr22,1583357,-5.350877192982443e-05,0.015445530207481298,0.9014712844121547,0.04504810279623314,68
chr22,1610405,-5.8355437665782535e-05,0.01796675273329721,0.8937787529896634,0.048769973650848064,68
chr22,1644274,2.546689303904927e-05,0.0035908528650717584,0.9523947665313521,0.021182999735868104,69
chr22,1664613,-0.00014141414141414127,0.11098387049064458,0.740067047259783,0.13072893305833586,69
chr22,1664739,-0.00014141414141414127,0.11098387049064458,0.740067047259783,0.13072893305833586,69
chr22,1671964,-0.0001474201474201474,0.12398577810192421,0.7258400910730854,0.13915904763869083,70
chr22,1715282,0.00013715277777777776,0.10119727481354682,0.7514019586332278,0.1241276772224688,68
chr22,1718744,0.00014315878378378356,0.11334050055277639,0.737424847074625,0.13228223319911592,69
chr22,1724604,0.00011363636363636355,0.07217649847029008,0.7890192833882697,0.10291238263749997,69
chr22,1729686,-0.0001474201474201474,0.12398577810192421,0.7258400910730854,0.13915904763869083,70
chr22,1729687,-0.0001474201474201474,0.12398577810192421,0.7258400910730854,0.13915904763869083,70
chr22,1729753,-0.0001474201474201474,0.12398577810192421,0.7258400910730854,0.13915904763869083,70
chr22,1755614,0.0001474201474201474,0.12398577810192421,0.7258400910730854,0.13915904763869083,70
chr22,1755616,0.0001474201474201474,0.12398577810192421,0.7258400910730854,0.13915904763869083,70
chr22,1755640,-0.0001474201474201474,0.12398577810192421,0.7258400910730854,0.13915904763869083,70
chr22,1759342,-0.00011363636363636361,0.07217649847029008,0.7890192833882697,0.10291238263749997,69
chr22,1836907,0.00021134453781512588,0.24881570885860632,0.6195440065886534,0.20792783999035291,69
chr22,1838446,-0.00021650326797385588,0.2686420981008021,0.605926582324485,0.2175799943534399,70
chr22,1838498,-0.00021650326797385588,0.2686420981008021,0.605926582324485,0.2175799943534399,70
chr22,1840375,-0.0002970588235294116,0.5116496962304232,0.4769108915221282,0.321562759189226,69
chr22,1840401,-0.0002970588235294116,0.5116496962304232,0.4769108915221282,0.321562759189226,69
chr22,1856998,-0.0002575757575757575,0.34634109804509283,0.5582629878280706,0.25316116440260655,66
chr22,1896272,-0.0002796052631578947,0.44628947499897437,0.5063635312964868,0.29553758009777586,70
chr22,1908609,-0.00024305555555555552,0.3214085526080402,0.57268552219672,0.2420837959499697,68
chr22,1914618,-0.00027758913412563645,0.42595714031921916,0.5162125722765549,0.28717142248908395,69
chr22,1927808,-0.0002796052631578947,0.44628947499897437,0.5063635312964868,0.29553758009777586,70
chr22,1936743,0.0002796052631578947,0.44628947499897437,0.5063635312964868,0.29553758009777586,70
chr22,1936861,-0.0002796052631578947,0.44628947499897437,0.5063635312964868,0.29553758009777586,70
chr22,2113227,0.00024367916303400167,0.3237964089305094,0.571266464855549,0.24316126964793458,68
chr22,2113328,-0.00020882852292020365,0.24230917348490735,0.624152400725168,0.20470935468804075,69
chr22,2140710,-0.00020313862249346122,0.22320232090735342,0.6381691756571419,0.19506417658454328,68
chr22,2140858,-0.00023514431239388792,0.305159393221784,0.5825041129638492,0.23470100381061673,69
chr22,2157421,-0.0003161764705882352,0.5525330345053034,0.4600046159585285,0.3372378103287314,66
chr22,2157482,-0.0003161764705882352,0.5525330345053034,0.4600046159585285,0.3372378103287314,66
chr22,2157676,-0.0003282732447817837,0.5771695298339594,0.45025749873413634,0.34653904556731235,65
chr22,2165320,0.00013175675675675672,0.09673891684536935,0.7567443625435692,0.12105080568733173,69
chr22,2169865,-0.0002222222222222221,0.27279167061891246,0.6032139343756873,0.21952863472354048,68
chr22,2169995,-0.0002222222222222221,0.27279167061891246,0.6032139343756873,0.21952863472354048,68
chr22,2177756,-0.00018382352941176495,0.18096087965083812,0.6719757990691668,0.17264636760090407,66
chr22,2218432,-0.00030093378607809837,0.513411992641236,0.47615582905325315,0.32225089471059476,69
chr22,2218445,-0.00030093378607809837,0.513411992641236,0.47615582905325315,0.32225089471059476,69
chr22,2218448,-0.00030093378607809837,0.513411992641236,0.47615582905325315,0.32225089471059476,69
chr22,2218478,-0.00030093378607809837,0.513411992641236,0.47615582905325315,0.32225089471059476,69
chr22,2218644,-0.00023986765922249804,0.32598534354208203,0.5699148220650838,0.24419004796147636,70
chr22,2222428,-9.89110707803993e-05,0.05069622003590078,0.8225625803270006,0.08483105112047135,67
chr22,2222484,-9.89110707803993e-05,0.05069622003590078,0.8225625803270006,0.08483105112047135,67
chr22,2333703,0.00029776674937965266,0.5036570687899241,0.4803241616654601,0.3184655665693291,70
chr22,2415268,-0.00029776674937965266,0.5036570687899241,0.4803241616654601,0.3184655665693291,70
chr22,2415503,0.00012861136999068028,0.09465598344862414,0.7593384492008923,0.11956460900788037,66
chr22,2425445,0.00035950764006791155,0.7351302135082215,0.3942819095690059,0.4041931487563249,69
chr22,2425747,0.00029776674937965266,0.5036570687899241,0.4803241616654601,0.3184655665693291,70
chr22,2464835,-0.00015135135135135134,0.12443983556164653,0.7254095035315105,0.1394167590612675,67
chr22,2464839,-0.00015135135135135134,0.12443983556164653,0.7254095035315105,0.1394167590612675,67
chr22,2473450,-0.0002846283783783783,0.4612658995191282,0.4993725086953965,0.30157536997530693,69
chr22,2481851,-0.0002846283783783783,0.4612658995191282,0.4993725086953965,0.30157536997530693,69
chr22,2490595,0.0002951176983435047,0.4865542165170996,0.48791846899540847,0.3116527423899214,68
chr22,2514393,-0.0002534722222222223,0.358059895528452,0.5516337838679168,0.2583491440586984,68
chr22,2514405,-0.0002534722222222223,0.358059895528452,0.5516337838679168,0.2583491440586984,68
chr22,2514525,0.0002534722222222223,0.358059895528452,0.5516337838679168,0.2583491440586984,68
chr22,2531574,-0.00021706081081081076,0.2611819601795279,0.610989308962656,0.21396638893771744,69
chr22,2541377,0.0003087557603686635,0.5118250513791834,0.4769518365775065,0.3215254745546573,66
chr22,2569978,0.00022203947368421053,0.28075970272501977,0.5979295958411892,0.22334994968670885,70
chr22,2569979,0.00022203947368421053,0.28075970272501977,0.5979295958411892,0.22334994968670885,70
chr22,2570125,0.00023514431239388798,0.30515939322178864,0.5825041129638492,0.23470100381061673,69
chr22,2609142,0.0002167931688804554,0.2638755296442889,0.6092670310301262,0.21519232200532112,65
chr22,2634200,-0.00043407043407043427,1.0901714943200584,0.3001308672286451,0.5226893368720487,70
chr22,2669975,-0.00038933691756272404,0.8572201096326656,0.35794267075523156,0.4461865257818291,67
chr22,2671015,0.0004318181818181817,1.0493157464285003,0.3093490601343506,0.5095511991173449,69
chr22,2688422,-0.00043407043407043427,1.0901714943200584,0.3001308672286451,0.5226893368720487,70
chr22,2693413,-0.00048141891891891893,1.314971109453528,0.2555753289943476,0.5924810714789831,69
chr22,2693539,-0.0006339285714285714,2.329485752148093,0.1317953458011186,0.8800999260741884,67
chr22,2693609,-0.0006339285714285714,2.329485752148093,0.1317953458011186,0.8800999260741884,67
chr22,2699172,-0.0005151515151515149,1.5599806643929435,0.21601429881757603,0.6655175002748193,69
chr22,2718781,0.0004833333333333335,1.1950449332847886,0.27847679527212493,0.5552109875822877,65
chr22,2718835,0.00047880184331797236,1.2023102395691658,0.2769692254370025,0.5575684835181602,66
chr22,2718916,0.0006363636363636364,2.2836799093777813,0.13566347195452363,0.8675370724884808,66
chr22,2720291,0.00043407043407043427,1.0901714943200584,0.3001308672286451,0.5226893368720487,70
chr22,2734310,-0.0005868055555555556,1.5318287075153827,0.22091230010611101,0.6557801025102129,59
chr22,2734311,-0.0005868055555555556,1.5318287075153827,0.22091230010611101,0.6557801025102129,59
chr22,2734312,-0.0005868055555555556,1.5318287075153827,0.22091230010611101,0.6557801025102129,59
chr22,2734455,0.00041964285714285714,0.9559549029764158,0.3318331515715769,0.47908022824116464,67
chr22,2738034,-0.0003605313092979127,0.714171602313215,0.40126048121438485,0.3965736103525031,65
chr22,2759486,0.00026764705882352936,0.42876358464505576,0.5148380124846166,0.28832939494004795,69
chr22,2759578,0.0003714285714285715,0.7974463951148418,0.3750074279653942,0.4259601298924585,70
chr22,2775418,-0.0005311942959001785,1.6093387628877036,0.20910928486977237,0.6796266832120583,67
chr22,2775419,-0.0005311942959001785,1.6093387628877036,0.20910928486977237,0.6796266832120583,67
chr22,2788177,0.0003714285714285715,0.7974463951148418,0.3750074279653942,0.4259601298924585,70
chr22,2814158,-2.5210084033613554e-05,0.0034655037976148977,0.9532524541189115,0.020792067975163288,62
chr22,2814222,-2.5210084033613554e-05,0.0034655037976148977,0.9532524541189115,0.020792067975163288,62
chr22,2838133,-0.0004245535714285715,0.9858947738192708,0.3244298028053758,0.48887925742201843,67
chr22,2838206,-0.0004245535714285715,0.9858947738192708,0.3244298028053758,0.48887925742201843,67
chr22,2838963,-0.0003390756302521009,0.6492401250810316,0.4232350428223064,0.37341838096744384,69
chr22,2842415,-0.0003390756302521009,0.6492401250810316,0.4232350428223064,0.37341838096744384,69
chr22,2992777,0.00028229166666666675,0.41334230221886153,0.5227273933116193,0.28172474028420963,62
chr22,2992820,0.00028229166666666675,0.41334230221886153,0.5227273933116193,0.28172474028420963,62
chr22,3025311,0.00011298701298701311,0.07046754357653699,0.7914846576597264,0.10155749919492842,68
chr22,3027963,0.0002038961038961041,0.22795210583661757,0.6346238381394593,0.19748361868693823,68
chr22,3028007,0.0002038961038961041,0.22795210583661757,0.6346238381394593,0.19748361868693823,68
chr22,3028591,0.00022058823529411782,0.26963721538294083,0.6053122555609403,0.21802053297889532,68
chr22,3035949,0.00015844155844155845,0.13655319205722033,0.7129149577216156,0.14696227322667654,68
chr22,3035984,0.00015844155844155845,0.13655319205722033,0.7129149577216156,0.14696227322667654,68
chr22,3088419,0.00010023041474654366,0.05270709132252653,0.8192398021549661,0.08658895598207186,59
chr22,3102239,0.0002000000000000001,0.2293028697267883,0.6335774646624259,0.19820027830430734,70
chr22,3102285,0.00018193277310924366,0.18459100117908703,0.6688357320546228,0.17468053308755488,69
chr22,3102462,-0.0001651260504201681,0.1528427572145504,0.6970738284602037,0.15672122248323772,69
chr22,3110370,0.0001735930735930738,0.1655496047973904,0.6854142007529387,0.16404690188346294,68
chr22,3140949,0.00032610887096774186,0.547007296308559,0.46237995645479957,0.3350010002573939,63
chr22,3176754,0.00014772727272727293,0.12206901756163636,0.7278969718695214,0.13793008732847234,69
chr22,3183628,-0.00022310924369747893,0.279555160803522,0.5987401596569195,0.22276161118375737,69
chr22,3183646,-0.00039400337837837846,0.8751136884929183,0.35290307341056215,0.45234455938036644,69
chr22,3183649,-0.00039400337837837846,0.8751136884929183,0.35290307341056215,0.45234455938036644,69
chr22,3304278,-0.0002500000000000001,0.3409846615896177,0.5612519271468527,0.25084215476758337,68
chr22,3403271,0.00040624999999999993,0.8630688168609307,0.3564272949636429,0.44802904538096927,65
chr22,3403286,0.00040624999999999993,0.8630688168609307,0.3564272949636429,0.44802904538096927,65
chr22,3420249,-0.0002143493761140821,0.26104938782617315,0.6111312014315715,0.2138655427183366,67
chr22,3425004,0.000332070707070707,0.6261550262057437,0.4315615994842489,0.3649572059586351,69
chr22,3444266,0.0005484913793103451,1.430917360846987,0.23639995363206212,0.626352612974122,61
chr22,3481377,-0.00023040752351097187,0.2778133312001257,0.6000815191974112,0.2217897480617237,62
chr22,3487194,0.0003787878787878788,0.7722604062089695,0.38280618295008306,0.41702105626766667,66
chr22,3506617,0.00024075630252100853,0.32575104030075025,0.5700811685696069,0.24406330476219407,69
chr22,3540330,0.000431720430107527,0.9236087341025455,0.34045142067206635,0.4679448492114373,61
chr22,3542885,-0.00039464285714285713,0.8609310046240269,0.3569110307323744,0.44744002948291733,67
chr22,3542891,0.0006767441860465116,2.4891090960914948,0.11941799016526389,0.9229302423778247,68
chr22,3543032,0.0003507130124777185,0.6843950476088962,0.4111042811368474,0.386048000562321,67
chr22,3566661,-0.0002647058823529412,0.3852695301239551,0.5369341118059772,0.2700790041229913,68
chr22,3607937,0.0002995391705069125,0.4814979429496154,0.49025562439875925,0.3095774152403239,66
chr22,3666922,0.0004398395721925135,1.0506771261507246,0.3091508321034828,0.509829580226194,67
chr22,3681865,-0.00039393939393939396,0.8826660774190977,0.3509507746480083,0.45475379463947535,67
chr22,3682030,0.000273692810457516,0.4303276897454244,0.5140417803153037,0.2890015809600257,70
chr22,3744159,0.0003947368421052635,0.895325872284392,0.34738842816163573,0.4591846524095007,70
chr22,3757840,-0.0003648648648648649,0.7033469528311506,0.4047350002024519,0.39282923757154087,67
chr22,3758208,0.00034301270417422887,0.6328932261768113,0.4291917099127083,0.3673486752753698,67
chr22,3763996,-0.00039473684210526326,0.895325872284392,0.34738842816163573,0.4591846524095007,70
chr22,3764608,0.0005949308755760372,2.0316882742475255,0.1589084109948922,0.7988531150519347,66
chr22,3767886,0.0003515325670498085,0.6658304885517551,0.417583646189967,0.3792565179285157,65
chr22,3780573,-0.00039999999999999986,0.8589463748451392,0.35746224798245907,0.4467698178031583,67
chr22,3866309,-0.0004594594594594594,1.1384170034311059,0.28993402930399054,0.537700808889127,67
chr22,3877235,-0.00045730550284629995,1.0948870677025233,0.2993890183872705,0.5237641336565538,65
chr22,3877446,-0.00045116487455197136,1.101422969379397,0.29784053151582485,0.526016201762187,67
chr22,3881260,-0.00039473684210526326,0.895325872284392,0.34738842816163573,0.4591846524095007,70
chr22,3902791,-0.00041754385964912287,0.9629509618037206,0.3300280578289302,0.4814491363576108,68
chr22,3920063,0.0003259762308998303,0.5935050779425212,0.4437749871559251,0.35283717990097074,69
chr22,3923361,0.0003917657045840406,0.8598700539548508,0.3571035179671135,0.447205871380505,69
chr22,3937868,-0.0004272030651340995,0.9586760598505613,0.3312657159721968,0.4798235086835275,65
chr22,4022875,0.00012931034482758624,0.09128363870208431,0.7634874818876298,0.11719807922536575,69
chr22,4038409,0.00031666666666666676,0.5559767800023686,0.45849381847323933,0.338666515219825,69
chr22,4044024,-0.0003166666666666668,0.5559767800023686,0.45849381847323933,0.338666515219825,69
chr22,4069467,-0.000511183597390494,1.4358122654305983,0.23523673814444296,0.6284948512717456,66
chr22,4096492,-0.00042029616724738696,0.9659752084104638,0.3292218950341279,0.4825112895706442,69
chr22,4109867,0.0006146146146146145,1.965052729278196,0.16596058696535235,0.7799950378382272,64
chr22,4134613,-0.0004876215738284703,1.319836882125974,0.2547678893965718,0.5938553107820401,68
chr22,4142285,0.0005452961672473869,1.6737216749754515,0.20020304056252117,0.6985293310050653,69
chr22,4142398,0.0006061427280939477,2.0219248491512523,0.15975116240042658,0.7965559730928524,68
chr22,4166717,-0.0004235190097259063,0.9674132918065539,0.32891811345786504,0.482912209344376,68
chr22,4182769,-0.00042672413793103456,1.007656549083957,0.31907659449953046,0.4961050518156014,69
chr22,4182773,-0.00042672413793103456,1.007656549083957,0.31907659449953046,0.4961050518156014,69
chr22,4206669,-0.00042672413793103445,1.00765654908394,0.31907659449953313,0.4961050518155978,69
chr22,4308395,-0.0006083333333333334,2.136236890662677,0.14846036535761462,0.8283894749930827,70
chr22,4382097,-0.0004935897435897436,1.3669949806569865,0.24647172235235232,0.6082329000410958,69
chr22,4392072,0.00034358974358974354,0.6849732029340414,0.41081767861925456,0.38635087578169547,69
chr22,4407495,-0.0006374999999999999,2.3532511076517855,0.1296618541128436,0.8871877724506877,70
chr22,4417998,-0.0005374384236453203,1.4684001583539914,0.2301963521807179,0.6379015627233313,64
chr22,4425143,0.0007479716024340771,2.912389503908491,0.09298808728692301,1.031572685391619,63
chr22,4448394,-0.00032597623089983035,0.5935050779425212,0.4437749871559251,0.35283717990097074,69
chr22,4448702,-0.00034722222222222234,0.5440084039918976,0.46374985161579885,0.3337162163363588,60
chr22,4448712,-0.00024642857142857143,0.2860276207631062,0.5948576840056756,0.2255869240931446,59
chr22,4448776,-0.00034722222222222234,0.5440084039918976,0.46374985161579885,0.3337162163363588,60
chr22,4529374,-0.00016228070175438594,0.14403478489313112,0.7055207962351082,0.15149018026960565,68
chr23,11144,0.00019876660341555977,0.2026690651482968,0.6541203982098134,0.18434230753852307,65
chr23,139911,2.2667829119442097e-05,0.0027753731787080065,0.9581445638385979,0.018568960085536632,68
chr23,195890,3.70065789473684e-05,0.007767700075392359,0.930028774824632,0.03150361429097832,70
chr23,196109,-3.7006578947368275e-05,0.007767700075392359,0.930028774824632,0.03150361429097832,70
chr23,198791,8.8345864661654e-05,0.041089366960837516,0.8400085613003486,0.07571628762079473,66
chr23,198851,-8.834586466165397e-05,0.041089366960837516,0.8400085613003486,0.07571628762079473,66
chr23,198859,-8.834586466165397e-05,0.041089366960837516,0.8400085613003486,0.07571628762079473,66
chr23,198874,-8.834586466165397e-05,0.041089366960837516,0.8400085613003486,0.07571628762079473,66
chr23,203859,-3.138622493461194e-05,0.005353123669323,0.9418960687700744,0.025997015731342898,68
chr23,203864,-3.138622493461194e-05,0.005353123669323,0.9418960687700744,0.025997015731342898,68
chr23,203889,-3.138622493461194e-05,0.005353123669323,0.9418960687700744,0.025997015731342898,68
chr23,264717,-0.0003159722222222219,0.5493901930293085,0.4611961766600715,0.3361143016859162,68
chr23,264741,0.0003159722222222219,0.5493901930293085,0.4611961766600715,0.3361143016859162,68
chr23,276568,0.00014126559714795005,0.10925022424881672,0.7420624261141802,0.1295595580949469,67
chr23,277267,-0.000271780303030303,0.3918395686269926,0.533595412114948,0.27278791316520956,65
chr23,283184,9.852216748768483e-07,5.007275086122552e-06,0.9982217643733451,0.000772965381335166,64
chr23,283213,9.852216748768483e-07,5.007275086122552e-06,0.9982217643733451,0.000772965381335166,64
chr23,292048,-0.0002678396871945257,0.39107970554707144,0.534027554375854,0.2724363339739616,64
chr23,292127,-0.0002678396871945257,0.39107970554707144,0.534027554375854,0.2724363339739616,64
chr23,314261,0.0002410130718954247,0.33322456155070124,0.5656728618537424,0.24743465603045792,70
chr23,325526,0.0003308823529411765,0.5727183240034575,0.45195777275595717,0.34490214022351406,66
chr23,340373,5.844155844155831e-05,0.019078248655315058,0.890562944588111,0.05033537937738648,68
chr23,352522,-7.352941176470574e-05,0.030231961596246786,0.8624971628170748,0.06424232486328559,68
chr23,362783,-0.00015336134453781508,0.130787022537423,0.7187554498146405,0.1434188493416832,69
chr23,467342,0.00023783783783783795,0.3152503351705928,0.576406900585509,0.23927082857236223,67
chr23,467401,0.00023783783783783795,0.3152503351705928,0.576406900585509,0.23927082857236223,67
chr23,470146,-0.000237837837837838,0.3152503351705928,0.576406900585509,0.23927082857236223,67
chr23,470180,-0.000237837837837838,0.3152503351705928,0.576406900585509,0.23927082857236223,67
chr23,492823,-8.141762452107305e-05,0.03346551418006234,0.8554358221675831,0.06781256721462163,65
chr23,517709,4.947368421052642e-05,0.01146498397740645,0.91508112993902,0.03854040022549298,63
chr23,558758,8.333333333333329e-05,0.03575038194852466,0.85063972166254,0.07025434123630193,65
chr23,558845,-8.333333333333329e-05,0.03575038194852466,0.85063972166254,0.07025434123630193,65
chr23,581529,-4.358974358974357e-05,0.009021355609976212,0.9246363774246067,0.0340290243697166,64
chr23,581578,-3.5256410256410125e-05,0.005663946345599501,0.9402547625329019,0.026754458132608298,63
chr23,581584,-3.5256410256410125e-05,0.005663946345599501,0.9402547625329019,0.026754458132608298,63
chr23,586457,-0.0001009251471825064,0.05653181473360553,0.8127789396346589,0.09002755815926057,70
chr23,586463,-0.0001009251471825064,0.05653181473360553,0.8127789396346589,0.09002755815926057,70
chr23,706967,-6.097560975609635e-06,0.0002063918091056197,0.9885804053921388,0.004988001921373031,69
chr23,707000,2.500000000000014e-05,0.0034102736338608177,0.9536084203082748,0.020629922791260642,68
chr23,709009,-2.395470383275246e-05,0.0031463531015899233,0.9554351691402037,0.01979877657327406,69
chr23,711131,-1.53568202348689e-05,0.0012622285421147758,0.9717660703156501,0.012438268611076988,68
chr23,711137,-1.53568202348689e-05,0.0012622285421147758,0.9717660703156501,0.012438268611076988,68
chr23,711657,0.0001211538461538462,0.07557860855454221,0.7842666064569916,0.10553627656228155,66
chr23,714064,7.05128205128205e-05,0.026875434764037826,0.8702892081402572,0.060336401832372766,67
chr23,714275,-2.15201465201466e-05,0.002392520652351027,0.9611382994153337,0.017214116648337788,67
chr23,769408,0.0001472222222222222,0.11288271753388028,0.7379847976630944,0.13195258446291044,66
chr23,769409,0.00015476190476190472,0.12126075652498249,0.7288320391842538,0.1373725441921866,65
chr23,809236,0.0002639639639639639,0.3683557638933704,0.5460161094610145,0.2627945438395547,67
chr23,1095792,-0.00048571428571428556,1.3751312014554695,0.24502392310431131,0.6107915108804718,70
chr23,1095805,-0.00048571428571428556,1.3751312014554695,0.24502392310431131,0.6107915108804718,70
chr23,1232362,0.0004116071428571428,0.9097238736492201,0.34372134971520973,0.46379349150100585,67
chr23,1270538,-0.00045277777777777786,1.126527810810828,0.29250608452339677,0.5338650955734161,66
chr23,1352210,8.620689655172418e-06,0.00039988796661015946,0.9841068660963707,0.006957738117525379,67
chr23,1515249,0.0007777777777777775,1.5401556078269205,0.21912441049875833,0.6593092392608673,66
chr23,1515310,-0.00015522875816993453,0.13783407131571324,0.7115980327981964,0.14776526118686042,70
chr23,1530201,0.00015757575757575763,0.13614013307480896,0.7133298450125043,0.14670960514924455,68
chr23,1534446,0.00011868686868686872,0.07874246574905187,0.7798735469649226,0.10797581052420765,69
chr23,1557026,0.00017264038231780163,0.15068064366853723,0.6993575259231765,0.15530074723027032,58
chr23,1565034,0.00011332767402376922,0.0711795927164689,0.7904464177132299,0.10212756441637298,69
chr23,1565038,0.00011332767402376922,0.0711795927164689,0.7904464177132299,0.10212756441637298,69
chr23,1570458,-6.078431372549025e-05,0.01912189849237932,0.8904657367850135,0.05038278660105069,64
chr23,1570522,0.00018876689189189184,0.19886924782171508,0.6570729344726145,0.1823864214889524,69
chr23,1570580,0.00018876689189189184,0.19886924782171508,0.6570729344726145,0.1823864214889524,69
chr23,1570707,0.00018876689189189184,0.19886924782171508,0.6570729344726145,0.1823864214889524,69
chr23,1622610,-0.0002011884550084891,0.2248451506712602,0.636914434874706,0.19591890825770217,69
chr23,1684098,-0.00019834350479511778,0.2126986925046602,0.6461766746276895,0.18964872298707794,68
chr23,1703853,0.00023333333333333339,0.3120863810518991,0.5783521397310865,0.23780765331846185,66
chr23,1739283,-2.17948717948718e-05,0.0026120924650786807,0.9593910240666959,0.018004349051838755,69
chr23,1739320,2.1794871794871782e-05,0.0026120924650786807,0.9593910240666959,0.018004349051838755,69
chr23,1739475,-2.0678246484697952e-05,0.0024111293190769464,0.960980954522909,0.017285219436105337,70
chr23,1791691,0.00019884169884169876,0.21735600551221576,0.642669966647242,0.1920119951326097,65
chr23,1878501,-0.00026852659110723623,0.3941434573444103,0.5322957125099095,0.27384703193129656,68
chr23,1880590,-0.00033988533988533993,0.6642841686209581,0.41789700724930534,0.37893073902571217,70
chr23,1955825,-0.0002247474747474748,0.28782687878184754,0.5933934519105505,0.2266572504270056,69
chr23,1955827,-0.0002247474747474748,0.28782687878184754,0.5933934519105505,0.2266572504270056,69
chr23,1955852,-0.0002247474747474748,0.28782687878184754,0.5933934519105505,0.2266572504270056,69
chr23,2021086,0.0001298701298701299,0.09185957176737729,0.7627795523118985,0.11760095752054639,68
chr23,2021112,-0.00012987012987012987,0.09185957176737729,0.7627795523118985,0.11760095752054639,68
chr23,2021133,-0.00012987012987012987,0.09185957176737729,0.7627795523118985,0.11760095752054639,68
chr23,2097977,-0.00027705627705627714,0.42533133036244064,0.5165536809611893,0.28688453932575747,68
chr23,2099724,-0.00014772727272727284,0.12206901756163636,0.7278969718695214,0.13793008732847234,69
chr23,2101594,0.00018382352941176473,0.1934500102414698,0.6614553472505702,0.17949946832791716,70
chr23,2103293,0.00018382352941176473,0.1934500102414698,0.6614553472505702,0.17949946832791716,70
chr23,2103439,-0.00014772727272727284,0.12206901756163636,0.7278969718695214,0.13793008732847234,69
chr23,2103447,-0.00014772727272727284,0.12206901756163636,0.7278969718695214,0.13793008732847234,69
chr23,2103692,8.883928571428572e-05,0.04267071905590065,0.8369922411593298,0.07727856785776394,67
chr23,2115401,0.00011056511056511065,0.06968641114982617,0.7925923004155678,0.10095015090578295,70
chr23,2139470,-0.00019437551695616206,0.21370937107596466,0.6453512247966839,0.19020386137110443,70
chr23,2139476,-0.00019437551695616206,0.21370937107596466,0.6453512247966839,0.19020386137110443,70
chr23,2158333,0.00019437551695616206,0.21370937107596466,0.6453512247966839,0.19020386137110443,70
chr23,2179357,-0.00021706454465075158,0.25740893218529376,0.6135970494056131,0.21211673743903234,68
chr23,2215716,-0.000119047619047619,0.07782101167315211,0.7811189713356479,0.10728281418981295,70
chr23,2226782,0.000119047619047619,0.07782101167315211,0.7811189713356479,0.10728281418981295,70
chr23,2236198,-0.000119047619047619,0.07782101167315211,0.7811189713356479,0.10728281418981295,70
chr23,2246264,-9.58333333333333e-05,0.04705604895234075,0.8289469564024637,0.08147325868825328,67
chr23,2282257,0.0001321428571428572,0.09714219977830778,0.7562688805155494,0.12132376989139071,68
chr23,2384766,-0.00046403508771929825,1.175774526376825,0.28216306886719417,0.5494998298331942,68
chr23,2401525,0.00042777777777777795,1.0268653162070087,0.3147118214419802,0.5020869434846329,66
chr23,2401645,0.00042777777777777795,1.0268653162070087,0.3147118214419802,0.5020869434846329,66
chr24,115684,-2.167487684729066e-05,0.0023047732339082894,0.9618641383493457,0.01688626697683299,64
chr24,167103,9.722222222222227e-05,0.052473273555878046,0.8195225117165323,0.0864391121606119,68
chr24,221458,-4.411764705882361e-05,0.009755619159209902,0.9216497098384085,0.03543410930464635,62
chr24,438467,0.00011111111111111102,0.06356931787142235,0.8017488592124776,0.09596164934536348,66
chr24,438587,0.00011111111111111102,0.06356931787142235,0.8017488592124776,0.09596164934536348,66
chr24,442029,-0.00031944444444444435,0.5461111848815194,0.46265551263323,0.3347422587598285,65
chr24,477901,0.00031026785714285716,0.5179086579799839,0.47431487036033326,0.32393325946324425,67
chr24,499357,0.00038455008488964343,0.8288344253943364,0.3658735062371974,0.4366690376617164,69
chr24,499630,0.00038455008488964343,0.8288344253943364,0.3658735062371974,0.4366690376617164,69
chr24,499708,0.00038455008488964343,0.8288344253943364,0.3658735062371974,0.4366690376617164,69
chr24,543755,0.00019570707070707053,0.22074706288844997,0.6399969290174555,0.19382210994419555,69
chr24,546999,0.0001649305555555553,0.14746297581349682,0.70220610797215,0.1535353972473928,68
chr24,547168,5.133928571428556e-05,0.015222518826826454,0.9021872519761907,0.04470331383275566,67
chr24,548719,9.595959595959581e-05,0.05140706844534326,0.8213230589188109,0.08548598403909452,69
chr24,548973,0.00021651785714285704,0.25869730277336733,0.6127386183929981,0.21272474701186747,67
chr24,577240,6.512605042016805e-05,0.0213750107736952,0.8842520682432301,0.053423915708210416,62
chr24,654632,-3.921568627450875e-06,7.48806740226933e-05,0.9931234862613745,0.0029967474083520272,64
chr24,665819,-0.00015562613430127034,0.12744189605889109,0.7222556414097805,0.14130905727390816,67
chr24,665869,-0.00014668615984405448,0.10532870291730187,0.7466015159843005,0.12691113256810174,65
chr24,693571,-2.2321428571428882e-06,2.7149952529340224e-05,0.9958585511120274,0.0018023431365574748,67
chr24,693587,2.232142857143005e-06,2.7149952529340224e-05,0.9958585511120274,0.0018023431365574748,67
chr24,773387,0.00010261824324324328,0.058648642482590614,0.8093844640754924,0.09184513603419708,69
chr24,786041,-6.249999999999989e-05,0.022326630332644284,0.881677111766723,0.05469043329464257,68
chr24,824875,-0.00022222222222222215,0.2508670520231223,0.6182387816080472,0.2088437554841328,64
chr24,848301,8.076923076923063e-05,0.035891156760066656,0.8503132010926508,0.07042107845939086,69
chr24,877141,-5.591798695246933e-06,0.000159801745958883,0.9899533174407033,0.0043852846508534386,66
chr24,882848,-3.5964912280701845e-05,0.0069767819167366905,0.9336852321024591,0.029799510280788543,68
chr24,883119,0.0001597744360902256,0.1328900026281996,0.7166559647371206,0.14468928013938334,66
chr24,883178,7.849364791288568e-05,0.03235867070274345,0.8578023482646181,0.06661276919863625,67
chr24,886546,-3.063063063063069e-05,0.005385783824356268,0.941722817981113,0.02607690648033964,67
chr24,902316,-8.07692307692307e-05,0.035891156760066656,0.8503132010926508,0.07042107845939086,69
chr24,929621,-0.0001357142857142855,0.0986289291448674,0.7544717510356752,0.12235701645697888,68
chr24,929697,-0.0001357142857142855,0.0986289291448674,0.7544717510356752,0.12235701645697888,68
chr24,952812,-6.982758620689651e-05,0.02659264304509562,0.8709522173745562,0.060005670824479974,69
chr24,978128,0.00021750663129973478,0.25445396499210854,0.6156362048153841,0.2106758477600048,68
chr24,978251,0.0002055555555555555,0.2400497546514857,0.625845543903486,0.20353283565090374,66
chr24,1009502,-5.155155155155143e-05,0.013370386861009888,0.9083191776416785,0.0417615163125179,64
chr24,1013571,-0.00016923076923076912,0.15784964660526785,0.6924069536385624,0.1596385792835117,69
chr24,1013608,-0.0001858974358974359,0.1920171151393864,0.662652669250285,0.178714048297552,69
chr24,1119770,-8.223684210526397e-06,0.0003835484777074076,0.9844322657199256,0.0068141603141417565,70
chr24,1119783,-8.223684210526397e-06,0.0003835484777074076,0.9844322657199256,0.0068141603141417565,70
chr24,1171704,-3.198198198198189e-05,0.005569328902708606,0.9407399465834568,0.026530414163196382,67
chr24,1175378,-2.7192982456140327e-05,0.003999799713621023,0.9497633842236305,0.022384577580022394,68
chr24,1187329,-3.3106960950763886e-05,0.006068765767509198,0.9381379689593496,0.027733286619396356,69
chr24,1187628,-9.920634920634926e-05,0.04996956692182274,0.8238511598337297,0.08415124255245256,64
chr24,1226279,-8.646953405017911e-05,0.03958211930604031,0.8429208759705225,0.07421319019394289,67
chr24,1396546,2.731092436974779e-05,0.0035119960294357523,0.9529402933626239,0.02093430930444487,62
chr24,1397126,1.0304659498207918e-05,0.0005644937795938409,0.9811175711062727,0.008278946317119876,67
chr24,1425448,-1.0304659498207808e-05,0.000564493779593841,0.9811175711062727,0.008278946317119876,67
chr24,1437170,-0.00019016227180527383,0.18156093351607605,0.6715350418408353,0.17293132017912202,63
chr24,1473788,0.00016621621621621627,0.1495459642883722,0.7002327607572502,0.15475757440037266,67
chr24,1480925,0.0001209677419354839,0.08111235430997926,0.7766740793419421,0.10976118871260623,69
chr24,1522109,-4.032258064516125e-05,0.009691585583161636,0.9218812315711403,0.03532502666411543,67
chr24,1522232,-4.032258064516125e-05,0.009691585583161636,0.9218812315711403,0.03532502666411543,67
chr24,1579828,1.2152777777777874e-05,0.0007988548265380618,0.9775368681878472,0.009866854035836575,68
chr24,1579856,5.803571428571533e-06,0.0001770855890520449,0.9894233444900403,0.004617847091300162,67
chr24,1683660,-0.0003464285714285713,0.6472477010819151,0.4240312737879576,0.37260211149060546,67
chr24,1727644,0.00031122031122031137,0.5560834940745655,0.45841262902311164,0.3387434262948156,70
chr24,1727841,0.00031122031122031137,0.5560834940745655,0.45841262902311164,0.3387434262948156,70
chr24,1727892,0.00031122031122031137,0.5560834940745655,0.45841262902311164,0.3387434262948156,70
chr24,1732398,0.00023989898989898982,0.33224503521217635,0.566271548079645,0.24697525864969674,69
chr24,1782357,-0.0002761824324324324,0.4271505037361017,0.5156272890137368,0.2876641061470599,69
chr24,1782366,-0.0002761824324324324,0.4271505037361017,0.5156272890137368,0.2876641061470599,69
chr24,1782374,0.0002761824324324324,0.4271505037361017,0.5156272890137368,0.2876641061470599,69
chr24,1851196,0.00020486111111111096,0.2363702770132963,0.628450475433767,0.20172894087902893,68
chr24,1855784,0.00034834558823529393,0.6365440119561654,0.4279154518166325,0.3686420310726494,66
chr24,1875578,0.00038240131578947393,0.8395622579841231,0.36276014826712855,0.4403804292699197,70
chr24,1875812,0.00038240131578947393,0.8395622579841231,0.36276014826712855,0.4403804292699197,70
chr24,1875879,0.0003915343915343915,0.8149217793153366,0.37027903742555746,0.4314708739297689,62
chr24,1894079,0.00034762308998302204,0.6757686372378171,0.413963503439697,0.3830379462062416,69
chr24,2000647,0.0005819185059422751,1.928733573821723,0.16949654589098864,0.7708391477014207,69
chr24,2008154,0.0005242424242424246,1.4181925098712813,0.2383146262155116,0.6228493026398686,63
chr24,2008189,0.0005242424242424246,1.4181925098712813,0.2383146262155116,0.6228493026398686,63
chr24,2012951,0.0005657894736842105,1.8346434950768018,0.18013039144326598,0.7444130072104679,69
chr24,2013530,0.0005324561403508775,1.5799118827560155,0.2132035438948441,0.6712055806905701,68
chr24,2068012,-0.0006825396825396827,2.4668187295575805,0.12136292855256141,0.915913952336092,64
chr24,2146222,-0.000648148148148148,2.2352249699542925,0.13981177424536848,0.8544562529503528,66
chr24,2148638,-0.0007716165413533836,3.414071822047914,0.06926496099817173,1.159486405986511,66
chr24,2179620,-0.0005726495726495725,1.7544043918733288,0.19003444557598154,0.7211676718486769,66
chr24,2179662,-0.0005726495726495725,1.7544043918733288,0.19003444557598154,0.7211676718486769,66
chr24,2179666,-0.0005726495726495725,1.7544043918733288,0.19003444557598154,0.7211676718486769,66
chr24,2285816,0.0005232142857142857,1.5402352093046436,0.21897593661097772,0.6596036074030699,68
chr24,2285950,0.0004875000000000001,1.2952670568934324,0.25925715980768904,0.5862692410255792,67
chr24,2355438,0.0006704793028322442,2.0863284524698886,0.15391278003489653,0.8127253173472397,61
chr24,2355446,0.0006704793028322442,2.0863284524698886,0.15391278003489653,0.8127253173472397,61
chr24,2355462,0.0006704793028322442,2.0863284524698886,0.15391278003489653,0.8127253173472397,61
chr24,2355479,0.0006704793028322442,2.0863284524698886,0.15391278003489653,0.8127253173472397,61
chr24,2356808,-0.0005232142857142857,1.5402352093046436,0.21897593661097772,0.6596036074030699,68
chr24,2435108,-0.0006904315196998125,2.573282132115981,0.11353042015080317,0.944887754915714,67
chr24,2452509,0.00039316239316239334,0.8154240778429448,0.36990772095418434,0.43190660371352646,66
chr24,2513821,0.00020833333333333337,0.23276133726759587,0.6311046414468489,0.19989862580313267,67
chr24,2513848,0.00020833333333333337,0.23276133726759587,0.6311046414468489,0.19989862580313267,67
chr24,2514136,-0.00025661375661375677,0.3528018907046892,0.5545315646441691,0.2560737282152178,69
chr24,2547363,0.00030256410256410273,0.5071927348485029,0.4788293203147572,0.3198192641531858,69
chr24,2547414,0.00030256410256410273,0.5071927348485029,0.4788293203147572,0.3198192641531858,69
chr24,2573843,-0.0004295112781954889,0.9558229399319114,0.3319227014177114,0.47896304357426545,66
chr24,2673373,0.000385897435897436,0.8282509569152431,0.36604125848515634,0.43646996017236206,69
chr24,2713983,-0.0002546296296296295,0.32907701498925346,0.5683121635897048,0.24541304864758537,63
chr24,2734437,-0.0003403508771929826,0.6315754144944414,0.4296265796813933,0.36690885800711626,68
chr24,2740512,-0.00039671814671814664,0.8165227729335807,0.3696410992778517,0.4322197468749675,65
chr24,2745854,0.0002870689655172414,0.45230311009857727,0.5035561652546463,0.29795208240967885,69
chr24,2745889,0.00032500000000000004,0.5963364641170695,0.4426549243076626,0.3539347001154321,70
chr24,2775586,0.00034035087719298243,0.6315754144944413,0.4296265796813933,0.36690885800711626,68
chr24,2775601,0.00034035087719298243,0.6315754144944413,0.4296265796813933,0.36690885800711626,68
chr24,2775602,0.00034035087719298243,0.6315754144944413,0.4296265796813933,0.36690885800711626,68
chr24,2775624,0.00034035087719298243,0.6315754144944413,0.4296265796813933,0.36690885800711626,68
chr24,2775633,0.0003769100169779288,0.7958404553460658,0.3755327386380758,0.4253521955703924,69
chr24,2775772,-0.0003769100169779288,0.7958404553460658,0.3755327386380758,0.4253521955703924,69
chr24,2777766,-0.00027837837837837835,0.4092696609207815,0.5245889315429735,0.2801808769567237,67
chr24,2788090,-0.0004011824324324323,0.9343008683810274,0.33722401005465075,0.4720815115590862,69
chr24,2815527,0.00047912713472485766,1.3459339438658553,0.2503679130757508,0.6014213306815127,65
chr24,2849605,-0.00042187499999999994,1.0052264023428634,0.319656516516211,0.49531643761464855,69
chr24,2865373,-0.0003783410138248847,0.765425863603219,0.38490732640564373,0.4146438223757614,66
chr24,2970298,-0.0002903225806451612,0.4967727676844797,0.48340147609554374,0.3156920277819666,68
chr24,3084304,-9.61538461538462e-05,0.05087752337328648,0.8222299123282313,0.08500672784417539,69
chr24,3105246,-4.2471042471042424e-05,0.009123413829936991,0.9242077121265091,0.034230411796525896,65
chr24,3131651,-6.631299734748043e-06,0.00023239384249270915,0.9878831340814496,0.005294429122418539,68
chr24,3132298,-5.73275862068965e-05,0.018057879076723612,0.8935052654313085,0.04890288385109108,69
chr24,3132582,4.417293233082701e-05,0.01048059459819722,0.9187792960759739,0.036788799830153276,66
chr24,3238955,-0.00015205724508050088,0.12077502599753534,0.7292848081856516,0.13710283318026262,69
chr24,3283624,-8.744186046511624e-05,0.03861194156538684,0.8448232624142982,0.07323413624128393,68
chr24,3289443,0.00032499999999999993,0.5069345890852813,0.47913954784991075,0.3195379812935047,64
chr24,3388206,9.521575984990609e-05,0.0460687554485087,0.8307228293179103,0.08054385440708849,67
chr24,3466421,-0.00022435897435897436,0.26704614266682875,0.6071295806425889,0.2167186068620487,65
chr24,3493462,5.952380952380947e-05,0.019438568406609204,0.8895285935781493,0.05084008711505407,70
chr24,3500537,-4.2682926829268175e-05,0.00993656962402307,0.9209033244484511,0.035785959230189825,67
chr24,3562316,-9.775641025641007e-05,0.045540846837727,0.8317242755895922,0.08002062255082314,63
chr24,3565571,-0.00019899665551839464,0.17249117100837147,0.6793887610333895,0.16788164183683835,62
chr24,3565632,0.00019899665551839464,0.17249117100837147,0.6793887610333895,0.16788164183683835,62
chr24,3588373,0.00013756613756613756,0.10092210746092081,0.7517138440787381,0.12394745141462281,69
chr24,3599008,-0.0003241758241758242,0.558218529047307,0.45763247770288273,0.3394831616918014,68
chr24,3609811,0.00025961538461538456,0.32675577483517254,0.5697109946357559,0.24434539917845352,62
chr24,3609844,0.00025961538461538456,0.32675577483517254,0.5697109946357559,0.24434539917845352,62
chr24,3662853,-0.000256060606060606,0.3413563451211753,0.5612019437597251,0.2508808334336619,63
chr24,3694321,0.0001719015280135825,0.1639999178036169,0.6867903835901992,0.1631757944414511,69
chr24,3790442,0.00024101307189542483,0.3332245615507013,0.5656728618537424,0.24743465603045792,70
chr24,3891379,0.0002521008403361345,0.35734095660707266,0.5520019512318268,0.2580593871118924,69
chr25,5932,0.00043461538461538464,1.0550146686874367,0.30804901542477814,0.5113801749448103,69
chr25,21585,0.00042500000000000014,1.015862247380866,0.31712874537960756,0.49876439060004063,69
chr25,34120,-0.0003842592592592591,0.6987617041159591,0.4064625867026367,0.39097942334512137,63
chr25,34135,-0.0003842592592592591,0.6987617041159591,0.4064625867026367,0.39097942334512137,63
chr25,47210,0.0001303616484440707,0.09437027610685368,0.7596319142844309,0.11939679761265948,70
chr25,102140,4.96277915632754e-05,0.013890449294754022,0.9065278127020414,0.04261886700396257,70
chr25,115594,0.00028589743589743584,0.4559489707205953,0.501847109201166,0.29942857318121097,69
chr25,169038,-0.00022563352826510724,0.2592926690634542,0.6123854775520088,0.2129751169512583,65
chr25,176859,-0.0002185461323392358,0.2776786399729134,0.6000485888458723,0.22181358126092132,66
chr25,191385,0.00043548387096774223,1.066660459919929,0.3054146679518527,0.5151101091997712,69
chr25,191493,0.00043548387096774223,1.066660459919929,0.3054146679518527,0.5151101091997712,69
chr25,290639,0.00011882572227399829,0.07951533249583995,0.7788651455155708,0.10853773055378794,66
chr25,308610,-0.00036351351351351365,0.7139299519231497,0.40124166326416644,0.3965939779789283,67
chr25,312426,-0.00016129032258064527,0.13609145345672136,0.7134965845926058,0.14660810145071462,62
chr25,380365,-0.0001728448275862071,0.16201626952881817,0.6885883042472418,0.16204035811119055,69
chr25,380366,-0.0001728448275862071,0.16201626952881817,0.6885883042472418,0.16204035811119055,69
chr25,380378,-0.00020778072502210444,0.2302872333865405,0.6328974951733817,0.19866662313495118,68
chr25,380382,-0.00020778072502210444,0.2302872333865405,0.6328974951733817,0.19866662313495118,68
chr25,380396,-0.0002188644688644689,0.24670843564220676,0.6210781058554695,0.20685378016315925,67
chr25,406261,-0.00011964285714285724,0.07742181291649132,0.7816920478805204,0.10696430607943809,68
chr25,407549,-0.00016400336417157283,0.14948320850384064,0.7002369559317673,0.15475497250027914,70
chr25,407620,-0.000197844827586207,0.2140769668283708,0.6450897372550136,0.19037986725022288,69
chr25,462961,8.571428571428573e-05,0.040110404902383275,0.8418807161623147,0.0747494381705657,68
chr25,462988,0.00013186813186813186,0.09409091937182161,0.7600199317294083,0.11917501807895906,67
chr25,467492,9.62962962962964e-05,0.04881617444061039,0.8258287456395326,0.08311000417462377,67
chr25,467646,7.678410117434516e-05,0.031181703176865087,0.8603763667149665,0.06531152755728993,68
chr25,480987,0.00024651567944250865,0.33904713198331415,0.562334135614507,0.25000555252288204,69
chr25,483591,0.00019285714285714276,0.20258654265184695,0.6541160654014112,0.18434518425818736,68
chr25,494072,0.00022980769230769213,0.2695229250239555,0.605442704991588,0.2179269492729221,66
chr25,497154,-0.00017857142857142854,0.1753481175863855,0.6767215569179185,0.16958998887579874,70
chr25,497262,0.00017857142857142854,0.1753481175863855,0.6767215569179185,0.16958998887579874,70
chr25,634257,-0.00014895470383275244,0.11992344573522559,0.7302027063830836,0.13655656173816627,69
chr25,672254,-0.00022893772893772877,0.28002737892305235,0.5984858876063914,0.22294608587065443,67
chr25,701183,0.00019999999999999993,0.2246077621800177,0.6370694420255654,0.19581322599307296,70
chr25,701228,0.00019999999999999993,0.2246077621800177,0.6370694420255654,0.19581322599307296,70
chr25,702871,0.0001692307692307692,0.15784964660526787,0.6924069536385624,0.1596385792835117,69
chr25,736423,-0.00019999999999999998,0.2246077621800177,0.6370694420255654,0.19581322599307296,70
chr25,781749,-0.00016923076923076912,0.15784964660526787,0.6924069536385624,0.1596385792835117,69
chr25,786538,0.00019999999999999993,0.2246077621800177,0.6370694420255654,0.19581322599307296,70
chr25,786569,0.0001692307692307692,0.15784964660526787,0.6924069536385624,0.1596385792835117,69
chr25,797777,-0.00016923076923076912,0.15784964660526787,0.6924069536385624,0.1596385792835117,69
chr25,801417,-0.0004735294117647057,1.2714307263229851,0.26384330524783717,0.5786539211222906,64
chr25,801432,-0.0004735294117647057,1.2714307263229851,0.26384330524783717,0.5786539211222906,64
chr25,814494,-0.0003920940170940169,0.7270446065968865,0.397233784453494,0.40095382216615755,62
chr25,826925,-0.00016923076923076912,0.1578496466052679,0.6924069536385624,0.1596385792835117,69
chr25,874594,0.00019999999999999993,0.2246077621800177,0.6370694420255654,0.19581322599307296,70
chr25,874653,-0.00019999999999999998,0.2246077621800177,0.6370694420255654,0.19581322599307296,70
chr25,887972,-0.00030301724137931025,0.5004532296407435,0.48175455594807315,0.31717416953446675,69
chr25,906994,0.00045010395010395,1.1380343801575294,0.2902720667212235,0.5371947549107295,63
chr25,919039,0.00030897435897435903,0.5261074658368485,0.4707738502646236,0.32718766860086756,69
chr25,928816,0.0003719827586206895,0.776730038325841,0.38129382755223895,0.41874022510057496,69
chr25,928944,0.00036781609195402304,0.7402160176588516,0.3927063087974576,0.40593212176519367,68
chr25,948961,-0.0002274774774774774,0.27488271784019697,0.6018584545775147,0.22050563436329568,67
chr25,955439,8.79464285714285e-05,0.041648209028033546,0.838929445255708,0.07627456220416359,67
chr25,981418,0.00017349607672188303,0.16266564266740935,0.6880177415943386,0.16240036266975477,68
chr25,1032880,7.352941176470597e-05,0.029851286319064245,0.8633568480734735,0.06380966185523126,68
chr25,1062280,-0.0002015873015873015,0.21751873905932936,0.6426259971548571,0.19204170923497998,62
chr25,1065840,0.00023753665689149557,0.2782559484287112,0.5997293054527586,0.22204472907540415,64
chr25,1065956,0.00023753665689149557,0.2782559484287112,0.5997293054527586,0.22204472907540415,64
chr25,1094697,3.0303030303030197e-05,0.004858053742219365,0.9446499753409908,0.024729082429969233,66
chr25,1127139,0.0001519480519480522,0.12755498505156362,0.722120165773773,0.14139052682086442,68
chr25,1132872,0.00013071895424836592,0.0976862368352536,0.7555805937973153,0.12171920495212496,70
chr25,1132923,0.00013071895424836592,0.0976862368352536,0.7555805937973153,0.12171920495212496,70
chr25,1132960,0.00013071895424836592,0.0976862368352536,0.7555805937973153,0.12171920495212496,70
chr25,1226227,-0.00030758928571428593,0.5422084418482738,0.4641681859794513,0.3333246293412307,67
chr25,1261995,0.00030090497737556563,0.49313597550571053,0.48534049990059425,0.3139534668766347,60
chr25,1318741,-4.095004095004129e-06,9.54940567588053e-05,0.9922317247361164,0.0033868913317098284,70
chr25,1394768,9.895833333333325e-05,0.05341397963964679,0.8179407154311422,0.08727817297191395,68
chr25,1401469,-4.193548387096779e-05,0.0091580169177524,0.9240598242797508,0.03429991134100164,66
chr25,1401502,-4.193548387096779e-05,0.0091580169177524,0.9240598242797508,0.03429991134100164,66
chr25,1401637,-9.803921568627445e-05,0.054913994993136934,0.8154272300183485,0.08861479000275449,70
chr25,1412192,-9.870129870129879e-05,0.05334688686680601,0.8180530432962014,0.08721853537027201,68
chr25,1438616,8.639705882352947e-05,0.03848646823987091,0.8450911261927787,0.07309645854275151,66
chr25,1474334,7.35294117647059e-05,0.03008643010831037,0.86282515673655,0.06407720099115162,68
chr25,1492143,-9.215686274509806e-05,0.04295918316135936,0.8364814044377987,0.07754370926203884,64
chr25,1550746,0.00013613445378151247,0.10380841255571227,0.7483095720494819,0.12591869943594877,69
chr25,1564234,0.00016520039100684247,0.13604956839856258,0.7134968976389029,0.14660791090425299,64
chr25,1569256,0.00016176470588235293,0.14342157250099014,0.7061184596851411,0.151122434823586,68
chr25,1633434,6.207233626588474e-05,0.019946344226718645,0.8881449295284394,0.05151615926794294,64
chr25,1674472,-1.3852813852813945e-05,0.0010406033627207733,0.97436335289936,0.011279058796673999,68
chr25,1674538,-1.3852813852813945e-05,0.0010406033627207733,0.97436335289936,0.011279058796673999,68
chr25,1681372,3.966131907308385e-05,0.008424335237705045,0.9271518031451677,0.03284915272623557,67
chr25,1696071,-1.9047619047619002e-05,0.0019852120840900475,0.9645959721350886,0.01565455589449806,68
chr25,1782768,-5.126050420168071e-05,0.014686028824336936,0.9039064862150169,0.043876497203303624,69
chr25,1782781,-5.126050420168071e-05,0.014686028824336936,0.9039064862150169,0.043876497203303624,69
chr25,1782784,-5.126050420168071e-05,0.014686028824336936,0.9039064862150169,0.043876497203303624,69
chr25,1782830,-5.126050420168071e-05,0.014686028824336936,0.9039064862150169,0.043876497203303624,69
chr25,1829559,0.00010569852941176463,0.06015701521132506,0.8070327217183322,0.09310885614086466,66
chr25,1838459,1.3364055299539017e-05,0.0009461237508210089,0.9755573610848317,0.010747189754625118,66
chr25,1838476,-2.195340501792121e-05,0.0026066877554525264,0.9594376857892938,0.017983226865642264,67
chr25,1899974,9.400921658986165e-05,0.0468559903244691,0.8293157899271438,0.0812800657005853,66
chr25,1902037,9.76958525345622e-05,0.04988983157089508,0.8239664959237109,0.08409044720006645,66
chr25,1927364,-0.0002274305555555554,0.2881719160702654,0.5931994635282544,0.22679925040633964,68
chr25,1927519,-0.00027329749103942655,0.40717423956488197,0.525649007216535,0.279304151493308,67
chr25,1935743,5.747126436781609e-05,0.015596848869370059,0.9010302289506844,0.045260638492356224,62
chr25,1935744,5.747126436781609e-05,0.015596848869370059,0.9010302289506844,0.045260638492356224,62
chr25,1935766,5.747126436781609e-05,0.015596848869370059,0.9010302289506844,0.045260638492356224,62
chr25,1937666,0.00013888888888888878,0.09375576367399757,0.7604983436171159,0.11890172751332319,63
chr25,1952868,-0.00024830220713073004,0.3403851572605007,0.5615658621369568,0.2505993010494956,69
chr25,2011990,2.1778584392014547e-05,0.002552278071786522,0.9598628796224005,0.017790803290297953,67
chr25,2027268,-6.586021505376354e-05,0.023586463321172063,0.8784176258426057,0.05629895849350118,67
chr25,2027275,-6.586021505376354e-05,0.023586463321172063,0.8784176258426057,0.05629895849350118,67
chr25,2027287,-6.586021505376354e-05,0.023586463321172063,0.8784176258426057,0.05629895849350118,67
chr25,2059908,-0.0001120071684587815,0.06792240210396351,0.7952100198868635,0.09951815633438701,67
chr25,2073173,0.00016840277777777773,0.15513187960950345,0.6949482598249699,0.15804752822855017,68
chr25,2080837,-0.00025000000000000006,0.3494814760526226,0.556426102096768,0.25459250533221806,68
chr25,2104326,0.00013865546218487385,0.10685044891159286,0.744777771367346,0.12797329378364675,69
chr25,2108080,0.00010714285714285716,0.06426387117886756,0.8006556700971402,0.09655421640997071,69
chr25,2207759,-9.457236842105267e-05,0.050761865437876315,0.822418572283333,0.0849070907745124,70
chr25,2214363,-9.457236842105267e-05,0.050761865437876315,0.822418572283333,0.0849070907745124,70
chr25,2214439,-9.56140350877195e-05,0.04934226547312391,0.8248976884765843,0.08359991337184358,68
chr25,2319765,0.0001267361111111113,0.0870550117755957,0.7688811853022927,0.11414076625094689,68
chr25,2361379,0.00027077223851417414,0.3971851705896511,0.530862574212356,0.27501789132109156,64
chr25,2361437,-0.00027656546489563576,0.4270431098412622,0.5158214963280201,0.2875005630470363,65
chr25,2417496,0.0001304898648648651,0.09488487515042854,0.7590121591411239,0.11975126678489201,69
chr25,2428108,-4.422604422604394e-05,0.008935427168865273,0.9250217441587836,0.033848058334284684,59
chr25,2439064,9.895833333333336e-05,0.0534139796396468,0.8179407154311422,0.08727817297191395,68
chr25,2445013,0.00015476190476190508,0.1262867681072702,0.723500613675519,0.14056109617482826,65
chr25,2451473,0.0001678951678951681,0.16090512723566067,0.6895822839456771,0.16141390449695403,70
chr25,2464820,0.0002672697368421055,0.4075488313860032,0.5253605279570881,0.2795425602792889,70
chr25,2464821,0.0002672697368421055,0.4075488313860032,0.5253605279570881,0.2795425602792889,70
chr25,2487453,-0.00035416666666666675,0.7093406871061088,0.4026152485644837,0.39510978075883085,70
chr25,2524899,-0.00026088929219600745,0.3674256335646771,0.5465219777993742,0.26239236867297505,67
chr25,2524990,0.0002519493177387918,0.32620444896795703,0.569934549744801,0.24417501505861278,65
chr25,2524994,0.0002519493177387918,0.32620444896795703,0.569934549744801,0.24417501505861278,65
chr25,2566039,0.0005422473867595823,1.6248778603627991,0.20681607313530254,0.6844157121800737,69
chr25,2566332,0.0005379629629629632,1.577349408954012,0.21363857287008334,0.6703203318296458,67
chr25,2586023,0.0005901856763925734,1.9179030404346413,0.17075168704983398,0.7676349967368303,68
chr25,2596211,0.0004060344827586208,0.9110167691697506,0.3432758751094823,0.46435671703735526,69
chr25,2596300,0.0004060344827586208,0.9110167691697506,0.3432758751094823,0.46435671703735526,69
chr25,2614091,-0.00039257294429708247,0.8311088626224534,0.36526996248832655,0.4373860399751347,68
chr25,2631225,0.0004153846153846157,0.9615494616005952,0.33032445708934977,0.4810592701301734,69
chr25,2631512,-0.0004153846153846157,0.9615494616005952,0.33032445708934977,0.4810592701301734,69
chr25,2636707,-0.0004416666666666667,1.1095607925600197,0.2959060438659025,0.5288461643060626,70
chr25,2644385,0.0004416666666666669,1.1095607925600197,0.2959060438659025,0.5288461643060626,70
chr25,2644608,0.0004410256410256412,1.0782273607275286,0.3028274065593689,0.5188048227687834,69
chr25,2667396,-0.0004060344827586208,0.9110167691697506,0.3432758751094823,0.46435671703735526,69
chr25,2667554,0.0005435897435897438,1.7786871640870685,0.1868269040625264,0.7285605828995223,69
chr25,2667568,-0.0005435897435897438,1.7786871640870685,0.1868269040625264,0.7285605828995223,69
chr25,2667608,-0.0005435897435897438,1.7786871640870685,0.1868269040625264,0.7285605828995223,69
chr25,2667653,0.0005435897435897438,1.7786871640870685,0.1868269040625264,0.7285605828995223,69
chr25,2667670,-0.0005079575596816978,1.5095489381129215,0.22357094418911164,0.6505846390605863,68
chr25,2667768,0.0005079575596816978,1.5095489381129215,0.22357094418911164,0.6505846390605863,68
chr25,2730005,-0.00045350877192982495,1.1281936200058218,0.2920321416140239,0.5345693466426472,68
chr25,2733034,-0.0005170170170170171,1.5009400908193289,0.22516079760534924,0.647507221572555,64
chr25,2783463,-0.00045714285714285735,1.1262023280288838,0.2924548311115588,0.5339412000563036,68
chr25,2833184,0.0003024630541871923,0.4672142970451055,0.49681816295162984,0.3038025353647331,64
chr25,2900104,-0.0004900793650793651,1.2628800100427897,0.26543907235376135,0.5760351490726778,64
chr25,2934168,-0.0005907707910750509,1.7788893429002715,0.18724452819362403,0.7275908647368374,63
chr26,18937,0.00032483552631578955,0.6037413103036436,0.4398487802948745,0.35669660799452907,70
chr26,75324,0.00045454545454545476,1.1972970400685228,0.2777234524181197,0.5563874446079834,70
chr26,75356,-0.00045454545454545476,1.1972970400685228,0.2777234524181197,0.5563874446079834,70
chr26,75373,0.00045454545454545476,1.1972970400685228,0.2777234524181197,0.5563874446079834,70
chr26,75441,-0.00045454545454545476,1.1972970400685228,0.2777234524181197,0.5563874446079834,70
chr26,154882,-0.0005679487179487182,1.8219368199875003,0.1816258249575671,0.7408224000926528,69
chr26,154972,-0.0005679487179487182,1.8219368199875003,0.1816258249575671,0.7408224000926528,69
chr26,222862,-0.0005715010141987831,1.6967144043868256,0.19761460662678135,0.7041809578103202,63
chr26,222867,-0.0005715010141987831,1.6967144043868256,0.19761460662678135,0.7041809578103202,63
chr26,265458,-0.0006009009009009007,2.0677551290082685,0.15524010512135797,0.8089960718479577,67
chr26,265533,-0.0006009009009009007,2.0677551290082685,0.15524010512135797,0.8089960718479577,67
chr26,279374,0.0004056261343012705,0.8938077336659652,0.3479487820670646,0.45848467933703324,67
chr26,281252,0.0005191804707933741,1.5097652500572818,0.22353814443851747,0.6506483584126581,68
chr26,290480,0.0005675675675675674,1.8417952314165484,0.17929509798475673,0.7464315840980119,69
chr26,344248,0.0002293447293447292,0.27504575960951505,0.6017787606166672,0.22056314446193795,66
chr26,344340,0.0002721153846153846,0.3802238914195379,0.5396707656507254,0.26787110733862174,66
chr26,344716,0.00018681318681318688,0.18476992959969374,0.6687058838137449,0.17476485551013413,68
chr26,406365,3.176043557168785e-05,0.0052668254817122,0.9423688501260724,0.02577907786463803,67
chr26,406450,3.176043557168785e-05,0.0052668254817122,0.9423688501260724,0.02577907786463803,67
chr26,424213,0.0001053571428571427,0.05940504968520627,0.8081947896190935,0.09248395375351734,68
chr26,434009,-3.750000000000007e-05,0.007579196036506741,0.9308885457064378,0.03110231352160219,68
chr26,466546,-8.796296296296424e-06,0.000413469400506761,0.9838392666794633,0.007075848007734374,67
chr26,466562,-8.796296296296424e-06,0.000413469400506761,0.9838392666794633,0.007075848007734374,67
chr26,466569,-8.796296296296424e-06,0.000413469400506761,0.9838392666794633,0.007075848007734374,67
chr26,509450,-3.605514316012725e-05,0.005896018427114415,0.9390414118025023,0.027315254889652182,64
chr26,574789,0.00048716302952503203,1.0492250617991088,0.30993896412214755,0.5087238227941994,60
chr26,629568,0.00010690789473684207,0.06488117350689135,0.7997098022198557,0.09706758070662883,70
chr26,629570,0.00010690789473684207,0.06488117350689135,0.7997098022198557,0.09706758070662883,70
chr26,629613,-0.00010690789473684199,0.06488117350689135,0.7997098022198557,0.09706758070662883,70
chr26,629714,-7.347972972972975e-05,0.030057905223205502,0.8628816366795595,0.06404877330263631,69
chr26,647538,3.823529411764698e-05,0.007636788749037592,0.9306441713518099,0.03121633830706063,64
chr26,652215,-0.00028596491228070165,0.4490200602208654,0.5051385475133057,0.2965894888752069,68
chr26,676571,-6.960950764006779e-05,0.02681344819641487,0.8704223886417859,0.06026994676062994,69
chr26,685347,-0.0001881720430107524,0.1873760876343526,0.6665424653243099,0.17617217652990524,67
chr26,698770,-0.0001786398467432951,0.1684441187286132,0.6828907774846347,0.16564875243692986,65
chr26,700867,-0.00016089527027027018,0.14436107802949288,0.7051852022442201,0.1516968096045756,69
chr26,900588,9.865900383141756e-05,0.05002198486468477,0.8237487005660795,0.08420525748130413,65
chr26,900642,9.865900383141756e-05,0.05002198486468477,0.8237487005660795,0.08420525748130413,65
chr26,903393,-0.00012637362637362646,0.08200925432039208,0.7755959649101383,0.11036445903353266,61
chr26,975877,0.0001859649122807017,0.18839422513381054,0.6656720770660909,0.17673966000860045,68
chr26,979563,0.0002336660617059889,0.3022439559755638,0.5843631931521251,0.23331714645837004,67
chr26,983733,0.0002608108108108108,0.35671106004138153,0.5524134592294017,0.25773574863458854,67
chr26,1001736,0.00023811544991511025,0.31538212094783735,0.5762698930020105,0.23937406937343247,69
chr26,1001781,0.00023811544991511025,0.31538212094783735,0.5762698930020105,0.23937406937343247,69
chr26,1002058,-0.00023811544991511025,0.31538212094783735,0.5762698930020105,0.23937406937343247,69
chr26,1004546,-0.00023811544991511025,0.31538212094783735,0.5762698930020105,0.23937406937343247,69
chr26,1028679,0.0002327811682650391,0.30451460229723876,0.5829296422313738,0.2343838600516292,68
chr26,1036836,-0.000293569431500466,0.44520617811906715,0.5070190241293804,0.2949757449676342,66
chr26,1036889,-0.000293569431500466,0.44520617811906715,0.5070190241293804,0.2949757449676342,66
chr26,1037263,-0.00013071895424836586,0.0803041348973339,0.7778776702137347,0.10908869520612312,61
chr26,1041822,0.00025551782682512727,0.3739745032071947,0.5429152581473263,0.2652679527151607,69
chr26,1085510,-0.00037415540540540525,0.7874568614574965,0.3780446765827028,0.422456873054836,69
chr26,1126513,-0.0002828282828282827,0.46268761891339966,0.49871435278247045,0.3021481327952129,69
chr26,1126878,-0.00023214285714285698,0.29605493658468407,0.5882279051576349,0.23045437668628918,67
chr26,1155556,0.00021515151515151507,0.24022877517316005,0.6257992251249203,0.20356497894019246,63
chr26,1166085,-0.00032589285714285695,0.5865184322753499,0.44654077940783266,0.350138873924157,67
chr26,1171722,-0.00029262672811059887,0.46402504106861675,0.4982062965907149,0.3025907879249203,66
chr26,1188976,-0.00016727941176470588,0.15205136392756355,0.6978773732991342,0.1562208822166131,66
chr26,1198478,0.00032773109243697474,0.6061368478528506,0.4389870665501766,0.3575482747661531,69
chr26,1235461,-0.000462121212121212,1.2139584256477436,0.2744919074408723,0.5614704548772084,69
chr26,1237139,-0.0004740259740259739,1.2423771872315408,0.2690558333376645,0.5701575876766002,68
chr26,1245003,-0.0004914004914004915,1.4034942879846524,0.24026350860485096,0.6193121851469654,70
chr26,1245028,-0.0004914004914004915,1.4034942879846524,0.24026350860485096,0.6193121851469654,70
chr26,1253734,0.00046212121212121216,1.2139584256477438,0.2744919074408723,0.5614704548772084,69
chr26,1257378,0.0005315656565656565,1.6142327758737172,0.2082919743500845,0.6813274634301731,69
chr26,1257398,0.0005315656565656565,1.6142327758737172,0.2082919743500845,0.6813274634301731,69
chr26,1258438,-0.0004914004914004915,1.4034942879846524,0.24026350860485096,0.6193121851469654,70
chr26,1258976,0.0005499999999999998,1.5884565563969621,0.2122697071336711,0.6731119792837738,64
chr26,1260422,-0.0004771959459459456,1.2842143482409893,0.26115582152189754,0.5831002886986818,69
chr26,1262635,-0.00039237451737451733,0.8091243576741061,0.3718046750701961,0.42968515371306115,65
chr26,1285615,-0.0006310924369747896,2.3019728166903546,0.13391429331691818,0.8731730661741356,69
chr26,1285636,-0.0006310924369747896,2.3019728166903546,0.13391429331691818,0.8731730661741356,69
chr26,1290084,0.0006944444444444444,2.805319220205006,0.09861398161089922,1.0060615058905957,69
chr26,1295666,-0.0007621527777777775,3.357148041586709,0.07142585015068131,1.146144581697024,68
chr26,1341878,0.0006881313131313128,2.7499491138485848,0.10193252316247019,0.9916872254497726,69
chr26,1342057,0.0006413398692810455,2.4320395688954455,0.12352043812618238,0.9082611765659335,70
chr26,1342090,0.0006413398692810455,2.4320395688954455,0.12352043812618238,0.9082611765659335,70
chr26,1342129,0.0006413398692810455,2.4320395688954455,0.12352043812618238,0.9082611765659335,70
chr26,1342149,0.0006413398692810455,2.4320395688954455,0.12352043812618238,0.9082611765659335,70
chr26,1389014,-0.000753565062388592,3.1834040691699266,0.07905681602218456,1.1020606806563529,67
chr26,1390655,-0.0010304621848739493,5.6050596682897895,0.02115034561193572,1.6746825315451939,62
chr26,1401264,-0.0006289915966386553,2.288223207233079,0.13506202209636972,0.8694667524781102,69
chr26,1407025,-0.0005606060606060604,1.6506010549860624,0.20358094812427796,0.6912628673551504,65
chr26,1413336,0.0006401515151515149,2.216349079263413,0.14154467262998602,0.8491064716958361,65
chr26,1413339,0.0006401515151515149,2.216349079263413,0.14154467262998602,0.8491064716958361,65
chr26,1413363,0.0006401515151515149,2.216349079263413,0.14154467262998602,0.8491064716958361,65
chr26,1446218,0.0004697712418300652,1.2835924259340203,0.26121108633265827,0.5830083946598924,70
chr26,1446228,-0.0004697712418300649,1.2835924259340203,0.26121108633265827,0.5830083946598924,70
chr26,1456679,-0.00042187499999999994,0.8887796436858402,0.34946739492516354,0.45659333741366964,64
chr26,1456684,-0.00047857142857142857,1.1974670895241177,0.27799477629872005,0.5559633646788853,65
chr26,1456718,-0.0004317972350230414,0.9973850378725704,0.3217051483803758,0.4925419888484289,66
chr26,1456763,-0.0004317972350230414,0.9973850378725704,0.3217051483803758,0.4925419888484289,66
chr26,1502124,0.0004697712418300652,1.2835924259340203,0.26121108633265827,0.5830083946598924,70
chr26,1526927,0.0004697712418300652,1.2835924259340203,0.26121108633265827,0.5830083946598924,70
chr26,1551319,0.0003213012477718359,0.5823857635724401,0.4481396310482305,0.3485866477305897,67
chr26,1564349,-0.0004697712418300649,1.2835924259340203,0.26121108633265827,0.5830083946598924,70
chr26,1564834,-0.0005593434343434343,1.8467980267198667,0.17871350425716612,0.7478426293478538,69
chr26,1730351,0.0005151260504201676,1.5163158361974425,0.22248268463282678,0.6527037836090706,69
chr26,1785067,0.0005445632798573975,1.6663618817564558,0.20131903809841525,0.6961151533272943,67
chr26,1841120,0.0005773955773955776,1.9530423160035246,0.1668024171500158,0.7777976602491931,70
chr26,1949744,-0.0006464646464646459,2.4582062964037057,0.12162338671458213,0.9149829074274072,69
chr26,1953342,0.0005766233766233766,1.882789765801031,0.17466321302485882,0.7577985550207166,68
chr26,1953387,0.0005773584905660377,1.277425339917733,0.2624690222428108,0.5809219465928692,68
chr26,1953388,-0.00018509615384615396,0.13409729159206127,0.7153923292349468,0.14545572086694128,68
chr26,1957685,0.00046925403225806433,1.1345423176816383,0.29100656132910474,0.5360972188597989,63
chr26,1963737,-0.0005773955773955776,1.9530423160035246,0.1668024171500158,0.7777976602491931,70
chr26,1988694,0.0005492424242424239,1.7277423659464246,0.19318152138642503,0.7140344180018738,69
chr26,1988746,0.0005492424242424239,1.7277423659464246,0.19318152138642503,0.7140344180018738,69
chr26,2007495,0.0005208333333333334,1.5122907997727075,0.22315562499111247,0.651392161604935,68
chr26,2061389,-0.0006168300653594767,2.2436869406765894,0.13878865991715483,0.8576460175742527,70
chr26,2061425,-0.0006886554621848736,2.8083220986254807,0.09843748505926687,1.0068394904470388,69
chr26,2061429,0.0006786987522281639,2.6536149125282935,0.10815220981807684,0.9659646024200624,67
chr26,2061466,-0.0006168300653594767,2.2436869406765894,0.13878865991715483,0.8576460175742527,70
chr26,2061785,0.00063510101010101,2.311927229867991,0.13309030739082195,0.8758535718728748,69
chr26,2076356,0.000548611111111111,1.7115646315037145,0.1953204677896372,0.7092522442577951,68
chr26,2077492,-0.0005098684210526315,1.5070268574933865,0.22382606616840803,0.6500893381208616,70
chr26,2077549,0.0005910714285714287,1.9532595032445694,0.16698805610077225,0.7773145908585842,67
chr26,2079406,-0.0005322580645161292,1.5300398802511714,0.22055689041107474,0.6564793698929938,67
chr26,2079733,0.0005098684210526316,1.5070268574933865,0.22382606616840803,0.6500893381208616,70
chr26,2080064,0.0005941586748038357,1.9920244453487537,0.16282629111621214,0.7882754694417761,68
chr26,2080125,-0.0005941586748038361,1.9920244453487537,0.16282629111621214,0.7882754694417761,68
chr26,2080972,0.0004796264855687606,1.2971063616209253,0.2587982420398767,0.5870386780611966,69
chr26,2081100,0.0004796264855687606,1.2971063616209253,0.2587982420398767,0.5870386780611966,69
chr26,2081611,0.0006464285714285713,2.0447990881176,0.15782931365343322,0.8018123320796097,63
chr26,2112060,-0.0007172675521821632,2.7849292490225603,0.1001177091024326,0.9994890964944475,65
chr26,2181334,-0.0006267056530214424,2.021109957117744,0.16005743251917393,0.795724153902752,65
chr26,2210097,-0.0005522030651340994,1.7206874551030928,0.1943647022253282,0.7113826026847164,65
chr26,2245351,-0.00046993810786914237,1.2827785573811623,0.26148097519804886,0.5825599039939365,68
chr26,2253026,-0.0007147465437788018,2.917542999509722,0.09246777136468304,1.0340096095030866,66
noOrient_tig00001000_pilon_64852,46534,4.465075154730324e-05,0.01070000409395494,0.9179267895656904,0.03719195513375301,68
noOrient_tig00001624_pilon_246163,35334,0.00013071895424836573,0.0976862368352536,0.7555805937973153,0.12171920495212496,70
noOrient_tig00001624_pilon_246163,76257,-0.00013071895424836575,0.0976862368352536,0.7555805937973153,0.12171920495212496,70
noOrient_tig00001624_pilon_246163,77300,-0.00012566844919786093,0.0839329378252657,0.7729588673170656,0.11184361626604822,67
noOrient_tig00001624_pilon_246163,77546,0.00012566844919786093,0.0839329378252657,0.7729588673170656,0.11184361626604822,67
noOrient_tig00001624_pilon_246163,109613,8.021390374331543e-05,0.03470465155046731,0.852796089765769,0.06915479963673692,67
noOrient_tig00001624_pilon_246163,145519,1.3685239491691063e-05,0.0009902448818877672,0.974997270288979,0.010996600198994615,64
noOrient_tig00001624_pilon_246163,149052,0.00013071895424836573,0.0976862368352536,0.7555805937973153,0.12171920495212496,70
noOrient_tig00001624_pilon_246163,149427,-0.00021791443850267375,0.2668063588525694,0.6072351574370431,0.21664309179161517,67
noOrient_tig00001648_pilon_227981,27022,2.9411764705882225e-05,0.00482385616137979,0.9448382653194307,0.024642526401574768,68
noOrient_tig00001648_pilon_227981,83394,3.78787878787878e-05,0.007942392711571789,0.9292604905955154,0.031862527372911974,67
noOrient_tig00001648_pilon_227981,148906,0.00013636363636363607,0.09134471398622275,0.7635026653975311,0.11718944247734484,63
noOrient_tig00001648_pilon_227981,152988,9.579831932773112e-05,0.051365637456755556,0.8213938323781823,0.08544856246870454,69
noOrient_tig00001648_pilon_227981,153132,9.579831932773112e-05,0.051365637456755556,0.8213938323781823,0.08544856246870454,69
noOrient_tig00000340_pilon_15884,9488,-0.0009705159705159709,5.8231224564282655,0.018517436855189966,1.732419127626243,70
noOrient_tig00001631_pilon_362455,33164,-0.0009705159705159709,5.8231224564282655,0.018517436855189966,1.732419127626243,70
noOrient_tig00001631_pilon_362455,56544,-0.0009513888888888888,5.337328866723396,0.0240086496261995,1.6196322662812719,68
noOrient_tig00001631_pilon_362455,57798,-0.0009031250000000001,4.663702634837221,0.03450149828596927,1.4621620445441246,67
noOrient_tig00001631_pilon_362455,145693,-0.0009037433155080213,4.79301726964554,0.03217195196137023,1.492522588450392,67
noOrient_tig00001631_pilon_362455,149221,-0.0009318996415770608,4.932838627471888,0.029841242152705196,1.5251831031552072,67
noOrient_tig00001631_pilon_362455,149342,-0.0009525345622119815,5.062303595481504,0.027897508693282475,1.554434578413478,66
noOrient_tig00001631_pilon_362455,175820,-0.0009722222222222219,5.541371806514619,0.021557987234208004,1.6663917895837388,68
noOrient_tig00001631_pilon_362455,187592,-0.001055743243243243,6.957254099155985,0.01036864816887111,1.984277861843333,69
noOrient_tig00001631_pilon_362455,199801,-0.0010486607142857144,6.354593525841229,0.014170756718595329,1.8486069578022577,67
noOrient_tig00001631_pilon_362455,294567,-0.0009705159705159709,5.8231224564282655,0.018517436855189966,1.732419127626243,70
noOrient_tig00001631_pilon_362455,294731,-0.0009253472222222218,5.021758152109132,0.028400665042819857,1.546671490197848,68
noOrient_tig00000832_pilon_152307,113203,-0.0006197916666666666,2.1831394194496365,0.14428588289091568,0.8407761587367028,68
noOrient_tig00000832_pilon_152307,124022,0.0004848484848484848,1.2213837477162641,0.27335958192046717,0.5632656984241493,64
noOrient_tig00001450_pilon_528679,37065,-0.001221171171171171,8.8542604761254,0.004102250511196355,2.386977822195769,67
noOrient_tig00001450_pilon_528679,37067,-0.001221171171171171,8.8542604761254,0.004102250511196355,2.386977822195769,67
noOrient_tig00001450_pilon_528679,37069,-0.001221171171171171,8.8542604761254,0.004102250511196355,2.386977822195769,67
noOrient_tig00001450_pilon_528679,37086,-0.001221171171171171,8.8542604761254,0.004102250511196355,2.386977822195769,67
noOrient_tig00001450_pilon_528679,37104,-0.001221171171171171,8.8542604761254,0.004102250511196355,2.386977822195769,67
noOrient_tig00001450_pilon_528679,37115,-0.001221171171171171,8.8542604761254,0.004102250511196355,2.386977822195769,67
noOrient_tig00001450_pilon_528679,48622,0.0011771235521235517,7.948029536931184,0.0064265509116627414,2.1920220475925083,65
noOrient_tig00001450_pilon_528679,48649,0.0011771235521235517,7.948029536931184,0.0064265509116627414,2.1920220475925083,65
noOrient_tig00001450_pilon_528679,274817,0.0011041666666666665,7.52884322524315,0.007811451308137548,2.107268270020262,68
noOrient_tig00001450_pilon_528679,277125,0.0011503378378378377,8.272593959289285,0.005392277160290065,2.2682277933846304,69
noOrient_tig00001450_pilon_528679,277182,0.0011711711711711711,8.8246956327488,0.004104286388574758,2.386762342672504,70
noOrient_tig00001450_pilon_528679,299184,0.0011711711711711711,8.8246956327488,0.004104286388574758,2.386762342672504,70
noOrient_tig00001450_pilon_528679,341654,0.0011715686274509798,8.047814649718571,0.0061474829493338295,2.211302667147277,64
noOrient_tig00001450_pilon_528679,344850,0.0010746527777777775,7.24825311621597,0.00898538904010154,2.0464631145136494,68
noOrient_tig00001450_pilon_528679,344985,0.0010944444444444443,7.128919070573747,0.009603703146174722,2.017561272601968,66
noOrient_tig00001450_pilon_528679,404163,0.0011120313862249343,7.545660750657323,0.007746416453908155,2.1108991586832047,68
noOrient_tig00001450_pilon_528679,404470,0.001154504504504504,8.074163046085967,0.005991200325738433,2.2224861588091898,67
noOrient_tig00001450_pilon_528679,404700,0.0010708812260536394,6.727743655245189,0.011790494585557467,1.9284679768155752,65
noOrient_tig00001450_pilon_528679,409293,0.0012128378378378373,9.265219429968127,0.0033353154259939998,2.476863087897098,69
noOrient_tig00001450_pilon_528679,409477,0.001111111111111111,7.931554024967718,0.006375744650323959,2.1954690848327645,69
noOrient_tig00001450_pilon_528679,409514,0.001111111111111111,7.931554024967718,0.006375744650323959,2.1954690848327645,69
noOrient_tig00001450_pilon_528679,414493,0.0011711711711711711,8.8246956327488,0.004104286388574758,2.386762342672504,70
noOrient_tig00001450_pilon_528679,437572,0.0009836601307189542,5.106968670076112,0.027536108833009585,1.5600974305187627,61
noOrient_tig00001450_pilon_528679,437616,0.0009836601307189542,5.106968670076112,0.027536108833009585,1.5600974305187627,61
noOrient_tig00001450_pilon_528679,454969,0.0011097670250896053,7.287892462184867,0.008839100780671115,2.0535919143824444,67
noOrient_tig00001450_pilon_528679,455176,0.0011527777777777775,8.33544242491901,0.00522908999739214,2.2815738835032104,69
noOrient_tig00001450_pilon_528679,458832,0.0007962962962962962,2.4841884472393474,0.11970604921271139,0.9218839024480631,69
noOrient_tig00001450_pilon_528679,482617,0.0011319444444444439,7.809382995352812,0.006797651186649095,2.1676411244837848,68
noOrient_tig00001450_pilon_528679,482665,0.0011319444444444439,7.809382995352812,0.006797651186649095,2.1676411244837848,68
noOrient_tig00001450_pilon_528679,482750,0.0011886102403343782,7.838538537729977,0.0068700033059511546,2.1630430539512213,62
noOrient_tig00001450_pilon_528679,482980,0.001131944444444444,7.809382995352811,0.006797651186649095,2.1676411244837848,68
noOrient_tig00001450_pilon_528679,483010,0.0011982142857142853,8.768110688103551,0.00427607916534965,2.3689542630618914,67
noOrient_tig00001450_pilon_528679,486831,0.0011926765475152572,8.695150302768193,0.004409021534764844,2.3556577799655347,68
noOrient_tig00001450_pilon_528679,486885,0.0011503378378378377,8.272593959289285,0.005392277160290065,2.2682277933846304,69
noOrient_tig00001450_pilon_528679,488911,0.001161111111111111,8.04214989794788,0.006111252080953129,2.2138698018457097,66
noOrient_tig00001450_pilon_528679,489144,0.001161111111111111,8.04214989794788,0.006111252080953129,2.2138698018457097,66
noOrient_tig00001450_pilon_528679,499675,0.0012738095238095236,9.13609452224051,0.0036406407772776486,2.4388221708717497,64
noOrient_tig00000990_pilon_52906,1810,-0.00022569444444444443,0.28426496328562934,0.5957101974987045,0.22496496548868178,68
noOrient_tig00000990_pilon_52906,1846,-0.00022569444444444443,0.28426496328562934,0.5957101974987045,0.22496496548868178,68
noOrient_tig00000990_pilon_52906,1868,-0.00022569444444444443,0.28426496328562934,0.5957101974987045,0.22496496548868178,68
noOrient_tig00000990_pilon_52906,1869,-0.00022569444444444443,0.28426496328562934,0.5957101974987045,0.22496496548868178,68
noOrient_tig00000990_pilon_52906,1874,-0.00022569444444444443,0.28426496328562934,0.5957101974987045,0.22496496548868178,68
noOrient_tig00000990_pilon_52906,1881,-0.00022569444444444443,0.28426496328562934,0.5957101974987045,0.22496496548868178,68
noOrient_tig00000990_pilon_52906,9112,0.000267025089605735,0.3828075426931886,0.5382668151720014,0.2690023941615222,67
noOrient_tig00000990_pilon_52906,10156,0.000292929292929293,0.4825427546222943,0.4896747594625299,0.31009228133741834,69
noOrient_tig00000990_pilon_52906,10160,0.000292929292929293,0.4825427546222943,0.4896747594625299,0.31009228133741834,69
noOrient_tig00000990_pilon_52906,10164,0.000292929292929293,0.4825427546222943,0.4896747594625299,0.31009228133741834,69
noOrient_tig00000990_pilon_52906,10168,0.000292929292929293,0.4825427546222943,0.4896747594625299,0.31009228133741834,69
noOrient_tig00000990_pilon_52906,10170,0.0003350694444444444,0.6176089989189943,0.4347496020622378,0.36176080684624673,68
noOrient_tig00000990_pilon_52906,10178,0.0003350694444444444,0.6176089989189943,0.4347496020622378,0.36176080684624673,68
noOrient_tig00000365_pilon_63758,59215,0.0001969439728353142,0.2189329135600591,0.6413726791141754,0.19288954388164622,69
noOrient_tig00001097_pilon_49019,289,-0.0002332170880557977,0.3015481028832644,0.584766690726843,0.23301737347414436,68
noOrient_tig00001097_pilon_49019,16206,-0.0002055555555555555,0.23066493611800842,0.6326687825509727,0.19882359418053527,66
noOrient_tig00001097_pilon_49019,30099,-0.00023174603174603152,0.2720274698909962,0.6038949674661069,0.2190385895518197,62
noOrient_tig00001097_pilon_49019,31610,-5.152027027027012e-05,0.015199993805551813,0.9022479406203134,0.044674100543883,69
noOrient_tig00000591_pilon_104854,74968,0.00026900337837837846,0.41686733368757295,0.5207094983486318,0.28340450021412017,69
noOrient_tig00000569_pilon_318490,6600,-5.882352941176468e-05,0.019141531322505307,0.8903827635924061,0.05042325584895553,68
noOrient_tig00000569_pilon_318490,20618,-2.4781763942525815e-20,0.0,1.0,-0.0,70
noOrient_tig00000569_pilon_318490,135255,-0.00016741071428571407,0.1543285827636373,0.6957180801551917,0.15756671015449425,67
noOrient_tig00000569_pilon_318490,135317,-0.00016741071428571407,0.1543285827636373,0.6957180801551917,0.15756671015449425,67
noOrient_tig00000569_pilon_318490,304730,-2.2727272727272702e-05,0.00274707744935321,0.9583607060554897,0.018471001187144856,67
noOrient_tig00000569_pilon_318490,304921,-2.4781763942525815e-20,0.0,1.0,-0.0,70
noOrient_tig00000818_pilon_136553,24317,-3.7815126050420186e-05,0.007998471933720129,0.9290036729018437,0.03198256897960897,69
noOrient_tig00000818_pilon_136553,24402,-3.7815126050420186e-05,0.007998471933720129,0.9290036729018437,0.03198256897960897,69
noOrient_tig00000818_pilon_136553,30472,-0.00013616071428571418,0.10012385030299314,0.7526950102259917,0.12338096298592177,67
noOrient_tig00000818_pilon_136553,30501,-0.00013616071428571418,0.10012385030299314,0.7526950102259917,0.12338096298592177,67
noOrient_tig00000818_pilon_136553,89277,-2.10084033613446e-05,0.0024546850485209224,0.9606325565310165,0.01744269889404272,69
noOrient_tig00000818_pilon_136553,123969,3.7815126050420233e-05,0.007998471933720127,0.9290036729018437,0.03198256897960897,69
noOrient_tig00000818_pilon_136553,123982,-2.4781763942525815e-20,0.0,1.0,-0.0,70
noOrient_tig00000845_pilon_22831,2184,-1.7316017316017294e-05,0.0016308295980748126,0.9679092738675675,0.014165348998705089,68
noOrient_tig00000845_pilon_22831,2288,-2.4781763942525815e-20,0.0,1.0,-0.0,70
noOrient_tig00000845_pilon_22831,2621,-9.307359307359313e-05,0.04780089408204893,0.8276097049913125,0.0821744252085007,68
noOrient_tig00000864_pilon_59115,9325,-4.761904761904759e-05,0.012311428261341672,0.911987276532835,0.04001122063005534,68
noOrient_tig00000864_pilon_59115,9418,-9.803921568627495e-06,0.0005109226691744031,0.9820357206121947,0.00787271487840386,67
noOrient_tig00000873_pilon_52174,8967,3.571428571428568e-05,0.006805676981629541,0.9345054011853557,0.02941818417469761,67
noOrient_tig00000937_pilon_80045,9663,-3.7815126050420186e-05,0.007998471933720129,0.9290036729018437,0.03198256897960897,69
noOrient_tig00000937_pilon_80045,20674,-2.4781763942525815e-20,0.0,1.0,-0.0,70
noOrient_tig00001651_pilon_69433,17182,-3.124999999999998e-05,0.0051879932289059065,0.9428044653246868,0.025578369230786643,66
noOrient_tig00001738_pilon_267032,1004,-5.252100840336142e-05,0.015548133047017371,0.901140635196773,0.04520742619772,69
noOrient_tig00001738_pilon_267032,117885,-2.1306818181818248e-05,0.002342721573118878,0.9615492471771576,0.017028467816997878,65
noOrient_tig00001738_pilon_267032,133306,-9.307359307359313e-05,0.04780089408204893,0.8276097049913125,0.0821744252085007,68
noOrient_tig00001738_pilon_267032,188666,0.00010606060606060605,0.05993425579084165,0.8073831288664974,0.09292032987831311,66
noOrient_tig00001792_pilon_128194,55575,-6.709558823529403e-05,0.023593427881095183,0.8784072400490222,0.05630409331704696,66
noOrient_tig00001792_pilon_128194,119491,-2.4781763942525815e-20,0.0,1.0,-0.0,70
noOrient_tig00001792_pilon_128194,119553,-2.4781763942525815e-20,0.0,1.0,-0.0,70
noOrient_tig00001159_pilon_21758,16716,-0.00038611111111111094,0.7647721319900882,0.38510917229922637,0.41441613748866346,66
noOrient_tig00000288_pilon_64439,10217,0.000630672268907563,2.369660481935776,0.1284237818016453,0.8913545452013091,69
noOrient_tig00000288_pilon_64439,12129,0.0006783088235294115,2.911368071417907,0.092805850235376,1.032424646142564,66
noOrient_tig00000288_pilon_64439,51309,0.0005467914438502672,1.7227305799855552,0.1939576872839955,0.7122930029736461,67
noOrient_tig00000911_pilon_96407,51914,0.0005320512820512819,1.5316722838841739,0.22045441046948147,0.6566812081400045,65
noOrient_tig00001173_pilon_14872,13148,-0.0008464285714285717,4.033588264671605,0.048697971084105014,1.312489132529368,68
noOrient_tig00000970_pilon_78179,63637,0.00021109040074557305,0.23743791771913303,0.6277276362261042,0.2022287507561889,66
noOrient_tig00000955_pilon_67684,9530,-7.117117117117116e-05,0.026818363589618033,0.8704257580377301,0.060268265614495824,67
noOrient_tig00000955_pilon_67684,9615,-7.117117117117116e-05,0.026818363589618033,0.8704257580377301,0.060268265614495824,67
noOrient_tig00000955_pilon_67684,60029,0.0001090831918505942,0.06784806433725457,0.7952950376866862,0.09947172735739519,69
noOrient_tig00000955_pilon_67684,60037,3.7220843672456643e-05,0.007812679519290835,0.9298270136614336,0.03159784069361192,70
noOrient_tig00001593_pilon_64768,21718,0.00021666666666666682,0.24499579787452477,0.6223991599216436,0.20593100220352295,63
noOrient_tig00001065_pilon_26454,20013,0.0003658536585365854,0.7504376284344334,0.3893840474595719,0.4096218449120215,70
noOrient_tig00001119_pilon_16593,10029,0.0005794594594594594,1.6045082487932727,0.21016073794228074,0.6774484152710067,62
noOrient_tig00001119_pilon_16593,10121,-0.0005794594594594594,1.6045082487932727,0.21016073794228074,0.6774484152710067,62
noOrient_tig00001119_pilon_16593,10122,-0.0005794594594594594,1.6045082487932727,0.21016073794228074,0.6774484152710067,62
noOrient_tig00001119_pilon_16593,10126,-0.0005794594594594594,1.6045082487932727,0.21016073794228074,0.6774484152710067,62
noOrient_tig00001119_pilon_16593,16160,0.0005694076038903624,1.7556453727416066,0.18973772009172538,0.7218463222518675,68
noOrient_tig00001013_pilon_31063,3224,0.0006115384615384616,2.1215294608334965,0.14991204159414917,0.824163481308795,69
noOrient_tig00001013_pilon_31063,17598,-0.0007841011743450765,3.3897993769300387,0.070095770713216,1.1543081847626233,68
noOrient_tig00000383_pilon_498172,150,0.00019478098788443615,0.2077118788826853,0.6501093931539468,0.18701355897904615,66
noOrient_tig00000383_pilon_498172,11639,0.00034201388888888877,0.654817511437096,0.4213032258111742,0.3754052155785184,68
noOrient_tig00000383_pilon_498172,11810,0.00037204391891891884,0.7919670669008031,0.37669033927868,0.4240155177095565,69
noOrient_tig00000383_pilon_498172,102362,0.00048055555555555563,1.232350539885517,0.27110401053278954,0.5668640577076858,66
noOrient_tig00000383_pilon_498172,151213,0.00043407043407043427,1.0901714943200584,0.3001308672286451,0.5226893368720487,70
noOrient_tig00000383_pilon_498172,156110,0.0004855855855855855,1.335541783399515,0.25205207886594894,0.5985097162528609,67
noOrient_tig00000383_pilon_498172,157975,0.00043407043407043427,1.0901714943200584,0.3001308672286451,0.5226893368720487,70
noOrient_tig00000383_pilon_498172,158090,0.00043407043407043427,1.0901714943200584,0.3001308672286451,0.5226893368720487,70
noOrient_tig00000383_pilon_498172,159585,0.00043407043407043427,1.0901714943200584,0.3001308672286451,0.5226893368720487,70
noOrient_tig00000383_pilon_498172,166755,0.000404040404040404,0.9240423404475354,0.3398722561594708,0.4686842855158408,69
noOrient_tig00000383_pilon_498172,166781,0.000404040404040404,0.9240423404475354,0.3398722561594708,0.4686842855158408,69
noOrient_tig00000383_pilon_498172,257056,0.0004318181818181817,1.0493157464285006,0.3093490601343506,0.5095511991173449,69
noOrient_tig00000383_pilon_498172,267218,0.0003888888888888888,0.8288282994476414,0.3659753241957431,0.4365481958266227,67
noOrient_tig00000383_pilon_498172,300202,0.00038235294117647055,0.7287181662181671,0.3966388348874498,0.4016047662990617,63
noOrient_tig00000383_pilon_498172,300228,0.00038235294117647055,0.7287181662181671,0.3966388348874498,0.4016047662990617,63
noOrient_tig00000383_pilon_498172,300275,0.00038235294117647055,0.7287181662181671,0.3966388348874498,0.4016047662990617,63
noOrient_tig00000383_pilon_498172,311009,0.00028853383458646623,0.42900146076831847,0.5148266135385984,0.2883390106910999,66
noOrient_tig00000383_pilon_498172,311021,0.0002731397459165153,0.39797920164320333,0.5303467451763513,0.27544009213952125,67
noOrient_tig00000383_pilon_498172,311049,0.00028853383458646623,0.42900146076831847,0.5148266135385984,0.2883390106910999,66
noOrient_tig00000383_pilon_498172,311072,0.00028853383458646623,0.42900146076831847,0.5148266135385984,0.2883390106910999,66
noOrient_tig00000383_pilon_498172,311086,0.00028853383458646623,0.42900146076831847,0.5148266135385984,0.2883390106910999,66
noOrient_tig00000383_pilon_498172,311108,0.00021307300509337858,0.25640385961562107,0.6142638408090013,0.2116450490615518,69
noOrient_tig00000383_pilon_498172,311149,0.00021307300509337858,0.25640385961562107,0.6142638408090013,0.2116450490615518,69
noOrient_tig00000383_pilon_498172,311154,0.00021307300509337858,0.25640385961562107,0.6142638408090013,0.2116450490615518,69
noOrient_tig00000383_pilon_498172,311186,0.00021307300509337858,0.25640385961562107,0.6142638408090013,0.2116450490615518,69
noOrient_tig00000383_pilon_498172,313388,0.00035833333333333344,0.7271580232398585,0.3969859797729457,0.4012248308055586,66
noOrient_tig00000383_pilon_498172,313413,0.00035833333333333344,0.7271580232398585,0.3969859797729457,0.4012248308055586,66
noOrient_tig00000383_pilon_498172,355412,0.00033883928571428574,0.6293482729197111,0.4304808835373606,0.36604612959609495,67
noOrient_tig00000383_pilon_498172,355442,0.00033883928571428574,0.6293482729197111,0.4304808835373606,0.36604612959609495,67
noOrient_tig00000383_pilon_498172,355447,0.00033883928571428574,0.6293482729197111,0.4304808835373606,0.36604612959609495,67
noOrient_tig00000383_pilon_498172,355451,0.00033883928571428574,0.6293482729197111,0.4304808835373606,0.36604612959609495,67
noOrient_tig00000383_pilon_498172,355457,0.00033883928571428574,0.6293482729197111,0.4304808835373606,0.36604612959609495,67
noOrient_tig00000383_pilon_498172,355515,0.00033883928571428574,0.6293482729197111,0.4304808835373606,0.36604612959609495,67
noOrient_tig00000383_pilon_498172,355518,0.00033883928571428574,0.6293482729197111,0.4304808835373606,0.36604612959609495,67
noOrient_tig00000383_pilon_498172,355519,0.00033883928571428574,0.6293482729197111,0.4304808835373606,0.36604612959609495,67
noOrient_tig00000383_pilon_498172,356400,0.0005640802092414995,1.8086259619141256,0.18327654729662218,0.7368931053122687,68
noOrient_tig00000383_pilon_498172,356404,0.0005640802092414995,1.8086259619141256,0.18327654729662218,0.7368931053122687,68
noOrient_tig00000383_pilon_498172,356444,0.00045463320463320456,1.1420997385408929,0.28928689103893096,0.538671245848891,65
noOrient_tig00000383_pilon_498172,356458,0.0004855855855855855,1.335541783399515,0.25205207886594894,0.5985097162528609,67
noOrient_tig00000383_pilon_498172,375908,0.00035641891891891877,0.735275724668494,0.3942353686716029,0.404244415749468,69
noOrient_tig00000383_pilon_498172,375909,0.00035641891891891877,0.735275724668494,0.3942353686716029,0.404244415749468,69
noOrient_tig00000383_pilon_498172,401289,0.00037204391891891884,0.7919670669008031,0.37669033927868,0.4240155177095565,69
noOrient_tig00000383_pilon_498172,401381,0.00037204391891891884,0.7919670669008031,0.37669033927868,0.4240155177095565,69
noOrient_tig00000383_pilon_498172,401384,0.00037204391891891884,0.7919670669008031,0.37669033927868,0.4240155177095565,69
noOrient_tig00000383_pilon_498172,403177,0.0003375,0.6273820354569858,0.4311984932894477,0.3653227653473426,67
noOrient_tig00000383_pilon_498172,403277,0.00044570707070707056,1.1188486830335023,0.29396535206286456,0.5317038542635106,69
noOrient_tig00000383_pilon_498172,417585,0.00021198156682027643,0.25572088234883134,0.6148126370026605,0.2112572144902492,66
noOrient_tig00000383_pilon_498172,417620,0.00028558558558558554,0.4580985576924741,0.5009156124217897,0.300235432109714,67
noOrient_tig00000383_pilon_498172,417645,0.00028558558558558554,0.4580985576924741,0.5009156124217897,0.300235432109714,67
noOrient_tig00000383_pilon_498172,417651,0.00028558558558558554,0.4580985576924741,0.5009156124217897,0.300235432109714,67
noOrient_tig00000383_pilon_498172,417670,0.00028558558558558554,0.4580985576924741,0.5009156124217897,0.300235432109714,67
noOrient_tig00000383_pilon_498172,417674,0.00028558558558558554,0.4580985576924741,0.5009156124217897,0.300235432109714,67
noOrient_tig00000383_pilon_498172,417709,0.00028558558558558554,0.4580985576924741,0.5009156124217897,0.300235432109714,67
noOrient_tig00000383_pilon_498172,420804,0.00043407043407043427,1.0901714943200584,0.3001308672286451,0.5226893368720487,70
noOrient_tig00000383_pilon_498172,420812,0.00043407043407043427,1.0901714943200584,0.3001308672286451,0.5226893368720487,70
noOrient_tig00000383_pilon_498172,420847,0.00043407043407043427,1.0901714943200584,0.3001308672286451,0.5226893368720487,70
noOrient_tig00000383_pilon_498172,420851,0.00043407043407043427,1.0901714943200584,0.3001308672286451,0.5226893368720487,70
noOrient_tig00000383_pilon_498172,420857,0.00043407043407043427,1.0901714943200584,0.3001308672286451,0.5226893368720487,70
noOrient_tig00000383_pilon_498172,420880,0.00043407043407043427,1.0901714943200584,0.3001308672286451,0.5226893368720487,70
noOrient_tig00000383_pilon_498172,420918,0.00043407043407043427,1.0901714943200584,0.3001308672286451,0.5226893368720487,70
noOrient_tig00000383_pilon_498172,420963,0.00043407043407043427,1.0901714943200584,0.3001308672286451,0.5226893368720487,70
noOrient_tig00000383_pilon_498172,420970,0.00043407043407043427,1.0901714943200584,0.3001308672286451,0.5226893368720487,70
noOrient_tig00000383_pilon_498172,420975,0.00043407043407043427,1.0901714943200584,0.3001308672286451,0.5226893368720487,70
noOrient_tig00000383_pilon_498172,429068,0.00019605911330049247,0.21204248618891372,0.6467822686503931,0.18924189466057345,64
noOrient_tig00000383_pilon_498172,429148,0.00019605911330049247,0.21204248618891372,0.6467822686503931,0.18924189466057345,64
noOrient_tig00000383_pilon_498172,429154,0.00019605911330049247,0.21204248618891372,0.6467822686503931,0.18924189466057345,64
noOrient_tig00000383_pilon_498172,429164,0.00019605911330049247,0.21204248618891372,0.6467822686503931,0.18924189466057345,64
noOrient_tig00000383_pilon_498172,429183,0.00019605911330049247,0.21204248618891372,0.6467822686503931,0.18924189466057345,64
noOrient_tig00000383_pilon_498172,429216,0.00019605911330049247,0.21204248618891372,0.6467822686503931,0.18924189466057345,64
noOrient_tig00000383_pilon_498172,429217,0.00019605911330049247,0.21204248618891372,0.6467822686503931,0.18924189466057345,64
noOrient_tig00000383_pilon_498172,429258,0.0002976190476190477,0.458552021402119,0.5007805678294471,0.30035253173089027,65
noOrient_tig00000383_pilon_498172,429285,0.0002976190476190477,0.458552021402119,0.5007805678294471,0.30035253173089027,65
noOrient_tig00000383_pilon_498172,429291,0.0002976190476190477,0.458552021402119,0.5007805678294471,0.30035253173089027,65
noOrient_tig00000383_pilon_498172,429340,0.0003277777777777778,0.5690429149963019,0.45340622319402,0.34351252329138326,66
noOrient_tig00000383_pilon_498172,429344,0.0003277777777777778,0.5690429149963019,0.45340622319402,0.34351252329138326,66
noOrient_tig00000383_pilon_498172,429381,0.0003277777777777778,0.5690429149963019,0.45340622319402,0.34351252329138326,66
noOrient_tig00000383_pilon_498172,429408,0.0004287878787878788,0.8960389020975027,0.34758085102018355,0.4589441577853548,63
noOrient_tig00000383_pilon_498172,429454,0.0004439655172413793,0.9009714579353959,0.3463933324230922,0.4604304761227265,61
noOrient_tig00000383_pilon_498172,429489,0.0004477533960292583,0.9454926712900268,0.33477310085873624,0.47524944499759086,62
noOrient_tig00000383_pilon_498172,429506,0.0004477533960292583,0.9454926712900268,0.33477310085873624,0.47524944499759086,62
noOrient_tig00000383_pilon_498172,429507,0.0004477533960292583,0.9454926712900268,0.33477310085873624,0.47524944499759086,62
noOrient_tig00000383_pilon_498172,433428,0.00045117698343504766,1.1233980568084923,0.2930514386309382,0.5330561422641253,68
noOrient_tig00000383_pilon_498172,433461,0.00045117698343504766,1.1233980568084923,0.2930514386309382,0.5330561422641253,68
noOrient_tig00000383_pilon_498172,433464,0.00045117698343504766,1.1233980568084923,0.2930514386309382,0.5330561422641253,68
noOrient_tig00000383_pilon_498172,433480,0.00045117698343504766,1.1233980568084923,0.2930514386309382,0.5330561422641253,68
noOrient_tig00000383_pilon_498172,435312,0.00040501792114695345,0.9070768986972118,0.34441949607527544,0.4629122730190058,67
noOrient_tig00000383_pilon_498172,435334,0.00040501792114695345,0.9070768986972118,0.34441949607527544,0.4629122730190058,67
noOrient_tig00000383_pilon_498172,435388,0.00040501792114695345,0.9070768986972118,0.34441949607527544,0.4629122730190058,67
noOrient_tig00000383_pilon_498172,435442,0.00040501792114695345,0.9070768986972118,0.34441949607527544,0.4629122730190058,67
noOrient_tig00000383_pilon_498172,450219,0.0003741830065359476,0.6987700683430859,0.406569973002054,0.3908646990896571,61
noOrient_tig00000383_pilon_498172,451440,0.0002105820105820106,0.21759660001076853,0.6425666102693197,0.19208184547067836,62
noOrient_tig00000383_pilon_498172,451513,0.0002105820105820106,0.21759660001076853,0.6425666102693197,0.19208184547067836,62
noOrient_tig00000383_pilon_498172,451531,0.0002105820105820106,0.21759660001076853,0.6425666102693197,0.19208184547067836,62
noOrient_tig00000383_pilon_498172,456654,0.00035641891891891877,0.735275724668494,0.3942353686716029,0.404244415749468,69
noOrient_tig00000383_pilon_498172,456713,0.0002898866608544027,0.4816314424456496,0.4901198232480172,0.30969773178011933,68
noOrient_tig00000383_pilon_498172,456769,0.00035641891891891877,0.735275724668494,0.3942353686716029,0.404244415749468,69
noOrient_tig00000383_pilon_498172,456772,0.00035641891891891877,0.735275724668494,0.3942353686716029,0.404244415749468,69
noOrient_tig00000383_pilon_498172,456820,0.00043454391891891884,1.0589931314759784,0.30714571079434555,0.5126555451054597,69
noOrient_tig00000383_pilon_498172,456833,0.00043454391891891884,1.0589931314759784,0.30714571079434555,0.5126555451054597,69
noOrient_tig00000383_pilon_498172,456935,0.00043454391891891884,1.0589931314759784,0.30714571079434555,0.5126555451054597,69
noOrient_tig00000383_pilon_498172,487161,0.00015965965965965964,0.13522061778672728,0.7143317448288399,0.14610004944475358,64
noOrient_tig00000383_pilon_498172,487162,0.00015965965965965964,0.13522061778672728,0.7143317448288399,0.14610004944475358,64
noOrient_tig00000462_pilon_378347,56328,0.000325168918918919,0.631567824918079,0.42958695778916456,0.3669489122390837,69
noOrient_tig00000462_pilon_378347,106508,0.00043407043407043427,1.0901714943200584,0.3001308672286451,0.5226893368720487,70
noOrient_tig00000462_pilon_378347,106748,0.0003263888888888889,0.6033146427758622,0.4400910845951014,0.3564574293247393,68
noOrient_tig00000462_pilon_378347,139301,0.0004513888888888889,1.1310033218279354,0.29143707631527194,0.5354551985686151,68
noOrient_tig00000462_pilon_378347,199959,0.0003243727598566308,0.5770135380249899,0.4502315460863483,0.34656407883516405,67
noOrient_tig00000462_pilon_378347,205137,0.000404040404040404,0.9240423404475354,0.3398722561594708,0.4686842855158408,69
noOrient_tig00000462_pilon_378347,205316,0.00037204391891891884,0.7919670669008031,0.37669033927868,0.4240155177095565,69
noOrient_tig00000462_pilon_378347,205577,0.00043407043407043427,1.0901714943200584,0.3001308672286451,0.5226893368720487,70
noOrient_tig00000462_pilon_378347,214019,0.000404040404040404,0.9240423404475354,0.3398722561594708,0.4686842855158408,69
noOrient_tig00000462_pilon_378347,225758,0.000404040404040404,0.9240423404475354,0.3398722561594708,0.4686842855158408,69
noOrient_tig00000462_pilon_378347,239503,0.00043407043407043427,1.0901714943200584,0.3001308672286451,0.5226893368720487,70
noOrient_tig00000462_pilon_378347,253783,0.0004437229437229437,1.0936788269867268,0.2994726134876353,0.5236428873148079,68
noOrient_tig00000462_pilon_378347,253792,0.00047348484848484844,1.2744072446590016,0.2629674001465943,0.5800980873048527,69
noOrient_tig00000462_pilon_378347,260893,0.0005833333333333331,1.9154254687870873,0.17132388761774667,0.7661820793152824,64
noOrient_tig00000462_pilon_378347,286208,0.0001921568627450982,0.1887042633457735,0.6655053619638249,0.17684844107297207,64
noOrient_tig00000462_pilon_378347,290978,0.00045023041474654383,1.0858338676309762,0.3013165117845585,0.5209770688562279,66
noOrient_tig00000462_pilon_378347,306136,0.00043407043407043427,1.0901714943200584,0.3001308672286451,0.5226893368720487,70
noOrient_tig00000462_pilon_378347,316876,0.0004595959595959595,1.1936717820514782,0.2785031353634206,0.5551699112142469,69
noOrient_tig00000633_pilon_228425,138,0.00043407043407043427,1.0901714943200584,0.3001308672286451,0.5226893368720487,70
noOrient_tig00000633_pilon_228425,494,0.00043407043407043427,1.0901714943200584,0.3001308672286451,0.5226893368720487,70
noOrient_tig00000633_pilon_228425,58164,0.000404040404040404,0.9240423404475354,0.3398722561594708,0.4686842855158408,69
noOrient_tig00000633_pilon_228425,58484,0.000404040404040404,0.9240423404475354,0.3398722561594708,0.4686842855158408,69
noOrient_tig00000633_pilon_228425,199211,-0.00020225225225225211,0.23543885547243187,0.6291514268270944,0.20124481414038273,67
noOrient_tig00000633_pilon_228425,228079,0.00043407043407043427,1.0901714943200584,0.3001308672286451,0.5226893368720487,70
noOrient_tig00000739_pilon_113526,31762,0.00034375,0.5963908100802936,0.44289230961274284,0.3537018607442462,64
noOrient_tig00000739_pilon_113526,58076,0.000404040404040404,0.9240423404475354,0.3398722561594708,0.4686842855158408,69
noOrient_tig00000739_pilon_113526,60563,0.00040278988666085414,0.8853768712900874,0.35016450888021633,0.4557278741822675,68
noOrient_tig00000739_pilon_113526,60657,0.00043407043407043427,1.0901714943200584,0.3001308672286451,0.5226893368720487,70
noOrient_tig00000739_pilon_113526,60878,0.0004437229437229437,1.0936788269867268,0.2994726134876353,0.5236428873148079,68
noOrient_tig00000739_pilon_113526,60880,0.0004437229437229437,1.0936788269867268,0.2994726134876353,0.5236428873148079,68
noOrient_tig00000739_pilon_113526,77931,7.744107744107752e-05,0.028601791690359892,0.866290198293167,0.06233659943139177,60
noOrient_tig00000739_pilon_113526,90517,0.00043407043407043427,1.0901714943200584,0.3001308672286451,0.5226893368720487,70
noOrient_tig00000739_pilon_113526,90758,0.00043407043407043427,1.0901714943200584,0.3001308672286451,0.5226893368720487,70
noOrient_tig00000764_pilon_109116,62450,0.00032214472537053177,0.5850691603829037,0.44705864165265685,0.34963550578136166,68
noOrient_tig00000764_pilon_109116,62529,0.00035641891891891877,0.735275724668494,0.3942353686716029,0.404244415749468,69
noOrient_tig00000764_pilon_109116,63455,0.00038888888888888887,0.8288282994476412,0.3659753241957431,0.4365481958266227,67
noOrient_tig00000764_pilon_109116,63620,0.000404040404040404,0.9240423404475354,0.3398722561594708,0.4686842855158408,69
noOrient_tig00000764_pilon_109116,68401,0.000404040404040404,0.9240423404475354,0.3398722561594708,0.4686842855158408,69
noOrient_tig00000764_pilon_109116,69591,0.00045016891891891885,1.138037237698321,0.28989645976062406,0.5377570882525005,69
noOrient_tig00000764_pilon_109116,69634,0.00043407043407043427,1.0901714943200584,0.3001308672286451,0.5226893368720487,70
noOrient_tig00001136_pilon_33507,2750,0.00043407043407043427,1.0901714943200584,0.3001308672286451,0.5226893368720487,70
noOrient_tig00001136_pilon_33507,14469,0.00044618055555555546,1.0867744972971705,0.30099059337202105,0.5214470768661581,68
noOrient_tig00001136_pilon_33507,22681,0.00048141891891891893,1.3149711094535281,0.2555753289943476,0.5924810714789831,69
noOrient_tig00001136_pilon_33507,22682,0.00048141891891891893,1.3149711094535281,0.2555753289943476,0.5924810714789831,69
noOrient_tig00001136_pilon_33507,22965,0.000404040404040404,0.9240423404475354,0.3398722561594708,0.4686842855158408,69
noOrient_tig00001747_pilon_74125,14050,0.00037275985663082445,0.7703079084097915,0.38335442442261725,0.4163995200398326,67
noOrient_tig00001747_pilon_74125,14131,0.00037275985663082445,0.7703079084097915,0.38335442442261725,0.4163995200398326,67
noOrient_tig00001747_pilon_74125,50019,0.00039509803921568607,0.7931466187587116,0.3765933294863537,0.42412737681251533,64
noOrient_tig00000298_pilon_510753,5268,-0.0005125541125541126,1.4604495916660236,0.23117065747316248,0.6360672918181641,68
noOrient_tig00000298_pilon_510753,5301,0.000484033613445378,1.336450054542619,0.2517666972044044,0.5990017173452665,69
noOrient_tig00000298_pilon_510753,53645,0.00042647058823529405,1.0273942175989408,0.3144729994660913,0.502416636979518,68
noOrient_tig00000298_pilon_510753,53712,-0.00042647058823529405,1.0273942175989408,0.3144729994660913,0.502416636979518,68
noOrient_tig00000298_pilon_510753,53941,-0.0003605313092979127,0.7028313894579153,0.4050035206361172,0.39254120151078126,65
noOrient_tig00000298_pilon_510753,54023,-0.0003605313092979127,0.7028313894579153,0.4050035206361172,0.39254120151078126,65
noOrient_tig00000298_pilon_510753,54026,-0.0003605313092979127,0.7028313894579153,0.4050035206361172,0.39254120151078126,65
noOrient_tig00000298_pilon_510753,189829,0.00030824372759856634,0.5179685352485245,0.4742894245687215,0.3239565588873484,67
noOrient_tig00000298_pilon_510753,192583,0.0004032939189189189,0.9166274136057277,0.3418041119141868,0.46622271700761714,69
noOrient_tig00000298_pilon_510753,211777,0.00043407043407043427,1.0901714943200584,0.3001308672286451,0.5226893368720487,70
noOrient_tig00000298_pilon_510753,226465,0.0004361602982292636,1.0124775484086543,0.3180993002107825,0.49743728629952116,66
noOrient_tig00000298_pilon_510753,256801,0.0004673060156931122,1.2159456039239538,0.2741625001541032,0.5619919481237831,68
noOrient_tig00000298_pilon_510753,264920,0.00046082949308755755,1.1253823662430325,0.2927494550461052,0.5335039046951883,66
noOrient_tig00000298_pilon_510753,266161,0.00043454391891891884,1.0589931314759784,0.30714571079434555,0.5126555451054597,69
noOrient_tig00000298_pilon_510753,287265,0.00035641891891891877,0.735275724668494,0.3942353686716029,0.404244415749468,69
noOrient_tig00000298_pilon_510753,394784,-0.00040501792114695345,0.8911470988342912,0.3486624313219273,0.45759484570854403,67
noOrient_tig00000298_pilon_510753,432214,0.00036891891891891886,0.7499429924527138,0.3896795663773711,0.40929236670465985,67
noOrient_tig00000298_pilon_510753,442901,0.00046249999999999997,1.154755968017328,0.28652867480681,0.5428319088197879,67
noOrient_tig00001109_pilon_30453,15051,0.00041221033868092726,1.0072110903642455,0.3192934643409,0.4958099709993347,67
noOrient_tig00001109_pilon_30453,21046,-0.0003382352941176472,0.6556619718309824,0.42100543091884945,0.3757123017822059,68
noOrient_tig00000909_pilon_88595,14654,0.0003783783783783781,0.7824458163257312,0.37960533514483186,0.4206676924310508,68
noOrient_tig00000909_pilon_88595,54145,0.000641025641025641,2.33836652185081,0.13092968958080503,0.8829618617832338,69
noOrient_tig00000909_pilon_88595,54316,0.0005872622001654259,2.0019015226197077,0.16166514621136668,0.7913836006232869,70
noOrient_tig00000598_pilon_46059,39157,0.0007445378151260501,3.3115637284235637,0.07326150230595505,1.1351241799043863,69
noOrient_tig00000663_pilon_152077,10118,0.0006216577540106954,2.175328184601114,0.14506707363721075,0.8384311496599595,67
noOrient_tig00000663_pilon_152077,61430,0.000507373271889401,1.4124414056355508,0.23904292325016924,0.6215241088554289,66
noOrient_tig00000308_pilon_184722,25158,-0.0009735930735930735,5.620524936465448,0.02068012916513413,1.684446753028297,68
noOrient_tig00000308_pilon_184722,93179,-0.0007343750000000001,2.9225811958516412,0.09234911987971263,1.0345672391864427,64
noOrient_tig00000489_pilon_156511,15558,-0.0008814338235294117,4.389021582043917,0.04013378846489683,1.396489842714656,66
noOrient_tig00000489_pilon_156511,15609,-0.0008814338235294117,4.389021582043917,0.04013378846489683,1.396489842714656,66
noOrient_tig00000489_pilon_156511,23604,-0.0008735930735930738,4.544456080245725,0.03675239806098276,1.434714318330153,68
noOrient_tig00000489_pilon_156511,32156,-0.0009705069124423964,5.894913963424227,0.018006987384259248,1.7445589396975356,66
noOrient_tig00000489_pilon_156511,32488,-0.0009705069124423964,5.894913963424227,0.018006987384259248,1.7445589396975356,66
noOrient_tig00000788_pilon_175246,72917,-0.0008732638888888888,4.516288812589335,0.037321340212134436,1.4280427690979982,68
noOrient_tig00000788_pilon_175246,72997,-0.0008486607142857144,4.161845713224985,0.045411681274001865,1.3428324189423515,67
noOrient_tig00000788_pilon_175246,75553,-0.0009210084033613446,5.100769861187181,0.027175806234692772,1.565817562675551,69
noOrient_tig00000928_pilon_68749,9956,0.0009128787878787878,4.818444946305934,0.03184928358351936,1.4969003322210515,65
noOrient_tig00000928_pilon_68749,9957,-0.0009128787878787878,4.818444946305934,0.03184928358351936,1.4969003322210515,65
noOrient_tig00000928_pilon_68749,50537,-0.0008207070707070705,4.0528750035077445,0.04811650372219784,1.317705937220003,69
noOrient_tig00000928_pilon_68749,50546,-0.0008207070707070705,4.0528750035077445,0.04811650372219784,1.317705937220003,69
noOrient_tig00000928_pilon_68749,50726,-0.0008915178571428571,4.5844444466846,0.036018175269714896,1.4434782929147991,67
noOrient_tig00000928_pilon_68749,54146,-0.0008207070707070705,4.0528750035077445,0.04811650372219784,1.317705937220003,69
noOrient_tig00000928_pilon_68749,59338,-0.0009852941176470588,5.832854274126875,0.018507392105281115,1.7326547737959632,68
noOrient_tig00001052_pilon_38617,6291,-0.0008484848484848485,3.9752812549516707,0.05043775250019891,1.2972442737743781,66
noOrient_tig00001052_pilon_38617,15406,-0.0009411764705882358,5.396358990737805,0.023270592233812268,1.6331925638295686,68
noOrient_tig00001052_pilon_38617,23348,-0.0009021645021645024,4.775548165176735,0.03242110908583362,1.4891721325591034,68
noOrient_tig00001052_pilon_38617,23396,-0.0009021645021645024,4.775548165176735,0.03242110908583362,1.4891721325591034,68
noOrient_tig00001515_pilon_160006,136056,-8.021390374331693e-06,0.00034388906197636095,0.9852614869134924,0.006448493103757244,67
noOrient_tig00001516_pilon_320660,96358,-0.0006916835699797159,2.4566509133118735,0.12220139897399354,0.9129238222177857,63
noOrient_tig00001516_pilon_320660,124161,0.0008396464646464641,4.1819778931178275,0.04478691812675477,1.348848821158652,69
noOrient_tig00000479_pilon_274116,99615,0.0008128054740957967,3.6590043904993985,0.060388381728897066,1.2190466083388092,64
noOrient_tig00000479_pilon_274116,207386,0.0007483193277310918,3.3115967506236252,0.07326010365907144,1.135132471167913,69
noOrient_tig00000479_pilon_274116,210735,0.0007483193277310918,3.3115967506236252,0.07326010365907144,1.135132471167913,69
noOrient_tig00000479_pilon_274116,230416,0.0007883986928104568,3.743685594094364,0.05716825648253818,1.2428450526966808,70
noOrient_tig00000647_pilon_179951,37224,0.0007184343434343432,3.102309042052105,0.08274374234689605,1.0822648406576743,69
noOrient_tig00000647_pilon_179951,142656,-0.000788398692810457,3.743685594094364,0.05716825648253818,1.2428450526966808,70
noOrient_tig00001128_pilon_11455,5958,0.0006979166666666666,2.6831667967621287,0.10639937312154926,0.9730609307877187,65
noOrient_tig00001128_pilon_11455,5962,0.0006979166666666666,2.6831667967621287,0.10639937312154926,0.9730609307877187,65
noOrient_tig00001086_pilon_35940,17855,0.0006845878136200716,2.624011782941786,0.11010005764447152,0.9582124536470553,67
noOrient_tig00001086_pilon_35940,23191,-0.0006105263157894737,2.0594055732436134,0.15599123370394458,0.8068998071646256,68
noOrient_tig00000541_pilon_277767,8234,-0.00043040293040293057,0.9724239110338216,0.3276777783017657,0.4845530096037421,68
noOrient_tig00000541_pilon_277767,8237,-0.00043040293040293057,0.9724239110338216,0.3276777783017657,0.4845530096037421,68
noOrient_tig00000541_pilon_277767,10229,-0.0003957960644007156,0.8333556059830595,0.3645772824171506,0.43821039664718825,69
noOrient_tig00000541_pilon_277767,221206,0.00022585365853658562,0.2583184250058048,0.6130252227823912,0.21252165616697585,66
noOrient_tig00000541_pilon_277767,224911,-0.000272857142857143,0.37193285754462063,0.5440787718476983,0.2643382184963303,67
noOrient_tig00000541_pilon_277767,229864,0.00016208791208791216,0.137250122765577,0.7122165585341945,0.14738793350305646,68
noOrient_tig00000637_pilon_198092,80458,0.00041249999999999994,0.8497415740769386,0.36008745848130574,0.44359200444713875,66
noOrient_tig00000637_pilon_198092,140356,0.00036489898989899004,0.5691225463217535,0.45376860090382154,0.3431655589711183,58
noOrient_tig00001443_pilon_190853,65081,0.00026114341085271326,0.34593999671460895,0.5584585852862463,0.25300902818589177,67
noOrient_tig00001443_pilon_190853,155148,-0.0003806818181818183,0.7271616119222758,0.396888783875624,0.4013311741332829,68
noOrient_tig00001443_pilon_190853,155157,-0.0003806818181818183,0.7271616119222758,0.396888783875624,0.4013311741332829,68
noOrient_tig00001443_pilon_190853,155744,-0.0004239510489510489,0.9726960018656992,0.3275050566579918,0.48478199014026235,70
noOrient_tig00001443_pilon_190853,156564,0.0003831818181818181,0.7677643539300163,0.38404031242897074,0.4156231856674976,69
noOrient_tig00001443_pilon_190853,159794,0.00036804853387259874,0.6464630200934841,0.4243565618947267,0.3722690778690009,66
noOrient_tig00001443_pilon_190853,165976,0.00048318181818181815,1.2279994441653763,0.27175870747090614,0.5658165317090768,69
noOrient_tig00001443_pilon_190853,166092,0.0003528622540250447,0.6903896973744525,0.40898312152450633,0.38829461468220516,69
noOrient_tig00001699_pilon_378412,148958,0.00045454545454545455,1.1205475979211534,0.29354643122542257,0.5323231951654779,70
noOrient_tig00001699_pilon_378412,148997,0.00045454545454545455,1.1205475979211534,0.29354643122542257,0.5323231951654779,70
noOrient_tig00001699_pilon_378412,242023,0.0003054054054054053,0.4419562508652913,0.5087269761384701,0.293515232532877,62
noOrient_tig00001699_pilon_378412,257919,0.00034279279279279264,0.6278896844425605,0.43101304316503863,0.36550958717362503,67
noOrient_tig00001699_pilon_378412,257964,0.00030438596491228094,0.5035018335032806,0.4804648719470058,0.31833835924884274,68
noOrient_tig00001699_pilon_378412,257972,0.00030438596491228094,0.5035018335032806,0.4804648719470058,0.31833835924884274,68
noOrient_tig00001699_pilon_378412,258905,0.00026033834586466166,0.3456842997720138,0.5586353757280952,0.2528715659550164,66
noOrient_tig00001699_pilon_378412,258912,0.0003469785575048734,0.6089240942919372,0.43811531173103035,0.35841156836007776,65
noOrient_tig00001699_pilon_378412,258928,0.0003469785575048734,0.6089240942919372,0.43811531173103035,0.35841156836007776,65
noOrient_tig00001699_pilon_378412,258935,0.0003469785575048734,0.6089240942919372,0.43811531173103035,0.35841156836007776,65
noOrient_tig00001699_pilon_378412,259117,0.0002939189189189189,0.48036658141516964,0.49065194772635334,0.3092264728101074,69
noOrient_tig00001699_pilon_378412,259170,0.0002939189189189189,0.48036658141516964,0.49065194772635334,0.3092264728101074,69
noOrient_tig00001699_pilon_378412,259192,0.0002939189189189189,0.48036658141516964,0.49065194772635334,0.3092264728101074,69
noOrient_tig00001856_pilon_46646,20131,0.0007540540540540544,2.760351777207776,0.10184396781896714,0.9920646890056737,62
noOrient_tig00001855_pilon_186703,20450,-0.0005151515151515155,1.540357518122849,0.218892546449301,0.659769026422251,69
noOrient_tig00001855_pilon_186703,46430,0.00045496323529411775,1.1541628311964036,0.28671319628285724,0.5425523177234314,66
noOrient_tig00000979_pilon_67283,20253,0.000138095238095238,0.10027840918769161,0.7525427287986386,0.12346883612663148,65
noOrient_tig00000979_pilon_67283,21235,0.0002038961038961037,0.22795210583661754,0.6346238381394593,0.19748361868693823,68
noOrient_tig00000979_pilon_67283,38939,0.0002100840336134451,0.25178254526148497,0.6174676801965069,0.20938576953332452,69
noOrient_tig00000979_pilon_67283,39143,0.00023484848484848467,0.30936399409975773,0.5799236283234785,0.23662919606045688,69
noOrient_tig00000538_pilon_243350,36579,-0.0005974358974358974,2.0218906042331577,0.1596846161053385,0.7967369214468605,69
noOrient_tig00000538_pilon_243350,48466,0.0004212962962962962,0.8854681767427027,0.35041998466334234,0.4554111337210895,63
noOrient_tig00000538_pilon_243350,69436,0.0005283882783882782,1.4896657652880625,0.2266776533775397,0.6445912919298742,67
noOrient_tig00000538_pilon_243350,98674,0.0005974358974358975,2.0218906042331577,0.1596846161053385,0.7967369214468605,69
noOrient_tig00000538_pilon_243350,99443,-0.0005097856477166822,1.4031267665593625,0.24058109809572067,0.6187384971757185,66
noOrient_tig00000538_pilon_243350,119760,0.0005071428571428569,1.3929371572473965,0.24214599955430025,0.6159227014505777,68
noOrient_tig00000538_pilon_243350,126457,0.0005583333333333333,1.7906388769937474,0.1853059347039714,0.7321106715180515,70
noOrient_tig00000538_pilon_243350,137808,0.0005583333333333333,1.7906388769937474,0.1853059347039714,0.7321106715180515,70
noOrient_tig00000538_pilon_243350,151221,0.0007107107107107106,2.620357601822216,0.11057705159751047,0.9563349941766517,64
noOrient_tig00000538_pilon_243350,157637,0.0006126373626373623,2.0211092809263613,0.15990631084867285,0.7961343960869698,67
noOrient_tig00001595_pilon_392707,31957,0.00032723214285714294,0.5799321131181459,0.4490931652124204,0.3476635544521331,67
noOrient_tig00001595_pilon_392707,32156,0.000342857142857143,0.6559856768763549,0.4208913622351069,0.3758299869916361,68
noOrient_tig00001595_pilon_392707,42939,0.000371975806451613,0.7025200680543949,0.4052105215107452,0.39231928647381664,63
noOrient_tig00001595_pilon_392707,47683,0.00029873949579831957,0.5028712512883076,0.4807016345623908,0.3181244011078422,69
noOrient_tig00001595_pilon_392707,151063,0.0004994623655913981,1.1936876411527657,0.27902816434131694,0.5543519580142643,61
noOrient_tig00001595_pilon_392707,167406,0.00025714285714285726,0.37988826815642895,0.5397209738757481,0.26783070466683767,70
noOrient_tig00001595_pilon_392707,184971,0.0003498217468805706,0.6559867271786148,0.42093562258948625,0.37578431958482156,67
noOrient_tig00001595_pilon_392707,212370,0.00033852813852813855,0.6733181170534246,0.41485102580758115,0.38210783168564727,68
noOrient_tig00001595_pilon_392707,293237,0.00025714285714285726,0.37988826815642895,0.5397209738757481,0.26783070466683767,70
noOrient_tig00001595_pilon_392707,293428,-0.00039393939393939407,0.846786189618729,0.3609186768453949,0.44259064345720117,66
noOrient_tig00001634_pilon_172913,21166,0.0003001893939393941,0.4703375560497679,0.49534802475932627,0.30508956445266683,65
noOrient_tig00001634_pilon_172913,24596,0.0002547348484848486,0.3313123039785502,0.566937751836748,0.2464646227964848,65
noOrient_tig00001634_pilon_172913,27444,0.00029873949579831957,0.5028712512883076,0.4807016345623908,0.3181244011078422,69
noOrient_tig00001634_pilon_172913,69963,0.00026709956709956726,0.3921457398028103,0.5333335200095433,0.2730011200529245,68
noOrient_tig00001634_pilon_172913,93042,0.00025714285714285726,0.37988826815642895,0.5397209738757481,0.26783070466683767,70
noOrient_tig00001634_pilon_172913,95749,-0.0002987394957983195,0.5028712512883076,0.4807016345623908,0.3181244011078422,69
noOrient_tig00001634_pilon_172913,107203,0.0003461174242424244,0.6236210141046185,0.4326671102390208,0.36384611701434055,65
noOrient_tig00001634_pilon_172913,134441,0.0003407563025210085,0.6748765740405941,0.41427029368929513,0.38271620778151716,69
noOrient_tig00001634_pilon_172913,160467,0.00029873949579831957,0.5028712512883076,0.4807016345623908,0.3181244011078422,69
noOrient_tig00001800_pilon_122100,53937,-0.0009757543103448273,5.4326958983783715,0.02320074996992078,1.6344979762067797,61
noOrient_tig00001800_pilon_122100,78831,0.0008159722222222221,3.8398005117837677,0.054274996845292085,1.265400193116698,68
noOrient_tig00001800_pilon_122100,87150,-0.0007911764705882353,3.6640051399466116,0.05987208466874025,1.222775620017526,69
noOrient_tig00001800_pilon_122100,106341,0.0009019607843137253,4.813983697671105,0.03181039121694435,1.4974309897321405,67
noOrient_tig00001850_pilon_142024,8443,-1.169590643274824e-05,0.000699458405470832,0.9789841838612754,0.009224324455553006,65
noOrient_tig00001850_pilon_142024,8554,-3.195488721804525e-05,0.005377333504282104,0.9417719827847579,0.026054233730807213,66
noOrient_tig00002013_pilon_17517,12849,0.0008610641891891889,4.360590784058599,0.04058358284009265,1.3916496147941648,69
noOrient_tig00002013_pilon_17517,14107,0.0009725225225225226,5.374176319861976,0.02359390658333268,1.6272001444421695,67
noOrient_tig00002013_pilon_17517,14162,0.0009725225225225226,5.374176319861976,0.02359390658333268,1.6272001444421695,67
noOrient_tig00001062_pilon_64369,13892,0.0007616216216216216,2.8853421240727837,0.0945694640138581,1.0242490723836497,62
noOrient_tig00001062_pilon_64369,21130,0.0008073234524847428,3.7186330974771074,0.05811170332020493,1.235736394708801,68
noOrient_tig00001062_pilon_64369,29858,0.0008162139219015284,3.9032060022739556,0.052314845196556624,1.2813750554517853,69
noOrient_tig00001062_pilon_64369,30050,0.0008429276315789476,4.283468900819642,0.042286702552456826,1.3737961791024702,70
noOrient_tig00001666_pilon_166600,116881,0.0007840501792114696,3.477308688411134,0.06673150091123864,1.1756691069769192,67
noOrient_tig00001666_pilon_166600,133212,0.0007710526315789476,3.4024389804514157,0.06958819418980965,1.1574644332790418,68
noOrient_tig00001666_pilon_166600,143508,0.0006942857142857143,2.272899942660544,0.13708130366392995,0.8630217740163257,60
noOrient_tig00001666_pilon_166600,158816,0.0008663194444444443,4.293606356204862,0.04216682077348728,1.3750291419915526,68
noOrient_tig00000855_pilon_96617,15316,-0.000861064189189189,4.360590784058599,0.04058358284009265,1.3916496147941648,69
noOrient_tig00000855_pilon_96617,48525,0.0008429276315789476,4.283468900819642,0.042286702552456826,1.3737961791024702,70
noOrient_tig00000855_pilon_96617,52210,0.0008968590831918509,4.76576603358859,0.032539038233448364,1.487595287787577,69
noOrient_tig00000498_pilon_300192,3663,0.0004283154121863798,1.0205129741517496,0.3161431830253225,0.5001161784131695,67
noOrient_tig00000498_pilon_300192,3783,0.00033506944444444426,0.6176089989189943,0.4347496020622378,0.36176080684624673,68
noOrient_tig00000498_pilon_300192,13505,0.0003100840336134454,0.5421040725070829,0.4641321744838621,0.3333583244565046,69
noOrient_tig00000498_pilon_300192,187010,-0.0006896551724137936,2.7439594508144367,0.10223024705163491,0.9904205896795638,70
noOrient_tig00000498_pilon_300192,187097,-0.0006896551724137936,2.7439594508144367,0.10223024705163491,0.9904205896795638,70
noOrient_tig00000498_pilon_300192,187138,-0.0006896551724137936,2.7439594508144367,0.10223024705163491,0.9904205896795638,70
noOrient_tig00000498_pilon_300192,187155,-0.0006896551724137936,2.7439594508144367,0.10223024705163491,0.9904205896795638,70
noOrient_tig00000498_pilon_300192,238066,0.0005736111111111111,1.7783133059622125,0.1870110251580442,0.7281327890562509,67
noOrient_tig00000498_pilon_300192,238107,0.0005736111111111111,1.7783133059622125,0.1870110251580442,0.7281327890562509,67
noOrient_tig00000498_pilon_300192,238118,0.0005736111111111111,1.7783133059622125,0.1870110251580442,0.7281327890562509,67
noOrient_tig00000498_pilon_300192,280105,-0.0006451612903225808,2.430908840918462,0.12360620911018838,0.9079597127863412,70
noOrient_tig00000498_pilon_300192,280271,0.0006188455008488966,2.1895381213047993,0.1436378574775084,0.8427310814952478,69
noOrient_tig00000498_pilon_300192,285949,-0.0007590996168582374,3.0011644740416226,0.08809811341613576,1.0550333917211492,65
noOrient_tig00000951_pilon_69009,58739,0.00042683982683982695,1.0333279308955232,0.31309031700600953,0.5043303636698501,68
noOrient_tig00000951_pilon_69009,58791,0.00042683982683982695,1.0333279308955232,0.31309031700600953,0.5043303636698501,68
noOrient_tig00000951_pilon_69009,58814,0.00042683982683982695,1.0333279308955232,0.31309031700600953,0.5043303636698501,68
noOrient_tig00000951_pilon_69009,58888,0.00039464285714285697,0.8609310046240269,0.3569110307323744,0.44744002948291733,67
noOrient_tig00000727_pilon_165674,9102,0.0004431239388794568,1.1050381439861858,0.2969398623976526,0.5273314970578237,69
noOrient_tig00002000_pilon_27976,25080,6.189213085764762e-06,0.00022109533940046673,0.988181329689644,0.0051633557586452635,68
noOrient_tig00001998_pilon_70501,44690,-0.00010766580534022397,0.06282612301325433,0.8028394454291458,0.09537129772993634,70
noOrient_tig00001998_pilon_70501,45735,-0.0002678571428571428,0.39580908032595974,0.5313695304459032,0.27460335233183186,70
noOrient_tig00001998_pilon_70501,45745,-0.0002678571428571428,0.39580908032595974,0.5313695304459032,0.27460335233183186,70
noOrient_tig00001063_pilon_34828,21024,4.9941245593419674e-05,0.010792424879263152,0.9176177426811347,0.03733819768523814,60
noOrient_tig00001150_pilon_31802,24110,2.1953405017921038e-05,0.0026396540015986895,0.9591822276434825,0.018098876727255752,67
noOrient_tig00001064_pilon_35205,13186,-7.672188317349592e-05,0.03290691388744609,0.856607507321852,0.06721812375900689,68
noOrient_tig00001955_pilon_69177,10273,-0.00027754415475189246,0.42986709019476904,0.5142663670569426,0.2888118775439777,70
noOrient_tig00001955_pilon_69177,10292,-0.00027754415475189246,0.42986709019476904,0.5142663670569426,0.2888118775439777,70
noOrient_tig00001956_pilon_117609,38091,-0.0006323260073260072,2.136532598722086,0.14864456541358123,0.8278509643873202,67
noOrient_tig00001956_pilon_117609,38095,-0.0006339285714285715,2.2033889325246565,0.14246818736200564,0.8462821012383385,68
noOrient_tig00001956_pilon_117609,80437,0.000574561403508772,1.679815104942193,0.1996771012957062,0.6996717365870984,65
noOrient_tig00000774_pilon_116304,59647,0.0004135649296939619,0.9782922699948493,0.3261272550023919,0.48661290495815535,70
noOrient_tig00000774_pilon_116304,61763,-0.0004135649296939619,0.9782922699948493,0.3261272550023919,0.48661290495815535,70
noOrient_tig00000935_pilon_96169,29991,-0.00029398762157382854,0.4797054635720484,0.49098562962679637,0.30893121880394814,68
noOrient_tig00001110_pilon_5950,3392,-0.00033157894736842125,0.6162883983333812,0.4352388683545526,0.36127232756046257,68
noOrient_tig00001110_pilon_5950,3443,-0.00033157894736842125,0.6162883983333812,0.4352388683545526,0.36127232756046257,68
unMap_tig00000004_pilon_26047,24774,7.815126050420167e-05,0.0341757081612025,0.8538920254364535,0.06859704233418171,69
unMap_tig00000094_pilon_26754,24842,0.00021250000000000007,0.2454298303178047,0.6219571162708255,0.20623955873200142,68
unMap_tig00000098_pilon_31263,29819,-0.00026486486486486464,0.38440933380789455,0.5374204272748241,0.2696858301169684,67
unMap_tig00000331_pilon_35134,24542,-0.00027637314734088933,0.4329547181497672,0.5128312648163154,0.2900255058697017,68
unMap_tig00000384_pilon_192157,17775,-9.579831932773108e-05,0.051365637456755556,0.8213938323781823,0.08544856246870454,69
unMap_tig00000384_pilon_192157,21154,0.00018548387096774173,0.17178044745748391,0.6799882070839549,0.1674986191213742,63
unMap_tig00000384_pilon_192157,22844,0.00013235294117647044,0.09594056207601777,0.7577324668191451,0.1204841039894283,68
unMap_tig00000384_pilon_192157,30172,-4.54545454545456e-05,0.011197511664075137,0.9160574941964638,0.038077268003900676,66
unMap_tig00000384_pilon_192157,42516,-8.731617647058821e-05,0.04140739550708289,0.8393991883723046,0.07603145505018977,66
unMap_tig00000384_pilon_192157,55066,9.579831932773112e-05,0.051365637456755556,0.8213938323781823,0.08544856246870454,69
unMap_tig00000384_pilon_192157,57957,0.00013071895424836573,0.0976862368352536,0.7555805937973153,0.12171920495212496,70
unMap_tig00000384_pilon_192157,57982,0.00013071895424836573,0.0976862368352536,0.7555805937973153,0.12171920495212496,70
unMap_tig00000384_pilon_192157,103165,-0.0002978219696969695,0.5164746242873167,0.4750064636467999,0.32330048067610373,65
unMap_tig00000384_pilon_192157,103221,-0.00024910873440285195,0.3563284616097021,0.5526260515869816,0.2575686456703467,67
unMap_tig00000384_pilon_192157,104160,0.00012713472485768475,0.08248342461068922,0.7749022771644054,0.11075306286688286,65
unMap_tig00000384_pilon_192157,104744,-3.7878787878787804e-05,0.00774544798970237,0.9301407217649091,0.03145134170122114,67
unMap_tig00000384_pilon_192157,110493,-0.00011600378787878784,0.07412135884698777,0.7863182777421683,0.10440162916610735,65
unMap_tig00000384_pilon_192157,114740,-0.00013071895424836575,0.0976862368352536,0.7555805937973153,0.12171920495212496,70
unMap_tig00000384_pilon_192157,130140,-9.579831932773108e-05,0.051365637456755556,0.8213938323781823,0.08544856246870454,69
unMap_tig00000384_pilon_192157,130182,5.8823529411764606e-05,0.01895462377943662,0.8909158153124543,0.050163331510343384,68
unMap_tig00000427_pilon_343620,237172,-0.0009473916887709994,5.278963116217655,0.024762930874298223,1.6061979546759264,68
unMap_tig00000427_pilon_343620,237306,-0.0008141025641025642,3.8227977690975,0.054732835485327064,1.2617520522460812,69
unMap_tig00000427_pilon_343620,237328,-0.0008125000000000001,3.9069830692867256,0.05214325200174444,1.2828018868161215,70
unMap_tig00000427_pilon_343620,237333,-0.0008125000000000001,3.9069830692867256,0.05214325200174444,1.2828018868161215,70
unMap_tig00000427_pilon_343620,260066,-0.0007365163572060124,3.105829536440932,0.08264257222148468,1.0827961740124903,68
unMap_tig00000427_pilon_343620,260245,-0.0007802144249512671,3.3101361009896904,0.07360611846328882,1.1330860837005265,65
unMap_tig00000427_pilon_343620,262180,-0.0006683303085299456,2.4203939740262865,0.12462073743965442,0.904409683148461,67
unMap_tig00000427_pilon_343620,306711,0.0008030852994555353,3.5715736423079467,0.06323724920760147,1.1990270299470174,67
unMap_tig00000427_pilon_343620,324705,-0.0009971042471042472,5.570486367031797,0.02137523481960167,1.6700891055917388,65
unMap_tig00000427_pilon_343620,324706,-0.0009971042471042472,5.570486367031797,0.02137523481960167,1.6700891055917388,65
unMap_tig00000464_pilon_105346,101472,0.00028571428571428584,0.469613259668506,0.49549466105392503,0.3049610206687388,70
unMap_tig00000484_pilon_401613,31493,-0.0009266917293233084,4.7588389574639125,0.03282820988821119,1.4837527985642374,66
unMap_tig00000484_pilon_401613,31685,0.0009266917293233082,4.7588389574639125,0.03282820988821119,1.4837527985642374,66
unMap_tig00000484_pilon_401613,216140,0.0008224603914259086,3.6360864266833217,0.061030546218855,1.2144527431226617,66
unMap_tig00000484_pilon_401613,240620,-0.0008125000000000001,3.9069830692867256,0.05214325200174444,1.2828018868161215,70
unMap_tig00000484_pilon_401613,240683,-0.0008125000000000001,3.9069830692867256,0.05214325200174444,1.2828018868161215,70
unMap_tig00000484_pilon_401613,361359,0.0007229729729729725,2.918707532707666,0.09232966093261828,1.0346587593203835,67
unMap_tig00000484_pilon_401613,378698,-0.0008947368421052632,4.617600658481387,0.035317978740434186,1.452004159199635,68
unMap_tig00000639_pilon_219053,29715,-0.00021645021645021664,0.25734670246852936,0.6136398403623344,0.2120864517190676,68
unMap_tig00000639_pilon_219053,32700,0.00029831932773109266,0.4975790410038233,0.48301110220668486,0.31604288669841285,69
unMap_tig00000639_pilon_219053,48297,0.00028571428571428584,0.469613259668506,0.49549466105392503,0.3049610206687388,70
unMap_tig00000639_pilon_219053,110597,0.0002521008403361346,0.35734095660707266,0.5520019512318268,0.2580593871118924,69
unMap_tig00000639_pilon_219053,122893,0.0002468805704099824,0.3434987429550159,0.5598463475668659,0.25193115077993944,67
unMap_tig00000639_pilon_219053,156505,-0.00025236742424242437,0.3311223857838104,0.5670486242803203,0.2463796988651111,65
unMap_tig00000639_pilon_219053,213910,-0.00029831932773109266,0.4975790410038233,0.48301110220668486,0.31604288669841285,69
unMap_tig00000641_pilon_42203,32440,-0.00019214527027027018,0.20976322090859306,0.648435026261285,0.1881335340746827,69
unMap_tig00000683_pilon_9901,873,0.0007083333333333334,2.3605680084497127,0.1298746287350316,0.8864756809251034,60
unMap_tig00000686_pilon_217140,23632,-0.0006323529411764704,2.3317823629281547,0.13146398542057988,0.8811932059220001,69
unMap_tig00000686_pilon_217140,44973,-0.00035800865800865813,0.7143831990724081,0.40104622546528046,0.3968055667626624,68
unMap_tig00000686_pilon_217140,45023,0.00035800865800865813,0.7143831990724081,0.40104622546528046,0.3968055667626624,68
unMap_tig00000686_pilon_217140,45024,0.00035800865800865813,0.7143831990724081,0.40104622546528046,0.3968055667626624,68
unMap_tig00000686_pilon_217140,45027,-0.00035800865800865813,0.7143831990724081,0.40104622546528046,0.3968055667626624,68
unMap_tig00000686_pilon_217140,45120,0.00035800865800865813,0.7143831990724081,0.40104622546528046,0.3968055667626624,68
unMap_tig00000686_pilon_217140,57190,0.0005313725490196077,1.4570582497926425,0.23198392227897344,0.6345421129861644,64
unMap_tig00000686_pilon_217140,187183,0.0006510416666666664,2.4676306677737694,0.12099513553464847,0.9172320896250913,68
unMap_tig00000744_pilon_72326,47877,-0.00035864745011086473,0.5899293740720645,0.4454096544341256,0.35124037369168587,63
unMap_tig00000747_pilon_29940,1880,0.000342857142857143,0.6559856768763549,0.4208913622351069,0.3758299869916361,68
unMap_tig00000781_pilon_32728,8556,0.0005313725490196079,1.4724374463197338,0.22956413151331395,0.6390959677668291,64
unMap_tig00000781_pilon_32728,8821,-0.0004824478178368122,1.240288874467121,0.26964642017283835,0.5692053410331617,65
unMap_tig00000781_pilon_32728,8876,0.0004824478178368122,1.240288874467121,0.26964642017283835,0.5692053410331617,65
unMap_tig00000782_pilon_26727,23848,1.5151515151515244e-05,0.0012448455613477895,0.9719643970540568,0.012349642940132641,66
unMap_tig00000791_pilon_40371,30459,-0.00033445945945945936,0.6283034953111655,0.4307761560535398,0.36574834339856344,69
unMap_tig00000801_pilon_121330,58417,0.00026900337837837846,0.41686733368757295,0.5207094983486318,0.28340450021412017,69
unMap_tig00000801_pilon_121330,58590,0.00031386224934612023,0.5550697224573565,0.4588984735701679,0.3382833868927358,68
unMap_tig00000801_pilon_121330,63958,0.00044357366771159874,0.9866271687836414,0.3245571604694327,0.4887088049027292,62
unMap_tig00000811_pilon_73098,45464,0.00010649350649350638,0.06161941323096148,0.8047251983885456,0.09435239938168326,68
unMap_tig00000811_pilon_73098,52391,-6.72268907563024e-05,0.025737152131297604,0.8730266291354729,0.05897250920369104,69
unMap_tig00000811_pilon_73098,52395,-6.72268907563024e-05,0.025737152131297604,0.8730266291354729,0.05897250920369104,69
unMap_tig00000816_pilon_26157,14966,-0.0003407563025210085,0.6748765740405941,0.41427029368929513,0.38271620778151716,69
unMap_tig00000819_pilon_137906,46211,-0.0006477272727272724,2.425154103533981,0.12411288962843486,0.9061831129105294,69
unMap_tig00000819_pilon_137906,63714,-0.0006917748917748918,2.72152471390203,0.1037552464903692,0.9839899335150712,68
unMap_tig00000819_pilon_137906,81857,-0.0006894957983193275,2.74611551491336,0.10216686086607395,0.9906899503547801,69
unMap_tig00000819_pilon_137906,98079,-0.0006174242424242421,2.235110234800102,0.13960238479201112,0.855107162707381,69
unMap_tig00000831_pilon_40212,15914,0.0005601237842617153,1.6970641734528489,0.19719956513945225,0.7050940470912808,68
unMap_tig00000865_pilon_95668,38310,0.0005955882352941177,1.8751390727124937,0.17599159431343162,0.7545080744044311,62
unMap_tig00000865_pilon_95668,47571,0.0008429276315789476,4.283468900819642,0.042286702552456826,1.3737961791024702,70
unMap_tig00000865_pilon_95668,49290,0.0008216216216216215,3.8462475911756986,0.05414399214617665,1.2664497259734027,67
unMap_tig00000865_pilon_95668,49598,0.0008474280732345251,4.2161424910015475,0.044007691645602795,1.356471411075068,68
unMap_tig00000884_pilon_75284,14649,-0.0004962121212121214,1.403564003999068,0.24031325583110805,0.6192222725771974,69
unMap_tig00000884_pilon_75284,14680,-0.0004962121212121214,1.403564003999068,0.24031325583110805,0.6192222725771974,69
unMap_tig00000884_pilon_75284,14732,-0.0005265151515151515,1.571987404739129,0.21427581599380371,0.6690268423651838,69
unMap_tig00000930_pilon_22969,7784,-0.0002100840336134455,0.2549290338448375,0.6152823275215105,0.21092555877856017,69
unMap_tig00000939_pilon_84056,397,0.00037204391891891884,0.7919670669008031,0.37669033927868,0.4240155177095565,69
unMap_tig00000939_pilon_84056,3098,0.00043407043407043427,1.0901714943200584,0.3001308672286451,0.5226893368720487,70
unMap_tig00000939_pilon_84056,3308,0.000404040404040404,0.9240423404475354,0.3398722561594708,0.4686842855158408,69
unMap_tig00000963_pilon_27923,14738,-0.00028571428571428584,0.469613259668506,0.49549466105392503,0.3049610206687388,70
unMap_tig00000999_pilon_67664,46927,0.00034243697478991605,0.667386269303849,0.4168597849493284,0.3800099998533477,69
unMap_tig00000999_pilon_67664,49229,0.000356350806451613,0.6356316942986306,0.42838954725450995,0.36816113453735655,63
unMap_tig00001041_pilon_48055,30716,-0.0005298295454545452,1.4371381280419855,0.23509291482762754,0.6287604593379783,65
unMap_tig00001057_pilon_43327,13812,0.00022619047619047624,0.2737851329477172,0.6025302036153519,0.22002117790711145,69
unMap_tig00001072_pilon_70125,4395,3.125000000000008e-05,0.005059159526723798,0.9435250086614521,0.025246584126790112,64
unMap_tig00001072_pilon_70125,14294,-6.506238859180031e-05,0.02272304894595332,0.8806463364205126,0.055198467272684675,67
unMap_tig00001081_pilon_26363,5208,0.00044612794612794606,0.9281739376150804,0.33933758655088286,0.469368033288659,60
unMap_tig00001081_pilon_26363,5209,0.00044612794612794606,0.9281739376150804,0.33933758655088286,0.469368033288659,60
unMap_tig00001081_pilon_26363,5215,0.00044612794612794606,0.9281739376150804,0.33933758655088286,0.469368033288659,60
unMap_tig00001081_pilon_26363,5223,0.00044612794612794606,0.9281739376150804,0.33933758655088286,0.469368033288659,60
unMap_tig00001081_pilon_26363,5234,0.00044612794612794606,0.9281739376150804,0.33933758655088286,0.469368033288659,60
unMap_tig00001081_pilon_26363,5247,0.00044612794612794606,0.9281739376150804,0.33933758655088286,0.469368033288659,60
unMap_tig00001081_pilon_26363,5328,0.00043407043407043427,1.0901714943200584,0.3001308672286451,0.5226893368720487,70
unMap_tig00001081_pilon_26363,5340,0.00043407043407043427,1.0901714943200584,0.3001308672286451,0.5226893368720487,70
unMap_tig00001081_pilon_26363,5372,0.00043407043407043427,1.0901714943200584,0.3001308672286451,0.5226893368720487,70
unMap_tig00001081_pilon_26363,5395,0.00047348484848484844,1.2744072446590016,0.2629674001465943,0.5800980873048527,69
unMap_tig00001081_pilon_26363,5405,0.00047348484848484844,1.2744072446590016,0.2629674001465943,0.5800980873048527,69
unMap_tig00001081_pilon_26363,5517,0.00047348484848484844,1.2744072446590016,0.2629674001465943,0.5800980873048527,69
unMap_tig00001081_pilon_26363,5838,0.00039107142857142867,0.8441919617941621,0.36159764959337937,0.44177440112793287,67
unMap_tig00001081_pilon_26363,5867,0.00039107142857142867,0.8441919617941621,0.36159764959337937,0.44177440112793287,67
unMap_tig00001081_pilon_26363,5876,0.00039107142857142867,0.8441919617941621,0.36159764959337937,0.44177440112793287,67
unMap_tig00001081_pilon_26363,5917,0.00039107142857142867,0.8441919617941621,0.36159764959337937,0.44177440112793287,67
unMap_tig00001081_pilon_26363,5962,0.00043454391891891884,1.0589931314759784,0.30714571079434555,0.5126555451054597,69
unMap_tig00001081_pilon_26363,6010,0.00043454391891891884,1.0589931314759784,0.30714571079434555,0.5126555451054597,69
unMap_tig00001081_pilon_26363,6041,0.00043454391891891884,1.0589931314759784,0.30714571079434555,0.5126555451054597,69
unMap_tig00001081_pilon_26363,6046,0.00043454391891891884,1.0589931314759784,0.30714571079434555,0.5126555451054597,69
unMap_tig00001081_pilon_26363,6048,0.00043454391891891884,1.0589931314759784,0.30714571079434555,0.5126555451054597,69
unMap_tig00001081_pilon_26363,6072,0.00035848214285714286,0.6942554657153956,0.40777201362929505,0.3895825842063496,67
unMap_tig00001081_pilon_26363,6078,0.00035848214285714286,0.6942554657153956,0.40777201362929505,0.3895825842063496,67
unMap_tig00001081_pilon_26363,6096,0.00035848214285714286,0.6942554657153956,0.40777201362929505,0.3895825842063496,67
unMap_tig00001081_pilon_26363,6114,0.00035848214285714286,0.6942554657153956,0.40777201362929505,0.3895825842063496,67
unMap_tig00001081_pilon_26363,6160,0.00035848214285714286,0.6942554657153956,0.40777201362929505,0.3895825842063496,67
unMap_tig00001081_pilon_26363,6163,0.00035848214285714286,0.6942554657153956,0.40777201362929505,0.3895825842063496,67
unMap_tig00001081_pilon_26363,6209,0.00035848214285714286,0.6942554657153956,0.40777201362929505,0.3895825842063496,67
unMap_tig00001081_pilon_26363,9693,0.0004008658008658009,0.8839795277763067,0.3505424768470531,0.45525934904523474,68
unMap_tig00001081_pilon_26363,9721,0.0004008658008658009,0.8839795277763067,0.3505424768470531,0.45525934904523474,68
unMap_tig00001081_pilon_26363,9740,0.0004008658008658009,0.8839795277763067,0.3505424768470531,0.45525934904523474,68
unMap_tig00001081_pilon_26363,9780,0.000404040404040404,0.9240423404475354,0.3398722561594708,0.4686842855158408,69
unMap_tig00001081_pilon_26363,9804,0.000404040404040404,0.9240423404475354,0.3398722561594708,0.4686842855158408,69
unMap_tig00001081_pilon_26363,9805,0.000404040404040404,0.9240423404475354,0.3398722561594708,0.4686842855158408,69
unMap_tig00001081_pilon_26363,9809,0.000404040404040404,0.9240423404475354,0.3398722561594708,0.4686842855158408,69
unMap_tig00001081_pilon_26363,9835,0.00043407043407043427,1.0901714943200584,0.3001308672286451,0.5226893368720487,70
unMap_tig00001081_pilon_26363,9860,0.00043407043407043427,1.0901714943200584,0.3001308672286451,0.5226893368720487,70
unMap_tig00001081_pilon_26363,9864,0.00043407043407043427,1.0901714943200584,0.3001308672286451,0.5226893368720487,70
unMap_tig00001115_pilon_15777,13013,0.000319704433497537,0.518469323931457,0.47420120037928193,0.3240373509958768,64
unMap_tig00001115_pilon_15777,13167,0.0003600405679513184,0.6448766592989493,0.42506837349760807,0.37154120678641966,63
unMap_tig00001118_pilon_43555,24764,-0.00017187500000000015,0.16519135068481447,0.6858208049532697,0.16378934433138304,64
unMap_tig00001118_pilon_43555,25208,-0.00015165441176470605,0.12117456711074527,0.7289064472860024,0.1373282083550988,66
unMap_tig00001118_pilon_43555,27070,0.00028571428571428584,0.469613259668506,0.49549466105392503,0.3049610206687388,70
unMap_tig00001118_pilon_43555,38004,-0.00028571428571428584,0.469613259668506,0.49549466105392503,0.3049610206687388,70
unMap_tig00001124_pilon_21235,925,0.0002647321428571429,0.39163673100963203,0.5336316500893237,0.2727584199994717,67
unMap_tig00001167_pilon_32072,6251,0.0005265151515151515,1.571987404739129,0.21427581599380371,0.6690268423651838,69
unMap_tig00001167_pilon_32072,7841,-0.0005265151515151516,1.5719874047391285,0.21427581599380371,0.6690268423651838,69
unMap_tig00001167_pilon_32072,28286,-0.0006174242424242425,2.2638764127583926,0.137122008779202,0.8628928331445308,69
unMap_tig00001167_pilon_32072,29079,-0.0005265151515151515,1.571987404739129,0.21427581599380371,0.6690268423651838,69
unMap_tig00001184_pilon_16527,4673,0.000507017543859649,1.4155287420548965,0.23840314509177082,0.6226880195400586,68
unMap_tig00001187_pilon_20704,8937,0.0007238514173998046,2.8718885919515413,0.09515680298535448,1.021560157525302,64
unMap_tig00001239_pilon_16084,15803,-8.680555555555544e-05,0.04231502691235681,0.8376536255118563,0.07693552746293172,68
unMap_tig00001241_pilon_8079,5140,0.0005583333333333333,1.7906388769937474,0.1853059347039714,0.7321106715180515,70
unMap_tig00001264_pilon_10493,10069,0.0007349137931034484,3.1729455403587976,0.07939973137681634,1.1001809668646383,69
unMap_tig00001278_pilon_30812,24512,0.00013647642679900742,0.10518752988282119,0.7466865914279321,0.12686164741440462,70
unMap_tig00001278_pilon_30812,24619,0.00013647642679900742,0.10518752988282119,0.7466865914279321,0.12686164741440462,70
unMap_tig00001454_pilon_103922,18712,0.00019944852941176502,0.21050233199901494,0.6479283439625995,0.1884730212009879,66
unMap_tig00001454_pilon_103922,18861,0.00019944852941176502,0.21050233199901494,0.6479283439625995,0.1884730212009879,66
unMap_tig00001454_pilon_103922,18880,0.00019944852941176502,0.21050233199901494,0.6479283439625995,0.1884730212009879,66
unMap_tig00001491_pilon_83558,32181,0.000530701754385965,1.5547634386526308,0.21684054751099954,0.6638595048192901,68
unMap_tig00001504_pilon_58132,1496,0.00014062500000000018,0.10374746932198761,0.7484616011849512,0.12583047564325345,64
unMap_tig00001504_pilon_58132,4040,0.0004255793226381461,1.0128151431531813,0.31796118263342993,0.49762589635865456,67
unMap_tig00001504_pilon_58132,5842,0.0002974025974025975,0.4955984113843886,0.4839170302057493,0.31522909375366714,68
unMap_tig00001504_pilon_58132,16164,-0.00020223214285714316,0.21729887063792022,0.6426642324712171,0.19201587011081786,67
unMap_tig00001528_pilon_192341,164305,0.0001521381578947369,0.1315226203026807,0.717983324418658,0.14388564238313123,70
unMap_tig00001534_pilon_71199,50290,0.0011215277777777775,7.8376516573463215,0.006703446684487095,2.1737018404086905,68
unMap_tig00001534_pilon_71199,50455,0.0011003584229390677,7.323636124543463,0.008682769065479807,2.0613417496995985,67
unMap_tig00001548_pilon_104191,23682,-0.000286739864864865,0.46025393142994664,0.49984188449374956,0.30116735476746603,69
unMap_tig00001548_pilon_104191,23796,0.00028673986486486483,0.46025393142994664,0.49984188449374956,0.30116735476746603,69
unMap_tig00001548_pilon_104191,23919,-0.000286739864864865,0.46025393142994664,0.49984188449374956,0.30116735476746603,69
unMap_tig00001548_pilon_104191,32497,-0.00024131944444444434,0.32134095804100987,0.5727257938914944,0.24205325709536096,68
unMap_tig00001548_pilon_104191,61836,-0.0002966893039049238,0.4909040654325856,0.48595042950026257,0.31340802969342785,69
unMap_tig00001548_pilon_104191,62090,0.00035392720306513396,0.6449119375152429,0.4249571252372172,0.37165488456657303,65
unMap_tig00001548_pilon_104191,76779,-0.00025082236842105277,0.3586759207099217,0.5512325138694696,0.2586651739421512,70
unMap_tig00001548_pilon_104191,82550,0.00025082236842105277,0.3586759207099217,0.5512325138694696,0.2586651739421512,70
unMap_tig00001548_pilon_104191,82722,-0.00018378607809847202,0.19057574972954136,0.6638414773385382,0.17793561601826396,69
unMap_tig00001548_pilon_104191,94848,-0.0003309523809523808,0.5621583850859921,0.4561827335122991,0.34086115676704665,65
unMap_tig00001548_pilon_104191,94999,0.00019713261648745517,0.20597467991102744,0.6514526128286624,0.18611716972193976,67
unMap_tig00001548_pilon_104191,101178,-0.00021604414261460115,0.2591812257668416,0.6123558158620503,0.21299615308083872,69
unMap_tig00001551_pilon_65803,37275,0.0011711711711711711,8.8246956327488,0.004104286388574758,2.386762342672504,70
unMap_tig00001551_pilon_65803,37326,0.0011503378378378377,8.272593959289285,0.005392277160290065,2.2682277933846304,69
unMap_tig00001551_pilon_65803,37419,0.0011503378378378377,8.272593959289285,0.005392277160290065,2.2682277933846304,69
unMap_tig00001551_pilon_65803,58605,0.0011119815668202764,7.359049256228216,0.008561359766345825,2.0674572525983472,66
unMap_tig00001551_pilon_65803,58820,0.0011527777777777775,8.360590625747031,0.005186901114142881,2.2850920315497834,68
unMap_tig00001551_pilon_65803,58880,0.0011544117647058817,8.193704625636736,0.005675118660369544,2.2460250534291206,66
unMap_tig00001567_pilon_56512,27154,-0.00015962837837837836,0.14209182324002395,0.7074015264818598,0.1503340073684072,69
unMap_tig00001567_pilon_56512,29600,4.4463818657367046e-05,0.010965502862454669,0.9169185154451575,0.037669257421497106,68
unMap_tig00001576_pilon_76660,20417,0.0005333333333333335,1.6000344439102459,0.2102803205663425,0.6772013695835748,69
unMap_tig00001584_pilon_39859,24361,0.0012894507410636438,10.445598722777211,0.0019197342485389823,2.71675888711999,68
unMap_tig00001590_pilon_60593,3712,-0.00025210084033613456,0.35734095660707266,0.5520019512318268,0.2580593871118924,69
unMap_tig00001590_pilon_60593,31258,-0.0008980075901328273,4.408478631871111,0.039772091531049124,1.4004215697756721,65
unMap_tig00001590_pilon_60593,51423,-0.0008166666666666665,3.6503073406672235,0.060612220110175447,1.2174398083189764,65
unMap_tig00001601_pilon_55013,33227,-0.00012222222222222213,0.07926031214377095,0.7792106187155677,0.10834513772832034,66
unMap_tig00001601_pilon_55013,33277,0.0001222222222222222,0.07926031214377095,0.7792106187155677,0.10834513772832034,66
unMap_tig00001604_pilon_41347,35729,-0.0009705159705159709,5.8231224564282655,0.018517436855189966,1.732419127626243,70
unMap_tig00001604_pilon_41347,35945,-0.0009705159705159709,5.8231224564282655,0.018517436855189966,1.732419127626243,70
unMap_tig00001621_pilon_33979,9782,-0.0009705159705159709,5.8231224564282655,0.018517436855189966,1.732419127626243,70
unMap_tig00001621_pilon_33979,9861,-0.0009705159705159709,5.8231224564282655,0.018517436855189966,1.732419127626243,70
unMap_tig00001647_pilon_63484,27907,-0.00035846560846560844,0.7043860190337722,0.40429850993381067,0.39329785928150307,69
unMap_tig00001649_pilon_33435,16413,0.0006754643206256109,2.43664728355488,0.12361964103275933,0.9079125218485306,64
unMap_tig00001649_pilon_33435,20605,0.0007184343434343432,3.102309042052105,0.08274374234689605,1.0822648406576743,69
unMap_tig00001671_pilon_34049,17873,-0.00044090909090909104,1.0002404973066037,0.32120322712041316,0.4932201000261483,63
unMap_tig00001671_pilon_34049,17902,-0.00044090909090909104,1.0002404973066037,0.32120322712041316,0.4932201000261483,63
unMap_tig00001689_pilon_41968,27294,-0.0007545362903225806,2.9725452137595627,0.08975336195324463,1.04694927477865,63
unMap_tig00001689_pilon_41968,27322,-0.0007545362903225806,2.9725452137595627,0.08975336195324463,1.04694927477865,63
unMap_tig00001691_pilon_90707,62832,-0.000911764705882353,5.137372428316848,0.026699602246859966,1.573495208421214,68
unMap_tig00001691_pilon_90707,62879,-0.0009643493761140822,5.6724185175169,0.020170856358081576,1.6952756633294033,67
unMap_tig00001718_pilon_142280,36212,0.000763611615245009,3.188997809605318,0.07880009452900257,1.1034732615282166,67
unMap_tig00001718_pilon_142280,36324,0.000788240495137047,3.473054201262618,0.06682548544198369,1.1750578777040994,68
unMap_tig00001718_pilon_142280,62674,-0.0007884615384615386,3.6021966212715304,0.06201246438351933,1.207521009390073,69
unMap_tig00001718_pilon_142280,62885,0.0006161161161161162,1.96938869880013,0.16550139274363188,0.7811983471551568,64
unMap_tig00001718_pilon_142280,72690,0.0008103603603603602,3.7552065260308995,0.05698961197350557,1.2442043000070266,67
unMap_tig00001718_pilon_142280,72728,-0.0008103603603603601,3.7552065260308827,0.05698961197350612,1.2442043000070226,67
unMap_tig00001718_pilon_142280,73909,0.0009071428571428574,4.532713087465365,0.03716843841191117,1.4298256848912647,65
unMap_tig00001731_pilon_34555,13303,0.0002521008403361346,0.3573409566070727,0.5520019512318268,0.2580593871118924,69
unMap_tig00001736_pilon_62821,34979,-0.0002100840336134455,0.2549290338448375,0.6152823275215105,0.21092555877856017,69
unMap_tig00001739_pilon_62723,26580,0.0008484719864176571,4.203240123164525,0.044262816091352235,1.3539609588220305,69
unMap_tig00001739_pilon_62723,29907,0.0008429276315789476,4.283468900819642,0.042286702552456826,1.3737961791024702,70
unMap_tig00001739_pilon_62723,29925,0.0008429276315789476,4.283468900819642,0.042286702552456826,1.3737961791024702,70
unMap_tig00001739_pilon_62723,29935,0.0008429276315789476,4.283468900819642,0.042286702552456826,1.3737961791024702,70
unMap_tig00001752_pilon_58495,14122,0.00012335526315789477,0.08640757946955967,0.7696902243454408,0.11368402927759005,70
unMap_tig00001752_pilon_58495,14345,0.0001596283783783783,0.14209182324002395,0.7074015264818598,0.1503340073684072,69
unMap_tig00001755_pilon_113164,25479,-0.0003787878787878789,0.8029548739360807,0.3735695069471694,0.42762858079593874,66
unMap_tig00001757_pilon_136162,36831,-0.00024776785714285737,0.3374763252687497,0.5632984841015871,0.24926141749747663,67
unMap_tig00001757_pilon_136162,69112,-9.848484848484865e-05,0.05177400237060372,0.8207414594650382,0.08579362779022097,65
unMap_tig00001757_pilon_136162,69135,-9.848484848484865e-05,0.05177400237060372,0.8207414594650382,0.08579362779022097,65
unMap_tig00001766_pilon_54153,18258,0.0006286186931348221,2.3036759763560775,0.1337039132055169,0.873855881753032,70
unMap_tig00001766_pilon_54153,18441,0.0006286186931348221,2.3036759763560775,0.1337039132055169,0.873855881753032,70
unMap_tig00001766_pilon_54153,19429,0.0006397459165154265,2.2093905144943573,0.14200753589147003,0.8476886083687629,67
unMap_tig00001766_pilon_54153,19471,0.0006697792869269952,2.579233552410057,0.11297740771057414,0.9470083944599244,69
unMap_tig00001794_pilon_95214,24263,-0.0001330049261083744,0.09224021394146059,0.7623651773043671,0.11783694926630409,64
unMap_tig00001794_pilon_95214,32260,0.00028151260504201696,0.44273305888750464,0.508090434440118,0.29405898125380187,69
unMap_tig00001794_pilon_95214,36166,-0.0004354838709677423,0.906185704150404,0.3450788095052971,0.46208170891331574,60
unMap_tig00001794_pilon_95214,72895,-0.0001472537878787881,0.11258128111855917,0.7383391128020185,0.13174412463705093,65
unMap_tig00001795_pilon_139039,36799,-0.00042978533094812163,0.9771747330685975,0.32645387914444546,0.4861781664498753,69
unMap_tig00001795_pilon_139039,96232,-0.0004125,0.8209607340877392,0.36840727909499404,0.43367179747747336,64
unMap_tig00001798_pilon_37430,7489,-0.0008581081081081081,4.241674522481108,0.04345281890732486,1.3619820443894113,67
unMap_tig00001798_pilon_37430,7783,0.0009701770736253494,5.563985819596973,0.021398258078551606,1.669621578878088,66
unMap_tig00001807_pilon_75264,21944,0.0005343035343035344,1.449826431480351,0.23320732303608083,0.6322578162448144,63
unMap_tig00001807_pilon_75264,21991,0.0005343035343035344,1.449826431480351,0.23320732303608083,0.6322578162448144,63
unMap_tig00001807_pilon_75264,22002,0.0005343035343035344,1.449826431480351,0.23320732303608083,0.6322578162448144,63
unMap_tig00001807_pilon_75264,22026,0.0005343035343035344,1.449826431480351,0.23320732303608083,0.6322578162448144,63
unMap_tig00001810_pilon_131194,93488,0.00036805555555555555,0.7632382273691923,0.38548474177915004,0.41399280747622275,68
unMap_tig00001810_pilon_131194,93510,0.00036805555555555555,0.7632382273691923,0.38548474177915004,0.41399280747622275,68
unMap_tig00001810_pilon_131194,93515,0.00036805555555555555,0.7632382273691923,0.38548474177915004,0.41399280747622275,68
unMap_tig00001810_pilon_131194,93526,0.00036805555555555555,0.7632382273691923,0.38548474177915004,0.41399280747622275,68
unMap_tig00001810_pilon_131194,93537,0.00036805555555555555,0.7632382273691923,0.38548474177915004,0.41399280747622275,68
unMap_tig00001810_pilon_131194,93543,0.00036805555555555555,0.7632382273691923,0.38548474177915004,0.41399280747622275,68
unMap_tig00001810_pilon_131194,93567,0.00036805555555555555,0.7632382273691923,0.38548474177915004,0.41399280747622275,68
unMap_tig00001810_pilon_131194,93606,0.00036805555555555555,0.7632382273691923,0.38548474177915004,0.41399280747622275,68
unMap_tig00001810_pilon_131194,93646,0.00025877192982456135,0.36936489674965906,0.5454362647297084,0.26325599025135055,68
unMap_tig00001810_pilon_131194,93661,0.00025877192982456135,0.36936489674965906,0.5454362647297084,0.26325599025135055,68
unMap_tig00001810_pilon_131194,93688,0.00025877192982456135,0.36936489674965906,0.5454362647297084,0.26325599025135055,68
unMap_tig00001810_pilon_131194,118597,0.00041515151515151514,0.9487723141993364,0.3335885646891007,0.4767888452571494,68
unMap_tig00001810_pilon_131194,118629,0.00041515151515151514,0.9487723141993364,0.3335885646891007,0.4767888452571494,68
unMap_tig00001810_pilon_131194,118655,0.00041515151515151514,0.9487723141993364,0.3335885646891007,0.4767888452571494,68
unMap_tig00001810_pilon_131194,118656,0.00041515151515151514,0.9487723141993364,0.3335885646891007,0.4767888452571494,68
unMap_tig00001810_pilon_131194,118698,0.00041515151515151514,0.9487723141993364,0.3335885646891007,0.4767888452571494,68
unMap_tig00001810_pilon_131194,120096,0.0003795955882352941,0.7687760370175908,0.38387531519640405,0.41580981395362154,66
unMap_tig00001810_pilon_131194,120139,0.0003795955882352941,0.7687760370175908,0.38387531519640405,0.41580981395362154,66
unMap_tig00001810_pilon_131194,120171,0.0003795955882352941,0.7687760370175908,0.38387531519640405,0.41580981395362154,66
unMap_tig00001810_pilon_131194,120172,-0.0003795955882352941,0.7687760370175908,0.38387531519640405,0.41580981395362154,66
unMap_tig00001810_pilon_131194,120177,0.0003795955882352941,0.7687760370175908,0.38387531519640405,0.41580981395362154,66
unMap_tig00001810_pilon_131194,120187,0.00034422348484848466,0.6239734087283606,0.43253776061544247,0.3639759725666316,65
unMap_tig00001810_pilon_131194,120204,0.000409090909090909,0.888956634402859,0.3493058288313904,0.4567941672733529,66
unMap_tig00001810_pilon_131194,120209,0.000409090909090909,0.888956634402859,0.3493058288313904,0.4567941672733529,66
unMap_tig00001810_pilon_131194,125034,0.00043558558558558534,1.0614055520782095,0.30671321732001156,0.5132675083818373,67
unMap_tig00001810_pilon_131194,125040,0.00034995340167753955,0.6846457165752354,0.4110662104602413,0.3860882206503761,66
unMap_tig00001810_pilon_131194,125044,0.00034995340167753955,0.6846457165752354,0.4110662104602413,0.3860882206503761,66
unMap_tig00001826_pilon_220708,48953,0.00027285714285714294,0.3851549302469988,0.5370272879302926,0.2700036459644079,67
unMap_tig00001826_pilon_220708,50316,-0.00020767195767195764,0.23240046185053861,0.6313207296489685,0.19974995021905437,69
unMap_tig00001826_pilon_220708,80573,0.00020767195767195764,0.23240046185053861,0.6313207296489685,0.19974995021905437,69
unMap_tig00001826_pilon_220708,158949,0.00031878306878306876,0.5455340579312955,0.46272778383110835,0.33467442312323803,69
unMap_tig00001841_pilon_78640,54274,-0.0003490073145245559,0.6205162625292485,0.4339564843210222,0.3625538178763586,62
unMap_tig00001843_pilon_56848,10259,-0.00025082236842105277,0.3586759207099217,0.5512325138694696,0.2586651739421512,70
unMap_tig00001893_pilon_66635,20665,0.0003831818181818182,0.7677643539300234,0.38404031242897074,0.4156231856674976,69
unMap_tig00001893_pilon_66635,61872,0.0006017441860465114,1.59605126779078,0.21127101198153908,0.6751600874251906,63
unMap_tig00001893_pilon_66635,62221,0.000602272727272727,1.7751972430409497,0.1874649609604598,0.7270798942485962,66
unMap_tig00001893_pilon_66635,62308,0.0003517441860465117,0.6205942890878933,0.4336899537349046,0.36282063800348235,67
unMap_tig00001912_pilon_26430,8679,-0.000145045045045045,0.11239391265819731,0.7385145879820914,0.13164092158757515,67
unMap_tig00001928_pilon_45998,15825,0.00017460317460317462,0.15052770977968907,0.6993604949197453,0.15529890351508624,64
unMap_tig00001960_pilon_39414,20425,0.0003072916666666666,0.5342743857772372,0.46740239424664287,0.3303090672851652,68
unMap_tig00001963_pilon_70016,58195,0.00034243697478991605,0.667386269303849,0.4168597849493284,0.3800099998533477,69
unMap_tig00001983_pilon_53968,39633,0.0008747563352826511,4.292585183690015,0.0423785561374375,1.3728538440439495,65
unMap_tig00001983_pilon_53968,39757,0.0008000848896434638,3.771970761016964,0.05632364952722246,1.2493092125629683,69
unMap_tig00001983_pilon_53968,48322,0.0008968590831918507,4.76576603358859,0.032539038233448364,1.487595287787577,69
unMap_tig00001997_pilon_32547,10373,0.00035215053763440864,0.6863475014751912,0.410441251715689,0.3867489965995481,67
unMap_tig00002005_pilon_31202,26832,-0.00048717948717948725,1.2042602234358688,0.27658361249689106,0.5581735552932607,66
unMap_tig00002025_pilon_35782,14780,0.0002100840336134455,0.2549290338448375,0.6152823275215105,0.21092555877856017,69
unMap_tig00002025_pilon_35782,14880,-0.0002510822510822513,0.35663435244772734,0.5524247181207083,0.25772689724898795,68
