chrom,pos,beta,F,p,LOD,n
chr01,131685,-0.0007999999999999998,0.5387717152934266,0.4654656339618859,0.3321123781233933,70
chr01,131821,-0.0012592436974789918,1.2745340781668866,0.26294387033869693,0.5801369488631055,69
chr01,200772,0.0009063492063492063,0.6806270753826452,0.4122139896125204,0.38487727333209915,71
chr01,200779,-0.0008954248366013067,0.6451327880950695,0.42465689028979925,0.3719618248570643,70
chr01,222996,0.00022206439393939365,0.03849333164647473,0.8450873397302512,0.0730984044198465,65
chr01,223269,0.00022206439393939365,0.03849333164647473,0.8450873397302512,0.0730984044198465,65
chr01,238341,-0.0007760416666666668,0.4596643271437875,0.5001509807591606,0.30089887523849235,68
chr01,238503,-0.0007633087633087635,0.46643761645851245,0.49695092322345047,0.3036864982397858,70
chr01,238526,-0.0010587121212121211,0.8467258052341273,0.36099032936401665,0.44250443233284503,65
chr01,243020,-0.0008651960784313719,0.6049699653763821,0.4393858437941809,0.35715393936159157,70
chr01,244975,0.0007762321144674088,0.4971256885809243,0.4831391561500815,0.31592776356751734,71
chr01,251624,-0.0007762321144674087,0.4971256885809243,0.4831391561500815,0.31592776356751734,71
chr01,351727,-0.0011470588235294118,1.0376993766733165,0.31207682797203967,0.5057384769529963,68
chr01,378870,-0.001014285714285714,0.8334095130656345,0.3645138955477851,0.43828591139346934,70
chr01,409030,-0.0009240196078431367,0.6874176137404252,0.4099450921535568,0.38727430857691014,70
chr01,409188,-0.0006778801843317971,0.33999220623723697,0.5618827923649156,0.250354267950296,66
chr01,412390,0.0007990196078431372,0.5014029612672146,0.4814158918146715,0.3174795775144516,67
chr01,412674,0.0011575630252100837,1.0718546406080776,0.3042492679469981,0.5167704580509349,69
chr01,415635,0.0011428571428571427,1.0137894920579502,0.3176739495095811,0.49801839753705124,68
chr01,460564,-0.0013714285714285712,1.5420472440944906,0.21857946262230463,0.6603906460862836,70
chr01,475305,0.001928698752228164,2.9081679999676715,0.09290704052692177,1.0319513737767183,67
chr01,476636,0.001837418300653594,2.816431983836944,0.09789413870323804,1.0092433102912879,70
chr01,476659,0.0017356915739268686,2.55933756600416,0.11421376218115908,0.9422815626468046,71
chr01,494511,0.0019368686868686876,3.0903018416586754,0.08332748262491982,1.079211738282595,69
chr01,545840,0.0017048823016564958,2.414307598557379,0.12501359280475693,0.9030427633187096,68
chr01,553844,-0.002076480263157895,3.6418635827796164,0.06056618928187303,1.2177697505222285,70
chr01,556600,0.0021262668918918914,3.709849654416391,0.05833649714979058,1.2340596519058993,69
chr01,572004,-0.0020525568181818175,3.3108284090462425,0.07357675494287758,1.133259370371155,65
chr01,572024,0.0020525568181818175,3.3108284090462425,0.07357675494287758,1.133259370371155,65
chr01,592304,-0.0019395032051282052,3.198599539690373,0.07809120669223456,1.107397866251268,71
chr01,611254,-0.0017791068580542255,2.6851356058029254,0.1058409394807752,0.97534631385546,71
chr01,611258,0.0017791068580542255,2.6851356058029254,0.1058409394807752,0.97534631385546,71
chr01,611281,-0.0017791068580542255,2.6851356058029254,0.1058409394807752,0.97534631385546,71
chr01,611393,-0.0017791068580542255,2.6851356058029254,0.1058409394807752,0.97534631385546,71
chr01,639463,-0.0010666666666666667,0.8247989070479326,0.36724187440929834,0.43504780462754616,65
chr01,642128,-0.0013444444444444441,1.351719322743932,0.24929474728286033,0.6032868721183752,66
chr01,643414,-0.0014141414141414141,1.6126209818788912,0.20851654763175698,0.6808594742154269,69
chr01,679690,0.0007654761904761904,0.4841222048936926,0.48889801183362236,0.3107817288467035,71
chr01,684439,-0.0007654761904761904,0.4841222048936926,0.48889801183362236,0.3107817288467035,71
chr01,684464,-0.0007654761904761904,0.4841222048936926,0.48889801183362236,0.3107817288467035,71
chr01,709138,0.0007546218487394958,0.45882347106563154,0.5005066575352239,0.30059014133834666,69
chr01,722292,0.0007357954545454544,0.38991075911265,0.5346011831930813,0.27197008438670645,65
chr01,732608,0.0005428571428571428,0.24702638517117226,0.6207798860394937,0.20706236314737703,70
chr01,764433,0.0006285714285714281,0.32161982566548125,0.5725032414606577,0.24222205004573089,70
chr01,855655,-0.0011035714285714284,1.0138907529684134,0.31749066361756423,0.49826904139244854,71
chr01,855789,-0.0011999999999999997,1.174388094771881,0.2823289803876551,0.5492445402857498,70
chr01,903574,-0.0007335858585858584,0.44088688950149585,0.5089732981027768,0.2933050011422277,69
chr01,906860,-0.0009648692810457509,0.7540223543210883,0.3882600693104945,0.41087727226578485,70
chr01,925316,0.000857536764705882,0.5729326444027396,0.45187353689929055,0.3449830915414067,66
chr01,954863,-0.0007095238095238091,0.3941453481474506,0.532397594992227,0.27376391503801584,65
chr01,964194,0.0008127240143369174,0.49870639615880186,0.4825927073655941,0.3164192451599534,67
chr01,1021452,0.00045454545454545476,0.17243742632343623,0.6792619819991534,0.16796269200434005,70
chr01,1026340,-0.0010161290322580649,0.7961714301861614,0.37548227501386944,0.4254105594463849,68
chr01,1048089,-0.00067741935483871,0.3665398716711201,0.5469726757656788,0.262034368475687,68
chr01,1096028,-0.0009508771929824561,0.7143017035656751,0.40107294468786925,0.39677663337877844,68
chr01,1096036,-0.0009508771929824561,0.7143017035656751,0.40107294468786925,0.39677663337877844,68
chr01,1125870,0.000985197368421053,0.7813006366238789,0.3798582047744993,0.4203784885836208,70
chr01,1125872,-0.0009851973684210525,0.7813006366238789,0.3798582047744993,0.4203784885836208,70
chr01,1139517,0.0009111384111384116,0.6664334773909621,0.4171485076382129,0.37970930577942447,70
chr01,1164849,0.000918918918918919,0.6321634920548816,0.4295481605800878,0.36698813636918026,65
chr01,1205428,0.0011710526315789477,1.0746786546329765,0.3036181042243913,0.5176723357728286,69
chr01,1206984,-0.0003067765567765568,0.07801645099133755,0.78089050383944,0.10740985845578166,67
chr01,1207368,0.0006996336996336991,0.38822944079739885,0.5354117177734432,0.2713121282767313,67
chr01,1237179,0.0003970223325062033,0.13018115656176066,0.7193627544548065,0.14305205185736872,70
chr01,1237241,-0.00018548387096774203,0.027790314800061576,0.8680903057693524,0.06143509365151627,71
chr01,1308414,0.0002307692307692307,0.03839459944095769,0.8452641992929821,0.07300752494220775,67
chr01,1310641,0.00018548387096774203,0.027790314800061576,0.8680903057693524,0.06143509365151627,71
chr01,1310850,0.00018548387096774203,0.027790314800061576,0.8680903057693524,0.06143509365151627,71
chr01,1369076,-0.00037222222222222214,0.10333418337343168,0.748912089564406,0.12556915861268161,66
chr01,1394356,0.0005178571428571428,0.2001200590560768,0.656088706382979,0.18303743792897825,68
chr01,1401980,-0.000326923076923077,0.07808275965926598,0.7808578898608017,0.10742799719184787,63
chr01,1446475,0.0005305039787798407,0.2187879995666223,0.6415058186617496,0.19279940008214783,68
chr01,1456038,0.0006249999999999998,0.29615612427787885,0.5881361564879769,0.23052212092012694,68
chr01,1517611,-0.0001277915632754339,0.01290103138578829,0.9099032751219462,0.041004771759619155,70
chr01,1560405,-9.53947368421053e-05,0.007230027598709921,0.9324877348689642,0.03035687181285094,70
chr01,1560447,-9.53947368421053e-05,0.007230027598709921,0.9324877348689642,0.03035687181285094,70
chr01,1569992,0.00015384615384615412,0.0177621145374449,0.894401029467321,0.048467709578716864,65
chr01,1653991,0.00033508771929824534,0.08796851096565614,0.7677071976871657,0.11480438761880683,68
chr01,1704109,0.0008692810457516336,0.6224352304026486,0.43330269296359014,0.3632086118297082,61
chr01,1884958,-0.00032150101419878296,0.07708489975351,0.7822262618241611,0.10666760749171407,63
chr01,1913773,0.000919172932330827,0.6553461687237137,0.4212073607732124,0.37550404794415715,66
chr01,1987026,0.0009596774193548389,0.7517314822337295,0.38893377564774134,0.41012434036887696,71
chr01,1994535,0.0007772449869224065,0.46270987925836266,0.49873947050910405,0.30212626012337085,68
chr01,1994595,0.0006083333333333336,0.27021806424112393,0.6049789210392645,0.2182597569769726,66
chr01,2022653,0.0009404466501240694,0.703841712523152,0.40443547334827157,0.3931507591053728,70
chr01,2086633,-0.0008833333333333332,0.6183559240279323,0.4343907318567277,0.36211944941004753,70
chr01,2108744,-0.0008856907894736847,0.6300571219924123,0.430095600630094,0.3664349997426896,70
chr01,2120416,0.001427483974358975,1.6966465972336886,0.19705793143183736,0.7054060804240628,71
chr01,2120420,-0.0014274839743589746,1.6966465972336886,0.19705793143183736,0.7054060804240628,71
chr01,2139637,-0.0014274839743589746,1.6966465972336886,0.19705793143183736,0.7054060804240628,71
chr01,2168473,0.0016217320261437903,2.19072019861221,0.14346279495689523,0.8432607124484928,70
chr01,2224895,-0.0011007130124777186,0.9672169577013077,0.32902188626419104,0.48277521217882363,67
chr01,2224903,-0.0011007130124777186,0.9672169577013077,0.32902188626419104,0.48277521217882363,67
chr01,2224907,-0.0011007130124777186,0.9672169577013077,0.32902188626419104,0.48277521217882363,67
chr01,2236918,-0.001192016806722689,1.1252841216345872,0.2925925209675039,0.533736779181506,69
chr01,2298034,-0.0012000000000000003,1.174388094771881,0.2823289803876551,0.5492445402857498,70
chr01,2298264,-0.0012000000000000003,1.174388094771881,0.2823289803876551,0.5492445402857498,70
chr01,2327205,0.0015315656565656568,1.9651836660089812,0.16557591284401219,0.7810028419460326,69
chr01,2362289,-0.001328968253968254,1.480137318229312,0.22789829527592875,0.6422589234156152,71
chr01,2362398,-0.001328968253968254,1.480137318229312,0.22789829527592875,0.6422589234156152,71
chr01,2362914,-0.0013142857142857142,1.4070799921768056,0.23966987300721881,0.6203865542393069,70
chr01,2363350,-0.0013970588235294118,1.5158880026874448,0.22261217020302196,0.6524510964813839,68
chr01,2387165,-0.000930926916221034,0.7131090031530838,0.4015110571240357,0.39630249028110964,67
chr01,2435235,-0.00151280834914611,1.759510909501726,0.18947406616087292,0.7224502247143046,65
chr01,2446840,-0.001465800865800866,1.665378633138686,0.2013813919902147,0.6959806615347519,68
chr01,2449842,0.001516414141414141,1.8433300442725202,0.17911643347998574,0.746864566902131,69
chr01,2502358,0.0012067460317460308,1.215829973915987,0.27401167073526134,0.5622309392672675,71
chr01,2502602,-0.0015517676767676765,1.98730032819862,0.16324860106676664,0.7871505316552587,69
chr01,2514066,0.0011428571428571434,1.0634970284641856,0.3060729835496975,0.5141750030165176,70
chr01,2541995,0.0014995535714285716,1.7682467395805377,0.18824693051827687,0.7252720965075687,67
chr01,2561595,-0.0015945723684210537,2.1082918266251585,0.15110128882026308,0.8207318313251618,70
chr01,2594237,-0.001796689303904923,2.667765471716755,0.10709073181053148,0.970248113647285,69
chr01,2617554,0.001419856459330143,1.6863888547760777,0.19840104924519922,0.7024560354066625,71
chr01,2681870,0.001419856459330143,1.6863888547760777,0.19840104924519922,0.7024560354066625,71
chr01,2724856,0.0017644312393887943,2.569297471347777,0.11366048355160065,0.9443905006461613,69
chr01,2759021,-0.0015122057541412388,1.7688425264399454,0.1881033665477205,0.7256034316691087,68
chr01,2771991,-0.0014198564593301433,1.6863888547760777,0.19840104924519922,0.7024560354066625,71
chr01,2804731,-0.0019419913419913425,3.0515998277608958,0.08530963127115854,1.0690019351654894,68
chr01,2880380,-0.001881932773109243,2.908831051063067,0.09272816580076437,1.0327883306460746,69
chr01,2880570,-0.0021470588235294116,3.908758515686644,0.05221493407622077,1.282205265976637,68
chr01,2888149,-0.0017138888888888876,2.497242230468126,0.11861946006361256,0.9258440571356576,71
chr01,2918935,0.0017138888888888876,2.497242230468126,0.11861946006361256,0.9258440571356576,71
chr01,2986574,-0.0018481717011128787,2.9162714393627622,0.09218627459130549,1.0353337352694307,71
chr01,2986650,0.0020996732026143774,3.8895844956046854,0.052655123597804936,1.278559363472004,70
chr01,2986692,-0.0020996732026143774,3.8895844956046854,0.052655123597804936,1.278559363472004,70
chr01,3020530,0.0019674603174603166,3.329134047052077,0.07239200709959857,1.1403093822029313,71
chr01,3024746,0.0019142857142857145,3.070482321581251,0.08423371397772529,1.0745140502585666,70
chr01,3109321,-0.001678030303030303,2.2000343430425082,0.14299337771203932,0.8446840750504266,65
chr01,3109439,-0.001641739980449658,2.0411183777462374,0.15811584346438887,0.8010246108747696,64
chr01,3142756,-0.002090463458110517,3.4350138817684486,0.06836745452751072,1.1651505895490697,67
chr01,3148811,0.002075980392156861,3.628264485613951,0.06103639875366352,1.2144110983747733,70
chr01,3150873,-0.0021083333333333323,3.8505001197507536,0.053765333630026696,1.2694976549246328,71
chr01,3168912,0.002082773109243697,3.547604220370914,0.06397242405934048,1.194007192573832,69
chr01,3168913,0.002082773109243697,3.547604220370914,0.06397242405934048,1.194007192573832,69
chr01,3173634,-0.0024117647058823533,4.935265399628563,0.029748740065996693,1.5265314230101312,68
chr01,3182315,0.0021083333333333323,3.8505001197507536,0.053765333630026696,1.2694976549246328,71
chr01,3196956,0.0018817204301075272,2.924235949946687,0.0922590365251992,1.0349910851057524,64
chr01,3205286,-0.0021119047619047623,3.4998890363148156,0.06601901073399181,1.1803309876698607,65
chr01,3205336,-0.0021119047619047623,3.4998890363148156,0.06601901073399181,1.1803309876698607,65
chr01,3206508,0.0018962418300653588,2.992117673143793,0.08820758434220306,1.0544940713720719,70
chr01,3208844,-0.0013464961067853175,1.2150423259023724,0.2748888491335453,0.5608428769553372,60
chr01,3209970,-0.001765522875816993,2.592101230464883,0.11203064037639114,0.9506631815575015,70
chr01,3209973,-0.0017365546218487391,2.4388428199607333,0.12307491363423863,0.909830460313986,69
chr01,3261071,-0.0017903225806451613,2.3834180186221645,0.12788731702538142,0.8931725236918835,62
chr01,3311194,0.001442708333333333,1.5684991910930386,0.21505439384823585,0.6674516798034525,65
chr01,3317296,0.0014906417112299467,1.8499671086180225,0.1784859639778356,0.7483959308495538,67
chr01,3317362,0.0014906417112299467,1.8499671086180225,0.1784859639778356,0.7483959308495538,67
chr01,3317364,0.0014906417112299467,1.8499671086180225,0.1784859639778356,0.7483959308495538,67
chr01,3375937,0.0013259762308998307,1.4496855002058893,0.23281492183306562,0.6329891878448334,69
chr01,3415469,-0.0010121527777777778,0.7928620665389617,0.376470516505787,0.4242690301411751,68
chr01,3415539,-0.000698232323232323,0.3807024227347009,0.539318735163991,0.26815449267862673,69
chr01,3415542,-0.000698232323232323,0.3807024227347009,0.539318735163991,0.26815449267862673,69
chr01,3460759,0.0007277777777777776,0.43731720881604774,0.5106224106201717,0.2919001284367966,71
chr01,3494445,-0.000513877207737594,0.20610643781709279,0.6512821281440411,0.18623083915267508,70
chr01,3494448,-0.000513877207737594,0.20610643781709279,0.6512821281440411,0.18623083915267508,70
chr01,3500916,-0.0008618233618233615,0.5576743596538727,0.45793347999524214,0.33919760358815526,66
chr01,3518130,-0.0006807491289198609,0.35449395022140656,0.5535860130446597,0.256814891337175,69
chr01,3518244,-0.0006807491289198609,0.35449395022140656,0.5535860130446597,0.256814891337175,69
chr01,3518254,-0.0006807491289198609,0.35449395022140656,0.5535860130446597,0.256814891337175,69
chr01,3518265,-0.0007440476190476187,0.4319518327970365,0.5132512268323784,0.289670003855285,70
chr01,3518273,-0.0007440476190476187,0.4319518327970365,0.5132512268323784,0.289670003855285,70
chr01,3527044,-0.0010727190605239385,0.8990477438440255,0.34649613358857556,0.46030160714312657,68
chr01,3527270,-0.0008749999999999999,0.6113801289305049,0.4370647919621248,0.3594541769750596,68
chr01,3527810,-0.00047083333333333303,0.14950251311700546,0.7003351221495119,0.15469409302479506,64
chr01,3527960,-0.0005928571428571425,0.2595616984166726,0.6121207426519177,0.21316290351562367,68
chr01,3612807,0.0005771756978653534,0.2652247923474961,0.6081990979843082,0.2159542282904201,71
chr01,3632156,0.000102159468438538,0.00818313729267962,0.9281832150575878,0.03236628947632911,71
chr01,3632242,0.000102159468438538,0.00818313729267962,0.9281832150575878,0.03236628947632911,71
chr01,3633132,-0.0006163003663003662,0.29104207546210514,0.5913689722868772,0.22814146560309345,68
chr01,3643575,5.5860805860806414e-05,0.0022533205162734993,0.9622848650178283,0.016696344810614328,67
chr01,3674026,-2.581433744013106e-19,0.0,1.0,-0.0,70
chr01,3674087,0.000102159468438538,0.00818313729267962,0.9281832150575878,0.03236628947632911,71
chr01,3677857,4.000000000000001e-05,0.001090585692121606,0.9737598414409186,0.011548140038879452,65
chr01,3700888,0.0001627579737335835,0.01993871009240102,0.8881451063946659,0.05151607278203729,67
chr01,3701234,-0.0001627579737335835,0.01993871009240102,0.8881451063946659,0.05151607278203729,67
chr01,3725862,-3.4893267651888465e-05,0.0009656533439486918,0.975299468078356,0.01086201264537955,71
chr01,3768060,-6.547619047619015e-05,0.003299680178057605,0.9543608992689169,0.020287362275275934,70
chr01,3815710,3.4893267651888465e-05,0.0009656533439486918,0.975299468078356,0.01086201264537955,71
chr01,3849711,0.00015306980656013485,0.01843006306094718,0.8924141823748495,0.049433536462836034,70
chr01,3903997,4.9651567944251087e-05,0.001875948706746981,0.9655814709501295,0.015211076735606595,69
chr01,3908382,-9.843205574912891e-05,0.007334868701706546,0.9320049594179142,0.030581776656637735,69
chr01,3911561,-0.0002481076534903283,0.04993928583876079,0.8238389463877005,0.08415768093816062,70
chr01,4077264,-0.0002482142857142859,0.04899675243100831,0.8255017031871782,0.0832820263575412,68
chr01,4083738,0.00020641025641025666,0.0340921045324453,0.8540687923761443,0.06850714693849802,69
chr01,4085989,-0.00016712454212454143,0.02030225177266054,0.8871369134496321,0.05200934954020785,67
chr01,4221914,7.217741935483902e-05,0.004206641101287239,0.948474109046742,0.022974519758555606,71
chr01,4224510,3.0061892130857445e-05,0.0006874932598699563,0.9791609086692467,0.009145933319555488,68
chr01,4239563,-7.217741935483902e-05,0.004206641101287239,0.948474109046742,0.022974519758555606,71
chr01,4243262,2.719298245614079e-05,0.0005588502357319952,0.9812110839218785,0.008237554576005052,68
chr01,4243396,-6.410256410256361e-05,0.0030872481489414073,0.9558577931723213,0.019606714663688296,68
chr01,4243408,6.410256410256378e-05,0.0030872481489414073,0.9558577931723213,0.019606714663688296,68
chr01,4257776,-0.00015030946065428802,0.017167828529809265,0.8961532667963312,0.04761770771339045,68
chr01,4259313,-7.217741935483902e-05,0.004206641101287239,0.948474109046742,0.022974519758555606,71
chr01,4303915,0.00021393762183235867,0.03363979594673848,0.8550641362689535,0.06800130868347763,65
chr01,4323227,0.0001455748552522751,0.01677192007959927,0.8973392380955106,0.047043341369959545,70
chr01,4330305,-0.00018589743589743628,0.02648341579898098,0.8712151466805464,0.05987458267537885,69
chr01,4363434,-0.00011250000000000053,0.00987131833616795,0.9211579642588618,0.0356658886701964,68
chr01,4557571,0.00013749999999999974,0.014491767381931706,0.9045410167797717,0.043571735097990394,69
chr01,4562341,0.0003458333333333338,0.09799449459259721,0.7552078367451733,0.12193351203953448,70
chr01,4581813,-0.0002125000000000001,0.035481527710991,0.8511512302333955,0.06999326879822015,70
chr01,4635257,-0.0009358974358974358,0.628767007837885,0.4307841103190425,0.36574032424134284,65
chr01,4679409,-0.0009391025641025645,0.5948917899694045,0.44351122225718564,0.35309538664914597,63
chr01,4679805,0.0003621877691645132,0.10123263373275528,0.7513305115538589,0.12416897409061664,70
chr01,4683048,-0.0001611295681063122,0.020360559353462353,0.88695053211204,0.052100601396982194,71
chr01,4719487,-9.523809523809505e-05,0.006981519507186736,0.9336553490953152,0.0298134102894287,70
chr01,4719520,-9.523809523809505e-05,0.006981519507186736,0.9336553490953152,0.0298134102894287,70
chr01,4733553,0.00016112956810631206,0.020360559353462353,0.88695053211204,0.052100601396982194,71
chr01,4822449,-0.00019179894179894165,0.028542067716310432,0.8663497211512419,0.06230676005330854,69
chr01,4822470,-0.00019179894179894165,0.028542067716310432,0.8663497211512419,0.06230676005330854,69
chr01,4822988,0.00031442307692307683,0.07140784633228955,0.7901571112313772,0.1022865469920154,66
chr01,4838027,-0.00010119047619047633,0.007867707847489941,0.9295809714428642,0.03171277488698915,70
chr01,4907940,-0.00016910569105691104,0.02291133209272139,0.880129555460529,0.05545339480406754,71
chr01,4933977,0.0002828518173345763,0.05811699574893594,0.8102679063675144,0.09137136257816816,66
chr01,4943132,0.00029247104247104284,0.06064640693939762,0.8062777870151615,0.09351530486594285,65
chr01,5032950,0.000874677002583979,0.5946807183098651,0.44328620102641725,0.35331578756228654,70
chr01,5107957,0.0004897372742200328,0.19074674417667925,0.6636595485392202,0.178054652723468,71
chr01,5128035,-0.0003706896551724137,0.10483876564059491,0.7471069973828601,0.12661719598206142,69
chr01,5292447,1.3709677419354925e-05,0.00015176153543492764,0.9902065367539755,0.004274211041486025,71
chr01,5307288,0.00032537577365163617,0.07980274169783007,0.7784489454985661,0.10876986532492963,68
chr01,5323756,0.0005676691729323307,0.2509546406525883,0.6181223065928764,0.20892558345008985,66
chr01,5324001,5.872622001654298e-05,0.0027288802016672458,0.9584916667230297,0.01841165859388609,70
chr01,5424752,0.00030000000000000014,0.06689192552079584,0.7967219733076896,0.09869320498243978,68
chr01,5452710,0.0003470380194518124,0.09098055888768652,0.7638826206829307,0.11697337062078497,68
chr01,5536885,0.00031081081081081087,0.07458998825996753,0.785633241641105,0.10478014900436072,67
chr01,5622762,1.3709677419354925e-05,0.00015176153543492764,0.9902065367539755,0.004274211041486025,71
chr01,5657677,-1.3709677419354925e-05,0.00015176153543492764,0.9902065367539755,0.004274211041486025,71
chr01,5708172,0.00016666666666666666,0.02182200942197322,0.8829987295672075,0.05403992127220303,70
chr01,5708183,0.00016666666666666666,0.02182200942197322,0.8829987295672075,0.05403992127220303,70
chr01,5722865,0.00013333333333333337,0.013920119242197753,0.9064285064089327,0.04266644473620454,70
chr01,5744219,7.096774193548396e-05,0.004066809734441893,0.9493365256881062,0.022579809340801123,71
chr01,5781012,0.0009887218045112783,0.7598458420344528,0.38663513073636746,0.41269868731786896,66
chr01,5783622,7.432432432432438e-05,0.003863112563531909,0.9506370115515959,0.02198528114191831,65
chr01,5786211,0.0004,0.1283858078996901,0.7212055080517442,0.14194096510639675,71
chr01,5811063,-0.0003103448275862072,0.0750285308955968,0.7849815349306798,0.10514055901529709,70
chr01,5811325,-8.90027958993479e-05,0.005761287505071515,0.9397329287840598,0.02699555494878436,66
chr01,5811332,-8.90027958993479e-05,0.005761287505071515,0.9397329287840598,0.02699555494878436,66
chr01,5811505,-0.0001875,0.02638549216748129,0.8714587327933994,0.05975317372260202,68
chr01,5811543,-0.0001875,0.02638549216748129,0.8714587327933994,0.05975317372260202,68
chr01,5811570,-0.0001875,0.02638549216748129,0.8714587327933994,0.05975317372260202,68
chr01,5830177,-0.0013688888888888882,1.3709724907813514,0.24635227203652182,0.6084434279968499,61
chr01,5842700,-0.0005624999999999996,0.23746126669394946,0.6276852009102266,0.20225811069737368,67
chr01,5842715,0.0005624999999999997,0.23746126669394946,0.6276852009102266,0.20225811069737368,67
chr01,5842743,0.0005624999999999997,0.23746126669394946,0.6276852009102266,0.20225811069737368,67
chr01,5842749,-0.0005817307692307693,0.24450043369665192,0.622667495730462,0.20574380457463753,66
chr01,5856442,-0.0008909266409266411,0.5809421960559726,0.44878747966898425,0.34795926758638523,65
chr01,5917134,3.9473684210526364e-05,0.0011574896127843383,0.9729639493472647,0.011903251087871814,67
chr01,5971838,0.00022499999999999983,0.0400375079050095,0.8420044674878364,0.07468560422461633,70
chr01,6100532,-0.00019478098788443647,0.02836809134439683,0.8667775030784974,0.062092369174623394,66
chr01,6177444,-0.0011067275747508308,0.973820797194195,0.3271769869594643,0.48521725141881844,71
chr01,6223276,0.00042857142857142833,0.14429949318470933,0.7052103336470236,0.151681332485876,71
chr01,6223342,0.00042857142857142833,0.14429949318470933,0.7052103336470236,0.151681332485876,71
chr01,6274611,-0.000268062397372742,0.05703776984173413,0.811948568804143,0.09047147936962052,71
chr01,6314269,-0.00017758620689655176,0.025260582168669814,0.874197589215112,0.058390395503672955,69
chr01,6323806,-5.3571428571430375e-06,2.2020690477649695e-05,0.996269999261546,0.001622947420921989,68
chr01,6372763,1.695616211745247e-05,0.00022708803362402616,0.9880209081644266,0.005233864922129593,70
chr01,6372795,1.695616211745247e-05,0.00022708803362402616,0.9880209081644266,0.005233864922129593,70
chr01,6384075,0.0008589285714285716,0.5782997860720885,0.4496877555773442,0.3470889375545614,68
chr01,6406964,-0.0005792682926829271,0.2539265943087836,0.6159767105020048,0.21043570778958928,69
chr01,6407181,-0.00046719932716568556,0.16997375318303973,0.681432006339098,0.16657747181009805,70
chr01,6424595,-0.0004426724137931034,0.14939032063193172,0.7003434718790014,0.1546889151896255,69
chr01,6424597,-0.0004426724137931034,0.14939032063193172,0.7003434718790014,0.1546889151896255,69
chr01,6424598,-0.0004426724137931034,0.14939032063193172,0.7003434718790014,0.1546889151896255,69
chr01,6465476,-0.00037926829268292676,0.11540072130872499,0.7351092133069034,0.13364813409535328,71
chr01,6478827,0.000852106227106227,0.5587109177580859,0.4574757317563154,0.33963193950762033,67
chr01,6478828,-0.000852106227106227,0.5587109177580859,0.4574757317563154,0.33963193950762033,67
chr01,6478867,-0.0007369584438549956,0.42967407375948846,0.5144273638627495,0.28867593810382125,68
chr01,6525609,0.0007661149825783976,0.44393032822909906,0.5075193057586023,0.2945474327744358,69
chr01,6535725,-0.0010515873015873019,0.8585610308553341,0.35746745716740835,0.44676348901233465,69
chr01,6559278,-0.0006149193548387098,0.3066680556424712,0.5815222335989054,0.23543367604348567,71
chr01,6559330,-0.0006149193548387098,0.3066680556424712,0.5815222335989054,0.23543367604348567,71
chr01,6559374,0.0006149193548387098,0.3066680556424712,0.5815222335989054,0.23543367604348567,71
chr01,6559386,0.0006149193548387098,0.3066680556424712,0.5815222335989054,0.23543367604348567,71
chr01,6559391,0.0006149193548387098,0.3066680556424712,0.5815222335989054,0.23543367604348567,71
chr01,6559395,0.0006149193548387098,0.3066680556424712,0.5815222335989054,0.23543367604348567,71
chr01,6559399,0.0006149193548387098,0.3066680556424712,0.5815222335989054,0.23543367604348567,71
chr01,6559496,0.0007041666666666667,0.39096091554378026,0.5338875304415529,0.2725502224716791,70
chr01,6559545,0.0007041666666666667,0.39096091554378026,0.5338875304415529,0.2725502224716791,70
chr01,6559581,0.0007041666666666667,0.39096091554378026,0.5338875304415529,0.2725502224716791,70
chr01,6578657,0.0004979321753515301,0.19883045427487334,0.6570831022805019,0.1823797010954296,70
chr01,6596198,-0.0006961206896551728,0.3700743656421723,0.5450206005222649,0.2635870820828812,69
chr01,6603644,0.0005458404074702888,0.2300981920180732,0.6330132359929235,0.19858720900540713,69
chr01,6690604,-0.0007064102564102567,0.3843269989016383,0.5373993489675885,0.2697028640285577,69
chr01,6696689,-0.0007208333333333335,0.4105269166910569,0.523855612408799,0.2807883988465885,70
chr01,6719470,-0.001533094098883572,1.9741066128281557,0.16449890445507123,0.7838369900586974,71
chr01,6722621,-0.0018538602941176477,2.6774866661428325,0.10668502563275993,0.9718965341035835,66
chr01,6722661,-0.0018538602941176477,2.6774866661428325,0.10668502563275993,0.9718965341035835,66
chr01,6722703,-0.0016204933586337765,2.063246603412714,0.15583583788309788,0.807332659596249,65
chr01,6774813,0.002297619047619048,4.179970911929468,0.04508848099944194,1.3459343955355798,65
chr01,6788720,-0.0016261140819964358,2.035739859492406,0.15842543780469023,0.8001750840392485,67
chr01,6788816,-0.0019281045751633975,3.25075678479845,0.07582120977861831,1.120209290392482,70
chr01,6788878,-0.0019281045751633975,3.25075678479845,0.07582120977861831,1.120209290392482,70
chr01,6795329,-0.001791154791154792,2.664086898005278,0.10725948163144262,0.9695643062462311,70
chr01,6795473,-0.0016788553259141504,2.388760086757596,0.12678498448863135,0.8969321781567675,71
chr01,6845564,-0.0016788553259141504,2.388760086757596,0.12678498448863135,0.8969321781567675,71
chr01,6895391,0.0020467532467532477,3.4901033851645447,0.06617659632340349,1.1792955737729873,68
chr01,6895408,-0.0020467532467532473,3.490103385164541,0.06617659632340349,1.1792955737729873,68
chr01,6908419,-0.001791154791154792,2.664086898005278,0.10725948163144262,0.9695643062462311,70
chr01,6928008,-0.0019966914805624484,3.3079098915508403,0.07335062426630745,1.1345961856481168,70
chr01,6928113,-0.0019966914805624484,3.3079098915508403,0.07335062426630745,1.1345961856481168,70
chr01,6928293,-0.0018721955128205138,2.9710526529421815,0.08924503485594934,1.0494159365003153,71
chr01,6928336,-0.0018721955128205138,2.9710526529421815,0.08924503485594934,1.0494159365003153,71
chr01,6928384,-0.0018721955128205138,2.9710526529421815,0.08924503485594934,1.0494159365003153,71
chr01,6945738,-0.0019966914805624484,3.3079098915508403,0.07335062426630745,1.1345961856481168,70
chr01,6950473,0.0019966914805624484,3.3079098915508403,0.07335062426630745,1.1345961856481168,70
chr01,6953669,0.0019966914805624484,3.3079098915508403,0.07335062426630745,1.1345961856481168,70
chr01,6980495,-0.0022000871839581515,4.050040443410876,0.04825390088325001,1.3164675721939565,68
chr01,6980535,-0.0022000871839581515,4.050040443410876,0.04825390088325001,1.3164675721939565,68
chr01,6993528,-0.0018199013157894745,2.742045120747121,0.10234765416449744,0.9899221070326384,70
chr01,6996386,0.0017107263513513515,2.3861849860320508,0.12712258964458598,0.8957772685941141,69
chr01,7001122,-0.0019511769834350489,3.0388085513267877,0.08595249830486282,1.065741495541821,68
chr01,7001246,-0.0018199013157894745,2.742045120747121,0.10234765416449744,0.9899221070326384,70
chr01,7047321,0.0017911184210526324,2.6526399305020485,0.10800269271416713,0.9665654165841066,70
chr01,7091993,-0.0017688172043010752,2.2489620460421373,0.13877923779915025,0.8576755020635792,64
chr01,7101501,-0.0018410714285714287,2.7653092267060013,0.1011431462620043,0.9950635408856526,67
chr01,7121045,0.001584415584415585,1.9572546079662267,0.16648931043896678,0.7786136454393568,68
chr01,7128077,-0.0026446428571428576,5.881765665903123,0.01808544000549219,1.7426709207075766,67
chr01,7141794,-0.0024375000000000004,4.58249407762862,0.036240415543552645,1.4408068312149473,64
chr01,7149808,-0.001818548387096774,2.369933278743041,0.128864048522879,0.8898682285420051,63
chr01,7149814,-0.001818548387096774,2.369933278743041,0.128864048522879,0.8898682285420051,63
chr01,7194814,0.0017702380952380947,2.6706103085671415,0.10677163585327011,0.9715441033792731,71
chr01,7194861,-0.0017702380952380947,2.6706103085671415,0.10677163585327011,0.9715441033792731,71
chr01,7195241,0.0017285714285714283,2.4783872862875476,0.12006205030016313,0.9205942444680337,70
chr01,7201067,-0.0017702380952380947,2.6706103085671415,0.10677163585327011,0.9715441033792731,71
chr01,7208505,-0.0018946078431372544,3.008958827103605,0.08733638188562577,1.0588048037091042,70
chr01,7208726,0.002182291666666666,3.880275339192636,0.05305538128267145,1.275270560059635,68
chr01,7219371,-0.001729055258467023,2.3024215246906903,0.13402134546859507,0.8728260264041833,67
chr01,7219408,-0.001729055258467023,2.3024215246906903,0.13402134546859507,0.8728260264041833,67
chr01,7246074,-0.001794117647058823,2.604524291794041,0.11125949026833891,0.9536629340963841,69
chr01,7260433,-0.0017968749999999999,2.5548866745187486,0.11503807767605512,0.9391583841035518,64
chr01,7260478,-0.0017968749999999999,2.5548866745187486,0.11503807767605512,0.9391583841035518,64
chr01,7329338,0.0014705882352941174,1.8017212315444582,0.1840352909871803,0.735098887798282,69
chr01,7338891,-0.0015645021645021649,1.9247948564872053,0.16999606096510242,0.769561141686076,68
chr01,7338905,-0.0015645021645021649,1.9247948564872053,0.16999606096510242,0.769561141686076,68
chr01,7491240,0.001685714285714285,2.4129651750192824,0.12490928660264888,0.9034052720313283,71
chr01,7491461,-0.001676470588235293,2.3175900833959795,0.13255512989220364,0.8776034603807813,70
chr01,7502036,0.0016593073593073595,2.1934058682759052,0.14336100783561828,0.8435689545575836,68
chr01,7522215,0.0012339527027027028,1.1972038737987434,0.2777993816201972,0.5562687253343103,69
chr01,7522295,0.001241776315789474,1.2456593839816072,0.2683116067923183,0.5713605399377272,70
chr01,7565985,0.001325757575757576,1.3951212204382768,0.24171798396273286,0.6166910366207998,69
chr01,7569397,0.0011705882352941173,1.082590340507461,0.301858974313188,0.5201959079776135,69
chr01,7569440,0.0011705882352941173,1.082590340507461,0.301858974313188,0.5201959079776135,69
chr01,7584658,0.0015454545454545456,1.857173139357155,0.17772746557460414,0.7502454521847277,66
chr01,7603852,0.0006902573529411766,0.3685836012671799,0.5459252855070742,0.2628667901016593,66
chr01,7626037,0.0014666666666666667,1.52349053107599,0.22182606869207305,0.6539874175022381,63
chr01,7722772,-0.001038770053475936,0.841664395280832,0.36231278215904805,0.4409163440686415,67
chr01,7723094,0.0005000000000000001,0.203868858236498,0.653052770322117,0.18505172388000574,70
chr01,7754520,-0.0003710317460317462,0.11313286185642515,0.7376260033664994,0.13216378159715705,71
chr01,7760158,0.00015714285714285702,0.01894268074102577,0.8909499671719034,0.050146683832102856,68
chr01,7770667,-0.00025163398692810426,0.05129744341080368,0.8215002677950647,0.08539229065630849,70
chr01,7770724,-0.00025163398692810426,0.05129744341080368,0.8215002677950647,0.08539229065630849,70
chr01,7802540,0.00026788553259141513,0.05883475035818903,0.8090667900095723,0.09201562506844685,71
chr01,7804970,-0.0003276003276003279,0.08559452418472117,0.7707452071614495,0.11308916723046095,70
chr01,7805088,0.00042229729729729683,0.13874553231102593,0.7107070110250394,0.14830940028225442,69
chr01,7823330,-0.0002678855325914152,0.05883475035818903,0.8090667900095723,0.09201562506844685,71
chr01,7823335,-0.0002678855325914152,0.05883475035818903,0.8090667900095723,0.09201562506844685,71
chr01,7823338,-0.0002678855325914152,0.05883475035818903,0.8090667900095723,0.09201562506844685,71
chr01,7823359,-0.00024836601307189516,0.049202646736802164,0.8251213924606475,0.0834821530288559,70
chr01,7925030,0.001103970741901777,0.8935010634446869,0.3483214744540887,0.45801974991896843,62
chr01,7978480,0.0004527777777777776,0.14990750765597513,0.6999083065955627,0.15495885219710212,66
chr01,7997169,-0.0010086805555555552,0.8217489270968003,0.36796704131279456,0.4341910791987787,68
chr01,8004034,0.00062719298245614,0.32270890588979956,0.5718282776401116,0.24273437202908718,71
chr01,8008297,0.000913839285714286,0.6587029800676691,0.41998039899385775,0.37677097819126915,67
chr01,8008474,0.0006753472222222218,0.3518917573348606,0.5550716169445935,0.2556509793326895,68
chr01,8008820,0.0008558558558558564,0.6153048268620611,0.4355215352311781,0.360990365568296,70
chr01,8022953,-0.0009121392190152805,0.6591218472251551,0.41974521726380254,0.3770142436777579,69
chr01,8028059,0.00062719298245614,0.32270890588979956,0.5718282776401116,0.24273437202908718,71
chr01,8028069,0.0007417763157894744,0.44165486926154884,0.5085722645725284,0.2936473281389764,70
chr01,8065425,-0.0013412162162162163,1.3280646002936616,0.253503997554481,0.5960151878014004,65
chr01,8097357,0.0010578947368421049,0.8955303181095882,0.347434906802388,0.45912655010861514,68
chr01,8097394,0.0012650375939849625,1.2210503631227114,0.2732915488054298,0.5633737981057899,66
chr01,8097528,0.001074561403508772,0.927429727062486,0.33904695059686374,0.4697401573330142,68
chr01,8097722,-0.0009041666666666666,0.6550737007319253,0.42112758006762496,0.3755863152671012,70
chr01,8125775,-0.0011710526315789477,1.0677233523161678,0.3052895830385125,0.515288014260378,67
chr01,8147787,0.0008531746031746032,0.5649035429097639,0.4551349353151197,0.3418598275736563,64
chr01,8147932,0.0006778329197684035,0.3648437457869755,0.5478382834414891,0.2613476221250597,70
chr01,8187373,-0.0009531388152077808,0.6907064959576976,0.4089207783189589,0.3883608212627363,68
chr01,8230276,-0.0013402255639097744,1.3644897459603889,0.24709398837073898,0.6071378205597772,66
chr01,8243575,-0.0008875,0.6289161091700565,0.43051155664119745,0.3660151858639013,70
chr01,8286119,-0.0009470636889991729,0.7474700589652294,0.39031808521339073,0.40858132541254094,70
chr01,8288390,-0.0007951127819548873,0.4710615066198039,0.49497836482568436,0.3054137833738344,66
chr01,8288481,-0.0007951127819548873,0.4710615066198039,0.49497836482568436,0.3054137833738344,66
chr01,8288484,-0.0007951127819548873,0.4710615066198039,0.49497836482568436,0.3054137833738344,66
chr01,8288508,-0.0007951127819548873,0.4710615066198039,0.49497836482568436,0.3054137833738344,66
chr01,8306217,-0.0005958333333333334,0.2785574960090374,0.5993662912189609,0.22230768573014414,70
chr01,8306295,-0.0005958333333333334,0.2785574960090374,0.5993662912189609,0.22230768573014414,70
chr01,8313270,0.0007056034482758615,0.3801486815633967,0.5396130806943071,0.2679175311934213,69
chr01,8348070,0.0005958333333333331,0.27855749600903573,0.5993662912189708,0.22230768573013698,70
chr01,8348190,0.0005958333333333331,0.27855749600903573,0.5993662912189708,0.22230768573013698,70
chr01,8351473,-0.000820833333333333,0.5557603700222659,0.4585427003808493,0.33862021577084217,70
chr01,8358357,-0.0009102316602316602,0.6160876276083974,0.43544661497737935,0.36106508116582975,65
chr01,8363471,-0.001521309771309772,1.6869132380772196,0.19889670727994016,0.7013724065286023,63
chr01,8371337,0.001015915119363395,0.8180028189763304,0.3690543526375992,0.43290966822500754,68
chr01,8371353,0.0011359890109890103,0.9954933016790619,0.3221033782598197,0.49200472022251834,67
chr01,8371373,0.0008371794871794869,0.5635887691869552,0.4554464517168534,0.3415626770684955,69
chr01,8417102,-0.0006348684210526316,0.32066590918442006,0.5730719379852173,0.24179085742351972,70
chr01,8431155,-0.000518796992481203,0.19917339550311688,0.6568952524533357,0.182503876875992,66
chr01,8504560,0.0010197132616487456,0.8582985292826621,0.3576424392411609,0.4465509517478916,67
chr01,8544384,0.0008604928457869638,0.6119194907427707,0.43674230233471134,0.35977474079956884,71
chr01,8549576,0.00086489898989899,0.6428902869791326,0.4255007986410283,0.37109962043235195,69
chr01,8573307,0.0006222689075630252,0.31039867789489217,0.579292143388446,0.23710236155131797,69
chr01,8584568,0.0008857142857142856,0.661591106971469,0.41883772457307433,0.37795420847346106,70
chr01,8584604,0.0006432539682539678,0.3411631565353775,0.5610633661084038,0.2509880870555295,71
chr01,8584610,0.0008857142857142856,0.661591106971469,0.41883772457307433,0.37795420847346106,70
chr01,8584639,0.0008857142857142856,0.661591106971469,0.41883772457307433,0.37795420847346106,70
chr01,8620563,0.0010847926267281104,0.9068268963454057,0.34454044696614605,0.46275978721614724,66
chr01,8632375,-0.0007802521008403362,0.48265890786160065,0.489622694136447,0.31013846073624046,69
chr01,8707204,0.0009145220588235291,0.6330561314878722,0.4291777101869553,0.36736284167855443,66
chr01,8728601,-0.0010962184873949577,1.0222637359678084,0.31562015081517125,0.5008352769820661,69
chr01,8860718,0.0007338247338247343,0.437657918129496,0.5104906011393662,0.2920122494847806,70
chr01,8891511,-0.0004926406926406931,0.18362052466655415,0.6696753944782992,0.17413565781850524,68
chr01,8912293,-0.0006732186732186736,0.36410263481339006,0.5482440443419427,0.26102607743152323,70
chr01,8916567,-0.000578298887122417,0.2750411371090212,0.6016508265156708,0.22065548235177113,71
chr01,8916763,0.0007186732186732193,0.41832966538851846,0.5199489617217351,0.2840392846930322,70
chr01,8916766,0.0007186732186732193,0.41832966538851846,0.5199489617217351,0.2840392846930322,70
chr01,8924806,0.0008845766129032259,0.5359225180762628,0.4669309120924138,0.3307473736451944,63
chr01,8924838,0.0008845766129032259,0.5359225180762628,0.4669309120924138,0.3307473736451944,63
chr01,9028813,-0.0011536796536796541,1.0962824001278273,0.29890279362607786,0.5244700259084597,68
chr01,9075663,0.0012665534804753825,1.2905890001941074,0.25998671747073465,0.5850488392465594,69
chr01,9075749,0.0012665534804753825,1.2905890001941074,0.25998671747073465,0.5850488392465594,69
chr01,9131130,-0.0009451510333863281,0.739601938202277,0.3927666967728912,0.40586534374896693,71
chr01,9151688,-0.0014120065789473692,1.6162834447815069,0.2079422825761848,0.6820571931003064,70
chr01,9164490,-0.001729885057471264,2.294512213505707,0.1348333797807567,0.8702025791655157,65
chr01,9174375,-0.0013906810035842292,1.5492338619823534,0.21771774042208755,0.6621061816455716,67
chr01,9177366,-0.0012179487179487187,1.226906987875375,0.2718557559190888,0.5656614673801847,71
chr01,9177452,-0.0012179487179487187,1.226906987875375,0.2718557559190888,0.5656614673801847,71
chr01,9192007,0.0011621621621621622,1.061349765522176,0.30661228522024014,0.5134104479928328,69
chr01,9234479,0.0012729528535980153,1.306755204392584,0.25699164440798583,0.5900809966939805,70
chr01,9241098,0.001344534050179212,1.4430897341811466,0.23399899482017977,0.6307860081667241,67
chr01,9246973,0.0013242349048800666,1.4092014648614817,0.23931950353438722,0.6210219067680646,70
chr01,9252411,-0.0014741379310344827,1.6906489533778342,0.1979705595550964,0.703399389402191,69
chr01,9275351,0.001328947368421053,1.3877465935658724,0.24301620045424824,0.6143647735894961,68
chr01,9287568,-0.0013306451612903232,1.4599021470573257,0.231070441967822,0.6362556049807326,71
chr01,9300640,0.0013306451612903232,1.4599021470573257,0.231070441967822,0.6362556049807326,71
chr01,9377708,0.0020287162162162162,3.4955469973777453,0.06590447505273252,1.1810850948942617,69
chr01,9377823,0.002082882882882882,3.5386642259390393,0.06443389556055801,1.1908856111756003,67
chr01,9397161,-0.0024900284900284896,4.708442449315295,0.03373368918874816,1.4719361608356096,66
chr01,9397207,-0.0024900284900284896,4.708442449315295,0.03373368918874816,1.4719361608356096,66
chr01,9397225,0.002384259259259259,4.372934447424341,0.0404271422661669,1.3933269572045177,67
chr01,9397285,-0.0023842592592592596,4.372934447424341,0.0404271422661669,1.3933269572045177,67
chr01,9407647,-0.0023730842911877394,4.830381148923815,0.03164563762882454,1.499686149289793,65
chr01,9428034,0.0026611969111969115,5.391045210138162,0.0234867087686703,1.6291778373624546,65
chr01,9434412,-0.002927123552123552,6.932317470636411,0.010635450392588975,1.9732441137655492,65
chr01,9439774,0.0026089743589743602,5.988353703892958,0.017029318696133316,1.7688027268130062,69
chr01,9466626,-0.0022872050816696923,4.212232611912697,0.04416445279189789,1.3549271462059376,67
chr01,9466654,-0.0022872050816696923,4.212232611912697,0.04416445279189789,1.3549271462059376,67
chr01,9466820,-0.0023364661654135333,4.248382702352721,0.04335553718100561,1.3629554284395289,66
chr01,9478906,0.0024234904880066177,5.212506679444652,0.025555920273774492,1.5925084753964405,70
chr01,9516454,-0.002273529411764706,3.995377040892043,0.05001417811277851,1.3009068635980892,64
chr01,9516496,-0.002273529411764706,3.995377040892043,0.05001417811277851,1.3009068635980892,64
chr01,9555969,0.0025253759398496237,4.8797821619054815,0.030759679746176542,1.5120181904958463,66
chr01,9584705,0.002303879310344828,4.303032002345429,0.041889760239729054,1.3778921253599703,69
chr01,9614320,0.002338940285954583,4.541221891650823,0.03670635013312042,1.4352587970773343,70
chr01,9614326,0.0021975609756097556,4.0975604706819535,0.04681832729134015,1.329584106682064,71
chr01,9625578,0.0021975609756097556,4.0975604706819535,0.04681832729134015,1.329584106682064,71
chr01,9628359,0.00208001768346596,3.778763523094876,0.0561721184752262,1.2504791968332873,68
chr01,9628383,0.0019936479128856623,3.41092444847201,0.06931881929250625,1.1591488432333126,67
chr01,9629227,-0.0021975609756097556,4.0975604706819535,0.04681832729134015,1.329584106682064,71
chr01,9680261,0.0024695512820512838,5.339569365150315,0.02384126739769605,1.6226706612977704,71
chr01,9698168,0.0028972835314091685,7.59962812507556,0.007514662664684509,2.124090510240652,69
chr01,9698271,0.0028972835314091685,7.59962812507556,0.007514662664684509,2.124090510240652,69
chr01,9714835,-0.0024695512820512838,5.339569365150315,0.02384126739769605,1.6226706612977704,71
chr01,9715036,-0.0026046319272125733,5.82782974119202,0.018471952715445883,1.733487191797637,70
chr01,9780646,0.0019003308519437558,3.005699499155352,0.08750424256827309,1.0579708900711406,70
chr01,9897171,0.0021842105263157885,4.128665361882759,0.04601485584506186,1.337101934189248,71
chr01,9897214,0.0021842105263157885,4.128665361882759,0.04601485584506186,1.337101934189248,71
chr01,9901996,0.0021842105263157885,4.128665361882759,0.04601485584506186,1.337101934189248,71
chr01,9901997,0.0021842105263157885,4.128665361882759,0.04601485584506186,1.337101934189248,71
chr01,9953575,0.0021842105263157885,4.128665361882759,0.04601485584506186,1.337101934189248,71
chr01,9969187,-0.0023069124423963144,4.493607959448563,0.037905298462797235,1.4213000794165533,66
chr01,9977282,0.00251466275659824,4.915222213804585,0.030296986385922528,1.518600568232172,64
chr01,9977298,0.00251466275659824,4.915222213804585,0.030296986385922528,1.518600568232172,64
chr01,10050044,-0.0019046104928457882,3.1052411169085565,0.08246963968360004,1.083705902899778,71
chr01,10050059,0.0019046104928457878,3.1052411169085565,0.08246963968360004,1.083705902899778,71
chr01,10156881,0.0018626644736842114,3.003553196372185,0.08761497566246249,1.0574216553421834,70
chr01,10185940,-0.0024628205128205136,5.284776449617536,0.024638385594077997,1.6083877522930554,69
chr01,10185946,-0.0024628205128205136,5.284776449617536,0.024638385594077997,1.6083877522930554,69
chr01,10230006,-0.0019008130081300814,3.0204760627141947,0.08668047926385884,1.0620786960938688,71
chr01,10230013,0.0019008130081300814,3.0204760627141947,0.08668047926385884,1.0620786960938688,71
chr01,10244168,0.0019726890756302526,2.7574966579792646,0.10201729461329927,0.9913261976651965,62
chr01,10244198,0.0020214285714285716,2.9757067215829744,0.0895868541428146,1.0477557134639162,63
chr01,10244677,0.002205574912891986,4.044126825900369,0.04835159509659558,1.3155891941720277,69
chr01,10313380,0.0017893187552565188,2.605950713702781,0.11109448999146392,0.9543074804438673,70
chr01,10321578,0.0018008130081300815,2.445126322259574,0.12267295240407472,0.9112511823140982,68
chr01,10394012,0.0015062034739454092,1.8436926150226056,0.1790075167434543,0.7471287320834399,70
chr01,10420364,0.0016636100386100386,2.13583495046611,0.14886222577440456,0.8272154917641711,65
chr01,10486902,-0.002163006756756757,4.023019681036798,0.04892393781138181,1.3104785945440187,69
chr01,10489689,0.0017499999999999998,2.546491503875544,0.1153171387699929,0.938106141793882,68
chr01,10516511,0.001751644736842106,2.5243595477595386,0.11673941547916686,0.9327824855573641,70
chr01,10545704,-0.0013124006359300478,1.4403584033603976,0.2341857613970483,0.6304395137669667,71
chr01,10561506,-0.0016470588235294116,2.154384211841117,0.14691309960136406,0.8329394783353762,68
chr01,10561601,-0.001538655462184874,1.9172998418874736,0.17074866494008203,0.767642683320937,69
chr01,10638184,-0.0005682539682539683,0.26595664424030196,0.607705631500568,0.21630673910391052,71
chr01,10682142,0.000795378151260504,0.5027381453350439,0.48075949596092016,0.31807212882073854,69
chr01,10744673,0.0005682539682539683,0.26595664424030196,0.607705631500568,0.21630673910391052,71
chr01,10748216,0.0007777777777777778,0.4944319416752955,0.4843932244948147,0.3148019402298394,69
chr01,10763542,0.0010998217468805706,0.9660509679567355,0.3293114482751024,0.48239317109106633,67
chr01,10858351,0.0011604278074866313,1.07679432592842,0.30326071138795546,0.5181838505948522,67
chr01,10858382,0.0011604278074866313,1.07679432592842,0.30326071138795546,0.5181838505948522,67
chr01,10872366,0.000545138888888889,0.23023521911019892,0.6329358312259032,0.1986403177190233,68
chr01,10891779,-0.00030882352941176487,0.07876491759802966,0.7798560694076011,0.1079855435017988,68
chr01,10891825,-0.00030882352941176487,0.07876491759802966,0.7798560694076011,0.1079855435017988,68
chr01,10917515,-0.0006047794117647058,0.2901594388633947,0.5919871285573948,0.22768773594138456,66
chr01,10918352,0.00039261083743842367,0.11224618307278234,0.7387321461774727,0.1315130020975601,64
chr01,10932849,-9.932088285229213e-05,0.007687450778046211,0.9303940499238877,0.03133307568017264,69
chr01,11073471,0.00017927631578947383,0.025587004375464708,0.8733872779266589,0.05879313845829066,70
chr01,11073507,-0.00017927631578947353,0.025587004375464205,0.8733872779266589,0.05879313845829066,70
chr01,11073926,-0.0007854166666666671,0.46599796906560254,0.49746133423464145,0.3032406696541725,62
chr01,11102212,-0.00019823232323232338,0.032238698365406306,0.8580466891271333,0.06648908012494893,69
chr01,11103191,5.743243243243269e-05,0.0027985080019724347,0.9579682616662788,0.01864887924247004,69
chr01,11103468,0.000288194444444444,0.06644967592421361,0.7973800492164422,0.09833463476793436,68
chr01,11103477,-0.000288194444444444,0.06644967592421361,0.7973800492164422,0.09833463476793436,68
chr01,11119532,0.0004324324324324323,0.14895598060924106,0.7007763730127544,0.15442054902485167,68
chr01,11119538,0.0004324324324324323,0.14895598060924106,0.7007763730127544,0.15442054902485167,68
chr01,11119556,0.0004324324324324323,0.14895598060924106,0.7007763730127544,0.15442054902485167,68
chr01,11119615,-0.0004636824324324324,0.17674240216877282,0.6755331671230356,0.17035332325941882,69
chr01,11161920,0.0009614337568058077,0.731798238407036,0.3954433049306523,0.4029157729014484,67
chr01,11185305,0.00027924679487179504,0.06342706462721102,0.8019077162366952,0.0958756075701965,71
chr01,11185847,0.0006275303643724696,0.28342149326432714,0.5963701882923844,0.2244840744472638,64
chr01,11228673,0.0008323323323323323,0.47701478768204125,0.49235529567506353,0.30772138653481956,64
chr01,11228674,0.0008323323323323323,0.47701478768204125,0.49235529567506353,0.30772138653481956,64
chr01,11272754,0.00027924679487179504,0.06342706462721102,0.8019077162366952,0.0958756075701965,71
chr01,11273840,0.0007168615984405459,0.3749641802605819,0.5425146551864458,0.2655885255335561,65
chr01,11277599,-0.000618134263295554,0.30545491607180436,0.582349781380737,0.23481608323069955,68
chr01,11277701,0.0006583191850594226,0.3554017580837534,0.5530799768888419,0.25721206397540786,69
chr01,11280259,0.00027924679487179504,0.06342706462721102,0.8019077162366952,0.0958756075701965,71
chr01,11280262,0.0004975328947368422,0.20585016003616194,0.6514843354855093,0.18609602215245763,70
chr01,11280265,0.0004975328947368422,0.20585016003616194,0.6514843354855093,0.18609602215245763,70
chr01,11304054,0.0005938030560271645,0.28578474221634376,0.5947041647328133,0.22569902011154122,69
chr01,11305984,1.8421052631579178e-05,0.0002780358711553316,0.9867466686675817,0.005794331141445176,68
chr01,11345233,-0.0007227513227513228,0.363694855757351,0.5487342601677836,0.2606379238255658,62
chr01,11359110,-0.0001892857142857142,0.028265628051631853,0.8669999847452153,0.06198091016516094,68
chr01,11401335,0.0003138815207780727,0.07671733181276974,0.782661921267087,0.10642579533032873,68
chr01,11401419,0.0002141129032258066,0.03703607985410936,0.8479568992195734,0.07162622192585254,71
chr01,11441819,-0.000143920595533499,0.01639281450399681,0.8984996287170663,0.046482098016512804,70
chr01,11441912,0.0002141129032258066,0.03703607985410936,0.8479568992195734,0.07162622192585254,71
chr01,11443689,-0.0002141129032258066,0.03703607985410936,0.8479568992195734,0.07162622192585254,71
chr01,11447939,0.00034583333333333346,0.09448789674611656,0.7594868862404183,0.11947972052745126,70
chr01,11487288,-0.0002165242165242165,0.035768450218956624,0.8505929579138534,0.07027821714493764,66
chr01,11516164,-0.0007695246179966041,0.4813485286671662,0.49021060825557394,0.3096172947628298,69
chr01,11542476,-0.0007541666666666665,0.4516993053627928,0.5038062833112269,0.29773642042191245,70
chr01,11542589,-0.0008685344827586205,0.5833920644396973,0.44766724028476956,0.3490446855676622,69
chr01,11675624,-0.00011348684210526336,0.010199956616441661,0.9198517570427156,0.03628215774777903,70
chr01,11706459,-0.0002758928571428572,0.05596362299806193,0.813737178525222,0.08951584123740884,67
chr01,11767703,0.00025593775593775605,0.05277130140774083,0.8189989186418625,0.08671667165616531,70
chr01,11767724,0.00025593775593775605,0.05277130140774083,0.8189989186418625,0.08671667165616531,70
chr01,11767762,0.00025593775593775605,0.05277130140774083,0.8189989186418625,0.08671667165616531,70
chr01,11798869,-0.00044383445945945973,0.160173666948981,0.690269899500842,0.16098106441512394,69
chr01,11811724,-0.0002557557557557559,0.046570050275800065,0.8298512996444072,0.08099972151493864,64
chr01,11811896,0.0002557557557557559,0.046570050275800065,0.8298512996444072,0.08099972151493864,64
chr01,11815938,-0.0002800179211469534,0.061406448124409076,0.8050677879111041,0.09416754984796376,67
chr01,11822703,-0.0001666666666666671,0.020233048893900495,0.8873349769170663,0.0519123991497311,66
chr01,11828615,-0.0002682829888712241,0.05900961311728002,0.808788869914455,0.09216483388589153,71
chr01,11902056,0.00020970394736842134,0.03506304381587954,0.8520212066009855,0.06954959561455487,70
chr01,11905265,-0.00014062499999999988,0.015523096557774873,0.9012198443548695,0.045169253922317916,69
chr01,11925713,-0.0003081952920662597,0.07567374520764755,0.7841075102384474,0.10562438641988112,68
chr01,11939262,0.00026633581472291113,0.05676701433468274,0.8123972805583072,0.090231539034461,70
chr01,11939430,0.00026633581472291113,0.05676701433468274,0.8123972805583072,0.090231539034461,70
chr01,11952099,-0.0004825976230899829,0.1905252370615984,0.6638832362731408,0.1779082975919544,69
chr01,11968696,-0.00037456140350877184,0.10795902655713392,0.7435200731649416,0.1287073021291286,68
chr01,11995716,-0.00021168582375478897,0.036104638791157474,0.8499104830595196,0.070626814004017,65
chr01,12026882,-9.197907585004321e-05,0.006412258921789311,0.9364186645049668,0.02852993862050989,68
chr01,12026917,-9.197907585004321e-05,0.006412258921789311,0.9364186645049668,0.02852993862050989,68
chr01,12026918,-9.197907585004321e-05,0.006412258921789311,0.9364186645049668,0.02852993862050989,68
chr01,12027194,-0.00027207130730050934,0.057228696926384104,0.8116612492484144,0.09062518784995978,69
chr01,12027210,-0.00027207130730050934,0.057228696926384104,0.8116612492484144,0.09062518784995978,69
chr01,12037878,0.00045379250217959853,0.1633900408661129,0.6873612657773456,0.16281494489755632,68
chr01,12038367,-0.0003176178660049625,0.07991400185921264,0.7782727148389069,0.10886819504604692,70
chr01,12051702,-0.00022235576923076907,0.04020211967028312,0.841675731303745,0.07485519499686574,71
chr01,12051758,-0.00022235576923076907,0.04020211967028312,0.841675731303745,0.07485519499686574,71
chr01,12068868,-0.00043996710526315793,0.16086497290905452,0.6896189598068284,0.16139080688999788,70
chr01,12085996,0.0005352292020373511,0.23199919947312544,0.6316149695211866,0.19954758559311767,69
chr01,12086018,0.0005352292020373511,0.23199919947312544,0.6316149695211866,0.19954758559311767,69
chr01,12140449,-0.00043996710526315793,0.16086497290905452,0.6896189598068284,0.16139080688999788,70
chr01,12196245,0.0007752613240418119,0.47607293646185034,0.4925896357954893,0.307514730061228,69
chr01,12196479,0.0006644238856181666,0.35977031864352566,0.5506273630297196,0.2591422104553353,70
chr01,12198146,-0.0005584045584045581,0.2197308042403171,0.6408379025091999,0.19325180971439965,66
chr01,12198551,-0.0009935897435897434,0.7223270807930654,0.39860002362412983,0.3994626798958701,65
chr01,12198568,-0.0009935897435897434,0.7223270807930654,0.39860002362412983,0.3994626798958701,65
chr01,12241450,0.0005059523809523808,0.19905476335658234,0.6569023743428175,0.18249916839237226,70
chr01,12241559,-0.0007326007326007326,0.3922182706561613,0.5332957759760311,0.2730318561775512,68
chr01,12306139,-0.0010641025641025634,0.8617833066926109,0.35678329148424537,0.44759549226144973,65
chr01,12326133,-0.0011785714285714283,1.084177006698142,0.3014529631858704,0.5207804428022861,70
chr01,12355785,0.0013084914182475162,1.3034141526755862,0.25771580413512907,0.588858948006252,68
chr01,12359381,0.0015055986218776914,1.7671330388994297,0.18818003026543437,0.7254264659549262,70
chr01,12363159,0.0013700166112956811,1.503573953745635,0.22429057547249248,0.6491889747731746,71
chr01,12363266,0.0013700166112956811,1.503573953745635,0.22429057547249248,0.6491889747731746,71
chr01,12363418,0.0015055986218776914,1.7671330388994297,0.18818003026543437,0.7254264659549262,70
chr01,12363419,0.0015055986218776914,1.7671330388994297,0.18818003026543437,0.7254264659549262,70
chr01,12384740,0.0013700166112956811,1.503573953745635,0.22429057547249248,0.6491889747731746,71
chr01,12417317,-0.0014226078799249528,1.5860770769793822,0.21239118304485075,0.6728635160013355,67
chr01,12434221,-0.001369856887298748,1.4200437343396588,0.23760028430902427,0.6241530440201095,69
chr01,12486365,0.001318602693602693,1.371760464308388,0.24553839790143278,0.6098805821857208,71
chr01,12493893,-0.001737073170731707,2.210581476258477,0.14197720657581409,0.847781372891004,66
chr01,12493930,-0.001586303939962476,1.897469622827277,0.1730865810650945,0.7617366004971206,67
chr01,12493948,-0.001586303939962476,1.897469622827277,0.1730865810650945,0.7617366004971206,67
chr01,12530015,-0.0014589160839160837,1.6317810514701336,0.2058011158355008,0.6865522748608212,70
chr01,12611434,-0.0013582289803220036,1.400112429373464,0.2408863119667927,0.618187877486857,69
chr01,12611698,-0.0014591932457786113,1.64712001752869,0.203908153457736,0.6905654082046598,67
chr01,12617304,-0.001369856887298748,1.4200437343396588,0.23760028430902427,0.6241530440201095,69
chr01,12649944,0.0009777777777777777,0.7112601787659272,0.4019827164849905,0.395792619295032,70
chr01,12650071,0.0008431623931623927,0.5459028672786433,0.46250260295413526,0.33488581871859935,71
chr01,12653963,0.0007360139860139859,0.40728930439561445,0.5254920420276437,0.279433856476178,70
chr01,12654034,0.0007360139860139859,0.40728930439561445,0.5254920420276437,0.279433856476178,70
chr01,12660499,-0.0009508050089445437,0.6996758501664457,0.40586610748520624,0.39161721364136604,69
chr01,12661778,-0.0005757142857142854,0.25382777774674214,0.6160959786884597,0.2103516258748448,67
chr01,12689845,-0.00022512820512820493,0.03757275000372334,0.8469372561887055,0.07214876239698023,64
chr01,12735413,0.0006437728937728933,0.30139773551275156,0.5848601215027684,0.23294798985522178,68
chr01,12848587,-0.0007032967032967031,0.35613848688305666,0.5527003433396482,0.2575102656326842,68
chr01,12851467,-0.000858058608058608,0.5625677349235746,0.45589299639500425,0.34113707954703154,68
chr01,12851507,-0.000858058608058608,0.5625677349235746,0.45589299639500425,0.34113707954703154,68
chr01,12930892,-0.0006012058570198099,0.2757482895299969,0.6012095876446789,0.2209741022235572,70
chr01,12955242,-0.00048546511627906984,0.18526426445371547,0.6682291810048425,0.1750745630099758,71
chr01,12955431,-0.0007066189624329159,0.36860316636226215,0.5458187322408123,0.2629515636290814,69
chr01,12993768,-0.0005496422182468693,0.2322014204535764,0.6314666445734123,0.1996495848715875,69
chr01,13016943,-0.00012499999999999979,0.011044850530190886,0.9166295215834555,0.03780615968742715,66
chr01,13016963,-0.00012499999999999979,0.011044850530190886,0.9166295215834555,0.03780615968742715,66
chr01,13056378,-5.1282051282051354e-05,0.0019289650949173268,0.9651070966094973,0.015424490919644753,65
chr01,13122568,0.00011904761904761905,0.011365345723788722,0.9154135676171504,0.03838265505314279,70
chr01,13147722,9.414634146341426e-05,0.006374813658712752,0.9366117157159488,0.028440414097217082,66
chr01,13160305,-0.0003109756097560977,0.07366696335900916,0.7869051786641248,0.1040775965658864,69
chr01,13162656,0.00028750000000000005,0.06143976879955393,0.8050041827364091,0.09420186306738315,68
chr01,13162664,0.00028750000000000005,0.06143976879955393,0.8050041827364091,0.09420186306738315,68
chr01,13202855,0.0007222222222222224,0.3893932694669604,0.5347374605538069,0.27185939072303317,69
chr01,13208439,-0.0009285714285714289,0.6667827096025523,0.41702707738077793,0.3798357455651475,70
chr01,13217273,0.0008571428571428572,0.5701863354037262,0.4527923742852652,0.34410089594018617,70
chr01,13353605,-0.0004222222222222226,0.13150747162582246,0.7179988572389635,0.14387624697665125,70
chr01,13388265,-0.0011900000000000003,1.07696743393534,0.3030000880321788,0.5185572453198602,71
chr01,13397811,-0.0014926787252368655,1.727298598381713,0.1931723406124504,0.7140550579377963,70
chr01,13397915,-0.0013121693121693125,1.3581325400724802,0.24799362082602924,0.6055594904467132,69
chr01,13415361,0.0013911472448057817,1.5186317280027244,0.22219874057242933,0.6532584069792844,68
chr01,13471583,-0.0015994832041343675,2.001078149726721,0.16175017961256496,0.7911552284045322,70
chr01,13471715,-0.0015040485829959517,1.6378780030840514,0.205385097824996,0.6874310708028092,64
chr01,13806665,0.0010060975609756104,0.8203569788544771,0.36822776684615355,0.43388346587711935,71
chr01,13822518,0.0010060975609756104,0.8203569788544771,0.36822776684615355,0.43388346587711935,71
chr01,13822816,-0.001125,1.0162611626362275,0.31698131739290347,0.49896633397238643,70
chr01,13878919,0.0013108108108108108,1.4369282063362978,0.23498915964606235,0.6289521718324604,67
chr01,13889977,-0.0008833333333333338,0.6148132810216801,0.4357446499059884,0.3607679364740128,69
chr01,13890116,-0.000934615384615385,0.6966966157864468,0.4068622769393163,0.39055257477330513,69
chr01,13904108,-0.0009596774193548389,0.7517314822337298,0.388933775647739,0.41012434036887957,71
chr01,13904164,-0.0009596774193548389,0.7517314822337298,0.388933775647739,0.41012434036887957,71
chr01,13904423,-0.0009596774193548389,0.7517314822337298,0.388933775647739,0.41012434036887957,71
chr01,13939666,-0.0008448125544899737,0.5638232813061173,0.45539279404952715,0.34161384576586307,68
chr01,13963530,0.0010814722911497109,0.9452110919733259,0.33438698936296396,0.4757506288340852,70
chr01,13969760,-0.0010717948717948722,0.8980939998017635,0.34669892486894205,0.4600475051108654,69
chr01,14001697,0.0014045138888888885,1.55899678638186,0.2162230823441611,0.6650979459071873,68
chr01,14001985,-0.0011078947368421052,0.9319861854391757,0.3378714915073543,0.4712484510287921,68
chr01,14121912,0.001330555555555556,1.3851997382461445,0.24357614087805377,0.6133652545961364,66
chr01,14141834,0.0010340622371740966,0.8408605305588887,0.3623916063747885,0.44082186990065503,70
chr01,14148911,0.0015719827586206897,1.926698814621642,0.1697185863990775,0.770270594167011,69
chr01,14148959,0.0017011494252873567,2.239302397294387,0.13930866657476365,0.8560218647065638,68
chr01,14149022,0.0017011494252873567,2.239302397294387,0.13930866657476365,0.8560218647065638,68
chr01,14169783,0.001783333333333334,2.5452982674395086,0.11532962431391645,0.9380591226832528,69
chr01,14170065,-0.0017473118279569897,2.5238934981681513,0.11677257408908909,0.9326591462681034,70
chr01,14233812,0.0019481255448997397,3.0327520383121223,0.08625875652243753,1.0641968067898377,68
chr01,14233831,-0.0019481255448997384,3.03275203831212,0.08625875652243753,1.0641968067898377,68
chr01,14233883,0.0019481255448997397,3.0327520383121223,0.08625875652243753,1.0641968067898377,68
chr01,14233904,0.0019481255448997397,3.0327520383121223,0.08625875652243753,1.0641968067898377,68
chr01,14251062,0.0019268092105263162,3.07265068501354,0.08412660769135238,1.075066623156539,70
chr01,14268186,-0.0017886699507389163,2.397911816189499,0.12658708990276504,0.8976105839702173,64
chr01,14277346,-0.002122043918918919,3.730738462385051,0.05765106684801972,1.2391926515623268,69
chr01,14308480,0.0015322580645161293,1.949255958459698,0.1671428333587195,0.7769122400674484,71
chr01,14313528,-0.001705555555555556,2.273164801297589,0.13655157916052565,0.864703273065539,66
chr01,14321191,0.0017559422750424453,2.4972352791812957,0.11875617058726497,0.925343815114672,69
chr01,14328568,-0.000915607985480944,0.6853346024702397,0.41078502074248135,0.38638540131500193,67
chr01,14334310,-0.0012875939849624062,1.2616925049699206,0.2655268864850325,0.5758914969520209,66
chr01,14334327,-0.00141988416988417,1.5207761133189315,0.22208367236730617,0.6534833696885406,65
chr01,14334483,0.0012875939849624064,1.2616925049699206,0.2655268864850325,0.5758914969520209,66
chr01,14335988,-0.0012824324324324323,1.3006579151575193,0.2582778909155296,0.5879127686789564,67
chr01,14340587,-0.00148502722323049,1.7343612164891538,0.19247905332149082,0.7156165260093413,67
chr01,14366904,-0.001503629032258065,1.8751348116232474,0.17532878447142966,0.756146778082564,71
chr01,14366920,-0.001503629032258065,1.8751348116232474,0.17532878447142966,0.756146778082564,71
chr01,14366930,0.001503629032258065,1.8751348116232474,0.17532878447142966,0.756146778082564,71
chr01,14366940,-0.001503629032258065,1.8751348116232474,0.17532878447142966,0.756146778082564,71
chr01,14366958,0.001503629032258065,1.8751348116232474,0.17532878447142966,0.756146778082564,71
chr01,14371878,-0.0016186931348221676,2.1484370131456343,0.1473241124920907,0.8317261664958279,70
chr01,14376451,0.0013930875576036868,1.5570641332443795,0.2166419128418397,0.6642575183707427,66
chr01,14377487,-0.0013508853681267479,1.4299098740420806,0.2361909005729778,0.6267368379124567,66
chr01,14474536,-0.001046875,0.8492606448226815,0.3603337548774074,0.44329505269745806,64
chr01,14477050,0.0014913419913419924,1.7314123914089732,0.19278291898056885,0.7149314482397708,68
chr01,14477116,0.001244791666666667,1.2551228010716189,0.2666365205706847,0.57408036656479,68
chr01,14477117,0.001244791666666667,1.2551228010716189,0.2666365205706847,0.57408036656479,68
chr01,14477119,0.001244791666666667,1.2551228010716189,0.2666365205706847,0.57408036656479,68
chr01,14477138,0.001244791666666667,1.2551228010716189,0.2666365205706847,0.57408036656479,68
chr01,14477151,0.001244791666666667,1.2551228010716189,0.2666365205706847,0.57408036656479,68
chr01,14512084,0.0014062500000000004,1.47132929416039,0.22973745054780048,0.6387682027131086,64
chr01,14512153,0.0014062500000000004,1.47132929416039,0.22973745054780048,0.6387682027131086,64
chr01,14548652,0.0013198198198198204,1.4184776807803792,0.23779491056073415,0.6237974446670423,70
chr01,14579624,0.0010441176470588234,0.8742860201198182,0.353286185660743,0.4518733441915519,66
chr01,14775776,0.0007527093596059115,0.39927841781508006,0.5297853073215186,0.27590009027750106,64
chr01,14968061,2.8571428571428696e-05,0.0006574494827420117,0.9796189592728664,0.008942818251378359,70
chr01,14968107,0.0002655228758169936,0.056941032595996505,0.8121154385057721,0.0903822333909606,70
chr01,14975246,-0.0004662698412698411,0.16773662378869322,0.6835427942373729,0.1652342905777162,64
chr01,14975473,-0.000288314176245211,0.06513366843896193,0.7993899459710655,0.09724131821845268,65
chr01,15002687,-0.00046568627450980355,0.1754542706046909,0.6766293780668966,0.16964914983009968,70
chr01,15002719,-0.00046568627450980355,0.1754542706046909,0.6766293780668966,0.16964914983009968,70
chr01,15015471,0.0006838118022328547,0.38394162372504254,0.5375420677209171,0.2695875424557973,71
chr01,15015693,0.0005753480753480758,0.26752152947865326,0.6066776262670386,0.2170420211560602,70
chr01,15028742,0.0006889204545454544,0.3550487067134022,0.553403792339696,0.25695786907190044,65
chr01,15044359,-0.0005839475839475845,0.27221186056732843,0.6035472081100377,0.21928875469695405,70
chr01,15127607,0.0002537878787878788,0.05237119984212435,0.8196845033913566,0.08635327542361523,69
chr01,15134545,0.00043193277310924334,0.1458509692544884,0.7037409003998789,0.15258720767405345,69
chr01,15134553,0.00043193277310924334,0.1458509692544884,0.7037409003998789,0.15258720767405345,69
chr01,15348742,-0.0005692640692640694,0.24826238507443593,0.6199576238108644,0.20763799497605306,68
chr01,15348743,-0.0005692640692640694,0.24826238507443593,0.6199576238108644,0.20763799497605306,68
chr01,15348787,-0.0005692640692640694,0.24826238507443593,0.6199576238108644,0.20763799497605306,68
chr01,15355140,0.0004926470588235291,0.19462823222614387,0.6604917341643601,0.18013261306727268,70
chr01,15368043,-0.0005500794912559624,0.2487591429477138,0.6195365028138039,0.20793310009732074,71
chr01,15376330,-0.000629004329004329,0.30583471605186674,0.5821159022267085,0.23499053650797933,68
chr02,34602,-0.00028539426523297497,0.06316171982159231,0.8023595893047376,0.09563095259968936,67
chr02,34662,-0.00028539426523297497,0.06316171982159231,0.8023595893047376,0.09563095259968936,67
chr02,41239,-0.00010885167464114805,0.009676387803874573,0.9219247897903466,0.035304507049766426,71
chr02,293525,6.27724498692237e-05,0.0029872640002593016,0.9565777405467519,0.0192797293287753,68
chr02,293547,6.27724498692237e-05,0.0029872640002593016,0.9565777405467519,0.0192797293287753,68
chr02,293575,6.27724498692237e-05,0.0029872640002593016,0.9565777405467519,0.0192797293287753,68
chr02,293599,6.27724498692237e-05,0.0029872640002593016,0.9565777405467519,0.0192797293287753,68
chr02,293658,-4.147465437788042e-05,0.001240078475151356,0.9720181065783972,0.012325645038907691,66
chr02,293685,-1.56810035842291e-05,0.00018231353469100474,0.9892683667977056,0.004685877857642138,67
chr02,293721,6.388888888888887e-05,0.0029392305234089717,0.9569330153666388,0.01911846146536544,66
chr02,293730,-1.56810035842291e-05,0.00018231353469100474,0.9892683667977056,0.004685877857642138,67
chr02,293739,-1.56810035842291e-05,0.00018231353469100474,0.9892683667977056,0.004685877857642138,67
chr02,293756,-1.56810035842291e-05,0.00018231353469100474,0.9892683667977056,0.004685877857642138,67
chr02,298597,-0.00021338383838383817,0.03542305280778898,0.8512808213985024,0.06992715076670858,69
chr02,298649,-0.00021338383838383817,0.03542305280778898,0.8512808213985024,0.06992715076670858,69
chr02,298747,-0.00021338383838383817,0.03542305280778898,0.8512808213985024,0.06992715076670858,69
chr02,298796,-0.00021338383838383817,0.03542305280778898,0.8512808213985024,0.06992715076670858,69
chr02,298809,-0.00021338383838383817,0.03542305280778898,0.8512808213985024,0.06992715076670858,69
chr02,365421,-0.0014723214285714285,1.66294902149738,0.20177537013142824,0.6951318473599088,67
chr02,479673,0.0020951199338296116,3.6391393564148946,0.06066006673361544,1.2170971162471653,70
chr02,479705,-0.0020951199338296116,3.6391393564148946,0.06066006673361544,1.2170971162471653,70
chr02,496658,0.002260752688172043,4.08981155910212,0.04726124326404658,1.3254948579128543,67
chr02,605711,0.0020532852564102565,3.605086750382724,0.06178528656425913,1.2091149346966032,71
chr02,605934,0.002152138157894738,3.8972084144099672,0.05243015869419394,1.2804188277734323,70
chr02,605967,0.002152138157894738,3.8972084144099672,0.05243015869419394,1.2804188277734323,70
chr02,613501,-0.0021389802631578956,3.839857027544664,0.054148377063661976,1.2664145555272777,70
chr02,613645,-0.0021389802631578956,3.839857027544664,0.054148377063661976,1.2664145555272777,70
chr02,626720,0.0022048611111111106,3.9396858862581543,0.05131867393313762,1.289724574256609,68
chr02,699643,0.00227927927927928,4.421243770918471,0.039198591735275415,1.4067295353414087,70
chr02,699656,0.00227927927927928,4.421243770918471,0.039198591735275415,1.4067295353414087,70
chr02,708343,0.0023750000000000004,4.709902773343021,0.03353846030002635,1.4744568790749308,69
chr02,749046,0.0017230392156862737,2.4643884331550043,0.1210949365807832,0.9168740159073125,70
chr02,781760,0.0022689393939393948,4.351512796140933,0.04078664498091872,1.3894820173158928,69
chr02,781800,0.0022689393939393948,4.351512796140933,0.04078664498091872,1.3894820173158928,69
chr02,790959,0.002155405405405406,3.8180605022063983,0.054879024259977566,1.2605936189170968,69
chr02,798479,0.0019013282732447824,2.828944280055962,0.09753013154959904,1.0108611900031546,65
chr02,798522,0.0019013282732447824,2.828944280055962,0.09753013154959904,1.0108611900031546,65
chr02,799153,0.0029720643939393936,7.362625345213074,0.008577738252980246,2.0666272102560383,65
chr02,815683,0.002193284193284194,4.074306400178456,0.04748646732531666,1.3234301378129658,70
chr02,815747,0.002193284193284194,4.074306400178456,0.04748646732531666,1.3234301378129658,70
chr02,815781,0.002193284193284194,4.074306400178456,0.04748646732531666,1.3234301378129658,70
chr02,815782,0.0022436406995230535,4.385649399870898,0.03991790052024305,1.3988323084781216,71
chr02,815792,0.0022436406995230535,4.385649399870898,0.03991790052024305,1.3988323084781216,71
chr02,875975,0.002272072072072072,4.309774528483323,0.041853703843667864,1.3782661030783683,67
chr02,891708,0.002090510366826156,3.763128600602317,0.056482900349293166,1.2480830107283274,71
chr02,891709,-0.0020905103668261557,3.763128600602317,0.056482900349293166,1.2480830107283274,71
chr02,999288,0.0013929738562091496,1.6027332725436727,0.20983639791773256,0.6781191775162497,70
chr02,1030609,0.0008675986842105267,0.608862424067369,0.43792420876929294,0.35860104602890946,70
chr02,1059038,0.000702016129032258,0.400232451606756,0.5290602426162407,0.27649487324610683,71
chr02,1062044,0.000702016129032258,0.400232451606756,0.5290602426162407,0.27649487324610683,71
chr02,1070851,0.00010357142857142846,0.008176966972233652,0.9282221063342139,0.03234809273164119,68
chr02,1070859,0.00010357142857142846,0.008176966972233652,0.9282221063342139,0.03234809273164119,68
chr02,1070873,0.00010357142857142846,0.008176966972233652,0.9282221063342139,0.03234809273164119,68
chr02,1125865,0.0006358234295415957,0.31374700585706744,0.5772580351262535,0.2386300132194367,69
chr02,1125880,0.0009175438596491231,0.6653368220593463,0.417616187698422,0.3792226754946729,68
chr02,1150692,0.0007500000000000001,0.450404008224971,0.5045582109835021,0.29708872189378077,66
chr02,1156677,0.00028992740471869345,0.062132193760848595,0.803943113491004,0.09477468056871764,67
chr02,1171577,0.0005314309346567409,0.22585857428531353,0.6361348031387088,0.19645084338335042,70
chr02,1201285,0.0004914414414414411,0.1896435234356642,0.6646561858278088,0.17740294899834272,67
chr02,1220743,-0.0009720394736842107,0.7603387399165787,0.3862909664608021,0.41308544785336293,70
chr02,1220758,-0.0009720394736842107,0.7603387399165787,0.3862909664608021,0.41308544785336293,70
chr02,1225379,0.00146774193548387,1.5658270712889806,0.21559179320867225,0.6663677751737231,63
chr02,1225462,0.00146774193548387,1.5658270712889806,0.21559179320867225,0.6663677751737231,63
chr02,1254732,-0.0010076013513513511,0.7961156144581883,0.37545069731683034,0.42544708472916964,69
chr02,1274986,0.0010430622009569377,0.8999750727821471,0.3460992777576165,0.4607993069936765,71
chr02,1334890,0.0006948561464690498,0.37879955010058824,0.5403629730167011,0.26731441754315477,68
chr02,1335591,0.0010481418918918918,0.8652234545934984,0.35562049776860216,0.4490132144868768,69
chr02,1335786,0.0010430622009569377,0.8999750727821471,0.3460992777576165,0.4607993069936765,71
chr02,1335891,-0.0010430622009569377,0.8999750727821471,0.3460992777576165,0.4607993069936765,71
chr02,1345013,0.0007674023769100169,0.4696244026102399,0.49552423479459695,0.3049351004517971,69
chr02,1394126,-0.001132678132678133,1.0408850706333386,0.3112318270761277,0.5069159977467235,70
chr02,1394259,-0.0010616554054054055,0.8895964235601772,0.3489754126395359,0.4572051705512343,69
chr02,1401153,0.0011980574324324323,1.1360426655641758,0.29031599066530356,0.5371290424788906,69
chr02,1401199,0.0011980574324324323,1.1360426655641758,0.29031599066530356,0.5371290424788906,69
chr02,1401271,0.0011980574324324323,1.1360426655641758,0.29031599066530356,0.5371290424788906,69
chr02,1413221,-0.0008016826923076927,0.5262644147722819,0.4706349217012723,0.3273158507692878,71
chr02,1451309,0.0002524671052631579,0.050762605550449195,0.8224172997766968,0.08490776274746692,70
chr02,1469197,0.00040044642857142867,0.12138064895024096,0.7286677670996966,0.13747044123457167,67
chr02,1546271,-0.0003090277777777779,0.07422221117977154,0.7861361537342788,0.10450223043049875,68
chr02,1547180,0.00036363636363636383,0.10247126930875415,0.7499106770677681,0.12499046296402856,67
chr02,1547209,0.00036363636363636383,0.10247126930875415,0.7499106770677681,0.12499046296402856,67
chr02,1547287,-0.0005,0.2040811102749583,0.6529057175496191,0.1851495282260204,69
chr02,1555265,0.0006373271889400921,0.290379127356326,0.5918472506429402,0.22779036551142878,66
chr02,1593592,0.0004809027777777776,0.17702587906978642,0.6753085992034382,0.17049772005203104,68
chr02,1621844,0.0005351307189542479,0.2318761628352675,0.6316822315391517,0.199501339114859,70
chr02,1624748,0.0005164141414141416,0.2087023520548335,0.6492641059258242,0.18757860610497631,69
chr02,1651241,0.00042857142857142833,0.15375339161893195,0.6962002638844178,0.15726581643879622,70
chr02,1660547,-1.2605042016806813e-05,0.00012532489387601372,0.9911012483602428,0.0038819768385737093,69
chr02,1660661,7.14285714285713e-05,0.004120812527270261,0.9490044469839427,0.022731752487288533,70
chr02,1665358,-1.2605042016806813e-05,0.00012532489387601372,0.9911012483602428,0.0038819768385737093,69
chr02,1693934,0.00040898251192368845,0.1372897062799142,0.7121254714851406,0.14744347999680185,71
chr02,1696228,0.00041287878787878753,0.13325651069617894,0.7162289946996665,0.14494810166650085,69
chr02,1708518,0.00033578431372548976,0.09043907122750407,0.7645372830231824,0.11660133115888191,70
chr02,1715990,-0.00034285714285714274,0.09437162683114797,0.7596302482588702,0.11939775010884555,70
chr02,1717093,0.0001489177489177488,0.017044501058943836,0.8965247840075075,0.047437700068422094,68
chr02,1718182,0.0004485294117647055,0.16073008697309232,0.6897421999089219,0.16131320212919417,70
chr02,1723094,0.000772811059907834,0.43323679364136064,0.51276577449954,0.2900809703106897,66
chr02,1736310,-0.0009839527027027022,0.7946597257084785,0.3758850742055577,0.42494491908230697,69
chr02,1745680,-0.0007954159592529713,0.5383338910327461,0.4656838018463675,0.331908868125,69
chr02,1761098,-0.0007001689189189189,0.38335322192971877,0.5379137734253159,0.2692873353500024,69
chr02,1769725,-0.0008082949308755759,0.5030259987590369,0.48074938098698294,0.3180812662868005,66
chr02,1775207,-0.0005512016718913269,0.22188138563308069,0.639318283031161,0.19428287556612212,62
chr02,1775214,0.0005512016718913274,0.22188138563308069,0.639318283031161,0.19428287556612212,62
chr02,1776480,0.0008197115384615387,0.5503915653249315,0.4606756257661937,0.33660476555343793,71
chr02,1783925,-0.0006604184829991284,0.33560468338488747,0.5643494894396667,0.24845186352024592,68
chr02,1783928,-0.0006604184829991284,0.33560468338488747,0.5643494894396667,0.24845186352024592,68
chr02,1794326,-0.000824107142857143,0.5339091361520142,0.4675936879854409,0.3301313599815293,67
chr02,1794478,-0.0009690152801358231,0.7332555247951882,0.39488223467503036,0.4035324042633401,69
chr02,1794506,-0.0008470394736842107,0.572823525170704,0.4517535412045256,0.3450984344071921,70
chr02,1798095,-0.0007474747474747474,0.4570429151976305,0.501336249792356,0.2998708920045122,69
chr02,1798116,-0.0004419191919191915,0.15270554976342177,0.6972029536851616,0.15664078167901266,69
chr02,1798213,-0.000514742014742015,0.21201091404021283,0.6466649162451794,0.18932070035555257,70
chr02,1798295,-0.000514742014742015,0.21201091404021283,0.6466649162451794,0.18932070035555257,70
chr02,1816944,0.0005012285012285015,0.2013482566203268,0.655061468458691,0.18371794556564627,70
chr02,1829317,0.0004419191919191915,0.15270554976342177,0.6972029536851616,0.15664078167901266,69
chr02,1856948,0.0009758928571428571,0.7925608160527691,0.3766102321115211,0.4241078848259784,67
chr02,1857441,0.0009900181488203266,0.7316872136016785,0.3954789534510248,0.40287662378019856,67
chr02,1857464,0.0009900181488203266,0.7316872136016785,0.3954789534510248,0.40287662378019856,67
chr02,1857466,0.0009900181488203266,0.7316872136016785,0.3954789534510248,0.40287662378019856,67
chr02,1886949,0.0008673986486486482,0.6159191543281446,0.4353340415556225,0.36117737124894894,69
chr02,1920140,7.767857142857131e-05,0.004738274077852361,0.9453321834718521,0.024415556465474084,67
chr02,1982562,0.0011130268199233714,0.9551898929190384,0.3321398700064405,0.4786789886458638,65
chr02,2063304,-0.0006481481481481482,0.31957384369769887,0.5737806063511091,0.24125413489280165,68
chr02,2124322,0.0005119047619047619,0.18922811905024955,0.6649789693663898,0.17719208948269125,68
chr02,2343576,-4.210526315789449e-05,0.0012476494718582573,0.9719382494777262,0.012361326393659963,63
chr02,2344997,-0.0004559800664451827,0.16339170051387292,0.6873030632956295,0.1628517204450451,71
chr02,2345018,-0.0004559800664451827,0.16339170051387292,0.6873030632956295,0.1628517204450451,71
chr02,2373063,0.00040476190476190473,0.1261021788912648,0.7236072528816557,0.14049708875708994,70
chr02,2399168,-0.0003910256410256413,0.11043857810148194,0.7407485781716484,0.13032917345277115,65
chr02,2399169,-0.0003910256410256413,0.11043857810148194,0.7407485781716484,0.13032917345277115,65
chr02,2399194,-0.0003910256410256413,0.11043857810148194,0.7407485781716484,0.13032917345277115,65
chr02,2400360,-0.0004559800664451827,0.16339170051387292,0.6873030632956295,0.1628517204450451,71
chr02,2400429,-0.0004559800664451827,0.16339170051387292,0.6873030632956295,0.1628517204450451,71
chr02,2429402,-0.0004664864864864867,0.145807014400243,0.7039240297075519,0.1524742091236957,62
chr02,2619196,-0.0005606481481481483,0.23509917230072538,0.6293984576439203,0.2010743256705825,67
chr02,2649034,0.0001166061705989114,0.010005011775214418,0.9206323046657395,0.03591378993311753,67
chr02,2649365,-1.1936339522546253e-05,0.00010586096688725382,0.9918218472268885,0.0035663295742671044,68
chr02,2655211,0.0006923076923076923,0.3438872353568824,0.5596893626155826,0.25205294716019055,65
chr02,2655212,0.0006576923076923077,0.3180352424210129,0.5747617361739237,0.24051215202295392,66
chr02,2655466,4.289318755256482e-05,0.0014316744908328286,0.9699281289500711,0.013260445483036785,70
chr02,2664549,0.0002590517241379311,0.05328085516958009,0.8181530314695232,0.0871654561003035,69
chr02,2687125,0.00027177700348432043,0.057906875242819116,0.8105701508877823,0.0912093931225872,69
chr02,2692793,-0.0008430232558139535,0.5461103614538731,0.4624924903668488,0.3348953146410927,69
chr02,2734415,-0.0019322344322344322,2.8128221804300386,0.09824417151575135,1.007693205366088,68
chr02,2734417,-0.0019322344322344322,2.8128221804300386,0.09824417151575135,1.007693205366088,68
chr02,2739955,-0.0015389983579638755,1.9310590474085894,0.16911032533234746,0.7718298749690055,71
chr02,2740069,-0.0015389983579638755,1.9310590474085894,0.16911032533234746,0.7718298749690055,71
chr02,2870084,0.002264550264550263,4.0541090833549145,0.04855589629954324,1.3137580247699805,62
chr02,2872687,-0.0026663414634146335,5.531939996067282,0.021760943618097835,1.6623222762878491,66
chr02,2932513,-0.0013168016194331986,1.2650378084321325,0.26503522602452756,0.5766963998316397,64
chr02,2940635,-0.0022150673400673396,4.0164907667420895,0.04898447207478953,1.3099415681548765,71
chr02,2947869,-0.0022150673400673396,4.0164907667420895,0.04898447207478953,1.3099415681548765,71
chr02,2950313,-0.0021804478897502148,3.808018521663548,0.055128516817706134,1.2586236916591451,70
chr02,2950325,-0.0022150673400673396,4.0164907667420895,0.04898447207478953,1.3099415681548765,71
chr02,2950473,-0.0022153316106804477,3.9245181776336446,0.051632811014794895,1.2870742302698122,70
chr02,2972156,0.00185619918699187,2.746503974886555,0.10243951277265714,0.9895324958093249,65
chr02,2986992,0.0016860465116279072,2.1855882357504464,0.14399388544975159,0.8416559493756758,69
chr02,3016159,-0.0018444444444444446,2.692954434451103,0.10534371765691801,0.9773913591378762,71
chr02,3016284,-0.0017727272727272722,2.448679879256412,0.12226595647242389,0.9126944503580189,70
chr02,3218359,0.001402926829268293,1.4427680071362396,0.23411838464007897,0.6305644810738328,66
chr02,3218405,0.001402926829268293,1.4427680071362396,0.23411838464007897,0.6305644810738328,66
chr02,3269603,0.0018444444444444443,2.692954434451103,0.10534371765691801,0.9773913591378762,71
chr02,3269630,-0.0018444444444444446,2.692954434451103,0.10534371765691801,0.9773913591378762,71
chr02,3369688,-0.0002916666666666667,0.05618600935077265,0.8134104227223766,0.0896902670164892,64
chr02,3402788,-0.0008431623931623932,0.5459028672786446,0.46250260295413526,0.33488581871859935,71
chr02,3402872,-0.0008431623931623932,0.5459028672786446,0.46250260295413526,0.33488581871859935,71
chr02,3411383,0.0004530038759689921,0.14646694888531628,0.7031834349618566,0.1529313685790428,67
chr02,3449565,0.0001112820512820511,0.008696124452982922,0.9260032530122584,0.03338748765630337,64
chr02,3454692,0.0004485683987274657,0.14144836027180305,0.7081292675063665,0.14988745553020538,64
chr02,3457040,0.0008431623931623931,0.5459028672786446,0.46250260295413526,0.33488581871859935,71
chr02,3497435,0.0005377777777777781,0.22255564740644423,0.6386097763480214,0.1947644372192179,70
chr02,3497454,0.0005377777777777781,0.22255564740644423,0.6386097763480214,0.1947644372192179,70
chr02,3530603,0.00016527777777777786,0.020182663692462185,0.8874544456840748,0.051853930662496245,69
chr02,3533387,0.0001923076923076923,0.026782677700941136,0.8705273034421115,0.06021760300926972,65
chr02,3536147,0.0008054323725055434,0.4242972475009939,0.5172471096407572,0.28630192747822986,63
chr02,3536152,0.0008054323725055434,0.4242972475009939,0.5172471096407572,0.28630192747822986,63
chr02,3552472,-0.0007134502923976611,0.36240389808776874,0.549334695553837,0.2601629704093282,65
chr02,3700980,0.001760551248923342,2.466326039504325,0.12095137560614642,0.9173891879489691,70
chr02,3747318,-0.001778974358974359,2.407127147860164,0.12587385011777655,0.9000644837851814,64
chr02,3776152,0.001875555555555556,2.809683825325853,0.09828910202576412,1.0074946326505783,70
chr02,3776907,-0.001762105263157895,2.288755322356392,0.13547848290091596,0.8681296752651525,63
chr02,3861062,-0.0016943521594684383,2.3265953206517054,0.1317506032109618,0.8802473877238225,71
chr02,3879926,0.0017072368421052636,2.031951417209693,0.15920450897866728,0.7980446363670457,62
chr02,3907782,-0.0012499999999999996,1.147462656540764,0.28816755006198985,0.540354925751273,65
chr02,4012761,-0.0011800925925925924,1.078471798309383,0.3028874588576399,0.5187187083828265,67
chr02,4056901,0.0016943521594684386,2.3265953206517054,0.1317506032109618,0.8802473877238225,71
chr02,4065768,-0.0012179487179487178,1.102071077599992,0.29782252194697,0.5260424631068583,65
chr02,4069567,0.001642857142857143,2.1426784473344616,0.14785918125869912,0.8301517029526062,70
chr02,4138988,0.001976190476190476,3.242915754086906,0.07610289945412715,1.1185987966730524,71
chr02,4153659,-0.0017261904761904762,2.476164084622913,0.12022541885041677,0.9200037012235219,70
chr02,4162764,0.0018375000000000002,2.700697760178057,0.10498946247475058,0.9788542877750269,69
chr02,4162786,0.0018375000000000002,2.700697760178057,0.10498946247475058,0.9788542877750269,69
chr02,4190178,0.0019268292682926833,3.0171673725047956,0.08691520538021147,1.060904239258435,70
chr02,4257744,-0.002358658743633276,4.581529187520855,0.035961856917948454,1.4441578912325466,69
chr02,4270186,0.0022766749379652612,4.398725759310751,0.0396862764992255,1.401359646159555,70
chr02,4276679,-0.002371816638370119,4.639314774893166,0.03484855600072458,1.4578152128001132,69
chr02,4277222,0.001946846846846847,3.0778368031228167,0.08407900022172805,1.0753124611183504,67
chr02,4284562,-0.0022847744360902263,4.176353434668989,0.04511262554970973,1.345701896276958,66
chr02,4284608,-0.0022847744360902263,4.176353434668989,0.04511262554970973,1.345701896276958,66
chr02,4347567,-0.002042663476874002,3.583996433059333,0.06253290627617841,1.2038913866019763,71
chr02,4368536,-0.0025214646464646454,5.429448148710408,0.022820700566926144,1.6416710274164852,69
chr02,4374289,-0.0024547697368421054,5.392085000351747,0.02323031055081313,1.6339449843623564,70
chr02,4374333,-0.002665470494417862,6.333900835789053,0.01417346815008106,1.848523867878906,71
chr02,4408277,0.002688131313131312,6.135354712182218,0.01578052067449505,1.8018786714479205,69
chr02,4508898,0.0026654704944178618,6.333900835789053,0.01417346815008106,1.848523867878906,71
chr02,4509007,0.0026224406224406235,5.978619990502003,0.017075757187250663,1.7676200293768118,70
chr02,4510441,0.002755489864864864,6.48678549974439,0.01317102092337052,1.8803805603303998,69
chr02,4510504,0.0026224406224406235,5.978619990502003,0.017075757187250663,1.7676200293768118,70
chr02,4525127,0.002439068100358424,4.983659385388411,0.029039399093734295,1.5370123746446511,67
chr02,4573741,0.0020748069498069495,3.5846024787587867,0.06291205437886187,1.201266132795666,65
chr02,4574453,-0.002731531531531531,6.340122097098889,0.01427622603147934,1.8453865845993203,67
chr02,4577951,-0.002364864864864866,4.733454938060458,0.03316738041937503,1.479288827978138,68
chr02,4599154,0.002676494676494678,6.2165412164228195,0.015095079786946275,1.8211645871166093,70
chr02,4608625,-0.0023711993243243235,4.9334058395717975,0.02972638864622632,1.5268578484903663,69
chr02,4608755,0.0027986111111111102,6.653606909972338,0.012130253727450815,1.916130114938922,68
chr02,4694310,0.0021822510822510823,4.050324120413847,0.048246282492842206,1.3165361446008932,68
chr02,4768917,-0.002277589134125637,4.458293349096669,0.038465607345466446,1.4149274059611272,69
chr02,4772683,0.002502232142857142,5.123248880939783,0.026953046690700526,1.5693921363706216,67
chr02,4777636,-0.0023108552631578953,4.735640667106129,0.03302138420843047,1.481204725698203,70
chr02,4777712,-0.002266047297297297,4.441457584952024,0.03882193010965792,1.4109228765948412,69
chr02,4786139,-0.0024385749385749393,5.149522772537038,0.02642923813571411,1.577915355908178,70
chr02,4812156,-0.0024388794567062814,5.170996358671902,0.026176010001976592,1.5820965520627743,69
chr02,4812168,-0.0024388794567062814,5.170996358671902,0.026176010001976592,1.5820965520627743,69
chr02,4812370,-0.0030303030303030303,7.539523596352753,0.007827422420056131,2.1063812281132823,66
chr02,4812445,0.0030303030303030303,7.539523596352753,0.007827422420056131,2.1063812281132823,66
chr02,4847833,0.0022720720720720705,4.408898083193449,0.039638302275414504,1.4018849547974772,67
chr02,4847876,-0.002272072072072071,4.408898083193459,0.03963830227541415,1.4018849547974812,67
chr02,4847880,-0.002272072072072071,4.408898083193459,0.03963830227541415,1.4018849547974812,67
chr02,4879307,-0.002552232854864433,5.763168732675964,0.01906649445297041,1.7197291485732689,71
chr02,4901582,-0.0022546452702702697,4.429059042211836,0.039086607040751564,1.4079720273787892,69
chr02,4902256,-0.002507780507780509,5.426438770512858,0.022811633631076314,1.6418436120685036,70
chr02,4902356,0.00240530303030303,4.904932400320725,0.03018517841101434,1.520206252883556,69
chr02,4902987,0.002474747474747473,5.144849713345251,0.026543595989721815,1.5760402415054342,69
chr02,4903003,0.002474747474747473,5.144849713345251,0.026543595989721815,1.5760402415054342,69
chr02,4933451,-0.00240530303030303,4.904932400320725,0.03018517841101434,1.520206252883556,69
chr02,4959773,0.002552232854864433,5.763168732675964,0.01906649445297041,1.7197291485732689,71
chr02,4959779,0.002552232854864433,5.763168732675964,0.01906649445297041,1.7197291485732689,71
chr02,4988363,0.002259663865546218,4.299726309739673,0.04196613712866287,1.3771010046010914,69
chr02,4988399,0.002259663865546218,4.299726309739673,0.04196613712866287,1.3771010046010914,69
chr02,4991879,-0.0023660130718954234,4.800870633364218,0.03187542658117964,1.4965439944603338,70
chr02,4991976,-0.0024053030303030297,4.913961054020131,0.03003888729428915,1.5223161585819924,69
chr02,5055098,-0.0023235294117647056,4.530073575505626,0.03704173385232067,1.4313086930248837,68
chr02,5055223,0.0022669340463458113,4.194633573626061,0.044595830280969376,1.3507057460103369,67
chr02,5059647,-0.002352124183006534,4.740754272094949,0.032929976195186235,1.4824085832359513,70
chr02,5086181,-0.0019803836094158664,3.1233159375037802,0.08180232281473676,1.0872343641611946,68
chr02,5102642,0.002013888888888889,3.229789521949721,0.0768850632195304,1.1141580241962152,68
chr02,5156484,-0.0017053571428571424,2.344804815578128,0.13055407284121837,0.8842095751250194,67
chr02,5157038,0.001822712418300652,2.76970052692227,0.10066605454540037,0.9971169525740661,70
chr02,5159939,0.0018923444976076545,3.0534310251077517,0.08501580528504811,1.0705003271094131,71
chr02,5235556,-0.0014252782193958664,1.7051657105959526,0.1959507068004194,0.7078531656690715,71
chr02,5255293,-0.0014420677361853835,1.6442272618204583,0.20430083981914382,0.6897298481102332,67
chr02,5312997,0.0010999999999999998,0.9914813248212163,0.3229107456520588,0.4909175025215703,70
chr02,5346359,-0.0006151260504201678,0.3132597885634336,0.5775531288112603,0.23840805907518434,69
chr02,5353714,-0.0009626984126984124,0.7688616548394386,0.3836121340677503,0.416107664078741,71
chr02,5378860,-0.0010939542483660123,0.9723497140719721,0.32759056970120737,0.4846686086993982,70
chr02,5383571,0.0009171401515151513,0.6452534304315246,0.42483517490659306,0.37177953233288236,65
chr02,5385196,0.0012357142857142853,1.208635264961833,0.2755372614338215,0.5598196623626271,69
chr02,5385298,0.0012428571428571428,1.2590929106120652,0.26576945869264457,0.5754949281462867,70
chr02,5419533,0.0017527777777777776,2.4750003375136784,0.12060040334537175,0.9186512397051848,66
chr02,5419595,0.0017527777777777776,2.4750003375136784,0.12060040334537175,0.9186512397051848,66
chr02,5445848,-0.0008343137254901961,0.5088803812923254,0.4783005702810894,0.32029910131540235,64
chr02,5464422,-0.000978571428571428,0.7885120169762955,0.3777272099428042,0.4228217292249678,69
chr02,5464430,-0.000978571428571428,0.7885120169762955,0.3777272099428042,0.4228217292249678,69
chr02,5464553,-0.0011147465437788022,0.9087401862465053,0.34403554478818243,0.463396685021808,66
chr02,5464566,-0.0011147465437788022,0.9087401862465053,0.34403554478818243,0.463396685021808,66
chr02,5503785,-0.001411764705882353,1.569223148683233,0.2147402635117134,0.668086518295306,68
chr02,5508150,-0.0008346320346320347,0.5648409722204694,0.454987992097597,0.34200006495732305,68
chr02,5539710,-0.0011797385620915025,1.1334674198534596,0.2908028340298875,0.5364013653592713,70
chr02,5567920,-0.0006515151515151512,0.35874178449300465,0.5513201082645383,0.25859616723582207,66
chr02,5567959,-0.0006515151515151512,0.35874178449300465,0.5513201082645383,0.25859616723582207,66
chr02,5577362,-0.0011797385620915025,1.1334674198534596,0.2908028340298875,0.5364013653592713,70
chr02,5587225,0.0011797385620915023,1.1334674198534596,0.2908028340298875,0.5364013653592713,70
chr02,5599234,0.0013129870129870134,1.3469455437750362,0.2499935992419218,0.6020711107259616,68
chr02,5601792,0.001321008403361344,1.4053165231772986,0.24002293504272582,0.6197472579275634,69
chr02,5601818,0.001321008403361344,1.4053165231772986,0.24002293504272582,0.6197472579275634,69
chr02,5651054,0.0009995904995904997,0.8194775445391026,0.3685292592147307,0.43352802582107314,70
chr02,5666332,-0.0005815972222222221,0.272357132700472,0.6035020643338703,0.21932124002019393,68
chr02,5722559,-0.001349294354838709,1.5271403756528021,0.22128003775254954,0.6550577631398508,63
chr02,5723082,0.0007785527462946817,0.4656538030295132,0.49738152155043214,0.30331035344033186,68
chr02,5748487,-0.0007599681020733646,0.4748444388365409,0.49307764578520574,0.30708468623827534,71
chr02,5755161,0.0007379197379197378,0.4359306915403488,0.5113234934467852,0.2913042525699639,70
chr02,5785123,0.0002271889400921657,0.04054437405971345,0.8410585587960279,0.07517376534760908,66
chr02,5873440,-0.0013843137254901956,1.4201092742694434,0.23792713363366566,0.6235560274229439,64
chr02,5930174,0.001176470588235294,1.0941304460446557,0.2993736701168825,0.5237863984678579,68
chr02,5930207,0.001176470588235294,1.0941304460446557,0.2993736701168825,0.5237863984678579,68
chr02,5930210,0.001176470588235294,1.0941304460446557,0.2993736701168825,0.5237863984678579,68
chr02,5930217,0.001176470588235294,1.0941304460446557,0.2993736701168825,0.5237863984678579,68
chr02,5936062,0.00035649087221095325,0.08931412864786,0.7660666923601256,0.11573341984106536,63
chr02,5966961,0.0008891096979332276,0.6536886803694524,0.4215758967404254,0.37512422752006064,71
chr02,5966969,0.0008891096979332276,0.6536886803694524,0.4215758967404254,0.37512422752006064,71
chr02,5974349,0.0009999999999999998,0.786148553381084,0.3785869690428999,0.42183433852372076,66
chr02,5984241,0.0008173628173628175,0.5380777969279291,0.4657519790593445,0.33184529103670823,70
chr02,5984298,0.0006022727272727273,0.29653853069116703,0.5878685565694284,0.2307197683762959,69
chr02,5989579,-0.0011313344594594589,1.0197529193417427,0.31621071786065463,0.5000234138824489,69
chr02,6021979,0.0013285714285714285,1.4736412009303568,0.2291644367898533,0.6398527780845925,67
chr02,6130899,0.0008448963317384368,0.587859269180533,0.44586352202600943,0.3507980576590389,71
chr02,6133736,-0.0008448963317384368,0.5878592691805344,0.44586352202600343,0.3507980576590447,71
chr02,6170353,0.000692095588235294,0.3585205323103654,0.5514425432221116,0.2584997315674342,66
chr02,6355824,-1.7402376910017127e-05,0.0002372231555150825,0.9877572006349734,0.0053497956787746355,69
chr02,6368899,-0.00017455357142857138,0.024096755907310273,0.8771200231572378,0.05694097467459274,67
chr02,6377722,4.586404586404595e-05,0.001698710799839459,0.967244938259677,0.014463534330049677,70
chr02,6410536,-0.0009382591093117407,0.5967059898180614,0.442772388556293,0.353819469707336,64
chr02,6417473,-0.0007025862068965517,0.3796555294947855,0.5398754694270222,0.2677064053209641,69
chr02,6422348,-0.00046923076923076926,0.17118591036921785,0.680381428971327,0.16724754897679098,69
chr02,6506510,-0.00037882547559966876,0.11425940825939487,0.7363873802437262,0.13289366277730424,70
chr02,6569978,0.0011875000000000004,1.108128615261136,0.296327919594338,0.5282274279849352,68
chr02,6570229,0.0007256097560975608,0.42428557396886946,0.516969954433804,0.28653469675669785,71
chr02,6599957,-0.0014102564102564106,1.6798958873939993,0.19932013193782472,0.7004488340243087,70
chr02,6600034,-0.0014324561403508773,1.663843173657471,0.20158672355532184,0.695538073796595,68
chr02,6616605,0.0013041666666666661,1.362510872959855,0.24717969290599703,0.6069872116622387,70
chr02,6633078,-0.0012064102564102565,1.1480357695360148,0.28780518546889416,0.5409013855201953,69
chr02,6633419,0.0011875000000000002,1.1577101364012155,0.28568879102237815,0.5441067987934048,71
chr02,6651634,0.0011875000000000002,1.1577101364012155,0.28568879102237815,0.5441067987934048,71
chr02,6651671,0.0011875000000000002,1.1577101364012155,0.28568879102237815,0.5441067987934048,71
chr02,6696483,0.000673544973544973,0.32503358018505973,0.5707269924473,0.24357158707308482,62
chr02,6696886,-0.0012430555555555554,1.1723206981152843,0.2829252062175108,0.5483283588932334,67
chr02,6716156,0.0015269230769230772,1.9225019231952212,0.17017764260809246,0.7690974967174787,69
chr02,6717653,-0.0010892857142857143,0.939885967268977,0.3358466415417819,0.4738589902777928,68
chr02,6717665,-0.0010892857142857143,0.939885967268977,0.3358466415417819,0.4738589902777928,68
chr02,6717802,0.0010283882783882782,0.8198768447204863,0.3685603378470511,0.4334914026518311,67
chr02,6724492,0.0012307692307692306,1.21443874336124,0.2743400735665662,0.561710749239568,70
chr02,6724759,-0.001357206012378427,1.441893769643624,0.2341250314072213,0.6305521513573064,68
chr02,6724823,-0.00109981684981685,0.9502405939690832,0.33327199961302734,0.47720117276124463,67
chr02,6724882,-0.00109981684981685,0.9502405939690832,0.33327199961302734,0.47720117276124463,67
chr02,6724886,-0.001253629764065336,1.2118663055001913,0.2750228648801082,0.5606311982480485,67
chr02,6782467,-0.0015269230769230772,1.9225019231952238,0.17017764260809246,0.7690974967174787,69
chr02,6790234,0.0012767695099818509,1.2202809266117833,0.27337794917481384,0.5632365188022657,67
chr02,6790326,0.0012767695099818509,1.2202809266117833,0.27337794917481384,0.5632365188022657,67
chr02,6819110,0.0011833333333333333,1.1022381354223973,0.29772380807729887,0.526186434741362,66
chr02,6856728,0.0013894308943089427,1.5816348875711015,0.21276514291145804,0.6720995205554777,71
chr02,6893704,-0.0011588709677419354,1.1016808251485546,0.2975599751515342,0.5264254862304658,71
chr02,6960692,-0.0014605734767025092,1.6931426343390934,0.19778077611228212,0.7038159232246229,67
chr02,7024738,0.0014481658692185,1.7560349194582237,0.18949132097210938,0.7224106766734234,71
chr02,7254868,-0.002068181818181817,3.526989945003236,0.06473000474779142,1.1888943611276044,69
chr02,7298253,0.0022211302211302235,4.18482547001202,0.04465811298228372,1.3500996318847225,70
chr02,7312117,0.0022850506756756754,4.3063964516686575,0.04181217938883835,1.3786971949973317,69
chr02,7315409,0.0021010101010101004,3.6924268441192503,0.058914976681066863,1.2297742898792485,69
chr02,7335060,-0.0015499999999999997,1.9843007439939695,0.1638544557270942,0.7855417442640351,65
chr02,7338465,-0.0021021462639109717,3.8202721977140346,0.05468913883305015,1.2620989152247197,71
chr02,7350141,0.0022449494949494946,4.2245328354137754,0.0437445816207168,1.3590757327663356,69
chr02,7363925,0.0021021462639109713,3.820272197714033,0.05468913883305015,1.2620989152247197,71
chr02,7373078,-0.0017495519713261653,2.559848916979862,0.11445882046248258,0.9413507339585973,67
chr02,7411701,0.0014986607142857143,1.8969613419790963,0.17314333037685362,0.7615942331720859,67
chr02,7418841,-0.0021021462639109717,3.8202721977140346,0.05468913883305015,1.2620989152247197,71
chr02,7419462,-0.0019407563025210083,3.115857938544485,0.08209046683901905,1.0857072745443883,69
chr02,7419739,0.001726406926406927,2.483692125365728,0.11981355046455058,0.92149406208703,68
chr02,7421707,0.0020663006756756756,3.6935802716641857,0.05887648785870154,1.2300581047350772,69
chr02,7425382,-0.0021021462639109717,3.8202721977140346,0.05468913883305015,1.2620989152247197,71
chr02,7448806,0.0022211302211302235,4.18482547001202,0.04465811298228372,1.3500996318847225,70
chr02,7461613,0.0019411764705882354,3.10216237213518,0.08281999154668253,1.0818648181614519,68
chr02,7528788,0.0016919642857142858,2.192294642574118,0.14353374805412894,0.8430459743968978,67
chr02,7528793,0.0016919642857142858,2.192294642574118,0.14353374805412894,0.8430459743968978,67
chr02,7529075,-0.0015760368663594474,1.8593383010432192,0.17747848343179284,0.7508542910216188,66
chr02,7529084,0.0015760368663594474,1.8593383010432192,0.17747848343179284,0.7508542910216188,66
chr02,7529092,0.0015760368663594474,1.8593383010432192,0.17747848343179284,0.7508542910216188,66
chr02,7560460,-0.0018663865546218487,2.8223943804128804,0.09761505413420293,1.0104832005377071,69
chr02,7582825,0.00182483552631579,2.787914451001141,0.09957540175391498,1.0018479326800567,70
chr02,7608661,0.0014327094474153304,1.5694822359649891,0.21477058403570887,0.6680252018635711,67
chr02,7662736,0.0014578853046594983,1.6876775411702678,0.19849673931747988,0.7022466229464918,67
chr02,7673904,0.001504504504504505,1.8581794164109844,0.17733176915582605,0.7512134531576374,70
chr02,7678407,0.001504504504504505,1.8581794164109844,0.17733176915582605,0.7512134531576374,70
chr02,7703848,0.0017829861111111108,2.7249909231707807,0.103539808558166,0.9848926423501931,68
chr02,7756835,-0.0010650201612903223,0.8292595360029618,0.36607121891148675,0.436434414683821,63
chr02,7774441,-0.0016545045045045037,2.2276625435091746,0.14039688229580183,0.8526425362002527,67
chr02,7923450,0.0012604166666666668,1.215196099860531,0.27449894252049933,0.5614593242863719,65
chr02,7923458,-0.0012604166666666668,1.215196099860531,0.27449894252049933,0.5614593242863719,65
chr02,7928648,0.0017537878787878788,2.541252520939387,0.11561371712302324,0.9369906354879901,69
chr02,7928721,0.0018142857142857145,2.5991777354829604,0.11176455177895461,0.9516959192397231,67
chr02,7936394,-0.001477310924369748,1.780666650121346,0.18658504054620467,0.7291231787495907,69
chr02,7942759,-0.0014843749999999996,1.8154212514870711,0.18246681961932687,0.7388160975984158,68
chr02,7942785,0.0014843749999999996,1.8154212514870711,0.18246681961932687,0.7388160975984158,68
chr02,7942895,0.0019915329768270948,3.240903391813567,0.07646123410374425,1.1165586966371464,67
chr02,7996783,0.0017499999999999992,2.4247738307538067,0.12421306433756525,0.9058327240360146,68
chr02,7996797,0.0017499999999999992,2.4247738307538067,0.12421306433756525,0.9058327240360146,68
chr02,8002722,0.0014321428571428564,1.72484771210211,0.19342087790303739,0.7134966498563808,71
chr02,8010626,0.001626559714795009,2.0513128326326484,0.1568666432892734,0.8044693966013364,67
chr02,8041207,0.0015661764705882345,2.032891221049183,0.1585021480817583,0.7999648476813542,70
chr02,8041246,0.0015661764705882345,2.032891221049183,0.1585021480817583,0.7999648476813542,70
chr02,8041389,0.0016780303030303027,2.286401285010876,0.13521494542975665,0.8689753027808671,69
chr02,8054642,0.0015808823529411752,2.0784156559476625,0.1539848831791085,0.812521912112496,70
chr02,8073664,-0.0013285714285714285,1.4560750255003523,0.2317368274191367,0.6350049430163497,70
chr02,8108382,0.001693181818181818,2.3361990180329757,0.1311053061092362,0.8823797311373087,69
chr02,8122519,0.0009447702834799606,0.6923955997674739,0.40854436197631805,0.3887607785061779,64
chr02,8122549,0.0009447702834799606,0.6923955997674739,0.40854436197631805,0.3887607785061779,64
chr02,8137579,-0.0014857142857142857,1.81691699604743,0.18215412417316526,0.7395609913977907,70
chr02,8137834,-0.0013853174603174602,1.6113093766159081,0.2085727106982681,0.6807425145501619,71
chr02,8147921,-0.0012907834101382493,1.354454690805577,0.24882130459899396,0.6041124371899687,66
chr02,8151407,-0.0012684873949579828,1.3380345470886397,0.25148855631518585,0.5994817722074217,69
chr02,8168321,0.0014558823529411764,1.6562101543897363,0.20261119319995366,0.6933365658331129,68
chr02,8168935,0.0016508403361344536,2.2282226957937863,0.14020386337154278,0.8532400190524873,69
chr02,8168972,0.0016508403361344536,2.2282226957937863,0.14020386337154278,0.8532400190524873,69
chr02,8204393,-0.0010303030303030303,0.7915859751987422,0.3769531933511143,0.4237125732195147,66
chr02,8208058,-0.001010822510822511,0.7842961076428534,0.3790457655077104,0.4213083506980809,68
chr02,8208149,-0.001010822510822511,0.7842961076428534,0.3790457655077104,0.4213083506980809,68
chr02,8208152,-0.001010822510822511,0.7842961076428534,0.3790457655077104,0.4213083506980809,68
chr02,8208200,-0.0008714285714285711,0.6132109309111355,0.4363002082617867,0.36021457970874904,70
chr02,8208209,-0.0008714285714285711,0.6132109309111355,0.4363002082617867,0.36021457970874904,70
chr02,8208367,0.001067741935483871,0.8820672644621375,0.3511672525443552,0.45448599021009034,66
chr02,8221063,0.0003970588235294117,0.12643412360135067,0.7232922482330639,0.1406861893583595,68
chr02,8222638,0.0005909090909090909,0.2729689410339527,0.6031510049158484,0.21957394425847776,66
chr02,8236666,-0.00016840277777777795,0.022748553703682117,0.8805728235176402,0.055234721986250054,68
chr02,8241488,9.017857142857151e-05,0.006319934285989181,0.9368807590400159,0.028315680175503663,67
chr02,8263159,1.0138248847926195e-05,7.767852433754515e-05,0.9929953177300584,0.00305279932817636,66
chr02,8263391,0.00034332770270270265,0.09334139403065046,0.760918685638859,0.11866175093663238,69
chr02,8265214,7.034976152623241e-05,0.004054301264587836,0.9494143927322609,0.02254418884177791,71
chr02,8266939,-0.000525283347863993,0.21762241117991993,0.6423937041225183,0.19219872407783095,68
chr02,8266991,-0.000525283347863993,0.21762241117991993,0.6423937041225183,0.19219872407783095,68
chr02,8283518,-0.00013611111111111059,0.015203304140559655,0.9022266719491416,0.04468433827897045,71
chr02,8289779,-0.00013611111111111059,0.015203304140559655,0.9022266719491416,0.04468433827897045,71
chr02,8289780,-5.71428571428569e-05,0.0026179018286813472,0.9593436968527684,0.018025773532912254,70
chr02,8289785,-0.00013611111111111059,0.015203304140559655,0.9022266719491416,0.04468433827897045,71
chr02,8289900,-0.00022140522875816973,0.039290239086084984,0.8434661757016058,0.07393232860619314,70
chr02,8289912,-0.00022140522875816973,0.039290239086084984,0.8434661757016058,0.07393232860619314,70
chr02,8292021,-0.0004027777777777777,0.1289682717206639,0.7206334807013882,0.14228556438097492,69
chr02,8397725,-0.0002155462184873947,0.03666623856206916,0.8487252963874372,0.07123285341689745,69
chr02,8429165,0.0001537433155080213,0.018455522507429017,0.8923588476611347,0.04946046600561519,67
chr02,8517518,0.0006755050505050502,0.37280218014064387,0.5435464985416216,0.26476329758274303,69
chr02,8517716,0.0007632034632034636,0.46565871108079177,0.49737926287498946,0.30331232563364013,68
chr02,8517728,0.0007632034632034636,0.46565871108079177,0.49737926287498946,0.30331232563364013,68
chr02,8546316,-0.0010460829493087556,0.8715588571583232,0.35403301916462004,0.4509562312729319,66
chr02,8565840,0.001260584677419355,1.1811336908497576,0.28140121952242036,0.5506740247736609,63
chr02,8570730,-0.0009455484896661368,0.7402307805506892,0.39256663898043953,0.4060866102946423,71
chr02,8570740,0.000945548489666137,0.7402307805506892,0.39256663898043953,0.4060866102946423,71
chr02,8598485,-0.0008437499999999999,0.5531044155008114,0.459691477022277,0.33753354827602977,68
chr02,8598488,-0.0008437499999999999,0.5531044155008114,0.459691477022277,0.33753354827602977,68
chr02,8598510,-0.0008437499999999999,0.5531044155008114,0.459691477022277,0.33753354827602977,68
chr02,8610365,0.0006087557603686634,0.2806919509281982,0.5980812661179731,0.22323980091344242,66
chr02,8614245,-0.0009413489736070379,0.6127500667560845,0.4367339894943777,0.3597830071273896,64
chr02,8625512,0.001040962837837838,0.8506899965398972,0.35966672094556684,0.4440997444954402,69
chr02,8639721,-0.00098935298935299,0.7912599818575481,0.3768555607540096,0.42382507204148423,70
chr02,8640747,-0.0009015151515151509,0.6700780662324775,0.41584255842046325,0.3810710658911783,71
chr02,8657856,-0.0009015151515151509,0.6700780662324775,0.41584255842046325,0.3810710658911783,71
chr02,8691087,-0.0006590909090909094,0.34381989563156373,0.5596029387873,0.2521200134515527,69
chr02,8691191,-0.00035353535353535326,0.10264792885995175,0.7496719531979206,0.12512873671854763,69
chr02,8693917,-0.00031186868686868723,0.07925629972819695,0.7791754738335533,0.10836472623517568,69
chr02,8711962,-0.00044354838709677444,0.1492044075721847,0.7005583468171419,0.1545556881505566,67
chr02,8711986,0.00044354838709677444,0.1492044075721847,0.7005583468171419,0.1545556881505566,67
chr02,8738264,0.0004485645933014352,0.1646900876463713,0.6861304054982018,0.1635933347218337,71
chr02,8742661,-0.0008477678571428568,0.5512868983473327,0.4604672061325005,0.3368012942463689,67
chr02,8742693,-0.0008477678571428568,0.5512868983473327,0.4604672061325005,0.3368012942463689,67
chr02,8887656,-0.0009635416666666668,0.7179287191510902,0.39988631464612356,0.39806345852057273,68
chr02,8977329,-0.0003186274509803926,0.07912855244209777,0.7793754156055626,0.10825329758776954,67
chr02,9079177,0.0007468805704099826,0.421480233591219,0.5184868560232894,0.2852622487810354,67
chr02,9116730,-0.0003529411764705885,0.10219099435468953,0.7501819432442425,0.12483339345610786,71
chr02,9159113,-0.00027698412698412664,0.06300300666302953,0.8025569972773222,0.09552411440719219,71
chr02,9185116,-0.0006120071684587813,0.28200944004509115,0.5971971555699143,0.22388226947218348,67
chr02,9185127,-0.0002467320261437907,0.04857925843743286,0.8262145716124645,0.08290714981564189,70
chr02,9185254,-0.0001911764705882351,0.029143719383075355,0.864954563998492,0.06300670539414734,70
chr02,9185270,-0.0001911764705882351,0.029143719383075355,0.864954563998492,0.06300670539414734,70
chr02,9186793,-0.00024242424242424212,0.043674361571679726,0.8351243835317352,0.07824883582362176,66
chr02,9326363,-0.00010606060606060623,0.00874778896059054,0.9257619531808431,0.03350067175276497,69
chr02,9342408,-0.00022857142857142857,0.04366365341975102,0.8351053379681865,0.07825874030927164,70
chr02,9342731,-6.060606060606041e-05,0.0027415311420414612,0.9584027228143024,0.018451961125937638,67
chr02,9414726,-0.0009007820136852394,0.5787737782003491,0.4496771012763905,0.347099227269748,64
chr02,9503643,5.405405405405442e-05,0.0023264797670047993,0.9616735690246891,0.016972320092477018,69
chr02,9601440,-0.00032170880557977355,0.08246018884508635,0.774890363130458,0.11075974014623771,68
chr02,9609476,-0.00032472178060413334,0.08648326459427093,0.7695793372257234,0.11374660137736127,71
chr02,9675344,0.001171428571428571,1.1182219265722961,0.2940438640206803,0.5315878788355317,70
chr02,9675460,0.0014277310924369745,1.7041520835165005,0.19621098559511735,0.7072766806982882,69
chr02,9675865,-0.001171428571428571,1.1182219265722961,0.2940438640206803,0.5315878788355317,70
chr02,9736482,-0.00037881429816913684,0.11332165031502477,0.737461766928579,0.13226049039028434,68
chr02,9746308,0.0007175239755884919,0.42784665175025527,0.5153202330249179,0.28792280549435323,68
chr02,9746633,0.00044383445945945946,0.16017366694898097,0.690269899500842,0.16098106441512394,69
chr02,9747138,-0.00034932088285229206,0.09814406761672363,0.7550414817536459,0.12202918770614749,69
chr02,9795367,-0.00010885167464114805,0.009676387803874573,0.9219247897903466,0.035304507049766426,71
chr02,9824500,-0.0002788177339901476,0.0548150185563424,0.8156585086318082,0.08849162906289601,64
chr02,9824526,-0.00019588122605364015,0.027669642048739014,0.8684205691755751,0.06126989851373056,65
chr02,9824527,-0.00019588122605364015,0.027669642048739014,0.8684205691755751,0.06126989851373056,65
chr02,9828309,-0.0003405529953917053,0.08763750415586681,0.7681608058596039,0.11454785576644824,66
chr02,9843411,-0.0007638888888888888,0.4575493035371677,0.5012089031746547,0.2999812230624012,66
chr02,9886613,3.530950305143845e-05,0.0009512875802816273,0.9754878679269313,0.010778127525385277,68
chr02,9886622,3.530950305143845e-05,0.0009512875802816273,0.9754878679269313,0.010778127525385277,68
chr02,9909549,-0.00020385304659498247,0.03339655012932945,0.8555651570961426,0.0677469103896654,67
chr02,9911575,-0.00033627450980392153,0.08208425445351579,0.7754477389251573,0.11044746601443038,64
chr02,9911610,-0.00033627450980392153,0.08208425445351579,0.7754477389251573,0.11044746601443038,64
chr02,9911684,-0.00033627450980392153,0.08208425445351579,0.7754477389251573,0.11044746601443038,64
chr02,9912976,-0.00018673218673218665,0.027874601387219925,0.8678994620099203,0.061530580841013885,70
chr02,9943832,-0.00044383445945945973,0.16017366694898097,0.690269899500842,0.16098106441512394,69
chr02,9943851,-0.00044383445945945973,0.16017366694898097,0.690269899500842,0.16098106441512394,69
chr02,9956240,-0.00010885167464114805,0.009676387803874573,0.9219247897903466,0.035304507049766426,71
chr02,10069807,-0.00010885167464114805,0.009676387803874573,0.9219247897903466,0.035304507049766426,71
chr02,10069924,-0.00010885167464114805,0.009676387803874573,0.9219247897903466,0.035304507049766426,71
chr02,10071514,-0.0006166666666666668,0.3017441830430761,0.5847026848677378,0.23306491194249027,66
chr02,10071584,-0.0009137931034482755,0.6797359930349272,0.4127882981590494,0.3842726227107528,65
chr02,10082532,-0.0003659539473684213,0.11121349084551557,0.7397929537576287,0.1308898094882556,70
chr02,10082789,8.165322580645196e-05,0.004599466607090416,0.9461512389247645,0.02403943761442446,63
chr02,10082825,8.165322580645196e-05,0.004599466607090416,0.9461512389247645,0.02403943761442446,63
chr02,10089092,-0.00010885167464114805,0.009676387803874573,0.9219247897903466,0.035304507049766426,71
chr02,10089151,-0.00010885167464114805,0.009676387803874573,0.9219247897903466,0.035304507049766426,71
chr02,10100765,-0.00010885167464114805,0.009676387803874573,0.9219247897903466,0.035304507049766426,71
chr02,10100852,-0.00013267813267813232,0.013999494490939372,0.9061633612552472,0.04279350155470247,70
chr02,10100887,-0.0003659539473684213,0.11121349084551557,0.7397929537576287,0.1308898094882556,70
chr02,10103272,-0.0005302419354838705,0.19367767427177932,0.6614286422916249,0.17951700246757366,63
chr02,10103374,-0.0005302419354838705,0.19367767427177932,0.6614286422916249,0.17951700246757366,63
chr02,10103411,-0.00047048611111111103,0.17516345008870524,0.676921869965294,0.1694614545069454,68
chr02,10103570,-0.0003897804054054053,0.12286306297592714,0.7270494277592439,0.13843606304275544,69
chr02,10132637,-0.0005360360360360359,0.212165089109499,0.646613076770604,0.18935551668720982,67
chr02,10132709,-0.0005360360360360359,0.212165089109499,0.646613076770604,0.18935551668720982,67
chr02,10137341,-0.00046256684491978635,0.16099522974644925,0.6895579421076139,0.16142923510040047,67
chr02,10273247,0.0006571428571428571,0.3479758162031439,0.557216343746117,0.25397615374366767,70
chr02,10292473,0.0008169934640522874,0.5616323812122743,0.4561881168477865,0.3408560317613639,70
chr02,10333061,0.0006996031746031743,0.4039183528489993,0.5271748135490923,0.27804534689268895,71
chr02,10333071,0.0006996031746031743,0.4039183528489993,0.5271748135490923,0.27804534689268895,71
chr02,10333261,-0.0006996031746031743,0.4039183528489993,0.5271748135490923,0.27804534689268895,71
chr02,10339297,-0.0009428571428571429,0.7506842649473852,0.38930656474166025,0.40970827286277806,70
chr02,10349929,-0.00038762626262626304,0.12383643067095465,0.7260146704549055,0.13905460349654514,69
chr02,10357047,0.000936995967741935,0.6270171585321588,0.43152007924691416,0.3649989911347547,63
chr02,10390824,-0.0018201680672268901,2.8460369867169546,0.09625048315225941,1.0165970817692431,69
chr02,10404729,-0.002215151515151515,4.036251662078808,0.048625783061137136,1.3131333918072632,68
chr02,10406239,-0.0018382352941176468,2.840759288540191,0.09648489143915347,1.0155406874677697,70
chr02,10584628,-0.0016941176470588236,2.3429475481186546,0.13055940413053863,0.8841918406935347,69
chr02,10589414,-0.0018235930735930736,2.2464508531246308,0.13925314227629706,0.8561949960977937,61
chr02,10594835,0.00186969696969697,2.837963177511289,0.09678450226270054,1.0141941790617894,68
chr02,10604874,-0.002090909090909091,3.5527365156355684,0.06398929049919905,1.1938927051769161,66
chr02,10627024,-0.0015529411764705883,1.957791738749506,0.1663623668859876,0.7789449094286994,69
chr02,10627147,0.0015529411764705883,1.957791738749506,0.1663623668859876,0.7789449094286994,69
chr02,10627148,0.0015529411764705883,1.957791738749506,0.1663623668859876,0.7789449094286994,69
chr02,10627161,0.0015543650793650788,2.040894407137125,0.15763089075160464,0.802358670296022,71
chr02,10690231,-0.0017212121212121217,2.430541997490344,0.12377436175557044,0.9073693044369834,68
chr02,10690402,0.0013030303030303035,1.3443138247847797,0.2503900617196302,0.601382912785807,69
chr02,10718232,-0.0010295138888888886,0.8215623772218476,0.3680210806086688,0.4341273037998361,68
chr02,10718283,-0.000953282828282828,0.7256572111098473,0.3973291271539713,0.400849596790669,69
chr02,10718429,-0.0006996031746031741,0.40391835284899913,0.5271748135490923,0.27804534689268895,71
chr02,10718433,-0.0006996031746031741,0.40391835284899913,0.5271748135490923,0.27804534689268895,71
chr02,10719756,0.0007933006535947706,0.5078849394808468,0.4784942502778946,0.32012327646098415,70
chr02,10727545,0.0005857142857142857,0.2782001732849182,0.5996000904436665,0.22213831031478165,70
chr02,10727546,0.0005857142857142857,0.2782001732849182,0.5996000904436665,0.22213831031478165,70
chr02,10728687,-0.0006996031746031741,0.40391835284899913,0.5271748135490923,0.27804534689268895,71
chr02,10728688,-0.0006996031746031741,0.40391835284899913,0.5271748135490923,0.27804534689268895,71
chr02,10779027,-0.0009598689598689607,0.7442930134859904,0.391321658786014,0.407466114197615,70
chr02,10807752,0.0012888513513513514,1.3726504970093867,0.24550660050103665,0.6099368272776987,69
chr02,10807753,0.0012888513513513514,1.3726504970093867,0.24550660050103665,0.6099368272776987,69
chr02,10807755,0.0012888513513513514,1.3726504970093867,0.24550660050103665,0.6099368272776987,69
chr02,10807967,-0.0012888513513513514,1.3726504970093867,0.24550660050103665,0.6099368272776987,69
chr02,10808197,0.0013044763513513505,1.409370862792016,0.23935295704886234,0.6209612027252928,69
chr02,10818003,-0.001071546052631579,0.9262055096831338,0.33926077363852825,0.4694663518997081,70
chr02,10818040,-0.001071546052631579,0.9262055096831338,0.33926077363852825,0.4694663518997081,70
chr02,10830694,0.0014801587301587298,1.690406967629461,0.19835999659495446,0.702545907836022,64
chr02,10872683,-0.0008619983619983624,0.6034511487873978,0.4399582187773975,0.35658856491380153,70
chr02,10872685,-0.0008619983619983624,0.6034511487873978,0.4399582187773975,0.35658856491380153,70
chr02,10900571,-0.0021597490347490347,3.7490720104994204,0.057325855614203766,1.241649454508983,65
chr02,10901976,-0.00133173076923077,1.4719714371109067,0.22917195201692353,0.639838536048713,71
chr02,10944700,-0.0009478337754199823,0.7232344544173982,0.3981597292861119,0.3999426675463011,68
chr02,10944745,0.0009478337754199823,0.7232344544173982,0.3981597292861119,0.3999426675463011,68
chr02,10969031,-0.0008587719298245616,0.5829500379745831,0.447879068953447,0.3488392332695907,68
chr02,11039476,0.0011508282476024407,1.029905320113533,0.31388687212857463,0.5032268476683653,68
chr02,11058781,0.0009457236842105268,0.7246735342907658,0.39760307430064556,0.4005502662600253,70
chr02,11096421,-0.0016184210526315793,2.150375719824839,0.14714447548175577,0.8322560387823665,70
chr02,11096650,-0.0015047846889952152,1.8998849504818933,0.1725442309329953,0.763099556893219,71
chr02,11096651,-0.0015047846889952152,1.8998849504818933,0.1725442309329953,0.763099556893219,71
chr02,11096662,-0.0015047846889952152,1.8998849504818933,0.1725442309329953,0.763099556893219,71
chr02,11096840,-0.0021417748917748917,3.4167825864318955,0.06954986613917465,1.1577037015464673,61
chr02,11136884,-0.00169654605263158,2.4051094321210984,0.12558167515982094,0.9010737280955207,70
chr02,11158565,0.001985087719298246,3.172885966663427,0.07947120567741743,1.0997901981435778,68
chr02,11158584,0.001985087719298246,3.172885966663427,0.07947120567741743,1.0997901981435778,68
chr02,11158590,0.001985087719298246,3.172885966663427,0.07947120567741743,1.0997901981435778,68
chr02,11158625,0.001985087719298246,3.172885966663427,0.07947120567741743,1.0997901981435778,68
chr02,11191896,0.0015047846889952147,1.8998849504818933,0.1725442309329953,0.763099556893219,71
chr02,11281819,-0.0017232597623089985,2.3788271073438674,0.12770011321249153,0.8938087177127902,69
chr02,11282783,0.0017094594594594592,2.354038051231549,0.12966788234850196,0.8871675817119145,69
chr02,11282793,0.001611111111111111,2.0520845006960835,0.15671751872700487,0.8048824530451,68
chr02,11282886,-0.0017094594594594592,2.354038051231549,0.12966788234850196,0.8871675817119145,69
chr02,11282898,0.0017094594594594592,2.354038051231549,0.12966788234850196,0.8871675817119145,69
chr02,11292836,-0.0016254222972972973,2.15953116963594,0.14636815249811727,0.8345534089261963,69
chr02,11298173,0.0013789682539682541,1.4382648160599383,0.23498366400907866,0.6289623286955662,64
chr02,11298185,0.0014367760617760615,1.6000311071365183,0.21055782552531607,0.6766286130928889,65
chr02,11298219,0.0014367760617760615,1.6000311071365183,0.21055782552531607,0.6766286130928889,65
chr02,11302307,-0.0015047846889952152,1.8998849504818933,0.1725442309329953,0.763099556893219,71
chr02,11302665,0.0017499999999999998,2.55064081498521,0.11502682370914437,0.9392008724249197,68
chr02,11341768,0.002342171717171717,4.555533837634782,0.03647506467557909,1.4380039293667326,69
chr02,11386819,-0.0022714626391096993,4.50223202376218,0.03744367870396741,1.426621489999374,71
chr02,11423675,-0.00199563492063492,3.4299387195658113,0.0683028237499728,1.165561341506144,71
chr02,11423679,-0.00199563492063492,3.4299387195658113,0.0683028237499728,1.165561341506144,71
chr02,11423700,0.00199563492063492,3.4299387195658113,0.0683028237499728,1.165561341506144,71
chr02,11423713,0.00199563492063492,3.4299387195658113,0.0683028237499728,1.165561341506144,71
chr02,11471174,0.0016570208728652757,2.197302193021209,0.14323764758239155,0.8439428200978318,65
chr02,11482295,0.0018547619047619044,2.9428634240886624,0.09074532287236613,1.042175749796734,71
chr02,11556002,0.0016016806722689073,2.1549760989788806,0.14678780959034268,0.8333100101384585,69
chr02,11569268,0.0017968750000000003,2.402305181678083,0.1262464846014149,0.8987807061951476,64
chr02,11574630,0.001723412698412698,2.5260917834697887,0.1165491771838997,0.9334907881730344,71
chr02,11574661,0.001723412698412698,2.5260917834697887,0.1165491771838997,0.9334907881730344,71
chr02,11574728,0.0015142857142857145,1.9706992963704277,0.1649242367103194,0.7827155172112111,70
chr02,11581800,0.0015329768270944749,1.8958764008000824,0.1732645365995079,0.7612903186202675,67
chr02,11606258,-0.0019576648841354728,2.9866455334373954,0.08870214061349192,1.0520658993857503,67
chr02,11651504,-0.0015142857142857145,1.9706992963704277,0.1649242367103194,0.7827155172112111,70
chr02,11675467,-0.0020248161764705877,3.3428779780574733,0.07215729071473961,1.1417197815876168,66
chr02,11702019,-0.0015381558028616856,1.9940628220168595,0.16241093983813015,0.7893847204685246,71
chr02,11706855,0.001727731092436975,2.4168707819043025,0.12474580782027453,0.9039740402625973,69
chr02,11743647,-0.0013152573529411767,1.4041371833030416,0.24041365158417888,0.6190408751079627,66
chr02,11777354,-0.0017548491379310348,2.1609489825466697,0.1468701088648789,0.8330665832155987,61
chr02,11777356,-0.0017548491379310348,2.1609489825466697,0.1468701088648789,0.8330665832155987,61
chr02,11792967,-0.0019184027777777778,2.9146189927811634,0.09248089717663209,1.033947965721009,68
chr02,11805992,-0.0016756628787878787,2.177251639747795,0.14504504027506082,0.8384971170371147,65
chr02,11853088,0.0015774891774891777,2.040187207788135,0.15790616703264096,0.8016009082694494,68
chr02,11853487,0.0017152217741935479,2.171755722738376,0.14570770097380162,0.8365174942008821,63
chr02,11874278,0.0012361111111111104,1.2441769791259731,0.26859401976204544,0.5709036611135322,70
chr02,11883680,0.0012222222222222213,1.218060695780902,0.2736319250427908,0.5628332342140937,70
chr02,11915835,0.0012861607142857145,1.2619178549326395,0.2654203275837384,0.5760658191528906,67
chr02,11915864,0.0012861607142857145,1.2619178549326395,0.2654203275837384,0.5760658191528906,67
chr02,11961086,0.0005855614973262035,0.27269563117012646,0.6033044210978551,0.21946349210218144,67
chr02,11961125,0.0006212121212121214,0.29805625124670254,0.5870016116114484,0.2313607063963409,66
chr02,11961205,0.0006212121212121214,0.29805625124670254,0.5870016116114484,0.2313607063963409,66
chr02,12032736,0.001122222222222222,1.048976052048093,0.3093204007364763,0.5095914358484189,71
chr02,12084488,-0.001157142857142857,1.064915571751399,0.30580747869939656,0.5145518978701864,69
chr02,12212664,-0.0001452762923351162,0.01656992620926604,0.8979733361170532,0.04673655882172977,67
chr02,12212854,-0.0006427364864864865,0.3461794173354584,0.5582621316947389,0.25316183042251994,69
chr02,12215046,-0.0006316477768090674,0.31729993267566803,0.5751436229124672,0.24022369122390064,68
chr02,12228275,0.00020255183413078143,0.033517020485020116,0.8552748478682496,0.0678942996213455,71
chr02,12234319,-0.00014215686274509826,0.01500637760975485,0.9028988508943218,0.044360899696398906,64
chr02,12304537,-0.0004873737373737377,0.19430374794606323,0.6607775879433027,0.17994469570828212,69
chr02,12307664,-0.0008082251082251082,0.5131220646792943,0.47631752153893714,0.3221034424906903,68
chr02,12313296,0.0009404761904761908,0.631756690531564,0.42969590546097813,0.36683878465488073,65
chr02,12339789,0.0005,0.20250887343803214,0.6541346880985994,0.1843328200617886,70
chr02,12339955,-0.0005,0.20250887343803214,0.6541346880985994,0.1843328200617886,70
chr02,12340008,-0.0005,0.20250887343803214,0.6541346880985994,0.1843328200617886,70
chr02,12349135,0.0005050420168067227,0.20209114537280518,0.6544891746917277,0.18409753232258808,69
chr02,12349226,0.0005050420168067227,0.20209114537280518,0.6544891746917277,0.18409753232258808,69
chr02,12405088,0.0009517973856209144,0.7389945195948698,0.3930037125656588,0.40560334698039097,70
chr02,12405157,0.0008123015873015869,0.545645527562017,0.4626076972086973,0.3347871453927822,71
chr02,12408481,0.000848856209150326,0.5792177729586381,0.4492503142688139,0.3475116104122797,70
chr02,12417687,0.0011823476702508963,1.0629287011458035,0.30636919736265483,0.5137549012061872,67
chr02,12496386,-0.0008123015873015869,0.545645527562017,0.4626076972086973,0.3347871453927822,71
chr02,12496472,0.0008123015873015869,0.545645527562017,0.4626076972086973,0.3347871453927822,71
chr02,12496496,0.0009665032679738554,0.7647032585159832,0.3849387526391098,0.41460836531451134,70
chr02,12520386,0.0008692640692640696,0.6033704298802792,0.4400700409038113,0.35647819633828515,68
chr02,12520468,0.0008692640692640696,0.6033704298802792,0.4400700409038113,0.35647819633828515,68
chr02,12584360,-0.001157142857142857,1.0652821808282018,0.30572489223797916,0.5146691994110241,69
chr02,12620191,-0.0007334821428571431,0.40475518234539265,0.5268776070150113,0.27829025911648253,67
chr02,12624962,-0.0008189075630252103,0.5502548872462646,0.46080600906548363,0.3364818662016735,69
chr02,12628495,-0.0010294117647058826,0.8251431370747996,0.36698576485449264,0.43535078142922967,68
chr02,12649908,-0.0007205882352941178,0.4190958282422774,0.5196340247029606,0.28430241984505206,68
chr02,12654541,0.0011718487394957987,1.0949869203014688,0.29912939263528293,0.5241409108331412,69
chr02,12654563,0.0011718487394957987,1.0949869203014688,0.29912939263528293,0.5241409108331412,69
chr02,12654623,0.0011718487394957987,1.0949869203014688,0.29912939263528293,0.5241409108331412,69
chr02,12697696,-0.0010000000000000002,0.7731187807794433,0.38244412446860543,0.4174320068046092,68
chr03,81454,-0.0023235294117647056,4.63378031768888,0.035008864459289815,1.4558219756977588,68
chr03,92165,0.0022523809523809536,4.207849192363237,0.04420984994234685,1.3544809591796572,68
chr03,103130,-0.0022866161616161614,4.353476558439354,0.04074262587330628,1.389950984036476,69
chr03,103163,-0.0022866161616161614,4.353476558439354,0.04074262587330628,1.389950984036476,69
chr03,127209,-0.002154634581105171,3.9917377612162364,0.04991147671322993,1.3017995806263714,67
chr03,127220,0.002154634581105171,3.9917377612162364,0.04991147671322993,1.3017995806263714,67
chr03,146869,0.0023970588235294123,5.035419022971629,0.028300584656066854,1.5482045923809797,66
chr03,152255,0.0021420168067226887,3.774979588312162,0.05622809268813201,1.2500466479341032,69
chr03,178742,0.002151143790849672,3.913193667424785,0.05196184147092899,1.2843154664040153,70
chr03,249256,0.0023743890518084067,4.391579381531615,0.0402067459687233,1.3957010740001248,64
chr03,260647,-0.0028142361111111107,6.929194081060124,0.010549009575363321,1.976788313460706,68
chr03,260936,0.002566993464052287,5.711763410099986,0.019628772869424268,1.707106850308095,70
chr03,307100,-0.00255050505050505,5.511855537412101,0.02184950365612194,1.6605584242247138,69
chr03,348428,-0.002331092436974789,4.553572711120239,0.036514099148579865,1.437539409513203,69
chr03,353963,-0.0021515151515151517,3.7827595910327334,0.05617958078120248,1.2504215058800756,66
chr03,379261,0.0023142857142857145,4.583257142270115,0.03587384087923878,1.445222122533437,70
chr03,415069,-0.002190285204991088,3.990592254408072,0.04994336591032139,1.3015221919202036,67
chr03,415112,-0.00234469696969697,4.785730047066661,0.03218964060310437,1.4922838721792488,69
chr03,422655,0.002942857142857143,7.823831162493088,0.006699644067045469,2.1739482695117402,70
chr03,442707,-0.0031078431372549,8.681389631756463,0.004399650381379395,2.3565818333934554,70
chr03,442727,-0.0031078431372549,8.681389631756463,0.004399650381379395,2.3565818333934554,70
chr03,442728,-0.0031078431372549,8.681389631756463,0.004399650381379395,2.3565818333934554,70
chr03,442729,-0.0031078431372549,8.681389631756463,0.004399650381379395,2.3565818333934554,70
chr03,453244,0.002841125541125542,6.896318460786845,0.010725663513789757,1.9695758318738443,68
chr03,453562,0.0029642857142857144,7.83702667706134,0.0068750760594928585,2.162722492838016,62
chr03,453736,-0.0027004662004662013,6.120869255646913,0.01636087156468264,1.7861935646225136,59
chr03,569494,0.002163203463203464,3.8339079920479815,0.05445507630049219,1.2639616291032063,68
chr03,569524,0.002163203463203464,3.8339079920479815,0.05445507630049219,1.2639616291032063,68
chr03,569566,0.002163203463203464,3.8339079920479815,0.05445507630049219,1.2639616291032063,68
chr03,593573,0.0024819819819819813,4.889981963078202,0.030535821029433963,1.515190398453149,67
chr03,593901,0.0027146098003629766,5.921291839373965,0.017718024555264517,1.75158470076571,67
chr03,658481,0.0031397435897435907,8.650887816634775,0.004484610282871196,2.3482752916059346,69
chr03,674768,0.0028140120967741935,5.8499596176068245,0.01857663320639079,1.7310329939150106,63
chr03,674769,-0.002814012096774193,5.8499596176068245,0.01857663320639079,1.7310329939150106,63
chr03,674793,0.0028140120967741935,5.8499596176068245,0.01857663320639079,1.7310329939150106,63
chr03,674794,0.0028140120967741935,5.8499596176068245,0.01857663320639079,1.7310329939150106,63
chr03,674858,0.002845262096774193,5.9970423658696195,0.017218897930562204,1.7639946483522793,63
chr03,675180,-0.003178205128205128,8.816981158862818,0.004138003830983482,2.3832091115982164,69
chr03,675206,-0.003178205128205128,8.816981158862818,0.004138003830983482,2.3832091115982164,69
chr03,688740,-0.0032648026315789482,9.634524233533268,0.00278225228175713,2.5556034927453197,70
chr03,688779,0.0032648026315789482,9.634524233533261,0.0027822522817571547,2.5556034927453157,70
chr03,703639,-0.0027232862903225808,5.918161461635836,0.017933444759956126,1.7463362806248117,63
chr03,703660,-0.0027232862903225808,5.918161461635836,0.017933444759956126,1.7463362806248117,63
chr03,797241,-0.002953781512605041,7.56251775177092,0.007654652577044037,2.1160745159123833,69
chr03,851938,-0.0032690972222222214,9.803347957090143,0.002595518163216325,2.5857759276184886,68
chr03,852021,-0.0032690972222222214,9.803347957090143,0.002595518163216325,2.5857759276184886,68
chr03,875682,0.003350929054054054,10.51411247156688,0.001848011727778679,2.7332952770047627,69
chr03,889839,0.002855902777777777,7.244786169918754,0.009001002712613036,2.0457091074164495,68
chr03,889963,0.0028003472222222214,7.010216240192212,0.010126591831359,1.9945366946084242,68
chr03,890148,-0.0028003472222222214,7.010216240192212,0.010126591831359,1.9945366946084242,68
chr03,898464,0.0029728618421052634,8.212208840930709,0.005532202376426929,2.2571019411155344,70
chr03,898525,0.003175039872408293,9.346548908806591,0.0031771640971369973,2.4979603537467767,71
chr03,898540,0.003175039872408293,9.346548908806591,0.0031771640971369973,2.4979603537467767,71
chr03,912213,-0.0032361111111111115,9.399524327784265,0.0031438086867121625,2.5025438903785706,68
chr03,925079,-0.0030434027777777777,7.943719520288766,0.0063620055927072075,2.1964059534492133,68
chr03,937193,-0.003175039872408294,9.346548908806597,0.0031771640971369973,2.4979603537467767,71
chr03,937234,-0.003175039872408294,9.346548908806597,0.0031771640971369973,2.4979603537467767,71
chr03,954447,0.0031384111384111404,8.90091322572779,0.003955706884718495,2.4027758968184285,70
chr03,954463,0.003175039872408293,9.346548908806591,0.0031771640971369973,2.4979603537467767,71
chr03,957141,-0.0030719696969696967,8.331330103992016,0.00523960803206415,2.2807012007794,69
chr03,957216,-0.0030719696969696967,8.331330103992016,0.00523960803206415,2.2807012007794,69
chr03,957934,-0.003155303030303031,8.752627278208118,0.00426885245931791,2.369688855083938,69
chr03,971891,-0.003084357084357086,8.660791026367969,0.004443897237775659,2.3522359923916074,70
chr03,971901,0.003084357084357086,8.660791026367969,0.004443897237775659,2.3522359923916074,70
chr03,972103,-0.003175039872408294,9.346548908806597,0.0031771640971369973,2.4979603537467767,71
chr03,1036248,0.002468166383701188,5.305826183627789,0.024364610152048292,1.613240533191725,69
chr03,1103196,-0.0021860360360360354,3.8780607224237653,0.05318631364352135,1.2742001096936582,67
chr03,1165791,-0.002081699346405228,3.6988697198462877,0.05863757343657896,1.231824010142316,70
chr03,1165848,0.0020816993464052276,3.6988697198462845,0.05863757343657896,1.231824010142316,70
chr03,1165851,0.0020816993464052276,3.6988697198462845,0.05863757343657896,1.231824010142316,70
chr03,1212248,0.0023042929292929277,4.485154784978771,0.03790434646245902,1.4213109869598899,69
chr03,1212469,-0.0023181818181818165,4.5324479477977615,0.036937421089084814,1.432533429574646,69
chr03,1252320,0.0022532894736842115,4.487264498880907,0.03780546905932106,1.4224453691978185,70
chr03,1252414,0.0022077702702702692,4.2018064737728364,0.044297946058581096,1.353616410032097,69
chr03,1268050,-0.002437500000000001,5.213071113595244,0.02569549991001735,1.590142928628739,67
chr03,1271169,0.002421785421785423,5.033584138423251,0.028121007594643258,1.550969122309616,70
chr03,1320835,-0.0020142857142857137,3.4098792336329784,0.06915914524415244,1.1601503829233022,70
chr03,1320929,-0.0020683982683982697,3.4278658383170533,0.06857926347129291,1.1638071834390817,68
chr03,1320951,-0.0020142857142857137,3.4098792336329784,0.06915914524415244,1.1601503829233022,70
chr03,1352223,-0.0018889358108108102,2.922322357173435,0.09199024082171153,1.0362582441989314,69
chr03,1352332,-0.00204610492845787,3.608785987569555,0.0616551606232041,1.2100305664911035,71
chr03,1387953,-0.0015819256756756757,2.029922920329819,0.15887000059952205,0.7989581028184385,69
chr03,1387974,-0.0015819256756756757,2.029922920329819,0.15887000059952205,0.7989581028184385,69
chr03,1392056,-0.0016731601731601738,2.33893788443073,0.13095456827572544,0.8828793468581915,68
chr03,1392437,-0.001763910969793323,2.6464528786653934,0.10833987964242327,0.96521165121753,71
chr03,1399684,-0.0017059787059787068,2.4079778078289853,0.12536028370890126,0.9018400336655762,70
chr03,1400445,0.001572916666666667,1.9519201210946775,0.16705976789675075,0.7771281263135584,68
chr03,1403385,-0.0016605241605241608,2.294537988229155,0.13446454499107938,0.8713922133907795,70
chr03,1403495,0.001916071428571428,2.8401669327649053,0.09673029624549903,1.0144374821575088,67
chr03,1410308,-0.001558388157894737,2.0043686737779884,0.1614106635273639,0.7920677771845047,70
chr03,1410327,-0.001558388157894737,2.0043686737779884,0.1614106635273639,0.7920677771845047,70
chr03,1421395,-0.0012428571428571421,1.0630348743239604,0.3065947514347152,0.5134352840623729,63
chr03,1421439,-0.0012428571428571421,1.0630348743239604,0.3065947514347152,0.5134352840623729,63
chr03,1421444,-0.0012428571428571421,1.0630348743239604,0.3065947514347152,0.5134352840623729,63
chr03,1424763,0.0015427631578947374,1.9696128089670135,0.16503909233573566,0.7824131735144576,70
chr03,1444288,-0.0019490131578947377,3.302320249045358,0.07358830736689875,1.1331911863343116,70
chr03,1471523,-0.0009111111111111109,0.6747215957720145,0.4144597256548992,0.3825176648136737,66
chr03,1495699,0.0016052631578947379,2.1144695608573936,0.15051283361564677,0.8224264679715746,70
chr03,1524143,0.0019851787271142115,3.319323377099616,0.07300138077536751,1.1366689253939044,68
chr03,1525728,0.0016658692185007973,2.342966145379759,0.1304218063650074,0.8846497890317774,71
chr03,1526030,-0.0012374999999999999,1.2253360675039353,0.2723957841233746,0.5647996182942135,67
chr03,1532263,0.001883333333333333,2.7641784549158306,0.10128663980069358,0.9944478364116076,66
chr03,1540205,-0.0016658692185007968,2.342966145379759,0.1304218063650074,0.8846497890317774,71
chr03,1541635,0.0016011466011466016,2.115243368879206,0.1504393116642038,0.8226386623615893,70
chr03,1620959,0.001423611111111111,1.6605774138361986,0.20202427717485377,0.6945964384268951,68
chr03,1631251,0.001266517857142857,1.2433910808031978,0.2689243217533493,0.5703699180236275,67
chr03,1673093,0.0012655228758169925,1.3075849604454957,0.2568420867704626,0.5903338102194299,70
chr03,1687848,-0.0012841812400635933,1.377859211588315,0.24450189250468402,0.6117177749814229,71
chr03,1740865,-0.0014637254901960785,1.632888398611199,0.20606782312642358,0.6859898167098707,64
chr03,1798853,-0.001175757575757576,0.9999050528437536,0.32128372821512574,0.4931112692363137,63
chr03,1817259,0.0009782040104620749,0.7465795107930555,0.3906907517249262,0.40816686909865935,68
chr03,1817274,0.0009782040104620749,0.7465795107930555,0.3906907517249262,0.40816686909865935,68
chr03,1901099,0.0007352941176470584,0.43447517954047754,0.5120272075076984,0.2907069613747164,70
chr03,1930190,-0.0005882352941176474,0.2659172634696162,0.607806907986345,0.21623436828486517,68
chr03,2021647,-0.00032932263814616807,0.08257578654951359,0.7747508074972307,0.11083796243761944,67
chr03,2087227,-0.0004837301587301589,0.1925180787668063,0.6621999042879558,0.17901088635534218,71
chr03,2105981,2.3809523809520165e-06,4.308661277736914e-06,0.9983503659850586,0.0007170185216559875,65
chr03,2105995,-2.3809523809520165e-06,4.308661277736914e-06,0.9983503659850586,0.0007170185216559875,65
chr03,2116066,9.31372549019605e-05,0.006949432039350287,0.9338076277729621,0.029742582872361447,70
chr03,2116101,9.31372549019605e-05,0.006949432039350287,0.9338076277729621,0.029742582872361447,70
chr03,2116118,9.31372549019605e-05,0.006949432039350287,0.9338076277729621,0.029742582872361447,70
chr03,2116120,9.31372549019605e-05,0.006949432039350287,0.9338076277729621,0.029742582872361447,70
chr03,2153042,-2.0408511482080083e-19,0.0,1.0,-0.0,68
chr03,2156726,5.158730158730152e-05,0.0021835066063761724,0.9628649914601154,0.016434603399191446,71
chr03,2170588,0.00020915032679738555,0.0355549626778239,0.8509991171405298,0.07007089046910789,70
chr03,2196906,0.0005865800865800867,0.2742769951695712,0.602231262747645,0.22023670334604653,68
chr03,2196950,0.0001836248012718598,0.027631330524673942,0.868464643149698,0.061247857812796055,71
chr03,2197089,0.0003932773109243693,0.12221857652723045,0.7277371000781705,0.13802548415712992,69
chr03,2211024,-0.00019721283783783768,0.03150802985748313,0.8596472806263565,0.06567970631409854,69
chr03,2214387,0.0001356907894736838,0.015268386238460541,0.9020239706591344,0.04478192123115709,70
chr03,2263540,0.00033159722222222217,0.08800048566188123,0.767666225771648,0.11482756618443091,68
chr03,2264305,5.05050505050506e-05,0.0019979173947634547,0.9644809262013939,0.01570635664362459,69
chr03,2273760,-4.258804258804265e-05,0.0014493621835275274,0.9697430274714594,0.01334333432811869,70
chr03,2273770,-4.258804258804265e-05,0.0014493621835275274,0.9697430274714594,0.01334333432811869,70
chr03,2273838,4.258804258804265e-05,0.0014493621835275274,0.9697430274714594,0.01334333432811869,70
chr03,2288918,-0.00011502546689303917,0.010627623063950898,0.9181991992422691,0.037063090316257555,69
chr03,2295227,-0.0004800194931773877,0.17319668541981142,0.6787006623350246,0.16832172698606976,65
chr03,2343005,0.0004649769585253456,0.18031750780117323,0.6725246922643726,0.172291765574929,66
chr03,2395294,-0.00026969696969696936,0.06142028254220867,0.8050344705543747,0.09418552329543291,68
chr03,2434341,0.0001614583333333335,0.020203575965567912,0.8874235775398388,0.05186903690025933,65
chr03,2467168,0.0003281250000000003,0.07903637025859757,0.7795436763610006,0.10815954709325322,64
chr03,2489284,1.4705882352941394e-05,0.0001657350348796871,0.9897673044322344,0.00446689659395838,68
chr03,2531058,-0.00014502164502164466,0.016699721074965045,0.8975707302663908,0.04693131817687847,68
chr03,2554024,0.00017810457516339895,0.025374937370083197,0.8739085519540336,0.05853401068325323,70
chr03,2561120,0.0001415966386554622,0.015619640425596212,0.9009147598810245,0.04531629788280736,69
chr03,2714966,-0.000672222222222222,0.36160571206618725,0.5497399132793456,0.2598427304024763,66
chr03,2721257,0.0003927637314734092,0.12650101900875982,0.7232221317230886,0.14072829224211703,68
chr03,2722262,-0.00029563894523326533,0.06521782710258243,0.7992904328257142,0.09729538532346242,63
chr03,2749333,5.6669572798605065e-06,2.4419495137778832e-05,0.9960720892096971,0.0017092290331122088,68
chr03,2764985,3.7925021795989466e-05,0.001095872738733918,0.9736915892469273,0.011578581415514847,68
chr03,2806479,0.00010950764006791185,0.00926681782354593,0.9235980186290975,0.03451700743456304,69
chr03,2877299,7.916666666666653e-05,0.004922367637177304,0.9442725632956105,0.024902628954552437,70
chr03,2929825,0.0003263546798029553,0.08457530606849076,0.772062615070759,0.1123474765075549,71
chr03,2966887,0.0004947478991596639,0.18213008731720734,0.6710764786791056,0.1732279829969863,62
chr03,2977375,9.166666666666675e-05,0.006588060461548609,0.9355476742319185,0.02893407654633179,70
chr03,2981483,-0.0004186560565870909,0.13720243271606317,0.7122642846196174,0.1473588321281248,68
chr03,2981498,-0.0004186560565870909,0.13720243271606317,0.7122642846196174,0.1473588321281248,68
chr03,2982549,-0.0004888164026095063,0.18562200404824783,0.6680332429103679,0.17520192546859453,66
chr03,3078112,-1.794871794871811e-05,0.0002462645685595577,0.987526093199184,0.005451420275976878,69
chr03,3207971,-8.275862068965572e-05,0.005266469692621353,0.9423641540256836,0.02578124208681785,69
chr03,3208019,8.275862068965572e-05,0.005266469692621353,0.9423641540256836,0.02578124208681785,69
chr03,3212548,0.00017028003613369454,0.021143383231989003,0.8848321966360719,0.053139082957346685,68
chr03,3243601,0.00014880952380952388,0.01699310080107465,0.8966683885572609,0.047368140731902576,70
chr03,3243677,-0.00020977011494252874,0.03491715388867242,0.8523177085164627,0.06939848817234087,71
chr03,3255564,0.0001064814814814814,0.00801869081310829,0.9289404592494337,0.03201212136491286,63
chr03,3255614,0.0001064814814814814,0.00801869081310829,0.9289404592494337,0.03201212136491286,63
chr03,3255747,0.0003174936921783011,0.07911039244544399,0.7793607264391532,0.10826148296789058,70
chr03,3304212,0.0005093984962406011,0.18669159317574616,0.6671368544601146,0.1757850670725641,66
chr03,3308206,-0.0005302419354838711,0.22776429499996587,0.6346947639793765,0.19743508445623992,71
chr03,3327808,-0.0008963815789473687,0.6503237580500814,0.42280838139866406,0.3738564121897956,70
chr03,3327809,-0.0008963815789473687,0.6503237580500814,0.42280838139866406,0.3738564121897956,70
chr03,3332216,0.0007601323407775025,0.45796085302026307,0.500874105876385,0.3002714198291189,70
chr03,3337680,-0.0007732371794871799,0.48932073121773406,0.48658204038296693,0.31284392480617934,71
chr03,3390103,-0.0006752397558849172,0.3629628124377255,0.5489297666235322,0.2604832182440152,68
chr03,3392402,0.0007732371794871801,0.48932073121773406,0.48658204038296693,0.31284392480617934,71
chr03,3398597,-0.0007601323407775025,0.45796085302026307,0.500874105876385,0.3002714198291189,70
chr03,3398612,-0.0007601323407775025,0.45796085302026307,0.500874105876385,0.3002714198291189,70
chr03,3398640,0.0007601323407775025,0.45796085302026307,0.500874105876385,0.3002714198291189,70
chr03,3401292,0.0013079365079365075,1.183485557305441,0.28099828665056364,0.5512963281393126,62
chr03,3403911,0.0010370531822144733,0.8281958094021689,0.3661063726532041,0.43639271147893266,68
chr03,3404027,0.0010370531822144733,0.8281958094021689,0.3661063726532041,0.43639271147893266,68
chr03,3429667,0.0007601323407775025,0.45796085302026307,0.500874105876385,0.3002714198291189,70
chr03,3459831,-0.0007732371794871799,0.48932073121773406,0.48658204038296693,0.31284392480617934,71
chr03,3459907,0.0007732371794871801,0.48932073121773406,0.48658204038296693,0.31284392480617934,71
chr03,3470169,-0.0008963815789473687,0.6503237580500814,0.42280838139866406,0.3738564121897956,70
chr03,3470188,-0.0008963815789473687,0.6503237580500814,0.42280838139866406,0.3738564121897956,70
chr03,3490199,-0.0007732371794871799,0.48932073121773406,0.48658204038296693,0.31284392480617934,71
chr03,3499171,-0.0006294871794871794,0.30709694795492726,0.5813121047656823,0.23559063355796572,69
chr03,3514808,0.0005447004608294931,0.241759333483511,0.62462049978279,0.20438376650920015,66
chr03,3514809,0.0005447004608294931,0.241759333483511,0.62462049978279,0.20438376650920015,66
chr03,3514832,0.0005447004608294931,0.241759333483511,0.62462049978279,0.20438376650920015,66
chr03,3514877,0.0005447004608294931,0.241759333483511,0.62462049978279,0.20438376650920015,66
chr03,3530711,0.0006961538461538463,0.3725219998125217,0.5436975645967018,0.2646426123442198,69
chr03,3548914,0.0009241499564080214,0.6609411764705889,0.419150929432508,0.3776295664921143,68
chr03,3548955,0.0010481418918918918,0.8687943650256771,0.3546360234104573,0.4502171514937935,69
chr03,3548965,0.0010481418918918918,0.8687943650256771,0.3546360234104573,0.4502171514937935,69
chr03,3548999,0.0010481418918918918,0.8687943650256771,0.3546360234104573,0.4502171514937935,69
chr03,3581393,0.0005090909090909093,0.18356092613365432,0.6698398288772918,0.1740290327481348,63
chr03,3581401,0.0005090909090909093,0.18356092613365432,0.6698398288772918,0.1740290327481348,63
chr03,3644924,0.0010283479960899317,0.7396814894641647,0.39307643224098754,0.4055229944768458,64
chr03,3732829,-0.0011327731092436973,1.0257420666060013,0.31480443435061906,0.5019591587766291,69
chr03,3753298,0.0014199810606060602,1.4987304943000785,0.2254252338321772,0.6469974711617621,65
chr03,3758642,0.0009936974789915964,0.8210091125955297,0.36813239149100885,0.4339959678646632,69
chr03,3758704,0.0009936974789915964,0.8210091125955297,0.36813239149100885,0.4339959678646632,69
chr03,3767919,-0.0006483957219251335,0.34838381226168086,0.557075968954208,0.25408557565594697,67
chr03,3767948,-0.0006483957219251335,0.34838381226168086,0.557075968954208,0.25408557565594697,67
chr03,3767950,-0.0006483957219251335,0.34838381226168086,0.557075968954208,0.25408557565594697,67
chr03,3780372,-0.0013172268907563024,1.3971148010788672,0.2413853731761923,0.6172890496542656,69
chr03,3853610,-0.0007064516129032263,0.3871635673440474,0.5360047096474102,0.27083139432794634,66
chr03,3853678,0.0007064516129032263,0.3871635673440474,0.5360047096474102,0.27083139432794634,66
chr03,3866685,-0.0007449494949494956,0.4374191984092093,0.510638837348765,0.2918861574032366,69
chr03,3873142,-0.0006150793650793649,0.3117995923813634,0.5783855195859382,0.23778258853967454,71
chr03,3888445,0.0006797385620915033,0.3714862303910406,0.5442264674669245,0.26422034091840846,70
chr03,3980582,-4.1666666666666564e-05,0.0011594827313104548,0.9729475194542655,0.011910584835560125,63
chr03,3980614,-4.1666666666666564e-05,0.0011594827313104548,0.9729475194542655,0.011910584835560125,63
chr03,3993813,-0.000485294117647059,0.1883994149379556,0.6656677578122931,0.17674247796392809,68
chr03,3995233,0.0007449596774193549,0.40865009609662617,0.525048843828695,0.27980029351104896,63
chr03,4059339,-0.0008641098484848482,0.5361255286104729,0.46675817938915476,0.33090806281123447,65
chr03,4068806,-0.00045714285714285675,0.1749917067923885,0.6770312897159608,0.16939125947295997,70
chr03,4079463,-0.00034761904761904756,0.10138948406974577,0.7511739574153036,0.12425947711426008,68
chr03,4087866,-0.0006666666666666665,0.35610319599537854,0.5526600777025437,0.2575419062517613,70
chr03,4087868,-0.0006666666666666665,0.35610319599537854,0.5526600777025437,0.2575419062517613,70
chr03,4088996,-0.0004714285714285714,0.1826550244191203,0.6704517420705236,0.1736324764353904,70
chr03,4089054,-0.0004714285714285714,0.1826550244191203,0.6704517420705236,0.1736324764353904,70
chr03,4160951,-0.0002719082719082718,0.0591309199302977,0.8086069144625857,0.09226254929951595,70
chr03,4160988,-0.0002719082719082718,0.0591309199302977,0.8086069144625857,0.09226254929951595,70
chr03,4162528,0.0003894686907020877,0.10919768970752013,0.7421558570669038,0.12950488076382893,65
chr03,4191536,-6.535947712418274e-05,0.003447443010447936,0.9533513741611184,0.020747003103393467,70
chr03,4191817,0.00010758928571428615,0.009047932435042367,0.9245116580421542,0.034087608040281374,67
chr03,4211402,-0.0005012626262626261,0.20513279808862342,0.6520726265744182,0.1857040307037564,69
chr03,4221265,0.00018322734499205088,0.02751179618798731,0.8687468231208992,0.06110677054984215,71
chr03,4221439,0.00018322734499205088,0.02751179618798731,0.8687468231208992,0.06110677054984215,71
chr03,4225141,-0.0001832273449920507,0.02751179618798731,0.8687468231208992,0.06110677054984215,71
chr03,4230586,-0.0004130067567567563,0.1341329802447074,0.7153386984691865,0.14548827981085155,69
chr03,4230651,-0.0004130067567567563,0.1341329802447074,0.7153386984691865,0.14548827981085155,69
chr03,4230659,-0.0004130067567567563,0.1341329802447074,0.7153386984691865,0.14548827981085155,69
chr03,4230844,-0.0001832273449920507,0.02751179618798731,0.8687468231208992,0.06110677054984215,71
chr03,4230876,-0.0001832273449920507,0.02751179618798731,0.8687468231208992,0.06110677054984215,71
chr03,4238027,-0.0003173628173628177,0.0811750195630955,0.7765772708155276,0.10981532471432053,70
chr03,4238248,1.736111111110781e-06,2.3787775844018748e-06,0.9987740526679918,0.0005327487891388732,68
chr03,4238631,-1.736111111110781e-06,2.3787775844018748e-06,0.9987740526679918,0.0005327487891388732,68
chr03,4254378,0.00012001897533206828,0.010568226056220915,0.9184467469032646,0.03694601975722574,65
chr03,4254680,0.00018322734499205088,0.02751179618798731,0.8687468231208992,0.06110677054984215,71
chr03,4254692,0.00018322734499205088,0.02751179618798731,0.8687468231208992,0.06110677054984215,71
chr03,4254740,0.00018322734499205088,0.02751179618798731,0.8687468231208992,0.06110677054984215,71
chr03,4277766,-0.00021184419713831496,0.03678153337574513,0.8484738042009917,0.07136156155676932,71
chr03,4305880,-0.00021184419713831496,0.03678153337574513,0.8484738042009917,0.07136156155676932,71
chr03,4342639,-0.0004614035087719299,0.16099013669805606,0.6895426956048258,0.16143883769479914,68
chr03,4359538,0.0006792196007259531,0.35587917450073975,0.5528758980046455,0.25737234222212174,67
chr03,4379192,-0.0005509868421052632,0.24425854155120552,0.6227399843154167,0.20569324860321977,70
chr03,4379605,-0.0010671452702702704,0.9437934822817291,0.33479842591010034,0.47521659255501564,69
chr03,4414150,-0.0007780507780507784,0.5077190545670566,0.47856583155859667,0.3200583121899537,70
chr03,4414151,-0.0007780507780507784,0.5077190545670566,0.47856583155859667,0.3200583121899537,70
chr03,4417161,-0.0005000000000000004,0.20389573484202675,0.6530528304318459,0.18505168390571333,69
chr03,4441938,0.0007162162162162165,0.4050499787549438,0.5267276083266554,0.27841391758388045,67
chr03,4462185,-0.0016714285714285709,2.2721398035592446,0.1365630388993436,0.8646668275514104,67
chr03,4462215,-0.0016714285714285709,2.2721398035592446,0.1365630388993436,0.8646668275514104,67
chr03,4462855,0.0012841812400635935,1.377859211588315,0.24450189250468402,0.6117177749814229,71
chr03,4511103,0.0013714285714285716,1.5420472440944906,0.21857946262230463,0.6603906460862836,70
chr03,4535187,-0.0013714285714285716,1.5420472440944906,0.21857946262230463,0.6603906460862836,70
chr03,4535239,-0.0013714285714285716,1.5420472440944906,0.21857946262230463,0.6603906460862836,70
chr03,4608607,0.0012541666666666673,1.0949259724611842,0.29957955020038884,0.5234878356262568,62
chr03,4608638,0.0012541666666666673,1.0949259724611842,0.29957955020038884,0.5234878356262568,62
chr03,4608651,0.0013512931034482755,1.2356391366053792,0.27082239540079056,0.5673154249321559,61
chr03,4608707,0.0013512931034482755,1.2356391366053792,0.27082239540079056,0.5673154249321559,61
chr03,4662288,-0.0010946428571428576,0.951900042366887,0.332853286011341,0.4777471512268109,67
chr03,4671408,0.0010322580645161297,0.796471957898833,0.37544241944485524,0.42545666008427835,67
chr03,4821815,0.0007866935483870968,0.5033547111496638,0.48042041615824893,0.31837854490679496,71
chr03,5024221,-0.001004962779156328,0.8428248767730312,0.361834981202377,0.4414894490605835,70
chr03,5024600,-0.0007866935483870968,0.5033547111496638,0.48042041615824893,0.31837854490679496,71
chr03,5027631,-0.001004962779156328,0.8428248767730312,0.361834981202377,0.4414894490605835,70
chr03,5027907,-0.0010017543859649125,0.8060319235554125,0.3725595098693697,0.4288043464226736,68
chr03,5032406,-0.0007507692307692307,0.4236531179644254,0.5175248910880365,0.28606875736434695,64
chr03,5143915,0.00075273338940286,0.46245458525779637,0.49878776801152325,0.30208420545459236,70
chr03,5144205,0.00075273338940286,0.46245458525779637,0.49878776801152325,0.30208420545459236,70
chr03,5166905,0.001034924845269673,0.8222424482603969,0.3678241332845045,0.43435977969704287,68
chr03,5167021,0.001034924845269673,0.8222424482603969,0.3678241332845045,0.43435977969704287,68
chr03,5167029,0.0010862068965517243,0.9267214566424922,0.3391779145967372,0.46957243436649126,69
chr03,5173038,0.0011320437342304452,1.0120475339960993,0.3179792673225981,0.49760119567884925,70
chr03,5175263,0.0010344827586206895,0.8330518502247386,0.3646641669856542,0.4381069096913299,69
chr03,5233435,-0.001885714285714286,2.8160520761767005,0.09812795759883618,1.008207240315512,67
chr03,5248943,-0.0014942810457516326,1.8409376306113876,0.17932830288872206,0.7463511615345632,70
chr03,5340870,-0.0013643790849673194,1.5361360756979046,0.21945446982591407,0.6586555690638923,70
chr03,5340871,-0.0013643790849673194,1.5361360756979046,0.21945446982591407,0.6586555690638923,70
chr03,5381041,-0.0008999999999999998,0.6605351006862534,0.41920747014356663,0.377570986966066,70
chr03,5406604,-0.0014764752791068577,1.827197371045641,0.18087366850935932,0.7426246528938674,71
chr03,5406652,-0.0014764752791068577,1.827197371045641,0.18087366850935932,0.7426246528938674,71
chr03,5427180,0.00129358552631579,1.3778776739294019,0.24455787661577633,0.611618345046012,70
chr03,5427235,0.00129358552631579,1.3778776739294019,0.24455787661577633,0.611618345046012,70
chr03,5451005,-0.0009584677419354837,0.7498169741150899,0.3895351450241762,0.4094533528784628,71
chr03,5451065,0.0011786600496277923,1.1647716273247064,0.28429144291388486,0.546236212244873,70
chr03,5472242,-0.0009584677419354837,0.7498169741150899,0.3895351450241762,0.4094533528784628,71
chr03,5486593,0.001316666666666667,1.4486011933206822,0.23292583420815224,0.632782340439874,70
chr03,5486680,-0.0013166666666666667,1.4486011933206822,0.23292583420815224,0.632782340439874,70
chr03,5497269,-0.0011064655172413791,0.9529589314511177,0.3324788424926687,0.4782359860933263,69
chr03,5500146,-0.0010041666666666667,0.8072248057769318,0.3721123852721061,0.4293258748163657,70
chr03,5518051,-0.0009916666666666672,0.7895404429700463,0.37737156013960527,0.42323083268152334,70
chr03,5557367,0.0009965277777777776,0.8033742476799924,0.37334408688206544,0.42789072274693835,68
chr03,5557382,0.0009965277777777776,0.8033742476799924,0.37334408688206544,0.42789072274693835,68
chr03,5557385,0.0009965277777777776,0.8033742476799924,0.37334408688206544,0.42789072274693835,68
chr03,5557595,0.0011005067567567556,0.9970402892592276,0.32162040753665555,0.4926564020897307,69
chr03,5812951,0.0017054367201426025,2.378013402334584,0.1279086891020612,0.8930999519959375,67
chr03,5812966,0.0017054367201426025,2.378013402334584,0.1279086891020612,0.8930999519959375,67
chr03,5817801,0.0013464285714285711,1.4532249537175475,0.23238139717438125,0.6337986414619291,67
chr03,5887063,0.001300793650793651,1.4167687296135099,0.23801513377120445,0.6233954282192475,71
chr03,5891514,-0.0010637254901960783,0.9031593160636647,0.3454563434886354,0.4616068281159504,67
chr03,5897693,0.0011928104575163396,1.1678749310408258,0.2836562302418632,0.5472076731253775,70
chr03,5910276,-0.000925347222222222,0.6801452654951283,0.4125074389523774,0.3845682151944486,68
chr03,5913258,-0.0015604575163398683,2.094705336275662,0.15240482753460868,0.8170012761825326,70
chr03,5917061,0.0015991341991341997,2.1317382721112055,0.14902095585816083,0.8267526552546769,68
chr03,5970721,-0.0014264705882352942,1.7416939188772274,0.19148386143674034,0.7178678231800653,68
chr03,6043091,0.0009447261663286004,0.6288896843099094,0.43083662523413857,0.36568738461969497,63
chr03,6043125,0.0010205882352941175,0.7568458570024288,0.3876731730734716,0.41153425106724123,64
chr03,6043457,0.0010205882352941175,0.7568458570024288,0.3876731730734716,0.41153425106724123,64
chr03,6125388,-0.0013306722689075626,1.4280515854721785,0.23629564673591455,0.6265442792816627,69
chr03,6139314,-0.0014000000000000002,1.6085041821424026,0.20902717863612885,0.6797972413325368,70
chr03,6152940,0.0014474789915966382,1.6912386822869105,0.19789332025928674,0.7035688648309553,69
chr03,6153008,0.0015506535947712409,1.9786970945729636,0.1640816276084931,0.7849400446321244,70
chr03,6161187,-0.0012380952380952384,1.1992446441871414,0.27745297619394005,0.5568106122170067,68
chr03,6199768,-0.0010584260731319557,0.9300386064518228,0.3382207279983872,0.4707997800041923,71
chr03,6204880,0.0012103386809269165,1.1037994608806831,0.29732424423776804,0.5267696763672501,67
chr03,6205005,0.001058426073131956,0.9300386064518263,0.3382207279983832,0.4707997800041974,71
chr03,6207631,0.0009878472222222222,0.7663800435140594,0.3845141277918134,0.41508769875121765,68
chr03,6243097,-0.0010584260731319557,0.9300386064518228,0.3382207279983872,0.4707997800041923,71
chr03,6243338,-0.0009893529893529895,0.7912599818575482,0.3768555607540096,0.42382507204148423,70
chr03,6246265,0.0009893529893529895,0.7912599818575482,0.3768555607540096,0.42382507204148423,70
chr03,6262253,-0.0008926406926406928,0.6500169269291282,0.4230021996872404,0.3736573742099541,68
chr03,6262280,-0.0008926406926406928,0.6500169269291282,0.4230021996872404,0.3736573742099541,68
chr03,6262310,-0.0008926406926406928,0.6500169269291282,0.4230021996872404,0.3736573742099541,68
chr03,6262597,-0.0008926406926406928,0.6500169269291282,0.4230021996872404,0.3736573742099541,68
chr03,6262623,-0.0008926406926406928,0.6500169269291282,0.4230021996872404,0.3736573742099541,68
chr03,6291007,-0.0013593189964157702,1.4657769775144163,0.2303970790857183,0.6375230310864806,67
chr03,6315708,0.0012976190476190477,1.2810995631243558,0.26205345601963237,0.5816101083507855,64
chr03,6315721,0.0014259259259259255,1.5055583885772563,0.22453280262083888,0.6487202027383732,63
chr03,6315797,0.0014259259259259255,1.5055583885772563,0.22453280262083888,0.6487202027383732,63
chr03,6340810,0.0008387423935091275,0.5282905573505791,0.4701066214455757,0.32780363173660626,63
chr03,6395646,0.0010619047619047626,0.9058511101672605,0.34469023578745916,0.4625710188945997,68
chr03,6395667,0.0010619047619047626,0.9058511101672605,0.34469023578745916,0.4625710188945997,68
chr03,6428150,0.0012924448217317495,1.3700874379821493,0.24594340702241613,0.6091648150325281,69
chr03,6480301,-0.0013110008271298588,1.4468965562802727,0.23319807257621442,0.6322750434197715,70
chr03,6480318,-0.0013110008271298588,1.4468965562802727,0.23319807257621442,0.6322750434197715,70
chr03,6483716,-0.0007833333333333331,0.4844724002609229,0.4887757022637882,0.3108903916260626,70
chr03,6545296,-0.000835897435897436,0.5411899153491527,0.46450763103149584,0.3330071469283648,69
chr03,6552203,-0.0008982630272952858,0.6444758918596802,0.42489168542479183,0.3717217674029852,70
chr03,6552527,-0.0008982630272952858,0.6444758918596802,0.42489168542479183,0.3717217674029852,70
chr03,6552738,-0.0009723557692307694,0.7769850898941965,0.3811250718152662,0.4189324807925953,71
chr03,6562261,0.00097235576923077,0.7769850898941979,0.3811250718152662,0.4189324807925953,71
chr03,6562327,-0.0009723557692307694,0.7769850898941965,0.3811250718152662,0.4189324807925953,71
chr03,6576505,-0.0015525641025641028,2.083664520809194,0.15354199086667356,0.8137728325138196,69
chr03,6576513,-0.0015525641025641028,2.083664520809194,0.15354199086667356,0.8137728325138196,69
chr03,6633389,-0.0005618022328548643,0.258686770624005,0.6126462400637754,0.2127902274989618,71
chr03,6703019,0.0002054187192118227,0.03358651282590118,0.8551871380076446,0.06793883952789379,64
chr03,6732326,-0.0003752122241086588,0.10872273445428292,0.7426316813321299,0.12922652732338946,69
chr03,6732334,-0.0003752122241086588,0.10872273445428292,0.7426316813321299,0.12922652732338946,69
chr03,6732382,-0.0003752122241086588,0.10872273445428292,0.7426316813321299,0.12922652732338946,69
chr03,6732699,-0.00043189102564102603,0.15191570350013983,0.6979118217966968,0.1561994451794776,71
chr03,6775409,-3.749999999999997e-05,0.0011044027533073041,0.973586492245674,0.011625460233889115,70
chr03,6775431,-3.749999999999997e-05,0.0011044027533073041,0.973586492245674,0.011625460233889115,70
chr03,6780687,-0.00012943548387096772,0.013530010653626872,0.907737951284457,0.04203950691565045,71
chr03,6787463,-0.0002675765095119933,0.05749949631857061,0.8112140081299745,0.09086455850257504,70
chr03,6787474,-0.0002675765095119933,0.05749949631857061,0.8112140081299745,0.09086455850257504,70
chr03,6823579,-0.00043545534924845303,0.1484253318351769,0.7012835861380371,0.15410632584255338,68
chr03,6840277,0.00012943548387096772,0.013530010653626872,0.907737951284457,0.04203950691565045,71
chr03,6861671,0.0001391941391941391,0.015718741704343453,0.9006141170357085,0.04546124979740559,67
chr03,6886418,0.000609109109109109,0.2818262325239073,0.5974033483353647,0.22373234758475746,64
chr03,6886425,-0.000609109109109109,0.2818262325239073,0.5974033483353647,0.22373234758475746,64
chr03,6886426,0.000609109109109109,0.2818262325239073,0.5974033483353647,0.22373234758475746,64
chr03,6886430,-0.000609109109109109,0.2818262325239073,0.5974033483353647,0.22373234758475746,64
chr03,6886441,-0.000609109109109109,0.2818262325239073,0.5974033483353647,0.22373234758475746,64
chr03,6886637,-0.00012943548387096772,0.013530010653626872,0.907737951284457,0.04203950691565045,71
chr03,6901043,-5.7692307692307894e-05,0.0025934931088208274,0.9595357328262062,0.017938847629617415,69
chr03,6901044,0.0003364279398762159,0.08935830269529892,0.7659337657591379,0.11580878442616852,68
chr03,6949344,-0.0004396551724137932,0.1489524938753809,0.7007612158378141,0.1544299425330821,69
chr03,6949532,-0.0004369918699186991,0.1532851737311746,0.6966219913577267,0.15700281960710016,71
chr03,6985455,2.3809523809524013e-05,0.0004363029739181047,0.9833962765702323,0.0072714404103714205,70
chr03,6995885,0.00021153846153846144,0.03167254118510601,0.8593192701130611,0.06584544910600823,65
chr03,6996076,0.00024285714285714289,0.0443995963673054,0.8337611296689851,0.07895835574818079,68
chr03,6996128,0.0001306620209059236,0.012993490170922372,0.9095874147319105,0.041155557280630355,69
chr03,7022234,-0.0003663157894736843,0.09651839716734328,0.7571074843466251,0.12084246059904007,63
chr03,7067673,0.0006333333333333335,0.31474922187781457,0.5766245135904177,0.2391068987311066,70
chr03,7115274,-0.00033076923076923116,0.08781430746581588,0.7678910466260015,0.11470039612191973,69
chr03,7182945,-2.971137521222425e-05,0.0006808711274671719,0.9792603194505591,0.00910184315837578,69
chr03,7182982,-2.971137521222425e-05,0.0006808711274671719,0.9792603194505591,0.00910184315837578,69
chr03,7183055,-2.971137521222425e-05,0.0006808711274671719,0.9792603194505591,0.00910184315837578,69
chr03,7183056,-2.971137521222425e-05,0.0006808711274671719,0.9792603194505591,0.00910184315837578,69
chr03,7188465,-0.00024023769100169792,0.04598997716701015,0.8308453839726871,0.08047978865285473,69
chr03,7188467,-0.00024023769100169792,0.04598997716701015,0.8308453839726871,0.08047978865285473,69
chr03,7188560,-0.00024023769100169792,0.04598997716701015,0.8308453839726871,0.08047978865285473,69
chr03,7199901,-0.00039391447368421065,0.12349142878830247,0.7263647235349895,0.13884525582247792,70
chr03,7202337,0.00040976460331299013,0.12824081978283097,0.7214058552132854,0.1418203370987471,68
chr03,7223709,0.0005577249575551782,0.2440951174170328,0.6228798568616402,0.2055957134271703,69
chr03,7282117,-0.0001598322460391431,0.018391815338116863,0.8925501729741534,0.04936736150891531,66
chr03,7286638,1.9230769230768777e-05,0.0002841482324518758,0.9866010358423064,0.005858432903513054,69
chr03,7376036,-0.00033173496076721853,0.08378573966626995,0.7731385300520786,0.11174268273507697,68
chr03,7382605,-0.0005838815789473685,0.28382678805958056,0.595940667599054,0.22479697686549518,70
chr03,7382647,0.0005838815789473681,0.28382678805958056,0.595940667599054,0.22479697686549518,70
chr03,7405244,0.0003700657894736837,0.1099688653145737,0.7411994735227689,0.13006489783430236,70
chr03,7405275,-0.00037006578947368417,0.10996886531457471,0.7411994735227689,0.13006489783430236,70
chr03,7405452,-0.0006103565365025461,0.29061766261215183,0.5916119040351211,0.227963095992331,69
chr03,7405572,-0.0004224910394265234,0.1341127890816436,0.715394596160918,0.14545434468237778,67
chr03,7405644,0.0004224910394265234,0.1341127890816436,0.715394596160918,0.14545434468237778,67
chr03,7451947,0.0008738738738738735,0.5955396723769836,0.4430815410051403,0.3535163425131755,67
chr03,7457017,0.00047836538461538454,0.1864621591255068,0.6672239414110763,0.17572837868300833,71
chr03,7457076,0.00047836538461538454,0.1864621591255068,0.6672239414110763,0.17572837868300833,71
chr03,7472573,0.0006833333333333328,0.37144010703745284,0.5442513933632659,0.2642004504279741,70
chr03,7504489,-0.00039930252833478633,0.12277218844247864,0.727162887357726,0.13836829456475877,68
chr03,7539239,-0.00015049342105263137,0.018028532517534265,0.8935854000568123,0.048863935602565016,70
chr03,7591493,0.0008407939189189187,0.5676370167918127,0.45383889291370694,0.3430982888520765,69
chr03,7591501,0.0008407939189189187,0.5676370167918127,0.45383889291370694,0.3430982888520765,69
chr03,7676064,0.0005218600953895071,0.22381017552983734,0.6376451790453934,0.19542091947425222,71
chr03,7691364,0.0005218600953895071,0.22381017552983734,0.6376451790453934,0.19542091947425222,71
chr03,7700319,0.00043151260504201643,0.14534228105076216,0.7042330678064268,0.15228358615495027,69
chr03,7766065,-0.0004315126050420162,0.14534228105076097,0.7042330678064268,0.15228358615495027,69
chr03,7766087,-0.0004315126050420162,0.14534228105076097,0.7042330678064268,0.15228358615495027,69
chr03,7807085,-0.0002708333333333333,0.05856624538595287,0.809526956309659,0.09176868516678927,68
chr03,7853743,0.0008536682615629977,0.6002359832621779,0.4411348946705185,0.35542858728289445,71
chr03,7853763,0.0008536682615629977,0.6002359832621779,0.4411348946705185,0.35542858728289445,71
chr03,7854860,-0.00046342737722048036,0.15601045223966667,0.6942571774170148,0.15847962170159244,62
chr03,7900537,-0.0010161290322580647,0.7640574756422144,0.3854350431082637,0.41404880255891974,64
chr03,7927250,0.001293137254901961,1.2178415627437607,0.27404954372618134,0.5621709166619019,64
chr03,7927251,0.001293137254901961,1.2178415627437607,0.27404954372618134,0.5621709166619019,64
chr03,7927267,0.001293137254901961,1.2178415627437607,0.27404954372618134,0.5621709166619019,64
chr03,7927327,0.001293137254901961,1.2178415627437607,0.27404954372618134,0.5621709166619019,64
chr03,8037265,-0.0012888392857142857,1.2602559712171073,0.2657322714017241,0.5755557002354657,67
chr03,8037273,-0.001166359447004608,1.0098840082589182,0.31871508622769795,0.49659737891605465,66
chr03,8037292,-0.0012888392857142857,1.2602559712171073,0.2657322714017241,0.5755557002354657,67
chr03,8037306,-0.0012888392857142857,1.2602559712171073,0.2657322714017241,0.5755557002354657,67
chr03,8037324,-0.0012888392857142857,1.2602559712171073,0.2657322714017241,0.5755557002354657,67
chr03,8096643,-0.0015454545454545454,1.8009737098344683,0.18433660846270739,0.7343884071872306,66
chr03,8096673,-0.0015454545454545454,1.8009737098344683,0.18433660846270739,0.7343884071872306,66
chr03,8103675,-0.0013997326203208558,1.5771373834313378,0.21366898645479002,0.6702585100727072,67
chr03,8103677,-0.0013997326203208558,1.5771373834313378,0.21366898645479002,0.6702585100727072,67
chr03,8106059,-0.0013289682539682536,1.4801373182293123,0.22789829527592875,0.6422589234156152,71
chr03,8106097,-0.0013289682539682536,1.4801373182293123,0.22789829527592875,0.6422589234156152,71
chr03,8114189,-0.001174025974025974,1.1185815837858775,0.2940798359943253,0.5315347524960345,68
chr03,8114209,-0.001174025974025974,1.1185815837858775,0.2940798359943253,0.5315347524960345,68
chr03,8132580,0.0012841812400635935,1.377859211588315,0.24450189250468402,0.6117177749814229,71
chr03,8132611,-0.0012841812400635933,1.377859211588315,0.24450189250468402,0.6117177749814229,71
chr03,8137169,-0.0008218253968253965,0.5586195415600438,0.4573565673560551,0.3397450803353223,71
chr03,8137187,0.0008218253968253965,0.5586195415600438,0.4573565673560551,0.3397450803353223,71
chr03,8137189,0.0008218253968253965,0.5586195415600438,0.4573565673560551,0.3397450803353223,71
chr03,8145782,-0.000889928698752228,0.6259506368405531,0.431722059623464,0.3647957597107098,67
chr03,8159019,0.0007649071358748778,0.4282823373747248,0.5152533932704484,0.28797913943467135,64
chr03,8171694,0.00032491582491582483,0.07383622374907393,0.78679590247244,0.10413791049423943,60
chr03,8176485,-0.0009517973856209145,0.7389945195948698,0.3930037125656588,0.40560334698039097,70
chr03,8190966,-0.0007995535714285712,0.5134826627779818,0.4762019898569323,0.322208794185066,67
chr03,8242519,0.0006857142857142857,0.3778543107689642,0.5408053025587821,0.2669590588180306,70
chr03,8243398,0.0003319964349376113,0.0870535184229849,0.7688973281293122,0.11413164823995124,67
chr03,8243479,0.0003319964349376113,0.0870535184229849,0.7688973281293122,0.11413164823995124,67
chr03,8253873,-0.00046969696969696934,0.16933920704845884,0.6820746001029743,0.1661681229369797,66
chr03,8253903,-0.00046969696969696934,0.16933920704845884,0.6820746001029743,0.1661681229369797,66
chr03,8291961,0.0007571428571428573,0.46616034908579634,0.4970784161463043,0.3035750941373357,70
chr03,8310548,-0.000767226890756302,0.4726691187788399,0.49413496274092406,0.3061544163225584,69
chr03,8310568,-0.000767226890756302,0.4726691187788399,0.49413496274092406,0.3061544163225584,69
chr03,8311561,0.0009671717171717172,0.744775875663594,0.391214014768129,0.4075855955320822,69
chr03,8314571,0.0008660130718954242,0.6106458780915692,0.4372570282194891,0.35926320119197086,70
chr03,8315015,-0.0007277777777777777,0.43731720881604763,0.5106224106201717,0.2919001284367966,71
chr03,8322675,0.0005964285714285714,0.29309803832239556,0.5899858492723646,0.22915840472501994,71
chr03,8341596,-0.00030466830466830487,0.07388400365191439,0.7865869804402235,0.10425324629362853,70
chr03,8341717,-0.00030466830466830487,0.07388400365191439,0.7865869804402235,0.10425324629362853,70
chr03,8345370,-0.00033207070707070717,0.08542091410559913,0.7709844348536667,0.11295438968626526,69
chr03,8351786,-0.000691176470588235,0.3742741401352378,0.5427854234850917,0.2653718238438999,68
chr03,8360159,0.0003247217806041336,0.08648326459427093,0.7695793372257234,0.11374660137736127,71
chr03,8360240,0.0003247217806041336,0.08648326459427093,0.7695793372257234,0.11374660137736127,71
chr03,8360354,-0.00032472178060413356,0.08648326459427093,0.7695793372257234,0.11374660137736127,71
chr03,8371131,7.97697368421055e-05,0.005064293675082556,0.9434762367785191,0.025269033883710747,70
chr03,8396182,-0.0004373271889400925,0.151647027958448,0.6982591423574094,0.15598336934069668,66
chr03,8416407,-0.0001654704944178625,0.022364747963276674,0.8815571208729824,0.05474954215510589,71
chr03,8416537,4.668930390492798e-06,1.686336112298086e-05,0.9967356970969684,0.0014199876359010956,69
chr03,8416556,-4.668930390492798e-06,1.686336112298086e-05,0.9967356970969684,0.0014199876359010956,69
chr03,8416589,-4.668930390492798e-06,1.686336112298086e-05,0.9967356970969684,0.0014199876359010956,69
chr03,8417489,-0.0002222222222222224,0.03822716326608544,0.8455883906888648,0.07284098820580408,68
chr03,8457094,0.0002682829888712243,0.05900961311728002,0.808788869914455,0.09216483388589153,71
chr03,8488391,0.00033169642857142865,0.08207247476553119,0.7754194189812234,0.11046332707037831,67
chr03,8515658,-0.0002682829888712242,0.05900961311728002,0.808788869914455,0.09216483388589153,71
chr03,8515740,0.0002682829888712243,0.05900961311728002,0.808788869914455,0.09216483388589153,71
chr03,8546941,-9.201388888888896e-05,0.006694685832672841,0.9350366386200881,0.029171371331999246,68
chr03,8546945,-9.201388888888896e-05,0.006694685832672841,0.9350366386200881,0.029171371331999246,68
chr03,8546948,-9.201388888888896e-05,0.006694685832672841,0.9350366386200881,0.029171371331999246,68
chr03,8683345,0.000502380952380952,0.20769534859491262,0.6500108335947508,0.18707940500143544,71
chr03,8756135,0.0006590909090909089,0.31942581682376,0.5740257737457944,0.24106860735066563,63
chr03,8756192,0.0006590909090909089,0.31942581682376,0.5740257737457944,0.24106860735066563,63
chr03,8778899,-0.0005177364864864862,0.21814302261950386,0.6419738648835467,0.19248265194344538,69
chr03,8786719,0.0003927364864864866,0.1248390046631749,0.7249536386600222,0.1396897660054474,69
chr03,8786729,-0.00039273648648648616,0.1248390046631738,0.7249536386600222,0.1396897660054474,69
chr03,8786892,-0.00042588042588042637,0.15132746287046606,0.6984854923452566,0.15584260982157044,70
chr03,8838328,-0.00033022071307300493,0.08812215668584132,0.7674965071365537,0.11492359231302024,69
chr03,8878428,-0.00010636442894507397,0.008891213834098065,0.9251619094906317,0.0337822561852146,68
chr03,8878556,-8.06587837837836e-05,0.005277759814403828,0.9423025180862413,0.025809648328401425,69
chr03,8885086,0.00028405017921146993,0.06029117850196136,0.8068099484906561,0.09322875529323676,67
chr03,8885122,0.00028405017921146993,0.06029117850196136,0.8068099484906561,0.09322875529323676,67
chr03,8903870,0.00018181818181818156,0.0259551362815036,0.8724947382429409,0.05923718346213082,69
chr03,8909204,0.0001094158674803837,0.009497023509231976,0.9226622609132595,0.034957242705493115,68
chr03,8951713,-0.0001599099099099099,0.019685224568962437,0.8888536453710296,0.05116974211224971,67
chr03,9052568,0.0002683982683982686,0.050127726561690365,0.8236146504618573,0.08427593675270399,61
chr03,9058425,-6.060606060606048e-05,0.00293456361141129,0.9569596446444263,0.019106376202024846,69
chr03,9070647,0.0001140819964349378,0.010666553954182601,0.9180595232171979,0.037129160011467356,67
chr03,9070675,0.0001140819964349378,0.010666553954182601,0.9180595232171979,0.037129160011467356,67
chr03,9119856,-0.00011580086580086578,0.00847132507297698,0.9269782209639018,0.03293046933588052,61
chr03,9123216,0.0004342105263157893,0.1520254064272206,0.6978440239695165,0.15624163625801313,69
chr03,9148297,-0.00014927404718693271,0.017074204368198575,0.896441282291024,0.04747815184874973,67
chr03,9157905,0.0004328984156570364,0.14384757931223832,0.7057410618033921,0.15135461347724763,66
chr03,9158159,-0.0003265765765765766,0.0841175885995412,0.772716278132443,0.11197993875971866,67
chr03,9160838,0.0005052083333333333,0.18447033614494993,0.669024698596741,0.17455784894925197,65
chr03,9161004,-0.00044824561403508797,0.15930010461461042,0.6910902490272183,0.1604652346877345,68
chr03,9169802,-0.0002688172043010757,0.059618677857353336,0.8078348728712375,0.09267740299984126,70
chr03,9171987,-0.00010568760611205428,0.008704742343205918,0.9259442972870022,0.03341513870523277,69
chr03,9177968,-0.00015,0.017266828310931435,0.8958500620851415,0.04776467187589069,69
chr03,9220636,0.0001958333333333332,0.03013169225683367,0.8627074629386867,0.06413644503726551,70
chr03,9240789,-0.00034618874773139767,0.09149561652985981,0.7632501783607949,0.11733308554079752,67
chr03,9242362,0.0006149193548387098,0.30666805564247124,0.5815222335989054,0.23543367604348567,71
chr03,9298579,-0.00014837398373983727,0.017636654949315097,0.8947356645651625,0.04830525113870707,71
chr03,9298698,-0.00014837398373983727,0.017636654949315097,0.8947356645651625,0.04830525113870707,71
chr03,9317355,-0.00020178571428571427,0.032005519164654675,0.8585635982451387,0.06622752887358825,68
chr03,9317368,-0.00020178571428571427,0.032005519164654675,0.8585635982451387,0.06622752887358825,68
chr03,9374334,-0.0011398083623693387,0.9877758588576006,0.3238625049906897,0.48963932929218346,69
chr03,9374369,-0.0011398083623693387,0.9877758588576006,0.3238625049906897,0.48963932929218346,69
chr03,9384846,-0.0010719512195121951,0.9327630911074787,0.33751888000887853,0.4717019287460227,71
chr03,9387675,0.0010719512195121951,0.9327630911074787,0.33751888000887853,0.4717019287460227,71
chr03,9394960,-0.0012203532380151395,1.178948018533645,0.28140450699227554,0.5506689511578454,70
chr03,9429047,0.0011737068965517242,1.0660984190142166,0.30554112261643546,0.5149303300253324,69
chr03,9429270,0.0011011396011396009,0.9511123146453155,0.33310823253871613,0.4774146338895647,66
chr03,9453257,0.0012105263157894735,1.0711825087393163,0.30457347363440446,0.5163079235733776,66
chr03,9496288,0.0007898481973434533,0.4844531269601137,0.4889720121280079,0.3107159983942207,65
chr03,9502988,0.0008305921052631582,0.5576124564970679,0.4577979540425495,0.3393261525745743,70
chr03,9543862,-6.414473684210514e-05,0.0032745617857930197,0.9545347489796061,0.020208256882258947,70
chr03,9543895,6.414473684210552e-05,0.003274561785793195,0.9545347489796061,0.020208256882258947,70
chr03,9650987,-0.00015240641711229943,0.018483747194747508,0.8922770825499936,0.04950026139021381,67
chr03,9660320,-4.6683046683046724e-05,0.0017328209977132759,0.9669179019318946,0.014610398979643722,70
chr03,9660347,-4.6683046683046724e-05,0.0017328209977132759,0.9669179019318946,0.014610398979643722,70
chr03,9660364,-4.6683046683046724e-05,0.0017328209977132759,0.9669179019318946,0.014610398979643722,70
chr03,9674886,2.3923444976076396e-05,0.00046733952571000796,0.9828150399723306,0.007528206153074786,71
chr03,9674910,2.3923444976076396e-05,0.00046733952571000796,0.9828150399723306,0.007528206153074786,71
chr03,9675019,2.3923444976076396e-05,0.00046733952571000796,0.9828150399723306,0.007528206153074786,71
chr03,9715649,0.00011764705882352942,0.010719179820331654,0.9178535459327967,0.03722660993967077,68
chr03,9715680,0.0002098930481283422,0.0333200468292944,0.8557288255006045,0.0676638384150552,67
chr03,9727032,-0.00010702614379084951,0.009176909003039158,0.9239642049900678,0.03434485332146525,70
chr03,9727036,-0.00010702614379084951,0.009176909003039158,0.9239642049900678,0.03434485332146525,70
chr03,9727058,-0.00010702614379084951,0.009176909003039158,0.9239642049900678,0.03434485332146525,70
chr03,9745528,-4.7478991596638705e-05,0.0017518340538829008,0.9667388375238798,0.014690833818921665,69
chr03,9745626,-4.285714285714299e-05,0.0014699524427151047,0.9695289697504884,0.01343920957154735,70
chr03,9750282,2.341269841269815e-05,0.000449739379728432,0.9831416905994688,0.0073838870396621846,71
chr03,9750624,-0.00011428571428571428,0.010583657587548324,0.9183634590822576,0.036985404818327856,70
chr03,9763401,0.0006060606060606057,0.2807818018294693,0.5980228129546203,0.22328224853444506,66
chr03,9813804,0.0008733396584440229,0.5658985820076456,0.454694867120489,0.34227994835444764,65
chr03,9815008,0.00043923611111111116,0.14581749536989247,0.7037915267118378,0.1525559661516433,68
chr03,9815044,0.0003686655405405404,0.10515392449626151,0.7467404667032874,0.1268303131290365,69
chr03,9837546,0.0005776143790849673,0.2711652422933195,0.6042427472911519,0.21878855371358477,70
chr03,9837742,0.0005776143790849673,0.2711652422933195,0.6042427472911519,0.21878855371358477,70
chr03,9876935,-0.0007905525846702325,0.4778142125496143,0.4918755238999074,0.3081447877266591,67
chr03,9876973,-0.0007905525846702325,0.4778142125496143,0.4918755238999074,0.3081447877266591,67
chr03,9896289,0.0003890253890253889,0.12076400144169062,0.7292806820030746,0.13710529035936983,70
chr03,9942671,-0.00037941176470588256,0.11350362828213295,0.7372430893336026,0.1323892896860986,69
chr03,10082580,0.0005227272727272726,0.23297156770023075,0.6309507801446261,0.200004518323733,67
chr03,10098740,-0.00029656862745098015,0.0702082684701761,0.7918353348786619,0.10136512218419041,70
chr03,10098789,-0.00029656862745098015,0.0702082684701761,0.7918353348786619,0.10136512218419041,70
chr03,10105086,-0.0002063025210084032,0.03316560363060456,0.8560429436666614,0.06750444825548767,69
chr03,10146257,-1.474201474201489e-05,0.00017366292083817984,0.9895242712682961,0.004573548856660969,70
chr03,10146304,-1.474201474201489e-05,0.00017366292083817984,0.9895242712682961,0.004573548856660969,70
chr03,10191043,0.0006011029411764703,0.26054440672646373,0.6115024826840889,0.21360177539987668,66
chr03,10199068,0.0003272727272727276,0.08162817177500199,0.7759977529502609,0.11013953632263011,68
chr03,10199073,-0.0003272727272727272,0.08162817177500199,0.7759977529502609,0.11013953632263011,68
chr03,10199075,-0.0003272727272727272,0.08162817177500199,0.7759977529502609,0.11013953632263011,68
chr03,10207886,-0.00030701754385964897,0.07705365359166809,0.7821606545664438,0.1067040343752652,71
chr03,10215932,0.000552521008403361,0.20298511579922326,0.6539459386173327,0.18445815309871455,62
chr03,10271610,-0.00020255183413078179,0.03351702048502011,0.8552748478682496,0.0678942996213455,71
chr03,10284309,-0.00042588042588042615,0.15132746287046603,0.6984854923452566,0.15584260982157044,70
chr03,10330102,9.392789373814038e-05,0.006746865019265663,0.9347963525850167,0.029282990819060613,65
chr03,10330103,9.392789373814038e-05,0.006746865019265663,0.9347963525850167,0.029282990819060613,65
chr03,10330149,9.392789373814038e-05,0.006746865019265663,0.9347963525850167,0.029282990819060613,65
chr03,10330153,9.392789373814038e-05,0.006746865019265663,0.9347963525850167,0.029282990819060613,65
chr03,10344004,5.934343434343421e-05,0.0028823424212981188,0.9573439432175863,0.01893200599969434,69
chr03,10344057,5.934343434343421e-05,0.0028823424212981188,0.9573439432175863,0.01893200599969434,69
chr03,10431581,-0.00024880952380952354,0.05082869370842818,0.822293929970915,0.08497291561444552,71
chr03,10431605,0.00024880952380952354,0.05082869370842818,0.822293929970915,0.08497291561444552,71
chr03,10479130,-0.0001935960591133006,0.0279321285398095,0.8678123988590085,0.06157414918539436,64
chr03,10479445,-1.064701064701057e-05,9.013224821174751e-05,0.992452955160739,0.0032900707596423256,70
chr03,10479446,-1.064701064701057e-05,9.013224821174751e-05,0.992452955160739,0.0032900707596423256,70
chr03,10479460,-1.064701064701057e-05,9.013224821174751e-05,0.992452955160739,0.0032900707596423256,70
chr03,10479529,-0.00011932773109243711,0.011092222418424714,0.916436871491061,0.03789744593072876,69
chr03,10495442,-0.00018322734499205099,0.027511796187987318,0.8687468231208992,0.06110677054984215,71
chr03,10506005,-0.0002647058823529412,0.05464078741606108,0.8158997431531319,0.08836320358730634,68
chr03,10584617,-0.0005964285714285714,0.2930980383223955,0.5899858492723646,0.22915840472501994,71
chr03,10619594,-0.0007559523809523805,0.47206865311710366,0.49433987882543573,0.3059743532146487,71
chr03,10656030,0.0007559523809523805,0.47206865311710366,0.49433987882543573,0.3059743532146487,71
chr03,10683357,0.0009509803921568624,0.7322388486738568,0.39516365566498857,0.4032230055570263,70
chr03,10683608,-0.0006878151260504201,0.3908587052399872,0.5339719972166403,0.27248151782757374,69
chr03,10693035,-0.0009509803921568626,0.7322388486738568,0.39516365566498857,0.4032230055570263,70
chr03,10706801,0.0010571428571428572,0.9033234680510402,0.34525804433386065,0.4618561937946423,70
chr03,10727070,-0.0010190476190476189,0.8626609389334661,0.3562329977931108,0.448265854396316,71
chr03,10756436,-0.0010190476190476189,0.8626609389334661,0.3562329977931108,0.448265854396316,71
chr03,10771930,0.0009484797297297292,0.7339061605600748,0.3946737329483596,0.4037617766072357,69
chr03,10771984,0.0009484797297297292,0.7339061605600748,0.3946737329483596,0.4037617766072357,69
chr03,10773334,-0.0011709062003179658,1.1416589729337447,0.28902595472818204,0.5390631555510744,71
chr03,10776088,-0.0013357903357903364,1.4721161670898872,0.22920990109214479,0.6397666262473638,70
chr03,10783405,0.0014010416666666665,1.551084873351059,0.21737883136337438,0.6627827503587177,68
chr03,10783406,0.0014010416666666665,1.551084873351059,0.21737883136337438,0.6627827503587177,68
chr03,10786863,0.0013697916666666663,1.4749107248723579,0.22889991154135914,0.6403543751590396,68
chr03,10810450,-0.0012093749999999995,1.1022583884952681,0.297658905393654,0.5262811196451778,67
chr03,10813713,0.000819815668202765,0.5351563890816635,0.4671172362766036,0.33057410727503267,66
chr03,10813741,0.000819815668202765,0.5351563890816635,0.4671172362766036,0.33057410727503267,66
chr03,10821479,0.0011856060606060604,1.1279636242929718,0.29202337414827684,0.5345823853415097,69
chr03,10843927,-0.000921875,0.685043932696057,0.41083801687900023,0.38632937579324717,68
chr03,10861261,0.0012138248847926268,1.1953127309204528,0.2783586734842166,0.5553952417985831,66
chr03,10871495,-0.0010997474747474745,0.9790371910669649,0.3259966030358703,0.4867869253629295,69
chr03,10871497,-0.0012600327600327606,1.290492396985172,0.2599451032116097,0.5851183592967896,70
chr03,10871499,-0.0011709062003179658,1.1416589729337447,0.28902595472818204,0.5390631555510744,71
chr03,10914168,-0.001241964285714286,1.1941922670851202,0.27851921970558113,0.5551448302063349,67
chr03,10914455,0.001241964285714286,1.1941922670851202,0.27851921970558113,0.5551448302063349,67
chr03,10928607,-0.0010929565929565933,0.9820265369802736,0.32521220745547064,0.4878331607069843,70
chr03,10930881,-0.0021321428571428568,3.4671955264604515,0.06741599731925806,1.1712370363561802,63
chr03,10936376,0.0016084392014519054,2.121782195729062,0.15003136471138506,0.8238179402965682,67
chr03,10953833,-0.0014114035087719298,1.5689943812995222,0.21477329971353293,0.6680197104391171,68
chr03,10969772,0.0014689826302729527,1.7424342480456452,0.19125712283000904,0.7183823818048537,70
chr03,10980313,-0.0018766578249336872,2.783997474939425,0.09994800619052437,1.0002258649684743,68
chr03,10984275,0.0014288194444444446,1.6984828640926517,0.19701476901808607,0.7055012161600394,68
chr03,11100655,-0.002243589743589744,4.004290781207729,0.04949973685730566,1.3053971097881256,68
chr03,11102717,-0.0017011197243755384,2.3705286119945788,0.12828597045448537,0.8918208361219987,70
chr03,11149885,-0.002630487804878048,6.0259376989298765,0.01662277215430304,1.7792965478851015,71
chr03,11171601,-0.002630487804878048,6.0259376989298765,0.01662277215430304,1.7792965478851015,71
chr03,11196240,0.002630487804878048,6.0259376989298765,0.01662277215430304,1.7792965478851015,71
chr03,11196279,0.002630487804878048,6.0259376989298765,0.01662277215430304,1.7792965478851015,71
chr03,11196294,0.002630487804878048,6.0259376989298765,0.01662277215430304,1.7792965478851015,71
chr03,11214759,-0.002630487804878048,6.0259376989298765,0.01662277215430304,1.7792965478851015,71
chr03,11214866,-0.002630487804878048,6.0259376989298765,0.01662277215430304,1.7792965478851015,71
chr03,11264143,-0.0026199074074074076,5.627508548753534,0.020650610198919055,1.685067110975712,67
chr03,11278336,0.002744827586206897,6.575136526487074,0.012589438443224969,1.8999936413335825,69
chr03,11278337,0.002744827586206897,6.575136526487074,0.012589438443224969,1.8999936413335825,69
chr03,11368336,0.0027620967741935477,6.763902031306222,0.011371337329438276,1.9441884569796424,71
chr03,11373002,-0.002703571428571427,5.64765373325119,0.02063284403841351,1.685440904597928,63
chr03,11386755,0.0031821428571428556,8.2553287787036,0.005583709646061822,2.2530771731914285,63
chr03,11386775,0.0031821428571428556,8.2553287787036,0.005583709646061822,2.2530771731914285,63
chr03,11406854,0.0027620967741935477,6.763902031306222,0.011371337329438276,1.9441884569796424,71
chr03,11417710,-0.002557913351016799,5.556159632028903,0.021391023378912598,1.669768437626558,68
chr03,11424088,-0.002442528735632184,5.079992735370556,0.027382817359690857,1.5625218702699548,71
chr03,11428604,0.002803118908382067,6.307312825580333,0.014600455134839176,1.8356336058958156,65
chr03,11439512,-0.002890243902439024,7.408896627803298,0.008209859033743732,2.0856642998102575,71
chr03,11441008,0.0026258620689655174,5.967865405142287,0.017211502858009486,1.7641812066948341,69
chr03,11443877,0.0027473867595818823,6.478932990225375,0.01322406450672686,1.8786350409514916,69
chr03,11452187,-0.0026661059714045425,6.295838298467103,0.014490111938711754,1.8389282595131562,70
chr03,11491900,-0.002854529616724739,7.122811656353468,0.009538266788205333,2.020530534384327,69
chr03,11538974,0.0028125000000000008,6.860691767169876,0.010920621274981928,1.9617526538820769,68
chr03,11542254,-0.002890243902439024,7.408896627803298,0.008209859033743732,2.0856642998102575,71
chr03,11542391,-0.002890243902439024,7.408896627803298,0.008209859033743732,2.0856642998102575,71
chr03,11544962,-0.002898706896551724,7.108710965811216,0.009606187802082389,2.0174489271067175,69
chr03,11561246,-0.003114381833473509,8.590975189203332,0.004597356284869007,2.3374918380907332,70
chr03,11580204,-0.002695945945945947,5.998997129094935,0.017201578866826422,1.7644316890412393,63
chr03,11585225,-0.0027453095684802998,6.515744304769883,0.013050338842153448,1.884378212052363,67
chr03,11635662,-0.0032275747508305644,9.263470339193477,0.003306459759306598,2.480636758433291,71
chr03,11635787,-0.0032299006323396563,8.564232713430622,0.004697777348744005,2.3281075704667336,68
chr03,11641049,-0.0029974160206718333,7.94262954293821,0.006317373362898662,2.199463455121629,70
chr03,11641266,-0.0032357142857142858,8.683973324459435,0.004432932987094938,2.353308833905913,68
chr03,11645072,-0.0032580487804878054,8.563547275682158,0.00474222758543286,2.3240176075223373,66
chr03,11645152,-0.0032580487804878054,8.563547275682158,0.00474222758543286,2.3240176075223373,66
chr03,11645162,-0.0032580487804878054,8.563547275682158,0.00474222758543286,2.3240176075223373,66
chr03,11645296,-0.0032275747508305644,9.263470339193477,0.003306459759306598,2.480636758433291,71
chr03,11650200,-0.003249552772808587,9.311210914379084,0.0032627047035579705,2.486422230968075,69
chr03,11673723,0.002997416020671834,7.9426295429382145,0.006317373362898606,2.199463455121633,70
chr03,11673726,-0.0033618604651162783,9.642642222545222,0.0028006847711476174,2.5527357700965654,68
chr03,11673728,-0.0029974160206718333,7.94262954293821,0.006317373362898662,2.199463455121629,70
chr03,11770748,0.0028189655172413796,6.733175667331506,0.01161560998487843,1.9349579786221813,69
chr03,11770750,0.003056145004420867,8.257752404329501,0.00545389055096567,2.2632935817571695,68
chr03,11773215,0.0029380131362889985,7.600105693415801,0.007461604567056039,2.1271677704246503,71
chr03,11773258,0.0029380131362889985,7.600105693415801,0.007461604567056039,2.1271677704246503,71
chr03,11803934,0.002614500442086649,5.48080046536475,0.022256460443308375,1.6525439025425588,68
chr03,11804100,0.0028875000000000003,6.815671677071494,0.011172333488626337,1.951856109302165,68
chr03,11861907,-0.0025008771929824563,5.040448607323553,0.028118013989022805,1.5510153573388386,68
chr03,11881056,-0.0018124474348191766,2.7715572521857594,0.1005542655517046,0.9975995017328283,70
chr03,11901781,0.002053252032520325,3.550294006611544,0.0637481492174538,1.1955324194636532,71
chr03,11904494,-0.001875871080139373,2.872177661140532,0.09476640200632888,1.0233456079101713,69
chr03,11918056,0.002420849420849421,4.579376225667219,0.03623835034497934,1.4408315806524872,65
chr03,11918079,0.002417293233082706,4.691526277179755,0.0340435936765824,1.4679646015976935,66
chr03,11927999,0.001822994210090984,2.7352727903869316,0.1027642166571594,0.988158083917513,70
chr03,11956064,-0.002074248120300751,3.243105510862949,0.07643627517609128,1.116700484749997,66
chr03,12030650,0.002260723296888142,4.271527473490494,0.0425664240961553,1.3709328323349017,70
chr03,12030670,-0.0022607232968881426,4.271527473490494,0.0425664240961553,1.3709328323349017,70
chr03,12068976,0.0019696428571428573,3.1696995049547336,0.07961883075815525,1.098984204534008,68
chr03,12154128,-0.0019666666666666656,3.204171915543073,0.07790265553334286,1.1084477379138205,70
chr03,12164476,0.0017633620689655176,2.5657971224089273,0.1139022286210704,0.9434677783935574,69
chr03,12164597,-0.0018124474348191766,2.77155725218576,0.1005542655517046,0.9975995017328283,70
chr03,12187331,0.0016412380122057537,2.1286195035323114,0.1493139695470634,0.8258995585617028,68
chr03,12198454,-0.0021281362007168464,3.9136379193208963,0.05213703791614767,1.2828536462251157,67
chr03,12201671,-0.0020156249999999996,3.2557974234259226,0.07573402488397184,1.1207089619862927,68
chr03,12201985,-0.0018166666666666672,2.5711826934077386,0.11375054980908973,0.9440464955194064,66
chr03,12206623,0.0017226890756302515,2.412125034459845,0.12511007329578452,0.9027077214764403,69
chr03,12206640,0.0017226890756302515,2.412125034459845,0.12511007329578452,0.9027077214764403,69
chr03,12234298,-0.001882936507936507,3.0369140838218693,0.08584567481161494,1.0662815811410165,71
chr03,12234569,-0.001882936507936507,3.0369140838218693,0.08584567481161494,1.0662815811410165,71
chr03,12234575,-0.001882936507936507,3.0369140838218693,0.08584567481161494,1.0662815811410165,71
chr03,12237015,-0.0020531045751633974,3.592618505154471,0.062287887974962236,1.2055963947057278,70
chr03,12237072,-0.0020531045751633974,3.592618505154471,0.062287887974962236,1.2055963947057278,70
chr03,12262731,-0.0018151260504201685,2.6685782380505687,0.10703830883871782,0.9704607611963467,69
chr03,12317447,-0.0007866935483870972,0.5033547111496639,0.48042041615824893,0.31837854490679496,71
chr03,12317461,-0.0013822510822510824,1.5506508929007135,0.21744244253903774,0.6626556821381261,68
chr03,12320515,-0.0014479934479934486,1.7177499835139487,0.19439233524089736,0.7113208630116371,70
chr03,12320594,0.001509936406995231,1.9195500237048622,0.1703686795537421,0.7686102425929209,71
chr03,12360952,0.0016550480769230774,2.3001806834524583,0.13392728685607755,0.8731309291589785,71
chr03,12367109,0.001114285714285714,0.9629179899122002,0.33032880716388346,0.48105355090204543,63
chr03,12367113,0.001114285714285714,0.9629179899122002,0.33032880716388346,0.48105355090204543,63
chr03,12435779,0.0020374999999999994,3.5751230332976425,0.06291234012929933,1.2012641602077798,70
chr04,86523,0.0008874999999999996,0.6222564301779514,0.43295169071872697,0.3635605600548343,70
chr04,86524,0.0008874999999999996,0.6222564301779514,0.43295169071872697,0.3635605600548343,70
chr04,114879,0.00047867513611615233,0.17665119207355834,0.6756533094350539,0.1702760916645274,67
chr04,133494,0.001014061207609595,0.8234914096279924,0.36736605661778177,0.43490097351905754,70
chr04,144231,0.0009310483870967743,0.7070965058970758,0.4033140603653662,0.3943566373212903,71
chr04,163248,-0.0003505639097744365,0.09434661438844749,0.7597196430250581,0.1193466444959331,66
chr04,163280,-0.0003505639097744365,0.09434661438844749,0.7597196430250581,0.1193466444959331,66
chr04,300732,-0.0003653474903474904,0.10212316062528291,0.7503538025854147,0.12473391223539262,65
chr04,346136,-0.000861788617886179,0.6000001625211326,0.4412242600374774,0.3553406165610651,71
chr04,516802,-0.0006694139194139192,0.35351860908565697,0.5541609383774146,0.2563640899666628,68
chr04,557837,0.0017304457527333903,2.431257075493216,0.12357978670754592,0.9080525586910778,70
chr04,602284,0.0016087848932676513,2.115650588323217,0.15033417999239265,0.8229422669548586,71
chr04,667071,0.001481684981684981,1.7047680069682591,0.1962680149843155,0.7071504698733889,67
chr04,667154,0.001481684981684981,1.7047680069682591,0.1962680149843155,0.7071504698733889,67
chr04,680839,0.0016087848932676513,2.115650588323217,0.15033417999239265,0.8229422669548586,71
chr04,686914,0.0011215447154471546,1.022376008772361,0.31548872489444485,0.5010161571920344,71
chr04,692203,0.0020070175438596494,3.3747468986006974,0.0707055418462911,1.150546545199706,68
chr04,695519,0.0012885964912280703,1.3272021514280903,0.25345954157729655,0.5960913549579631,68
chr04,706803,0.0014463709677419356,1.7315284354770342,0.1925710230530969,0.7154090623564353,71
chr04,774758,0.0013418918918918913,1.40133280555603,0.24081167333561224,0.6183224644974195,67
chr04,788936,0.001455128205128205,1.6673540641466436,0.20105063207190768,0.6966945572046405,69
chr04,811446,0.0015736145574855255,2.03278784181455,0.15851257948731678,0.7999362666629963,70
chr04,861502,0.001058388157894737,0.9032984485354765,0.34526468097065355,0.46184784575733084,70
chr04,950179,0.0012958333333333333,1.3642085228549075,0.2468883363867194,0.6074994267247584,70
chr04,998453,0.0011476851851851854,0.9659312114475737,0.3293412080798326,0.48235392576544306,67
chr04,1002244,-0.0013124999999999999,1.3952397701958024,0.2416370222537168,0.6168365248162162,70
chr04,1040125,0.001352439024390244,1.4967353391182554,0.22533602535988928,0.6471693703521624,71
chr04,1051051,-0.0018419540229885057,2.8000454908310672,0.09878979544568266,1.0052879138183868,71
chr04,1051202,0.0018419540229885057,2.8000454908310672,0.09878979544568266,1.0052879138183868,71
chr04,1096159,0.0020919540229885057,3.4314762243753663,0.06843730761010593,1.1647070843599603,68
chr04,1096237,0.0017626126126126119,2.584213669074671,0.11278117514622064,0.9477633845050681,67
chr04,1176538,0.0015183823529411756,1.8825431644006625,0.1748356591448722,0.7573699847998165,66
chr04,1184177,0.0015416666666666662,1.9559100884017055,0.1666328755017102,0.7782393112098451,68
chr04,1185065,0.0015729166666666665,2.0271022787736084,0.15922557045870106,0.7979871864892647,68
chr04,1198746,0.001689393939393939,2.4250627341080646,0.1241198511627255,0.906158753868131,69
chr04,1203270,0.0018297297297297295,2.5353425842606163,0.11617464574294649,0.93488864316257,67
chr04,1203326,0.00185472972972973,2.4400833151820303,0.12327967017244437,0.9091085362175979,65
chr04,1203483,0.0017807486631016046,2.580154110457912,0.11305876437951444,0.9466957652591566,67
chr04,1203504,0.0017807486631016046,2.580154110457912,0.11305876437951444,0.9466957652591566,67
chr04,1203509,0.001988311688311688,3.1905281277006847,0.07865930377578949,1.1042499019088672,68
chr04,1209660,-0.0015864527629233516,2.116914259647975,0.15049231003512042,0.8224856913966443,67
chr04,1298109,-0.0016901960784313727,2.2307738495532705,0.14035805972286314,0.8527626440009332,64
chr04,1327288,0.002022058823529411,3.273517245484034,0.07510314752990914,1.1243418615813627,66
chr04,1332928,-0.0019489633173843692,3.2476099205436815,0.07589557030866961,1.1197835712276005,71
chr04,1345390,-0.0018813131313131313,2.8799181283551523,0.09433185253074712,1.0253416366099264,69
chr04,1357543,0.001985294117647059,3.1128302501873835,0.08237624779749084,1.0841979938551662,67
chr04,1420299,-0.0017714285714285714,2.725928397868411,0.10334210019235628,0.9857227166564011,70
chr04,1420523,-0.001877310924369748,3.0020339867327754,0.08776109453826178,1.0566979689684062,69
chr04,1421239,0.0019214285714285715,3.1762448049748158,0.07924722470612927,1.1010159381438842,69
chr04,1421335,-0.002029411764705882,3.4770282830965367,0.06667361312437078,1.1760460092893372,68
chr04,1421345,-0.002029411764705882,3.4770282830965367,0.06667361312437078,1.1760460092893372,68
chr04,1425943,0.0019769841269841265,3.3630171705924106,0.07098836786358997,1.1488128088376026,71
chr04,1434172,0.001799910873440286,2.6104973815738868,0.11100237134648677,0.9546677432701596,67
chr04,1461716,0.0021805896805896815,4.05603346870116,0.047972443977535396,1.3190081556445852,70
chr04,1461896,0.0020174880763116063,3.5034572173457366,0.06547995917902093,1.1838916000043156,71
chr04,1461944,-0.002017488076311607,3.5034572173457366,0.06547995917902093,1.1838916000043156,71
chr04,1535620,-0.002032667876588022,3.177822899395088,0.07931387970965605,1.1006508056981341,67
chr04,1550113,-0.0013322368421052634,1.504038318004649,0.224280862081225,0.649207783247703,70
chr04,1550226,-0.0015614035087719292,2.0498715301132986,0.15673335757344176,0.8048385627635076,71
chr04,1550270,-0.0015614035087719292,2.0498715301132986,0.15673335757344176,0.8048385627635076,71
chr04,1551013,-0.0011813725490196077,1.0866117245613656,0.30108478186216114,0.521311195069483,67
chr04,1552876,-0.0013402225755166945,1.5034195358782005,0.22431411664400058,0.6491433943275281,71
chr04,1569357,-0.0013421717171717175,1.435499980195206,0.23509007369938,0.6287657078746136,69
chr04,1594986,-0.0006906565656565659,0.4085291674436852,0.5248962423063763,0.27992653630300995,69
chr04,1595010,0.001150396825396825,1.103161267803384,0.29723815216048627,0.5268954472353268,71
chr04,1595016,0.001150396825396825,1.103161267803384,0.29723815216048627,0.5268954472353268,71
chr04,1605828,0.0005396613190730839,0.23486631157972615,0.6295679306750513,0.2009574024494718,67
chr04,1681878,0.0015344827586206901,1.879570291488219,0.1748910036057618,0.7572325300574194,70
chr04,1681927,0.0014382352941176469,1.6509575090653945,0.20325304292921295,0.6919629438029049,69
chr04,1681955,0.0014382352941176469,1.6509575090653945,0.20325304292921295,0.6919629438029049,69
chr04,1682112,0.0009472309299895509,0.6197688791482521,0.43423203046669256,0.3622781446267034,62
chr04,1688913,0.0010459459459459457,0.823501236015085,0.3675105909533817,0.4347301408618669,67
chr04,1688929,0.0010459459459459457,0.823501236015085,0.3675105909533817,0.4347301408618669,67
chr04,1688982,-0.0010459459459459452,0.823501236015085,0.3675105909533817,0.4347301408618669,67
chr04,1713964,0.0014239495798319326,1.617381500220586,0.20785409854165365,0.6822414074989989,69
chr04,1714251,-0.0015735294117647058,1.953663341761942,0.16687310126950547,0.7776136627916803,68
chr04,1714299,-0.0015735294117647058,1.953663341761942,0.16687310126950547,0.7776136627916803,68
chr04,1739760,0.0007361111111111109,0.43777105351674295,0.5104361283916752,0.2920585940716632,70
chr04,1842240,0.0007195340501792119,0.42389445490944955,0.517295306580299,0.2862614619263596,67
chr04,1842756,-0.000953174603174603,0.753559154647159,0.3883609345257002,0.4107644625261313,71
chr04,1864817,0.000877880184331797,0.5829579056670692,0.44796076911468885,0.34876001837472104,66
chr04,1864841,0.000877880184331797,0.5829579056670692,0.44796076911468885,0.34876001837472104,66
chr04,1864846,0.000877880184331797,0.5829579056670692,0.44796076911468885,0.34876001837472104,66
chr04,1900186,-0.0011572481572481577,1.0817620490189517,0.3019877406271576,0.52001068712909,70
chr04,1900216,-0.0011572481572481577,1.0817620490189517,0.3019877406271576,0.52001068712909,70
chr04,1900349,-0.001083116883116884,0.8990149173713672,0.34650487858093293,0.46029064640321826,68
chr04,1911706,0.001114467408585056,1.032645909921878,0.3130880883290966,0.5043334551277381,71
chr04,1924390,0.00011072362685265909,0.009343931725890289,0.9232861503395725,0.034663678980926774,68
chr04,1924463,-0.0003286290322580645,0.08731067318604048,0.768511697450204,0.11434951775510976,71
chr04,1924465,0.0003286290322580645,0.08731067318604048,0.768511697450204,0.11434951775510976,71
chr04,1925464,-0.0001470588235294119,0.016094331472620908,0.8994590310047811,0.04601861332316547,64
chr04,1930840,1.0647010647010618e-05,9.01322482117475e-05,0.992452955160739,0.0032900707596423256,70
chr04,1947862,-0.000817708333333333,0.5348811288688704,0.46715068552323247,0.330543009507675,68
chr04,2070980,-0.0023150000000000002,4.200615796261005,0.04432714511835637,1.3533302384563595,69
chr04,2102902,-0.0017586046511627906,2.3565320344232594,0.12953950537160572,0.887597765571398,68
chr04,2224835,0.0010902564102564104,0.9797968623710979,0.3260963800927633,0.4866540221522265,64
chr04,2225245,-0.0013910256410256411,1.5785744122130907,0.21360510252261594,0.6703883772476563,65
chr04,2275548,0.0009334935897435903,0.7154874858809325,0.40055197564742173,0.39734112184619685,71
chr04,2275660,0.0009334935897435903,0.7154874858809325,0.40055197564742173,0.39734112184619685,71
chr04,2303419,0.0013666666666666664,1.4387207389027794,0.23476831097668108,0.6293605245315127,66
chr04,2316052,-0.0007979797979797979,0.49650748736941064,0.48348096208694935,0.31562062235319754,69
chr04,2406463,-0.001001273344651953,0.7820006766263157,0.37969238368362257,0.42056811436230984,69
chr04,2407782,-0.0010124069478908188,0.8207744395503243,0.3681528571070102,0.4339718247649139,70
chr04,2428290,0.0009050480769230775,0.6721287515948774,0.41513344586575107,0.3818122756077642,71
chr04,2428444,0.0010124069478908188,0.8207744395503243,0.3681528571070102,0.4339718247649139,70
chr04,2558670,-0.0011916118421052637,1.1614664934386036,0.2849699829448734,0.5452008835983695,70
chr04,2558738,-0.0011916118421052637,1.1614664934386036,0.2849699829448734,0.5452008835983695,70
chr04,2564307,-0.0010235247208931412,0.8661569065651789,0.3552662719328533,0.4494460213559935,71
chr04,2624543,0.001232059645852749,1.2258409436736493,0.27236143171374777,0.5648543915455889,66
chr04,2624551,0.001232059645852749,1.2258409436736493,0.27236143171374777,0.5648543915455889,66
chr04,2624577,0.001232059645852749,1.2258409436736493,0.27236143171374777,0.5648543915455889,66
chr04,2626022,0.001142981691368788,1.0120246842996212,0.31809234908785394,0.4974467766294692,68
chr04,2626143,0.001142981691368788,1.0120246842996212,0.31809234908785394,0.4974467766294692,68
chr04,2651616,0.0013306451612903226,1.4144654545512687,0.2386429771213797,0.6222513416971074,67
chr04,2700233,-0.0007442434210526317,0.446977299130699,0.5060371497214773,0.295817599115127,70
chr04,2706697,0.0006047979797979803,0.3012929047085334,0.5848976989915491,0.23292008716332965,69
chr04,2706715,0.0004909090909090911,0.19518351299956144,0.6600811875967311,0.18040264452360755,68
chr04,2706721,0.0006047979797979803,0.3012929047085334,0.5848976989915491,0.23292008716332965,69
chr04,2706785,0.0006047979797979803,0.3012929047085334,0.5848976989915491,0.23292008716332965,69
chr04,2728347,-0.00038984438984439036,0.12295069513029039,0.726939936459355,0.13850147131687113,70
chr04,2754718,-0.0005715460526315789,0.26289865826892217,0.6097973224253621,0.2148144869211844,70
chr04,2754829,-0.0005715460526315789,0.26289865826892217,0.6097973224253621,0.2148144869211844,70
chr04,2841875,-0.00028326612903225803,0.05823967005773513,0.8101095370567747,0.0914562550435073,63
chr04,2842392,-3.109243697479015e-05,0.0007611465422974491,0.978072059383908,0.00962914742104461,69
chr04,2856064,-8.928571428571453e-05,0.006541242777983338,0.9357731513889355,0.028829419467523206,71
chr04,2882434,-8.928571428571453e-05,0.006541242777983338,0.9357731513889355,0.028829419467523206,71
chr04,2899854,8.928571428571453e-05,0.006541242777983338,0.9357731513889355,0.028829419467523206,71
chr04,2899926,8.928571428571453e-05,0.006541242777983338,0.9357731513889355,0.028829419467523206,71
chr04,2899928,8.928571428571453e-05,0.006541242777983338,0.9357731513889355,0.028829419467523206,71
chr04,2899930,8.928571428571453e-05,0.006541242777983338,0.9357731513889355,0.028829419467523206,71
chr04,2943036,-8.928571428571453e-05,0.006541242777983338,0.9357731513889355,0.028829419467523206,71
chr04,2943283,-6.512605042016796e-05,0.0034581133993728287,0.9532818909549537,0.020778656986274572,69
chr04,2946958,-0.00010661764705882334,0.009110119825901567,0.9242580576563197,0.03420675457100612,66
chr04,2987997,7.352941176470664e-06,4.330923608381072e-05,0.9947684482104688,0.0022779980154867792,70
chr04,3061023,8.928571428571453e-05,0.006541242777983338,0.9357731513889355,0.028829419467523206,71
chr04,3061071,8.928571428571453e-05,0.006541242777983338,0.9357731513889355,0.028829419467523206,71
chr04,3098590,-0.00013235294117647044,0.013920932436865895,0.9064363054663852,0.042662708012325835,68
chr04,3150578,0.00021813725490196054,0.03796573182262986,0.8460929590484885,0.07258191901306321,70
chr04,3188985,-0.00043923611111111073,0.1481903171033846,0.7015085549210055,0.1539670283671519,68
chr04,3192102,-7.499999999999949e-05,0.004462573231970827,0.9469439924206469,0.023675706848855532,67
chr04,3196564,4.761904761905044e-06,1.860444298365286e-05,0.9965709520696727,0.001491775743835559,71
chr04,3196893,7.142857142857149e-05,0.004083358153745816,0.9492364058355997,0.022625613743456313,70
chr04,3246763,3.842905405405419e-05,0.0011716239288538318,0.9727963190390605,0.011978081393758694,69
chr04,3313163,0.0011070261437908493,1.0035434371979823,0.32000614985789877,0.49484167535607637,70
chr04,3386201,0.0009256272401433692,0.6438853193441492,0.4252315450872457,0.3713745255477085,67
chr04,3412075,0.0012727272727272726,1.2035820895522389,0.2767176368025162,0.5579631598980361,66
chr04,3459803,-0.0008766891891891892,0.636136956220363,0.4279308319614301,0.368626421933149,69
chr04,3588543,0.0007406947890818861,0.4361065795454422,0.5112385692881434,0.2913763892057874,70
chr04,3781083,0.0001867321867321868,0.02787460138721993,0.8678994620099203,0.061530580841013885,70
chr04,3799308,-0.00014279279279279304,0.016027857057658506,0.8996468809306888,0.04592792140113588,67
chr04,3799325,0.00014279279279279307,0.016027857057658506,0.8996468809306888,0.04592792140113588,67
chr04,3816917,0.0002675324675324679,0.05502590766413224,0.815264035496797,0.08870171569116903,68
chr04,3837268,6.372549019607838e-05,0.0028934929491337595,0.9572744764857156,0.018963520392358765,64
chr04,3837315,6.372549019607838e-05,0.0028934929491337595,0.9572744764857156,0.018963520392358765,64
chr04,3839048,0.0007994652406417112,0.4943120021172972,0.48452075748389256,0.3146876124881262,67
chr04,3846411,-6.134453781512607e-05,0.002931127473206215,0.9569848254325549,0.019094948621438422,69
chr04,3918891,4.3010752688172196e-05,0.001424644117221482,0.9700071135261477,0.013225080832904757,67
chr04,4007134,-0.0003033154121863801,0.07451081528227298,0.7857442009445843,0.10471881553731327,67
chr04,4044858,-0.0004238738738738744,0.13939131337028998,0.7101017766484168,0.14867940076114294,67
chr04,4044922,-0.0003438596491228075,0.09364741842403788,0.7605536628582211,0.1188701377437908,68
chr04,4045080,-0.0002905405405405407,0.0656983971421781,0.7984914712039647,0.09772971825916997,69
chr04,4176233,-0.0007677484787018253,0.4631214152081265,0.4987437759933847,0.3021225109916003,63
chr04,4182811,-0.00026863226863226887,0.057425821537132216,0.8113326624251176,0.09080103995280167,70
chr04,4375630,-0.0004523809523809517,0.14758207569844947,0.702150421739651,0.15356983896214726,65
chr04,4377112,0.00039873949579831907,0.12987539535491416,0.7196949304645202,0.142851556474712,69
chr04,4397056,0.00022208931419457763,0.0402986996363206,0.8414882429845483,0.07495194747497132,71
chr04,4425550,0.00023873873873873867,0.0440110926706786,0.8344891477687163,0.0785793067915752,67
chr04,4425607,0.00023873873873873867,0.0440110926706786,0.8344891477687163,0.0785793067915752,67
chr04,4445130,0.0001998355263157895,0.03163658268537891,0.8593564197539671,0.06582667432011019,70
chr04,4505710,6.104380242311295e-05,0.002900316105048342,0.9572187797842641,0.018988789502112198,66
chr04,4505765,6.104380242311295e-05,0.002900316105048342,0.9572187797842641,0.018988789502112198,66
chr04,4535636,-3.367003367003522e-06,8.176787791210619e-06,0.9977282582647283,0.0009877272558255015,60
chr04,4546635,-0.00022208931419457774,0.0402986996363206,0.8414882429845483,0.07495194747497132,71
chr04,4619732,0.00022208931419457763,0.0402986996363206,0.8414882429845483,0.07495194747497132,71
chr04,4619765,0.0003013923013923017,0.0726641929826996,0.7883128104966022,0.10330141586667398,70
chr04,4619864,0.0003013923013923017,0.0726641929826996,0.7883128104966022,0.10330141586667398,70
chr04,4658543,0.0006276881720430112,0.31709704437406006,0.5752948296203448,0.24010952911624234,67
chr04,4676364,3.648648648648631e-05,0.000999772602809873,0.9748726374675806,0.011052119130237932,67
chr04,4752123,-6.182795698924714e-05,0.002580254717957402,0.9596594965177444,0.017882834684662455,61
chr04,4758618,0.0004886554621848737,0.18656484746752966,0.667178058963525,0.17575824448625205,69
chr04,4758676,0.0004886554621848737,0.18656484746752966,0.667178058963525,0.17575824448625205,69
chr04,4758678,0.0004886554621848737,0.18656484746752966,0.667178058963525,0.17575824448625205,69
chr04,4759483,0.00017605042016806752,0.024411032855193443,0.8763134287179513,0.05734053308207047,69
chr04,4778001,-0.0007018837018837025,0.39595344048772335,0.5312948851288133,0.27466436510103776,70
chr04,4783126,0.0005915032679738558,0.28001998573345493,0.5984113703147105,0.22300016310813,70
chr04,4788742,-0.0006065182829888717,0.30265917373574247,0.5839967169991072,0.23358959431427764,71
chr04,4833549,-5.71428571428569e-05,0.002645605571334007,0.9591293333172849,0.018122826657459918,70
chr04,4854779,8.912655971479313e-06,6.530528916577513e-05,0.9935769819461828,0.002798478288218768,67
chr04,4854880,3.0303030303030092e-05,0.000732667826724035,0.978489853407254,0.009443673462379726,66
chr04,4854924,3.0303030303030092e-05,0.000732667826724035,0.978489853407254,0.009443673462379726,66
chr04,4904209,0.0011765922249793214,1.1216568120461115,0.29330956880242365,0.532673768556087,70
chr04,4907585,0.0013321708805579776,1.4463861199565364,0.233405541278395,0.6318888375877244,68
chr04,4911996,-0.0015483870967741933,2.030022445104379,0.15900223662571603,0.7985967665765631,67
chr04,4912015,-0.0014315789473684213,1.6439278171734688,0.20427281803215214,0.6897894197798637,68
chr04,4912051,-0.0014299660441426149,1.6956411767618094,0.1973178430692592,0.7048336405656558,69
chr04,4933025,0.0012948717948717944,1.3260250658970232,0.25360631269055234,0.5958399403307172,69
chr04,4946123,0.0011814814814814808,0.9534903187077515,0.3327531320161835,0.47787784806682826,62
chr04,4956492,0.001273387096774194,1.3345874218514233,0.25197567985342,0.5986413743579723,71
chr04,4987072,-0.001273387096774194,1.3345874218514233,0.25197567985342,0.5986413743579723,71
chr04,4987218,0.001521929824561404,1.8843071970772942,0.17449201623633723,0.7582244390992107,68
chr04,4987224,0.001521929824561404,1.8843071970772942,0.17449201623633723,0.7582244390992107,68
chr04,5006896,-0.0017250000000000002,2.524961199198249,0.11669662473836384,0.932941705040338,70
chr04,5009190,0.0015048780487804875,1.8627793567800615,0.1767385743768192,0.7526686524701764,71
chr04,5016282,0.0014166666666666672,1.5374795704818982,0.21959201749904864,0.6583834511942822,65
chr04,5036099,-0.0012280172413793103,1.220298572233459,0.27325343005842473,0.5634343777914459,69
chr04,5036656,-0.001452696728558798,1.7640612447867632,0.18869354943869548,0.7242429461046149,68
chr04,5036967,-0.0013592741935483875,1.524801136803013,0.22108292543995603,0.6554447973287998,71
chr04,5037506,-0.0012377998345740283,1.2520614079459815,0.26709627077089343,0.5733321756062164,70
chr04,5055908,-0.0011125000000000002,1.0279179922099082,0.31424213498156545,0.5027355832580785,70
chr04,5148553,-0.0010464912280701757,0.8381656287365135,0.3632548835542193,0.4397885383888042,68
chr04,5168001,0.0008930390492359935,0.6273947817530956,0.4311080984771709,0.36541381873527473,69
chr04,5258058,-0.0012583333333333335,1.3206498361610852,0.25450155859727525,0.5943095536489377,70
chr04,5306447,0.0010430894308943082,0.8825770325301106,0.3507739880245694,0.45497261962825225,71
chr04,5306511,0.0010430894308943082,0.8825770325301106,0.3507739880245694,0.45497261962825225,71
chr04,5312286,-0.0012583333333333335,1.3206498361610852,0.25450155859727525,0.5943095536489377,70
chr04,5312327,-0.0012583333333333335,1.3206498361610852,0.25450155859727525,0.5943095536489377,70
chr04,5312330,-0.0012583333333333335,1.3206498361610852,0.25450155859727525,0.5943095536489377,70
chr04,5344089,0.001316666666666667,1.3568474385693148,0.24840808237863396,0.604834277757387,66
chr04,5344247,0.0013735632183908047,1.4297483573950749,0.23628680151391754,0.6265605364707275,65
chr04,5344249,0.0013735632183908047,1.4297483573950749,0.23628680151391754,0.6265605364707275,65
chr04,5344287,0.0013735632183908047,1.4297483573950749,0.23628680151391754,0.6265605364707275,65
chr04,5344288,0.0013735632183908047,1.4297483573950749,0.23628680151391754,0.6265605364707275,65
chr04,5350012,-0.001047275641025642,0.9029582141634603,0.34530634936237903,0.46179543593466743,71
chr04,5350021,-0.001047275641025642,0.9029582141634603,0.34530634936237903,0.46179543593466743,71
chr04,5377544,-0.0019265232974910401,3.0001973088116562,0.08799763107559468,1.0555290190389803,67
chr04,5377565,-0.0019265232974910401,3.0001973088116562,0.08799763107559468,1.0555290190389803,67
chr04,5377604,-0.0019265232974910401,3.0001973088116562,0.08799763107559468,1.0555290190389803,67
chr04,5381520,-0.0012161290322580647,1.2151996656587325,0.274135001006455,0.5620355110729681,71
chr04,5395093,-0.00138021778584392,1.4521196485367012,0.23255713614598278,0.6334703293785593,67
chr04,5395192,0.0013802177858439199,1.4521196485367012,0.23255713614598278,0.6334703293785593,67
chr04,5395225,0.0013802177858439199,1.4521196485367012,0.23255713614598278,0.6334703293785593,67
chr04,5400239,-0.0013023872679045095,1.4104968730868828,0.2392305697326928,0.6211833254447415,68
chr04,5400279,-0.0015564102564102566,1.9997092711478706,0.16195951496320074,0.7905935325279813,69
chr04,5400418,-0.0010302197802197805,0.892418176267354,0.34832124500470907,0.45802003600133645,67
chr04,5400421,-0.0010302197802197805,0.892418176267354,0.34832124500470907,0.45802003600133645,67
chr04,5400460,-0.0013023872679045095,1.4104968730868828,0.2392305697326928,0.6211833254447415,68
chr04,5400466,-0.0013023872679045095,1.4104968730868828,0.2392305697326928,0.6211833254447415,68
chr04,5400487,-0.0013023872679045095,1.4104968730868828,0.2392305697326928,0.6211833254447415,68
chr04,5405717,0.0013713921901528018,1.5564126473918571,0.216534210761463,0.6644734786585436,69
chr04,5405741,0.0011443341604631928,1.0544024798164355,0.3081342188139592,0.5112600698853392,70
chr04,5433308,0.0017013949433304274,2.386903395343957,0.12713753843850434,0.8957262013759366,68
chr04,5452793,0.0018031309297912715,2.560789353753951,0.11454715610747444,0.941015688684647,65
chr04,5452814,0.0018031309297912715,2.560789353753951,0.11454715610747444,0.941015688684647,65
chr04,5452847,0.0018031309297912715,2.560789353753951,0.11454715610747444,0.941015688684647,65
chr04,5467973,-0.0015300179211469537,1.9617258529587156,0.16608470921687657,0.7796703495378718,67
chr04,5496690,0.0014000000000000006,1.4043948293052502,0.24066178268405874,0.6185928706190766,62
chr04,5496729,-0.0014000000000000006,1.4043948293052502,0.24066178268405874,0.6185928706190766,62
chr04,5496731,-0.0014000000000000006,1.4043948293052502,0.24066178268405874,0.6185928706190766,62
chr04,5496946,0.0015878378378378377,2.016386074520575,0.16024567227836745,0.7952136905517578,69
chr04,5496992,0.0013134263295553616,1.3942068200162923,0.24193372805003788,0.6163035822998194,68
chr04,5505828,-0.0015552825552825557,1.9801987767861928,0.16392397749090526,0.7853575166530135,70
chr04,5532836,0.001407754010695187,1.586949807130606,0.21226693442643504,0.6731176521578425,67
chr04,5532865,0.001407754010695187,1.586949807130606,0.21226693442643504,0.6731176521578425,67
chr04,5545122,0.0015147058823529408,1.88292019168195,0.17464849061411541,0.7578351633661189,68
chr04,5545130,0.0015147058823529408,1.88292019168195,0.17464849061411541,0.7578351633661189,68
chr04,5584716,0.0014758394758394773,1.7862046772849434,0.18584411150816432,0.730851195020369,70
chr04,5585072,0.0016469049694856142,2.1124533172753672,0.15084350556555498,0.8214733832533858,68
chr04,5657593,-0.0017209595959595955,2.5005264503138096,0.11851790290866654,0.9262160416608669,69
chr04,5721729,-0.0019517543859649124,3.0446242516243647,0.08565954934991445,1.0672242147323545,68
chr04,5721775,-0.0019517543859649124,3.0446242516243647,0.08565954934991445,1.0672242147323545,68
chr04,5721786,-0.0019517543859649124,3.0446242516243647,0.08565954934991445,1.0672242147323545,68
chr04,5721787,-0.0019517543859649124,3.0446242516243647,0.08565954934991445,1.0672242147323545,68
chr04,5721816,-0.0019517543859649124,3.0446242516243647,0.08565954934991445,1.0672242147323545,68
chr04,5728415,0.0017015224358974364,2.435798491301474,0.12316867638866665,0.9094997256230212,71
chr04,5728524,-0.0017015224358974367,2.435798491301474,0.12316867638866665,0.9094997256230212,71
chr04,5728550,-0.0018229942100909844,2.7352727903869356,0.1027642166571594,0.988158083917513,70
chr04,5728560,-0.0018229942100909844,2.7352727903869356,0.1027642166571594,0.988158083917513,70
chr04,5792632,0.0013625,1.4898529094473225,0.22645504392175533,0.6450180016624554,70
chr04,5793663,-0.0011476426799007446,1.0662852216677159,0.3054446887589167,0.5150674222188238,70
chr04,5880826,0.000733333333333333,0.42422518917621344,0.5170314193707783,0.28648306455645867,70
chr04,5880908,-0.0010119363395225463,0.8134314811293739,0.37038734281531216,0.4313438628091864,68
chr04,5896977,0.0007833333333333334,0.49497956126318265,0.4840817875991805,0.3150812563261935,71
chr04,6015385,0.0010535714285714285,0.8369803481971717,0.36359225187156163,0.4393853801400571,68
chr04,6021552,0.0010789695945945938,0.9175746866244344,0.34155647878622974,0.46653747237156185,69
chr04,6021685,0.0011291118421052635,1.0299419337455529,0.31376974385747425,0.503388936814273,70
chr04,6042619,-0.0009545078577336642,0.7286023405918913,0.3963335024922857,0.40193921473986766,70
chr04,6058848,0.0009138655462184872,0.6108415045859916,0.43754438316592603,0.3589778869013228,62
chr04,6134092,0.0007968749999999998,0.4825345247766053,0.4897147358622349,0.31005682755750597,68
chr04,6137932,4.385964912280806e-06,1.428497466306824e-05,0.9969963077791574,0.001306450027468747,65
chr04,6170475,-0.00048749999999999987,0.1871547215424805,0.6666643092517472,0.1760927947768331,70
chr04,6170713,-0.0003858870967741937,0.12044373784479817,0.729609999029978,0.13690922279670797,71
chr04,6173426,-0.0009478337754199825,0.7272343880823159,0.3968652873876778,0.4013568858629774,68
chr04,6203409,0.0002597187758478079,0.05341345144976966,0.8179206124394047,0.08728884700428215,70
chr04,6216441,-0.00016546474358974356,0.022256157502946208,0.8818428538248864,0.054608800125871035,71
chr04,6216542,-0.0002597187758478079,0.05341345144976966,0.8179206124394047,0.08728884700428215,70
chr04,6216609,-0.0002597187758478079,0.05341345144976966,0.8179206124394047,0.08728884700428215,70
chr04,6231649,0.00020238095238095258,0.02931716558287452,0.8645975327928149,0.06318600809914592,65
chr04,6238835,0.00023981324278438045,0.044370679313154214,0.8338047984704899,0.07893560987743685,69
chr04,6248849,0.0002597187758478079,0.05341345144976966,0.8179206124394047,0.08728884700428215,70
chr04,6248889,0.0002597187758478079,0.05341345144976966,0.8179206124394047,0.08728884700428215,70
chr04,6248920,0.00016546474358974345,0.022256157502946208,0.8818428538248864,0.054608800125871035,71
chr04,6258817,0.0002597187758478079,0.05341345144976966,0.8179206124394047,0.08728884700428215,70
chr04,6259294,-0.00010608552631578934,0.008941581247228797,0.9249424639373209,0.03388528171685142,70
chr04,6259369,0.00016546474358974345,0.022256157502946208,0.8818428538248864,0.054608800125871035,71
chr04,6286188,-0.00031003289473684214,0.07674161014366176,0.7826030041113302,0.10645848934299307,70
chr04,6290531,-0.0002025518341307814,0.03351702048502011,0.8552748478682496,0.0678942996213455,71
chr04,6295745,5.000000000000008e-05,0.0018383502369845829,0.9659359946429096,0.01505165007967406,65
chr04,6333671,-0.0007357142857142857,0.4213603601199251,0.5186185423237062,0.28515195982870367,65
chr04,6381092,0.0003598214285714287,0.10146809058737485,0.7510962232879165,0.12430442176275747,67
chr04,6381113,-0.0003598214285714287,0.10146809058737485,0.7510962232879165,0.12430442176275747,67
chr04,6384805,-0.00015287162162162137,0.018469972262649834,0.8923044662533085,0.04948693323353457,69
chr04,6408211,0.00020255183413078124,0.03351702048502011,0.8552748478682496,0.0678942996213455,71
chr04,6408314,6.439393939393924e-05,0.0032483086444018766,0.9547196588751591,0.020124134674963087,69
chr04,6433450,0.0002678855325914151,0.05883475035818904,0.8090667900095723,0.09201562506844685,71
chr04,6441812,-0.00026392961876832877,0.05003108263198172,0.8237445909298919,0.08420742415758514,64
chr04,6471069,-0.0003051587301587298,0.07648704706570757,0.7829424974921125,0.10627013313862013,71
chr04,6488443,-0.0003658088235294118,0.10201912995545993,0.7504601838734927,0.12467234457026659,66
chr04,6490553,-0.0003051587301587298,0.07648704706570757,0.7829424974921125,0.10627013313862013,71
chr04,6490628,-0.0003051587301587298,0.07648704706570757,0.7829424974921125,0.10627013313862013,71
chr04,6493424,0.0003051587301587298,0.07648704706570757,0.7829424974921125,0.10627013313862013,71
chr04,6503152,-0.0005298935298935302,0.22511524583095036,0.6366898529915381,0.1960720714882839,70
chr04,6515039,-0.0005298935298935302,0.22511524583095036,0.6366898529915381,0.1960720714882839,70
chr04,6521519,-0.0005535037878787879,0.23270256287093866,0.6311989902179633,0.1998337045754378,65
chr04,6521792,-0.0001579861111111111,0.02013842352002307,0.8875834633467534,0.05179079774709994,68
chr04,6526024,-0.00043720190779014337,0.15693361350635543,0.6932178960296359,0.159130234119408,71
chr04,6544884,0.00043720190779014326,0.15693361350635543,0.6932178960296359,0.159130234119408,71
chr04,6603492,-0.0006685855263157896,0.3576037626059391,0.551826587755007,0.2581973784543175,70
chr04,6667954,0.0012541666666666665,1.2717066354949778,0.2634101230510348,0.5793675387868199,70
chr04,6684834,-0.0009617996604414259,0.7233392523628013,0.398079994329816,0.4000296475113111,69
chr04,6713762,0.0013085194375516958,1.397230616094244,0.2413048675067297,0.6174339175856506,70
chr04,6742478,0.0008604928457869639,0.6119194907427709,0.43674230233471134,0.35977474079956884,71
chr04,6742522,0.0008604928457869639,0.6119194907427709,0.43674230233471134,0.35977474079956884,71
chr04,6742523,0.0008604928457869639,0.6119194907427709,0.43674230233471134,0.35977474079956884,71
chr04,6742725,0.0008604928457869639,0.6119194907427709,0.43674230233471134,0.35977474079956884,71
chr04,6763384,0.0008604928457869639,0.6119194907427709,0.43674230233471134,0.35977474079956884,71
chr04,6798747,-0.000860492845786964,0.6119194907427709,0.43674230233471134,0.35977474079956884,71
chr04,6824517,0.0002961049284578698,0.07189667449463129,0.7893949647371878,0.10270564813790478,71
chr04,6873432,0.0003168067226890758,0.07911432270420797,0.7793681128347013,0.10825736695906739,69
chr04,6875131,0.00027436974789915965,0.06007837971957457,0.8071212948251144,0.09306119425585875,69
chr04,6903955,0.0005214285714285714,0.2036466019925475,0.6532954024502715,0.18489039813577016,67
chr04,6990709,-0.00025,0.048457164923048864,0.8264494814627431,0.08278368848395991,68
chr04,7052210,0.00036117936117936153,0.10550742994141946,0.7463152089000036,0.1270777079521024,70
chr04,7096924,3.293650793650793e-05,0.0008900529611854942,0.9762857629474382,0.010423043904655432,71
chr04,7107114,-0.00038510101010101036,0.11715526543761867,0.7332119624856708,0.1347704580590629,69
chr04,7117419,-0.0002482893450635386,0.044874657650551604,0.8329295171642305,0.0793917472147435,64
chr04,7118496,-0.0005763888888888888,0.2593820284811702,0.612243659157952,0.21307570405048742,68
chr04,7151914,-0.0002000000000000001,0.032083192913195904,0.858377821719375,0.06632151195231538,70
chr04,7152092,-0.00027698412698412686,0.06300300666302956,0.8025569972773222,0.09552411440719219,71
chr04,7155584,0.0006176470588235295,0.30492813141683667,0.5826744882393529,0.2345739965990958,68
chr04,7155740,0.0004232026143790845,0.14529587319353982,0.7042603190911554,0.15226678084696094,70
chr04,7188969,0.0008714285714285716,0.6188864212266781,0.4341945796909805,0.36231560240391697,70
chr04,7189061,-0.0008714285714285716,0.6188864212266781,0.4341945796909805,0.36231560240391697,70
chr04,7201696,-0.00023015873015873033,0.04348942757019466,0.8354208106207377,0.07809471051070933,71
chr04,7201708,-0.00023015873015873033,0.04348942757019466,0.8354208106207377,0.07809471051070933,71
chr04,7229593,7.79220779220823e-06,4.6247361408965464e-05,0.9945945089681432,0.0023539427826780863,68
chr04,7250439,-0.0005493506493506496,0.2297249324090932,0.6333122109498559,0.19838213822088008,68
chr04,7261890,-0.0009407563025210082,0.7087908354730441,0.4028406134952751,0.39486675130676124,69
chr04,7261929,-0.0008000000000000001,0.5193722174052816,0.4735798808280369,0.3246067560971358,70
chr04,7261947,-0.0008000000000000001,0.5193722174052816,0.4735798808280369,0.3246067560971358,70
chr04,7302751,-0.0006666666666666665,0.3561031959953787,0.5526600777025437,0.2575419062517613,70
chr04,7348920,0.000945548489666137,0.7402307805506894,0.39256663898043953,0.4060866102946423,71
chr04,7362747,-0.001078431372549019,0.9516532560915034,0.3327565330401985,0.4778734092253205,70
chr04,7442327,-0.000945548489666137,0.7402307805506894,0.39256663898043953,0.4060866102946423,71
chr04,7443596,0.0012166666666666675,1.1555697107484248,0.28642227126915554,0.5429932157173716,66
chr04,7475302,-0.000861908783783784,0.5806828999899667,0.44871903189264173,0.3480255099840477,69
chr04,7481529,0.0009695852534562216,0.6890316700608963,0.40957964946521974,0.3876616300217825,66
chr04,7481540,-0.0009695852534562216,0.6890316700608963,0.40957964946521974,0.3876616300217825,66
chr04,7490109,-0.0009311688311688315,0.6684091071345002,0.41654851167831064,0.3803344129190683,68
chr04,7519201,-0.0005403225806451614,0.22232046677078934,0.6389063555676113,0.19456279167031063,65
chr04,7562310,0.0007936507936507939,0.520689758477679,0.4729857683280968,0.32515192655512926,71
chr04,7586053,0.0007571428571428573,0.46616034908579623,0.4970784161463043,0.3035750941373357,70
chr04,7611796,0.0004093799682034978,0.1375572091913183,0.7118579299428418,0.1476066726530518,71
chr04,7628941,-2.857142857142835e-05,0.0006511975331105815,0.9797160750359958,0.008899766053230581,70
chr04,7628954,-2.857142857142835e-05,0.0006511975331105815,0.9797160750359958,0.008899766053230581,70
chr04,7629024,-2.857142857142835e-05,0.0006511975331105815,0.9797160750359958,0.008899766053230581,70
chr04,7629052,2.857142857142835e-05,0.0006511975331105815,0.9797160750359958,0.008899766053230581,70
chr04,7630582,0.00018790849673202628,0.029479751069349764,0.864185933583533,0.06339280700971062,70
chr04,7648034,0.00013562091503267957,0.014736878862240335,0.903735762288282,0.0439585316430183,70
chr04,7664228,0.00013562091503267943,0.014736878862240333,0.903735762288282,0.0439585316430183,70
chr04,7688039,-0.0003277310924369747,0.08732439009624317,0.7685204806262285,0.11434455431330878,69
chr04,7688232,-0.0003277310924369747,0.08732439009624317,0.7685204806262285,0.11434455431330878,69
chr04,7709249,0.0002181372549019603,0.037965731822629877,0.8460929590484885,0.07258191901306321,70
chr04,7759786,0.00024324324324324326,0.04722055677206936,0.8286529546950145,0.08162731675703021,67
chr04,7759793,0.00024324324324324326,0.04722055677206936,0.8286529546950145,0.08162731675703021,67
chr04,7776338,0.00013762626262626312,0.015419822885321037,0.901547264107833,0.0450115002192753,69
chr04,7776339,0.00013762626262626312,0.015419822885321037,0.901547264107833,0.0450115002192753,69
chr04,7794926,-0.00012316176470588222,0.01109286984955761,0.916449162690381,0.037891621236840346,66
chr04,7794982,-9.001782531194264e-05,0.006108949781643771,0.93794107384248,0.027824445319145397,67
chr04,7800134,-0.00035732323232323204,0.1006913391922231,0.7519883306629734,0.12378889872750656,69
chr04,7804751,8.018433179723546e-05,0.004907786457674128,0.9443678509663362,0.02485880599141745,66
chr04,7818146,0.00022222222222222253,0.038821624029911087,0.844417274242952,0.07344289091192117,67
chr04,7840113,3.3613445378153975e-06,8.800149018046608e-06,0.9976418903988091,0.0010253233756542127,69
chr04,7840191,3.3613445378153975e-06,8.800149018046608e-06,0.9976418903988091,0.0010253233756542127,69
chr04,7895391,-0.00020989304812834222,0.03345953882388774,0.8554305467773891,0.06781524547505476,67
chr04,7895392,-0.00020989304812834222,0.03345953882388774,0.8554305467773891,0.06781524547505476,67
chr04,7917859,0.00030392156862745124,0.07185258609808823,0.789507105147065,0.10264395721708221,67
chr04,8020626,0.0001402597402597403,0.014828816303622809,0.9034483121862973,0.04409668911787718,68
chr04,8020634,0.0001402597402597403,0.014828816303622809,0.9034483121862973,0.04409668911787718,68
chr04,8029292,0.0,0.0,1.0,-0.0,68
chr04,8029348,0.0,0.0,1.0,-0.0,68
chr04,8038412,-0.0006199596774193547,0.27670638527623354,0.6007754468586748,0.22128782485822804,63
chr04,8044959,0.0003308823529411764,0.0914900520348282,0.7632146350827035,0.11735331037586832,70
chr04,8044987,-0.00033088235294117646,0.0914900520348282,0.7632146350827035,0.11735331037586832,70
chr04,8114630,-0.0005258467023172909,0.21973485156343436,0.6408103866809294,0.19327045753297128,67
chr04,8207937,-2.1212121212121543e-05,0.00033957628895288247,0.9853533333516727,0.006408009899324907,68
chr04,8207967,-9.11764705882355e-05,0.006442991676755866,0.9362631926969172,0.02860204969289834,69
chr04,8247823,-0.00033088235294117646,0.0914900520348282,0.7632146350827035,0.11735331037586832,70
chr04,8247940,0.0003308823529411764,0.0914900520348282,0.7632146350827035,0.11735331037586832,70
chr04,8270093,0.000316666666666667,0.07107958586578805,0.7906420504401788,0.10202009134837141,65
chr04,8271776,0.0003308823529411764,0.0914900520348282,0.7632146350827035,0.11735331037586832,70
chr04,8293936,-0.0008870129870129874,0.6763476130422762,0.4138086249069953,0.3832004616874933,68
chr04,8336565,0.00012173202614379068,0.011872538437833632,0.9135541825890244,0.03926568968900113,70
chr04,8339122,-0.00036994949494949546,0.11157948375475739,0.7393963326835298,0.13112270780572535,69
chr04,8339323,-0.00012173202614379086,0.011872538437833632,0.9135541825890244,0.03926568968900113,70
chr04,8372036,-3.6616161616161687e-05,0.0010478873958172654,0.9742723598146078,0.011319618244876803,69
chr04,8372074,3.6616161616161687e-05,0.0010478873958172654,0.9742723598146078,0.011319618244876803,69
chr04,8399950,-6.617647058823533e-05,0.003490756066414029,0.9530595900391601,0.02087994425558216,70
chr04,8423820,0.00040767973856209124,0.13339742665800386,0.7160687488820056,0.14504527961006802,70
chr04,8429503,-0.000928308823529412,0.676292867927026,0.41391965019331933,0.3830839556529844,66
chr04,8439755,-0.00026428571428571457,0.05444575953495064,0.8162118152839981,0.08819712277580535,69
chr04,8439918,-0.00018055555555555555,0.025994274617448444,0.8723923608783215,0.059288145985264155,70
chr04,8495905,0.00023611111111111117,0.04468648740833358,0.8332138347850545,0.0792435275853991,70
chr04,8496054,-8.5573476702509e-05,0.005419892972070598,0.9415389064420238,0.026161729280912583,67
chr04,8537974,0.0009142857142857147,0.7054127706132051,0.40391419821812213,0.3937108804289073,70
chr04,8538617,-0.0009142857142857147,0.7054127706132051,0.40391419821812213,0.3937108804289073,70
chr04,8561496,0.0008030303030303028,0.5051957110051004,0.479693043623851,0.31903657950717174,69
chr04,8634730,0.0008906249999999996,0.6056577465358927,0.43920857609984665,0.35732918832919375,68
chr04,8634731,0.0008906249999999996,0.6056577465358927,0.43920857609984665,0.35732918832919375,68
chr04,8636231,0.0008333333333333331,0.5453899624566465,0.46278664528710634,0.3346191820491566,69
chr04,8679371,-0.00042147435897435927,0.14466086650466586,0.7048591019122922,0.15189768779941046,71
chr04,8680551,0.0006757215619694397,0.36872136835295416,0.5457545264857062,0.26300265356731184,69
chr04,8774368,-0.0005123089983022071,0.20518428270408381,0.6520319094732041,0.18573115002110152,69
chr04,8774408,-0.0005123089983022071,0.20518428270408381,0.6520319094732041,0.18573115002110152,69
chr04,8825144,0.0006083333333333333,0.30884333166410133,0.5803284649847237,0.23632612686334015,66
chr04,8829675,0.0005202646815550039,0.21484319795931017,0.6444777828181147,0.19079204955310194,70
chr04,8829688,0.0007402376910016977,0.4451681560341158,0.5069300006076575,0.2950520060486155,69
chr04,8851596,0.0005041356492969397,0.20133368938127308,0.6550731211590586,0.1837102200945242,70
chr04,8944407,-0.0008293103448275861,0.5272648167415466,0.47028816240049043,0.3276359527207447,69
chr04,9013935,-8.348214285714277e-05,0.005380150867763485,0.941753246336809,0.026062874056754688,67
chr04,9021811,-0.0007133995037220846,0.40810042510574457,0.5250812065956857,0.2797735254528986,70
chr04,9055846,-0.0010256410256410252,0.8539597404185421,0.35875083051640466,0.4452070848550964,69
chr04,9055849,-0.0010256410256410252,0.8539597404185421,0.35875083051640466,0.4452070848550964,69
chr04,9067898,-0.0007008064516129033,0.3988463546796979,0.5297724200218057,0.27591065484233374,71
chr04,9123911,1.1884550084889596e-05,0.00011063807408802327,0.9916388927212729,0.003646448258598206,69
chr04,9139242,0.00033468468468468446,0.0854473827514441,0.7709777035902707,0.11295818141431908,67
chr04,9139397,0.00023333333333333374,0.04078578090106543,0.8405925570967634,0.07541445971020991,66
chr04,9174234,0.0003198198198198198,0.07890688349585853,0.779676487781593,0.10808556233014797,67
chr04,9174265,5.100261551874465e-05,0.0019792703029423045,0.9646489588074706,0.015630700116450794,68
chr04,9245961,-0.0007410714285714285,0.4145244092894515,0.5219130941209593,0.28240180712395824,68
chr04,9379665,-0.000633928571428571,0.29973659331315533,0.5858943007312736,0.23218072655810404,68
chr04,9405687,0.0007773833671399596,0.4688568934222925,0.49610708887501354,0.3044245672849076,63
chr04,9410163,0.0001944444444444444,0.02711946541522154,0.8697316835644762,0.06061470866906365,64
chr04,9426904,-0.00017229729729729723,0.024348379373478155,0.8764709534208336,0.05726247201522556,69
chr04,9427056,0.00026503923278116837,0.0561314284615218,0.8134521237419864,0.08966800266139714,68
chr04,9439654,0.00010979729729729673,0.009780448411144666,0.9215160212939186,0.0354971098219485,69
chr04,9439670,-0.00010979729729729723,0.009780448411144666,0.9215160212939186,0.0354971098219485,69
chr04,9439699,-0.00010979729729729723,0.009780448411144666,0.9215160212939186,0.0354971098219485,69
chr04,9450720,-8.234295415959261e-05,0.005228161730688449,0.9425737844909948,0.02568464330461025,69
chr04,9553958,-0.0014966856060606058,1.9015005439592456,0.1727867653389468,0.7624895255167592,65
chr04,9585395,0.00019065343258891653,0.028721712753140075,0.8659263426923158,0.06251904830916706,70
chr04,9600651,-0.00029440789473684207,0.06904780655225784,0.7935227509803804,0.10044061713396889,70
chr04,9628205,0.0002174329501915708,0.03785659939595317,0.846357444434295,0.07244618145254328,65
chr04,9676670,-4.084967320261449e-05,0.0013926077431939473,0.9703410632031131,0.01307558961776012,70
chr04,9686344,4.6753246753246516e-05,0.001738403825962531,0.9668683790721648,0.014632642911069547,68
chr04,9878382,-0.00020698924731182795,0.034678476884329394,0.852850963176369,0.06912685573193682,67
chr04,9878591,-0.0001437346437346439,0.016547644527813953,0.898024083957963,0.0467120159053145,70
chr04,9878670,-0.0001437346437346439,0.016547644527813953,0.898024083957963,0.0467120159053145,70
chr04,9902664,-0.00030882352941176465,0.07482531504989871,0.7852906954516521,0.10496954827280593,68
chr04,9902665,-0.00023707664884135493,0.04295378198872467,0.8364602518886353,0.07755469163592572,67
chr04,9902715,-0.00030882352941176465,0.07482531504989871,0.7852906954516521,0.10496954827280593,68
chr04,9996384,0.0009930735930735932,0.7512811421690533,0.3892111961218173,0.4098146752279746,68
chr04,10029655,-0.0008865546218487398,0.6223749324348499,0.43294888168494383,0.3635633778099216,69
chr04,10029664,-0.0008865546218487398,0.6223749324348499,0.43294888168494383,0.3635633778099216,69
chr04,10029749,-0.0008865546218487398,0.6223749324348499,0.43294888168494383,0.3635633778099216,69
chr04,10054440,-0.0011319073083778965,0.9578326506104657,0.33136217469999263,0.47969706820585145,67
chr04,10061809,-0.0009803921568627447,0.7762579231105126,0.38139158563091524,0.4186288927120718,70
chr04,10061815,-0.0009803921568627447,0.7762579231105126,0.38139158563091524,0.4186288927120718,70
chr04,10061861,-0.0009803921568627447,0.7762579231105126,0.38139158563091524,0.4186288927120718,70
chr04,10061906,0.0009803921568627442,0.7762579231105083,0.38139158563091524,0.4186288927120718,70
chr04,10062273,0.0010151515151515154,0.789795469540356,0.3774900712203979,0.4230944667391644,66
chr04,10112183,0.0009581339712918658,0.7578418035318585,0.387023404678979,0.41226277085813584,71
chr04,10112269,-0.0009581339712918658,0.7578418035318585,0.387023404678979,0.41226277085813584,71
chr04,10112300,0.0009581339712918658,0.7578418035318585,0.387023404678979,0.41226277085813584,71
chr04,10128177,-0.001140151515151516,1.0373377308594434,0.3121052111012522,0.5056989800253918,69
chr04,10131819,0.0009581339712918658,0.7578418035318585,0.387023404678979,0.41226277085813584,71
chr04,10194711,0.0010455357142857146,0.8395883517626449,0.36290164636477795,0.4402110615445072,67
chr04,10303275,-0.0009834229390681005,0.7286841273356676,0.39644498592964816,0.4018170705528183,67
chr04,10318287,-0.0014042016806722687,1.5944631619851861,0.21106677672015045,0.6755801220814213,69
chr04,10319552,-0.0009926289926289926,0.7925573636568796,0.37646690745606515,0.4242731935426193,70
chr05,4440,-0.0009632616487455198,0.6888609240387844,0.40959006636856865,0.38765058468268915,67
chr05,52147,0.001161764705882353,1.048301754451579,0.30975306288756893,0.5089843905577318,66
chr05,406397,-0.0008218954248366008,0.5454575487019278,0.4627212160888746,0.33468058734019857,70
chr05,440039,-0.0007796536796536799,0.47455847181851957,0.4933121247666513,0.306878210192553,68
chr05,440326,0.0006798319327731093,0.3690428078099221,0.5455799962220043,0.2631415615364449,69
chr05,473750,-0.0006729055258467022,0.34489340501228893,0.5590527227931963,0.2525472330108334,67
chr05,475558,-0.0008218954248366008,0.5454575487019278,0.4627212160888746,0.33468058734019857,70
chr05,676334,0.0005682539682539684,0.265956644240302,0.607705631500568,0.21630673910391052,71
chr05,853133,0.0009700460829493088,0.7260233711519587,0.397352494881565,0.4008240558070346,66
chr05,853134,0.0009700460829493088,0.7260233711519587,0.397352494881565,0.4008240558070346,66
chr05,862489,0.00020833333333333294,0.03426914499800665,0.8536947322168544,0.06869739841458117,69
chr05,862642,-0.00020833333333333294,0.03426914499800665,0.8536947322168544,0.06869739841458117,69
chr05,878481,-2.4070945945945464e-05,0.0004547177858587084,0.9830504884638493,0.007424176676339085,69
chr05,882963,-0.00041469594594594606,0.13979023382111255,0.7096702084873943,0.14894342579985634,69
chr05,883022,0.00022927927927927905,0.04058820992901223,0.8409640227640243,0.0752225833332099,67
chr05,885439,-0.0001996527777777775,0.031874621013002,0.8588500106390542,0.0660826746314466,68
chr05,885475,0.0001996527777777775,0.031874621013002,0.8588500106390542,0.0660826746314466,68
chr05,893950,-6.414473684210515e-05,0.00327456178579302,0.9545347489796061,0.020208256882258947,70
chr05,894714,0.00014210526315789452,0.015803600990114627,0.9003417658888833,0.04559260293295914,68
chr05,911514,0.00040257352941176473,0.12133181244826091,0.7287377030337878,0.13742876060291725,66
chr05,911572,-0.00040257352941176473,0.12133181244826091,0.7287377030337878,0.13742876060291725,66
chr05,931973,4.6874999999999784e-05,0.0018134826635331609,0.9661609207131953,0.014950532841893533,68
chr05,931997,-4.6874999999999784e-05,0.0018134826635331609,0.9661609207131953,0.014950532841893533,68
chr05,958833,-0.0008005733005733007,0.5198787469607125,0.4733650910038447,0.32480377290337104,70
chr05,1045869,0.00043571428571428553,0.14317712501585445,0.7064148117280058,0.15094020328057037,65
chr05,1045919,0.00043571428571428553,0.14317712501585445,0.7064148117280058,0.15094020328057037,65
chr05,1081935,-0.0011470588235294116,1.0534115164096756,0.30841399872159736,0.5108659178144418,69
chr05,1113810,-0.0011401515151515148,1.036023825565609,0.31240951567927433,0.5052757464206584,69
chr05,1141501,0.0010260504201680663,0.8319171693020161,0.3649889819333939,0.43772024556476413,69
chr05,1179959,-0.0009249999999999993,0.709217967408623,0.40261309073895757,0.3951121083761617,71
chr05,1203259,-0.0009249999999999993,0.709217967408623,0.40261309073895757,0.3951121083761617,71
chr05,1237610,0.001022058823529411,0.8472025079789393,0.3605988118517798,0.44297570858163077,70
chr05,1238382,0.0010661764705882345,0.9298535877875268,0.3383178049355271,0.4706751456297792,70
chr05,1247529,0.0009172268907563025,0.6633769740540337,0.41825584511551195,0.3785579810680781,69
chr05,1255648,0.0008441176470588238,0.559605755752891,0.45703696142554495,0.34004867631076974,69
chr05,1262536,0.0006325757575757579,0.3136416685162998,0.5773218093870635,0.23858203592325056,69
chr05,1321205,-0.0007701680672268905,0.4711533517505699,0.49482576379186216,0.305547696307779,69
chr05,1333610,0.0006586174242424244,0.3145287995654108,0.5769036200895229,0.2388967358208991,65
chr05,1337169,-0.0006781045751633983,0.37310207183265476,0.5433545775576134,0.2649166698205949,70
chr05,1387268,-0.0006893939393939396,0.3745813339118472,0.5425890436920864,0.2655289800401609,69
chr05,1387279,0.0008251082251082255,0.529845440030628,0.46924643655732146,0.32859901671272795,68
chr05,1394710,0.0006204044117647064,0.3233476461239463,0.571592774545357,0.24291326972521377,66
chr05,1426424,-0.0005258467023172906,0.21933454172433894,0.641114168166075,0.19306462541176903,67
chr05,1449942,0.00034117647058823554,0.095474394973391,0.7582884651142312,0.12016555033724131,69
chr05,1453650,0.0002186147186147187,0.03678842039407796,0.8484853488901771,0.07135565240474354,68
chr05,1453871,4.5378151260504174e-05,0.0016242469613582905,0.9679722563577975,0.014137090091797843,69
chr05,1477805,-0.00017424242424242438,0.024799676136188213,0.8753271859996943,0.057829582961387585,71
chr05,1477993,-1.562499999999982e-05,0.0001895361374258252,0.989057232907685,0.0047785767376854376,68
chr05,1486330,-0.00010180180180180206,0.008216363448832585,0.928054096010584,0.032426708140880736,67
chr05,1490139,0.00019763513513513484,0.030901569443247085,0.8609903889774844,0.06500169644104982,69
chr05,1494895,-8.243727598566284e-05,0.005303347914776669,0.9421697329098877,0.02587085153203988,67
chr05,1562534,-0.00012916666666666675,0.013202098905030948,0.9088626894745506,0.04150172481759306,70
chr05,1585982,6.923076923076916e-05,0.003710351754533842,0.9516101069482961,0.02154095401543115,69
chr05,1617897,-0.00014234234234234265,0.015896215286946593,0.9000576249671428,0.04572968455612126,67
chr05,1620734,-0.00033725820016820845,0.08862355732004389,0.7668419972378804,0.11529411036203713,70
chr05,1664664,0.00012916666666666683,0.013202098905030948,0.9088626894745506,0.04150172481759306,70
chr05,1664855,-0.00023495934959349591,0.044243916142826425,0.834020367279456,0.07882334350006308,71
chr05,1680885,-8.20512820512821e-05,0.005204204810582111,0.9427052751597828,0.0256240627007186,69
chr05,1699689,7.940446650124103e-05,0.00496428214963016,0.94403619996697,0.025011351947196517,70
chr05,1699856,-7.940446650124103e-05,0.00496428214963016,0.94403619996697,0.025011351947196517,70
chr05,1726592,-0.0004991379310344824,0.19210716938904773,0.6625785714577157,0.17876261380292055,69
chr05,1726658,-0.0006142857142857142,0.2828950442469025,0.5965958122609145,0.22431979944589642,68
chr05,1726695,-0.0006142857142857142,0.2828950442469025,0.5965958122609145,0.22431979944589642,68
chr05,1737959,0.000538903625110522,0.22821781604068433,0.6344268531035488,0.1976184431118266,68
chr05,1741068,0.0006021867115222872,0.2833523098581465,0.596247448488681,0.22457346641666368,70
chr05,1800144,0.0004947154471544715,0.1965785753431412,0.6588839298540141,0.1811910847439118,71
chr05,1800172,-0.0004947154471544715,0.1965785753431412,0.6588839298540141,0.1811910847439118,71
chr05,1800210,-0.0004947154471544715,0.1965785753431412,0.6588839298540141,0.1811910847439118,71
chr05,1800373,-0.0006021867115222875,0.28335230985814724,0.596247448488681,0.22457346641666368,70
chr05,1855647,0.0007631578947368418,0.44008128241892835,0.5094292230627953,0.2929161456486265,67
chr05,1859396,0.001073170731707317,0.9081504881158535,0.34398090276152427,0.46346566805496675,70
chr05,1890958,0.0011642300194931775,0.9358215084526783,0.3370538779320875,0.4723006717745051,65
chr05,1917621,0.001509981851179674,1.7636654590826508,0.1888125968991521,0.723969034501446,67
chr05,1921672,0.0017810344827586197,2.503016890497651,0.1183379638278633,0.9268759076458831,69
chr05,1984556,0.002154019873532069,3.7945657716215018,0.055674149320182796,1.2543464100976593,68
chr05,1992884,-0.0018273809523809527,2.6837006065504077,0.10599932035974051,0.9746969193103301,70
chr05,1999078,-0.0014839743589743595,1.5703460883560307,0.2149390004444095,0.667684775103976,63
chr05,2065093,-0.0021749999999999994,3.4115872685666697,0.06936373004121558,1.1588675606765937,66
chr05,2097029,0.0018012820512820517,2.419022838955468,0.12465221703679821,0.9042999928257907,68
chr05,2118431,0.002505952380952381,5.20294501727856,0.025686497443621868,1.5902951111720594,70
chr05,2141092,-0.0022729184188393617,4.306184202677088,0.04176005369074366,1.3792389516346566,70
chr05,2141338,-0.0020777777777777773,3.303968567757236,0.07372174610594427,1.1324043870287117,67
chr05,2146480,-0.002472560975609757,4.9493959800310705,0.029472010663494808,1.5305902343477906,69
chr05,2146685,0.0023550903119868636,4.698469331216326,0.03364262717942724,1.4731100971494686,71
chr05,2156051,0.002505952380952381,5.20294501727856,0.025686497443621868,1.5902951111720594,70
chr05,2156145,-0.0022110694183864912,3.7975679041651755,0.05564583543928034,1.2545673329181024,67
chr05,2173793,-0.002295497185741088,4.27142409972163,0.0427462887859525,1.3691015845556005,67
chr05,2175820,0.0025238095238095232,5.29515608553842,0.02445623507261928,1.6116103998359932,70
chr05,2223366,-0.0020446428571428573,3.3767289717984936,0.07062491732503294,1.1510420475661758,68
chr05,2226045,-0.0024991379310344815,5.404188978395095,0.023127491671061727,1.6358714667749203,69
chr05,2254125,0.0021784101174345083,3.8577089625744923,0.05373165665485137,1.2697697690540715,68
chr05,2284268,-0.00287,6.020070975219002,0.01692202264232776,1.7715477281822185,65
chr05,2366418,-0.00278293545534925,6.4827266057522275,0.013234645165953908,1.878287698075063,68
chr05,2416120,0.0023831908831908827,4.609859156089441,0.03558329178674143,1.4487538780989326,66
chr05,2463151,0.003306350626118068,9.159395705436486,0.0035088680067156502,2.454832968357181,69
chr05,2468047,0.0030753968253968253,7.870761814736294,0.0065699424179547945,2.182438436783306,69
chr05,2487004,0.0030462962962962965,7.804748863726695,0.00678785529821993,2.168267424435452,69
chr05,2555252,-0.003095695970695971,7.966190220106968,0.006317072115473432,2.199484165186778,67
chr05,2555372,-0.0029977895667550854,7.693580111154295,0.007198298882206514,2.1427701248686866,68
chr05,2555420,-0.0029977895667550854,7.693580111154295,0.007198298882206514,2.1427701248686866,68
chr05,2557385,0.0029985754985754976,7.403180229393286,0.008375452036053752,2.076991744116083,66
chr05,2581470,-0.0028301801801801792,6.832246194644029,0.011113104934005592,1.95416458486538,67
chr05,2581485,-0.0028301801801801792,6.832246194644029,0.011113104934005592,1.95416458486538,67
chr05,2584198,-0.0031708333333333324,8.93325932094465,0.003894359093237781,2.4095640053015104,70
chr05,2595974,-0.0026524493243243238,5.983054053645203,0.01707624728007493,1.7676075648311704,69
chr05,2616277,-0.0032934966216216213,9.648478290050093,0.0027781518727666922,2.556244016445182,69
chr05,2619910,0.0032147321428571433,8.769399076287877,0.00427342353662358,2.369224062365783,67
chr05,2640701,-0.003219572368421054,9.467047879313533,0.0030135716544768256,2.520918477740479,70
chr05,2747626,-0.0023730355665839537,4.768078958145702,0.03244609982443399,1.4888374999892078,70
chr05,2747694,-0.0023730355665839537,4.768078958145702,0.03244609982443399,1.4888374999892078,70
chr05,2751720,-0.0020719298245614037,3.5685930007461724,0.0632768022993616,1.1987554760785153,68
chr05,2751787,-0.0021677631578947373,3.9764636654671337,0.05015217506678342,1.29971022716963,70
chr05,2752415,-0.0024754385964912288,5.051315950272744,0.02795505101793785,1.5535397108176257,68
chr05,2752533,-0.0024754385964912288,5.051315950272744,0.02795505101793785,1.5535397108176257,68
chr05,2773408,-0.0016741379310344822,2.3040101958000334,0.1337451747587572,0.8737218774446562,69
chr05,2776124,-0.001916666666666666,3.0128615316579936,0.08713585499639863,1.0598031030530877,70
chr05,2793925,-0.0018897435897435896,2.8566487926228907,0.09564492383688246,1.0193380743364364,69
chr05,2793928,-0.0018897435897435896,2.8566487926228907,0.09564492383688246,1.0193380743364364,69
chr05,2793988,-0.0018897435897435896,2.8566487926228907,0.09564492383688246,1.0193380743364364,69
chr05,2813702,-0.0017887096774193546,2.6838499335092236,0.10592295034101386,0.9750099310484727,71
chr05,2823619,-0.001777477477477477,2.4204433062428286,0.12461696651165127,0.9044228247654602,67
chr05,2829456,-0.0015763888888888882,1.6892605519365835,0.19884053585660222,0.7014950751485491,60
chr05,2894676,-0.001703846153846154,2.4107888135284328,0.12521285409827793,0.9023510850441202,69
chr05,2903905,-0.0016653846153846154,2.3173150572629955,0.13264673764521123,0.8773034267227792,69
chr05,2908952,-0.0015680180180180176,1.960837903172361,0.16617918378153698,0.7794233784761192,67
chr05,2939055,-0.0019910865874363326,3.2039214466791845,0.07798051805009708,1.1080138839781026,69
chr05,2939617,-0.0019202302631578956,3.0711688173125684,0.08419978824146462,1.074689000729318,70
chr05,2976379,-0.0014886660854402795,1.8024376599101812,0.1840176435637809,0.7351405349522024,68
chr05,3029375,0.0010530172413793103,0.8528883786054015,0.3590505717971114,0.4448443773113204,69
chr05,3029440,-0.0010530172413793103,0.8528883786054015,0.3590505717971114,0.4448443773113204,69
chr05,3029464,-0.0010530172413793103,0.8528883786054015,0.3590505717971114,0.4448443773113204,69
chr05,3065583,-0.0007811302681992338,0.4343426896104502,0.5122674667611298,0.2905032245545878,65
chr05,3070437,-0.0006589285714285708,0.33813241473277206,0.5628900126916855,0.2495764569204856,68
chr05,3124585,0.0009554247266610592,0.717813920434095,0.39983403414339225,0.39812024120445483,70
chr05,3124699,0.001077961672473868,0.8892429717187206,0.3490705472442016,0.45708679314781214,69
chr05,3124895,0.0008410569105691054,0.5712433426671726,0.4523378298526859,0.34453708988121545,71
chr05,3135352,0.0007416666666666666,0.43798941919409556,0.5103310177481468,0.29214803459256483,70
chr05,3210848,0.001385338345864662,1.4756542607349248,0.22891858329943165,0.640318950458665,66
chr05,3212267,-0.0016904761904761902,2.031076163244085,0.15912636524871748,0.7982578572271121,64
chr05,3239197,0.0013426171529619807,1.4454662599171297,0.2335526433882714,0.631615212930071,68
chr05,3241437,0.0006163157894736841,0.2945495610811676,0.5892972472097359,0.22966558762437206,63
chr05,3241493,-0.00042214912280701757,0.13517203371405012,0.7144224018947186,0.14604493588501372,62
chr05,3241697,0.0014660876757650956,1.757538900892729,0.18936828305360134,0.7226927584281614,70
chr05,3259268,-0.0016410256410256412,2.1350295399485613,0.14864187234701534,0.8278588327849358,69
chr05,3408083,-0.0015825396825396823,2.1178434289435377,0.15012610901661924,0.8235437713424492,71
chr05,3408192,0.0016857142857142863,2.357109427123272,0.12935314998078087,0.8882229909705206,70
chr05,3481071,0.001353448275862069,1.2679946849044654,0.26470275852334724,0.5772415328005577,61
chr05,3531888,-0.0013589285714285715,1.6022318275983352,0.21010543658599026,0.677562709856072,67
chr05,3532103,-0.0013589285714285715,1.6022318275983352,0.21010543658599026,0.677562709856072,67
chr05,3547242,0.0017290043290043287,2.3410360272435735,0.13078489774364538,0.8834424028410446,68
chr05,3559315,0.0016293650793650786,2.249172081785358,0.13824777828921705,0.8593418392962219,71
chr05,3597508,0.0017361344537815127,2.432881798642914,0.12352570673511709,0.9082426526760806,69
chr05,3626379,0.0017222222222222211,2.4574763338029424,0.12160863976344259,0.9150355692384802,70
chr05,3642547,0.0019344799344799344,3.127892332728764,0.08144802172230631,1.08911945973509,70
chr05,3699701,-0.0016247877758913418,2.225001866273642,0.14048615225581276,0.852366482130987,69
chr05,3736478,-0.000736111111111111,0.41312411785766306,0.522684159115594,0.28176066177891756,66
chr05,3783613,-0.0016047979797979798,2.094414495255023,0.1525012152180062,0.8167266955934469,69
chr05,3922995,-0.0017338247338247348,2.490130452568593,0.11920327332722722,0.9237118186861043,70
chr05,3967575,-0.0019687500000000004,3.266947621914509,0.07511216981704774,1.1242896920743861,70
chr05,3988883,-0.001536458333333333,1.8362950617469451,0.1800057802822075,0.7447135487613579,68
chr05,3989165,-0.0016870095902353978,2.2615262049070908,0.13739373900661278,0.8620330575008716,68
chr05,3994415,-0.0013898443898443906,1.579415999140232,0.2131447724199088,0.6713253143751781,70
chr05,3994615,-0.0014481658692185005,1.7560349194582234,0.18949132097210938,0.7224106766734234,71
chr05,4075491,-0.0016881881881881879,2.0836763816633486,0.15391522123270468,0.8127184290931955,64
chr05,4083557,0.001847363083164301,2.6701947141352775,0.10739462946426559,0.9690174360699076,63
chr05,4083586,-0.0018473630831643004,2.6701947141352775,0.10739462946426559,0.9690174360699076,63
chr05,4083587,0.001847363083164301,2.6701947141352775,0.10739462946426559,0.9690174360699076,63
chr05,4083608,0.001847363083164301,2.6701947141352775,0.10739462946426559,0.9690174360699076,63
chr05,4086240,0.0015452302631578957,1.9512731749340129,0.1669919731402796,0.7773044037306449,70
chr05,4113695,0.001688766891891891,2.319646772217357,0.13245529467648978,0.8779306768320271,69
chr05,4113737,0.0014509803921568616,1.729370239643319,0.19290885851632955,0.7146478287769285,70
chr05,4146758,0.001464869281045751,1.760313627864602,0.1890237151452018,0.7234837052945509,70
chr05,4168028,-0.0006915343915343911,0.37992065649260226,0.5399773333599673,0.2676244701831378,62
chr05,4179892,0.001707074721780605,2.4726408590426465,0.12041771955299918,0.9193096016341568,71
chr05,4179941,-0.0017070747217806054,2.4726408590426465,0.12041771955299918,0.9193096016341568,71
chr05,4234030,0.0012499999999999994,1.299893395701452,0.25817489189920817,0.5880859961510948,71
chr05,4252617,-0.0012499999999999998,1.2998933957014558,0.2581748918992041,0.5880859961511016,71
chr05,4264567,-0.0014864864864864878,1.89064079746656,0.17364332535425375,0.7603419058028477,70
chr05,4271890,-0.0013766891891891894,1.5317273679256094,0.22017311871163067,0.6572357058358794,69
chr05,4271943,-0.0013766891891891894,1.5317273679256094,0.22017311871163067,0.6572357058358794,69
chr05,4280481,0.0013055555555555548,1.358227832260594,0.24797719471423554,0.6055882573398054,69
chr05,4283037,-0.001018830128205129,0.8539742424401314,0.35865098316092936,0.44532797430636023,71
chr05,4286471,-0.0009184027777777776,0.6552253061521905,0.4211593792287063,0.37555352311701284,68
chr05,4309961,0.0010188301282051289,0.8539742424401314,0.35865098316092936,0.44532797430636023,71
chr05,4370995,-0.000549019607843137,0.21439963866815281,0.6449618676225601,0.19046596159830856,64
chr05,4389050,-0.0007970494417862835,0.5226729564584678,0.4721472566348578,0.32592252939581107,71
chr05,4389061,-0.0007970494417862835,0.5226729564584678,0.4721472566348578,0.32592252939581107,71
chr05,4389131,-0.0007970494417862835,0.5226729564584678,0.4721472566348578,0.32592252939581107,71
chr05,4389145,-0.0007970494417862835,0.5226729564584678,0.4721472566348578,0.32592252939581107,71
chr05,4431938,-0.0009357638888888892,0.6778964082431033,0.41327722287094537,0.3837585295212136,68
chr05,4432061,-0.0009357638888888892,0.6778964082431033,0.41327722287094537,0.3837585295212136,68
chr05,4442514,-0.0007970494417862835,0.5226729564584678,0.4721472566348578,0.32592252939581107,71
chr05,4456050,-0.00119214527027027,1.1858594215777774,0.2800678426265783,0.552736753981049,69
chr05,4459166,-0.0008167229729729729,0.5226850632295288,0.4722148732937246,0.3258603381220399,69
chr05,4628001,0.0006604406130268204,0.34754778527439006,0.5576129215763612,0.25366717087796337,65
chr05,4731922,-0.0005550986842105267,0.2564306614843389,0.6142209771128586,0.21167535544620505,70
chr05,4759182,0.000976973684210527,0.7791514849208747,0.38051063459586776,0.41963320096499324,70
chr05,4788790,0.001002777777777778,0.8016833098018421,0.37394580742721895,0.4271913315980021,66
chr05,4788821,0.001002777777777778,0.8016833098018421,0.37394580742721895,0.4271913315980021,66
chr05,4788845,-0.001002777777777778,0.8016833098018421,0.37394580742721895,0.4271913315980021,66
chr05,4807025,0.0009083614864864864,0.653864729623967,0.42159637909845893,0.37510312773932314,69
chr05,4807172,-0.0010139802631578953,0.8281835877221253,0.36601282543156677,0.4365036962543131,70
chr05,4807175,-0.0010139802631578953,0.8281835877221253,0.36601282543156677,0.4365036962543131,70
chr05,4807239,0.001013980263157895,0.8281835877221253,0.36601282543156677,0.4365036962543131,70
chr05,4807619,-0.0009083614864864864,0.6538647296239671,0.42159637909845893,0.37510312773932314,69
chr05,4843512,0.0009551971326164875,0.7435811670111986,0.3916864335779221,0.40706147038289947,67
chr05,4846528,0.0009624155405405404,0.7280050297771669,0.3965706975985175,0.40167937873740495,69
chr05,4872612,0.0010666118421052632,0.9129497884532703,0.3427175041005298,0.46506371366136373,70
chr05,4875718,0.0014622241086587437,1.7848189227829414,0.18607889896013963,0.7303028723541823,69
chr05,4881274,0.0010757211538461543,0.953362592132956,0.33227574482326694,0.4785013598163093,71
chr05,4884977,0.0010757211538461543,0.953362592132956,0.33227574482326694,0.4785013598163093,71
chr05,4884991,0.0010757211538461543,0.953362592132956,0.33227574482326694,0.4785013598163093,71
chr05,4922545,0.0008312655086848634,0.5744077570224994,0.45113129657272566,0.345697043313803,70
chr05,4922617,-0.0008312655086848634,0.5744077570224994,0.45113129657272566,0.345697043313803,70
chr05,4922708,0.0008312655086848634,0.5744077570224994,0.45113129657272566,0.345697043313803,70
chr05,4924471,0.0008312655086848634,0.5744077570224994,0.45113129657272566,0.345697043313803,70
chr05,4934359,0.00061491935483871,0.3066680556424712,0.5815222335989054,0.23543367604348567,71
chr05,4940270,-0.0010205128205128206,0.8576558934958691,0.35771940861431906,0.44645749589958955,69
chr05,4973637,-0.0008583410997204103,0.5531674245491315,0.45974824771417466,0.3374799173579978,66
chr05,4978779,-0.0005492142266335812,0.2395043770906052,0.6261392947931739,0.2033290402232859,70
chr05,4978788,0.0005492142266335812,0.2395043770906052,0.6261392947931739,0.2033290402232859,70
chr05,5013513,-0.00061491935483871,0.3066680556424712,0.5815222335989054,0.23543367604348567,71
chr05,5064577,-0.00037606112054329357,0.10958114400155312,0.7416545946141144,0.12979830843886173,69
chr05,5067610,-0.00047283531409168084,0.17621664477764293,0.6759880348321551,0.1700609911180663,69
chr05,5069932,-0.0006727678571428569,0.3680772803036271,0.5461674758782047,0.26267416554228956,67
chr05,5073901,-0.0002025518341307814,0.03351702048502011,0.8552748478682496,0.0678942996213455,71
chr05,5146628,-0.00010979729729729742,0.00976322451739779,0.9215849308525866,0.035464635159007225,69
chr05,5180739,0.00015724815724815734,0.019764673824599226,0.8886119281166684,0.05128786138495213,70
chr05,5180740,-0.00015724815724815734,0.019764673824599226,0.8886119281166684,0.05128786138495213,70
chr05,5200038,0.0005026785714285713,0.19521629062607487,0.6600766485923177,0.18040563093101433,67
chr05,5396075,-0.000702020202020202,0.4015547171567164,0.5284448437119218,0.2770003353605493,69
chr05,5418817,-0.0007343750000000002,0.4410646300374865,0.5088223002681223,0.29343386302167757,71
chr05,5419900,-0.0007343750000000002,0.4410646300374865,0.5088223002681223,0.29343386302167757,71
chr05,5458575,0.0006397849462365594,0.30524770773634263,0.5825060987571606,0.23469952327582194,67
chr05,5460027,-0.0010628618693134828,0.9441252841310659,0.334662863281867,0.47539247756330283,70
chr05,5463043,0.0009358974358974364,0.6963195460465331,0.40698861622852067,0.3904177381415575,69
chr05,5463106,-0.0009358974358974364,0.6963195460465331,0.40698861622852067,0.3904177381415575,69
chr05,5463149,-0.0007858974358974362,0.47989586689502195,0.49086374937033583,0.30903903966575835,69
chr05,5463173,-0.0007858974358974362,0.47989586689502195,0.49086374937033583,0.30903903966575835,69
chr05,5463305,-0.0008439516129032261,0.5799309431857376,0.44893443053546744,0.34781708558042296,71
chr05,5476307,0.0009929824561403513,0.7524417573279072,0.3888472114993611,0.41022101110973763,68
chr05,5476308,0.0009929824561403513,0.7524417573279072,0.3888472114993611,0.41022101110973763,68
chr05,5476360,0.0009929824561403513,0.7524417573279072,0.3888472114993611,0.41022101110973763,68
chr05,5480409,-0.0013756805807622506,1.4797064966509466,0.22821927847431817,0.641647672006422,67
chr05,5496306,-0.0013802423112767945,1.5241640711379705,0.22150417771143618,0.65461807829006,66
chr05,5499838,-0.0009303571428571428,0.7413573002819451,0.3923437116906333,0.40633330367650167,68
chr05,5513649,-0.0014192598822539955,1.6165373221148946,0.20790699125200485,0.6821309064784549,70
chr05,5513895,0.0011524216524216526,1.0022607992381367,0.32053430518824694,0.49412548328504247,66
chr05,5513943,0.0012421652421652416,1.1843127436422543,0.28056097613834163,0.5519727361101657,66
chr05,5518821,0.0015180824222035328,1.9210237959247833,0.17027232715041907,0.7688559283287761,70
chr05,5552431,0.0015666666666666667,1.8929233956400953,0.17359494180220916,0.760462933418703,67
chr05,5560242,-0.0018039747064137312,2.6186865399648447,0.11038138619735079,0.9571041562566213,68
chr05,5560475,-0.0016817398794142983,2.2360289606044295,0.13945353573918534,0.8555704700494114,70
chr05,5621023,0.001681739879414298,2.2360289606044295,0.13945353573918534,0.8555704700494114,70
chr05,5664548,0.001718776916451335,2.355230503305146,0.12950337812707996,0.8877189027579033,70
chr05,5666629,-0.0018227016885553474,2.4876468538616883,0.11959800180941522,0.9222760762873584,67
chr05,5687986,-0.0019456410256410255,3.112374915632082,0.08262557968614881,1.082885480563943,64
chr05,5746023,-0.0016374999999999998,2.1245332375088535,0.1496988876568863,0.8247814266861464,68
chr05,5816552,0.0016958333333333333,2.437263381693607,0.1231250617962614,0.9096535385226072,70
chr05,5832129,0.0018745689655172415,2.9369455034249903,0.09119776445366995,1.0400158074756938,69
chr05,5832672,-0.0011732142857142855,1.1867839924322627,0.27994097436857424,0.5529335301161753,68
chr05,5869061,0.001244758064516129,1.274156375021785,0.26289771911915033,0.5802131817835724,71
chr05,5869238,0.001244758064516129,1.274156375021785,0.26289771911915033,0.5802131817835724,71
chr05,5871142,-0.0017290008841732982,2.423918614714293,0.12427825846018431,0.9056048412428704,68
chr05,5871197,-0.001552564102564103,1.983072292243583,0.16369055048074138,0.7859763907928385,69
chr05,5876005,-0.0014431034482758616,1.6532537133390663,0.20294287755883633,0.6926261859883525,69
chr05,5876050,-0.0014431034482758616,1.6532537133390663,0.20294287755883633,0.6926261859883525,69
chr05,5877543,-0.0015791666666666669,2.1034339663354555,0.15156588591707337,0.8193985376562748,70
chr05,5877558,-0.0015791666666666669,2.1034339663354555,0.15156588591707337,0.8193985376562748,70
chr05,5877561,-0.0015791666666666669,2.1034339663354555,0.15156588591707337,0.8193985376562748,70
chr05,5877704,-0.0013605691056910564,1.5151807843252063,0.22252969074048937,0.6526120356291075,71
chr05,5877844,0.0013605691056910564,1.5151807843252063,0.22252969074048937,0.6526120356291075,71
chr05,5931834,-0.0018512195121951221,2.8584753844491404,0.09540652985167078,1.0204219001229606,71
chr05,5931837,-0.0018512195121951221,2.8584753844491404,0.09540652985167078,1.0204219001229606,71
chr05,5934023,-0.0024397089397089396,4.234614153929603,0.04388799111420028,1.3576542976691433,63
chr05,5977021,0.002273706896551724,4.398500217722966,0.03974727311431389,1.400692661020823,69
chr05,5977094,0.002138838475499093,3.7364567687339125,0.0575956146055799,1.239610582984829,67
chr05,6019239,-0.0022688229056203606,3.6747972729052525,0.05985209688603763,1.22292062971734,64
chr05,6073037,-0.002571864111498258,5.686145327514188,0.019937049458499362,1.7003391137629291,69
chr05,6080967,0.0023988095238095244,4.728296837972586,0.03315313358751338,1.4794754164161181,70
chr05,6082788,-0.0022039529015979815,3.9947515722108298,0.04964188826949691,1.304151707241279,70
chr05,6110032,0.0024059233449477352,4.705316869631209,0.03362195124347925,1.4733770859683608,69
chr05,6132229,0.0022405382674516396,4.122463447961978,0.046230986496039475,1.3350668393065577,70
chr05,6138540,-0.0022039529015979815,3.9947515722108298,0.04964188826949691,1.304151707241279,70
chr05,6138647,-0.0022039529015979815,3.9947515722108298,0.04964188826949691,1.304151707241279,70
chr05,6196847,0.002266071428571429,4.079423454051852,0.04747165838951116,1.3235655962396546,68
chr05,6196937,0.0019958333333333325,3.3045684709358887,0.07349260689314349,1.1337563472695948,70
chr05,6197046,0.0020821138211382117,3.656131648797757,0.060015794905386846,1.2217344373244334,71
chr05,6200481,0.0020458333333333327,3.4475581727182942,0.06767730480815573,1.1695569450377763,70
chr05,6219460,0.0023083333333333332,4.658167952425288,0.03443996652752534,1.4629372793124045,70
chr05,6224934,0.0020632239382239385,3.465303642180228,0.06733538656713357,1.1717566422852055,65
chr05,6231157,0.0020821138211382117,3.656131648797757,0.060015794905386846,1.2217344373244334,71
chr05,6313475,-0.0017130730050933791,2.3680370565571507,0.1285524300998865,0.8909197092272979,69
chr05,6347827,0.0017887096774193544,2.6838499335092245,0.10592295034101386,0.9750099310484727,71
chr05,6477040,-0.0018044464609800366,2.433238511666632,0.1236432645633763,0.9078295367441008,67
chr05,6481243,-0.002165890027958994,3.751226174807437,0.05718593758123407,1.2427107541041076,66
chr05,6751155,0.0021077302631578956,3.7293058145467852,0.057635299684820396,1.2393114443081017,70
chr05,6755890,-0.0018046082949308758,2.5331019811095703,0.11640860278706949,0.9340149234241345,66
chr05,6916125,0.001782670454545454,2.4604028549725148,0.12175829111666903,0.9145014558741672,65
chr05,6950819,-0.0015392327811682652,1.8565869876744485,0.17765077935145335,0.7504328829267319,68
chr05,6959785,0.0008696969696969695,0.5808804487864244,0.44890441177047624,0.3478461263912674,63
chr05,6982039,0.000985197368421053,0.7813006366238789,0.3798582047744993,0.4203784885836208,70
chr05,7007553,0.0008725806451612902,0.6203035363863283,0.43363172528879235,0.36287895153002264,71
chr05,7013154,-0.0009166666666666665,0.6630201097834949,0.4183381610578947,0.37847251700928486,70
chr05,7125948,0.0005583333333333333,0.25601280181426217,0.6145091718341551,0.21147163068275704,70
chr05,7132662,0.0003282051282051285,0.09154350402949621,0.7631613449454204,0.1173836352930239,69
chr05,7160547,-0.0004647707979626487,0.17407543581240686,0.677848840594589,0.168867142437935,69
chr05,7160556,-0.0004647707979626487,0.17407543581240686,0.677848840594589,0.168867142437935,69
chr05,7198941,0.0002597187758478079,0.05341345144976966,0.8179206124394047,0.08728884700428215,70
chr05,7226694,0.00021155638397017722,0.03648797972834989,0.8491159627519207,0.07103299462745959,66
chr05,7289455,-0.0005243589743589745,0.22112335118953008,0.6397124393452924,0.19401520425118235,69
chr05,7432032,-0.0007307692307692312,0.4308145306466248,0.5138375549780118,0.28917415751677206,69
chr05,7640401,0.0005666666666666662,0.2549991038634419,0.615209544098249,0.2109769356951614,70
chr05,7669518,-8.571428571428551e-05,0.0053738897199480575,0.9417942187874876,0.026043979805803183,65
chr05,7713139,0.00012378426171529618,0.011491368370932578,0.9149572554090499,0.03859919464786932,68
chr05,7747401,-0.0004166666666666668,0.13948776342339544,0.7099526321027273,0.14877062635508906,70
chr05,7772820,0.0001109523809523809,0.009266521287298615,0.92360806129888,0.03451228519364198,67
chr05,7793656,0.00017962962962962938,0.023771616483524702,0.8779451607701397,0.05653261065281279,67
chr05,7802201,-0.0004166666666666668,0.13948776342339544,0.7099526321027273,0.14877062635508906,70
chr05,7808878,0.0005524390243902434,0.2453011744510707,0.6219769175517642,0.2062257322961725,71
chr05,7811155,-0.0004081010452961677,0.13223206564576243,0.7172738229802801,0.14431501852001064,69
chr05,7839905,-7.475083056478397e-05,0.004380974290116348,0.9474188187663689,0.023457993045659896,71
chr05,7863272,0.0005804651162790698,0.2560124351665945,0.6145588936273381,0.21143649202603282,68
chr05,7886569,0.0008344186046511631,0.5432278109527494,0.4637101798567139,0.3337533699073674,68
chr05,7886609,-0.0006372727272727271,0.30746248858906083,0.5810877721899359,0.2357582633089642,69
chr05,7911603,-0.000231643356643357,0.04049494347451864,0.8411166880850017,0.0751437503661199,70
chr05,7914427,-0.0002044444444444447,0.030787638727104247,0.8612364526333685,0.0648775965419046,70
chr05,7914432,-0.0002044444444444447,0.030787638727104247,0.8612364526333685,0.0648775965419046,70
chr05,7914471,-0.0002044444444444447,0.030787638727104247,0.8612364526333685,0.0648775965419046,70
chr05,7914478,-0.0003098290598290599,0.07321082700587332,0.787525650457057,0.10373529192497975,71
chr05,7914497,-0.0002044444444444447,0.030787638727104247,0.8612364526333685,0.0648775965419046,70
chr05,7918206,0.00030982905982905975,0.0732108270058725,0.7875256504570679,0.10373529192497376,71
chr05,7918354,0.000400268336314848,0.11872421958107586,0.7315015427084842,0.1357847536274258,69
chr05,8017181,-0.0003575174825174823,0.09603409139885052,0.757589530753304,0.1205660355458147,70
chr05,8022959,-0.00037674825174825174,0.10643498339637614,0.7452418919293167,0.1277027402997087,70
chr05,8054581,0.00021296296296296287,0.03534091020781212,0.851451300580946,0.06984018680155361,69
chr05,8058651,-4.625735912531542e-05,0.001667374375357754,0.9675482919018623,0.01432734942729921,70
chr05,8089351,0.00045500420521446566,0.16148025331609678,0.6890575625479614,0.16174449644835892,70
chr05,8089465,0.00045500420521446566,0.16148025331609678,0.6890575625479614,0.16174449644835892,70
chr05,8089466,0.00045500420521446566,0.16148025331609678,0.6890575625479614,0.16174449644835892,70
chr05,8089868,0.00035040650406504057,0.09848122427868929,0.7546066797766187,0.12227935474423873,71
chr05,8092241,0.00032330827067669174,0.07784393815230124,0.7811403819428933,0.10727091026545886,66
chr05,8092311,0.0004688109161793372,0.15959889995701185,0.6908772316986314,0.16059911953289618,65
chr05,8114606,0.00043984962406014993,0.13936212901956097,0.7101496608995896,0.14865011599435796,66
chr05,8133639,-0.000489737274220033,0.19074674417667928,0.6636595485392202,0.178054652723468,71
chr05,8177019,0.0005182926829268296,0.20547980924871329,0.6517983087317776,0.18588677076472143,69
chr05,8211555,-0.0001488095238095237,0.017173347772414638,0.8961249701055152,0.04763142109385285,70
chr05,8218622,-0.0001488095238095237,0.017173347772414638,0.8961249701055152,0.04763142109385285,70
chr05,8219113,0.00019286359530261977,0.02862917565523016,0.8661556050189372,0.062404079887409675,68
chr05,8221380,-0.00024958471760797344,0.04887137502788491,0.8256918201330936,0.08318201780042646,71
chr05,8241861,0.0005004355400696864,0.19136881008446288,0.6631867163613829,0.17836418129482642,69
chr05,8241962,-0.0005004355400696864,0.19136881008446288,0.6631867163613829,0.17836418129482642,69
chr05,8252794,0.0007199327165685449,0.405719444940245,0.5262888233284988,0.27877585289417967,70
chr05,8737746,-2.486772486772473e-05,0.00043779201989507354,0.9833761240362832,0.007280340407430658,62
chr05,8737760,2.4867724867724737e-05,0.00043779201989507354,0.9833761240362832,0.007280340407430658,62
chr05,8741546,-0.0007199327165685451,0.405719444940245,0.5262888233284988,0.27877585289417967,70
chr05,8779750,-0.0007733333333333333,0.4160116166030028,0.5213135204119423,0.2829010113780739,64
chr05,8798173,-0.0010555555555555555,0.8416717207369342,0.36220982323674333,0.4410397756683946,69
chr05,8824175,0.0005235772357723575,0.2202598590275459,0.6403216495105836,0.19360181427136017,71
chr05,8825539,-0.0005093196644920786,0.1876281776601914,0.6663544368863308,0.17629470620712406,66
chr05,8827642,0.0004208333333333332,0.14040216743827025,0.7090475880755841,0.14932461595223792,70
chr05,8830619,-0.0006955128205128202,0.35488480904002573,0.5534296230947254,0.2569375983532571,67
chr05,8847813,-0.0005235772357723575,0.2202598590275459,0.6403216495105836,0.19360181427136017,71
chr05,8866293,0.0006316232127838518,0.3118615786557667,0.5783743567928857,0.23779097046841266,70
chr05,8873754,-0.000683347350714887,0.36803199251255153,0.5460991129194566,0.2627285289295691,70
chr05,8873866,-0.0006316232127838523,0.3118615786557667,0.5783743567928857,0.23779097046841266,70
chr05,8878941,-0.0005083333333333333,0.20252495863905454,0.6541218661830166,0.1843413328984597,70
chr05,8923507,-0.0005288793103448275,0.2157587533494729,0.6437966267542061,0.1912513031798746,69
chr05,8944492,0.0011896551724137935,1.0966292211246134,0.2988269950946398,0.5245801722814114,68
chr05,8946246,-0.0008344651952461794,0.5471429214807194,0.4620713970993887,0.3352909141178814,69
chr05,8978945,-0.0011585365853658532,1.092015170808376,0.29967233506983837,0.5233533480823089,71
chr05,8979009,-0.0008538793103448273,0.5834606720720903,0.44764065475507897,0.34907047769774496,69
chr05,9032626,0.0011547303271441211,1.013246336391666,0.31780264239851075,0.49784249613329196,68
chr05,9058099,-0.0010642241379310343,0.8822807395950422,0.3509518072164267,0.45475251685883195,69
chr05,9063713,0.0005335249042145594,0.2101725305824157,0.6482097943550647,0.18828441112821132,65
chr05,9063723,0.0005039682539682542,0.1810682614225325,0.6719302358786045,0.1726758158535827,64
chr05,9072997,-0.0007162944582299427,0.4063550001251016,0.525965986248873,0.2790423403748893,70
chr05,9082336,-0.0007791666666666668,0.4801471925964334,0.4907155230020861,0.30917020358925307,70
chr05,9091192,0.0007124999999999998,0.3990254280910062,0.5297109290957372,0.275961066526351,70
chr05,9093383,0.0006721774193548388,0.3667553113000845,0.5467651476640205,0.2621991763639047,71
chr05,9128815,-0.0004932088285229198,0.18947994692587838,0.6647488658902327,0.17734239493364085,69
chr05,9149064,0.0009732758620689654,0.7269990995781834,0.39689538969101645,0.4013239457977503,69
chr05,9149068,-0.0009732758620689654,0.7269990995781834,0.39689538969101645,0.4013239457977503,69
chr05,9170351,0.0011861042183622826,1.131661999433813,0.2911842209368033,0.5358321628265336,70
chr05,9172992,0.001075721153846154,0.9533625921329559,0.33227574482326694,0.4785013598163093,71
chr05,9221356,0.0010336405529953918,0.8219559516323003,0.36800977305656946,0.4341406478259907,66
chr05,9221561,0.001102597402597403,0.9506765483643598,0.3331073665081099,0.4774157629904563,68
chr05,9221586,0.001260267857142857,1.2262834176725403,0.272212223546505,0.5650923769298765,67
chr05,9285485,0.0011055555555555558,0.9562728636694726,0.331809767309455,0.4791108340254447,66
chr05,9288103,-0.0014457236842105267,1.705046070517873,0.19602973389609527,0.7076780496251338,70
chr05,9288171,0.0014457236842105269,1.705046070517873,0.19602973389609527,0.7076780496251338,70
chr05,9288292,-0.0013319256756756756,1.426441434714252,0.23655726123832074,0.6260637165338913,69
chr05,9334886,-0.0014457236842105267,1.705046070517873,0.19602973389609527,0.7076780496251338,70
chr05,9371267,-0.0013090277777777772,1.344408377355039,0.2504356680448739,0.6013038171073272,68
chr05,9400170,-0.0011709062003179658,1.1416589729337447,0.28902595472818204,0.5390631555510744,71
chr05,9400173,-0.0011709062003179658,1.1416589729337447,0.28902595472818204,0.5390631555510744,71
chr05,9400224,-0.0011709062003179658,1.1416589729337447,0.28902595472818204,0.5390631555510744,71
chr05,9400226,-0.0011709062003179658,1.1416589729337447,0.28902595472818204,0.5390631555510744,71
chr05,9403527,0.0005887423935091279,0.2625410960941306,0.6102300901196693,0.21450638133677874,63
chr05,9404596,0.0011709062003179653,1.1416589729337447,0.28902595472818204,0.5390631555510744,71
chr05,9407602,-0.0010800653594771235,0.9518681740103815,0.3327023248707578,0.47794416434003384,70
chr05,9425580,-0.00111344537815126,0.9830476397976958,0.3250148628427314,0.48809677839653454,69
chr05,9431810,-0.0010588235294117648,0.8577101257445402,0.3577544871941988,0.44641491032441705,68
chr05,9471485,-0.0008281385281385286,0.554180853143281,0.45925686194821047,0.3379443459987914,68
chr05,9508942,-0.001209595959595959,1.1573153587945169,0.2858816901557339,0.5438136589790874,69
chr05,9522988,-0.0006065182829888717,0.30265917373574236,0.5839967169991072,0.23358959431427764,71
chr05,9541161,-0.0007018837018837024,0.3959534404877233,0.5312948851288133,0.27466436510103776,70
chr05,9545042,-0.0007170352170352171,0.4142151764570226,0.5220024877153522,0.28232742726885746,70
chr05,9545048,-0.0007170352170352171,0.4142151764570226,0.5220024877153522,0.28232742726885746,70
chr05,9545370,0.0005896464646464645,0.274902754221397,0.6017921326211764,0.22055349419903583,69
chr05,9558737,0.001165032679738561,1.104929049513916,0.2969081888859657,0.5273778241656804,70
chr05,9583559,-0.00044215686274509783,0.15344327508354755,0.6966094878594655,0.15701061472281563,64
chr05,9583849,0.00030000000000000003,0.06978195306271012,0.7925449679108814,0.10097608713984525,63
chr05,9602288,-0.000779983108108108,0.497156525439892,0.48319627806378673,0.3158764196323402,69
chr05,9602767,0.0010171990171990175,0.8369838806896229,0.3634936329190025,0.43950319199163085,70
chr05,9602869,0.0010171990171990175,0.8369838806896229,0.3634936329190025,0.43950319199163085,70
chr05,9602893,-0.0010171990171990175,0.8369838806896229,0.3634936329190025,0.43950319199163085,70
chr05,9611069,-0.0009655172413793104,0.6745366067508273,0.41478081254793453,0.38218134195823805,61
chr05,9666350,0.0010171990171990175,0.8369838806896229,0.3634936329190025,0.43950319199163085,70
chr05,9751734,0.0003861344537815126,0.12159235428847114,0.7284072389222458,0.13762574683048862,69
chr05,9784389,0.0002865546218487395,0.06401673250980205,0.8010311061989182,0.09635061876190538,69
chr05,9801066,0.00019791666666666644,0.031425130872097855,0.8598381697806734,0.06558327966891124,68
chr05,9801118,0.0002812499999999998,0.06205855579612272,0.8040569095419395,0.09471321166777451,67
chr05,9851224,-0.0007987012987012992,0.5151808981065422,0.47543760385864653,0.32290647152990326,68
chr05,9854570,0.0008521959459459455,0.5787715974506035,0.4494634071697019,0.3473056603516205,69
chr05,9860272,0.0011617511520737329,1.0749046513788987,0.30374168859404505,0.5174955970055757,66
chr05,9899087,0.00011739864864864851,0.010761615038918544,0.9176870092144848,0.03730541612871713,69
chr05,9983709,0.00045416666666666685,0.1635805874953104,0.6871504876860818,0.16294814093961102,70
chr05,9983809,0.00045416666666666685,0.1635805874953104,0.6871504876860818,0.16294814093961102,70
chr05,10022280,0.00018062397372742232,0.0258848447311202,0.8726519954430225,0.05915891390106576,71
chr05,10059232,0.00018062397372742232,0.0258848447311202,0.8726519954430225,0.05915891390106576,71
chr05,10075847,0.00018062397372742232,0.0258848447311202,0.8726519954430225,0.05915891390106576,71
chr05,10198629,-0.00010757839721254349,0.00917180198907184,0.9239894955528274,0.03433296606276589,69
chr05,10198655,0.00010757839721254349,0.00917180198907184,0.9239894955528274,0.03433296606276589,69
chr05,10236013,0.00026829268292682924,0.055758176945363724,0.8140617452886529,0.08934265331576434,68
chr05,10236032,0.00026829268292682924,0.055758176945363724,0.8140617452886529,0.08934265331576434,68
chr05,10246635,0.000496336996336996,0.18682755403715554,0.6669792022520287,0.1758877080444733,68
chr05,10252137,0.00010185185185185175,0.007857820649387184,0.9296289962239552,0.03169033858577541,69
chr05,10260154,-0.0002045650301464251,0.032046171384324036,0.8584586737376644,0.06628060696746367,70
chr05,10260215,-0.0002045650301464251,0.032046171384324036,0.8584586737376644,0.06628060696746367,70
chr05,10272174,0.00020456503014642505,0.032046171384324036,0.8584586737376644,0.06628060696746367,70
chr05,10282634,7.611111111111069e-05,0.003715762794322223,0.9515994307801805,0.021545826417348646,61
chr05,10293381,0.00020456503014642505,0.032046171384324036,0.8584586737376644,0.06628060696746367,70
chr05,10293447,-0.0003026094276094275,0.07091074359925999,0.7908094671753316,0.1019281401709665,71
chr05,10312604,0.0004952627045650299,0.19471823169776312,0.6604182714170651,0.18018091986436524,70
chr05,10312657,0.0004952627045650299,0.19471823169776312,0.6604182714170651,0.18018091986436524,70
chr05,10346394,-0.00038919413919413933,0.10949158120988646,0.7417719531824145,0.1297295916172586,68
chr05,10378257,-0.0003745644599303134,0.10642847471792145,0.7452643279720996,0.12768966574899968,69
chr05,10378271,-0.0003745644599303134,0.10642847471792145,0.7452643279720996,0.12768966574899968,69
chr05,10386602,0.000372236958443855,0.10974877966594813,0.7414799121207943,0.12990061020979393,68
chr05,10387390,-0.0006053571428571432,0.2833043777009228,0.5963309010455291,0.22451268552958295,68
chr05,10394014,-0.0004767241379310337,0.18246374843509416,0.6706340578803134,0.17351439487693066,69
chr05,10427234,-0.00017992926613616265,0.024282824658366276,0.8766430800993692,0.05717719100613289,68
chr05,10444297,0.0009382591093117407,0.6491106283462849,0.4235101286133567,0.3731361986785183,64
chr05,10491168,-9.6899224806202e-05,0.007187787863857224,0.9326847556515973,0.030265121543671104,70
chr05,10491422,-3.7878787878785557e-06,1.1099240345462569e-05,0.9973514242492802,0.0011517878062718328,71
chr05,10491439,-3.7878787878785557e-06,1.1099240345462569e-05,0.9973514242492802,0.0011517878062718328,71
chr05,10527840,-7.875457875457871e-05,0.005122323738634043,0.9431602267839564,0.02541452179386085,68
chr05,10528843,0.00030192307692307674,0.06493122530431653,0.7996822065468361,0.09708256721206628,66
chr05,10557321,-0.00022217607973421972,0.03872124679029693,0.8445803926353597,0.07335900516201276,71
chr05,10571695,0.00022217607973421972,0.03872124679029693,0.8445803926353597,0.07335900516201276,71
chr05,10573285,6.666666666666662e-05,0.0033646139460327285,0.9539309598492155,0.020483055947390236,64
chr05,10579824,0.00010335917312661478,0.008457570088808576,0.9269962032419782,0.032922044619725976,70
chr05,10579878,-0.00010335917312661454,0.008457570088808292,0.9269962032419782,0.032922044619725976,70
chr05,10590940,0.0001472222222222229,0.016772936141582553,0.8973537562894678,0.0470363149074474,67
chr05,10687880,-8.585858585858588e-05,0.005703013451029664,0.9400208681794215,0.026862505086926673,71
chr05,10785682,-0.00031908831908831884,0.07528985265315453,0.7846687064230343,0.10531366725670259,66
chr05,10793186,0.00035249042145593917,0.0932772309940131,0.7610582979526351,0.1185820744917157,65
chr05,10797361,0.0003311229000884175,0.08197419565139079,0.7755364664629462,0.11039777643027762,68
chr05,10812474,-0.00021091811414392084,0.036690163406771004,0.8486680573126135,0.07126214375705392,70
chr05,10812659,-0.00044376634699215344,0.15830298706387405,0.6920077803998057,0.15988902264482138,68
chr05,10839328,-0.0003946877912395154,0.11436520049616922,0.7363349855284205,0.13292456437325553,66
chr05,10883457,-0.0002153225806451615,0.037455976611351645,0.8471082308385054,0.07206109846141986,71
chr05,10899023,-0.00019166666666666654,0.028718806858598987,0.8659330596438931,0.06251567951952824,70
chr05,10899027,-0.0002153225806451615,0.037455976611351645,0.8471082308385054,0.07206109846141986,71
chr05,10937842,-0.0005741185897435898,0.2689004980311406,0.6057293364227826,0.21772139226371903,71
chr05,10939122,-3.758567531283082e-19,0.0,1.0,-0.0,65
chr05,10962464,0.0008874999999999999,0.633166293243095,0.428965268195707,0.3675778696837531,70
chr05,11057849,-0.0007529069767441864,0.44730114630009504,0.5058508802465751,0.29597748994022816,71
chr05,11075633,0.0009124668435013263,0.6514919273822259,0.4224790803414583,0.37419479089701047,68
chr05,11092397,0.0007529069767441864,0.44730114630009504,0.5058508802465751,0.29597748994022816,71
chr05,11093024,0.0006831501831501834,0.33757660256734345,0.5632103020647355,0.2493294098159674,68
chr05,11201498,0.0007529069767441864,0.44730114630009504,0.5058508802465751,0.29597748994022816,71
chr05,11201504,-0.0007529069767441864,0.44730114630009504,0.5058508802465751,0.29597748994022816,71
chr05,11201538,0.0007529069767441864,0.44730114630009504,0.5058508802465751,0.29597748994022816,71
chr05,11201899,0.0008630952380952382,0.5825131958775489,0.4479687428980149,0.3487522879225994,70
chr05,11211560,-0.0005576923076923079,0.23244525115133277,0.63131165686486,0.19975619156074012,68
chr05,11213571,-0.00070198105081826,0.375291404149856,0.5421773754023564,0.2658586091142917,70
chr05,11213587,-0.0007764550264550263,0.4513294353217739,0.5040142880927798,0.2975571517451583,69
chr05,11220252,-0.0008273809523809524,0.5309736802222786,0.4686999656646944,0.32910507829466995,70
chr05,11232670,0.0006653116531165312,0.3480549508433114,0.557230733999349,0.2539649381234789,68
chr05,11245498,-0.0006055347091932457,0.26923276437177385,0.6056090558939532,0.21780763929502595,67
chr05,11270922,-0.0008273809523809524,0.5309736802222786,0.4686999656646944,0.32910507829466995,70
chr05,11294720,-0.00070198105081826,0.375291404149856,0.5421773754023564,0.2658586091142917,70
chr05,11377833,-0.0002678890876565295,0.054744503215365385,0.8157175221365982,0.08846020866806875,69
chr05,11378713,0.0007613953488372092,0.4328541613685098,0.5128800585120279,0.28998418657774566,68
chr05,11378749,0.0007613953488372092,0.4328541613685098,0.5128800585120279,0.28998418657774566,68
chr05,11378769,0.0007613953488372092,0.4328541613685098,0.5128800585120279,0.28998418657774566,68
chr05,11379001,0.00047432659932659894,0.1744828834574688,0.6774550861121225,0.16911949233584575,71
chr05,11387517,0.0005258397932816536,0.21119215298352315,0.6473004804762428,0.18889407061515553,70
chr05,11387579,0.0005258397932816536,0.21119215298352315,0.6473004804762428,0.18889407061515553,70
chr05,11474728,0.0011317340067340065,1.0052434477228154,0.3195482650164729,0.49546353610577926,71
chr05,11474863,0.0012075796726959515,1.1263547539019705,0.2923091131412378,0.5341576446998437,70
chr05,11474869,0.0012075796726959515,1.1263547539019705,0.2923091131412378,0.5341576446998437,70
chr05,11474870,0.0012075796726959515,1.1263547539019705,0.2923091131412378,0.5341576446998437,70
chr05,11474879,0.0012075796726959515,1.1263547539019705,0.2923091131412378,0.5341576446998437,70
chr05,11523235,0.0010361163227016882,0.7739036417950437,0.3822530056097275,0.4176490910965772,67
chr05,11619608,0.0018018604651162794,2.484698915602257,0.11973992025722414,0.9217610354158147,68
chr05,11660512,0.0016071428571428573,2.041058326539687,0.15768056302693081,0.802221837998954,70
chr05,11675851,0.0010550082101806243,0.8942019775825961,0.3476409032167568,0.45886913039300453,71
chr05,11717721,0.00048548094373865677,0.17387575400326943,0.6780639805475098,0.1687293251775365,67
chr05,11721884,0.00013567567567567538,0.012473262764736412,0.911446942442533,0.040268607618002564,62
chr05,11737053,0.0004871794871794871,0.19222561932699142,0.6624811409082978,0.17882648043423138,69
chr05,11777064,0.0002817307692307691,0.058390891977493566,0.8098300860829739,0.09160609274777039,66
chr05,11807731,0.000621578947368421,0.2848186813509989,0.5954995759356542,0.22511854344882912,63
chr05,11807931,0.0007224558452481085,0.4085853735597751,0.5248358537415068,0.2799765041388427,70
chr05,11807966,-0.0007224558452481084,0.4085853735597751,0.5248358537415068,0.2799765041388427,70
chr05,11830479,0.00047023809523809545,0.17302996511985935,0.6787427877105126,0.16829477217166805,70
chr05,11847221,0.000707407407407407,0.36426247147508783,0.5482489147095695,0.26102221936062964,67
chr05,11880097,-0.0005374564459930314,0.2178250386599408,0.6422162575047627,0.19231870460066006,69
chr05,11918942,0.0005773809523809522,0.25708838201700746,0.6137679505385596,0.21199579310792835,70
chr05,11919024,0.0005773809523809522,0.25708838201700746,0.6137679505385596,0.21199579310792835,70
chr05,11919154,0.0007224558452481078,0.40858537355977315,0.5248358537415068,0.2799765041388427,70
chr05,11923215,0.0004410714285714286,0.14424708309043394,0.7053142209563854,0.15161735956866595,68
chr05,11923222,0.0004410714285714286,0.14424708309043394,0.7053142209563854,0.15161735956866595,68
chr05,11923240,0.0004410714285714286,0.14424708309043394,0.7053142209563854,0.15161735956866595,68
chr05,11923243,0.0004410714285714286,0.14424708309043394,0.7053142209563854,0.15161735956866595,68
chr05,11927992,0.0006892857142857148,0.35267951094368816,0.554630292785659,0.25599641382348376,68
chr05,11963808,-0.0005302419354838708,0.22776429499996595,0.6346947639793765,0.19743508445623992,71
chr05,11963847,-0.0005302419354838708,0.22776429499996595,0.6346947639793765,0.19743508445623992,71
chr05,11972878,-0.0004722222222222221,0.1707164441950309,0.6808569706115499,0.1669441118731523,66
chr05,11987501,-0.00032234432234432237,0.07723851442299112,0.7819572766239095,0.10681697460428495,67
chr05,12046828,0.000858058608058608,0.5616160686717253,0.4563135569557377,0.340736628260856,67
chr05,12046910,0.000858058608058608,0.5616160686717253,0.4563135569557377,0.340736628260856,67
chr05,12087427,0.0002756410256410257,0.06076495079325584,0.8060446551419992,0.09364089746966585,69
chr05,12089657,0.0007371794871794869,0.3847930151414034,0.5372867111503047,0.26979390081501,65
chr05,12098870,-0.0003933756805807621,0.11237285887104796,0.7385381634951492,0.13162705787794163,67
chr05,12098986,0.0003933756805807624,0.11237285887104896,0.7385381634951492,0.13162705787794163,67
chr05,12099141,-0.0005466893039049243,0.23220749187370632,0.6314621925444761,0.1996526467885276,69
chr05,12128514,0.0007656250000000002,0.4747175996100779,0.4931690853084686,0.3070041553138267,70
chr05,12139498,0.000631009615384616,0.325096678076126,0.5704126922447763,0.24381081956828196,71
chr06,24099,-0.002167965367965369,4.003586597641563,0.04951918267258743,1.3052265320758734,68
chr06,24186,-0.002167965367965369,4.003586597641563,0.04951918267258743,1.3052265320758734,68
chr06,24365,-0.0016293650793650786,2.249172081785358,0.13824777828921705,0.8593418392962219,71
chr06,29478,-0.0019116161616161615,3.01674100557135,0.08700459797380723,1.0604577954056735,69
chr06,48562,-0.0017222222222222216,2.457476333802942,0.12160863976344259,0.9150355692384802,70
chr06,56279,-0.0018358585858585855,2.7368195742714847,0.1027376014269972,0.9882705777899898,69
chr06,56303,-0.0018358585858585855,2.7368195742714847,0.1027376014269972,0.9882705777899898,69
chr06,62051,-0.0010909090909090907,0.9674349164878221,0.3290245595778374,0.4827716835362108,66
chr06,64364,-0.0018231092436974783,2.7127603227447508,0.10423138856145431,0.9820014765618744,69
chr06,64452,-0.0018231092436974783,2.7127603227447508,0.10423138856145431,0.9820014765618744,69
chr06,92485,0.001678104575163398,2.321160464176606,0.13226216709480995,0.8785643657269462,70
chr06,93436,-0.0017373949579831927,2.4639718551090493,0.12119493983084527,0.9165155125906754,69
chr06,112715,-0.0017516339869281033,2.555537570880061,0.11454507237510204,0.9410235890265933,70
chr06,125279,-0.0016293650793650786,2.249172081785358,0.13824777828921705,0.8593418392962219,71
chr06,146150,-0.0021468253968253965,3.4559282175200803,0.0677727013557063,1.1689452034481316,64
chr06,170569,0.0018103885135135132,2.627359276188136,0.10973358063030354,0.9596604494468494,69
chr06,170698,0.001878267973856208,2.9332287164139705,0.09133049803442375,1.0393841740939909,70
chr06,223386,-0.0022144886363636364,3.9054432390017104,0.052512327520601365,1.2797387319138247,65
chr06,247104,0.0028802083333333327,7.060668509781296,0.009872577716542734,2.005569438828915,68
chr06,247140,0.0028802083333333327,7.060668509781296,0.009872577716542734,2.005569438828915,68
chr06,297664,-0.0031174242424242423,8.51718753841608,0.004785622445930477,2.320061567343331,69
chr06,297781,-0.0031852813852813852,8.786756047613016,0.004218055229614836,2.3748877380721303,68
chr06,356487,0.0028644674085850576,7.446677293258409,0.008056005593302877,2.093880240922694,71
chr06,384898,-0.0030756048387096764,7.947203038426109,0.006485721383079023,2.1880417119057745,63
chr06,384906,-0.0030756048387096764,7.947203038426109,0.006485721383079023,2.1880417119057745,63
chr06,384930,-0.0030756048387096764,7.947203038426109,0.006485721383079023,2.1880417119057745,63
chr06,415313,-0.002785104364326376,6.309176488841067,0.014586543417785489,1.8360476109465136,65
chr06,437844,-0.0023716475095785445,4.373725955911721,0.04053506981544837,1.392169074640343,65
chr06,535080,-0.0017586805555555556,2.4722935434069266,0.12065075159227046,0.9184699683150047,68
chr06,535258,0.002026654411764706,3.2010111574881277,0.07832470614871063,1.1061012257885217,66
chr06,539684,0.001615546218487395,2.214687164016395,0.14139457598663144,0.8495672501166082,69
chr06,559000,-0.00214712918660287,3.981649923719273,0.04994844809232259,1.3014780008396212,71
chr06,560507,0.0023645833333333327,4.582608285554514,0.03599656592821297,1.4437389289428515,68
chr06,576602,-0.001762152777777777,2.5875830976773573,0.11247807443602677,0.94893212714792,68
chr06,641565,0.0022929292929292936,4.3471876914320955,0.0408837757251149,1.3884490027739944,69
chr06,641606,0.0022929292929292936,4.3471876914320955,0.0408837757251149,1.3884490027739944,69
chr06,641653,0.0022929292929292936,4.3471876914320955,0.0408837757251149,1.3884490027739944,69
chr06,655606,0.0019278017241379309,2.8241433474096267,0.09814403708888284,1.0081360815765812,61
chr06,655941,0.001977272727272727,3.347250602713367,0.0716377670380101,1.1448579596485813,71
chr06,655961,0.001781326781326782,2.74834699336952,0.10196172346782563,0.9915628322235581,70
chr06,656006,0.001781326781326782,2.74834699336952,0.10196172346782563,0.9915628322235581,70
chr06,656029,0.0019217171717171716,3.1716515896264794,0.07945963178169671,1.0998534518095733,69
chr06,656043,0.001781326781326782,2.74834699336952,0.10196172346782563,0.9915628322235581,70
chr06,702955,0.0017874762808349147,2.5392650298643584,0.1160517317858659,0.9353483743857135,65
chr06,769842,0.0016243589743589746,2.113650659967773,0.15065911084750483,0.822004599993582,69
chr06,780543,0.0020076013513513516,3.3012101914032943,0.07370147241867811,1.132523835656291,69
chr06,814466,0.0014390243902439026,1.6993881474394061,0.1967008010510918,0.7061938714413114,71
chr06,842209,-0.001525,1.8768163420718842,0.17520301417958337,0.7564584265338049,70
chr06,843581,-0.0016277630415561454,2.070282615488044,0.1549193691579336,0.8098942801586259,68
chr06,859129,-0.001589516129032258,2.1021804400653523,0.15161963759017216,0.8192445457704195,71
chr06,859219,-0.001525,1.8768163420718842,0.17520301417958337,0.7564584265338049,70
chr06,859275,-0.001525,1.8768163420718842,0.17520301417958337,0.7564584265338049,70
chr06,870886,-0.0016475563909774437,1.9934911496365693,0.16282009504894257,0.7882919960666017,66
chr06,896964,-0.001496747967479675,1.8421705408794675,0.17911985956274296,0.746856259933435,71
chr06,912039,0.0015322580645161289,1.9492559584596962,0.1671428333587195,0.7769122400674484,71
chr06,912068,-0.0014666666666666665,1.7323928834614188,0.19252518970531135,0.7155124400031891,70
chr06,912162,0.0016861042183622828,2.360420285480479,0.1290889144597801,0.889111051270829,70
chr06,924524,-0.0013434065934065935,1.3796990591281435,0.2444377193935441,0.611831776905327,67
chr06,924544,0.0013434065934065935,1.3796990591281435,0.2444377193935441,0.611831776905327,67
chr06,924728,0.0014666666666666665,1.7323928834614166,0.19252518970531135,0.7155124400031891,70
chr06,924742,0.0014666666666666665,1.7323928834614166,0.19252518970531135,0.7155124400031891,70
chr06,959172,0.0014666666666666665,1.7323928834614166,0.19252518970531135,0.7155124400031891,70
chr06,978918,-0.0016205128205128206,2.1150956137311505,0.1505217789625919,0.8224006575520693,69
chr06,986272,0.0011447368421052635,1.0590915170533473,0.30706919664425947,0.5127637472117237,70
chr06,1038467,-0.0010576923076923077,0.9212510064171632,0.34049807079887406,0.4678853443790286,71
chr06,1038589,-0.0009851116625310178,0.7766149599455187,0.38128272711470246,0.4187528687066225,70
chr06,1039932,0.0010067567567567568,0.8445142402453614,0.3614055434077472,0.442005190311523,69
chr06,1070967,-0.0010484330484330482,0.7730032645430366,0.3825788002700464,0.4172790990782534,66
chr06,1102724,0.001041556145004421,0.8520234760579332,0.3593428101961993,0.44449104017234853,68
chr06,1128125,0.001253846153846154,1.2458592428747517,0.2683319647697466,0.5713275893622146,69
chr06,1139635,-0.0012630415561450047,1.219884208992813,0.2733937725424119,0.5632113821649382,68
chr06,1144491,-0.0015447368421052635,1.8670338559156676,0.1764525099863617,0.7533721595455903,68
chr06,1146217,0.0014146959459459467,1.6883099602522054,0.1982772624155357,0.7027270859643557,69
chr06,1157443,-0.0014559294871794878,1.766687118783969,0.18817092181949152,0.7254474875454952,71
chr06,1157447,-0.0014559294871794878,1.766687118783969,0.18817092181949152,0.7254474875454952,71
chr06,1180459,-0.0012333333333333335,1.2159510965399218,0.27404410107813776,0.5621795418741617,70
chr06,1189587,-0.001323577235772358,1.4322228321416224,0.23549779852806346,0.6280131483719552,71
chr06,1189691,-0.0012523128679562665,1.2426503795784123,0.2688852463834473,0.5704330266723464,70
chr06,1205040,-0.0012523128679562665,1.2426503795784123,0.2688852463834473,0.5704330266723464,70
chr06,1205096,-0.0012523128679562665,1.2426503795784123,0.2688852463834473,0.5704330266723464,70
chr06,1205184,-0.001323577235772358,1.4322228321416224,0.23549779852806346,0.6280131483719552,71
chr06,1205940,0.001388888888888889,1.418749317908982,0.23800816853383536,0.623408137530494,66
chr06,1205954,-0.0013888888888888885,1.418749317908982,0.23800816853383536,0.623408137530494,66
chr06,1205963,-0.0013888888888888885,1.418749317908982,0.23800816853383536,0.623408137530494,66
chr06,1209726,0.0010911654135338344,0.9408943520355025,0.3356996052550161,0.47404916943315845,66
chr06,1214238,0.0016181451612903223,2.181002956534254,0.14427308299801456,0.8408146875888036,71
chr06,1214253,0.0016181451612903223,2.181002956534254,0.14427308299801456,0.8408146875888036,71
chr06,1216699,0.0015541666666666668,1.9513735125342846,0.16698121566699325,0.7773323814932059,70
chr06,1274089,0.0013611847922192753,1.4534159014003634,0.23228510720823325,0.6339786337840133,68
chr06,1274295,-0.001295833333333333,1.364208522854908,0.2468883363867194,0.6074994267247584,70
chr06,1274569,-0.0009544159544159544,0.6796665447523949,0.4127636071281702,0.38429860091611545,66
chr06,1303237,0.001345833333333333,1.4596395039954846,0.23117238194504966,0.6360640521084207,70
chr06,1310089,-0.0014722222222222216,1.6184085005903193,0.20814217637578394,0.681639908681513,63
chr06,1322725,-0.0013125,1.3952397701958046,0.2416370222537168,0.6168365248162162,70
chr06,1354355,0.0013791666666666668,1.5273485284750552,0.22076313833364106,0.6560734407016516,70
chr06,1402000,-0.0013958333333333331,1.5625220747986808,0.2155812048167485,0.6663891052672434,70
chr06,1402031,-0.0013958333333333331,1.5625220747986808,0.2155812048167485,0.6663891052672434,70
chr06,1409479,0.0013081952920662601,1.3933617864194057,0.24207498127043103,0.6160500930764724,68
chr06,1409498,0.0013081952920662601,1.3933617864194057,0.24207498127043103,0.6160500930764724,68
chr06,1483949,0.0014458333333333333,1.6737341379488684,0.20013631379499394,0.6986741035181108,70
chr06,1487580,-0.001446370967741935,1.7315284354770315,0.1925710230530969,0.7154090623564353,71
chr06,1503492,0.0009656593406593408,0.7218298844174191,0.39866282696922817,0.39939425792874245,67
chr06,1527186,-0.001446370967741935,1.7315284354770315,0.1925710230530969,0.7154090623564353,71
chr06,1528574,0.001446370967741935,1.7315284354770315,0.1925710230530969,0.7154090623564353,71
chr06,1528618,0.001376293103448276,1.4696714092154235,0.2296551916969566,0.6389237322628046,69
chr06,1528812,0.0011589285714285716,1.0214655632636611,0.31586260983262265,0.5005017805666354,68
chr06,1546216,0.001446370967741935,1.7315284354770315,0.1925710230530969,0.7154090623564353,71
chr06,1575319,0.0009723557692307698,0.7769850898941978,0.3811250718152662,0.4189324807925953,71
chr06,1578837,0.0006358974358974362,0.32388448093351996,0.5711854990547534,0.24322282672285428,69
chr06,1592688,-0.0003750000000000001,0.10515786162370552,0.7468534760891925,0.12676459332208048,62
chr06,1592725,-0.0003750000000000001,0.10515786162370552,0.7468534760891925,0.12676459332208048,62
chr06,1669539,-0.0008333333333333332,0.4692668666820528,0.49591952833590847,0.30458878970941416,63
chr06,1669614,-0.0011386639676113366,1.0313080785395377,0.3137983505285381,0.5033493435987848,64
chr06,1748097,0.0011009098428453271,0.9726905823350538,0.32750639473706034,0.48478021575798375,70
chr06,1748140,0.0011714743589743594,1.1335521472628418,0.2907305784406215,0.5365092876323289,71
chr06,1771784,0.000992307692307693,0.7710002680765147,0.3830457792088767,0.41674931879981403,69
chr06,1824148,0.0015560439560439558,1.6680297659173577,0.20155951336779016,0.6955966988474188,61
chr06,1843529,0.0011714743589743594,1.1335521472628418,0.2907305784406215,0.5365092876323289,71
chr06,1843640,0.00115952380952381,0.9664874118541292,0.32931828548617337,0.48238415430094095,65
chr06,1915714,-0.001121052631578948,0.9546904063363045,0.3320961422950325,0.47873616923663725,68
chr06,1915986,-0.0011009098428453271,0.9726905823350538,0.32750639473706034,0.48478021575798375,70
chr06,1946550,0.0010686517783291983,0.9200116892028853,0.34086999858982714,0.46741122118313266,70
chr06,1946597,-0.0010686517783291983,0.9200116892028853,0.34086999858982714,0.46741122118313266,70
chr06,1953552,0.0011009098428453271,0.9726905823350538,0.32750639473706034,0.48478021575798375,70
chr06,1978371,-0.0012459677419354841,1.2766799166530984,0.26242985609026065,0.5809867577199781,71
chr06,1980956,0.0013362573099415206,1.3430838133104006,0.25086484821428656,0.600560188809282,65
chr06,2007392,0.000768772893772894,0.4539498826551598,0.5028540864917717,0.2985580161857124,67
chr06,2007404,0.000768772893772894,0.4539498826551598,0.5028540864917717,0.2985580161857124,67
chr06,2038640,-0.001172413793103449,1.0610057708161609,0.30674597791743,0.5132211230743656,68
chr06,2133685,-0.0016125,2.105226471761029,0.15139426216977184,0.8198905842495996,70
chr06,2218923,0.001222972972972973,1.1883673576562988,0.27956431300301005,0.5535182680302392,69
chr06,2233902,-0.000474171539961014,0.16341225670413648,0.6874032517680382,0.16278841775949304,65
chr06,2245166,-0.0008552631578947374,0.6119064036654759,0.4367864202053987,0.35973087241306995,70
chr06,2248147,0.000990740740740741,0.7281355204155376,0.3968265612738887,0.4013992663852566,63
chr06,2265026,0.0010915178571428573,0.9108340617978995,0.34342911220127503,0.4641628928312614,67
chr06,2265056,-0.001091517857142857,0.9108340617978995,0.34342911220127503,0.4641628928312614,67
chr06,2302946,0.0007313677313677318,0.43013260917097734,0.5141368798796172,0.28892124236182387,70
chr06,2322413,0.00039062500000000046,0.12218219875300126,0.7277925511159034,0.13799239368769828,68
chr06,2322427,0.00039062500000000046,0.12218219875300126,0.7277925511159034,0.13799239368769828,68
chr06,2322501,-0.00039062500000000046,0.12218219875300126,0.7277925511159034,0.13799239368769828,68
chr06,2328489,-0.0006467304625199366,0.343228814263321,0.5598828807304346,0.2519028115155012,71
chr06,2368673,0.0008428571428571432,0.5640303958467686,0.45527064252012095,0.3417303536509169,69
chr06,2389319,0.0006351351351351358,0.3320338538683389,0.5663388255589693,0.2469236641406911,71
chr06,2389359,0.0006351351351351358,0.3320338538683389,0.5663388255589693,0.2469236641406911,71
chr06,2389369,0.0006351351351351358,0.3320338538683389,0.5663388255589693,0.2469236641406911,71
chr06,2410442,0.00042516447368421106,0.14415970498090588,0.7053634461303535,0.1515870504173516,70
chr06,2410504,0.0005051834130781504,0.209022928598044,0.6489705290764911,0.18777502484842323,71
chr06,2413168,0.0004452614379084967,0.16585588528823375,0.6851005836365965,0.16424566250536432,70
chr06,2413422,0.0004452614379084967,0.16585588528823375,0.6851005836365965,0.16424566250536432,70
chr06,2413424,0.0004452614379084967,0.16585588528823375,0.6851005836365965,0.16424566250536432,70
chr06,2413435,0.0004452614379084967,0.16585588528823375,0.6851005836365965,0.16424566250536432,70
chr06,2448973,-0.0005880425880425885,0.27744584422822627,0.6000942865677852,0.22178050808458796,70
chr06,2505357,-0.0008783783783783784,0.6199994305401321,0.4338241928416109,0.3626862325785252,69
chr06,2505361,-0.0008783783783783784,0.6199994305401321,0.4338241928416109,0.3626862325785252,69
chr06,2534599,-0.0008281250000000003,0.5501760407247192,0.46079999283912465,0.3364875363338215,70
chr06,2572067,0.00028611111111111133,0.05852156207930718,0.8096215945034471,0.09171791669917014,66
chr06,2594140,0.0007606060606060612,0.4385519502356992,0.5103164791539548,0.2921604071918252,63
chr06,2594142,0.0007606060606060612,0.4385519502356992,0.5103164791539548,0.2921604071918252,63
chr06,2608978,-0.00011962365591397896,0.010652675160847426,0.9181126569865026,0.037104025437414895,67
chr06,2665953,9.856915739268656e-05,0.007959713292049184,0.9291677333057926,0.03190588011432891,71
chr06,2686230,-0.0003724662162162155,0.10992261776550152,0.7412670935613599,0.13002527871533057,69
chr06,2692501,-0.00010732323232323196,0.00897114217581746,0.9248230207154892,0.03394136832095856,69
chr06,2692663,0.00019965277777777722,0.030276385574322405,0.862397203730018,0.06429266032824547,68
chr06,2692671,-0.00010732323232323196,0.00897114217581746,0.9248230207154892,0.03394136832095856,69
chr06,2727603,-0.00014742014742014767,0.01809698520342299,0.8933847992521495,0.048961441227370665,70
chr06,2805491,-0.00021618037135278563,0.03686703758181772,0.8483255479870264,0.07143745368357125,68
chr06,2844535,-1.4102564102563863e-05,0.00015473057479019407,0.990112276291893,0.004315554686060133,69
chr06,2869612,-0.0003064516129032262,0.06910570635416796,0.7934748099211597,0.1004668560369079,67
chr06,2897022,0.0002524671052631585,0.05076260555044989,0.8224172997766968,0.08490776274746692,70
chr06,2917249,0.0002791385135135138,0.060436561431777,0.8065588058515738,0.09336396289895181,69
chr06,2952954,-0.000380555555555556,0.10581218446486078,0.7460242741992877,0.12724704118779936,66
chr06,2954456,0.0001158743633276746,0.010499832224707073,0.9186907346539581,0.03683066362795949,69
chr06,2954459,0.0001158743633276746,0.010499832224707073,0.9186907346539581,0.03683066362795949,69
chr06,2954476,0.0001158743633276746,0.010499832224707073,0.9186907346539581,0.03683066362795949,69
chr06,2954484,0.0001158743633276746,0.010499832224707073,0.9186907346539581,0.03683066362795949,69
chr06,2954551,-0.0001158743633276746,0.010499832224707073,0.9186907346539581,0.03683066362795949,69
chr06,2968610,-8.631211857018341e-05,0.005788130925115234,0.9395857882249808,0.02706356079837694,68
chr06,2982650,-0.00033532695374800683,0.09193848643506597,0.7626394227437849,0.11768074871149076,71
chr06,3023980,7.352941176470974e-06,4.3309236083831156e-05,0.9947684482104688,0.0022779980154867792,70
chr06,3032144,-0.00018571428571428602,0.02772015476201959,0.8682625122652285,0.061348949487294205,70
chr06,3032343,-0.00010378151260504232,0.008451236378110714,0.9270274922002205,0.032907386099509814,69
chr06,3164016,5.7142857142856796e-05,0.002629874210795943,0.9592509191705695,0.01806777598107684,70
chr06,3164072,5.7142857142856796e-05,0.002629874210795943,0.9592509191705695,0.01806777598107684,70
chr06,3187978,-0.00017142857142857118,0.02360109521422261,0.8783592623031208,0.056327814705491475,70
chr06,3188660,-7.976190476190432e-05,0.00522010251719716,0.942611757302487,0.02566714753867099,71
chr06,3188710,-7.976190476190432e-05,0.00522010251719716,0.942611757302487,0.02566714753867099,71
chr06,3195909,0.0002692640692640696,0.05830985061753716,0.809936170255558,0.0915492058103421,68
chr06,3203557,0.0002803030303030308,0.06114840848449739,0.8054461485229516,0.0939634908513905,69
chr06,3203809,0.00011428571428571461,0.010336915434145522,0.9193217834398038,0.0365324491015892,69
chr06,3204730,0.0008000000000000007,0.46549803895818703,0.4976912188620619,0.3030400217703314,62
chr06,3213823,0.00024999999999999984,0.05010233319688914,0.8235564359828895,0.08430663450741956,70
chr06,3213837,0.00024999999999999984,0.05010233319688914,0.8235564359828895,0.08430663450741956,70
chr06,3231566,0.0007527777777777783,0.44388138203720495,0.507649552695248,0.29443599214914595,66
chr06,3231567,0.0007527777777777783,0.44388138203720495,0.507649552695248,0.29443599214914595,66
chr06,3260042,0.00029077060931899655,0.06377884946811548,0.8014169518555585,0.09614147545527349,67
chr06,3266237,-0.00024007936507936523,0.0418204820120816,0.8386321936008952,0.07642846981838498,64
chr06,3266260,-0.00024007936507936523,0.0418204820120816,0.8386321936008952,0.07642846981838498,64
chr06,3266264,-0.00024007936507936523,0.0418204820120816,0.8386321936008952,0.07642846981838498,64
chr06,3291335,-5.050505050504684e-06,2.0150197163658987e-05,0.9964317293364483,0.0015524516932031193,69
chr06,3320216,0.00031082251082251156,0.07667222027455287,0.7827241904612019,0.10639124389639391,68
chr06,3333980,-5.2777777777777214e-05,0.0021925631076012836,0.9627986618729084,0.016464521992370938,66
chr06,3459013,-0.00020255183413078173,0.03351702048502011,0.8552748478682496,0.0678942996213455,71
chr06,3494535,-0.00014869281045751609,0.017902920875205355,0.893954516649107,0.048684577032730804,70
chr06,3494580,-0.00023361344537815073,0.043213133289821806,0.8359550668463218,0.07781706555756121,69
chr06,3494688,-9.313725490196068e-05,0.006949432039350285,0.9338076277729621,0.029742582872361447,70
chr06,3622842,6.313131313131523e-06,3.109354436203262e-05,0.9955674621709851,0.001929305746159673,69
chr06,3630262,-9.313725490196068e-05,0.006949432039350285,0.9338076277729621,0.029742582872361447,70
chr06,3654621,-0.0006512605042016805,0.33657239020682783,0.5639868643822656,0.24873101089738694,62
chr06,3654637,-0.0006512605042016805,0.33657239020682783,0.5639868643822656,0.24873101089738694,62
chr06,3654890,0.0009823529411764707,0.7601486992390694,0.386395635421229,0.4129677878548402,69
chr06,3688829,0.0013939393939393935,1.5253370577700662,0.22132855455514638,0.6549625522465333,66
chr06,3848809,0.0012760416666666666,1.3295274122634069,0.2530482358277582,0.5967966861083668,68
chr06,3935055,-0.0011714285714285713,1.113082428550561,0.29514703213653165,0.5299615794873663,70
chr06,3948910,-0.0008874999999999993,0.610019008115217,0.43761606376194206,0.35890674454682503,67
chr06,3993894,0.0009825367647058817,0.7447786034629293,0.391356957475282,0.40742694096441456,66
chr06,4072257,-0.0018846153846153848,2.6016781709004206,0.11182962143261464,0.9514431452795096,64
chr06,4072273,-0.0018846153846153848,2.6016781709004206,0.11182962143261464,0.9514431452795096,64
chr06,4072296,-0.00211,3.215383777503223,0.07790680642717694,1.1084245979804062,63
chr06,4073192,-0.0022228070175438603,4.145750523574328,0.04575578221408971,1.3395540158052928,68
chr06,4084384,-0.0024483870967741943,5.205384020373101,0.025606850377984967,1.5916438361188727,71
chr06,4084496,0.0024483870967741943,5.205384020373101,0.025606850377984967,1.5916438361188727,71
chr06,4099155,0.0022663358147229115,4.514970392983624,0.03723675233943035,1.4290282036995456,70
chr06,4121582,0.0024483870967741943,5.205384020373101,0.025606850377984967,1.5916438361188727,71
chr06,4151354,0.0024483870967741943,5.205384020373101,0.025606850377984967,1.5916438361188727,71
chr06,4152896,0.0023333333333333327,4.614191547111275,0.03527411843614969,1.4525438312405106,70
chr06,4194402,0.001919172932330827,2.996639414659239,0.08825610216662723,1.054255257093971,66
chr06,4194492,0.001919172932330827,2.996639414659239,0.08825610216662723,1.054255257093971,66
chr06,4324432,-0.0027853618421052636,6.790658808477825,0.011248939184221646,1.9488884311669579,70
chr06,4428520,0.002699751861042183,6.267155407867402,0.014705928447294857,1.832507551448775,70
chr06,4429685,-0.0025217948717948715,5.406093847270014,0.02310420353731724,1.6363089981606462,69
chr06,4437062,-0.0026114035087719295,5.652393668427576,0.020337470399807846,1.691703066148974,68
chr06,4446550,0.0026487903225806447,6.171729727537817,0.015411821385922779,1.8121460328512005,71
chr06,4481723,-0.002622357723577236,5.985520157917062,0.016975992785199248,1.770164818017948,71
chr06,4481773,-0.002622357723577236,5.985520157917062,0.016975992785199248,1.770164818017948,71
chr06,4481941,0.002622357723577236,5.985520157917062,0.016975992785199248,1.770164818017948,71
chr06,4542244,0.00228974358974359,4.4940455607984635,0.03772051841965807,1.4234223470786747,69
chr06,4542263,-0.00228974358974359,4.4940455607984635,0.03772051841965807,1.4234223470786747,69
chr06,4542314,-0.00228974358974359,4.4940455607984635,0.03772051841965807,1.4234223470786747,69
chr06,4559849,-0.0025342741935483865,5.607187298348474,0.02069465370694761,1.6841418364495013,71
chr06,4561509,-0.0028378825475599673,7.031116203663349,0.009958741856265356,2.0017955249693875,70
chr06,4604516,0.002722835314091681,6.674127049148252,0.011969835656318047,1.9219118123374639,69
chr06,4604898,-0.0028312990409764594,7.116087655070351,0.009601264544835564,2.0176715639732308,68
chr06,4606145,0.002734677419354838,6.617462723983187,0.0122536269427884,1.9117353457402062,71
chr06,4606356,0.002734677419354838,6.617462723983187,0.0122536269427884,1.9117353457402062,71
chr06,4635146,-0.002734677419354838,6.617462723983187,0.0122536269427884,1.9117353457402062,71
chr06,4651367,0.0025208333333333337,5.468068096612635,0.022315000911099708,1.6514030910916315,70
chr06,4714197,-0.0016309523809523812,2.1222171147135525,0.1501425425199513,0.823496234046857,65
chr06,4714200,-0.0016309523809523812,2.1222171147135525,0.1501425425199513,0.823496234046857,65
chr06,4731552,-0.0017359022556390975,2.2415906255940405,0.13925859539630886,0.8561779895619085,66
chr06,4748135,-0.00175650406504065,2.562870674389265,0.11396868544435458,0.9432144610048614,71
chr06,4753486,0.0014564655172413794,1.7426619188510488,0.19129429686893237,0.718297977569533,69
chr06,4763780,0.0016986531986531983,2.1051079136690674,0.1521951977043944,0.8175990508728429,60
chr06,4844205,0.0019365012615643403,3.0724610562854053,0.0841359683944539,1.0750183022309656,70
chr06,4853985,-0.002029166666666667,3.4214728368548024,0.06869944515350714,1.163046770476741,70
chr06,4853992,0.002029166666666668,3.4214728368548055,0.06869944515350714,1.163046770476741,70
chr06,4871228,-0.0023092948717948728,4.624118828759503,0.03503176473164171,1.4555379844662184,71
chr06,4871255,-0.0023092948717948728,4.624118828759503,0.03503176473164171,1.4555379844662184,71
chr06,4871307,-0.0023092948717948728,4.624118828759503,0.03503176473164171,1.4555379844662184,71
chr06,4871451,0.0023092948717948728,4.624118828759497,0.035031764731642046,1.4555379844662142,71
chr06,4898207,-0.0023092948717948728,4.624118828759503,0.03503176473164171,1.4555379844662184,71
chr06,4928508,0.0019372549019607843,2.9859722634467327,0.08896698191994708,1.0507711420128871,64
chr06,4948389,0.002253289473684211,4.3021842410236095,0.0418522775096507,1.378280903669271,70
chr06,5057492,-0.0023092948717948728,4.624118828759503,0.03503176473164171,1.4555379844662184,71
chr06,5072549,-0.001600496277915633,2.1791967314013347,0.14450346823793161,0.8401217292498566,70
chr06,5080772,0.0016909328683522235,2.325952479024372,0.1320102556012014,0.87939232805175,68
chr06,5093398,-0.0017899193548387101,2.687622699409333,0.10568249368133507,0.9759969476714794,71
chr06,5105558,0.0016791666666666663,2.3063818572119827,0.13347962264045157,0.8745850298071852,70
chr06,5120988,-0.0018312655086848634,2.7468550720983025,0.1020529425630218,0.9911744684544369,70
chr06,5121055,0.0018312655086848634,2.7468550720983025,0.1020529425630218,0.9911744684544369,70
chr06,5129579,-0.002252564102564103,4.396515701454397,0.03979059032358514,1.4002196177178037,69
chr06,5133226,-0.0017899193548387101,2.687622699409333,0.10568249368133507,0.9759969476714794,71
chr06,5133483,-0.0020083743842364533,2.9364586247301996,0.0915966646829691,1.0381203400456207,64
chr06,5154048,-0.0014541666666666665,1.7752663767214456,0.18717961956341592,0.7277414397485108,70
chr06,5154108,-0.0016410569105691063,2.226536034223,0.14021596463007086,0.8532025358984354,71
chr06,5297462,0.0019149797570850206,2.5935500783046144,0.1123796434756528,0.9493123500379002,64
chr06,5321362,-0.0011769230769230767,1.01338793350981,0.31788352300477984,0.49773198247703543,66
chr06,5325281,0.0017612903225806451,2.5991227614909507,0.11148791751993162,0.9527721966404986,71
chr06,5344170,0.0017612903225806451,2.5991227614909507,0.11148791751993162,0.9527721966404986,71
chr06,5355504,0.0012852564102564107,1.369024375076195,0.2460051794025066,0.6090557491476425,71
chr06,5360214,0.0011182432432432431,1.0248277477706902,0.3150185832087754,0.5016638260612654,69
chr06,5360215,0.0011182432432432431,1.0248277477706902,0.3150185832087754,0.5016638260612654,69
chr06,5360216,0.0011182432432432431,1.0248277477706902,0.3150185832087754,0.5016638260612654,69
chr06,5360281,-0.0011182432432432431,1.0248277477706902,0.3150185832087754,0.5016638260612654,69
chr06,5402415,-0.0012129186602870814,1.222568237914646,0.2726976236738504,0.5643186465461976,71
chr06,5402467,0.0012129186602870816,1.2225682379146485,0.2726976236738504,0.5643186465461976,71
chr06,5402501,0.0009439102564102569,0.7317148165871736,0.3952885287063319,0.40308578872261863,71
chr06,5402502,0.0009439102564102569,0.7317148165871736,0.3952885287063319,0.40308578872261863,71
chr06,5402539,0.0012129186602870816,1.2225682379146485,0.2726976236738504,0.5643186465461976,71
chr06,5487879,-3.758169934640564e-05,0.0011257709122540738,0.9733322864166322,0.011738870398358034,70
chr06,5508532,-0.0001908602150537634,0.028097569090572767,0.8674000776711491,0.06178054329845131,67
chr06,5512678,-1.4308426073131952e-05,0.00016770654954611862,0.9897049304978254,0.0044942661675844995,71
chr06,5512826,1.4308426073132016e-05,0.00016770654954611862,0.9897049304978254,0.0044942661675844995,71
chr06,5528042,1.4308426073132016e-05,0.00016770654954611862,0.9897049304978254,0.0044942661675844995,71
chr06,5533107,-0.00014563492063492104,0.017405869855974195,0.8954225822311507,0.04797195706592194,71
chr06,5562138,0.0002285714285714291,0.041910631741140264,0.8384017597627945,0.07654781879728911,70
chr06,5573135,-0.0003051587301587301,0.07648704706570757,0.7829424974921125,0.10627013313862013,71
chr06,5578721,6.944444444444446e-05,0.004024792162657361,0.9496012628006152,0.02245871651874082,70
chr06,5582935,0.00033415032679738534,0.08911330517954148,0.7662177679483548,0.11564778131084409,70
chr06,5751879,-0.00019065343258891664,0.028721712753140068,0.8659263426923158,0.06251904830916706,70
chr06,5752063,-0.0002612179487179485,0.055495065229505855,0.8144611217262246,0.08912964189292243,71
chr06,5752297,-0.0002612179487179485,0.055495065229505855,0.8144611217262246,0.08912964189292243,71
chr06,5760751,0.0003782894736842105,0.11491902764164875,0.7356565642140651,0.13332488549485896,70
chr06,5762936,0.0002915959252971136,0.06645684645313348,0.7973574131183472,0.09834696373458542,69
chr06,5767856,0.0003782894736842105,0.11491902764164875,0.7356565642140651,0.13332488549485896,70
chr06,5769605,-0.0002612179487179485,0.055495065229505855,0.8144611217262246,0.08912964189292243,71
chr06,5811829,0.00031748726655348044,0.08519067516874285,0.7712844828961847,0.11278540591266294,69
chr06,5828671,-0.0005591397849462366,0.23931248040591632,0.6263498640534977,0.20318301250235477,67
chr06,5828705,0.0005591397849462366,0.23931248040591632,0.6263498640534977,0.20318301250235477,67
chr06,5857497,0.0008584229390681003,0.5841543496270126,0.44745429928482106,0.34925131472114584,67
chr06,5857901,0.00023904052936310984,0.04501584213922242,0.8326095913007641,0.07955859053667363,70
chr06,5871042,-0.0002612179487179485,0.055495065229505855,0.8144611217262246,0.08912964189292243,71
chr06,5871290,-0.0002612179487179485,0.055495065229505855,0.8144611217262246,0.08912964189292243,71
chr06,5902193,0.00022985347985348,0.03949954609038215,0.8430826245570445,0.07412986116316007,67
chr06,5902199,0.00034757834757834775,0.08770447322497081,0.7680748375777626,0.11459646230753565,66
chr06,5902200,0.00034757834757834775,0.08770447322497081,0.7680748375777626,0.11459646230753565,66
chr06,5911433,0.0004476351351351351,0.15733507325427698,0.6928825940825983,0.15934034844986097,69
chr06,5939551,-0.0004285091543156054,0.1422383896139489,0.7072757897855901,0.15041120766402027,68
chr06,5939792,-0.0002612179487179485,0.055495065229505855,0.8144611217262246,0.08912964189292243,71
chr06,5939865,-0.0002612179487179485,0.055495065229505855,0.8144611217262246,0.08912964189292243,71
chr06,5969392,-0.000512068965517241,0.20222027484082375,0.6543861393247346,0.18416590811199943,69
chr06,6000944,0.0003777777777777776,0.1016005741230204,0.7509392861917716,0.12439517449753569,67
chr06,6032811,-0.0009088319088319083,0.5963253408859711,0.4428258454256677,0.35376703955893096,66
chr06,6033136,-0.0008253968253968247,0.53088473707846,0.4687742974221769,0.3290362084100372,69
chr06,6051126,0.0005303776683087023,0.22382513217413005,0.6376339589221627,0.1954285614680094,71
chr06,6104291,-0.0007463369963369962,0.4058897001352985,0.5263007613138991,0.2787660017589219,67
chr06,6115861,-0.000472934472934473,0.16720601112770042,0.6839720835040373,0.1649616237587858,66
chr06,6116327,-0.000592514718250631,0.2738020493022186,0.6024936906264116,0.2200474967041,70
chr06,6143482,-0.0006886178861788616,0.3818944717208952,0.5386255275373619,0.26871306754928836,71
chr06,6189274,0.0009024193548387095,0.6638677615874743,0.4180011602371917,0.3788225127610635,71
chr06,6189369,0.0010492142266335812,0.8949688778289702,0.347483944417336,0.45906525729557496,70
chr06,6208987,0.001037719298245614,0.8253750487698651,0.36691885307342065,0.4354299726937742,68
chr06,6242892,0.001088742393509127,0.84836487431436,0.3606437807068963,0.442921552806968,63
chr06,6243107,0.0011019607843137252,0.899416578603521,0.3466202273469787,0.4601460972226387,64
chr06,6243218,0.0011019607843137252,0.899416578603521,0.3466202273469787,0.4601460972226387,64
chr06,6256903,-0.0009024193548387095,0.6638677615874743,0.4180011602371917,0.3788225127610635,71
chr06,6257019,-0.0009024193548387095,0.6638677615874743,0.4180011602371917,0.3788225127610635,71
chr06,6257025,-0.0009024193548387095,0.6638677615874743,0.4180011602371917,0.3788225127610635,71
chr06,6268068,0.0009836206896551723,0.7996713872897101,0.37439279853383634,0.4266725135319443,69
chr06,6268072,0.0009836206896551723,0.7996713872897101,0.37439279853383634,0.4266725135319443,69
chr06,6268147,0.0009836206896551723,0.7996713872897101,0.37439279853383634,0.4266725135319443,69
chr06,6316115,0.0007939655172413792,0.4830785867937666,0.4894346519427144,0.3103052858735713,69
chr06,6370437,0.0006447580645161288,0.3373010491771385,0.5632834372721192,0.24927301852689931,71
chr06,6370656,0.000695833333333333,0.3806486304431467,0.5393166459073432,0.2681561750870649,70
chr06,6372557,0.0006807692307692308,0.36134547908224257,0.5497883244533528,0.2598044872632355,69
chr06,6393630,-0.0008403639371381308,0.5634056914776813,0.45548083282488483,0.34152989393473665,70
chr06,6399600,-0.0013200339558573856,1.4474417995366442,0.2331729701175717,0.6323217952902062,69
chr06,6416076,0.001012012012012012,0.7078539431567756,0.4033905509782856,0.39427427891961336,64
chr06,6416098,0.001012012012012012,0.7078539431567756,0.4033905509782856,0.39427427891961336,64
chr06,6419126,-0.0010989382239382237,0.8643238729745422,0.3560802087664008,0.44845216410278255,65
chr06,6423817,-0.0009324561403508772,0.655322688672428,0.4211250392434418,0.3755889355401569,68
chr06,6433959,-0.0004930555555555554,0.175210925260628,0.6769014807897112,0.16947453583907326,67
chr06,6441069,-0.0001866935483870966,0.02815412756101502,0.8672378094567992,0.06186179621101478,71
chr06,6442593,-0.0004469827586206894,0.158379474419529,0.6919181515220465,0.15994527612802675,69
chr06,6471177,-9.065040650406514e-05,0.006582193563888902,0.9355728679061032,0.02892238144339052,71
chr06,6479770,0.00012111017661900764,0.011358585590070646,0.9154386309438182,0.038370764563589156,70
chr06,6479849,9.065040650406514e-05,0.006582193563888902,0.9355728679061032,0.02892238144339052,71
chr06,6498361,0.00015381125226860266,0.018463498103242007,0.8923357364184495,0.04947171396395853,67
chr06,6507585,-0.0001225045372050813,0.011233080718886406,0.915919693210312,0.03814260310568121,67
chr06,6518343,1.6666666666666522e-05,0.0002197640606581099,0.988215649723097,0.0051482727552769085,70
chr06,6602039,-0.00020432692307692315,0.033944074364276274,0.8543662306533264,0.06835592573072498,71
chr06,6602096,0.000204326923076923,0.033944074364276274,0.8543662306533264,0.06835592573072498,71
chr06,6643092,-7.65095119933828e-05,0.004666201483424136,0.9457396502005172,0.024228402755703746,70
chr06,6643222,-7.65095119933828e-05,0.004666201483424136,0.9457396502005172,0.024228402755703746,70
chr06,6643295,7.65095119933828e-05,0.004666201483424136,0.9457396502005172,0.024228402755703746,70
chr06,6663961,0.00037926829268292676,0.11540072130872499,0.7351092133069034,0.13364813409535328,71
chr06,6663966,0.00037926829268292676,0.11540072130872499,0.7351092133069034,0.13364813409535328,71
chr06,6847674,9.873949579831934e-05,0.006829917356917858,0.9344102533090252,0.02946240468041333,62
chr06,6847677,9.873949579831934e-05,0.006829917356917858,0.9344102533090252,0.02946240468041333,62
chr06,6852923,-0.0002726001863932899,0.05509898013152247,0.8151663440376609,0.08875375944871336,66
chr06,6897696,-0.00013196480938416433,0.01249751808216528,0.9113492366971411,0.040315165830709175,64
chr06,6898748,0.0007625,0.3212739130370053,0.5730301662177923,0.24182251472182412,60
chr06,6898885,-0.0007577380952380951,0.333323388259854,0.5659053906915246,0.24725616905030176,61
chr06,6900051,-0.00039871794871794875,0.12863336560858943,0.7209809324885249,0.14207622075146892,69
chr06,6900203,-0.00012613730355665864,0.01268442873028235,0.9106595523844689,0.04064395250544916,70
chr06,6936753,0.0006952469711090404,0.353991137813934,0.5539603638742989,0.25652130813526575,66
chr06,6936802,0.0006952469711090404,0.353991137813934,0.5539603638742989,0.25652130813526575,66
chr06,6946297,0.00044991987179487215,0.16489449727555344,0.6859462816703349,0.1637098937504322,71
chr06,6970217,-0.000449919871794872,0.16489449727555344,0.6859462816703349,0.1637098937504322,71
chr06,6970270,-0.00044057724957555135,0.15190565466244002,0.6979570674494358,0.15617129076257938,69
chr06,6981933,-0.0008501697792869268,0.5970015798172504,0.44244157110765825,0.3541440741661326,69
chr06,7019225,0.00017892156862745097,0.025707680940474386,0.8730916364070906,0.058940171990436545,70
chr06,7104001,5.31822144725377e-05,0.0021242545590909744,0.9633779809121488,0.016203284197247435,68
chr06,7143010,-0.0002457002457002456,0.048120419935581894,0.8270239049048247,0.08248193710015801,70
chr06,7203370,0.00021539721539721516,0.03709448320459379,0.8478468639003096,0.07168258190461549,70
chr06,7236956,0.0005400793650793649,0.24014813077028077,0.6256537486867888,0.2036659489581382,71
chr06,7250205,0.0003194444444444441,0.08597699436971787,0.7702752598227784,0.11335405085357894,68
chr06,7265188,0.00043759936406995257,0.15721972748832316,0.6929528897838217,0.15929628977836002,71
chr06,7265194,0.00043759936406995257,0.15721972748832316,0.6929528897838217,0.15929628977836002,71
chr06,7308158,-0.00027870813397129187,0.06348641889259925,0.8018170225789472,0.09592472791384685,71
chr06,7310656,-0.0002666666666666666,0.05023664120778687,0.8233773098654369,0.08440110519863867,65
chr06,7323136,0.00039151785714285753,0.11358312663524142,0.7371869084582834,0.13242238592557823,67
chr06,7323152,0.00039151785714285753,0.11358312663524142,0.7371869084582834,0.13242238592557823,67
chr06,7323203,0.00039151785714285753,0.11358312663524142,0.7371869084582834,0.13242238592557823,67
chr06,7367642,0.00025740131578947404,0.052504785661815476,0.8194484841729152,0.08647834379290348,70
chr06,7373014,-0.00014254577157802987,0.015507188405735985,0.9012758457182305,0.0451422679126109,68
chr06,7386614,0.00019490131578947395,0.030243557552494027,0.862455437451974,0.06426333540678619,70
chr06,7388261,0.00027870813397129225,0.06348641889259925,0.8018170225789472,0.09592472791384685,71
chr06,7402533,0.00027870813397129225,0.06348641889259925,0.8018170225789472,0.09592472791384685,71
chr06,7402705,0.00027870813397129225,0.06348641889259925,0.8018170225789472,0.09592472791384685,71
chr06,7402707,0.00027870813397129225,0.06348641889259925,0.8018170225789472,0.09592472791384685,71
chr06,7402744,0.00027870813397129225,0.06348641889259925,0.8018170225789472,0.09592472791384685,71
chr06,7421876,-0.00019490131578947382,0.030243557552494034,0.862455437451974,0.06426333540678619,70
chr06,7421917,-0.00019490131578947382,0.030243557552494034,0.862455437451974,0.06426333540678619,70
chr06,7423042,0.0003452088452088454,0.09519155149513206,0.7586213280887223,0.11997495158704613,70
chr06,7423223,0.00033159722222222217,0.08392681158558905,0.7729529785037644,0.11184692496586651,68
chr06,7423842,-0.00027870813397129187,0.06348641889259925,0.8018170225789472,0.09592472791384685,71
chr06,7427724,-0.00027870813397129187,0.06348641889259925,0.8018170225789472,0.09592472791384685,71
chr06,7437138,0.00020246179966044157,0.032200168936981875,0.8581306204719235,0.06644660092454667,69
chr06,7469364,-0.00039002932551319595,0.11490278771149393,0.7357753847717856,0.13325474550272082,64
chr06,7470960,9.546643417611166e-05,0.0071856127082177345,0.932702449986186,0.030256882447948934,68
chr06,7471007,9.546643417611166e-05,0.0071856127082177345,0.932702449986186,0.030256882447948934,68
chr06,7480457,0.00023437500000000032,0.04406705407877961,0.834356602823346,0.07864829284193857,70
chr06,7480520,0.00023437500000000032,0.04406705407877961,0.834356602823346,0.07864829284193857,70
chr06,7488664,-7.894736842105265e-05,0.004884008899749436,0.9444959662239476,0.024799892533488743,68
chr06,7571146,7.352941176470599e-06,4.3400607821256445e-05,0.9947629325614336,0.0022804060357505406,70
chr06,7571155,-7.352941176470439e-06,4.3400607821256445e-05,0.9947629325614336,0.0022804060357505406,70
chr06,7571156,-7.352941176470439e-06,4.3400607821256445e-05,0.9947629325614336,0.0022804060357505406,70
chr06,7571227,7.352941176470599e-06,4.3400607821256445e-05,0.9947629325614336,0.0022804060357505406,70
chr06,7571265,7.352941176470599e-06,4.3400607821256445e-05,0.9947629325614336,0.0022804060357505406,70
chr06,7583961,0.0004037162162162161,0.13002355681029698,0.7195419887292749,0.1429438578200068,69
chr06,7593266,0.00012121212121212132,0.011427200895414942,0.9151892762809674,0.03848907736146066,69
chr06,7593278,0.00012121212121212132,0.011427200895414942,0.9151892762809674,0.03848907736146066,69
chr06,7617950,0.0005367647058823531,0.23117167290253213,0.6321997942677993,0.19914564982572422,70
chr06,7627673,-0.0005294117647058828,0.22882825040128416,0.6339748398518752,0.19792797733958634,68
chr06,7643016,-0.00046581875993640716,0.17820479557484153,0.6742330425830416,0.17118996753761892,71
chr06,7727725,-0.00031468253968253954,0.08134148729176378,0.7763419831233752,0.10994692736769002,71
chr06,7729584,-0.00025081699346405164,0.050341726865230925,0.8231425150095626,0.08452496658121801,70
chr06,7729672,-0.00025081699346405164,0.050341726865230925,0.8231425150095626,0.08452496658121801,70
chr06,7769800,-0.0004756302521008398,0.1779786192671106,0.6744667671527487,0.17103944435789817,69
chr06,7775328,-0.00031468253968253954,0.08134148729176378,0.7763419831233752,0.10994692736769002,71
chr06,7893375,-0.00031468253968253954,0.08134148729176378,0.7763419831233752,0.10994692736769002,71
chr06,7906851,-0.0008589015151515149,0.552157333061589,0.46019957213163265,0.3370537894504204,65
chr06,7906861,-0.0008589015151515149,0.552157333061589,0.46019957213163265,0.3370537894504204,65
chr06,7906949,-0.00071875,0.38053138415129434,0.5395777374506481,0.26794597727624764,64
chr06,7931359,-0.0001554054054054053,0.01978891656497441,0.8885380763137878,0.0513239567403337,71
chr06,7943788,-1.1466011466011239e-05,0.0001061669385893515,0.9918091250103901,0.0035719003568372874,70
chr06,7960932,0.0004917279411764704,0.186988056983055,0.6668889382004738,0.17594648623757272,66
chr06,7961080,0.0006323529411764706,0.31423337287160313,0.5770211407800896,0.23880827496221957,67
chr06,7982619,-0.00028650793650793644,0.06741438314661186,0.7959124620543608,0.09913469524891817,71
chr06,7982689,-0.00028650793650793644,0.06741438314661186,0.7959124620543608,0.09913469524891817,71
chr06,7982791,0.00028650793650793644,0.06741438314661186,0.7959124620543608,0.09913469524891817,71
chr06,8019311,7.563025210084083e-05,0.004464814595427084,0.9469245796361693,0.023684610175413335,69
chr06,8019384,-4.983660130718958e-05,0.00199380609544661,0.9645155163453796,0.015690781385597687,70
chr06,8024417,-0.0002673141891891891,0.05612551725253054,0.8134508316278279,0.08966869250961107,69
chr06,8024465,-0.00030034722222222176,0.06897712980699787,0.793650022951732,0.10037096685280825,68
chr06,8024594,-0.00030034722222222176,0.06897712980699787,0.793650022951732,0.10037096685280825,68
chr06,8041946,0.00017741935483870996,0.022638826522975327,0.8809047832912988,0.05507103179903082,62
chr06,8059369,-0.00030208333333333324,0.06737313631253543,0.796046946613344,0.09906131912929036,65
chr06,8078047,-0.00034848484848484855,0.08837840659914353,0.7672116909435615,0.11508478791039571,66
chr06,8078125,-0.00034848484848484855,0.08837840659914353,0.7672116909435615,0.11508478791039571,66
chr06,8088606,0.0002205882352941178,0.03928922734752799,0.8434681644854936,0.07393130459731788,70
chr06,8088712,0.0002205882352941178,0.03928922734752799,0.8434681644854936,0.07393130459731788,70
chr06,8088727,0.0002205882352941178,0.03928922734752799,0.8434681644854936,0.07393130459731788,70
chr06,8088728,0.0002205882352941178,0.03928922734752799,0.8434681644854936,0.07393130459731788,70
chr06,8091534,0.0007324810606060603,0.41236604740489585,0.5231009545456199,0.28141448747874404,65
chr06,8102093,-0.0004362745098039218,0.15109252800806797,0.69876384609592,0.1556695734189706,67
chr06,8102311,-0.0006827956989247311,0.3582797041828385,0.5516438284652337,0.25834123614297705,64
chr06,8102328,-0.0006827956989247311,0.3582797041828385,0.5516438284652337,0.25834123614297705,64
chr06,8126372,-0.00039747899159663856,0.13091497222796183,0.7186238878162575,0.14349835048461684,69
chr06,8126545,-0.0006200980392156861,0.31381700163050824,0.5771882574488735,0.2386825129510881,70
chr06,8151998,0.0007827324478178369,0.4630288032301925,0.49870505676923627,0.30215622810038295,65
chr06,8162048,-0.0009826839826839828,0.7815552704309363,0.37987507740585047,0.4203591984172846,68
chr06,8163310,0.0002833333333333338,0.0604680284079006,0.8065699670092576,0.09335795317514628,64
chr06,8163435,0.0002833333333333338,0.0604680284079006,0.8065699670092576,0.09335795317514628,64
chr06,8168947,-0.0006229946524064175,0.30585439594323427,0.5821324607751676,0.23497818298195666,67
chr06,8195213,-0.0007222222222222219,0.4204133894274739,0.5189144537513427,0.2849042323749738,70
chr06,8195798,0.0006484848484848488,0.3269631991945337,0.569395175029106,0.24458621732097957,68
chr06,8198551,0.0007222222222222221,0.4204133894274739,0.5189144537513427,0.2849042323749738,70
chr06,8211886,0.0009874458874458876,0.7595142436076054,0.38663978619388883,0.412693458027566,68
chr06,8223381,-0.0009173290937996825,0.6962673081863343,0.4069204462020469,0.39049048795542385,71
chr06,8226093,-0.0008813131313131312,0.6094335591363996,0.43775068851915655,0.3587731621609407,69
chr06,8262041,-0.0007816964285714283,0.4586368253390693,0.5006650469707796,0.30045272703045545,67
chr06,8262938,0.0012605083088954054,1.2936580096238457,0.25975151536735214,0.585441910127823,64
chr06,8294493,0.0011317460317460317,1.0671325294893128,0.3052012448880987,0.5154136992658819,71
chr06,8347782,0.0011323529411764708,1.0291485010381771,0.31400828892072974,0.5030588876432793,69
chr06,8347952,0.001065359477124183,0.9215018910075758,0.34048187742065106,0.46790599901012414,70
chr06,8347991,0.001065359477124183,0.9215018910075758,0.34048187742065106,0.46790599901012414,70
chr06,8490343,0.0008350649350649354,0.5342950852181546,0.467393803416142,0.33031704966740194,68
chr06,8519591,1.90476190476193e-05,0.0002922118302321984,0.9864130337771702,0.005941197908567423,68
chr06,8519614,1.90476190476193e-05,0.0002922118302321984,0.9864130337771702,0.005941197908567423,68
chr06,8522087,7.575757575757572e-05,0.004246059126373389,0.9482482976703204,0.023077928285651535,66
chr06,8522569,0.00025714285714285693,0.05305182859289428,0.8185270083306119,0.08696698592164016,70
chr06,8536920,-3.00179211469536e-05,0.0006737517607663287,0.9793713786168617,0.009052592058039478,67
chr06,8561101,-0.0005334928229665071,0.23318710562374373,0.6306992799276014,0.20017766484249402,71
chr06,8573606,-0.00037500000000000033,0.11446734095850283,0.7361416742809258,0.13303859539439236,71
chr06,8573665,-0.00037500000000000033,0.11446734095850283,0.7361416742809258,0.13303859539439236,71
chr06,8592884,-0.0006009852216748772,0.2529143549742253,0.616812290472285,0.20984698121015677,64
chr06,8592900,-0.0006009852216748772,0.2529143549742253,0.616812290472285,0.20984698121015677,64
chr06,8622844,-0.00031093189964157724,0.07816259486730325,0.7806907401322425,0.107520971824399,67
chr06,8713816,0.00033881578947368425,0.09147898928430327,0.7632285140949187,0.11734541282865509,70
chr06,8720827,-0.0003125,0.07755753784831873,0.7814801833862803,0.10708203025529364,70
chr06,8720942,-0.0003125,0.07755753784831873,0.7814801833862803,0.10708203025529364,70
chr06,8722675,0.0001096491228070177,0.009149159648022903,0.9240874038220409,0.034286949556519536,68
chr06,8892682,0.0009425287356321849,0.6015797527903395,0.4410223662331655,0.3555393849418393,62
chr06,8895888,-0.00050518341307815,0.20902292859804406,0.6489705290764911,0.18777502484842323,71
chr06,8942651,0.0004485645933014354,0.1646900876463713,0.6861304054982018,0.1635933347218337,71
chr06,8942660,0.0004485645933014354,0.1646900876463713,0.6861304054982018,0.1635933347218337,71
chr06,8942661,0.0004485645933014354,0.1646900876463713,0.6861304054982018,0.1635933347218337,71
chr06,8966763,-0.0004485645933014355,0.1646900876463713,0.6861304054982018,0.1635933347218337,71
chr06,8974448,0.000530712530712531,0.22581397026166208,0.6361680776890133,0.19642812716725738,70
chr06,9080379,-0.00046537162162162165,0.16881394337564495,0.6824792012219215,0.16591057935268197,69
chr06,9080387,-0.00046537162162162165,0.16881394337564495,0.6824792012219215,0.16591057935268197,69
chr06,9171640,-0.0002485525227460714,0.04882989373022613,0.8257741755652375,0.0831387029397419,70
chr06,9171706,-0.00029102564102564087,0.0648301410056782,0.7997983213212727,0.0970195117324712,69
chr06,9236351,0.0003569444444444448,0.09477038993763277,0.7591823080385243,0.11965392124826972,67
chr06,9236376,0.00033557692307692336,0.08064203659857541,0.77734593347424,0.10938566901778415,66
chr06,9321984,0.000375516956162117,0.11175712533116373,0.739181353925743,0.13124899686004649,70
chr06,9321986,0.000375516956162117,0.11175712533116373,0.739181353925743,0.13124899686004649,70
chr06,9322072,0.000375516956162117,0.11175712533116373,0.739181353925743,0.13124899686004649,70
chr06,9322145,-0.00044314516129032234,0.15892691849013077,0.6913774262616218,0.16028480444368187,71
chr06,9322154,-0.00044314516129032234,0.15892691849013077,0.6913774262616218,0.16028480444368187,71
chr06,9322187,-0.00044314516129032234,0.15892691849013077,0.6913774262616218,0.16028480444368187,71
chr06,9326797,-0.000375516956162117,0.11175712533116373,0.739181353925743,0.13124899686004649,70
chr06,9340983,-0.00028371710526315806,0.06459419412025029,0.800143640932199,0.0968320419274593,70
chr06,9362776,0.0003525641025641028,0.10085999850905866,0.7517876853261934,0.12390479253373003,69
chr06,9363737,0.0002291666666666669,0.042995199879605366,0.8363540213881664,0.0776098505629656,70
chr06,9382775,0.0003221247563352827,0.0809085624811119,0.7770027848201104,0.10957742466132549,65
chr06,9406153,0.0004714640198511168,0.1837200312686286,0.669550359724985,0.17421675229178252,70
chr06,9447345,-0.00033910472972972956,0.09020083220514435,0.7648519167427407,0.11642264061997461,69
chr06,9488361,-0.00042204301075268855,0.14051467511575177,0.7089901870193049,0.14935977575185524,67
chr06,9499999,0.0002884615384615381,0.0643787943392788,0.8004813486400658,0.09664878276662592,69
chr06,9500290,0.0007926944971537002,0.4738278230737029,0.4937584278279914,0.3064854784481086,65
chr06,9523894,-0.00011842105263157904,0.011093480453257226,0.916436909335217,0.03789742799658806,68
chr06,9570417,1.322751322751277e-05,0.0001353810819849781,0.9907511302195664,0.004035423563198887,69
chr06,9577592,0.0006550522648083627,0.33919330530783987,0.5622501062057228,0.250070453856661,69
chr06,9597706,0.0006781135531135529,0.3415801480901127,0.5609416669525319,0.25108229923907116,67
chr06,9623958,0.0009259882253994948,0.6738322608692057,0.4145872024610072,0.3823841079014601,70
chr06,9623983,0.0009259882253994948,0.6738322608692057,0.4145872024610072,0.3823841079014601,70
chr06,9650318,0.0011014808362369345,0.936100698428934,0.3367622815063347,0.4726765568724765,69
chr06,9655882,0.0009705128205128204,0.7384994238558256,0.3932063359815655,0.4053794927227569,69
chr06,9660182,0.0009259882253994948,0.6738322608692057,0.4145872024610072,0.3823841079014601,70
chr06,9690643,-0.0009277408637873752,0.6814477040299891,0.4119337014706582,0.38517267572019986,71
chr06,9690758,-0.000869047619047619,0.5862723367767089,0.4465138360016975,0.3501650792030052,70
chr06,9702594,-0.0004674999999999998,0.16877873074820157,0.6825935151680959,0.16583784195847862,65
chr06,9712679,-0.0006749084249084245,0.33497678800388225,0.564743396425859,0.24814883860605433,67
chr06,9729582,-0.00033400809716599195,0.08525124001803604,0.7712781063594568,0.11278899642462513,64
chr06,9742579,0.0006316232127838515,0.31186157865576664,0.5783743567928857,0.23779097046841266,70
chr06,9742681,0.00069376026272578,0.38384865570492216,0.5375911843265924,0.2695478616612747,71
chr06,9853835,0.00039522546419098147,0.11987643760161011,0.7302698847691963,0.13651660863998524,68
chr06,9916197,0.00024424424424424377,0.04362760690183853,0.8352327162786534,0.07819250258294254,64
chr06,9917359,0.0007620689655172412,0.44710918951060796,0.50600829918148,0.29584236011837584,69
chr06,9933452,-0.0007737594617325484,0.4675900607377529,0.4964216032573422,0.3041493271505332,70
chr06,10006675,0.000823414634146341,0.48536138294855874,0.4885265749800801,0.31111180645230163,66
chr06,10011297,-6.666666666666655e-05,0.0034542811497000466,0.9533131263333791,0.020764427060812184,67
chr06,10017471,0.0003713369963369962,0.10578590002969718,0.7460384217853591,0.1272388053159694,67
chr06,10040185,0.00035013262599469495,0.09512607468454784,0.7587302339114398,0.11991260980796335,68
chr07,143327,-0.00033005733005733,0.08716204156328479,0.7687160872494115,0.11423403016978281,70
chr07,170600,0.00033005733005733,0.08716204156328479,0.7687160872494115,0.11423403016978281,70
chr07,170628,0.00018327702702702716,0.02645649647728254,0.8712800317277725,0.0598422391506099,69
chr07,198684,0.00047210953346856014,0.15662843878365923,0.6936606212975264,0.15885295944109562,63
chr07,214600,0.00018327702702702716,0.02645649647728254,0.8712800317277725,0.0598422391506099,69
chr07,222068,0.00033005733005733,0.08716204156328479,0.7687160872494115,0.11423403016978281,70
chr07,340011,7.516891891891925e-05,0.00437898686663693,0.9474364304234751,0.023449919979918438,69
chr07,340364,-0.00021774193548387103,0.036817670064328865,0.8484349189679179,0.07138146556447918,67
chr07,367055,-5.098684210526342e-05,0.0020689007785288883,0.9638539081335835,0.015988787362244752,70
chr07,367147,5.098684210526333e-05,0.0020689007785288883,0.9638539081335835,0.015988787362244752,70
chr07,368420,0.00011570945945945918,0.010411681104692542,0.9190315636619981,0.03666957273920323,69
chr07,388016,0.00025312500000000015,0.04952327920351069,0.8245926835091626,0.08376052294927874,67
chr07,462941,-0.0003428571428571431,0.09658040259924884,0.7569094056651449,0.12095609800877818,71
chr07,492900,0.0001578185328185327,0.01812472106935562,0.8933351263088811,0.04898558903571858,65
chr07,502293,0.00020805921052631594,0.034467055826206315,0.8532695251467062,0.06891376508688214,70
chr07,532409,0.00022667829119442026,0.03926351308681686,0.8435365989404608,0.07389606971615455,68
chr07,558786,0.00012882882882882867,0.013045750910638698,0.9094170628489183,0.041236901646621166,67
chr07,558931,-1.5257192676547558e-05,0.00018653111447886414,0.9891443206682481,0.004740338233818195,68
chr07,668153,-0.00011428571428571439,0.010472816879716948,0.9187905465309418,0.03678348192560537,70
chr07,686364,-7.142857142857154e-05,0.004120812527270262,0.9490044469839427,0.022731752487288533,70
chr07,695702,-0.00016233766233766242,0.02051888725850556,0.8865338041068257,0.05230469981810039,68
chr07,695773,-0.00016233766233766242,0.02051888725850556,0.8865338041068257,0.05230469981810039,68
chr07,695800,-0.00016233766233766242,0.02051888725850556,0.8865338041068257,0.05230469981810039,68
chr07,717261,-0.00011428571428571439,0.010472816879716948,0.9187905465309418,0.03678348192560537,70
chr07,799553,0.00018181818181818178,0.026335642274192585,0.8715945995563588,0.059685469327731576,66
chr07,821883,5.7486631016042795e-05,0.0024444645922875995,0.9607190472589002,0.01740359887111411,67
chr07,822017,0.00019246031746031724,0.030403869749801415,0.8620876059739152,0.06444859860937507,71
chr07,881520,-9.37500000000003e-05,0.006465067778936404,0.936173620623898,0.02864360052847025,64
chr07,881579,-9.37500000000003e-05,0.006465067778936404,0.936173620623898,0.02864360052847025,64
chr07,905535,0.0005312500000000005,0.22971875419842275,0.6332931795049234,0.1983951892493689,69
chr07,906244,-0.00027272727272727274,0.059487978843114485,0.808041418753374,0.09256637749891002,70
chr07,917284,0.00011785714285714282,0.011308093262335107,0.9156404927150431,0.03827500960404357,67
chr07,930182,-0.00019802867383512544,0.03078019288118741,0.8612770741860922,0.06485711285231625,67
chr07,941232,0.0005424242424242431,0.22650923404783094,0.6356959889682928,0.19675052881562255,68
chr07,950794,0.0009056277056277058,0.627325025983308,0.4311758140245848,0.36534560804917704,68
chr07,986731,-0.0006163101604278076,0.2990554332539187,0.5863477519985093,0.2318447355526007,67
chr07,986813,0.0004331932773109245,0.14882198141004183,0.7008858784723178,0.1543526901424811,69
chr07,986821,0.0005147058823529412,0.2051187075364954,0.6521058905447223,0.1856818767446737,68
chr07,986861,0.0004331932773109245,0.14882198141004183,0.7008858784723178,0.1543526901424811,69
chr07,1020140,0.0006513392857142857,0.32657238558865165,0.5696552421212139,0.24438790177095807,67
chr07,1020270,0.0007796536796536796,0.4768832384103769,0.49225900377357745,0.3078063315566908,68
chr07,1030608,0.0009739495798319338,0.7495759286853444,0.3897002171875156,0.40926935216647503,69
chr07,1043069,-0.0014457070707070705,1.6712489081018598,0.20053168101239613,0.6978170055776743,69
chr07,1043111,-0.0014457070707070705,1.6712489081018598,0.20053168101239613,0.6978170055776743,69
chr07,1060659,-0.0015543650793650792,2.0408944071371287,0.15763089075160464,0.802358670296022,71
chr07,1060714,-0.0013851010101010104,1.5455562346238014,0.21812550967913388,0.6612935409090004,69
chr07,1061244,-0.001523529411764706,1.8954192242123071,0.17317516268261487,0.7615143957100134,69
chr07,1065381,0.0015517676767676765,1.9268740595379694,0.1696994496349861,0.77031956617305,69
chr07,1104199,0.001569711538461539,2.0621885617171074,0.15551151559590123,0.8082374460288881,71
chr07,1104292,0.001569711538461539,2.0621885617171074,0.15551151559590123,0.8082374460288881,71
chr07,1104367,0.001235135135135135,1.2526049830146289,0.26717440296717865,0.5732051524188491,67
chr07,1104632,0.001569711538461539,2.0621885617171074,0.15551151559590123,0.8082374460288881,71
chr07,1104793,0.0014416873449131515,1.7035812901164493,0.1962195839021432,0.7072576495748952,70
chr07,1104811,0.0014416873449131515,1.7035812901164493,0.1962195839021432,0.7072576495748952,70
chr07,1125187,0.001452254641909815,1.6481294098319956,0.20370256813111584,0.6910034957021344,68
chr07,1143670,-0.0015697115384615387,2.062188561717106,0.15551151559590123,0.8082374460288881,71
chr07,1179111,-0.0015033955857385402,1.879910166827158,0.17491957569782024,0.7571615847934442,69
chr07,1203351,-0.0016256366723259763,2.1250026843173373,0.14958406786061854,0.8251146605403272,69
chr07,1217921,0.0017360197368421057,2.481536812697833,0.11983104153652022,0.9214306659053006,70
chr07,1241921,-0.0013712121212121214,1.639716229053655,0.20477972211840081,0.6887130506654205,69
chr07,1307398,-0.0015351530190239869,1.9172634708189562,0.17068535307508584,0.7678037451511661,70
chr07,1310778,0.0015351530190239869,1.9172634708189562,0.17068535307508584,0.7678037451511661,70
chr07,1310807,0.0015351530190239869,1.9172634708189562,0.17068535307508584,0.7678037451511661,70
chr07,1323225,-0.0013282051282051286,1.3787303802092137,0.24447429122826245,0.6117668042898222,69
chr07,1324702,0.0013227232537577367,1.3569266952666388,0.24826392824056637,0.6050863771192422,68
chr07,1353584,0.0007830459770114944,0.47074695198073246,0.49516112107002686,0.3052534624685817,65
chr07,1370616,-0.0005356125356125356,0.22326334277737908,0.6381719282844892,0.19506230333786342,66
chr07,1403446,-0.0007921296296296295,0.4825268539054636,0.4897555742314754,0.31002061231292205,67
chr07,1415603,0.0011640033641715736,1.0709106575546095,0.3044061208699762,0.5165466192032737,70
chr07,1453302,-0.0011798076923076922,0.9982040815413171,0.32150806765183526,0.4928081247841955,66
chr07,1461689,0.0010756410256410262,0.9357899239662765,0.336841946188684,0.4725738320655774,69
chr07,1465827,0.0012369918699186996,1.2476890159929201,0.2678687980417368,0.572077871040853,71
chr07,1491758,-0.0012369918699186996,1.2476890159929201,0.2678687980417368,0.572077871040853,71
chr07,1491982,-0.0011122792262405385,0.983840014810655,0.32476907446418957,0.48842533235263924,70
chr07,1523543,0.00022203532380151415,0.03838377817315261,0.8452588125280452,0.07301029265642524,70
chr07,1531164,-0.00011250000000000017,0.010356517667940816,0.9192411293523503,0.036570552366810914,70
chr07,1531230,-0.00013035714285714286,0.013207077645400791,0.9088558255042022,0.04150500473626223,68
chr07,1535602,-0.00024612068965517255,0.04602241446267567,0.8307866633890559,0.08051048380644939,69
chr07,1570498,-0.00013214285714285737,0.013013324853082937,0.9095238950344144,0.041185886655174746,68
chr07,1570521,-0.00013214285714285737,0.013013324853082937,0.9095238950344144,0.041185886655174746,68
chr07,1612151,0.000390959925442684,0.11590618366729045,0.7346326703177232,0.13392976177453836,66
chr07,1612398,0.000390959925442684,0.11590618366729045,0.7346326703177232,0.13392976177453836,66
chr07,1612407,0.000390959925442684,0.11590618366729045,0.7346326703177232,0.13392976177453836,66
chr07,1612461,0.000390959925442684,0.11590618366729045,0.7346326703177232,0.13392976177453836,66
chr07,1657763,-3.461538461538464e-05,0.000934433164784115,0.9757045414436896,0.010681673569704068,69
chr07,1684284,-0.000619208494208494,0.2826365546652198,0.5968480032748319,0.22413625470598594,65
chr07,1720239,-0.0002449290060851926,0.03985395311629616,0.8424304080297605,0.07446596542040022,63
chr07,1720266,-0.0002449290060851926,0.03985395311629616,0.8424304080297605,0.07446596542040022,63
chr07,1721905,-0.00022500000000000026,0.03978111239777304,0.8425043826021453,0.07442783130531502,70
chr07,1722056,-0.00012822580645161297,0.013278246582019327,0.9085964967836466,0.04162894199912135,71
chr07,1725577,-0.0005836466165413535,0.2585317353760099,0.6128789444604466,0.21262529863763818,66
chr07,1773284,0.00031331331331331346,0.07581534524821396,0.7839661116185622,0.10570271008998862,64
chr07,1784106,4.1666666666666537e-05,0.0013138774521675247,0.9712015075716737,0.012690652123893021,64
chr07,1793569,0.00012435897435897464,0.011905922282384818,0.9134380063030962,0.0393209222403841,69
chr07,1797159,9.797297297297315e-05,0.007028645614456674,0.9334518473924178,0.029908080447781125,65
chr07,1797185,9.797297297297315e-05,0.007028645614456674,0.9334518473924178,0.029908080447781125,65
chr07,1797391,0.0001504934210526315,0.018066578327146254,0.8934738589189529,0.048918149474317885,70
chr07,1797535,6.027164685908321e-05,0.0028214230672626533,0.9577966914651475,0.01872666748229329,69
chr07,1797536,6.027164685908321e-05,0.0028214230672626533,0.9577966914651475,0.01872666748229329,69
chr07,1832844,0.000566666666666667,0.2575231588913451,0.6135712515744003,0.2121349971279984,66
chr07,1832847,0.000566666666666667,0.2575231588913451,0.6135712515744003,0.2121349971279984,66
chr07,1867374,0.00018591318591318608,0.027630524419163714,0.8684736789569513,0.061243339285937906,70
chr07,1881286,-0.0005225694444444441,0.21794900065712675,0.6421446329063782,0.19236714296111063,68
chr07,1884772,-0.0005468749999999999,0.24348016908733755,0.6233173709969424,0.20529076975007737,69
chr07,1885088,-8.467741935483863e-05,0.005540854137103481,0.9408913479852585,0.026460525026374956,67
chr07,1900656,-0.0002982683982683983,0.07136708709813436,0.7901896004002599,0.102268690319596,68
chr07,1937930,-7.835497835497848e-05,0.0047805507301558236,0.945086024482098,0.024528658943090413,68
chr07,1962587,-7.84313725490195e-05,0.004927982607120228,0.9442408409793543,0.02491721908335252,70
chr07,1962613,-7.84313725490195e-05,0.004927982607120228,0.9442408409793543,0.02491721908335252,70
chr07,1962854,4.0625000000000005e-05,0.0013610906014796067,0.9706834232754727,0.01292238692214506,67
chr07,1997277,4.761904761904848e-06,1.860444298365286e-05,0.9965709520696727,0.001491775743835559,71
chr07,1997284,4.761904761904848e-06,1.860444298365286e-05,0.9965709520696727,0.001491775743835559,71
chr07,1997317,-4.761904761904848e-06,1.860444298365286e-05,0.9965709520696727,0.001491775743835559,71
chr07,2042479,-1.0204255741040042e-19,0.0,1.0,-0.0,68
chr07,2122445,0.0005407563025210083,0.2282104136893224,0.6344088359483273,0.1976307768618312,69
chr07,2125034,0.000485294117647059,0.18398189720932423,0.6693701936125941,0.1743336302480056,68
chr07,2126292,-0.0005587301587301582,0.2570836643025914,0.6137474790465951,0.21201027871973094,71
chr07,2139218,-0.0003495798319327731,0.0968411818839149,0.7566199725414682,0.12112219879523796,69
chr07,2211647,0.0012580236486486487,1.2654840047421025,0.2646295094852417,0.5773617282058998,69
chr07,2223860,0.0012039695945945943,1.1700683042839146,0.2832651793997548,0.547806808197428,69
chr07,2230404,0.0009823232323232325,0.771059429677276,0.38302763080903235,0.41676989580929164,69
chr07,2230434,0.0009823232323232325,0.771059429677276,0.38302763080903235,0.41676989580929164,69
chr07,2230480,0.001103194103194104,0.9866251000830674,0.32409009959806145,0.48933423572374185,70
chr07,2230509,0.0010545454545454545,0.8674932823982636,0.3550447674833568,0.4497168834372887,68
chr07,2299406,-0.0013426171529619807,1.4454662599171295,0.2335526433882714,0.631615212930071,68
chr07,2299677,-0.0011730769230769236,1.1215245187456837,0.293393519136059,0.5325494836574726,69
chr07,2316108,0.0011730769230769236,1.1215245187456837,0.293393519136059,0.5325494836574726,69
chr07,2316352,0.0012291666666666668,1.2590167980247877,0.2657837760794379,0.5754715327018632,70
chr07,2339103,-0.0016458333333333327,2.212772081159517,0.141495201134598,0.8492582891581008,70
chr07,2353586,-0.0018394736842105269,2.7589900390256434,0.10145295475614328,0.9937352998814829,68
chr07,2353609,0.0018394736842105269,2.7589900390256434,0.10145295475614328,0.9937352998814829,68
chr07,2385780,-0.0020037278657968316,3.179237361953863,0.07932164892406401,1.1006082663379055,66
chr07,2451443,0.00201188455008489,3.3434960492650636,0.07192260147007422,1.143134612380708,69
chr07,2511916,0.001796030405405405,2.6231376095548535,0.11001390577423041,0.958552416484313,69
chr07,2523385,-0.0018379934210526322,2.8206486327723868,0.09764824017646592,1.0103355791916608,70
chr07,2532746,0.0017499999999999998,2.42477383075381,0.12421306433756525,0.9058327240360146,68
chr07,2552211,0.0013732638888888878,1.5199378228859874,0.22200226450125854,0.6536425955701496,68
chr07,2598416,-0.001128205128205128,1.022255175039575,0.31556886919814287,0.5009058464078366,70
chr07,2683907,0.001059179869524697,0.8185654319294727,0.3689932256472286,0.4329816069873722,66
chr07,2695652,-0.0011787037037037037,1.0182529098630604,0.31667550522492127,0.49938552790394164,67
chr07,2734498,0.0010142276422764225,0.833829709390961,0.36434714952436686,0.43848462383558123,71
chr07,2744892,-0.0009727767695099818,0.7013747165889511,0.4053909752646878,0.39212592371497057,67
chr07,2745188,-0.0010517241379310344,0.8163072264683741,0.3695983612947218,0.4322699629991103,67
chr07,2748501,-0.000878205128205128,0.6043871117322401,0.439645477352111,0.3568973900849221,69
chr07,2785695,0.0009541666666666667,0.7225984614639547,0.3982760245248208,0.39981583652305736,70
chr07,2785770,0.0006926724137931035,0.38348893380936233,0.5378420255785703,0.2693452661443427,69
chr07,2785772,0.0006926724137931035,0.38348893380936233,0.5378420255785703,0.2693452661443427,69
chr07,2838971,0.0008110902255639104,0.4911414972086785,0.48595877837487156,0.3134005683582671,66
chr07,2885599,-0.0011680402930402925,1.0248394774190228,0.3151274586327392,0.5015137529252834,67
chr07,2909044,0.0008269230769230774,0.5381852111258567,0.4657451630576336,0.33185164672326467,69
chr07,2909045,0.0008269230769230774,0.5381852111258567,0.4657451630576336,0.33185164672326467,69
chr07,3007680,-0.0010142276422764225,0.833829709390961,0.36434714952436686,0.43848462383558123,71
chr07,3015470,0.0009541666666666667,0.7225984614639547,0.3982760245248208,0.39981583652305736,70
chr07,3018193,-0.0010142276422764225,0.833829709390961,0.36434714952436686,0.43848462383558123,71
chr07,3033162,0.00020384615384615393,0.03224042913919584,0.8580429200776111,0.06649098780785868,69
chr07,3047162,-0.0001535714285714286,0.01847297966827829,0.8923019160230776,0.04948817446065093,68
chr07,3052584,-0.00023820326678765892,0.04225175752748357,0.8377830286860615,0.07686844156688306,67
chr07,3052928,-0.00031250000000000033,0.07677998589657056,0.7825500503705896,0.10648787626760434,70
chr07,3052938,-0.00031250000000000033,0.07677998589657056,0.7825500503705896,0.10648787626760434,70
chr07,3063735,0.0002489486963835151,0.048259889656280114,0.8267774713428978,0.08261136586763862,70
chr07,3072660,-0.0003331881533101048,0.08352554556823347,0.7734677154834018,0.11155780902346722,69
chr07,3081596,0.00014224137931034462,0.015560076379431704,0.9011028723176141,0.04522562596925311,69
chr07,3081621,0.00014224137931034462,0.015560076379431704,0.9011028723176141,0.04522562596925311,69
chr07,3094883,-0.0004404761904761905,0.14996878737963024,0.6997746064860048,0.15504182130309718,70
chr07,3118793,-0.0002741379310344828,0.05783249595686009,0.8106894858767146,0.09114545946740989,69
chr07,3118826,-0.0002741379310344828,0.05783249595686009,0.8106894858767146,0.09114545946740989,69
chr07,3237640,6.964285714285705e-05,0.0035820864845549196,0.9524555352388497,0.021155289931771654,68
chr07,3238857,-6.547619047619055e-05,0.0032832479734084016,0.9544745546078017,0.02023564499762938,70
chr07,3238917,6.547619047619055e-05,0.0032832479734084016,0.9544745546078017,0.02023564499762938,70
chr07,3243158,6.851851851851847e-05,0.0034061888098476946,0.9536388880977422,0.020616047304023808,67
chr07,3259528,0.00025641025641025636,0.04807443525057957,0.827146203317638,0.08241771936866461,66
chr07,3259683,2.3809523809524013e-05,0.000437223470220219,0.9833787734173061,0.007279170346473703,70
chr07,3264801,-0.00021249999999999953,0.03548152771099101,0.8511512302333955,0.06999326879822015,70
chr07,3264909,-0.00014024390243902462,0.015756394568333977,0.9004733682946601,0.04552912701291506,71
chr07,3264933,-0.00014024390243902462,0.015756394568333977,0.9004733682946601,0.04552912701291506,71
chr07,3264936,-0.00021249999999999953,0.03548152771099101,0.8511512302333955,0.06999326879822015,70
chr07,3275136,9.318555008210188e-05,0.006887670829952461,0.9340982030503683,0.029607463383476574,71
chr07,3275241,0.0001366379310344827,0.014182806370023495,0.9055591550172764,0.04308317444053755,69
chr07,3323251,0.0002048823016564954,0.03226677957523919,0.857993748453867,0.06651587651246008,68
chr07,3331836,-0.00020588235294117653,0.030316618057182023,0.8623410531497159,0.06432093811137256,64
chr07,3331875,-0.00020588235294117653,0.030316618057182023,0.8623410531497159,0.06432093811137256,64
chr07,3348576,-0.0006416666666666666,0.32835259308245174,0.5685208418827662,0.2452536095184412,70
chr07,3353326,-0.00040446650124069465,0.12968673078094178,0.7198732019329053,0.14274399322202,70
chr07,3362033,0.0004717741935483871,0.18018027470070846,0.6725389894760215,0.17228253300072416,71
chr07,3364444,-0.00040446650124069465,0.12968673078094178,0.7198732019329053,0.14274399322202,70
chr07,3390931,-0.00042719298245614054,0.13900322498872805,0.7104686468667227,0.14845508282196906,68
chr07,3413742,0.00045833333333333305,0.16452446271605325,0.6862981078149111,0.16348719849629598,70
chr07,3413754,0.00045833333333333305,0.16452446271605325,0.6862981078149111,0.16348719849629598,70
chr07,3433028,-0.00031299040976460346,0.07454561955864,0.7856823277756817,0.10475301526011932,68
chr07,3449979,-0.000294142614601019,0.06762391055145535,0.7956257919497951,0.09929114671412512,69
chr07,3470517,-0.0005444638186573673,0.22772104847657879,0.6347952480668203,0.19736633293496295,68
chr07,3481901,-0.0006555004135649302,0.3442244144753615,0.5593437072305716,0.252321243487028,70
chr07,3496257,-0.0006031409168081497,0.2861719095228839,0.5944552046969979,0.22588086616872802,69
chr07,3502933,0.00043112467306015683,0.14408412711452856,0.7054727685770291,0.15151974546027797,68
chr07,3515994,0.0004909539473684212,0.19140107646171486,0.663139465157677,0.17839512532251342,70
chr07,3541263,0.000369047619047619,0.10582333713001364,0.7460281675504843,0.12724477469783768,65
chr07,3558518,-0.0006570175438596493,0.3431969260377186,0.5599877227034055,0.2518214944591797,68
chr07,3577022,-0.000882852292020374,0.6183756920409325,0.4344240664970902,0.3620861234344767,69
chr07,3583767,-0.0012041666666666668,1.160637114986784,0.28514058060498065,0.5449409704188618,70
chr07,3583775,0.0012041666666666665,1.160637114986784,0.28514058060498065,0.5449409704188618,70
chr07,3585433,-0.0010252274607113318,0.8404520489400572,0.3625075059015558,0.44068299671263017,70
chr07,3595492,-0.0011160394265232975,0.98400989484939,0.324889291210981,0.48826460335069516,67
chr07,3613377,-0.0010734126984126985,0.8578982214029216,0.35791899381183967,0.446215254142003,64
chr07,3628081,-0.0011047619047619048,0.8926038833883179,0.34838208015831185,0.45794419203553827,65
chr07,3628103,-0.0011047619047619048,0.8926038833883179,0.34838208015831185,0.45794419203553827,65
chr07,3649686,-0.000566820276497696,0.24670683765453036,0.6211053526701031,0.20683472799954283,66
chr07,3649758,0.000566820276497696,0.24670683765453036,0.6211053526701031,0.20683472799954283,66
chr07,3650416,-0.0012601323407775023,1.2828244276205178,0.2613524757557431,0.5827733815353712,70
chr07,3650545,-0.001199066213921902,1.1355575563696656,0.29041814557138496,0.5369762520376204,69
chr07,3684425,0.0015730158730158726,2.0916591437341103,0.15263251508081094,0.8163529394088759,71
chr07,3684427,-0.0015730158730158726,2.0916591437341103,0.15263251508081094,0.8163529394088759,71
chr07,3688082,-0.001615584415584416,2.077498361390565,0.15421300816521036,0.8118789911612225,68
chr07,3688185,-0.001615584415584416,2.077498361390565,0.15421300816521036,0.8118789911612225,68
chr07,3694685,-0.0015285714285714286,1.9304424585660003,0.1692429232939475,0.7714894818076194,70
chr07,3717725,-0.0018732638888888883,2.841550350880492,0.09657821074587025,1.015120844808455,68
chr07,3750207,0.0016619782214156082,2.2686184501188555,0.13686216424526515,0.863716596647581,67
chr07,3754988,0.0014843750000000009,1.838252630697747,0.17957682234341213,0.7457497176571733,71
chr07,3755002,0.0016164215686274503,1.6775858633781227,0.20055978904692304,0.6977561358498272,58
chr07,3784480,-0.001365300784655623,1.5225735953783066,0.22160640894839906,0.6544176837871277,68
chr07,3795088,0.0014193548387096777,1.6322490399043739,0.20573687151274123,0.6866878684436859,70
chr07,3806624,0.0015509337860780984,1.9323283519128818,0.16910510015028074,0.7718432940360717,69
chr07,3814611,0.0015499999999999997,1.9027266556991171,0.17242955709721144,0.7633882873281794,68
chr07,3881242,0.0013990384615384624,1.6281224431375185,0.20624152012589295,0.6856238989634509,71
chr07,3908175,-0.0015903361344537805,1.7635999023281026,0.1892060702128998,0.7230649344369906,62
chr07,3949244,0.0009096153846153845,0.6123046470758683,0.4368071272588633,0.35971028398476956,66
chr07,3950491,0.0008539272030651339,0.5493888300264572,0.461321530313307,0.3359962759834063,65
chr07,3957510,0.0010694444444444445,0.8839190082559915,0.35066558997999975,0.4551068483614366,66
chr07,3988781,0.0010008841732979665,0.7624579049664301,0.3857263570288244,0.4137206843875572,68
chr07,4001936,0.00122481684981685,1.1318798929513645,0.29131115645693656,0.5356428827087387,67
chr07,4069735,0.001193439865433138,1.1266688798686784,0.29224237613250237,0.5342568096674823,70
chr07,4170209,0.0012658536585365857,1.3077073304862183,0.2567621522948339,0.590468992522531,71
chr07,4190500,-0.0007732142857142857,0.4464366689635014,0.5063619962559622,0.2955388966630469,68
chr07,4358242,0.001310344827586207,1.354140641784955,0.24868294841294952,0.6043539922292334,69
chr07,4358273,0.001310344827586207,1.354140641784955,0.24868294841294952,0.6043539922292334,69
chr07,4436359,-0.001112466124661247,0.9208995716640849,0.34074131930701357,0.46757519939669157,68
chr07,4447076,0.0004946581196581195,0.1654195282045129,0.6856623263888726,0.1638897121226465,62
chr07,4525664,-0.0007408424908424905,0.3998057456151663,0.5293740272472172,0.2762373703635725,68
chr07,4541860,-0.0007641860465116279,0.4216926916315134,0.5183472284765582,0.2853792192285547,68
chr07,4541974,-0.0007641860465116279,0.4216926916315134,0.5183472284765582,0.2853792192285547,68
chr07,4610018,-0.0006336363636363635,0.29031372586690096,0.5918053895983579,0.2278210840179539,69
chr07,4623425,-0.00130982905982906,1.2124025657002133,0.2752545632507893,0.5602654724353755,62
chr07,4734316,0.0006520979020979019,0.31986473462944637,0.5735504402080798,0.2414283825739383,70
chr07,4787758,0.0007226528854435827,0.3973105320065628,0.530594093833217,0.2752375885600954,70
chr07,4820145,0.0006838624338624338,0.3533752164325067,0.5542108365205958,0.2563249866824649,69
chr07,4881465,-0.0004761904761904762,0.18230257535899153,0.6707507275011096,0.17343884761681927,70
chr07,4906296,-0.0009523809523809528,0.6998443600793054,0.40585477838747164,0.391629336440513,68
chr07,4906376,-0.0009523809523809528,0.6998443600793054,0.40585477838747164,0.391629336440513,68
chr07,4911731,0.0006644518272425248,0.34787414159337743,0.5572455377296249,0.2539534005456338,71
chr07,4925345,-0.000664451827242525,0.34787414159337743,0.5572455377296249,0.2539534005456338,71
chr07,4925363,-0.000664451827242525,0.34787414159337743,0.5572455377296249,0.2539534005456338,71
chr07,4954722,-0.0007999999999999997,0.4915597974374469,0.4857738271038857,0.31356588815288383,66
chr07,4969817,0.00039583333333333343,0.12418665028922005,0.7256272501079748,0.13928641620525858,70
chr07,4969975,0.0004615384615384614,0.16530222024914099,0.6856168986814564,0.16391848671837128,69
chr07,5038128,-0.0008307317073170731,0.5002554137318679,0.481955496091211,0.316993062786773,66
chr07,5038165,-0.0008307317073170731,0.5002554137318679,0.481955496091211,0.316993062786773,66
chr07,5038191,-0.0008307317073170731,0.5002554137318679,0.481955496091211,0.316993062786773,66
chr07,5038421,-0.0006884259259259257,0.3423775200489218,0.5604859484625928,0.25143527081504424,67
chr07,5057448,0.0010176724137931031,0.8058746409849941,0.3725573424647074,0.42880687298446574,69
chr07,5069704,-0.000977235772357724,0.7734451122511076,0.3822060158813426,0.4177024814790456,71
chr07,5083690,0.0013525641025641023,1.302016279712098,0.2581642141651809,0.5881039583039259,65
chr07,5117898,-0.0010166666666666664,0.8200796815331511,0.36835443156645575,0.4337341009053895,70
chr07,5141474,0.0011298593879239048,1.0253004226611544,0.3148544799320384,0.5018901229243389,70
chr07,5142731,0.0014372275501307761,1.777164656502587,0.18708132864100863,0.7279695544177484,68
chr07,5142763,0.0014372275501307761,1.777164656502587,0.18708132864100863,0.7279695544177484,68
chr07,5150522,-0.0008064655172413793,0.4984029111651289,0.4826503639335217,0.3163673620020821,69
chr07,5154975,0.0008939655172413792,0.6231125250155124,0.43267765025347205,0.3638355374850603,69
chr07,5154979,-0.0008939655172413792,0.6231125250155124,0.43267765025347205,0.3638355374850603,69
chr07,5163517,0.0009350311850311852,0.6322482410244583,0.4296149363051085,0.3669206280484316,63
chr07,5176278,0.0007058270676691726,0.37667966708029793,0.5415609890713109,0.26635262726467585,66
chr07,5224555,-0.0006162891986062721,0.28660367397080455,0.5941778233206946,0.22608356153467943,69
chr07,5224727,-0.0007031118587047939,0.384938042093211,0.5370461389700929,0.2699884013780338,70
chr07,5240526,0.0012351421188630488,1.1738356394142642,0.28244124929033004,0.5490718762075064,70
chr07,5240556,0.0012351421188630488,1.1738356394142642,0.28244124929033004,0.5490718762075064,70
chr07,5285660,-0.001687246963562753,2.1961825447845453,0.14341801339764998,0.8433962975672099,64
chr07,5285695,0.001687246963562753,2.1961825447845453,0.14341801339764998,0.8433962975672099,64
chr07,5300311,0.001225788288288288,1.064619855446369,0.30637500876191076,0.5137466633196308,61
chr07,5315999,0.001375,1.4776048503507755,0.22841552639032892,0.6412743785502604,69
chr07,5355219,0.001012205387205387,0.8017809647640062,0.373674560381161,0.4275064677435026,71
chr07,5381743,-0.0008117073170731707,0.4826302891992622,0.489747787193588,0.31002751758291525,66
chr07,5384190,-0.001012205387205387,0.8017809647640062,0.373674560381161,0.4275064677435026,71
chr07,5427966,-0.000701655052264808,0.37672572483694466,0.5414391914688124,0.2664503115085894,69
chr07,5428091,-0.0006250000000000001,0.3042162991277676,0.5830591904512832,0.23428735470663528,70
chr07,5440179,0.0005170265780730901,0.21021219821447343,0.6480419988829876,0.1883968470737561,71
chr07,5446223,3.2051282051282634e-05,0.000777326736338236,0.9778455286586696,0.009729745774465944,65
chr07,5458191,0.0006250000000000001,0.3042162991277676,0.5830591904512832,0.23428735470663528,70
chr07,5463307,0.0006250000000000001,0.3042162991277676,0.5830591904512832,0.23428735470663528,70
chr07,5463357,-0.0006250000000000001,0.3042162991277676,0.5830591904512832,0.23428735470663528,70
chr07,5463853,0.0005170265780730901,0.21021219821447343,0.6480419988829876,0.1883968470737561,71
chr07,5463868,0.0005170265780730901,0.21021219821447343,0.6480419988829876,0.1883968470737561,71
chr07,5467612,0.0005170265780730901,0.21021219821447343,0.6480419988829876,0.1883968470737561,71
chr07,5467627,-0.0005170265780730902,0.21021219821447343,0.6480419988829876,0.1883968470737561,71
chr07,5474053,-0.000701655052264808,0.37672572483694466,0.5414391914688124,0.2664503115085894,69
chr07,5474245,-0.0005170265780730902,0.21021219821447343,0.6480419988829876,0.1883968470737561,71
chr07,5519535,0.0007565492321589888,0.42281178510994616,0.5177944362713041,0.2858426203933311,68
chr07,5567436,-0.0006068124474348196,0.2918269053600158,0.5908171186723091,0.22854692968166235,70
chr07,5570316,0.0004523809523809527,0.15708206686930087,0.6930983068854228,0.15920516205496393,70
chr07,5570343,0.0004523809523809527,0.15708206686930087,0.6930983068854228,0.15920516205496393,70
chr07,5570344,0.0004523809523809527,0.15708206686930087,0.6930983068854228,0.15920516205496393,70
chr07,5570345,0.0004523809523809527,0.15708206686930087,0.6930983068854228,0.15920516205496393,70
chr07,5570346,0.0004523809523809527,0.15708206686930087,0.6930983068854228,0.15920516205496393,70
chr07,5584889,0.0005261324041811847,0.20864080373719232,0.6493122848243477,0.18754638030766232,69
chr07,5593829,-0.0004637931034482761,0.16377082508261576,0.686997377011085,0.1630449210944329,69
chr07,5607694,-0.0006429824561403509,0.31748981211779786,0.5750295598350535,0.2403098294959715,68
chr07,5624395,0.0013472222222222219,1.422208914787909,0.23765857451982655,0.6240465121099428,63
chr07,5642015,-0.0005893300248138959,0.2779659637161949,0.5997534400924778,0.22202725230736708,70
chr07,5642134,-0.0005893300248138959,0.2779659637161949,0.5997534400924778,0.22202725230736708,70
chr07,5642276,-0.000472983870967742,0.1811078891105078,0.6717473093323423,0.17279406444739037,71
chr07,5674529,0.0006723259762309002,0.35481329372619547,0.5534079022763081,0.25695464373049814,69
chr07,5678618,0.0006993243243243243,0.3607047792826006,0.5502696605548528,0.25942443161342105,65
chr07,5679648,-0.0005893300248138959,0.2779659637161949,0.5997534400924778,0.22202725230736708,70
chr07,5679678,-0.0005893300248138959,0.2779659637161949,0.5997534400924778,0.22202725230736708,70
chr07,5980955,0.0006208333333333335,0.3040503376405856,0.5831617379983252,0.23421097838231905,70
chr07,5981004,0.0006208333333333335,0.3040503376405856,0.5831617379983252,0.23421097838231905,70
chr07,6015466,0.0008064516129032258,0.4377823696284109,0.5107278807860629,0.2918104332331035,62
chr07,6097708,-0.0002794117647058822,0.0598844837206496,0.8074378405139201,0.09289090127039788,68
chr07,6097758,-0.0002794117647058822,0.0598844837206496,0.8074378405139201,0.09289090127039788,68
chr07,6104309,0.0003308823529411762,0.09149005203482823,0.7632146350827035,0.11735331037586832,70
chr07,6108500,8.92857142857144e-05,0.006541242777983335,0.9357731513889355,0.028829419467523206,71
chr07,6128163,-0.00033193277310924357,0.08761043572126198,0.768152743286787,0.1145524141209408,69
chr07,6137042,0.0001069078947368416,0.009477089309773923,0.9227345483665428,0.03492321854122672,70
chr07,6152822,-8.949579831932816e-05,0.0062795365108695945,0.9370751322168435,0.028225587128145616,69
chr07,6155256,1.806722689075646e-05,0.0002537927499391511,0.9873368841051994,0.005534638673039595,69
chr07,6155327,-3.852813852813865e-05,0.0011224010138601007,0.9733751831878493,0.011719730562173115,68
chr07,6155410,0.00017780748663101634,0.023389426218101233,0.8789225060786083,0.05604941464872369,67
chr07,6155445,-0.00017780748663101634,0.023389426218101233,0.8789225060786083,0.05604941464872369,67
chr07,6167320,-7.521008403361368e-05,0.004420706741634359,0.9471870022960723,0.023564270154330495,69
chr07,6175983,-4.901960784313733e-05,0.001939143682704667,0.965004996693639,0.015470437919567977,70
chr07,6225004,-0.00010294117647058823,0.008067533789345856,0.9287027110837294,0.0321232866507554,68
chr07,6245398,-0.00020270270270270283,0.03192376414532449,0.8587342587255364,0.06614121081890854,69
chr07,6245655,-0.00020270270270270283,0.03192376414532449,0.8587342587255364,0.06614121081890854,69
chr07,6245695,-0.00020270270270270283,0.03192376414532449,0.8587342587255364,0.06614121081890854,69
chr07,6247051,-7.034976152623207e-05,0.004054301264587836,0.9494143927322609,0.02254418884177791,71
chr07,6252832,-7.034976152623207e-05,0.004054301264587836,0.9494143927322609,0.02254418884177791,71
chr07,6252926,-7.034976152623207e-05,0.004054301264587836,0.9494143927322609,0.02254418884177791,71
chr07,6294171,-0.00020476190476190477,0.03253869534041338,0.8574294476140142,0.06680160513066136,65
chr07,6305294,-3.431372549019565e-05,0.0009197377291799615,0.9758990493970474,0.01059510503549378,67
chr07,6397733,0.00019090909090909092,0.028119443611113026,0.8673830271791936,0.06178908031330875,63
chr07,6397923,-0.0001527777777777777,0.017833719989269827,0.8941703592747849,0.04857973059498042,68
chr07,6398011,0.0001527777777777777,0.017833719989269827,0.8941703592747849,0.04857973059498042,68
chr07,6398306,-0.000307692307692308,0.07702238819257477,0.7822037157973916,0.10668012529712,71
chr07,6411870,8.915770609318995e-05,0.006466852811019356,0.9361528984419312,0.02865321373342131,67
chr07,6415139,0.0003473684210526316,0.09151904306993897,0.7632061926576967,0.11735811442273104,68
chr07,6415169,0.0003473684210526316,0.09151904306993897,0.7632061926576967,0.11735811442273104,68
chr07,6415170,0.0003473684210526316,0.09151904306993897,0.7632061926576967,0.11735811442273104,68
chr07,6420786,-0.0002563208369659982,0.049700392008177136,0.8242739623914966,0.08392841866690569,68
chr07,6421029,-0.000307692307692308,0.07702238819257477,0.7822037157973916,0.10668012529712,71
chr07,6478539,0.0004944444444444448,0.18901457903350716,0.6652004995236149,0.17704743332463488,66
chr07,6478590,0.0004944444444444448,0.18901457903350716,0.6652004995236149,0.17704743332463488,66
chr07,6484248,-0.0003110599078341016,0.0746973144932159,0.7854964378031895,0.10485578012868789,66
chr07,6562930,-0.0011147465437788022,0.9141409324577735,0.3426157918274175,0.465192623432832,66
chr07,6580573,0.0011623376623376624,1.0618694848756713,0.30655073787474735,0.5134976341785821,68
chr07,6602960,0.001736111111111111,2.5520516029404945,0.11485715540848843,0.939841943807026,69
chr07,6709207,-0.0014972350230414752,1.6948613962037598,0.19762774325604512,0.7041520886084046,66
chr07,6709212,-0.0014972350230414752,1.6948613962037598,0.19762774325604512,0.7041520886084046,66
chr07,6796899,-0.0014215686274509799,1.6708434343913874,0.2005205924863593,0.697841020829499,70
chr07,6850074,-0.0016550802139037432,2.166055941035673,0.14591300103543253,0.8359060101874627,67
chr07,6887664,0.0010276785714285715,0.8423055734456564,0.3621311842285183,0.4411340751409266,67
chr07,6940301,-0.0014659663865546218,1.7391018342450384,0.19174262437339298,0.7172813327533892,69
chr07,6940303,0.0014659663865546218,1.7391018342450384,0.19174262437339298,0.7172813327533892,69
chr07,6954757,-0.001584033613445378,1.9445204204241513,0.16832057183968452,0.7738628020843537,62
chr07,6954761,-0.001584033613445378,1.9445204204241513,0.16832057183968452,0.7738628020843537,62
chr07,6954778,-0.001584033613445378,1.9445204204241513,0.16832057183968452,0.7738628020843537,62
chr07,6954815,-0.001584033613445378,1.9445204204241513,0.16832057183968452,0.7738628020843537,62
chr07,6968381,-0.001508169934640522,1.8722083515996228,0.17572654274868757,0.7551626352112184,70
chr07,6969114,-0.0015659777424483314,2.0690345127595235,0.15483717023132335,0.8101247743470847,71
chr07,6985994,-0.001519097222222222,1.8783734751231687,0.17516258324651143,0.7565586585847727,68
chr07,6986001,0.002707657657657657,6.445116286966822,0.013529417999978225,1.868720885208317,67
chr07,7006026,0.0011670995670995678,1.1135695524600224,0.29515497573028293,0.5299498910333652,68
chr07,7006030,0.0011670995670995678,1.1135695524600224,0.29515497573028293,0.5299498910333652,68
chr07,7046051,-0.0013839826839826845,1.5484310538219335,0.21776817158068845,0.6620055952734727,68
chr07,7046931,-0.0016000000000000003,2.1053629255193127,0.15138120657296342,0.8199280375722146,70
chr07,7048291,-0.0016011904761904752,2.1696355684535735,0.14530685697356394,0.8377138910322178,71
chr07,7051691,0.0013246753246753252,1.3900156006240276,0.24263532402649776,0.6150459721709229,68
chr07,7051786,0.0013246753246753252,1.3900156006240276,0.24263532402649776,0.6150459721709229,68
chr07,7078349,0.0011975806451612909,1.126464691826433,0.29245836887173826,0.5339359465256113,67
chr07,7078359,0.0011975806451612909,1.126464691826433,0.29245836887173826,0.5339359465256113,67
chr07,7079659,0.0015138655462184876,1.9433120412136111,0.16791558669783216,0.7749089887775263,69
chr07,7086629,-0.0019197907585004356,3.0518380268053122,0.08529771036930305,1.069062626362642,68
chr07,7105325,-0.0017183908045977012,2.2303496737493704,0.14031488521608557,0.8528962546715616,65
chr07,7105369,-0.0019174107142857144,2.9588964775063205,0.0901643201157284,1.0449652877619353,67
chr07,7160320,0.0017941176470588234,2.360958571961635,0.1296628086224728,0.8871845753905969,62
chr07,7162586,-0.0015166666666666657,1.9403481128565196,0.16810261052478961,0.7744255421958184,71
chr07,7250972,0.0014884920634920628,1.8669948361672277,0.17625608560015232,0.7538558791766306,71
chr07,7251006,0.0014884920634920628,1.8669948361672277,0.17625608560015232,0.7538558791766306,71
chr07,7285859,0.001019162210338681,0.8268437809800575,0.3665462077839693,0.43587126926119807,67
chr07,7363573,-0.0017263071895424831,2.4624925709571683,0.12123559122254485,0.9163698652979391,70
chr07,7363935,-0.0016670634920634916,2.358051678315861,0.12921081992081165,0.8887011176478025,71
chr07,7364203,-0.0016378787878787886,1.9848164877422068,0.1639610957640978,0.7852591879237785,63
chr07,7364291,-0.0016378787878787886,1.9848164877422068,0.1639610957640978,0.7852591879237785,63
chr07,7379774,-0.001516414141414142,1.8575289071018057,0.1774734746708877,0.7508665477632582,69
chr07,7413426,-0.0018669354838709673,2.748750330022177,0.10246488438555995,0.9894249456377345,63
chr07,7413432,0.0018484848484848489,2.7504809673397115,0.10204369454885834,0.9912138259037251,67
chr07,7425051,-0.0016830808080808084,2.274216279159374,0.1362427954801389,0.8656864539390019,69
chr07,7458187,0.0013645276292335127,1.5676465399116186,0.21503576777093425,0.6674892961142568,67
chr07,7458190,0.0013645276292335127,1.5676465399116186,0.21503576777093425,0.6674892961142568,67
chr07,7496178,-0.0006580671580671587,0.34719965815945825,0.5576552167543724,0.25363423070546337,70
chr07,7496197,-0.0007121212121212121,0.41658548808990936,0.5207863207834209,0.2833404316716202,71
chr07,7496198,-0.0007121212121212121,0.41658548808990936,0.5207863207834209,0.2833404316716202,71
chr07,7512004,-0.0003606418918918919,0.1064625308855509,0.7452250199655331,0.12771257265588098,69
chr07,7512041,-0.0003606418918918919,0.1064625308855509,0.7452250199655331,0.12771257265588098,69
chr07,7550310,-0.0014928571428571432,1.7405573648348238,0.1918431286853178,0.7170537514695318,65
chr07,7551525,-0.0007121212121212121,0.41658548808990936,0.5207863207834209,0.2833404316716202,71
chr07,7576072,0.000941850941850943,0.7465924629195412,0.39059492915091665,0.4082733991845458,70
chr07,7601882,0.000985294117647059,0.7514266438741827,0.3891655377848132,0.40986562527047393,68
chr07,7626413,-0.0018831168831168834,2.8625064498277646,0.09538280952799093,1.0205298894453168,68
chr07,7628589,0.0014980158730158728,1.891619496644669,0.17346834174924813,0.7607797730814045,71
chr07,7628603,-0.0014980158730158728,1.891619496644669,0.17346834174924813,0.7607797730814045,71
chr07,7725707,0.0009100652376514446,0.6184359848488646,0.43453131121820865,0.36197892393488,66
chr07,7742091,0.0015831925675675678,1.9896623916179101,0.16300230363183485,0.7878062578811666,69
chr07,7840824,0.001228777589134126,1.2000595066617323,0.277232072058325,0.557156529066583,69
chr07,7923328,-0.0013462171052631585,1.47350192546554,0.2289931942541629,0.6401774248294743,70
chr07,7923332,-0.0013462171052631585,1.47350192546554,0.2289931942541629,0.6401774248294743,70
chr07,7923370,-0.0013462171052631585,1.47350192546554,0.2289931942541629,0.6401774248294743,70
chr07,7923426,-0.0013462171052631585,1.47350192546554,0.2289931942541629,0.6401774248294743,70
chr07,7923444,-0.0013462171052631585,1.47350192546554,0.2289931942541629,0.6401774248294743,70
chr07,7923449,-0.0013462171052631585,1.47350192546554,0.2289931942541629,0.6401774248294743,70
chr07,8123031,0.001171474358974359,1.1335521472628414,0.2907305784406215,0.5365092876323289,71
chr07,8136162,-0.0011714743589743592,1.1335521472628414,0.2907305784406215,0.5365092876323289,71
chr07,8525116,-0.001176146010186758,1.0919903466165002,0.299786234870264,0.5231883123053912,69
chr07,8547528,0.0010169354838709677,0.8452415148727743,0.36110489514586086,0.44236662422776823,71
chr07,8547603,-0.0010169354838709677,0.8452415148727743,0.36110489514586086,0.44236662422776823,71
chr07,8552319,-0.0009243589743589748,0.6657188993875741,0.41743952068433343,0.3794064369125699,69
chr07,8552942,0.0010169354838709677,0.8452415148727743,0.36110489514586086,0.44236662422776823,71
chr07,8568468,-0.001408869395711501,1.636803453788577,0.20545654770315694,0.6872800136328823,65
chr07,8603030,-0.0011504065040650409,1.0765041414157637,0.3031033095513975,0.5184093215932404,71
chr07,8606286,0.0007564102564102566,0.4831293045732054,0.4894119354567932,0.3103254435665389,69
chr07,8606321,0.0007807017543859649,0.5015676808301613,0.48130590921390815,0.3175788062569059,68
chr07,8609490,0.0010239697224558454,0.8319820764945781,0.364922463951333,0.43779940144812296,70
chr07,8609498,0.0010239697224558454,0.8319820764945781,0.364922463951333,0.43779940144812296,70
chr07,8609508,0.0010239697224558454,0.8319820764945781,0.364922463951333,0.43779940144812296,70
chr07,8609591,-0.0010239697224558452,0.8319820764945781,0.364922463951333,0.43779940144812296,70
chr08,127854,0.0003239247311827957,0.08180814115241128,0.77577145576146,0.1102662041550776,67
chr08,128012,0.00020090090090090065,0.030056794904038578,0.8629001944443238,0.0640394331477123,67
chr08,139166,0.00036190878378378346,0.10165419887498645,0.7508453427052972,0.12444950870372579,69
chr08,163013,0.00016310160427807503,0.020015480657591282,0.8879314260845005,0.051620572986107255,67
chr08,334369,7.394957983193262e-05,0.0043370163131957505,0.9476885644558205,0.023334359877139405,69
chr08,385353,0.00024324324324324347,0.04731250528726982,0.8284588611147811,0.08172905252458615,70
chr08,440317,0.00024193548387096747,0.041200618326994246,0.8398158422165546,0.07581593712563722,64
chr08,473594,0.00013398692810457483,0.014312195628888035,0.9051261602762315,0.04329088279132064,70
chr08,509200,-0.0004482758620689656,0.1425917245493677,0.707050471276928,0.15054958391920906,62
chr08,546377,0.0005312500000000003,0.2091709275991692,0.649016622325318,0.1877441800999135,64
chr08,562296,-0.00019393382352941166,0.029782675121082118,0.8635288632743008,0.0637231416503573,66
chr08,562358,-0.0002841555977229602,0.062289098136180325,0.8037258126275917,0.09489208355503441,65
chr08,562629,-0.0001550079491255962,0.019687795080557874,0.8888213311117941,0.05118553116779698,71
chr08,562697,-0.00024324324324324347,0.04731250528726982,0.8284588611147811,0.08172905252458615,70
chr08,572276,-1.1489726918807425e-19,0.0,1.0,-0.0,68
chr08,583007,-0.00024324324324324347,0.04731250528726982,0.8284588611147811,0.08172905252458615,70
chr08,583053,-0.00024324324324324347,0.04731250528726982,0.8284588611147811,0.08172905252458615,70
chr08,675894,4.537815126050463e-05,0.0016298097519202774,0.9679174884239201,0.014161663197305165,69
chr08,696540,-0.00013398692810457502,0.014312195628888035,0.9051261602762315,0.04329088279132064,70
chr08,775788,-0.0004637096774193545,0.1583014022593208,0.6921142361387872,0.1598222176384053,63
chr08,830906,-0.0008387096774193545,0.5611714548653053,0.4563722433322017,0.3406807773437314,70
chr08,878276,0.0007343750000000002,0.4410646300374866,0.5088223002681223,0.29343386302167757,71
chr08,942091,-0.0014772727272727268,1.7063092468488472,0.1962140310392391,0.7072699399477194,65
chr08,943006,0.0012630952380952379,1.3342747351243511,0.25203071458840426,0.5985465292049138,71
chr08,948157,-0.001041998231653404,0.863120476334128,0.35625239910752604,0.4482422023079197,68
chr08,948196,-0.0009401088929219603,0.6919618773601866,0.40854352394630256,0.3887616693572545,67
chr08,950554,0.000854402789886661,0.5617809035332588,0.4562069112549141,0.3408381397144853,68
chr08,956905,-0.0005113636363636363,0.19266636965665118,0.662208372222731,0.17900533281507633,65
chr08,992796,-0.00038978494623655944,0.12036910873968976,0.7297552669865939,0.1368227618213331,67
chr08,1023702,0.0007504201680672265,0.44149448953692844,0.5086824409304798,0.2935532534018968,69
chr08,1023982,-0.0006571428571428569,0.34623417873814805,0.5582020657091713,0.2532085606735534,70
chr08,1164161,-0.0008292383292383291,0.5580854374630869,0.45760807217120747,0.3395063232261947,70
chr08,1175627,-0.000665118243243243,0.34898491166897844,0.55667590081763,0.25439757942678615,69
chr08,1186625,0.0010029556650246305,0.749045170397634,0.39011534403365977,0.40880696766284114,64
chr08,1186664,-0.0010029556650246305,0.749045170397634,0.39011534403365977,0.40880696766284114,64
chr08,1193179,0.0006708805579773322,0.3478066435679582,0.557371019440136,0.2538556162191147,68
chr08,1250995,0.00032472178060413345,0.08648326459427094,0.7695793372257234,0.11374660137736127,71
chr08,1251046,0.00040767973856209135,0.1333974266580038,0.7160687488820056,0.14504527961006802,70
chr08,1251125,0.00040767973856209135,0.1333974266580038,0.7160687488820056,0.14504527961006802,70
chr08,1303297,-0.00037773109243697465,0.11437447910915266,0.7362752384620135,0.1329598049560547,69
chr08,1311588,-7.557603686635935e-05,0.004325091813072882,0.9477695845136959,0.023297232637902485,66
chr08,1318323,0.001628676470588235,2.3382078513547486,0.1311625632328638,0.8821901047580001,66
chr08,1318354,0.0013660714285714285,1.5854444842013522,0.2124812988263358,0.6726792876086382,67
chr08,1349302,-0.00046992153443766355,0.1758762679319284,0.6763032257133448,0.16985854114753185,68
chr08,1349376,-0.0005554054054054057,0.23881219790275232,0.6267100990445709,0.20293330685740743,67
chr08,1356442,-0.0006059027777777774,0.2862437995351295,0.5944357723213531,0.22589506322073136,68
chr08,1407657,0.0007647804054054053,0.4643778835454432,0.49793380596506576,0.3028283873905736,69
chr08,1430383,0.0007404306220095691,0.4505860090774803,0.504297851201112,0.2973128823534344,71
chr08,1503135,-0.0007335304054054055,0.4249469636450701,0.5167089286137696,0.2867540338787847,69
chr08,1538248,-0.0010534188034188041,0.7817924543449276,0.3801229441018875,0.4200759157267858,62
chr08,1569765,0.0008709677419354834,0.5744999719239453,0.4511742316816335,0.3456557125664923,68
chr08,1614538,0.0008281250000000001,0.5356967651074749,0.4667741057048993,0.3308932444462866,69
chr08,1614567,0.0007447916666666664,0.4240772796643155,0.5171705830472881,0.2863661860027273,68
chr08,1691130,-0.0008412828947368423,0.5679453675990003,0.4536781047337818,0.34325218000829383,70
chr08,1703821,0.0007170138888888886,0.39497729527371506,0.5318636235510011,0.2741997119379438,68
chr08,1734907,0.0008412828947368426,0.5679453675990025,0.4536781047337758,0.34325218000829955,70
chr08,1742132,-0.0007404306220095693,0.4505860090774803,0.504297851201112,0.2973128823534344,71
chr08,1742406,0.0007335304054054056,0.4249469636450701,0.5167089286137696,0.2867540338787847,69
chr08,1742407,0.0007335304054054056,0.4249469636450701,0.5167089286137696,0.2867540338787847,69
chr08,1742434,-0.0007335304054054055,0.4249469636450701,0.5167089286137696,0.2867540338787847,69
chr08,1809376,-0.0008100328947368425,0.5245312760935238,0.47139964915130106,0.3266107450440044,70
chr08,1812839,-0.0009808998302207135,0.7576018864022644,0.3871879444144962,0.41207817346015535,69
chr08,1831708,-0.0006908783783783782,0.3785638300118129,0.5404571634692508,0.26723872244364105,69
chr08,1857227,0.0007813267813267821,0.48910480097758063,0.48671234745302305,0.3127276359576588,70
chr08,1865267,0.000786607142857143,0.46014115723695614,0.49996591388816847,0.3010596034937644,67
chr08,1865275,0.000786607142857143,0.46014115723695614,0.49996591388816847,0.3010596034937644,67
chr08,1899740,0.0008439407149084566,0.5401433473436975,0.46497681445002603,0.3325687021798483,68
chr08,1927285,0.0007404306220095691,0.4505860090774803,0.504297851201112,0.2973128823534344,71
chr08,1951901,-0.0006079854809437386,0.2740724331590509,0.6023933052201369,0.220119863371281,67
chr08,1957002,-0.00047048611111111125,0.18063661779323795,0.6722091971217328,0.17249554983754223,68
chr08,1997043,-0.0005152801358234297,0.20862936528815176,0.6493212395816141,0.18754039093253133,69
chr08,2001710,0.00013185913185913186,0.014043455382481314,0.9060168422211431,0.04286372901665333,70
chr08,2025460,0.0001314072693383039,0.01306522666425313,0.909355265587746,0.04126641409203785,66
chr08,2025504,0.0001314072693383039,0.01306522666425313,0.909355265587746,0.04126641409203785,66
chr08,2025527,0.00030993897122929393,0.07402789391312277,0.786409342789639,0.10435133559061636,68
chr08,2030354,-0.0007196969696969693,0.44383910149021844,0.5075627840372581,0.29451022913011143,69
chr08,2040096,0.0004728070175438598,0.16780051523014958,0.6834004966162186,0.16532470994228235,68
chr08,2126857,6.111111111111112e-05,0.0030641836448627386,0.9560155644421529,0.019535037121058876,71
chr08,2135185,3.7581699346405064e-05,0.0011257709122539702,0.9733322864166322,0.011738870398358034,70
chr08,2138338,0.0001176470588235295,0.010954012125904284,0.9169571678424608,0.03765095026685554,69
chr08,2166300,-0.0004188948306595363,0.13347540218964218,0.7160416718610491,0.14506170208785865,67
chr08,2203116,8.981693363844411e-05,0.005229355586906301,0.9425963875704586,0.025674228974030346,61
chr08,2213397,-7.207207207207222e-05,0.00415100098503027,0.948818256082581,0.02281696769856277,70
chr08,2254959,-0.0001848484848484848,0.024056092906260818,0.8772543528612974,0.05687446817502202,63
chr08,2263691,-4.385964912280474e-06,1.5707697912276182e-05,0.9968491937188225,0.0013705380670703603,71
chr08,2263762,4.3859649122804964e-06,1.5707697912276182e-05,0.9968491937188225,0.0013705380670703603,71
chr08,2288883,-0.00011899038461538475,0.01150788059360368,0.9148822923722809,0.03863477813197663,71
chr08,2309605,-0.0006923076923076924,0.3831093360856201,0.5380119691475431,0.26920806248061974,70
chr08,2328506,0.0006666666666666668,0.35348597226701006,0.5541195449366993,0.25639653110980065,70
chr08,2350618,0.0005538461538461543,0.23823839890362866,0.6270749328514775,0.20268055968051107,69
chr08,2420509,0.0007993421052631584,0.5123129303343924,0.47659002469012,0.32185505193369573,70
chr08,2447265,0.0012857142857142859,1.1841023298309732,0.2806033204895749,0.5519071940996501,66
chr08,2453176,-0.0008891096979332278,0.6536886803694523,0.4215758967404254,0.37512422752006064,71
chr08,2453449,-0.0009795751633986927,0.7774468918803227,0.3810292483993608,0.4190416859230534,70
chr08,2460397,-0.0010101010101010105,0.8088866460058517,0.371670731993594,0.42984163700526984,69
chr08,2480072,-0.0007091269841269843,0.4150570180611888,0.5215498264821086,0.282704194749365,71
chr08,2504703,-0.000735294117647059,0.43872244025398127,0.5100461023923764,0.2923905668242154,68
chr08,2516440,-0.0007878787878787886,0.4996785964005147,0.48205673193199317,0.31690184782931485,70
chr08,2526692,0.0008164502164502165,0.5080046802214245,0.4785162727887967,0.3201032886871121,68
chr08,2526756,0.0008164502164502165,0.5080046802214245,0.4785162727887967,0.3201032886871121,68
chr08,2536879,0.0006911764705882357,0.3935620560972681,0.5325035080168941,0.27367752684253693,71
chr08,2538161,0.000587878787878788,0.2684674271196845,0.6060943616219838,0.21745975612833215,68
chr08,2551814,0.0007088068181818185,0.3826660325922227,0.5384101435018556,0.2688867667161268,65
chr08,2552048,0.0004687500000000004,0.1699002521100518,0.681622202407643,0.16645627178290195,64
chr08,2592171,0.0005661764705882349,0.2604916216277323,0.6114354522409238,0.21364938362394748,70
chr08,2630082,0.0006911764705882357,0.3935620560972681,0.5325035080168941,0.27367752684253693,71
chr08,2630117,0.0006911764705882357,0.3935620560972681,0.5325035080168941,0.27367752684253693,71
chr08,2662136,0.00039285714285714266,0.1143293318375971,0.7364483658581685,0.13285769717025944,62
chr08,2668182,0.00048571428571428577,0.1887165698372316,0.6653623540042521,0.1769417750192457,70
chr08,2668359,0.0005764705882352944,0.25983593842704067,0.6119079144420498,0.21331392958439216,69
chr08,2669792,0.00042424242424242447,0.13071296084029754,0.718884844881285,0.14334067183958019,66
chr08,2683919,-0.0006225490196078429,0.31331643110676166,0.5774914238915483,0.23845446093232484,70
chr08,2817936,0.0001701388888888888,0.023101970065960223,0.8796558745981662,0.055687192613916074,68
chr08,2825727,-1.3910969793323154e-05,0.00015851890111018112,0.9899908897683607,0.004368801909050478,71
chr08,2878305,-0.00038116057233704274,0.11921499566272648,0.7309378289304278,0.1361195610731983,71
chr08,2878407,-0.0002791385135135131,0.06043656143177698,0.8065588058515738,0.09336396289895181,69
chr08,2902444,-0.0003020833333333331,0.06963676122442053,0.7926886110539062,0.10089738148362215,68
chr08,2902497,0.0003020833333333331,0.06963676122442053,0.7926886110539062,0.10089738148362215,68
chr08,2976060,-0.0003848566308243729,0.1201007207828899,0.7300446691029834,0.1366505659734797,67
chr08,3023739,-0.0002612179487179487,0.05549506522950586,0.8144611217262246,0.08912964189292243,71
chr08,3029035,0.0003388157894736844,0.09147898928430329,0.7632285140949187,0.11734541282865509,70
chr08,3038069,-0.0002612179487179487,0.05549506522950586,0.8144611217262246,0.08912964189292243,71
chr08,3049778,-0.000338815789473684,0.09147898928430329,0.7632285140949187,0.11734541282865509,70
chr08,3057804,-0.00020967741935483874,0.033275334367531904,0.8558159869325457,0.06761960500827018,68
chr08,3057921,-0.00013073005093378564,0.013211824313863472,0.9088343227867831,0.041515279877523514,69
chr08,3066504,1.5151515151515375e-05,0.00019041271956970457,0.9890332574592933,0.00478910447136486,66
chr08,3066530,1.5151515151515375e-05,0.00019041271956970457,0.9890332574592933,0.00478910447136486,66
chr08,3066588,-4.829545454545467e-05,0.0018813778860168986,0.965539907479262,0.015229771351337027,65
chr08,3066598,-4.829545454545467e-05,0.0018813778860168986,0.965539907479262,0.015229771351337027,65
chr08,3066625,1.5151515151515375e-05,0.00019041271956970457,0.9890332574592933,0.00478910447136486,66
chr08,3170256,0.00027731092436974775,0.060712099683570706,0.8061273030054119,0.09359636932752656,69
chr08,3181570,0.0002450980392156861,0.05016983966309515,0.8234396096638799,0.08436824610133463,70
chr08,3199512,-0.0003267813267813266,0.08634345738627036,0.7697732296401907,0.11363719641329535,70
chr08,3270544,-0.00046581875993640683,0.1782047955748415,0.6742330425830416,0.17118996753761892,71
chr08,3304112,0.0011369485294117645,1.0573532768819562,0.3076902627482343,0.5118862473392282,66
chr08,3304342,-0.0008694295900178253,0.6026216832473344,0.4403951358436555,0.35615748644852746,67
chr08,3305116,0.0009291171477079794,0.7040220804726522,0.40441931359220074,0.3931681122644434,69
chr08,3307096,0.0006786317567567561,0.36456069901648636,0.5480230927237728,0.2612011407287684,69
chr08,3316293,-0.0008866723259762308,0.6394280976376876,0.42674395569972556,0.36983262141380535,69
chr08,3321772,-0.0006303763440860214,0.29765981456502805,0.5872207325993005,0.2311986194841523,67
chr08,3349080,-1.4919354838709663e-05,0.0001797245901453989,0.9893424558729945,0.004653353546935185,71
chr08,3361175,-0.00019057724957555192,0.02831899153726726,0.866868027791182,0.06204701459373535,69
chr08,3362058,3.879686137750662e-05,0.0011913466864115205,0.9725699487780401,0.012079153728874468,68
chr08,3393410,0.0008630009319664489,0.5940320300254363,0.4437002229754603,0.3529103530346561,66
chr08,3414276,-1.4919354838709663e-05,0.0001797245901453989,0.9893424558729945,0.004653353546935185,71
chr08,3454275,-0.0005499999999999996,0.23797713649411795,0.6272401903931959,0.202566122028367,70
chr08,3525992,-0.0009721485411140579,0.7500106174260242,0.38961021572584187,0.4093696642800849,68
chr08,3540912,-0.0004865853658536586,0.1901529191025371,0.6641506913118622,0.17773337096300074,71
chr08,3540954,-0.0004865853658536586,0.1901529191025371,0.6641506913118622,0.17773337096300074,71
chr08,3540961,-0.0004865853658536586,0.1901529191025371,0.6641506913118622,0.17773337096300074,71
chr08,3578604,-0.0006807692307692309,0.3613454790822425,0.5497883244533528,0.2598044872632355,69
chr08,3588898,-0.0008589743589743588,0.536712055795417,0.46651557811738587,0.3311338495006333,65
chr08,3668640,0.00016666666666666699,0.020445716622367792,0.8867415864636832,0.05220292348723504,67
chr08,3683536,0.0003571428571428567,0.10242506401566447,0.7499199475954748,0.12498509417243149,70
chr08,4027647,-7.05574912891988e-05,0.0037883812787587504,0.9511045742693288,0.021771729612246174,69
chr08,4043530,-0.000675431034482759,0.36453302995228737,0.5480382382144652,0.2611891384751569,69
chr08,4076631,-0.000564814814814815,0.25051459121315506,0.6185140757217191,0.20865041254462116,63
chr08,4088868,-8.54700854700903e-06,5.2631319253373105e-05,0.994234168763019,0.0025113155781913347,66
chr08,4091006,0.0003134146341463414,0.07876326582151907,0.7798202244243133,0.10800550569332547,71
chr08,4093953,0.0004782051282051285,0.17686331317668388,0.6754286717928302,0.17042050760774916,69
chr08,4133638,0.00010000000000000015,0.007818529915900587,0.9298127851422019,0.031604486461670966,67
chr08,4154909,8.888888888888888e-05,0.006065134674753191,0.9381672988268595,0.027719709085042867,66
chr08,4171429,0.000732193732193732,0.394281304830457,0.5322917573365891,0.2738502589276622,66
chr08,4264377,0.0004249999999999997,0.1361626878868258,0.713307171893272,0.14672340937618425,68
chr08,4340810,-0.0004282051282051279,0.14840676394335195,0.7012829039347849,0.1541067483210741,69
chr08,4340827,-0.0004282051282051279,0.14840676394335195,0.7012829039347849,0.1541067483210741,69
chr08,4381345,-0.00042025518341307793,0.14451633706529468,0.7049995148660109,0.1518111818612069,71
chr08,4390860,-0.00048310810810810764,0.18135572265745006,0.6715756778216878,0.1729050409126431,69
chr08,4390921,-0.00048310810810810764,0.18135572265745006,0.6715756778216878,0.1729050409126431,69
chr08,4391033,-0.0005239651416122002,0.19894187684038947,0.6572089111867547,0.18229655653795399,61
chr08,4400598,-0.00042025518341307793,0.14451633706529468,0.7049995148660109,0.1518111818612069,71
chr08,4400775,-0.000502047502047502,0.20200875137257693,0.6545336543498632,0.18406801829171857,70
chr08,4439083,0.0007666666666666667,0.4235656172958831,0.5176073008410171,0.2859996065808447,63
chr08,4439142,0.0002874800637958533,0.06754956520433336,0.7957125664792342,0.09924378318625832,71
chr08,4737131,0.000370531822144725,0.10802225235292132,0.7434476828259593,0.12874958781375262,68
chr08,4737174,0.00010641891891891863,0.008772889148808742,0.9256558384425452,0.03355045527061855,69
chr08,4754949,1.6047297297297187e-05,0.00021189617005313194,0.988429140847041,0.005054459220475817,69
chr08,4763674,-0.00021153846153846177,0.03509954998800757,0.8519534116435937,0.06958415361277431,69
chr08,4822359,-0.00041511035653650236,0.13965599143606972,0.7098031877449769,0.14886205455598808,69
chr08,4834796,-0.0001732979664014143,0.02369397443596807,0.8781358422492199,0.05643829619425563,68
chr08,4839487,8.60215053763438e-05,0.005855371011276816,0.939229783990128,0.02722814393135456,70
chr08,4890275,-2.298850574712609e-05,0.000416044680677217,0.9837880787027272,0.007098444416443029,68
chr08,4890375,0.00018333333333333298,0.02695279303627627,0.8700891790377051,0.060436232462862075,69
chr08,4890392,0.0001125,0.010356517667940815,0.9192411293523503,0.036570552366810914,70
chr08,4890401,0.00018333333333333298,0.02695279303627627,0.8700891790377051,0.060436232462862075,69
chr08,4890592,-6.666666666666663e-05,0.003402782389917586,0.9536567174933914,0.020607927736062088,69
chr08,4901181,-0.0001568548387096775,0.019871341173005198,0.8883077396282247,0.05143655396310086,71
chr08,4904651,0.00034166666666666726,0.09180134070369705,0.7628244764478969,0.11757538036683392,70
chr08,5076917,-0.0003647214854111406,0.09988243106609701,0.7529680846650699,0.1232234314322253,68
chr08,5124898,0.00045268292682926843,0.14713057009702513,0.702563997413699,0.15331410920550886,66
chr08,5149545,-0.00047089947089947126,0.1652996351199624,0.6856192227488289,0.1639170145727361,69
chr08,5230894,0.0005595238095238096,0.24059519328565648,0.6253556574368746,0.2038729168462417,70
chr08,5243245,-0.0005119047619047622,0.20227969271608426,0.6543174404596348,0.18421150367468317,70
chr08,5243265,-0.0005119047619047622,0.20227969271608426,0.6543174404596348,0.18421150367468317,70
chr08,5243326,-0.0005119047619047622,0.20227969271608426,0.6543174404596348,0.18421150367468317,70
chr08,5243331,-0.0005119047619047622,0.20227969271608426,0.6543174404596348,0.18421150367468317,70
chr08,5245444,-0.0007471857410881804,0.3987067704052286,0.5299722696140243,0.2757468539250206,67
chr08,5260691,-0.0005739202657807312,0.2592045468304662,0.6122914781853278,0.21304178499157841,71
chr08,5316416,-0.00017857142857142909,0.02557737154893564,0.8734109078665653,0.05878138855770899,70
chr08,5316684,-0.00011411149825783994,0.010243006906179141,0.9196878173448136,0.03635956636387353,69
chr08,5320558,-0.0008855534709193242,0.5853824335305533,0.4469793818879608,0.34971250939335186,67
chr08,5362708,0.00036309523809523837,0.10161869095071269,0.7508728337251428,0.1244336079862549,70
chr08,5362717,0.00036309523809523837,0.10161869095071269,0.7508728337251428,0.1244336079862549,70
chr08,5362944,0.0003035714285714285,0.07200512961436234,0.7892517525559877,0.10278444507141228,70
chr08,5363140,0.0003035714285714285,0.07200512961436234,0.7892517525559877,0.10278444507141228,70
chr08,5385235,0.0002738095238095239,0.05592676976430081,0.8137752113831993,0.08949554343758134,69
chr08,5423044,0.0007410554561717357,0.41076248061436255,0.5237689688672819,0.28086023529016146,69
chr08,5423245,0.0006861888111888113,0.35323096370972473,0.554262139461723,0.25628478618189227,70
chr08,5436422,-0.0007372093023255815,0.3867090691891438,0.5361766468834548,0.2706921055909559,68
chr08,5436934,0.0006014309764309766,0.28095541187078316,0.5977773038677814,0.22346057807576125,71
chr08,5437074,0.0006477485928705441,0.3012133183649843,0.585003169737299,0.23284178076279627,67
chr08,5505298,0.0008883847549909259,0.6159231326486219,0.43541740529367967,0.3610942145417837,67
chr08,5513105,-0.0001652421652421649,0.02089515213758555,0.8855191923722399,0.05280202165512432,66
chr08,5513181,-0.00029487179487179495,0.06994117860644161,0.7922342918154011,0.10114636311339385,69
chr08,5516461,-0.0003625000000000003,0.10130989838033802,0.7512683341026211,0.12420491625051497,68
chr08,5521112,-0.0006101626016260161,0.2994758040130598,0.5859769415333562,0.2321194733366073,71
chr08,5521243,0.0006101626016260161,0.2994758040130598,0.5859769415333562,0.2321194733366073,71
chr08,5537098,-0.0005458333333333334,0.23478747768463784,0.6295536334613809,0.20096726520010808,70
chr08,5537292,-0.0006211206896551722,0.29474647593488096,0.588996390813226,0.22988736642631522,69
chr08,5547134,0.0007046783625730996,0.34438519232416365,0.5594060241058176,0.2522728611289032,65
chr08,5547146,0.0007735042735042736,0.4239911347661147,0.5172834543063167,0.2862714125988136,66
chr08,5547203,0.0007735042735042736,0.4239911347661147,0.5172834543063167,0.2862714125988136,66
chr08,5561544,-0.0006101626016260161,0.2994758040130598,0.5859769415333562,0.2321194733366073,71
chr08,5568899,-0.0006101626016260161,0.2994758040130598,0.5859769415333562,0.2321194733366073,71
chr08,5574014,-0.00048049001814882004,0.175218939169759,0.6768945190494469,0.1694790024579459,67
chr08,5604268,0.00048333333333333323,0.1865689475319697,0.667154276016014,0.17577372609094344,70
chr08,5604360,0.0006620689655172413,0.34482056720389953,0.5590335482397578,0.25256212882516876,69
chr08,5608359,-0.0006101626016260161,0.2994758040130598,0.5859769415333562,0.2321194733366073,71
chr08,5673485,-0.0011296747967479673,1.037475822528081,0.3119674413184858,0.5058907290378456,71
chr08,5673497,-0.0011296747967479673,1.037475822528081,0.3119674413184858,0.5058907290378456,71
chr08,5688304,-0.0014964912280701753,1.802802670713991,0.1839738325259674,0.7352439443695125,68
chr08,5696531,-0.0011724137931034488,1.0625000000000013,0.30640831507118316,0.5136994533327359,68
chr08,5825683,-0.0018536184210526329,2.880309451747964,0.09424174640087732,1.0257566745387574,70
chr08,5826125,0.001527272727272728,1.832238318741053,0.1804809922685998,0.7435685299773765,68
chr08,5832731,0.0016191646191646197,2.161546388243717,0.14611431915319092,0.8353072212697434,70
chr08,5849256,0.0016000000000000005,2.06101372730243,0.15597926520403954,0.8069331298889612,66
chr08,5901802,-0.0018536184210526329,2.880309451747964,0.09424174640087732,1.0257566745387574,70
chr08,5937456,0.0016191646191646197,2.161546388243717,0.14611431915319092,0.8353072212697434,70
chr08,5947953,0.0011812500000000002,1.1482725490879029,0.28787372300803943,0.5407979755298122,67
chr08,5967484,-0.0010375816993464044,0.8800084151749462,0.35151946521567945,0.4540506211371974,70
chr08,5975175,0.0009491071428571428,0.6785783547743943,0.41308905675686847,0.3839563098722558,67
chr08,5975177,0.0009491071428571428,0.6785783547743943,0.41308905675686847,0.3839563098722558,67
chr08,5975227,0.0009491071428571428,0.6785783547743943,0.41308905675686847,0.3839563098722558,67
chr08,5985683,0.0009269713261648747,0.6674608990878469,0.4169226630911683,0.3799444968431816,67
chr08,6033381,-0.0011437381404174574,0.9399504224654844,0.33599807970018414,0.4736632046875274,65
chr08,6038019,-0.000838235294117647,0.5986666145522154,0.4418498988709648,0.35472524007027306,68
chr08,6038067,-0.0009924242424242432,0.8309481923138302,0.3653668783718681,0.43727082532587563,67
chr08,6116003,0.0008285714285714285,0.5608041186565333,0.4565190680612019,0.3405410779745607,70
chr08,6118202,0.0007428571428571432,0.43181249712578845,0.5133519788000704,0.28958475957880125,69
chr08,6152740,0.0005716911764705881,0.24764915803845533,0.6204408451376586,0.20729961924980914,66
chr08,6152781,0.000844876660341556,0.5531359418818705,0.45980402956385014,0.33742722704308536,65
chr08,6152830,0.0007095238095238095,0.38890943428544067,0.5351246885147021,0.2715450119516271,65
chr08,6202948,-0.00048571428571428577,0.1896636587366705,0.6645759839089724,0.17745535707516177,70
chr08,6207927,-0.000481818181818182,0.17947859076671874,0.673199211025526,0.1718564016793706,68
chr08,6207966,0.00048181818181818184,0.17947859076671874,0.673199211025526,0.1718564016793706,68
chr08,6237649,0.0005587301587301586,0.257083664302593,0.6137474790465951,0.21201027871973094,71
chr08,6298060,0.0006218487394957982,0.3080728260071866,0.5807135968736323,0.2360380052426212,69
chr08,6298061,0.0006218487394957982,0.3080728260071866,0.5807135968736323,0.2360380052426212,69
chr08,6351275,-3.661616161616148e-05,0.001050140475647802,0.9742447257703138,0.011331936651565792,69
chr08,6356938,-0.00037968613775065426,0.11433856800886821,0.736331053164283,0.13292688370975256,68
chr08,6356941,-0.00037968613775065426,0.11433856800886821,0.736331053164283,0.13292688370975256,68
chr08,6436131,0.0006047979797979799,0.3012929047085334,0.5848976989915491,0.23292008716332965,69
chr08,6443655,-6.423611111111121e-05,0.003321010058410907,0.9542189026096555,0.02035198453065033,68
chr08,6443714,0.00023966613672496043,0.04708416178683984,0.8288573531409502,0.08152020536567442,71
chr08,6496388,0.00023966613672496043,0.04708416178683984,0.8288573531409502,0.08152020536567442,71
chr08,6496436,-0.0002396661367249606,0.04708416178683984,0.8288573531409502,0.08152020536567442,71
chr08,6505909,-0.00042147435897435927,0.14466086650466595,0.7048591019122922,0.15189768779941046,71
chr08,6560540,-0.00025208333333333365,0.04577129286577823,0.8313174652634654,0.08023309524949572,62
chr08,6610200,-0.00010462184873949598,0.00854443902270077,0.9266273700621874,0.03309487606096023,69
chr08,6610201,0.00010462184873949576,0.00854443902270077,0.9266273700621874,0.03309487606096023,69
chr08,6617403,-0.0004726702508960573,0.17467735304117363,0.6773654211548079,0.16917697743594542,67
chr08,6653052,8.445945945945963e-05,0.005572600504761277,0.9407157457980535,0.026541586647992624,69
chr08,6653104,8.445945945945963e-05,0.005572600504761277,0.9407157457980535,0.026541586647992624,69
chr08,6655942,0.00035526315789473703,0.09925681509551883,0.7537172500775489,0.12279154506022273,68
chr08,6661644,-2.069256756756776e-05,0.00033711320203992087,0.9854057179389191,0.006384922006192241,69
chr08,6688293,0.0007348214285714286,0.40373625261699164,0.5273966533193033,0.2778626304196622,67
chr08,6711337,0.0006373355263157896,0.327213451687515,0.5691908000366214,0.24474212813381604,70
chr08,6719240,-0.0003083881578947373,0.0789394598113948,0.7795929221360176,0.10813211246260616,70
chr08,6719264,-0.0003083881578947373,0.0789394598113948,0.7795929221360176,0.10813211246260616,70
chr08,6719271,-0.0003083881578947373,0.0789394598113948,0.7795929221360176,0.10813211246260616,70
chr08,6719279,-0.0003083881578947373,0.0789394598113948,0.7795929221360176,0.10813211246260616,70
chr08,6719286,-0.0003083881578947373,0.0789394598113948,0.7795929221360176,0.10813211246260616,70
chr08,6724558,-0.0005882601351351348,0.2686334045166984,0.6059574517944789,0.21755786939741592,69
chr08,6724579,-0.0005172275641025643,0.2180886272130233,0.6419714949563167,0.19248425519908335,71
chr08,6757902,-0.001508333333333333,1.8276279753977813,0.18109356933809892,0.7420969712793399,67
chr08,6766911,-0.0010008771929824562,0.7737868122434759,0.3822397914688753,0.4176641045237219,68
chr08,6773674,-0.0006830238726790454,0.3555240027979094,0.5530422644517388,0.2572416778873739,68
chr08,6788152,0.000908974358974359,0.6540602218636471,0.42152732079153166,0.3751742718471191,69
chr08,6788352,0.000908974358974359,0.6540602218636471,0.42152732079153166,0.3751742718471191,69
chr08,6795790,-0.0009097646033129902,0.6616484819771464,0.41890340050922015,0.3778861141759116,68
chr08,6804991,0.0009310483870967745,0.7070965058970757,0.4033140603653662,0.3943566373212903,71
chr08,6815209,-0.0009310483870967745,0.7070965058970757,0.4033140603653662,0.3943566373212903,71
chr08,6815224,0.0009310483870967745,0.7070965058970757,0.4033140603653662,0.3943566373212903,71
chr08,6816373,0.0009310483870967745,0.7070965058970757,0.4033140603653662,0.3943566373212903,71
chr08,6833662,0.0011714743589743598,1.133552147262843,0.2907305784406215,0.5365092876323289,71
chr08,6835562,-0.0011714743589743592,1.1335521472628416,0.2907305784406215,0.5365092876323289,71
chr08,6861180,-0.0011714743589743592,1.1335521472628416,0.2907305784406215,0.5365092876323289,71
chr08,6861256,0.0011714743589743598,1.133552147262843,0.2907305784406215,0.5365092876323289,71
chr08,6876435,0.0009583333333333331,0.7256591895178426,0.3972840071503596,0.40089891731600924,70
chr08,6915039,-0.001191666666666666,1.1820522607238697,0.2807773790265024,0.5516378842904484,70
chr08,6928359,-0.001177419354838709,1.078672690837619,0.30278472201984713,0.5188660423485533,68
chr08,7044365,-0.0012212171052631586,1.241297000666406,0.2691437630538017,0.5700156797632181,70
chr08,7047469,-0.0013009216589861753,1.3321702190505462,0.25271129692239713,0.5973753434326872,66
chr08,7047470,-0.0013009216589861753,1.3321702190505462,0.25271129692239713,0.5973753434326872,66
chr08,7050316,-0.001682795698924732,2.1496726619427564,0.14742160578391603,0.8314388625753222,67
chr08,7050352,-0.0017420634920634912,2.5831203322835776,0.1125754156134191,0.948556441004769,71
chr08,7074350,-0.0020452003727865803,3.285606086456986,0.07458034423334844,1.1273756164386604,66
chr08,7434872,-0.002104464285714286,3.4819938983175622,0.06655292985125737,1.1768328208771242,67
chr08,7497533,-0.001315789473684211,1.4199064734882891,0.23762272417391195,0.624112029551834,69
chr08,7497614,-0.001315789473684211,1.4199064734882891,0.23762272417391195,0.624112029551834,69
chr08,7508286,0.001750797448165869,2.59717206904055,0.11161984924184856,0.9522585683941432,71
chr08,7523760,-0.0018493038493038502,2.847231831096818,0.09611376093089254,1.0172144284760039,70
chr08,7569115,0.0014080882352941174,1.539977576397311,0.2191507323367115,0.6592570737243214,66
chr08,7576035,-0.0015567150635208717,1.9277959108829301,0.16973979483336166,0.7702163270962853,67
chr08,7576188,0.0013990384615384622,1.6281224431375185,0.20624152012589295,0.6856238989634509,71
chr08,7583467,-0.0018730158730158734,2.6499760568741317,0.10862318673192305,0.964077460245398,64
chr08,7583657,-0.0009757688723205963,0.7268448093584969,0.39708710461139396,0.4011142164038807,66
chr08,7583665,-0.0009757688723205963,0.7268448093584969,0.39708710461139396,0.4011142164038807,66
chr08,7601751,0.0014235993208828524,1.6083052311450239,0.20911930460079403,0.6796058739512701,69
chr08,7601752,0.0014235993208828524,1.6083052311450239,0.20911930460079403,0.6796058739512701,69
chr08,7602618,-0.0012459677419354841,1.2766799166530984,0.26242985609026065,0.5809867577199781,71
chr08,7661338,-0.002157983193277311,3.8834502455924764,0.05289800363246997,1.2765607179036123,69
chr08,7661522,-0.002044117647058824,3.6636327593042743,0.05994971608757788,1.222212869310591,68
chr08,7670109,0.0018924603174603175,3.0690828471415634,0.08423757567275995,1.0744941404822703,71
chr08,7676810,0.0018962418300653581,2.992117673143791,0.08820758434220306,1.0544940713720719,70
chr08,7719420,-0.0023937908496732014,4.9615268537758626,0.02923035197664261,1.5341659550635933,70
chr08,7719428,-0.0023937908496732014,4.9615268537758626,0.02923035197664261,1.5341659550635933,70
chr08,7719680,0.0024983193277310915,5.21577955101734,0.02555895656215459,1.5924568801125576,69
chr08,7770396,0.0005480392156862749,0.2250536630253824,0.6368826078922338,0.19594061074624955,64
chr08,7823770,-0.0007536796536796536,0.4360259414531193,0.5113449071771526,0.2912860651204813,68
chr08,7827666,-0.0007508169934640517,0.4545900355276669,0.5024489441502313,0.29890806206735976,70
chr08,7858322,-0.0011364583333333337,1.0004866905113872,0.3212097414434036,0.4932112921886151,62
chr08,7861466,-0.001256641366223909,1.1600157396415998,0.28556929786168705,0.5442884862726022,65
chr08,7861477,0.0012566413662239088,1.1600157396415998,0.28556929786168705,0.5442884862726022,65
chr08,7861487,0.0012566413662239088,1.1600157396415998,0.28556929786168705,0.5442884862726022,65
chr08,7861518,-0.001256641366223909,1.1600157396415998,0.28556929786168705,0.5442884862726022,65
chr08,7861655,-0.0011397058823529411,0.975906824255056,0.3269316265497133,0.48554306482298226,66
chr08,7878937,0.0003161764705882351,0.0748333519885519,0.7853060921013685,0.10496103344574804,66
chr08,7883906,-0.0005020475020475025,0.20200875137257832,0.6545336543498632,0.18406801829171857,70
chr08,7888989,0.0007643581081081081,0.47729699790457003,0.49203591168610405,0.3080031987002334,69
chr08,7889044,-0.0007643581081081078,0.47729699790457003,0.49203591168610405,0.3080031987002334,69
chr08,7900499,-0.00042025518341307826,0.14451633706529582,0.7049995148660109,0.1518111818612069,71
chr09,100447,-0.0015314313346228242,1.6257158108884115,0.20670042971285393,0.684658620509977,69
chr09,100632,-0.0015314313346228242,1.6257158108884115,0.20670042971285393,0.684658620509977,69
chr09,205206,0.0014702380952380959,1.4732930685425338,0.22908825780105904,0.6399971705351579,69
chr09,205280,0.0014702380952380959,1.4732930685425338,0.22908825780105904,0.6399971705351579,69
chr09,264102,0.0015340909090909088,1.6681755188377678,0.20114821173870367,0.6964838240694309,66
chr09,264115,-0.001693974630021142,2.0621421902301598,0.15594482447179625,0.8070290341202906,65
chr09,269054,0.0018707482993197283,2.5472927120432316,0.11512079940170908,0.9388462033092407,70
chr09,269080,0.0018707482993197283,2.5472927120432316,0.11512079940170908,0.9388462033092407,70
chr09,296338,0.002423469387755102,3.686029133260004,0.059260526623690996,1.227234493444108,67
chr09,350219,0.0008436274509803921,0.4759613092723582,0.49257130934992877,0.3075308879777998,71
chr09,350303,-0.0008436274509803924,0.4759613092723582,0.49257130934992877,0.3075308879777998,71
chr09,441384,-0.0004898190045248866,0.13931931239110038,0.7101370201054815,0.14865784658452907,69
chr09,466798,0.0008742105263157893,0.4880324754804054,0.4872241364206432,0.3122712054846758,69
chr09,496000,-0.0006535982814178303,0.2756655654618912,0.6013156714196091,0.22089747747435734,68
chr09,499811,0.0009495166487647688,0.568653691737085,0.453476495492817,0.343445218289247,68
chr09,503586,-0.000854423292273236,0.46491830367157677,0.4977945324406057,0.3029498778035903,66
chr09,554780,-0.0007568027210884355,0.33836375799861873,0.562787209692625,0.24965578121425544,67
chr09,584632,0.0007811111111111108,0.3667860484941939,0.5468384684469386,0.2621409417146977,68
chr09,584738,-0.0008560090702947847,0.4356129461969653,0.5115795771060573,0.2910868014239998,67
chr09,589967,0.0005766666666666666,0.20531390572195388,0.6519515543545629,0.18578467490946216,68
chr09,589998,-0.0005766666666666671,0.20531390572195388,0.6519515543545629,0.18578467490946216,68
chr09,617902,0.000744210526315789,0.3462770578105625,0.558206780103262,0.25320489277832525,69
chr09,624336,-0.0012851140456182472,0.9687647419021096,0.3286948420179274,0.4832071109494916,66
chr09,630006,-0.00078421052631579,0.38458437852112626,0.5372635322295339,0.26981263698384117,69
chr09,712015,0.0007528379772961816,0.3606913497801586,0.550119047396508,0.2595433177188618,70
chr09,737246,-0.0005772058823529412,0.20124079442117698,0.655260364574177,0.18358610087846575,65
chr09,737252,-0.0005772058823529412,0.20124079442117698,0.655260364574177,0.18358610087846575,65
chr09,758878,0.0008586956521739127,0.3955902007040883,0.5317238479813935,0.2743138610052462,63
chr09,793747,0.0007385620915032678,0.3335603796286841,0.5655059787255137,0.24756279920223295,69
chr09,853170,0.0004905660377358486,0.14220132401163132,0.707276627599527,0.15041069321441036,70
chr09,853175,0.0004905660377358486,0.14220132401163132,0.707276627599527,0.15041069321441036,70
chr09,887320,0.0004905660377358486,0.14220132401163132,0.707276627599527,0.15041069321441036,70
chr09,978877,0.0006495726495726495,0.25945488895641533,0.6121439569202808,0.2131464335011632,70
chr09,1018065,-0.0005748106060606058,0.22911363009231284,0.6337173562143237,0.19810439827970688,70
chr09,1042767,0.0007142857142857145,0.3598427577865135,0.5505873518590798,0.25917376947901355,70
chr09,1042880,-0.0007142857142857139,0.3598427577865135,0.5505873518590798,0.25917376947901355,70
chr09,1043974,-0.0002055125725338491,0.029933099227959944,0.8631637269233262,0.06390681847347511,69
chr09,1066161,-0.0004627551020408162,0.14408601924539077,0.7054527775900838,0.15153205224052205,69
chr09,1066253,-0.00040500000000000025,0.11201758343734156,0.738888919940315,0.13142084588521807,70
chr09,1125931,0.0002811550151975682,0.051551934175653354,0.8210862851023788,0.08561120198554899,68
chr09,1128396,-3.940217391304354e-05,0.0011160947476332186,0.9734456810024904,0.011688277424946774,71
chr09,1216679,-0.00016477272727272754,0.018835465168166608,0.8912570494852998,0.049997022031569624,68
chr09,1225139,0.00096978021978022,0.7043895003903003,0.4043424251588883,0.39325068843196076,68
chr09,1367939,-0.0011610772357723577,0.9593124825389638,0.33110646945013655,0.48003233353652597,65
chr09,1419759,0.0008030303030303031,0.5024768977703371,0.4808020118981682,0.3180337237123791,71
chr09,1442346,0.0008759689922480622,0.5880658710279689,0.44582229183944455,0.3508382198826546,70
chr09,1452362,-0.0008759689922480624,0.5880658710279689,0.44582229183944455,0.3508382198826546,70
chr09,1460355,-0.0012380952380952382,1.1670498092000494,0.2839401410218105,0.5467732063049056,68
chr09,1460393,-0.0012380952380952382,1.1670498092000494,0.2839401410218105,0.5467732063049056,68
chr09,1460398,-0.0012380952380952382,1.1670498092000494,0.2839401410218105,0.5467732063049056,68
chr09,1460489,-0.0011627906976744195,1.0466728361481141,0.3099544217402265,0.5087021637205923,69
chr09,1460542,-0.0011627906976744195,1.0466728361481141,0.3099544217402265,0.5087021637205923,69
chr09,1467637,0.0007154471544715446,0.3904909711289042,0.5341959644175429,0.2722993971791396,68
chr09,1475069,-0.0009404761904761901,0.6652169140437796,0.417614295708714,0.37922464304903386,69
chr09,1475102,-0.0009404761904761901,0.6652169140437796,0.417614295708714,0.37922464304903386,69
chr09,1489954,-0.001,0.7626437271956197,0.3856217022492766,0.41383853259627335,69
chr09,1507844,0.0008030303030303031,0.5024768977703371,0.4808020118981682,0.3180337237123791,71
chr09,1516975,0.0008657142857142857,0.5238354078022143,0.47180700003486875,0.32623561992782,67
chr09,1562819,0.0012374999999999997,1.1175159077238936,0.294427957256847,0.5310209541650214,66
chr09,1565945,-0.0010227920227920228,0.7672238050799047,0.38435297990493367,0.415269747478147,66
chr09,1593695,-0.001105098389982111,0.946965048586293,0.3339932950992007,0.4762622515436654,69
chr09,1593706,-0.001105098389982111,0.946965048586293,0.3339932950992007,0.4762622515436654,69
chr09,1643529,-0.0009047619047619047,0.6131332584578215,0.4363695835379824,0.3601455288490106,69
chr09,1694318,0.0009379310344827588,0.6769076899988152,0.4135722646470872,0.38344859398232317,69
chr09,1735412,0.0017756410256410257,2.4615482934653916,0.12167316490286917,0.9148051951445972,65
chr09,1736637,-0.0007380952380952383,0.42188579360211687,0.5181856470492767,0.28551462047722076,70
chr09,1742137,-0.0014533333333333336,1.5892673636189811,0.2121545293935648,0.6733476918274468,64
chr09,1764841,0.0007692307692307691,0.4488887089591508,0.5052006296967952,0.29653611679906433,68
chr09,1780601,0.0001242095754290875,0.011221782284639993,0.9159568948066052,0.038124963873763434,68
chr09,1780674,-0.00012420957542908748,0.011221782284639993,0.9159568948066052,0.038124963873763434,68
chr09,1814340,-9.846431797651315e-05,0.0071775294794625055,0.9327402208770088,0.030239295534430374,68
chr09,1843962,-0.0006436436436436441,0.29463488031914004,0.5892116407893979,0.2297286815838869,64
chr09,1848494,0.00039613120269133684,0.12232554464090829,0.7276067245784643,0.13810329581825076,70
chr09,1947443,-8.333333333333317e-05,0.005345097252857365,0.9419330754868696,0.02597995281144003,70
chr09,1964644,-8.333333333333317e-05,0.005345097252857365,0.9419330754868696,0.02597995281144003,70
chr09,1978978,-0.0003862433862433863,0.1161040781848915,0.7343651101271232,0.13408796475780532,69
chr09,2025202,0.00016034327009936797,0.018873241233970158,0.8911487514878645,0.05004979701998081,68
chr09,2025204,0.00016034327009936797,0.018873241233970158,0.8911487514878645,0.05004979701998081,68
chr09,2025236,0.00016034327009936797,0.018873241233970158,0.8911487514878645,0.05004979701998081,68
chr09,2107561,0.00030126467931345985,0.06703380648985616,0.7965113440808436,0.09880803450612764,68
chr09,2125403,-0.0001815196998123828,0.023525373715757712,0.8785739277592707,0.05622168884475598,67
chr09,2148528,-0.0007325000000000001,0.39392003342192056,0.5325144264085804,0.27366862220890115,65
chr09,2152023,0.0002127476313522826,0.03440788905938693,0.8533940596362759,0.06885038453291123,70
chr09,2152310,-4.9642218246869446e-05,0.0018262363239094288,0.96604029057977,0.015004760114974309,69
chr09,2152441,0.00012651162790697682,0.011558795520966864,0.914709091856305,0.03871700417351164,68
chr09,2158705,0.00022613636363636377,0.031704989215839065,0.8592764980630856,0.06586706636543811,62
chr09,2158765,-0.00011558854718981977,0.008638488257635824,0.9262481596097853,0.033272641924473795,64
chr09,2173137,-0.0001456228956228953,0.01640830152708514,0.8984464903825782,0.04650778346718623,71
chr09,2173237,-4.964221824686943e-05,0.001826236323909429,0.96604029057977,0.015004760114974309,69
chr09,2173250,-4.964221824686943e-05,0.001826236323909429,0.96604029057977,0.015004760114974309,69
chr09,2183704,-6.410256410256463e-06,3.130555886002691e-05,0.9955518951314601,0.0019360965790051427,71
chr09,2185967,-0.00015853658536585353,0.017608500008465273,0.8948493317587709,0.04825008188424266,66
chr09,2185970,-0.0003316135084427772,0.07907582282896289,0.7794469919700242,0.10821341463511096,67
chr09,2187957,0.00018470483005366708,0.02537206693332314,0.8739226563109934,0.05852700148880744,69
chr09,2382011,5.6481481481481675e-05,0.0023398576566679846,0.961568039263033,0.017019980243975736,67
chr09,2433960,-1.9999999999999897e-05,0.0002966818174766679,0.9863079926478474,0.00598744751230743,70
chr09,2435412,0.00018976744186046524,0.026012984595846285,0.8723613102739582,0.0593036038763798,68
chr09,2450094,-0.0011092132505175982,0.8811898585297339,0.35146110621422577,0.45412272837141976,65
chr09,2568494,3.4722222222222046e-05,0.0008507303024445374,0.9768178838281417,0.010186397817496097,69
chr09,2568569,3.4722222222222046e-05,0.0008507303024445374,0.9768178838281417,0.010186397817496097,69
chr09,2568578,3.4722222222222046e-05,0.0008507303024445374,0.9768178838281417,0.010186397817496097,69
chr09,2568602,3.4722222222222046e-05,0.0008507303024445374,0.9768178838281417,0.010186397817496097,69
chr09,2580738,-0.0007830284552845527,0.44990733370480557,0.5048306535759362,0.2968542823798192,65
chr09,2584824,-0.00038704318936877067,0.09191209559877288,0.7627752062939755,0.11760343196676547,64
chr09,2584962,-0.0007598814229249007,0.40582169464866263,0.5263014996218165,0.27876539252014987,68
chr09,2624226,0.0005666368515205725,0.2404075258821948,0.6255138220043992,0.20376308924167771,69
chr09,2625989,-0.0013978947368421053,1.3905718539434664,0.24288753345482997,0.6145947753995539,63
chr09,2636311,-0.0003705128205128206,0.1047455840294125,0.7471863241548651,0.12657108565166675,71
chr09,2638350,0.0005042087542087544,0.1972247386330602,0.6583600402107055,0.18153653691280713,71
chr09,2653889,0.0004259259259259256,0.1362218357838545,0.7132658595400908,0.1467485629808448,67
chr09,2665367,0.0008641114982578394,0.5748904750885906,0.45098094985705883,0.3458418030149363,69
chr09,2672548,-0.001289285714285714,1.3077516630102797,0.2569330703760396,0.5901799932132583,68
chr09,2677172,0.0006402116402116401,0.31289107516904474,0.5777766489348929,0.2382400143153782,69
chr09,2688344,0.0005189491817398794,0.20676496097864394,0.6507632384953228,0.186576988263695,70
chr09,2688350,0.0005189491817398794,0.20676496097864394,0.6507632384953228,0.186576988263695,70
chr09,2692173,0.00048406546080964684,0.1785071565293936,0.6739923166261681,0.1713450543042606,70
chr09,2704771,0.00041456228956228956,0.13320429368481332,0.7162488889546366,0.14493603870168412,71
chr09,2711250,0.0007666666666666661,0.4387685402029648,0.509956294266863,0.2924670434551901,70
chr09,2743426,0.0010454545454545454,0.840124724484424,0.3626004159578533,0.4405717020383679,70
chr09,2800069,0.0011004651162790694,0.87733684538053,0.35234699023889915,0.45302943391049233,68
chr09,2836372,0.0011937984496124023,1.112213961571882,0.295333975652105,0.5296865882890627,70
chr09,2836431,-0.0011937984496124027,1.112213961571882,0.295333975652105,0.5296865882890627,70
chr09,2849617,-0.0010719696969696967,0.9005284236358296,0.34595200667562487,0.4609841459518781,71
chr09,2864783,0.001267872523686477,1.2437459735201097,0.2686762013706965,0.5707708005229929,70
chr09,2935011,0.0015576441102756896,1.5593751712000286,0.21686121460444746,0.663818114142875,59
chr09,2935027,0.0015576441102756896,1.5593751712000286,0.21686121460444746,0.663818114142875,59
chr09,2935028,0.0015576441102756896,1.5593751712000286,0.21686121460444746,0.663818114142875,59
chr09,2945625,0.0011513098464317974,1.024168137871239,0.3152281469799479,0.5013750109403872,68
chr09,2974395,-0.0007611438183347352,0.4662112821410885,0.4970549919604812,0.3035955601926256,70
chr09,2979874,0.0009501424501424499,0.6896995289397753,0.4093539898960844,0.3879009722674399,66
chr09,2979891,0.0009501424501424499,0.6896995289397753,0.4093539898960844,0.3879009722674399,66
chr09,2986256,-0.0009243589743589746,0.6629908215641998,0.41839067686398934,0.37841800155864924,69
chr09,2986389,0.0009243589743589742,0.6629908215641998,0.41839067686398934,0.37841800155864924,69
chr09,3010869,-0.0011562998405103663,1.1093015422741912,0.29590819182513006,0.5288430118072425,71
chr09,3010928,-0.0011562998405103663,1.1093015422741912,0.29590819182513006,0.5288430118072425,71
chr09,3011336,0.001368421052631579,1.5461565420014012,0.2180371486019924,0.6614695061275443,69
chr09,3012206,0.0013350877192982457,1.4247101078041744,0.23690247778099482,0.6254303969345335,68
chr09,3021672,-0.000956862745098039,0.6888292393086075,0.409747254054205,0.38748394819822557,64
chr09,3040911,-0.0015944444444444443,1.9783309693833626,0.16440362248956852,0.7840886173926965,66
chr09,3046355,0.0015212418300653585,1.926454427832579,0.16967790034020738,0.7703747185856937,70
chr09,3063657,-0.0020942234848484844,3.474063920359592,0.06699926043034378,1.1739299912214631,65
chr09,3104864,0.001879464285714286,2.9179615851255787,0.09237039421353337,1.0344672029139272,67
chr09,3104972,-0.0017465277777777776,2.549781654654453,0.11508686891645166,0.9389742253054666,68
chr09,3120221,0.0014595959595959597,1.7098603534819212,0.1954727661552205,0.7089137412471028,69
chr09,3129798,-0.00165625,2.129956216520316,0.14949322579776042,0.8253784867061633,64
chr09,3129824,-0.00165625,2.129956216520316,0.14949322579776042,0.8253784867061633,64
chr09,3161305,0.0014054659498207887,1.5909259703962833,0.21170196800855598,0.6742751047048038,67
chr09,3164414,-0.0009066213921901527,0.6480050379376686,0.4236743112443059,0.37296786789201275,69
chr09,3165755,-0.0013573232323232326,1.4747457360881038,0.22886133943242876,0.6404275646396601,69
chr09,3165874,-0.0013573232323232326,1.4747457360881038,0.22886133943242876,0.6404275646396601,69
chr09,3225991,0.0015857142857142858,2.078401373294612,0.15412487362058058,0.8121272665091526,68
chr09,3248133,0.001967237903225806,2.90083722479021,0.09362401898855877,1.028612719894215,63
chr09,3253658,0.0012020202020202018,1.1389061735460257,0.28971393645742216,0.5380306129047041,69
chr09,3305415,-0.0012555643879173296,1.3159765186897385,0.25527764756540533,0.5929872109066442,71
chr09,3334486,-0.0011936274509803915,1.1607710647394234,0.2851130191211933,0.5449829510405957,70
chr09,3342805,0.0011936274509803913,1.1607710647394234,0.2851130191211933,0.5449829510405957,70
chr09,3404552,-0.001173593073593074,1.1224659426126737,0.2932500954845401,0.5327618378027072,68
chr09,3436031,0.0010285714285714284,0.8588803991891462,0.35732987167821395,0.4469306765970491,70
chr09,3466617,0.0012428571428571428,1.2640653090094602,0.2648362200812908,0.5770226192862358,70
chr09,3531610,-0.0009810606060606053,0.7901062569099161,0.37724826889230456,0.42337274442777256,69
chr09,3531773,0.0009507575757575751,0.7438952127169924,0.39149267610723415,0.40727635814234936,69
chr09,3546230,0.0006495098039215682,0.3421440948743577,0.5605301675735745,0.2514010088349901,70
chr09,3554832,-0.0010058035714285716,0.7870296676859818,0.37827061444335697,0.42219739510901544,67
chr09,3564895,0.0006936274509803919,0.3875957726415929,0.5356481233124741,0.2711204123355273,70
chr09,3565643,0.0007794117647058818,0.46643050866220215,0.4970243006220605,0.30362237712568524,68
chr09,3565669,-0.0007794117647058818,0.46643050866220215,0.4970243006220605,0.30362237712568524,68
chr09,3571871,0.0008530950305143854,0.578764309858057,0.4495065652718009,0.3472639607928366,68
chr09,3594630,0.0006803977272727268,0.34579991922841,0.5586025456498036,0.25289708947435596,65
chr09,3665191,0.0010112554112554112,0.8316258849213728,0.36512179323630156,0.4375622442899303,68
chr09,3720007,-0.001161343161343162,1.0950948796558237,0.2990506701900658,0.5242552199714151,70
chr09,3720068,-0.0012277424483306838,1.2572505744123794,0.2660593513277571,0.5750214720947504,71
chr09,3720213,-0.0012277424483306838,1.2572505744123794,0.2660593513277571,0.5750214720947504,71
chr09,3720288,-0.0012586805555555552,1.2350169697463766,0.27046560877103026,0.567887950041776,68
chr09,3720351,-0.0012586805555555552,1.2350169697463766,0.27046560877103026,0.567887950041776,68
chr09,3750891,0.001308823529411764,1.3979535294155796,0.2411843957889198,0.6176507937208837,70
chr09,3751080,0.001227742448330684,1.2572505744123794,0.2660593513277571,0.5750214720947504,71
chr09,3782903,-0.0011119047619047619,0.9321333254726151,0.3380007991824592,0.4710822728580798,65
chr09,3783040,-0.0006756756756756753,0.34713776598286067,0.5577492501751242,0.25356100489894284,68
chr09,3806130,-0.0011307759372275496,1.0304273722765043,0.3137651996970921,0.5033952265159036,68
chr09,3806229,0.0012305743243243238,1.2513072023336738,0.26729759724504654,0.5730049451263947,69
chr09,3820553,-0.00031176470588235264,0.07919703160743123,0.7792558680468273,0.10831991866195183,69
chr09,3832906,0.00034374999999999965,0.09079528300099184,0.7641158642312615,0.11684078359564525,68
chr09,3835211,0.0007176470588235291,0.40762671028016867,0.5253529958749521,0.2795487867941948,69
chr09,3882719,-0.0008686507936507928,0.6246830559435371,0.4320204122627951,0.36449573299141913,71
chr09,3882926,-0.0008686507936507928,0.6246830559435371,0.4320204122627951,0.36449573299141913,71
chr09,3902200,-0.0006683982683982685,0.3441065955657235,0.5594694809400405,0.2522235992533017,68
chr09,3926851,-0.0011130514705882351,0.9687757706059837,0.3286921094189853,0.48321072146424016,66
chr09,3941466,-0.0005683035714285711,0.24208553061009833,0.624361530370569,0.20456386355720532,67
chr09,3941481,-0.0005683035714285711,0.24208553061009833,0.624361530370569,0.20456386355720532,67
chr09,3955600,0.0009974789915966381,0.7899043364077284,0.3773088818710091,0.42330297136363,69
chr09,3965801,0.0011684491978609622,1.0919832893717571,0.2999028802310741,0.5230193633086441,67
chr09,3978779,0.0005214285714285709,0.20506015540905814,0.6521749974229516,0.18563585485447892,67
chr09,4053883,0.0006645220588235293,0.34623653370022367,0.5583222412365799,0.2531150713186146,66
chr09,4073115,-0.0006774193548387094,0.3148894983061778,0.576750871450798,0.23901174060229696,63
chr09,4082297,0.0008686507936507928,0.6246830559435371,0.4320204122627951,0.36449573299141913,71
chr09,4086182,-0.0009999999999999996,0.772736124634859,0.38276623801988885,0.4170663762460356,64
chr09,4118883,-0.0008369932432432428,0.5475199124865834,0.46191780811844085,0.33543529426246416,69
chr09,4146400,0.0005674342105263156,0.26799962848192627,0.6063569436969176,0.2172716447419646,70
chr09,4146490,-0.000554329371816638,0.24769522450274123,0.6203322037512562,0.20737567240841656,69
chr09,4159168,0.0011057781919850886,0.9038649725525619,0.34532408311458074,0.46177313262926944,66
chr09,4162634,0.0007666666666666664,0.46476052662178974,0.497722933756789,0.3030123476534976,70
chr09,4183905,-0.000976127320954907,0.7718146842396086,0.382843464868185,0.41697876190662214,68
chr09,4211194,0.0011934398654331374,1.126668879868675,0.29224237613250237,0.5342568096674823,70
chr09,4418351,-0.0011872822299651567,1.0761856151013893,0.3032820034650104,0.5181533596455733,69
chr09,4475861,0.001148148148148148,0.9929211445352145,0.3226147134735483,0.4913158296480626,69
chr09,4475943,-0.0011481481481481477,0.9929211445352145,0.3226147134735483,0.4913158296480626,69
chr09,4507801,0.001245173745173745,1.161045773233142,0.28535744561142495,0.5446107912567083,65
chr09,4664987,0.0004228448275862066,0.13775679639476543,0.7116923797192107,0.14770768425543349,69
chr09,4686870,-0.0002602564102564103,0.05351213356753525,0.8177658582470922,0.08737102521285414,69
chr09,4695842,0.0005857531760435567,0.25432834459272385,0.61574899714066,0.210596286815911,67
chr09,4703739,-0.0003935897435897435,0.11923659221064417,0.7309457159267565,0.13611487495576244,69
chr09,4703756,-0.0003935897435897435,0.11923659221064417,0.7309457159267565,0.13611487495576244,69
chr09,4707643,0.00025387931034482713,0.04933579029684879,0.8248987711822455,0.08359934334626079,69
chr09,4758912,0.00028618421052631614,0.06491542386445093,0.7996580928791315,0.0970956631527202,70
chr09,4758990,-0.00030701754385964875,0.07705365359166809,0.7821606545664438,0.1067040343752652,71
chr09,4759002,-0.00030701754385964875,0.07705365359166809,0.7821606545664438,0.1067040343752652,71
chr09,4779916,-0.00048319327731092426,0.1824945452960696,0.6706079345907803,0.17353131233188437,69
chr09,4780126,0.00027280405405405385,0.05829002323689563,0.809956705567995,0.09153819474534,69
chr09,4790290,0.0005189393939393936,0.20967871472327737,0.6485009754336079,0.18808936634148204,69
chr09,4796122,0.0004684343434343433,0.18165863640397376,0.671317918854382,0.17307176044844824,69
chr09,4926617,0.00023883928571428564,0.04435794702228766,0.8338479177246683,0.07891315141953882,67
chr09,4933558,0.00022415329768270923,0.03765598246950035,0.8467407431981464,0.0722495424836744,67
chr09,4969526,0.000434634974533107,0.1464558980299634,0.7031568985862309,0.15294775807059108,69
chr09,4973960,0.00025657894736842116,0.048086386807746004,0.8271250657797584,0.08242881780969313,66
chr09,5111737,-0.0014995238095238102,1.6133154184045397,0.20855437805993185,0.6807806888327144,67
chr09,5114194,-0.0018902777777777787,2.6424633231826253,0.10873719705596044,0.9636218660999756,69
chr09,5114238,-0.0018902777777777787,2.6424633231826253,0.10873719705596044,0.9636218660999756,69
chr09,5163034,-0.0027822727272727274,6.128185155772728,0.01583912446467472,1.8002688284706103,69
chr09,5163067,-0.0027822727272727274,6.128185155772728,0.01583912446467472,1.8002688284706103,69
chr09,5208306,0.002641304347826087,5.241727579504667,0.025208528956248272,1.5984524968393878,69
chr09,5279715,-0.001876923076923077,2.803773982369719,0.09908044770572601,1.0040120396751486,64
chr09,5279883,-0.001917832167832168,2.8699689458910784,0.09482256946719164,1.0230882805051087,70
chr09,5279926,-0.001917832167832168,2.8699689458910784,0.09482256946719164,1.0230882805051087,70
chr09,5283022,0.0012038461538461537,1.0872267482760904,0.3010092599800133,0.5214201439531205,66
chr09,5283115,0.0012038461538461537,1.0872267482760904,0.3010092599800133,0.5214201439531205,66
chr09,5283171,0.0012038461538461537,1.0872267482760904,0.3010092599800133,0.5214201439531205,66
chr09,5283182,0.0012038461538461537,1.0872267482760904,0.3010092599800133,0.5214201439531205,66
chr09,5285390,-0.0017917795844625114,2.590925866316182,0.11225060281882687,0.9498113180289856,68
chr09,5310609,0.0023614982578397223,4.730993901572875,0.03315732235358682,1.4794205485082361,69
chr09,5314190,-0.0023198380566801613,4.06589310481474,0.048094837785695975,1.3179015357155568,64
chr09,5314479,-0.00231912681912682,3.954445158049445,0.05123913943592144,1.2903981728650777,63
chr09,5314505,-0.00231912681912682,3.954445158049445,0.05123913943592144,1.2903981728650777,63
chr09,5345747,0.0022583333333333335,3.8841052139675987,0.05300644095692646,1.2756713548880338,67
chr09,5352415,-0.0017678571428571428,2.5601117658931947,0.1143672503885602,0.9416983200512735,68
chr09,5407505,-0.002187258687258687,3.7465867384644556,0.05740613050013011,1.2410417260652784,65
chr09,5428093,0.0020048629531388153,3.1405490478781717,0.08098346108555296,1.0916036662162092,68
chr09,5476116,-0.002451765719207579,4.887004320056632,0.030426920339874465,1.5167420025246081,70
chr09,5476138,0.0026198568872987473,5.449022617943512,0.022585929175757684,1.6461620380402218,69
chr09,5477000,0.002458333333333334,4.568709882492879,0.03638725281031922,1.4390507318376806,66
chr09,5502172,0.002652097902097901,5.708050207813126,0.019667025638536402,1.7062613160565319,70
chr09,5507652,-0.0025875,5.200637133863365,0.02602801058577585,1.584559025307511,64
chr09,5536889,0.002866396761133604,6.323229199389944,0.014524989061688373,1.8378841859909996,64
chr09,5546313,-0.00280780487804878,5.999145912782992,0.0170608039212276,1.7680005083193144,66
chr09,5611756,0.002689177101967799,5.791122393623466,0.018871499146115897,1.724193598243941,69
chr09,5613599,0.0024259259259259264,4.629500331777595,0.03509035096070043,1.4548122881102328,68
chr09,5682681,0.002284444444444445,4.072400126578722,0.047536916263857254,1.3229689945268182,70
chr09,5721542,0.002320804195804195,4.477753235785337,0.038002849073284786,1.42018384310889,70
chr09,5728095,-0.0022831818181818187,3.9758154407221022,0.050230617277166933,1.29903148482233,69
chr09,5949515,-0.0020862691960252945,3.5212263798964165,0.06500974909978793,1.1870215100840065,68
chr09,6012225,0.0025744101633393833,5.439900297312083,0.02278978703923253,1.642259733095987,67
chr09,6015379,0.002870833333333333,7.211930852564719,0.009091536344386789,2.041362720792299,70
chr09,6023259,-0.002676209677419355,6.311915255830596,0.014335011561971884,1.8436019524350715,71
chr09,6029941,0.00249624060150376,5.010388545638902,0.028681456328292596,1.5423988007279552,66
chr09,6084776,0.0026692307692307684,5.658384923568153,0.020366712480237595,1.6910790675593337,66
chr09,6085490,0.002910569105691057,6.782131809733953,0.011363826662736033,1.9444753993763615,68
chr09,6109121,0.0027746138996138994,6.203773564162196,0.015395830906983292,1.8125968674246382,65
chr09,6162703,-0.002744047619047619,6.33508082457505,0.014200242198615574,1.8477042482489685,70
chr09,6163988,-0.0029690766550522656,7.733688898897155,0.007030918087793805,2.1529879616900724,69
chr09,6174650,0.00272027027027027,5.989351573501306,0.01710378038019092,1.7669078886252152,67
chr09,6174790,-0.0021827485380116964,3.6688967595350945,0.05997830816435051,1.2220057887473743,65
chr09,6191181,0.00216869918699187,3.9844617550921044,0.04986989480318235,1.302161547892437,71
chr09,6200177,-0.002294642857142858,4.536979235509562,0.03690250737333724,1.4329441243176562,68
chr09,6209767,-0.002083333333333333,3.6164211045826415,0.06144914099624073,1.211484183781597,70
chr09,6209855,0.0020833333333333324,3.6164211045826415,0.06144914099624073,1.211484183781597,70
chr09,6229228,-0.002536637931034482,5.536249026577475,0.02157051185103465,1.6661395493136602,69
chr09,6246078,-0.0023095037846930203,4.420251421233587,0.03921994745419583,1.406492992523617,70
chr09,6275697,0.002309503784693019,4.420251421233587,0.03921994745419583,1.406492992523617,70
chr09,6296094,0.002309503784693019,4.420251421233587,0.03921994745419583,1.406492992523617,70
chr09,6296095,0.002309503784693019,4.420251421233587,0.03921994745419583,1.406492992523617,70
chr09,6340576,0.002296120689655173,4.301653509383143,0.04192159164372955,1.377562236783717,69
chr09,6340588,0.002296120689655173,4.301653509383143,0.04192159164372955,1.377562236783717,69
chr09,6379933,-0.001979440789473686,3.275217752052035,0.07475281183117757,1.1263724666851767,70
chr09,6379944,0.001979440789473686,3.2752177520520336,0.07475281183117757,1.1263724666851767,70
chr09,6379958,0.001979440789473686,3.2752177520520336,0.07475281183117757,1.1263724666851767,70
chr09,6426344,-0.0017612903225806453,2.5697564476165993,0.11384885995196863,0.9436713139205828,66
chr09,6435814,0.001474369747899159,1.737596897463891,0.1919325192747316,0.7168514361812902,69
chr09,6435852,-0.0014743697478991594,1.737596897463891,0.1919325192747316,0.7168514361812902,69
chr09,6447129,-0.0017184873949579826,2.516854856569616,0.11734374583418979,0.9305400523975695,69
chr09,6447154,-0.0017184873949579826,2.516854856569616,0.11734374583418979,0.9305400523975695,69
chr09,6447162,-0.0017184873949579826,2.516854856569616,0.11734374583418979,0.9305400523975695,69
chr09,6447171,-0.0017184873949579826,2.516854856569616,0.11734374583418979,0.9305400523975695,69
chr09,6447267,-0.00182900432900433,2.7941597441634447,0.09934357731732492,1.002860205311185,68
chr09,6449921,-0.001676470588235294,2.329437069546134,0.1317260163666385,0.8803284418292314,68
chr09,6449948,-0.001677361853832443,2.262306635354198,0.1374002065119129,0.8620126145332601,67
chr09,6469585,0.0014531250000000002,1.6880513369350965,0.19844767097361213,0.7023539937043811,67
chr09,6482042,0.0011880952380952374,1.177901407833678,0.28156101745411866,0.5504274740913533,71
chr09,6516009,0.0011144674085850563,1.032645909921878,0.3130880883290966,0.5043334551277381,71
chr09,6516220,-0.0010089869281045742,0.8315873843952348,0.36503554826241336,0.4376648405778724,70
chr09,6520182,0.0012178542178542184,1.2061991110468615,0.2759597787310712,0.5591542119495092,70
chr09,6551763,-0.0012178542178542184,1.2061991110468615,0.2759597787310712,0.5591542119495092,70
chr09,6613449,-0.0011144674085850563,1.032645909921878,0.3130880883290966,0.5043334551277381,71
chr09,6624108,-0.0014808035714285708,1.7460860891685654,0.19100200268100187,0.7189620790939041,67
chr09,6624319,0.0009184027777777773,0.6734435299215095,0.4148077952691418,0.38215309073390646,68
chr09,6646358,-0.0013419117647058818,1.4615749471133856,0.23112717968861574,0.636148980117143,66
chr09,6691167,-0.0012260101010101011,1.1984896684667943,0.277543757750783,0.5566685359591272,69
chr09,6734646,0.00153030303030303,1.8753956425243712,0.17543122687513915,0.7558930993822007,69
chr09,6734702,-0.00153030303030303,1.8753956425243712,0.17543122687513915,0.7558930993822007,69
chr09,6734704,0.00153030303030303,1.8753956425243712,0.17543122687513915,0.7558930993822007,69
chr09,6741597,-0.0016523809523809523,1.9652171575110229,0.16647510585953434,0.7786507002726486,58
chr09,6747467,0.0017058823529411764,2.3880224578914517,0.12705000772332847,0.8960253042129913,68
chr09,6799218,0.001223434535104364,1.1259976128037688,0.29268174169941363,0.5336043692181381,65
chr09,6815378,0.0016060606060606063,2.0946471599730674,0.1524787797458118,0.8167905922552043,69
chr09,6815412,-0.0016060606060606063,2.0946471599730674,0.1524787797458118,0.8167905922552043,69
chr09,6815432,0.0016060606060606063,2.0946471599730674,0.1524787797458118,0.8167905922552043,69
chr09,6818235,0.0012714285714285711,1.323995870409518,0.2539064302915356,0.5953263002890654,70
chr09,6826476,0.0013428571428571424,1.4695690456390926,0.2296088791956089,0.6390113213651158,70
chr09,6826561,-0.0017058823529411764,2.3880224578914517,0.12705000772332847,0.8960253042129913,68
chr09,6900435,-0.001828138528138529,2.781832557645482,0.10007730036510458,0.9996644184660316,68
chr09,6907080,0.0014848484848484847,1.815307918581436,0.18262369456734825,0.7384428754750237,66
chr09,6922476,-0.0016999151103565362,2.334953084469671,0.13120637615351877,0.8820450593124691,69
chr09,6922570,-0.0016999151103565362,2.334953084469671,0.13120637615351877,0.8820450593124691,69
chr09,6931233,0.0011883223684210531,1.1912577874260748,0.2789281586740494,0.554507640128175,70
chr09,6946627,-0.0017725694444444438,2.576540310991651,0.11323321972699382,0.9460261435749607,68
chr09,6986610,0.0013174342105263161,1.4129107380277972,0.23870842172224274,0.6221322586514848,70
chr09,6992424,-0.0013886217948717954,1.6034067421993359,0.20967939218774664,0.6784442509792844,71
chr09,7002692,0.0015218390804597696,1.6780878273290947,0.2004006290295741,0.6981009196129544,59
chr09,7002708,-0.0015218390804597696,1.6780878273290947,0.2004006290295741,0.6981009196129544,59
chr09,7002952,0.00170026525198939,2.2367340724078337,0.1395319315255759,0.8553263938352357,68
chr09,7006080,-0.001531048387096774,1.9460926288303633,0.16748293243316972,0.7760294437182624,71
chr09,7006102,0.001531048387096774,1.9460926288303633,0.16748293243316972,0.7760294437182624,71
chr09,7006964,-0.0017048872180451123,2.3210221968825175,0.13256246324258428,0.8775794345621448,66
chr09,7007315,0.0016541666666666666,2.219025575269119,0.14094287472828507,0.8509568747012534,70
chr09,7038145,0.0014884201819685687,1.7960172682159339,0.1846556342932317,0.7336374364282287,70
chr09,7038231,0.001611538461538462,2.0566571661740114,0.15619321087891747,0.8063378471674362,69
chr09,7038297,0.001611538461538462,2.0566571661740114,0.15619321087891747,0.8063378471674362,69
chr09,7038313,0.001611538461538462,2.0566571661740114,0.15619321087891747,0.8063378471674362,69
chr09,7078060,0.0017413461538461539,2.272428677133395,0.13661400097813786,0.8645047894103327,66
chr09,7234171,-0.0015948717948717952,2.0093529709341342,0.16096586680723024,0.7932662073773152,69
chr09,7296311,0.0018375000000000002,2.700697760178057,0.10498946247475058,0.9788542877750269,69
chr09,7296379,0.0018375000000000002,2.700697760178057,0.10498946247475058,0.9788542877750269,69
chr09,7305745,-0.001531048387096774,1.9460926288303633,0.16748293243316972,0.7760294437182624,71
chr09,7308346,-0.001216666666666667,1.182741862309594,0.2806383072059252,0.5518530479454066,70
chr09,7310216,-0.0012499999999999994,1.176163431138323,0.2822712951618625,0.549333284044551,65
chr09,7329355,0.0012739837398373977,1.324882628586666,0.25369080555208734,0.5956952725116241,71
chr09,7341195,0.0012666666666666662,1.293498799184249,0.25939591425231034,0.5860368687748779,70
chr09,7341222,0.0012666666666666662,1.293498799184249,0.25939591425231034,0.5860368687748779,70
chr09,7341712,0.0004714640198511164,0.17657476038782838,0.6756583881968157,0.1702728271649868,70
chr09,7343044,-0.0006517543859649122,0.31958655387703555,0.5737730057241511,0.2412598878446675,68
chr09,7385835,0.0006650124069478901,0.3517248133844664,0.555105768583519,0.255624259515602,70
chr09,7385849,0.0006650124069478901,0.3517248133844664,0.555105768583519,0.255624259515602,70
chr09,7395756,0.0007564102564102561,0.4425104666654779,0.5081967398592369,0.2939681253259586,69
chr09,7431594,-0.0007380268199233713,0.4002456641284582,0.5292520402720039,0.2763374590956738,65
chr09,7455350,0.0005637019230769232,0.2591949678979873,0.6122980372688058,0.21303713269997387,71
chr09,7455477,0.0006650124069478901,0.3517248133844664,0.555105768583519,0.255624259515602,70
chr09,7508483,-0.0009010416666666659,0.6363672972735255,0.4278901643216504,0.368667696292246,68
chr09,7508497,-0.0009010416666666659,0.6363672972735255,0.4278901643216504,0.368667696292246,68
chr09,7516416,0.0009065656565656567,0.6500368905132777,0.4229520331856601,0.3737088829890148,69
chr09,7572779,0.0005597402597402602,0.24840699624395046,0.6198559266775956,0.20770924198555005,68
chr09,7614729,-0.00022544642857142875,0.041601443608020386,0.839018634723427,0.07622839332185682,67
chr09,7644694,-0.0006128472222222219,0.30155661362697833,0.5847614034845052,0.23302130022063836,68
chr09,7644992,0.0009787878787878791,0.7500269822996105,0.38960507242591014,0.4093753975012194,68
chr09,7659767,0.0005869047619047615,0.2837741668528123,0.5959495661684261,0.22479049204085993,71
chr09,7697345,-0.00012967914438502708,0.013185032620281936,0.9089369390062233,0.04146624658181608,67
chr09,7697639,5.0840336134453355e-05,0.0021073555712261415,0.9635217713608081,0.016138467749536152,69
chr09,7702497,-2.6654411764705814e-05,0.0005173815407121566,0.9819236351063148,0.007922286287930336,66
chr09,7813468,0.00010833333333333361,0.008878228885271745,0.9252253159072255,0.03375249262386189,66
chr09,7814683,0.00024909909909909907,0.04804343613683932,0.8271903320403267,0.08239455012788191,67
chr09,7814728,4.095004095003762e-06,1.3960010809967616e-05,0.9970298026927962,0.0012918597910720115,70
chr09,7814739,4.095004095003762e-06,1.3960010809967616e-05,0.9970298026927962,0.0012918597910720115,70
chr09,7814775,4.095004095003762e-06,1.3960010809967616e-05,0.9970298026927962,0.0012918597910720115,70
chr09,7816937,0.00014254577157802957,0.01545421682293486,0.9014437264005106,0.045061379398090046,68
chr09,7820272,0.00016976351351351347,0.02262497038319441,0.8808883482409569,0.055079134511597676,69
chr09,7828923,0.00020545977011494226,0.032220244336608916,0.85812120684341,0.06645136512855575,65
chr09,7829916,0.0001541385135135134,0.01871062996394657,0.8916095188061396,0.049825303647482264,69
chr09,7842712,0.0004603365384615387,0.17263757414048708,0.6790675725268387,0.16808700787650996,71
chr09,7842958,0.0002450716845878133,0.0458918225183562,0.831043181938406,0.08037640919985041,67
chr09,7853285,0.00033456221198156685,0.08174441308258677,0.7758705961039112,0.11021070668558407,66
chr09,7893469,0.00022208931419457744,0.0402986996363206,0.8414882429845483,0.07495194747497132,71
chr09,7919247,-8.571428571428554e-05,0.005502824200780354,0.9411013834858774,0.026363588138388204,65
chr09,7999228,0.0005402597402597404,0.23549799316225267,0.6290837787727617,0.2012915131623235,68
chr09,7999238,0.0004138392857142855,0.13557905765684633,0.7139126410814001,0.14635492802418704,67
chr09,8001821,0.0008044515103338638,0.5342129795365481,0.4673157326036964,0.33038959781592314,71
chr09,8001828,-0.0008044515103338636,0.5342129795365481,0.4673157326036964,0.33038959781592314,71
chr09,8001829,-0.0008044515103338636,0.5342129795365481,0.4673157326036964,0.33038959781592314,71
chr09,8085818,0.000696180555555555,0.3755459825644378,0.5421025744485468,0.26591853024727335,68
chr09,8090400,-0.0007968613775065383,0.5168154319567515,0.4747409257296251,0.32354332768249705,68
chr09,8090629,0.0005733590733590733,0.24502400067371827,0.6223228545228799,0.20598424945596877,65
chr09,8207370,0.0009178571428571425,0.5751105081641215,0.451155405702407,0.345673834588771,63
chr09,8338419,-6.189213085764834e-05,0.0028306102436826703,0.957730495359533,0.01875668387005433,68
chr09,8364489,0.0001487179487179485,0.016941013197180794,0.8968316946854813,0.04728905185846929,69
chr09,8406537,-3.735144312393888e-05,0.0011259723688331724,0.9733313656970495,0.011739281217590937,69
chr09,8412395,0.00010752688172043015,0.009531968486277229,0.9225118781615478,0.03502803320488652,70
chr09,8455338,6.178861788617869e-05,0.0030579185865390835,0.9560605064176061,0.0195146215609813,71
chr09,8455348,6.178861788617869e-05,0.0030579185865390835,0.9560605064176061,0.0195146215609813,71
chr09,8455410,-0.0001422413793103451,0.015560076379431704,0.9011028723176141,0.04522562596925311,69
chr09,8455442,-0.0001422413793103451,0.015560076379431704,0.9011028723176141,0.04522562596925311,69
chr09,8462733,0.00042063492063492043,0.1269802615461787,0.7227935858967562,0.14098571004304392,64
chr09,8462755,-0.00042063492063492043,0.1269802615461787,0.7227935858967562,0.14098571004304392,64
chr09,8466507,-0.0004824074074074075,0.1755077244709975,0.6766437741775941,0.1696399097865406,67
chr09,8466535,-0.0004824074074074075,0.1755077244709975,0.6766437741775941,0.1696399097865406,67
chr09,8491155,-0.00051975051975052,0.20010307735963972,0.6562220946272922,0.1829491512538844,63
chr09,8526505,0.00017020335985853236,0.022739484402004066,0.8805964496455527,0.055223069844530216,68
chr09,8526727,-1.3793103448275975e-05,0.000145516661522036,0.9904111772413343,0.004184467085222103,69
chr09,8533162,0.00018333333333333312,0.026406410968224048,0.8713936669288715,0.059785600732419175,70
chr09,8600858,1.850294365012599e-05,0.0002676229818959104,0.9869957444565784,0.005684719835945584,70
chr09,8667329,0.00010517241379310345,0.008427140525704445,0.9271312980687069,0.03285875777689095,69
chr09,8672495,-3.5744322960471004e-05,0.0010015645036895607,0.9748458669432131,0.011064045252890913,70
chr09,8672500,-3.5744322960471004e-05,0.0010015645036895607,0.9748458669432131,0.011064045252890913,70
chr09,8676591,-1.9451812555260934e-05,0.000293384827893492,0.9863857933697204,0.005953191385528349,68
chr09,8676761,-0.00015391084945332208,0.01835463690433371,0.8926331929157248,0.04932696778440799,70
chr09,8677371,-0.000183333333333333,0.026406410968224048,0.8713936669288715,0.059785600732419175,70
chr09,8685999,0.00044999999999999966,0.1606095282239951,0.6898903899578255,0.1612199046509641,68
chr09,8698054,-0.000742914979757085,0.40836691923578217,0.525153498461858,0.27971373699139845,64
chr09,8698080,-0.0005165165165165168,0.19791242257042063,0.6579604418051519,0.18180021645014066,64
chr09,8729073,0.00018333333333333312,0.026406410968224048,0.8713936669288715,0.059785600732419175,70
chr09,8730755,0.00011138211382113848,0.009937637852332556,0.9208813340838338,0.035796329925769865,71
chr09,8732582,0.00018623481781376513,0.02559048974445398,0.8734245257039325,0.05877461728262435,64
chr09,8732606,0.00018623481781376513,0.02559048974445398,0.8734245257039325,0.05877461728262435,64
chr09,8737149,0.00013928571428571427,0.014646227855159628,0.9040416197763849,0.04381157525124444,68
chr09,8737184,-0.00013928571428571427,0.014646227855159628,0.9040416197763849,0.04381157525124444,68
chr09,8752829,-0.00011138211382113848,0.009937637852332556,0.9208813340838338,0.035796329925769865,71
chr09,8788503,-0.0006968864468864469,0.3901821453241376,0.5343902426168063,0.2721414802038531,67
chr09,8800583,-0.00018858885017421594,0.026823268053743524,0.8703988777315839,0.06028167761291572,69
chr09,8800607,-0.00018858885017421594,0.026823268053743524,0.8703988777315839,0.06028167761291572,69
chr09,8800631,-0.00018858885017421594,0.026823268053743524,0.8703988777315839,0.06028167761291572,69
chr09,8804512,4.2338709677419146e-05,0.0014474068737161214,0.9697618214508007,0.013334917621632247,71
chr09,8839267,0.0005922077922077926,0.2926777502532298,0.5903310129461021,0.2289044005877767,68
chr09,8842454,-0.00044097222222222205,0.15863178790203056,0.6917048534971917,0.16007917698916174,68
chr09,8846543,-0.00034252971137521264,0.09243592930640165,0.7620451664284944,0.11801928725706025,69
chr09,8873297,0.00012162162162162185,0.011327769994717945,0.9155624532553389,0.038312025825337166,68
chr09,8873422,0.00019974662162162177,0.03178282595972887,0.8590430912035336,0.06598505060119776,69
chr09,8909747,6.100478468899499e-05,0.00303898852488006,0.956196581250432,0.019452813397734758,71
chr09,8909763,6.100478468899499e-05,0.00303898852488006,0.956196581250432,0.019452813397734758,71
chr09,8924030,-5.912162162162171e-05,0.0027178528343373125,0.9585778185733643,0.018372624773236125,69
chr09,8929006,0.0002941426146010183,0.06762391055145454,0.7956257919497951,0.09929114671412512,69
chr09,8929261,-0.0006284029038112522,0.2987540790082022,0.5865360288186895,0.23170530556624705,67
chr09,8929286,-0.0004473684210526315,0.153607447633825,0.6963742105267674,0.157157320888003,68
chr09,8941247,0.0009399164054336469,0.6406028716961899,0.42665038248219567,0.36992786069621403,62
chr09,8988559,-0.000206081081081081,0.0318463861498115,0.8589378456736124,0.06603826138132438,65
chr09,9027741,0.0007799831081081074,0.4971565254398898,0.48319627806378673,0.3158764196323402,69
chr09,9027877,-0.000779983108108108,0.49715652543989197,0.48319627806378673,0.3158764196323402,69
chr09,9042694,0.0008417611159546642,0.5687213912128288,0.4534497290569355,0.34347085326393906,68
chr09,9236282,0.0003353269537480062,0.09193848643506597,0.7626394227437849,0.11768074871149076,71
chr09,9242320,-7.017543859649099e-05,0.00373396292097028,0.9514593289725771,0.021609771307904358,68
chr09,9242394,-7.017543859649099e-05,0.00373396292097028,0.9514593289725771,0.021609771307904358,68
chr09,9263947,0.0003737331081081078,0.10979610674935733,0.7414105789132159,0.129941221474979,69
chr09,9378522,0.00035701754385964883,0.10096712514792298,0.7516752795748682,0.12396973220802245,68
chr09,9383078,-2.450090744101632e-05,0.0004343810477087639,0.9834356928893739,0.007254033443057242,67
chr09,9414083,-3.333333333333338e-05,0.0008567528384207772,0.9767373119992341,0.010222221633261344,68
chr09,9490304,-0.0002272325375773654,0.0388623982823083,0.8443273582202888,0.07348913832169947,68
chr09,9506766,-0.0006515594541910332,0.3110828437607588,0.5789930544605542,0.2373266459919893,65
chr09,9521633,-0.0005375000000000002,0.22933849249078767,0.6335511392119324,0.19821832382525864,70
chr09,9539135,-0.00038588709677419403,0.12044373784479921,0.729609999029978,0.13690922279670797,71
chr09,9629793,0.00024687500000000024,0.042669813516984574,0.8370476341325682,0.07724982677103415,62
chr09,9637357,-0.00023846153846153847,0.044177807818383,0.8341610264771139,0.07875010504560587,69
chr09,9655336,0.00038588709677419403,0.12044373784479921,0.729609999029978,0.13690922279670797,71
chr09,9742564,-0.00020628183361629912,0.03324173269564508,0.8558796643119552,0.06758729233108103,69
chr09,9756989,-0.00015949820788530478,0.019150720689231966,0.8903630939344729,0.050432850057882714,67
chr09,9757237,0.00020628183361629912,0.03324173269564508,0.8558796643119552,0.06758729233108103,69
chr09,9769397,-8.252032520325208e-05,0.005454386403891579,0.9413403901286885,0.026253306621983507,71
chr09,9840357,0.0001252122241086591,0.012655553611717068,0.9107658008390946,0.040593285463261165,69
chr09,9840417,0.0001252122241086591,0.012655553611717068,0.9107658008390946,0.040593285463261165,69
chr09,9894666,-0.0001083333333333336,0.009218090623167667,0.9237943196847485,0.03442471251289019,70
chr09,9894687,-0.0001083333333333336,0.009218090623167667,0.9237943196847485,0.03442471251289019,70
chr09,9894790,-0.0001772357723577236,0.025168124707244673,0.8744122651300839,0.05828375929147671,71
chr09,9906647,-9.72222222222225e-05,0.00752347783187586,0.931163881061057,0.030973878226938572,63
chr09,9917353,-0.00017628205128205149,0.022858702766313674,0.8802933422406051,0.055372582750220826,67
chr09,9917360,-0.00017628205128205149,0.022858702766313674,0.8802933422406051,0.055372582750220826,67
chr09,9928290,-0.00028072502210433226,0.06189621602270978,0.8042961734865198,0.09458399748873304,68
chr09,9928715,-0.00015384615384615358,0.017086676460616988,0.8964164741377078,0.04749017069860387,65
chr09,9993174,0.00020948275862068993,0.03368828934835359,0.8549257711834518,0.06807159119566174,69
chr09,9998097,-7.083333333333346e-05,0.003969707247220431,0.949946873639293,0.02230068221689757,70
chr09,9998153,-7.083333333333346e-05,0.003969707247220431,0.949946873639293,0.02230068221689757,70
chr09,9999773,9.298245614035057e-05,0.006584518294933948,0.935572173672476,0.02892270370791488,68
chr09,9999811,-9.298245614035057e-05,0.006584518294933948,0.935572173672476,0.02892270370791488,68
chr09,10009467,6.533101045296192e-05,0.0033931750305427866,0.9537221109940668,0.020578148610822144,69
chr09,10020409,-0.0001083333333333336,0.009218090623167667,0.9237943196847485,0.03442471251289019,70
chr09,10027277,-0.00020732758620689646,0.034434875517982494,0.8533454732837387,0.06887511095941208,69
chr09,10031247,-0.0003301093355761149,0.08553028149942395,0.7708287972223516,0.11304206900212534,70
chr09,10033051,-6.533101045296192e-05,0.0033931750305427866,0.9537221109940668,0.020578148610822144,69
chr09,10038166,-2.564102564102622e-06,5.098678840994739e-06,0.9982050676950736,0.000780229634773492,69
chr09,10038210,-2.564102564102622e-06,5.098678840994739e-06,0.9982050676950736,0.000780229634773492,69
chr09,10038340,0.0001772357723577236,0.025168124707244673,0.8744122651300839,0.05828375929147671,71
chr09,10043760,0.00011826923076923116,0.010279800910394557,0.9195583669420976,0.036420699665280235,66
chr09,10045054,-0.00014642857142857103,0.016455999047164094,0.8983167402989787,0.04657050708537862,68
chr09,10056869,-0.0003301093355761149,0.08553028149942395,0.7708287972223516,0.11304206900212534,70
chr09,10059996,-0.0001083333333333336,0.009218090623167667,0.9237943196847485,0.03442471251289019,70
chr09,10060061,-0.0001083333333333336,0.009218090623167667,0.9237943196847485,0.03442471251289019,70
chr09,10069384,1.9943019943019833e-05,0.0002920061999173287,0.9864194225071432,0.005938385109979447,66
chr09,10080332,-0.00045231481481481495,0.15047377055629496,0.6993504928749041,0.15530511470942193,67
chr09,10085141,7.982456140350878e-05,0.004841932664546593,0.9447351767005635,0.02468991362386512,68
chr09,10085181,-7.982456140350878e-05,0.004841932664546593,0.9447351767005635,0.02468991362386512,68
chr09,10102892,-0.00040340340340340317,0.1267846933241572,0.7229981307190196,0.1408628255539676,64
chr09,10112869,0.0001034482758620689,0.007980158375451008,0.9290929613574905,0.03194083004859758,67
chr09,10113130,5.580762250453761e-05,0.002312936431260629,0.9617895942657047,0.016919925928702707,67
chr09,10118033,-0.00019413919413919476,0.02789645866156929,0.8678709981127206,0.06154482432973822,67
chr09,10162687,6.982758620689617e-05,0.0038594436500129963,0.950648708138998,0.021979937638505514,69
chr09,10162693,6.982758620689617e-05,0.0038594436500129963,0.950648708138998,0.021979937638505514,69
chr09,10162701,-6.982758620689617e-05,0.0038594436500129963,0.950648708138998,0.021979937638505514,69
chr09,10163043,-0.0004106170598911071,0.13156187449548273,0.7179948871623458,0.14387864835531256,67
chr09,10163451,0.00020732758620689668,0.034434875517982494,0.8533454732837387,0.06887511095941208,69
chr09,10164759,0.0005117595818815335,0.20206505690575188,0.6545099960927228,0.18408371624117228,69
chr09,10164760,0.0005117595818815335,0.20206505690575188,0.6545099960927228,0.18408371624117228,69
chr09,10164828,0.0005117595818815335,0.20206505690575188,0.6545099960927228,0.18408371624117228,69
chr09,10164950,0.0003473507148864592,0.09501076998898848,0.7588433698126287,0.1198478560489866,70
chr09,10192082,-0.00026619007569386087,0.055298141548587657,0.8147947101357449,0.08895179921815911,70
chr09,10210427,-0.0006767857142857144,0.3583650146635742,0.5514647731296876,0.25848222451847075,68
chr09,10266048,-0.0004717741935483873,0.18018027470070844,0.6725389894760215,0.17228253300072416,71
chr09,10266075,0.0004717741935483873,0.18018027470070844,0.6725389894760215,0.17228253300072416,71
chr09,10318691,-0.0003908918406072106,0.11345813807174075,0.7373604566037553,0.13232015658516252,65
chr09,10333899,0.0003425297113752126,0.09243592930640165,0.7620451664284944,0.11801928725706025,69
chr09,10378253,0.000307692307692308,0.07702238819257476,0.7822037157973916,0.10668012529712,71
chr09,10413040,-0.00033995037220843703,0.09110608968398892,0.763696880791546,0.11707898320620833,70
chr09,10423644,-0.00014864864864864885,0.017252974100321644,0.8958916099659228,0.04774453056239358,69
chr09,10423690,0.0001486486486486485,0.017252974100321235,0.8958916099659228,0.04774453056239358,69
chr09,10423702,0.0001486486486486485,0.017252974100321235,0.8958916099659228,0.04774453056239358,69
chr09,10436182,-0.00023076923076923076,0.04216265468566595,0.8379234816523621,0.07679563890365079,70
chr09,10442348,-0.0003092105263157892,0.06779791530891996,0.7954063384969654,0.09941095249601867,66
chr09,10442386,-0.00037386569872958274,0.10246358514896485,0.7499197337304773,0.12498521802618658,67
chr09,10442419,-0.00037386569872958274,0.10246358514896485,0.7499197337304773,0.12498521802618658,67
chr09,10480130,-0.00016546474358974372,0.022256157502946208,0.8818428538248864,0.054608800125871035,71
chr09,10495388,-7.307692307692298e-05,0.004259983724691016,0.9481545395579836,0.023120871303933692,69
chr09,10509041,-0.00016765704584040735,0.022693232067574152,0.8807101709077277,0.05516698816502027,69
chr09,10509049,-0.00016765704584040735,0.022693232067574152,0.8807101709077277,0.05516698816502027,69
chr09,10509052,-0.00016765704584040735,0.022693232067574152,0.8807101709077277,0.05516698816502027,69
chr09,10519745,-9.292763157894756e-05,0.006872960548106995,0.9341719748816496,0.029573165668252653,70
chr09,10584583,6.418918918918968e-05,0.0032146683263566908,0.9549651723693584,0.020012466870300775,65
chr09,10612295,-0.0005600000000000002,0.2297158085422541,0.6333942017020027,0.19832591661985474,65
chr09,10631572,0.0004999999999999999,0.2051591491929392,0.6520303132172045,0.18573221322983538,70
chr09,10637147,0.00029764065335753165,0.06881463771390403,0.7939001530705969,0.10023411431999334,67
chr09,10645014,0.0003253968253968257,0.07766632884225569,0.7814126213046964,0.10711957837010744,64
chr09,10645026,0.0003253968253968257,0.07766632884225569,0.7814126213046964,0.10711957837010744,64
chr09,10645360,-0.000397435897435898,0.12780589589973895,0.7218415971880243,0.1415580946945109,69
chr09,10651428,0.00039695340501792097,0.11907322349102857,0.7311559819743136,0.1359899624617187,67
chr09,10651467,0.00039695340501792097,0.11907322349102857,0.7311559819743136,0.1359899624617187,67
chr09,10664831,0.0008564102564102569,0.5767888958993659,0.4502376475207601,0.3465581934160612,69
chr09,10686156,-0.0007580645161290327,0.46714205000213876,0.49659369657202934,0.30399879738990987,71
chr09,10695119,0.0006918918918918922,0.3523976500756797,0.5548192571137711,0.25584847349437795,67
chr09,10724521,0.0012179487179487187,1.226906987875375,0.2718557559190888,0.5656614673801847,71
chr09,10730608,0.0008571428571428575,0.5620659526747668,0.45613400640005586,0.3409075483656234,67
chr09,10734892,0.0007672413793103454,0.4290453902680742,0.5149202616346007,0.28826001875157137,63
chr09,10737734,0.0010095119933829617,0.8345367900082161,0.3641916939718767,0.43866996327288116,70
chr09,10756103,-0.0009041385135135134,0.641689938946378,0.4259311788219404,0.3706605677339396,69
chr09,10757980,0.0011303056027164688,1.0159352558004635,0.3171114859812881,0.4987880272635077,69
chr09,10758129,-0.0011303056027164688,1.0159352558004635,0.3171114859812881,0.4987880272635077,69
chr09,10773659,0.0009695723684210532,0.7550946354832666,0.38792477086501675,0.41125248772010037,70
chr09,10773692,0.0009695723684210532,0.7550946354832666,0.38792477086501675,0.41125248772010037,70
chr09,10773808,-0.0007733664185277091,0.4966133939332216,0.4833986726647752,0.31569454642972383,70
chr09,10791514,0.0007795138888888896,0.47004596964322654,0.49536721992577204,0.30507273549013214,68
chr09,10791531,0.0007795138888888896,0.47004596964322654,0.49536721992577204,0.30507273549013214,68
chr09,10791626,-0.0008906249999999998,0.623819949964416,0.43241775742705835,0.3640964798569449,69
chr09,10791732,-0.001324652777777778,1.3804860068760687,0.24423995917382701,0.6121832813043141,68
chr09,10801352,0.0012458881578947373,1.311749661410391,0.2560930760799154,0.5916021632767305,70
chr09,10808486,-0.0011922406277244993,1.1448830129312606,0.2885204432487126,0.5398234092827405,68
chr09,10857217,-0.0014764752791068582,1.827197371045641,0.18087366850935932,0.7426246528938674,71
chr09,10941335,-0.0012829768270944748,1.2614379123224944,0.2655103675765351,0.5759185160387419,67
chr09,10966710,0.0016521360069747162,2.1500449036445377,0.14731432255276333,0.831755027066099,68
chr09,10967684,-0.0012138888888888891,1.1334080344261799,0.29104976948297406,0.5360327403485629,66
chr09,10967724,-0.0012138888888888891,1.1334080344261799,0.29104976948297406,0.5360327403485629,66
chr09,10967769,-0.0012138888888888891,1.1334080344261799,0.29104976948297406,0.5360327403485629,66
chr09,10967778,-0.0012138888888888891,1.1334080344261799,0.29104976948297406,0.5360327403485629,66
chr09,11009910,0.0010278460278460287,0.8910186660871956,0.3485432667082017,0.457743302712924,70
chr09,11010041,0.0011936274509803909,1.1607710647394232,0.2851130191211933,0.5449829510405957,70
chr09,11011285,-0.0009619391025641029,0.7602444272547831,0.3862759419882237,0.4131023397120842,71
chr09,11022185,-0.0010729166666666665,0.9403840807539251,0.33571951988634663,0.4740234066445375,68
chr09,11042932,-0.00027321603128054717,0.059940717609166715,0.807398166691049,0.09291224105013465,64
chr09,11052091,0.0010138655462184878,0.8328152800463776,0.36473185431126487,0.4380263053797253,69
chr09,11071088,-0.0003793706293706293,0.09150018345560565,0.7633796806966324,0.11725940409188697,59
chr09,11071110,-0.00029461279461279476,0.057117012943414466,0.8119545285820315,0.0904682916194961,60
chr09,11071146,-0.00029461279461279476,0.057117012943414466,0.8119545285820315,0.0904682916194961,60
chr09,11071176,-0.0003051948051948054,0.06359576054287343,0.8017768366509083,0.09594649468066332,61
chr09,11076351,-0.001300573300573301,1.3720487028480435,0.24554830371032815,0.6098630617025617,70
chr09,11076388,0.001300573300573301,1.3720487028480435,0.24554830371032815,0.6098630617025617,70
chr09,11085792,0.001359848484848485,1.4933591124568832,0.2259779855952534,0.6459338670481046,69
chr09,11086017,0.001354017857142857,1.4317914602522719,0.2358185885048634,0.6274219644364077,67
chr09,11131154,0.0013973817567567565,1.5515316246413906,0.21724790684165815,0.6630443992360134,69
chr09,11148545,0.0013611793611793613,1.5135029870784749,0.22284438143729218,0.6519983112818262,70
chr09,11154593,0.001452020202020202,1.7127307129405507,0.19510281009010685,0.7097364753628465,69
chr09,11170497,-0.001132955536181343,1.0321172217444534,0.313371782505649,0.5039401120595448,68
chr09,11172662,0.0015909090909090903,2.0974783562618597,0.15227649710068605,0.8173671220555959,68
chr09,11176682,0.001188322368421053,1.191257787426075,0.2789281586740494,0.554507640128175,70
chr09,11176693,-0.0011883223684210533,1.191257787426075,0.2789281586740494,0.554507640128175,70
chr09,11176769,-0.0012321731748726656,1.2419362037212403,0.26907995089729503,0.5701186602408921,69
chr09,11186576,0.0006414746543778802,0.3338435430792785,0.5654319807059804,0.24761963155334984,66
chr09,11201417,0.001469572368421053,1.754226769111568,0.18978056277316027,0.7217482698467201,70
chr09,11201513,0.001469572368421053,1.754226769111568,0.18978056277316027,0.7217482698467201,70
chr09,11208431,0.001469572368421053,1.754226769111568,0.18978056277316027,0.7217482698467201,70
chr09,11249087,-0.0008290043290043294,0.5592388974707969,0.4572234286552742,0.33987152395695747,68
chr09,11318711,-0.0010623938879456712,0.923467973606659,0.34002136605351396,0.4684937921706978,69
chr09,11379712,-0.0008064039408866998,0.4813531707336537,0.4904013521873888,0.309448341004503,64
chr09,11383059,-0.000986175115207374,0.734937689583572,0.39448625178356234,0.403968127761474,66
chr09,11383118,-0.0008643263757115747,0.5551962405739582,0.4589730582487761,0.33821280683157806,65
chr09,11383136,-0.0007653958944281526,0.4257612858861772,0.5164882514250945,0.28693955294258483,64
chr09,11383161,0.0008009072580645165,0.4522684653411147,0.5037992412248591,0.2977424909310079,63
chr09,11408295,-0.0013601762820512826,1.53694068979703,0.219273598956282,0.6590136552254934,71
chr09,11408632,-0.0010623938879456712,0.923467973606659,0.34002136605351396,0.4684937921706978,69
chr09,11459835,-0.0011875,1.1577101364012152,0.28568879102237815,0.5441067987934048,71
chr09,11460020,-0.0011875,1.1577101364012152,0.28568879102237815,0.5441067987934048,71
chr09,11485024,-0.0012096491228070177,1.1436226880235927,0.2887837197768491,0.5394272938252952,68
chr09,11517605,0.000945723684210527,0.7246735342907658,0.39760307430064556,0.4005502662600253,70
chr09,11517704,0.0010472756410256417,0.9029582141634577,0.34530634936237903,0.46179543593466743,71
chr09,11517752,0.0010472756410256417,0.9029582141634577,0.34530634936237903,0.46179543593466743,71
chr09,11518596,0.0009851973684210536,0.781300636623879,0.3798582047744993,0.4203784885836208,70
chr09,11518661,0.0009851973684210536,0.781300636623879,0.3798582047744993,0.4203784885836208,70
chr09,11518685,0.0009851973684210536,0.781300636623879,0.3798582047744993,0.4203784885836208,70
chr09,11518743,0.0010472756410256417,0.9029582141634577,0.34530634936237903,0.46179543593466743,71
chr09,11530324,-0.000803763440860215,0.4788797914741235,0.4913948280302213,0.30856941881596217,67
chr09,11641193,0.0007199134199134202,0.4014068883110402,0.5285531185896901,0.2769113603884394,68
chr09,11652153,0.0009446790540540541,0.6987845453214891,0.4061637550256785,0.3912988344877503,69
chr09,11652565,0.0007222222222222226,0.3977600255955055,0.5304941023435832,0.2753194399132068,66
chr09,11652589,0.0007222222222222226,0.3977600255955055,0.5304941023435832,0.2753194399132068,66
chr09,11686012,-0.0011218637992831545,0.9742488576014077,0.3272828383408287,0.48507676710044745,67
chr09,11717835,0.00045292066259808197,0.15634438971484144,0.6938198579179835,0.15875327431122024,68
chr09,11742199,0.00033076923076923105,0.08765948199510559,0.7680897555710249,0.11458802727110275,69
chr09,11742229,0.00033076923076923105,0.08765948199510559,0.7680897555710249,0.11458802727110275,69
chr09,11762325,-0.0006031409168081496,0.28617190952288396,0.5944552046969979,0.22588086616872802,69
chr09,11797471,-0.0006456140350877193,0.3175452295813842,0.5749962783286466,0.2403349662783051,68
chr09,11803388,-0.0002701754385964916,0.059956541872373856,0.8073243504801522,0.09295194814872149,68
chr09,11819090,-0.0004535087719298248,0.15632785399753882,0.6938352124603481,0.15874366328732287,68
chr09,11849693,0.00010617059891107093,0.008763042336135321,0.9257060278985503,0.033526908276166126,67
chr09,11922636,-0.0004730769230769235,0.17495506974882913,0.6770827781235484,0.16935823251926507,69
chr09,11922666,-0.0003047973531844502,0.07374139087966865,0.7867879597165424,0.10414229474745958,70
chr09,11933252,0.0003583333333333332,0.0971673482369179,0.7562689950266639,0.12132370413231658,66
chr09,11960969,-0.0006271929824561405,0.32270890588980133,0.5718282776401116,0.24273437202908718,71
chr09,11968723,0.0004392361111111113,0.14880365684290833,0.7009218630082661,0.15433039338246587,68
chr09,12026942,0.0003807631160572339,0.11896607329220715,0.7312077579693356,0.13595920947143555,71
chr09,12052419,-0.0005500794912559622,0.24875914294771223,0.6195365028138039,0.20793310009732074,71
chr09,12086848,0.0004493464052287579,0.16332864574032627,0.687378491743074,0.1628040611767346,70
chr09,12086866,0.0004493464052287579,0.16332864574032627,0.687378491743074,0.1628040611767346,70
chr09,12086900,0.0005682539682539684,0.26595664424030196,0.607705631500568,0.21630673910391052,71
chr09,12086901,0.0005682539682539684,0.26595664424030196,0.607705631500568,0.21630673910391052,71
chr09,12086913,0.0005682539682539684,0.26595664424030196,0.607705631500568,0.21630673910391052,71
chr09,12103503,0.0008869168356997973,0.6544280947773632,0.4216780720626174,0.3750189824089233,63
chr09,12110307,0.000199643493761141,0.030895637674531445,0.8610198723699563,0.06498682489824083,67
chr09,12120053,-0.00022474747474747486,0.04106456011166445,0.8400274701752035,0.07570651161616747,69
chr09,12133000,0.00010389610389610398,0.008542461399157111,0.926640007769701,0.03308895302286784,68
chr09,12167787,-0.00017380952380952373,0.024794669072986074,0.8753396672153438,0.05782339043757966,71
chr09,12202635,-0.00048529411764705886,0.1809799112651023,0.6719164321353754,0.17268473783799784,68
chr09,12202720,-0.00048529411764705886,0.1809799112651023,0.6719164321353754,0.17268473783799784,68
chr09,12215362,-0.001176470588235294,1.0940397625436418,0.2993935341650954,0.5237575831070012,68
chr09,12217144,0.0013676470588235294,1.535052949180618,0.21974381202303378,0.6580833457972568,68
chr09,12228302,-0.0007785947712418295,0.4913482063023672,0.4857183302283343,0.3136155066426661,70
chr09,12300221,-0.0006351351351351351,0.3320338538683388,0.5663388255589693,0.2469236641406911,71
chr09,12307034,-0.0009797979797979796,0.7905774501835272,0.37710687895537254,0.42353554538512134,69
chr09,12317836,-0.0006856060606060605,0.3765381330745674,0.5415396003218502,0.2663697799021275,69
chr09,12327518,-0.002064516129032258,3.478802463019324,0.06705176983999198,1.173589754403013,62
chr09,12357198,-0.00047687400318979247,0.186191462889728,0.6674507658005163,0.17558076431508637,71
chr09,12358527,-0.0007605083088954063,0.4459920007727695,0.5067228831119951,0.2952294829505575,64
chr09,12418779,-0.000693627450980392,0.3875957726415941,0.5356481233124741,0.2711204123355273,70
chr09,12436197,-0.0008640458640458641,0.6272464867352926,0.4311213284783585,0.3654004911537004,70
chr09,12436231,-0.0008640458640458641,0.6272464867352926,0.4311213284783585,0.3654004911537004,70
chr09,12439504,-0.0016295210166177906,2.0353408916930182,0.15869630231670093,0.7994331923513982,64
chr09,12439592,-0.001508049242424242,1.7801759264674217,0.18693059090091751,0.7283196211876034,65
chr09,12448939,0.0007654761904761904,0.48412220489369273,0.48889801183362236,0.3107817288467035,71
chr09,12488715,-0.0009659090909090908,0.7680679109421382,0.3839468588731658,0.4157288810887684,69
chr09,12490192,-0.0013764976958525346,1.522066469752407,0.22181866058659713,0.6540019214470278,66
chr09,12505497,-0.0007305487305487311,0.4291637291712798,0.5146096564526076,0.2885220686800154,70
chr09,12596501,-0.0012671568627450971,1.3299298107616184,0.25285529071390106,0.5971279548105005,70
chr09,12672478,-0.001058028616852147,0.9293308423393982,0.33840337835003886,0.47056530996086243,71
chr09,12694129,0.0010580286168521468,0.9293308423393982,0.33840337835003886,0.47056530996086243,71
chr09,12727848,0.0017098039215686276,2.4024408539727466,0.12623598291082352,0.8988168340603578,64
chr09,12727914,-0.001803763440860215,2.7157314997373425,0.10418944448420536,0.982176277528529,67
chr09,12738743,-0.0009249999999999995,0.7092179674086256,0.40261309073895757,0.3951121083761617,71
chr09,12743889,-0.001188344594594595,1.1372192590204464,0.29006841535397665,0.5374995575960138,69
chr09,12744048,-0.0008073593073593075,0.5037407265766318,0.48036116184036115,0.3184321134262369,68
chr09,12750633,0.0007647058823529404,0.4716816782578948,0.4945500372628828,0.3057897610783596,70
chr09,12845411,-0.0006867321867321872,0.37827800940678924,0.5405790913912567,0.26714075602724463,70
chr09,12845476,0.0006867321867321872,0.37827800940678924,0.5405790913912567,0.26714075602724463,70
chr09,12845500,0.0006867321867321872,0.37827800940678924,0.5405790913912567,0.26714075602724463,70
chr09,12845626,-0.0013344594594594597,1.2818080179896807,0.261854006202381,0.5819407772779511,65
chr09,12879841,0.0005571428571428573,0.25162269732680664,0.6175550317609961,0.20932433535541142,70
chr09,12883773,-0.0006714285714285708,0.37186823267513985,0.5439907278750855,0.2644085026308709,71
chr09,12893235,-0.0005571428571428573,0.25162269732680664,0.6175550317609961,0.20932433535541142,70
chr09,12934740,0.0013018092105263163,1.3759573648144674,0.24488361631772743,0.6110402699215138,70
chr09,12941454,-0.0011933811802232852,1.1828298880824746,0.2805651234701195,0.5519663162936322,71
chr09,13015569,0.0018519437551695619,2.8264756680623755,0.09730956193987873,1.0118444825097523,70
chr09,13034238,-0.001383292383292384,1.5569824555066971,0.21638745832566694,0.6647679142577025,70
chr09,13051628,-0.0015238486842105276,1.9272109431150473,0.1695952863555906,0.770586222469662,70
chr09,13054978,-0.0011861042183622828,1.131661999433813,0.2911842209368033,0.5358321628265336,70
chr09,13055087,-0.0010757211538461548,0.9533625921329559,0.33227574482326694,0.4785013598163093,71
chr09,13058649,-0.0011861042183622828,1.131661999433813,0.2911842209368033,0.5358321628265336,70
chr09,13058953,-0.0006247464503042598,0.27826358583739513,0.5997550912344983,0.2220260566812425,63
chr09,13058955,-0.0006247464503042598,0.27826358583739513,0.5997550912344983,0.2220260566812425,63
chr09,13058967,-0.0006247464503042598,0.27826358583739513,0.5997550912344983,0.2220260566812425,63
chr09,13111801,0.0009745065789473684,0.7699624083386002,0.3833183965558883,0.416440337200161,70
chr09,13120402,0.0012739463601532568,1.1714253068113252,0.28323390053648384,0.54785476674922,65
chr09,13180490,0.0015405405405405405,1.7310009627182645,0.19305097773698907,0.7143279944817668,65
chr09,13180581,-0.0015405405405405405,1.7310009627182645,0.19305097773698907,0.7143279944817668,65
chr10,95455,-0.0015307692307692305,1.8678765772042498,0.1762873046168618,0.7537789624219896,69
chr10,95470,-0.0015307692307692305,1.8678765772042498,0.1762873046168618,0.7537789624219896,69
chr10,95560,-0.0017474533106960955,2.565077052034641,0.11395203071021814,0.9432779309629058,69
chr10,96341,-0.0015641025641025647,1.9661590391091426,0.16547246359851533,0.781274267158393,69
chr10,96491,-0.0016830863121185704,2.315654306213406,0.13285437668372319,0.8766241338522682,68
chr10,158539,0.0017679487179487186,2.4822244426287474,0.11984978141801828,0.9213627536957013,69
chr10,158709,-0.001981465517241379,3.1502839503567923,0.0804560321972121,1.0944413890820115,69
chr10,162358,-0.0021475659229208918,3.4497008607197324,0.06809230974255001,1.1669019339751185,63
chr10,175314,0.001712280701754386,2.3007895691515547,0.13408369091648803,0.872624043742128,68
chr10,175373,0.0018192307692307696,2.6350208822367365,0.1092268847328392,0.9616704527112303,69
chr10,177019,0.0018223577235772347,2.766493210471163,0.10079286722315287,0.9965702003828611,71
chr10,177113,0.0016666666666666661,2.0601148260722724,0.15630667650672733,0.8060224710652478,63
chr10,177204,0.0016666666666666661,2.0601148260722724,0.15630667650672733,0.8060224710652478,63
chr10,195479,0.0018766578249336874,2.78801284695184,0.09970869172647465,1.0012669820663203,68
chr10,227966,0.0017423076923076925,2.4128649718033137,0.1250531992164886,0.902905193303372,69
chr10,228032,0.0017423076923076925,2.4128649718033137,0.1250531992164886,0.902905193303372,69
chr10,281638,0.0015655655655655656,1.9924775141028235,0.1630810457712549,0.7875965122601732,64
chr10,325018,-0.001576955424726662,2.0775525772341186,0.1540691264136073,0.812284379915847,70
chr10,360220,0.0017226720647773276,2.0928541837262813,0.15302638702634475,0.815233675379451,64
chr10,436849,-0.0017866004962779158,2.7370357242823493,0.10265559738989401,0.9886173653458113,70
chr10,444291,-0.0012768199233716474,1.2267164882316837,0.27225739674983546,0.5650203124023068,65
chr10,449864,-0.0013872320596458529,1.3963586512417003,0.24170644390958707,0.6167117711187443,66
chr10,486652,0.002371657754010695,4.526021533862127,0.03718189317085912,1.429668501257895,67
chr10,486654,0.002371657754010695,4.526021533862127,0.03718189317085912,1.429668501257895,67
chr10,486737,-0.0022506493506493515,4.144339308993942,0.04579158492746824,1.3392143245146382,68
chr10,492508,-0.0022714626391096993,4.50223202376218,0.03744367870396741,1.426621489999374,71
chr10,498086,-0.002014705882352941,3.321252191818286,0.07292012249405673,1.1371526104716936,68
chr10,534834,0.002255070993914807,4.013828616544387,0.04957629685982541,1.3047259163218665,63
chr10,555806,0.00276923076923077,6.550935880315959,0.012745999153438964,1.8946261147010297,69
chr10,575215,0.002291666666666666,4.262837621436955,0.04288788818927919,1.3676653380072032,68
chr10,648319,-0.002355769230769232,4.8252582107845114,0.031407832850031334,1.502962029018337,71
chr10,648361,-0.002355769230769232,4.8252582107845114,0.031407832850031334,1.502962029018337,71
chr10,681170,-0.0016515151515151512,2.1368705035971187,0.14868798966840371,0.8277241103710888,66
chr10,681278,-0.0016515151515151512,2.1368705035971187,0.14868798966840371,0.8277241103710888,66
chr10,694150,0.001994281045751632,3.342490165506078,0.07189879058835143,1.143278414835794,70
chr10,750293,0.0017635135135135142,2.645214663756112,0.10842095457452763,0.9648867733639938,71
chr10,784451,0.0019294258373205738,3.1798390164755586,0.07895007865491775,1.1026474329846327,71
chr10,784478,0.0019294258373205738,3.1798390164755586,0.07895007865491775,1.1026474329846327,71
chr10,1010418,0.0023843402225755175,4.994006991467209,0.028676221056346127,1.5424780804278178,71
chr10,1010623,-0.002318181818181818,4.228456597085018,0.04383410649237171,1.3581878416107822,66
chr10,1048531,-0.0021275252525252528,3.8984141841494386,0.05245564929570541,1.280207732907369,69
chr10,1053258,0.002316386554621848,4.466079715407475,0.03830200101878473,1.416778536508779,69
chr10,1185495,-0.0018465073529411763,2.8387691301701925,0.09688555921917145,1.0137409496653542,66
chr10,1230848,0.0023651960784313703,4.781016758734688,0.03221964943538052,1.4918791892150023,70
chr10,1252427,-0.002337418300653593,4.677594559519898,0.034078228359183414,1.467522991189086,70
chr10,1263833,0.0021275252525252528,3.8984141841494386,0.05245564929570541,1.280207732907369,69
chr10,1263835,-0.0021275252525252528,3.8984141841494386,0.05245564929570541,1.280207732907369,69
chr10,1264006,-0.0021744471744471754,4.178022496977837,0.044826857645345525,1.348461704032231,70
chr10,1285011,0.0023374183006535927,4.677594559519898,0.034078228359183414,1.467522991189086,70
chr10,1299606,0.0026088516746411473,6.044353284979746,0.016464416746775234,1.7834536495948712,71
chr10,1307100,0.0027590460526315795,6.704490703637195,0.011753117683905953,1.9298469152375453,70
chr10,1331363,0.002679738562091501,6.262098840969628,0.014744325692190318,1.8313750844114178,70
chr10,1431720,-0.0014983552631578953,1.8254786879174294,0.18114093327749797,0.7419833990078368,70
chr10,1472553,0.00113507326007326,0.9564992994703636,0.33169651285116475,0.4792590942250382,67
chr10,1473403,0.001332142857142857,1.3444691668264428,0.25042506485485055,0.6013222050807333,68
chr10,1488562,-0.001019980506822612,0.7669257670459213,0.384496587635877,0.41510751016030045,65
chr10,1490733,-0.0011585365853658532,1.0920151708083758,0.29967233506983837,0.5233533480823089,71
chr10,1510427,0.0010999999999999998,0.9637293561863117,0.329729023696095,0.4818428233261054,70
chr10,1563866,0.0011434634974533111,1.0367150702224268,0.312249372307237,0.5054984259843387,69
chr10,1566424,-0.001047275641025641,0.902958214163458,0.34530634936237903,0.46179543593466743,71
chr10,1583716,0.001205541770057899,1.1784999714253004,0.28149517116110756,0.5505290507453963,70
chr10,1610807,-0.000985197368421053,0.7813006366238789,0.3798582047744993,0.4203784885836208,70
chr10,1658531,0.0009193284193284198,0.6872276629258094,0.41000946303862973,0.3872061196265279,70
chr10,1681457,0.0008441558441558438,0.5465485155806347,0.46235273629544293,0.3350265677864781,68
chr10,1714141,-0.0008645021645021649,0.5753218260950891,0.4508520680189019,0.34596593391367403,68
chr10,1744624,0.0008205882352941177,0.4883277650720801,0.48728735158865955,0.31221486135940196,64
chr10,1754050,-0.001089638157894737,0.9653769057617232,0.329318864956634,0.4823833901143981,70
chr10,1817274,0.0010092905405405406,0.8075966626506148,0.37205008371146864,0.429398593409925,69
chr10,1830264,0.0007758346581875997,0.4966130665037131,0.48336403443907194,0.3157256671797936,71
chr10,1830292,0.0007758346581875997,0.4966130665037131,0.48336403443907194,0.3157256671797936,71
chr10,1830609,0.0008738738738738741,0.6157504323112009,0.43535610128923896,0.3611553647506265,70
chr10,1830631,0.0003504901960784312,0.09854594045070711,0.7545426117732319,0.12231622900248468,70
chr10,1839408,0.0010116071428571427,0.7691585097537605,0.3837074616606809,0.4159997553324341,67
chr10,1937513,-0.000682347670250896,0.35057105798217153,0.5558440580709856,0.2550470325518591,67
chr10,2018042,-0.0008510101010101011,0.5751739610431583,0.4508698315823473,0.3459488230559081,69
chr10,2018053,-0.0008510101010101011,0.5751739610431583,0.4508698315823473,0.3459488230559081,69
chr10,2029758,0.0003515151515151516,0.09294265568044283,0.7615067536948519,0.11832624061500362,63
chr10,2054996,0.0010249155405405402,0.8346523807572958,0.3642066869748344,0.4386520846541941,69
chr10,2055171,-0.0007758346581875999,0.4966130665037131,0.48336403443907194,0.3157256671797936,71
chr10,2061962,0.0008055555555555555,0.5110379689642388,0.4771734491711538,0.32132372929182945,69
chr10,2092253,0.0003896825396825393,0.12481360314156523,0.7249483780061523,0.13969291749143836,71
chr10,2092340,-0.000859375,0.5253295388976331,0.47130364513182843,0.3266992013298676,64
chr10,2092478,0.000859375,0.5253295388976331,0.47130364513182843,0.3266992013298676,64
chr10,2093786,-0.0005883838383838381,0.272256099683243,0.6035430908102565,0.2192917173925816,69
chr10,2130866,-4.3771043771043523e-05,0.0012895417140827404,0.9714772790977818,0.01256735222101551,60
chr10,2130904,-4.3771043771043523e-05,0.0012895417140827404,0.9714772790977818,0.01256735222101551,60
chr10,2148754,0.0005228758169934637,0.22134331315166114,0.6395238567450292,0.19414324999772797,70
chr10,2150054,0.0005294117647058819,0.21194139636499382,0.6467864532327967,0.1892390848507563,67
chr10,2153395,-0.0003147058823529414,0.07707294642307547,0.7821588167246822,0.10670505483758162,69
chr10,2153432,-0.0003147058823529414,0.07707294642307547,0.7821588167246822,0.10670505483758162,69
chr10,2154545,-0.0006610389610389612,0.339992226406739,0.5618208491819887,0.2504021481592217,68
chr10,2208502,0.0003896825396825393,0.12481360314156523,0.7249483780061523,0.13969291749143836,71
chr10,2215522,-0.0004934640522875814,0.19603544736681736,0.659345402194482,0.18088701792589976,70
chr10,2215545,-0.0005883838383838381,0.272256099683243,0.6035430908102565,0.2192917173925816,69
chr10,2217719,-0.00037058823529411745,0.1069448566633124,0.7446690604916202,0.12803668984790975,69
chr10,2238114,-0.0005126262626262626,0.20495645181201327,0.6522121384951765,0.18561112268366947,69
chr10,2240931,-0.0006338383838383839,0.3188810467170318,0.5741666982712628,0.24096200023456857,69
chr10,2240985,-0.0006338383838383839,0.3188810467170318,0.5741666982712628,0.24096200023456857,69
chr10,2280518,-0.0004787581699346404,0.18410462088175883,0.6692256188145715,0.1744274420419238,70
chr10,2280546,-0.0004787581699346404,0.18410462088175883,0.6692256188145715,0.1744274420419238,70
chr10,2280553,-0.0004787581699346404,0.18410462088175883,0.6692256188145715,0.1744274420419238,70
chr10,2280554,-0.0004787581699346404,0.18410462088175883,0.6692256188145715,0.1744274420419238,70
chr10,2280719,-0.0004787581699346404,0.18410462088175883,0.6692256188145715,0.1744274420419238,70
chr10,2280760,-0.0004787581699346404,0.18410462088175883,0.6692256188145715,0.1744274420419238,70
chr10,2295839,6.77083333333336e-05,0.003382138638999342,0.9538174975790608,0.020534714789203108,62
chr10,2295952,-0.00032226890756302507,0.0809888769361791,0.7768395218385749,0.10966868773472367,69
chr10,2362399,0.0003428571428571428,0.09437162683114797,0.7596302482588702,0.11939775010884555,70
chr10,2362628,6.060606060606045e-05,0.002801181748550078,0.9579555738752479,0.018654631284936586,66
chr10,2373392,0.0006054621848739496,0.2867428915846423,0.5940884422482605,0.22614889656562778,69
chr10,2373439,0.0006054621848739496,0.2867428915846423,0.5940884422482605,0.22614889656562778,69
chr10,2373458,0.0006054621848739496,0.2867428915846423,0.5940884422482605,0.22614889656562778,69
chr10,2378997,0.0007205882352941175,0.41969965834150097,0.5193343097580935,0.28455298484495245,68
chr10,2379753,0.00044243697478991566,0.15377437828245802,0.6961988498016376,0.15726669855419312,69
chr10,2398209,0.00047563025210084015,0.17725450890549788,0.6750908756575351,0.1706377617761959,69
chr10,2399050,0.00027689075630252084,0.06085590523693068,0.8059025110798888,0.09371749102466999,69
chr10,2426783,-0.00036519607843137194,0.1074924089041789,0.7440245949743661,0.12841270788812525,70
chr10,2427056,-0.000458333333333333,0.16535336710065598,0.6855709213062926,0.16394761142330583,69
chr10,2431279,-0.001166502463054187,1.003795142852813,0.3202882505358697,0.49445899271622906,64
chr10,2432192,-0.0002245989304812831,0.037677012501417445,0.8466984958473125,0.07227121174811917,67
chr10,2432259,-0.0002245989304812831,0.037677012501417445,0.8466984958473125,0.07227121174811917,67
chr10,2443235,-0.00036742424242424223,0.10513563917211266,0.7467617159684424,0.12681795501036885,69
chr10,2443240,-0.00036742424242424223,0.10513563917211266,0.7467617159684424,0.12681795501036885,69
chr10,2465562,-0.0002377450980392154,0.045948635157946074,0.8309107004455364,0.08044564816254281,70
chr10,2491240,0.000504504504504505,0.2061620238212428,0.6512382899335518,0.186260072771826,70
chr10,2520683,-0.0009771929824561403,0.7322418574060379,0.39525344646781013,0.40312433448765395,68
chr10,2526061,-0.0007261513157894735,0.42223362201587383,0.51801374458275,0.2856587168623874,70
chr10,2560124,-0.0007730263157894742,0.48246870627775823,0.4896727362380865,0.3100940757468905,70
chr10,2648087,-0.0009193548387096774,0.6491305608499404,0.42331702797467774,0.37333426163063643,68
chr10,2648130,-0.0009193548387096774,0.6491305608499404,0.42331702797467774,0.37333426163063643,68
chr10,2659414,-0.0005855855855855859,0.27424565739382106,0.6022004922746665,0.22025889380485383,70
chr10,2659448,-0.0005370535714285718,0.21603547688893096,0.6436307047664702,0.19136324581513614,67
chr10,2687536,0.000879881154499151,0.6100008462904812,0.43753848059341904,0.35898374567144625,69
chr10,2687623,-0.0010105263157894737,0.7869031456733206,0.378259337240058,0.42221034271843527,68
chr10,2695676,-0.0006791630340017439,0.35630408012168746,0.5526082698889054,0.2575826200705331,68
chr10,2740137,-0.00043832236842105256,0.15324103966126584,0.6966811566229444,0.1569659358201697,70
chr10,2740372,2.5396825396825594e-05,0.00046948207568786815,0.9827850587278327,0.00754145471676342,62
chr10,2740447,-0.00029191033138401576,0.06485305799904782,0.7998131273738301,0.09701147204642133,65
chr10,2740561,-0.0004151542649727771,0.1324995018756226,0.717035814077442,0.14445915190854064,67
chr10,2740960,0.0004880952380952381,0.18991809184888825,0.6644744140623905,0.17752173713727457,65
chr10,2773848,0.0006427927927927927,0.3184001045195862,0.5745127091406332,0.24070035958040253,67
chr10,3030740,-0.0010156250000000003,0.8314782649976729,0.36511473212456,0.4375706432175627,69
chr10,3030851,-0.001059587813620072,0.8639009685222385,0.3560883508018411,0.4484422337540868,67
chr10,3061345,-0.00047794117647058794,0.17409836171123674,0.6778912312712124,0.16883998378513757,66
chr10,3120048,0.0011857638888888885,1.0917567883402461,0.29989418351019664,0.5230319573612539,68
chr10,3160324,0.000988533988533989,0.7899352790510591,0.3772529886651449,0.42336731098076397,70
chr10,3176898,0.0013476190476190471,1.5228968142478423,0.22136839784704607,0.6548843781287053,71
chr10,3176916,0.0013476190476190471,1.5228968142478423,0.22136839784704607,0.6548843781287053,71
chr10,3194349,-0.0013476190476190471,1.5228968142478423,0.22136839784704607,0.6548843781287053,71
chr10,3215623,-0.0013476190476190471,1.5228968142478423,0.22136839784704607,0.6548843781287053,71
chr10,3227358,0.0014509803921568618,1.729370239643319,0.19290885851632955,0.7146478287769285,70
chr10,3228939,0.0010589543937708564,0.7530305947502094,0.3890947288755734,0.40994465260864,60
chr10,3334419,-0.0014590017825311945,1.615098682041901,0.20830611617127426,0.6812979783458731,67
chr10,3334663,0.0014352989352989362,1.6998068436691203,0.1967098012383057,0.7061740004382372,70
chr10,3352328,0.0006759962049335866,0.3613393454415786,0.5499201302404579,0.2597003823506063,65
chr10,3377069,-0.0012361111111111106,1.244176979125973,0.26859401976204544,0.5709036611135322,70
chr10,3417538,-0.001283783783783785,1.3769894258887407,0.24464938342129505,0.6114558744352779,71
chr10,3417745,-0.0013898443898443906,1.5794159991402315,0.2131447724199088,0.6713253143751781,70
chr10,3469429,0.0010322580645161289,0.8232291707818128,0.3675386443105152,0.43469699092408487,68
chr10,3489351,0.0005600985221674877,0.2372944691005776,0.6278849283073072,0.20211994158176608,64
chr10,3510019,1.495726495726507e-05,0.00016587414744780217,0.9897668879300155,0.004467079348685259,62
chr10,3528354,0.0003645833333333336,0.10818653541487566,0.7432145092645918,0.12888582049982858,71
chr10,3552748,-7.3529411764708095e-06,4.3309236083810726e-05,0.9947684482104688,0.0022779980154867792,70
chr10,3552991,-0.0005250783699059565,0.19217786934435527,0.6626845298726303,0.1786931677360068,62
chr10,3553786,-0.000436607142857143,0.1553724688689818,0.6947434605200902,0.1581755324576157,67
chr10,3569596,-0.0003710317460317462,0.11313286185642514,0.7376260033664994,0.13216378159715705,71
chr10,3569865,0.0003710317460317462,0.11313286185642514,0.7376260033664994,0.13216378159715705,71
chr10,3573814,0.0002108585858585857,0.03495679749284903,0.8522512269638007,0.06943236485621458,69
chr10,3573847,0.0002969696969696968,0.06781450090351092,0.795356601757197,0.09943810976890918,68
chr10,3573855,0.0002969696969696968,0.06781450090351092,0.795356601757197,0.09943810976890918,68
chr10,3608916,-0.0005189075630252101,0.21077706748426447,0.6476450665917552,0.1886629383449552,69
chr10,3613614,-0.00019295900178253143,0.028370772444909632,0.8667631125835308,0.06209957951916283,67
chr10,3613876,7.449494949494944e-05,0.004448342799812815,0.9470224267048897,0.02363973622496888,69
chr10,3613908,7.449494949494944e-05,0.004448342799812815,0.9470224267048897,0.02363973622496888,69
chr10,3700182,0.0008883116883116886,0.6031782792735828,0.44014252943465637,0.35640666505123175,68
chr10,3751284,-0.0006454248366013068,0.34942990430586396,0.5563959172873121,0.2546160654271099,70
chr10,3751983,0.001386029411764706,1.512035771871208,0.22333006055147586,0.6510528163241301,66
chr10,3752344,0.001444852941176471,1.6559643448036037,0.20278417789764544,0.6929659335586621,66
chr10,3752401,-0.001444852941176471,1.6559643448036037,0.20278417789764544,0.6929659335586621,66
chr10,3830713,0.0012714285714285714,1.3239958704095185,0.2539064302915356,0.5953263002890654,70
chr10,3877905,-0.001403297682709448,1.5148431940750366,0.2228367753879322,0.6520131347277622,67
chr10,3878334,-0.0012285714285714287,1.2280194557849728,0.2716967961574714,0.5659154827427083,70
chr10,3884179,-0.0014158266129032256,1.5531107773396233,0.2174416804350086,0.6626572042795749,63
chr10,3884250,0.0014158266129032256,1.5531107773396233,0.2174416804350086,0.6626572042795749,63
chr10,3884392,-0.001245845552297165,1.2109819514961324,0.2753920227731741,0.560048644020156,64
chr10,3906036,-0.001449810606060606,1.6125978385094066,0.20879749238266018,0.680274721430853,65
chr10,3925490,0.001705492424242424,2.2553144926239823,0.13815230830377198,0.8596418543217317,65
chr10,3929705,0.0010939542483660127,0.9723497140719719,0.32759056970120737,0.4846686086993982,70
chr10,3929807,0.0010939542483660127,0.9723497140719719,0.32759056970120737,0.4846686086993982,70
chr10,3943405,0.0013367965367965375,1.4609198734912536,0.23109637832566315,0.6362068606026928,68
chr10,3947088,0.0008173628173628179,0.5380777969279302,0.4657519790593382,0.3318452910367142,70
chr10,3956474,-0.0008385416666666665,0.534519233382917,0.46730079222528353,0.3304034827061009,68
chr10,3968357,-0.0007569444444444445,0.4413803739945913,0.5087714951575998,0.29347722881118987,68
chr10,3968425,0.0007569444444444445,0.4413803739945913,0.5087714951575998,0.29347722881118987,68
chr10,3968461,-0.0007569444444444445,0.4413803739945913,0.5087714951575998,0.29347722881118987,68
chr10,3968495,-0.0007569444444444445,0.4413803739945913,0.5087714951575998,0.29347722881118987,68
chr10,3996883,0.0006467304625199364,0.3432288142633211,0.5598828807304346,0.2519028115155012,71
chr10,3996970,0.0005690789473684214,0.2587047424135044,0.6126577231881629,0.21278208738400875,70
chr10,3998066,0.0007181899641577061,0.38878361477399376,0.5351214620841929,0.2715476304538578,67
chr10,4003074,0.0007878289473684213,0.5007825495667436,0.4815749378973152,0.31733612269731865,70
chr10,4027455,0.0005625000000000002,0.24939793732027976,0.6191113160113242,0.20823125795388242,70
chr10,4027521,0.0005625000000000002,0.24939793732027976,0.6191113160113242,0.20823125795388242,70
chr10,4041030,0.0004894736842105267,0.19066434952692426,0.6637894715600796,0.17796964026670725,68
chr10,4060983,0.00067328370554177,0.35877025165699084,0.5511803037742526,0.2587063101769744,70
chr10,4087335,0.0009291666666666672,0.7137806009898388,0.40115437759216044,0.39668846420249065,70
chr10,4118406,-0.0009447004608294934,0.6555653441874065,0.4211301078705232,0.3755837084381799,66
chr10,4160691,-0.0007969639468690704,0.46964253368495595,0.4956656017691481,0.30481121924332943,65
chr10,4160719,-0.0007969639468690704,0.46964253368495595,0.4956656017691481,0.30481121924332943,65
chr10,4160723,-0.0007969639468690704,0.46964253368495595,0.4956656017691481,0.30481121924332943,65
chr10,4182180,-0.0008042763157894738,0.516103095384894,0.47496997416870546,0.3233338439856784,70
chr10,4182230,-0.0008042763157894738,0.516103095384894,0.47496997416870546,0.3233338439856784,70
chr10,4214083,-0.0007266553480475383,0.40960587034662005,0.5243522302011152,0.28037688049271253,69
chr10,4234117,-0.0008640202702702704,0.5816762608174529,0.44833292395771984,0.3483993669380783,69
chr10,4323180,-0.0006495204882301657,0.32880897719557955,0.568310038981473,0.245414672240067,68
chr10,4329372,0.000377171215880894,0.11274557458616433,0.7380735572806529,0.13190035372008263,70
chr10,4329394,0.000377171215880894,0.11274557458616433,0.7380735572806529,0.13190035372008263,70
chr10,4331561,0.0005097623089983025,0.20417157144642395,0.6528339573472387,0.185197263713491,69
chr10,4332799,0.0005414123801220579,0.2243695869570589,0.6372936444937947,0.195660412565227,68
chr10,4350238,-0.0006551282051282053,0.3458076460637009,0.5584729822685169,0.25299783228072054,69
chr10,4364996,0.00048766447368421063,0.18883773157952857,0.6652616221987449,0.17700752953464588,70
chr10,4378738,-0.0003612054329371821,0.10572217410432737,0.7460811235964766,0.12721394784258788,69
chr10,4402263,-0.0007316586921850079,0.4399053439774982,0.5093779919090411,0.2929598230138213,71
chr10,4402313,-0.0007316586921850079,0.4399053439774982,0.5093779919090411,0.2929598230138213,71
chr10,4415013,-0.0006558035714285716,0.33772088370037995,0.5631574973499304,0.24937012972342054,67
chr10,4428063,-0.0008579033579033585,0.5976809904595731,0.44214333509575876,0.3544369171895032,70
chr10,4428151,-0.0008579033579033585,0.5976809904595731,0.44214333509575876,0.3544369171895032,70
chr10,4428334,-0.0007816722972972971,0.48297151275894656,0.48948261621025524,0.3102627273910195,69
chr10,4443921,-0.0008281250000000001,0.585709995559538,0.44689598437013955,0.3497935477198714,66
chr10,4458697,-0.0010156682027649773,0.8209740032409961,0.3682942156532405,0.4338051020237357,66
chr10,4459192,-0.0007316586921850079,0.4399053439774982,0.5093779919090411,0.2929598230138213,71
chr10,4496217,-0.0006776785714285715,0.34029419440402153,0.5616781318994629,0.2505124844027791,67
chr10,4496219,0.0006776785714285714,0.34029419440402153,0.5616781318994629,0.2505124844027791,67
chr10,4503636,-0.0010593073593073597,0.8984110297279874,0.34666580876693154,0.4600889901754456,68
chr10,4503652,0.0010593073593073601,0.8984110297279874,0.34666580876693154,0.4600889901754456,68
chr10,4511703,-0.0008764204545454546,0.5852799335703212,0.4471066011339939,0.34958891811026255,65
chr10,4511708,-0.0008764204545454546,0.5852799335703212,0.4471066011339939,0.34958891811026255,65
chr10,4517886,-0.0006915739268680449,0.39401740199201857,0.5322671649754172,0.2738703241894941,71
chr10,4587614,0.0004943181818181818,0.1870867420702937,0.6668294898072185,0.17598520221933278,65
chr10,4594930,0.0010026737967914446,0.7842103157443273,0.3791209724281064,0.4212221903615698,67
chr10,4598471,0.0006062091503267973,0.298798734710433,0.586425750632161,0.23178696757580916,70
chr10,4598595,0.0003873873873873877,0.12012954046315544,0.7299642872104872,0.13669838679298948,70
chr10,4609427,0.0007014260249554369,0.37229151900664914,0.5438852298371688,0.2644927350574406,67
chr10,4614481,-0.0005228758169934639,0.21901325144660105,0.6412893236012773,0.19294599030207837,70
chr10,4614587,-0.00044444444444444485,0.15423476920209525,0.6957675811913375,0.1575358107676692,69
chr10,4614630,-0.00044444444444444485,0.15423476920209525,0.6957675811913375,0.1575358107676692,69
chr10,4622829,-0.0006062091503267975,0.298798734710433,0.586425750632161,0.23178696757580916,70
chr10,4661361,0.0005138888888888891,0.2085959597484074,0.6493473932994258,0.18752289853294485,69
chr10,4675274,0.0008939393939393941,0.6083271440429914,0.43829335820142723,0.35823511049668066,66
chr10,4681532,0.00041666666666666653,0.13526542857911908,0.7141932640244968,0.1461842502098664,69
chr10,4689773,0.00036111111111111153,0.10158411949365012,0.7509283303406947,0.12440151069603277,69
chr10,4689777,0.00036111111111111153,0.10158411949365012,0.7509283303406947,0.12440151069603277,69
chr10,4689812,0.00036111111111111153,0.10158411949365012,0.7509283303406947,0.12440151069603277,69
chr10,4807154,0.0006173160173160176,0.29905291284018676,0.5863210253505524,0.23186453182577463,68
chr10,4807192,0.0006173160173160176,0.29905291284018676,0.5863210253505524,0.23186453182577463,68
chr10,4811142,0.0004093799682034979,0.13755720919131825,0.7118579299428418,0.1476066726530518,71
chr10,4813662,-0.0004093799682034979,0.13755720919131825,0.7118579299428418,0.1476066726530518,71
chr10,4835099,-0.000562908496732026,0.25839187954935416,0.6128722768760876,0.21263002340567322,70
chr10,4855908,-0.0005490196078431374,0.2448874598070748,0.622293392431794,0.20600481036961205,70
chr10,4855947,-0.0005490196078431371,0.2448874598070733,0.622293392431794,0.20600481036961205,70
chr10,4855984,-0.00046969696969696934,0.17473351603245832,0.6772755126506163,0.16923462631740105,69
chr10,4856072,-0.00046969696969696934,0.17473351603245832,0.6772755126506163,0.16923462631740105,69
chr10,4856088,-0.00046969696969696934,0.17473351603245832,0.6772755126506163,0.16923462631740105,69
chr10,4877013,-0.0006045751633986926,0.3020696305997205,0.5843884484504694,0.2332983773096116,70
chr10,4877043,0.0006045751633986926,0.3020696305997205,0.5843884484504694,0.2332983773096116,70
chr10,4877045,0.0006045751633986926,0.3020696305997205,0.5843884484504694,0.2332983773096116,70
chr10,4899157,-0.00030827702702702713,0.07372734810069977,0.7868200141991089,0.1041246015416147,69
chr10,4899199,-0.00030827702702702713,0.07372734810069977,0.7868200141991089,0.1041246015416147,69
chr10,4932666,2.941176470588258e-05,0.0006905712909484911,0.9791167944241503,0.009165500077826426,66
chr10,4934442,-0.0008249525616698294,0.5118541967056194,0.47698051398140795,0.32149936276954766,65
chr10,4934684,-0.0008249525616698294,0.5118541967056194,0.47698051398140795,0.32149936276954766,65
chr10,4940483,0.0007732371794871801,0.4893207312177341,0.48658204038296693,0.31284392480617934,71
chr10,4954779,0.0006956162117452444,0.3850299074981637,0.5369977043662009,0.270027570880002,70
chr10,4958618,0.0007601867572156199,0.45427784912526686,0.5026292331652291,0.29875225622664353,69
chr10,4968564,-0.0008757628596338273,0.5948752862926141,0.4432926586629289,0.35330946096003896,68
chr10,4968592,0.0008757628596338276,0.5948752862926141,0.4432926586629289,0.35330946096003896,68
chr10,5012672,0.0009107142857142852,0.5836992007204771,0.44781118051585256,0.3489050675776145,63
chr10,5012680,-0.0009107142857142852,0.5836992007204771,0.44781118051585256,0.3489050675776145,63
chr10,5017010,-0.0005690789473684211,0.25870474241350433,0.6126577231881629,0.21278208738400875,70
chr10,5048014,-0.0006467304625199363,0.343228814263321,0.5598828807304346,0.2519028115155012,71
chr10,5051352,0.0009057724957555181,0.6470874163786277,0.4240011183897585,0.37263299786514437,69
chr10,5051541,0.0007122241086587437,0.3978602203242994,0.5303421883510089,0.27544382368425346,69
chr10,5084196,0.00014236111111111144,0.015337478864413187,0.9018147339331629,0.04488267342776661,68
chr10,5084270,0.0002508169934640524,0.05034172686523091,0.8231425150095626,0.08452496658121801,70
chr10,5111416,0.0002396661367249603,0.04708416178683984,0.8288573531409502,0.08152020536567442,71
chr10,5117466,0.0002396661367249603,0.04708416178683984,0.8288573531409502,0.08152020536567442,71
chr10,5128940,0.00047128378378378394,0.17476280668957567,0.6772500238072827,0.169250971028096,69
chr10,5129011,0.00047128378378378394,0.17476280668957567,0.6772500238072827,0.169250971028096,69
chr10,5139442,0.0003292383292383294,0.0867294612580169,0.7692740573519231,0.11391891326468465,70
chr10,5139490,0.0003292383292383294,0.0867294612580169,0.7692740573519231,0.11391891326468465,70
chr10,5142952,0.0003292383292383294,0.0867294612580169,0.7692740573519231,0.11391891326468465,70
chr10,5142961,0.0003292383292383294,0.0867294612580169,0.7692740573519231,0.11391891326468465,70
chr10,5142962,0.0003292383292383294,0.0867294612580169,0.7692740573519231,0.11391891326468465,70
chr10,5142981,0.0003292383292383294,0.0867294612580169,0.7692740573519231,0.11391891326468465,70
chr10,5165771,-0.00020822510822510792,0.0344370885002932,0.8533492932846674,0.06887316684455723,68
chr10,5165796,-0.00020822510822510792,0.0344370885002932,0.8533492932846674,0.06887316684455723,68
chr10,5165892,-0.00036092436974789895,0.10360758031942342,0.748544740267694,0.12578223690985196,69
chr10,5179172,-0.0002865079365079366,0.06741438314661186,0.7959124620543608,0.09913469524891817,71
chr10,5179181,-0.0002865079365079366,0.06741438314661186,0.7959124620543608,0.09913469524891817,71
chr10,5214262,-0.0002865079365079366,0.06741438314661186,0.7959124620543608,0.09913469524891817,71
chr10,5214384,-0.0003714285714285715,0.11078228177567827,0.7402792565985064,0.13060441983435986,70
chr10,5231279,-0.00019350649350649335,0.02887928660311648,0.8655778937789408,0.0626938436566566,68
chr10,5251435,-0.00033823529411764695,0.09102190428022411,0.7638306064368885,0.11700294357943218,68
chr10,5338831,-0.0012655228758169925,1.3075849604454954,0.2568420867704626,0.5903338102194299,70
chr10,5338865,-0.0012655228758169925,1.3075849604454954,0.2568420867704626,0.5903338102194299,70
chr10,5345764,-0.0012655228758169925,1.3075849604454954,0.2568420867704626,0.5903338102194299,70
chr10,5345903,0.0011713036565977747,1.1424469964399067,0.2888609470063443,0.5393111692880116,71
chr10,5346052,-0.0012281783681214423,1.149063057091671,0.287834602669333,0.5408569975953228,65
chr10,5349164,0.0010012668918918917,0.7960276138964191,0.37547693275243643,0.4254167385161327,69
chr10,5349239,-0.0010012668918918917,0.7960276138964191,0.37547693275243643,0.4254167385161327,69
chr10,5375384,0.0011713036565977747,1.1424469964399067,0.2888609470063443,0.5393111692880116,71
chr10,5401277,0.0012773109243697477,1.3186884333129385,0.25491104039350615,0.5936113544948619,69
chr10,5469009,-0.00031818181818181793,0.07583182873355687,0.7839146709705788,0.10573120765156453,66
chr10,5469063,-0.00031818181818181793,0.07583182873355687,0.7839146709705788,0.10573120765156453,66
chr10,5478615,0.00025429975429975383,0.05244656761981554,0.8195468476741893,0.08642621585202988,70
chr10,5504438,-0.0004093799682034977,0.13755720919131822,0.7118579299428418,0.1476066726530518,71
chr10,5722461,-0.0012277424483306842,1.2572505744123794,0.2660593513277571,0.5750214720947504,71
chr10,5745187,-0.0012978468899521528,1.4033740422089067,0.24022391412712685,0.6193837610609844,71
chr10,5745743,-0.0013906633906633908,1.5813212685099123,0.21287209061497714,0.6718812746182827,70
chr10,5757109,0.000751008064516129,0.45166132174816553,0.5040846617805141,0.2974965170141972,63
chr10,5776496,-0.0015164141414141415,1.8555798315258438,0.1776979497164967,0.7503175830666663,69
chr10,5796325,-0.000902737047898338,0.6624454314290923,0.4188129317796475,0.3779799169792629,64
chr10,5796327,-0.000902737047898338,0.6624454314290923,0.4188129317796475,0.3779799169792629,64
chr10,5821554,-0.0015228758169934628,1.9099279570587833,0.17149444997491062,0.7657499303400036,70
chr10,5859602,0.0009184587813620074,0.6686107962296487,0.4165236778464074,0.380360305503886,67
chr10,5874346,-0.0015228758169934628,1.9099279570587833,0.17149444997491062,0.7657499303400036,70
chr10,5888757,-0.0015228758169934628,1.9099279570587833,0.17149444997491062,0.7657499303400036,70
chr10,5888782,-0.0015228758169934628,1.9099279570587833,0.17149444997491062,0.7657499303400036,70
chr10,5888907,-0.0013359307359307362,1.4617609262689242,0.23096361041541885,0.6364564401974849,68
chr10,5931005,0.001683193277310924,2.3194684390553593,0.1324699254013573,0.8778827082537181,69
chr10,5934519,-0.001472727272727273,1.7217981362602193,0.19400717020512798,0.7121822189204103,68
chr10,5935930,-0.0013117647058823532,1.4328780149514402,0.23551359038744316,0.6279840267092881,69
chr10,5935977,-0.0009242424242424242,0.6908171079807854,0.40897679002607834,0.3883013380797475,66
chr10,5937795,-0.001078282828282828,0.9739024402882953,0.3272593925973901,0.48510788001118893,69
chr10,5945859,-0.0015228758169934628,1.9099279570587833,0.17149444997491062,0.7657499303400036,70
chr10,5945860,-0.001425278219395867,1.7051657105959555,0.1959507068004194,0.7078531656690715,71
chr10,5946025,-0.0012555147058823535,1.1870927498119588,0.28000228805717053,0.5528384197772686,66
chr10,5951174,0.001414141414141414,1.6126209818788866,0.20851654763175698,0.6808594742154269,69
chr10,5953045,0.0014252782193958672,1.7051657105959555,0.1959507068004194,0.7078531656690715,71
chr10,5963324,0.0015117647058823524,1.8292943208044565,0.1807581526191811,0.7429021058858428,69
chr10,5963335,0.0015117647058823524,1.8292943208044565,0.1807581526191811,0.7429021058858428,69
chr10,5963394,0.0015117647058823524,1.8292943208044565,0.1807581526191811,0.7429021058858428,69
chr10,5965626,-0.001425278219395867,1.7051657105959555,0.1959507068004194,0.7078531656690715,71
chr10,5979088,0.0010430622009569377,0.8999750727821471,0.3460992777576165,0.4607993069936765,71
chr10,5988293,-0.0010430622009569377,0.8999750727821471,0.3460992777576165,0.4607993069936765,71
chr10,5988342,0.0010430622009569377,0.8999750727821471,0.3460992777576165,0.4607993069936765,71
chr10,5988422,-0.0011326781326781328,1.0408850706333386,0.3112318270761277,0.5069159977467235,70
chr10,5993996,0.0008585737179487184,0.604284208798204,0.4396051766356228,0.3569372021196825,71
chr10,5994237,0.0010285714285714286,0.7899482707465257,0.37749684970724495,0.4230866683009351,65
chr10,5994268,0.0010285714285714286,0.7899482707465257,0.37749684970724495,0.4230866683009351,65
chr10,5999386,0.0007018433179723506,0.3757440980606131,0.5420619991214493,0.265951037564147,66
chr10,5999909,0.0010630671506352087,0.9177565487814111,0.3416145424112266,0.46646364982577543,67
chr10,6014401,0.0008585737179487184,0.604284208798204,0.4396051766356228,0.3569372021196825,71
chr10,6015044,0.0008585737179487184,0.604284208798204,0.4396051766356228,0.3569372021196825,71
chr10,6017015,-0.0014463818657367042,1.7523966569022156,0.19014262812875382,0.7209205076179804,68
chr10,6017098,0.0014463818657367048,1.7523966569022182,0.19014262812875382,0.7209205076179804,68
chr10,6019543,0.0009958881578947373,0.807099838791965,0.37214918333480584,0.42928292971141246,70
chr10,6019556,-0.0009958881578947373,0.8070998387919623,0.3721491833348083,0.42928292971140963,70
chr10,6019557,0.0009958881578947373,0.807099838791965,0.37214918333480584,0.42928292971141246,70
chr10,6019574,0.0009958881578947373,0.807099838791965,0.37214918333480584,0.42928292971141246,70
chr10,6050473,0.0008585737179487184,0.604284208798204,0.4396051766356228,0.3569372021196825,71
chr10,6052633,0.0008585737179487184,0.604284208798204,0.4396051766356228,0.3569372021196825,71
chr10,6052905,-0.0008585737179487182,0.604284208798204,0.4396051766356228,0.3569372021196825,71
chr10,6055591,0.0008585737179487184,0.604284208798204,0.4396051766356228,0.3569372021196825,71
chr10,6059546,-0.0008585737179487182,0.604284208798204,0.4396051766356228,0.3569372021196825,71
chr10,6067357,0.0007340777502067825,0.4322538559503397,0.5131044520072614,0.2897942171243873,70
chr10,6067383,0.0007340777502067825,0.4322538559503397,0.5131044520072614,0.2897942171243873,70
chr10,6067433,0.0007340777502067825,0.4322538559503397,0.5131044520072614,0.2897942171243873,70
chr10,6067769,0.0008585737179487184,0.604284208798204,0.4396051766356228,0.3569372021196825,71
chr10,6068082,0.0009432565789473688,0.7155101002222193,0.4005874272956881,0.3973026854513074,70
chr10,6069835,-0.0010768872320596457,0.8756244770812349,0.3529204481040823,0.45232317802003463,66
chr10,6070001,-0.0010768872320596457,0.8756244770812349,0.3529204481040823,0.45232317802003463,66
chr10,6070035,-0.0010768872320596457,0.8756244770812349,0.3529204481040823,0.45232317802003463,66
chr10,6103156,-0.0009911764705882353,0.6720151527182655,0.41549026117368615,0.3814391513458065,64
chr10,6104783,-0.0009699215344376635,0.7236292560085011,0.3980316905393232,0.40008234883473215,68
chr10,6104871,-0.0009699215344376635,0.7236292560085011,0.3980316905393232,0.40008234883473215,68
chr10,6104999,-0.0010645161290322583,0.8547578201270563,0.35862948875186884,0.44535400290637117,67
chr10,6116852,-0.0006537828947368427,0.3562305787270475,0.5525892302837818,0.25759758354166357,70
chr10,6116905,-0.0006537828947368427,0.3562305787270475,0.5525892302837818,0.25759758354166357,70
chr10,6116960,0.0006537828947368423,0.3562305787270475,0.5525892302837818,0.25759758354166357,70
chr10,6117432,-0.0009432565789473686,0.7155101002222193,0.4005874272956881,0.3973026854513074,70
chr10,6117455,-0.0009432565789473686,0.7155101002222193,0.4005874272956881,0.3973026854513074,70
chr10,6163575,0.0007985938792390408,0.5074797436011462,0.47866912818480445,0.31996458148261003,70
chr10,6163581,0.0007985938792390408,0.5074797436011462,0.47866912818480445,0.31996458148261003,70
chr10,6163737,0.0007985938792390408,0.5074797436011462,0.47866912818480445,0.31996458148261003,70
chr10,6210759,0.0007352195945945945,0.4413648760096064,0.5087444624439339,0.29350030492766943,69
chr10,6213739,-0.000556669572798605,0.2462502181811042,0.6213765302956848,0.20664515429244834,68
chr10,6252115,-0.000695616211745244,0.3850299074981636,0.5369977043662009,0.270027570880002,70
chr10,6252135,0.000766129032258065,0.45715798588459,0.5012825650308477,0.29991740019957686,69
chr10,6252165,-0.000695616211745244,0.3850299074981636,0.5369977043662009,0.270027570880002,70
chr10,6291245,0.000828378378378378,0.5126739407896252,0.4765481394321268,0.3218932217124665,67
chr10,6317979,0.0004620689655172414,0.1637047324271307,0.68705712544436,0.1630071519741488,69
chr10,6317984,0.0004620689655172414,0.1637047324271307,0.68705712544436,0.1630071519741488,69
chr10,6318042,-0.0004620689655172414,0.1637047324271307,0.68705712544436,0.1630071519741488,69
chr10,6340888,-0.0007999128160418483,0.4902464847081687,0.48627823375421053,0.3131151694036433,68
chr10,6366095,0.0007117452440033089,0.4024850875522405,0.5279372907456019,0.27741766061117196,70
chr10,6366096,0.0007117452440033089,0.4024850875522405,0.5279372907456019,0.27741766061117196,70
chr10,6392737,0.0005504158004158005,0.22111430640862093,0.6398690981402146,0.19390886315681183,63
chr10,6543122,0.0018719512195121948,2.9255875057722083,0.09167859186118685,1.0377320658785703,71
chr10,6603842,0.001434762348555452,1.5686672311987717,0.21495809370847035,0.6676461979684643,66
chr10,6663276,0.0016994408201304754,2.3999658065641682,0.1262691045988301,0.8987028991962571,66
chr10,6663336,0.001491858237547893,1.8850320368211206,0.17463071029816762,0.7578793795295156,65
chr10,6742013,0.0011948717948717948,1.1731958752911114,0.2826282091170372,0.5487844933987871,69
chr10,6742183,0.0012815789473684214,1.3251377964387825,0.2538253981183746,0.5954649239639666,68
chr10,6756961,0.001470833333333333,1.7368279189148013,0.1919638855314676,0.7167804681176243,70
chr10,6757456,0.0014101626016260161,1.6303097125112789,0.2059405563289358,0.6862581183871784,71
chr10,6757577,0.001495833333333333,1.8038259046856129,0.18371628969928594,0.7358523340977763,70
chr10,6780230,-0.0012670203359858535,1.239019836271628,0.2696977394518624,0.5691226936942968,68
chr10,6837543,-0.0011824912891986064,1.0811623765243688,0.3021754860668278,0.5197407706314506,69
chr10,6858320,-0.000977124183006536,0.6308074211188608,0.43024238920755975,0.3662868034045727,61
chr10,6858425,0.0012178571428571427,1.119931635620834,0.29379110496940974,0.5319613573584974,68
chr10,6858427,0.0012178571428571427,1.119931635620834,0.29379110496940974,0.5319613573584974,68
chr10,6858430,0.0012178571428571427,1.119931635620834,0.29379110496940974,0.5319613573584974,68
chr10,6858449,0.0012624053826745167,1.2567276558504965,0.26621483839141774,0.5747677413034394,70
chr10,6875755,-0.0008538793103448275,0.5844988183509787,0.44723867449076216,0.34946064834235263,69
chr10,6906247,-0.0018337754199823162,2.658411401664146,0.10776711313734771,0.967513750856469,68
chr10,7019892,0.0013607142857142852,1.3061982313526674,0.25754999684235746,0.5891384511079868,63
chr10,7056854,-0.0012095238095238094,1.1372995146860694,0.29010930598922074,0.5374383398807374,68
chr10,7056922,0.00120952380952381,1.1372995146860694,0.29010930598922074,0.5374383398807374,68
chr10,7113833,-0.0014328419328419335,1.6847401879925463,0.19868125239084675,0.7018431110851107,70
chr10,7113880,-0.0014328419328419335,1.6847401879925463,0.19868125239084675,0.7018431110851107,70
chr10,7118549,0.0016642156862745087,2.318513437610809,0.1324792944716711,0.8778519934205777,70
chr10,7118582,0.0016642156862745087,2.318513437610809,0.1324792944716711,0.8778519934205777,70
chr10,7137275,-0.0016086601307189533,2.1381189455589467,0.14828442437390613,0.8289044643709111,70
chr10,7162965,-0.0016086601307189533,2.1381189455589467,0.14828442437390613,0.8289044643709111,70
chr10,7163065,0.0015099364069952308,1.9195500237048606,0.1703686795537421,0.7686102425929209,71
chr10,7172424,-0.0016911764705882352,2.2671310798385456,0.13691556014611878,0.8635471924680221,68
chr10,7172827,0.001639915966386554,2.1906017551700296,0.1435421583612698,0.8430205278170783,69
chr10,7187429,-0.0008870967741935484,0.5911821036311293,0.4449784852229707,0.35166098671530527,62
chr10,7189427,0.0008287476280834915,0.5412573962033927,0.46464241648769344,0.3328811466543847,65
chr10,7238505,0.0015178571428571426,1.6566678319443968,0.2029164842955407,0.6926826708188243,63
chr10,7259626,-0.0013799019607843128,1.5636636807655122,0.21541550450277436,0.6667230416245199,70
chr10,7306930,0.0015134408602150541,1.815498018089434,0.18252830178604243,0.7386697867880698,67
chr10,7433461,-0.0007326454033771109,0.39870099235429673,0.5299752416564862,0.27574441844283404,67
chr10,7433687,-0.0008517543859649123,0.5704908418294149,0.4527510259727998,0.3441405568641068,68
chr10,7433688,-0.0008517543859649123,0.5704908418294149,0.4527510259727998,0.3441405568641068,68
chr10,7433695,-0.0006307692307692308,0.30552756579068324,0.5822772281043509,0.23487019409600257,69
chr10,7433707,-0.0008517543859649123,0.5704908418294149,0.4527510259727998,0.3441405568641068,68
chr11,74260,-0.001232142857142857,1.1867377797327772,0.27983418781179015,0.5530992281179756,70
chr11,110261,0.0011656976744186048,1.08203310351711,0.30187445711995137,0.5201736329231172,71
chr11,113052,0.0014733695652173918,1.604268475335947,0.2101144736346591,0.6775440303966999,63
chr11,116260,0.0010823170731707322,0.9385463788425331,0.33613624263090613,0.47348465883064217,69
chr11,127137,-0.0012728093947606146,1.1951623763269583,0.27826494545835734,0.5555415006472192,68
chr11,127182,-0.0012728093947606146,1.1951623763269583,0.27826494545835734,0.5555415006472192,68
chr11,139566,0.0013183347350714891,1.3902709142255683,0.24246850419179727,0.6153446667279393,70
chr11,218986,-0.0005923076923076922,0.273179897547996,0.6029307009120571,0.21973260152653762,69
chr11,274654,0.0003150000000000002,0.07035073943017014,0.7916927472863674,0.10144333362279535,65
chr11,274694,-0.00031500000000000034,0.07035073943017014,0.7916927472863674,0.10144333362279535,65
chr11,287620,0.0004697855750487333,0.1625095944691445,0.6882212812432335,0.1622719022126086,65
chr11,304803,-0.00074706413730804,0.43065087505504357,0.5139512191840809,0.289078099379287,68
chr11,304820,-0.00074706413730804,0.43065087505504357,0.5139512191840809,0.289078099379287,68
chr11,310346,0.00032936507936507964,0.08064181071451519,0.7773052744572684,0.10940838535007054,69
chr11,310485,0.0003630952380952381,0.1016186909507127,0.7508728337251428,0.1244336079862549,70
chr11,342933,-0.0002600174216027881,0.0514850759564543,0.8211898859112678,0.08555640820545883,69
chr11,461985,0.00042649501661129593,0.14290174069941095,0.7065736247646291,0.15084257809982726,71
chr11,487161,0.00030879790940766563,0.07196490562596577,0.7893213038370351,0.10274617539809505,69
chr11,499082,0.00036309523809523826,0.10161869095071271,0.7508728337251428,0.1244336079862549,70
chr11,499134,-0.00036309523809523826,0.10161869095071271,0.7508728337251428,0.1244336079862549,70
chr11,517277,-0.00036309523809523826,0.10161869095071271,0.7508728337251428,0.1244336079862549,70
chr11,525806,-0.0006795121951219511,0.31993266810774157,0.5736258872071605,0.24137125758863118,66
chr11,530317,-4.336043360433604e-05,0.0013846538136001363,0.9704291410549588,0.013036170499539089,68
chr11,534141,-0.0001830808080808085,0.025938801896176866,0.8725204942686862,0.0592243632876712,71
chr11,540650,0.0001830808080808085,0.025938801896176866,0.8725204942686862,0.0592243632876712,71
chr11,556009,-0.0002583979328165374,0.05289435169998972,0.818791757851415,0.08682653769695936,70
chr11,559521,-0.0003555347091932457,0.0942613247657208,0.7598095523944586,0.11929525075744452,67
chr11,649078,0.0004083720930232556,0.11913215692868234,0.7310752469579537,0.13603792036528878,68
chr11,649115,0.0004083720930232556,0.11913215692868234,0.7310752469579537,0.13603792036528878,68
chr11,662743,-0.0007019230769230769,0.3702325417233438,0.5449047417742762,0.26367941283833496,70
chr11,669403,2.0833333333333468e-05,0.0003116981314200112,0.9859707929597376,0.006135949809590292,64
chr11,669470,-0.0001803861788617888,0.0227953155186256,0.8804729657606476,0.05528397416713898,65
chr11,710488,-0.0008691860465116281,0.5218938033879531,0.47262618509539234,0.3254822206481985,67
chr11,745614,0.0005027173913043479,0.1844462458429986,0.6689374938157838,0.17461446124432825,70
chr11,753224,-0.0008272727272727278,0.5018079764411368,0.48116416440404075,0.3177067250169718,69
chr11,764072,0.000665217391304348,0.3329663302689501,0.5657955668045682,0.24734045970662774,71
chr11,767645,0.000665217391304348,0.3329663302689501,0.5657955668045682,0.24734045970662774,71
chr11,779206,0.0008209302325581394,0.492014406875786,0.48549612460191394,0.31381423243099454,68
chr11,779409,0.0008499999999999997,0.5326755949031525,0.4680282791799829,0.3297279052148161,69
chr11,825483,0.00040085470085470025,0.12263533434970145,0.7272604079430656,0.13831005477681638,71
chr11,828259,0.0002488372093023252,0.04555289661428614,0.8316485456559255,0.08006016761481478,68
chr11,836629,0.0005027906976744184,0.18187957289309228,0.6711507449365682,0.17317992343557512,68
chr11,849287,0.00030871212121212117,0.0672978022369814,0.7961200621521343,0.09902143176209142,68
chr11,849288,0.00030871212121212117,0.0672978022369814,0.7961200621521343,0.09902143176209142,68
chr11,933290,-0.00035164835164835153,0.09310773089628399,0.7612231115332049,0.11848803454822325,68
chr11,955218,0.000445,0.1462747536192289,0.7033316309970294,0.15283985058238375,69
chr11,958064,0.00018371212121212128,0.024114916726815327,0.8770668265202773,0.05696731509083639,68
chr11,958129,0.00018371212121212128,0.024114916726815327,0.8770668265202773,0.05696731509083639,68
chr11,958326,0.00011527777777777785,0.00965280352872559,0.9220281703444113,0.035255809924423114,69
chr11,1064288,0.0006941391941391941,0.36637463402847914,0.5470627924029803,0.26196282205962473,68
chr11,1100559,-0.0007678571428571426,0.45682796708187534,0.5014024406739619,0.29981355635974494,70
chr11,1100615,-0.0007678571428571426,0.45682796708187534,0.5014024406739619,0.29981355635974494,70
chr11,1189763,0.00078,0.456748048085264,0.5016211118295435,0.2996241935526841,65
chr11,1189789,-0.0007043902439024391,0.3792314915843154,0.5401988053751892,0.26744638056977665,66
chr11,1217604,-0.0005770905923344951,0.26296105198786435,0.6097797305714782,0.21482701592876124,69
chr11,1242489,-0.0003287992495309568,0.08023401658609958,0.777880725981335,0.10908698915329379,67
chr11,1242497,-0.0003287992495309568,0.08023401658609958,0.777880725981335,0.10908698915329379,67
chr11,1280216,-0.0008458333333333333,0.5725859166372262,0.45184698456447014,0.34500861167118935,70
chr11,1280282,-0.0008458333333333333,0.5725859166372262,0.45184698456447014,0.34500861167118935,70
chr11,1280361,-0.0008458333333333333,0.5725859166372262,0.45184698456447014,0.34500861167118935,70
chr11,1290992,-0.0004971804511278192,0.18827873958392258,0.6658123276608288,0.17664816804761713,66
chr11,1291000,-0.0004971804511278192,0.18827873958392258,0.6658123276608288,0.17664816804761713,66
chr11,1296006,0.0003511904761904759,0.09505524623375951,0.7587887211775788,0.11987913319553202,70
chr11,1348750,-7.56410256410256e-05,0.004408956412132875,0.9472571332507616,0.023532115617731022,69
chr11,1356678,0.00040416666666666644,0.11277118599714861,0.7381824613384145,0.13183627752891797,62
chr11,1538306,0.0001208333333333334,0.01194792203556768,0.9132812805971754,0.039395443936091734,70
chr11,1650678,-0.00021666666666666663,0.036088420172093065,0.8499073961438399,0.07062839138529081,69
chr11,1650745,-0.00021666666666666663,0.036088420172093065,0.8499073961438399,0.07062839138529081,69
chr11,1660636,-0.00039810924369747887,0.11240366396562328,0.7385934283436405,0.13159456081554477,62
chr11,1673245,0.00018749999999999992,0.026633734269891112,0.8708608755503975,0.06005122020104236,68
chr11,1674210,-0.00020315315315315286,0.03245037390631244,0.8576031990728054,0.0667136076220663,67
chr11,1742989,0.00014649122807017579,0.016222136366471896,0.8990378708210814,0.0462220137815547,68
chr11,1825352,-0.00045503421309872936,0.1526318875463387,0.6973720277850859,0.1565354765502598,64
chr11,1849451,0.0011711711711711722,1.1613749042806516,0.2849888157699979,0.5451721833061671,70
chr11,1849516,-0.0011711711711711722,1.1613749042806516,0.2849888157699979,0.5451721833061671,70
chr11,1849565,-0.0006727272727272728,0.34004666484784973,0.5619520499703516,0.250300740163515,63
chr11,1853774,-0.00093859649122807,0.7269280536397139,0.3968305764233693,0.40139487215207803,71
chr11,1853816,0.0009385964912280696,0.7269280536397139,0.3968305764233693,0.40139487215207803,71
chr11,1870211,0.0012147465437788024,1.1954167650115164,0.2783379508528761,0.5554275743978928,66
chr11,1870330,0.001335714285714286,1.4761778042895488,0.22876857405970902,0.6406036348171023,67
chr11,1870334,0.001335714285714286,1.4761778042895488,0.22876857405970902,0.6406036348171023,67
chr11,1870365,0.0010299145299145298,0.7551994646428382,0.38829806469219585,0.41083477400608903,62
chr11,1875144,0.0013316498316498318,1.1831443449547594,0.28121629678519916,0.5509595150931688,60
chr11,1875149,0.0012516233766233771,1.080485397450479,0.30283014500583166,0.5188008954927684,61
chr11,1880443,-0.0014133986928104572,1.7090402857710525,0.19551315629689062,0.7088240131279777,70
chr11,1898871,-0.001165404040404041,1.0710374443071469,0.30443223166364897,0.5165093686799782,69
chr11,1907197,-0.0012745098039215685,1.328462765588515,0.2531146562072843,0.5966827069726632,70
chr11,1922638,0.001264705882352941,1.2915154144926928,0.2598784540967526,0.5852297253268889,68
chr11,1924721,0.0010245535714285714,0.799705204489845,0.3744809044850207,0.4265703229263869,67
chr11,1924859,0.0011142857142857144,0.9679174134313039,0.3287930366360863,0.4830773887674695,68
chr11,1964515,0.0012563131313131314,1.3073745395109737,0.2569396054564406,0.5901689470942854,69
chr11,2020687,-0.0010857142857142858,0.9535055350553517,0.3322897296445293,0.4784830816151722,70
chr11,2020824,-0.0010857142857142858,0.9535055350553517,0.3322897296445293,0.4784830816151722,70
chr11,2027138,-0.0012006704980842913,1.025759208546112,0.31503082907087354,0.501646943860497,65
chr11,2027930,-0.0012959895379250218,1.3031721130819223,0.2577595700222827,0.588785201386006,68
chr11,2077425,0.0009723214285714287,0.7735958513231768,0.3823471077714391,0.41754219064218906,67
chr11,2109354,0.0010926108374384237,0.8581944407929443,0.357836582351452,0.4463152627031433,64
chr11,2123934,-0.001231473408892764,1.1871297812309276,0.27987154649898,0.5530412523970666,68
chr11,2125065,0.001080555555555556,0.8962963586812823,0.34733766861113224,0.4592481150973979,66
chr11,2125408,0.0014416666666666673,1.5664409475134151,0.21527993383280672,0.6669964487265173,66
chr11,2131747,0.0015099364069952313,1.9195500237048628,0.1703686795537421,0.7686102425929209,71
chr11,2138878,-0.0006784313725490197,0.3554257068297893,0.5532281942704611,0.2570956949689726,64
chr11,2178990,0.0015399305555555557,1.9653306566124853,0.1656299985134352,0.7808610020380855,68
chr11,2179228,0.001601010101010101,2.1852936536942242,0.144020478577483,0.8415757502598981,69
chr11,2190081,-0.0019332273449920515,3.20361987668182,0.0778631189065548,1.1086682040499483,71
chr11,2190428,-0.0019332273449920515,3.20361987668182,0.0778631189065548,1.1086682040499483,71
chr11,2194872,0.0019820261437908486,3.2823259998605736,0.0744454491511043,1.128161845513834,70
chr11,2194920,0.0018813131313131317,2.892158345789495,0.09364920261774233,1.0284959161017577,69
chr11,2218582,-0.001759808195292066,2.4965600353108344,0.11887631417121543,0.9249046689260132,68
chr11,2263418,0.0016472222222222227,2.1494066088596218,0.14752132459601383,0.8311451967367793,66
chr11,2263702,0.0016207770270270272,2.21791634477512,0.14110945732300556,0.8504438783395218,69
chr11,2271023,-0.001913185913185914,3.0418926731056515,0.08566008094222212,1.0672215195642007,70
chr11,2314466,0.0014981818181818178,1.7486971182822304,0.19053711729718115,0.720020409662133,69
chr11,2331465,0.0015333333333333332,1.9123886167502466,0.17122254316856972,0.7664390566612861,70
chr11,2354401,0.0021317073170731707,3.842189333309556,0.05401762450226419,1.2674645184129616,71
chr11,2355222,-0.0020968169761273214,3.4325313393135097,0.06839588257364226,1.1649700419841196,68
chr11,2374007,-0.002028571428571428,3.1733940932279463,0.07944769266518435,1.0999187111353839,68
chr11,2397582,-0.0020420521446593786,3.4237946299791377,0.06860778573651338,1.163626596967594,70
chr11,2456699,0.0021317073170731707,3.842189333309556,0.05401762450226419,1.2674645184129616,71
chr11,2472114,0.0021317073170731707,3.842189333309556,0.05401762450226419,1.2674645184129616,71
chr11,2516298,-0.0021749999999999994,3.909162027296964,0.05207952702647917,1.2833329685781694,70
chr11,2538485,-0.0018832891246684355,2.86968154613273,0.09497731285503508,1.0223801218538007,68
chr11,2538534,-0.0018832891246684355,2.86968154613273,0.09497731285503508,1.0223801218538007,68
chr11,2538656,-0.0021317073170731707,3.842189333309556,0.05401762450226419,1.2674645184129616,71
chr11,2538684,-0.0021317073170731707,3.842189333309556,0.05401762450226419,1.2674645184129616,71
chr11,2540911,0.0021750000000000003,3.909162027296964,0.05207952702647917,1.2833329685781694,70
chr11,2540932,0.0021750000000000003,3.909162027296964,0.05207952702647917,1.2833329685781694,70
chr11,2571934,0.0020765349032800685,3.5295005244755484,0.06457305209835187,1.1899486858235813,70
chr11,2573265,0.0020765349032800685,3.5295005244755484,0.06457305209835187,1.1899486858235813,70
chr11,2573325,-0.0021317073170731707,3.842189333309556,0.05401762450226419,1.2674645184129616,71
chr11,2575587,0.001892421602787457,2.885363345088966,0.09402748618457296,1.0267451745557497,69
chr11,2575620,0.001892421602787457,2.885363345088966,0.09402748618457296,1.0267451745557497,69
chr11,2575642,0.001892421602787457,2.885363345088966,0.09402748618457296,1.0267451745557497,69
chr11,2603498,-0.002770769230769231,5.608642941267817,0.02100379756769014,1.6777021760476538,64
chr11,2669523,0.0017857142857142859,2.5656182007973554,0.11384555713490656,0.9436839132213759,70
chr11,2669623,-0.0017857142857142859,2.5656182007973554,0.11384555713490656,0.9436839132213759,70
chr11,2681835,-0.0016626984126984126,2.1613697497937885,0.14619915599582495,0.8350551345424125,69
chr11,2703900,0.0015740740740740743,1.8908947546402888,0.17368194400343007,0.7602453285147284,69
chr11,2723345,-0.0019444444444444437,2.951594922141909,0.09041145494126894,1.0437765418407778,69
chr11,2761595,0.002000000000000001,3.1065158616177997,0.08254029350808356,1.0833339911320405,69
chr11,2775059,0.0021803571428571423,3.7095315450689643,0.058411578145511615,1.233501059971082,68
chr11,2775069,0.0021803571428571423,3.7095315450689643,0.058411578145511615,1.233501059971082,68
chr11,2809658,0.0015689655172413796,2.0040931262857447,0.16157686334726745,0.7916208269771917,68
chr11,2809732,0.0015173745173745173,1.8323124800950217,0.18069128549280183,0.7430627923956364,65
chr11,2809958,0.001341269841269841,1.3774968920447141,0.24468328987972554,0.6113956888452928,69
chr11,2885555,0.001238479262672811,1.0989851009766183,0.2989137904058464,0.5244540482962613,59
chr11,2972602,0.0015592334494773522,1.8786403383792378,0.17506331364962255,0.756804855337704,69
chr11,2972927,-0.0016379310344827585,2.1954641286103143,0.1429701375599772,0.8447546649633516,71
chr11,2999701,-0.0017356271777003484,2.38553717660133,0.12717331723257963,0.8956040002776188,69
chr11,3019582,0.0013032873806998941,1.2599125169410232,0.2659957322652196,0.5751253312957526,64
chr11,3026108,0.0016670771756978654,2.276894874073578,0.13588020150756294,0.8668438177516876,71
chr11,3062704,-0.0018142276422764229,2.7408856230885386,0.10235214631504917,0.9899030457908371,71
chr11,3088159,-0.0019743589743589753,3.181504740105132,0.07900475403823089,1.1023467746532307,69
chr11,3093799,-0.0017909482758620685,2.5604275538243275,0.11427419408563609,0.9420518328729814,69
chr11,3093834,-0.0017909482758620685,2.5604275538243275,0.11427419408563609,0.9420518328729814,69
chr11,3093890,-0.0017909482758620685,2.5604275538243275,0.11427419408563609,0.9420518328729814,69
chr11,3096203,-0.0015091698841698837,1.7045244797240016,0.19644505136595622,0.7067589069973911,65
chr11,3109557,-0.0016228070175438602,2.183947164112439,0.14421286746216816,0.84099598775459,68
chr11,3115027,0.0017909482758620685,2.5604275538243275,0.11427419408563609,0.9420518328729814,69
chr11,3133413,0.002154166666666666,3.8894015843366443,0.052660533730005704,1.2785147435052708,70
chr11,3133459,0.002154166666666666,3.8894015843366443,0.052660533730005704,1.2785147435052708,70
chr11,3154958,0.0019496021220159153,3.0416510457875274,0.0858091776577972,1.0664662600186485,68
chr11,3165498,-0.0018726790450928385,2.7485665670030306,0.10208770193585667,0.9910265723409555,68
chr11,3189774,-0.0011735197368421056,1.1139033907194087,0.2949704558753897,0.5302214806077215,70
chr11,3189790,-0.0011735197368421056,1.1139033907194087,0.2949704558753897,0.5302214806077215,70
chr11,3190112,-0.0012465277777777774,1.2061351038136083,0.27608931555477173,0.5589503998996347,68
chr11,3190204,0.0012465277777777774,1.2061351038136083,0.27608931555477173,0.5589503998996347,68
chr11,3192080,0.0010530560271646862,0.8771994198029393,0.35233367754335565,0.4530458431309487,69
chr11,3192139,0.0010530560271646862,0.8771994198029393,0.35233367754335565,0.4530458431309487,69
chr11,3248571,0.000994101633393829,0.7316879866490638,0.395478705220044,0.40287689637467694,67
chr11,3252766,0.0009124999999999996,0.6602679539404415,0.4193010857182119,0.37747401305357975,70
chr11,3252986,0.0008257713248638837,0.5152303149335901,0.47545536950637846,0.3228902435778741,67
chr11,3276503,0.0008624999999999998,0.5936782729830534,0.4436690806047783,0.35294083630625805,70
chr11,3276723,0.0007797413793103449,0.4707615007917632,0.4950046139542157,0.30539075297447815,69
chr11,3285586,0.0010928571428571424,0.9108303411861014,0.3435419060853344,0.46402027906568566,65
chr11,3300340,-0.0007280172413793098,0.4131534901551481,0.522566891655075,0.28185810939437095,69
chr11,3326899,-0.0009448717948717946,0.6907214135080567,0.4088711659983205,0.38841351524502316,69
chr11,3459140,-0.0007829119442022664,0.48519529208725715,0.48852448728881914,0.31111366238968213,68
chr11,3487624,0.0011027960526315789,0.9800539328533456,0.3256951456714694,0.4871887143359713,70
chr11,3501350,-0.0008478701825557807,0.5053901546149769,0.47985076753139466,0.3188938061964985,63
chr11,3567648,-0.0005880425880425879,0.27744584422822627,0.6000942865677852,0.22178050808458796,70
chr11,3576630,-0.00044526143790849643,0.16585588528823375,0.6851005836365965,0.16424566250536432,70
chr11,3576729,-0.00044526143790849643,0.16585588528823375,0.6851005836365965,0.16424566250536432,70
chr11,3621692,-0.0006687499999999996,0.33066959117169187,0.5672502807578751,0.24622528049094933,67
chr11,3636123,0.00024003795066413633,0.04497945842062523,0.832726472077925,0.07949762905537125,65
chr11,3645521,0.0007432432432432432,0.4476138602631838,0.5057354175136743,0.2960766309192886,70
chr11,3648906,-0.0007276182432432429,0.4158877413796074,0.5211982752733015,0.28299703010551447,69
chr11,3649043,0.0005277777777777774,0.2291948971126771,0.633680141976706,0.198129902414082,69
chr11,3649173,0.0006764705882352936,0.35875814015692703,0.5512786188256584,0.25862885117410095,67
chr11,3674683,0.0008954248366013066,0.6451327880950694,0.42465689028979925,0.3719618248570643,70
chr11,3695430,-0.0006625980819529205,0.3349165353091055,0.5647480909064528,0.2481452285088731,68
chr11,3699216,0.0008608903020667731,0.6124899238797414,0.4365295753444486,0.35998632704713224,71
chr11,3713281,0.0011220311220311225,1.0644678480195942,0.3058540252319206,0.5144857995392107,70
chr11,3713541,-0.0008608903020667729,0.6124899238797414,0.4365295753444486,0.35998632704713224,71
chr11,3772134,0.000419328419328419,0.14009630338237572,0.7093499457119823,0.1491394601663457,70
chr11,3885345,0.0006750398724082931,0.37410134284517993,0.5427871985691559,0.26537040356266156,71
chr11,3905366,0.0009798029556650244,0.6894228945260881,0.40954665570627735,0.3876966160974663,64
chr11,3908335,0.0007386363636363637,0.42999573606303465,0.5142365551440375,0.288837054233307,69
chr11,3908387,0.0007386363636363637,0.42999573606303465,0.5142365551440375,0.288837054233307,69
chr11,3936734,0.0006870535714285711,0.37147891797622984,0.5443239122453409,0.26414258663076445,67
chr11,3937210,-0.000387096774193548,0.11909235170792123,0.7311705374960551,0.13598131681016334,65
chr11,3948615,0.00046273546273546283,0.17872384850598858,0.6738061541763145,0.1714650267288843,70
chr11,3955604,0.0006913006756756755,0.37052205917798137,0.5447781573341756,0.26378031361253773,69
chr11,4149352,0.00017965949820788552,0.025534794320843893,0.8735372264901471,0.05871858247869622,67
chr11,4180702,0.00033333333333333305,0.08844336844860284,0.7670995540424126,0.11514826973343853,68
chr11,4195268,-0.0005173141891891892,0.21167863528701206,0.6469445251923893,0.18913295802643013,69
chr11,4205176,-0.00045394736842105257,0.16438790199119993,0.6864212541668215,0.16340927757126802,70
chr11,4212609,0.0005334928229665069,0.23318710562374367,0.6306992799276014,0.20017766484249402,71
chr11,4212672,0.0005334928229665069,0.23318710562374367,0.6306992799276014,0.20017766484249402,71
chr11,4212800,0.0008913270637408566,0.5859467216789784,0.4469915211302592,0.3497007148127292,62
chr11,4229938,0.00031663837011884535,0.07739103967062821,0.7817213606264525,0.1069480207338731,69
chr11,4229973,0.0002903225806451613,0.06675606341471751,0.7969002903957818,0.09859601491491304,70
chr11,4232813,0.0005662139219015281,0.2603864786713027,0.6115318305167391,0.21358093280921397,69
chr11,4241459,0.00015000000000000015,0.0174534977872344,0.8952918976757605,0.04803534582165441,69
chr11,4241468,0.00017631578947368407,0.023502556897493875,0.878625177672798,0.05619635585365617,68
chr11,4241472,0.00017631578947368407,0.023502556897493875,0.878625177672798,0.05619635585365617,68
chr11,4285758,4.222972972972971e-05,0.0014391267265612337,0.9698516583653649,0.013294687259552017,69
chr11,4413880,-0.0005118755118755122,0.21882706059299595,0.6414308930101955,0.1928501271316802,70
chr11,4413910,-0.0005118755118755122,0.21882706059299595,0.6414308930101955,0.1928501271316802,70
chr11,4423778,-0.0002874800637958531,0.06754956520433338,0.7957125664792342,0.09924378318625832,71
chr11,4436913,0.0003807565789473686,0.11556931282676113,0.734938378398778,0.13374907321959378,70
chr11,4441904,0.0008012205754141236,0.5188537597663053,0.47387448418014533,0.3243366753016492,68
chr11,4457946,0.0005095902353966869,0.19805240234093394,0.6577536694150699,0.1819367204337889,68
chr11,4466163,0.0006051520270270267,0.29838079840609816,0.5867137281905587,0.23157374984800458,69
chr11,4466165,-0.0006051520270270267,0.29838079840609816,0.5867137281905587,0.23157374984800458,69
chr11,4537073,0.00020019157088122606,0.03413206461432555,0.8540196345906536,0.06853214442065417,65
chr11,4551573,-0.00015656565656565664,0.019518457609264125,0.8893094601666123,0.05094708778519627,69
chr11,4551629,-0.00015656565656565664,0.019518457609264125,0.8893094601666123,0.05094708778519627,69
chr11,4653883,0.00027449324324324315,0.059077750556342276,0.8087021755327768,0.09221138856910523,69
chr11,4677864,6.060606060606037e-05,0.0027922690787153632,0.958019924208629,0.018625458683580752,67
chr11,4678010,-0.0002903357903357907,0.06837982914438827,0.7945009376341461,0.09990558592155394,70
chr11,4689997,0.0006552006552006554,0.35926432868855734,0.5509069956861563,0.2589217127081734,70
chr11,4693417,-0.0010176715176715178,0.753788216057149,0.38868247196343997,0.41040504388429044,63
chr11,4693472,-0.0010176715176715178,0.753788216057149,0.38868247196343997,0.41040504388429044,63
chr11,4739356,0.0007690972222222219,0.47015823931784434,0.4953159136259804,0.3051177186783014,68
chr11,4743104,-0.0004734848484848487,0.17700086854061986,0.6753098430500227,0.1704969201285425,69
chr11,4764529,0.0001857142857142857,0.02761305204478827,0.8685148843939252,0.061222734321365165,70
chr11,4785199,0.0005298935298935303,0.22511524583095036,0.6366898529915381,0.1960720714882839,70
chr11,4785370,-0.0004431818181818183,0.15419033164755344,0.6958091753492794,0.15750984868804396,69
chr11,4862236,-8.354978354978325e-05,0.005633095136565241,0.9403988189065507,0.026687924998703667,68
chr11,4875585,1.6339869281045702e-05,0.00022281340589622148,0.9881341803795268,0.005184077839820049,70
chr11,4878347,-0.0001580671580671581,0.01997115261835498,0.8880355105639385,0.05156966740426264,70
chr11,4962662,0.00010885167464114829,0.009676387803874571,0.9219247897903466,0.035304507049766426,71
chr11,4968364,-0.000342293906810036,0.09218350982047002,0.7623891617668821,0.11782328631817454,67
chr11,4994732,-2.2203947368420793e-05,0.0003923495013139475,0.9842546911254738,0.006892506611340107,70
chr11,5059875,-0.0006310096153846156,0.325096678076126,0.5704126922447763,0.24381081956828196,71
chr11,5059879,-0.0006310096153846156,0.325096678076126,0.5704126922447763,0.24381081956828196,71
chr11,5076293,-0.0006490990990990985,0.3383606005709247,0.5627890271782967,0.24965437868997975,67
chr11,5076365,0.00092513611615245,0.7243858478117544,0.39783366977042134,0.400298464105731,67
chr11,5113881,-0.00050990990990991,0.19598112178866237,0.6594542620549007,0.18081532055128016,67
chr11,5130062,-0.0006456896551724141,0.33298069529544344,0.5658431231176779,0.2473039578716175,69
chr11,5130122,-0.0006456896551724141,0.33298069529544344,0.5658431231176779,0.2473039578716175,69
chr11,5221012,-0.00017567567567567554,0.026193106497399123,0.8719166911439623,0.05952500853633769,69
chr11,5342219,0.0002389162561576354,0.045301055971696,0.832078983946815,0.07983544694946794,71
chr11,5444277,0.000644758064516129,0.3373010491771384,0.5632834372721192,0.24927301852689931,71
chr11,5444280,0.000644758064516129,0.3373010491771384,0.5632834372721192,0.24927301852689931,71
chr11,5446927,-0.000644758064516129,0.3373010491771384,0.5632834372721192,0.24927301852689931,71
chr11,5505122,0.0008192982456140354,0.5152355748615669,0.47541427216560894,0.32292778468245037,68
chr11,5505127,0.0008192982456140354,0.5152355748615669,0.47541427216560894,0.32292778468245037,68
chr11,5562650,0.000778787878787879,0.47170045059946164,0.49461204847216533,0.30573530867580356,68
chr11,5909381,0.0002583333333333333,0.054797507541750744,0.8156093210263299,0.08851781961880029,71
chr11,6033412,0.000159090909090909,0.018520333170014697,0.892184514618986,0.04954531894901772,65
chr11,6095388,0.00048109243697479003,0.18136018619513744,0.6715718778062365,0.17290749831314947,69
chr11,6096539,0.00039379084967320255,0.12422720463327715,0.7255843028873262,0.13931212126653336,70
chr11,6096671,0.00032472178060413383,0.08648326459427186,0.7695793372257036,0.11374660137737243,71
chr11,6096717,0.00032472178060413383,0.08648326459427186,0.7695793372257036,0.11374660137737243,71
chr11,6101380,-0.0001693404634581112,0.022235603910521224,0.8819237298815493,0.05456897169791928,67
chr11,6227101,0.00013319327731092467,0.013866453109593205,0.9066133784579276,0.042577876555088545,69
chr11,6266733,-6.4542483660131e-05,0.0033371115421364055,0.95410305612892,0.02040471304133245,70
chr11,6282845,-6.691919191919187e-05,0.0035264818356196665,0.9528228777076422,0.020987823793428815,69
chr11,6344702,-6.4542483660131e-05,0.0033371115421364055,0.95410305612892,0.02040471304133245,70
chr11,6394102,-6.4542483660131e-05,0.0033371115421364055,0.95410305612892,0.02040471304133245,70
chr11,6394159,0.00014563492063492085,0.0174058698559742,0.8954225822311507,0.04797195706592194,71
chr11,6420705,6.691919191919187e-05,0.0035264818356196665,0.9528228777076422,0.020987823793428815,69
chr11,6420816,-2.042483660130738e-05,0.00033664895589514255,0.9854149689222789,0.006380844871167067,70
chr11,6420819,2.0424836601307405e-05,0.00033664895589514255,0.9854149689222789,0.006380844871167067,70
chr11,6420840,-2.042483660130738e-05,0.00033664895589514255,0.9854149689222789,0.006380844871167067,70
chr11,6460693,0.00010026737967914441,0.008119819134364456,0.9284768690009266,0.03222891129995789,67
chr11,6468779,0.00014563492063492085,0.0174058698559742,0.8954225822311507,0.04797195706592194,71
chr11,6470547,0.00013319327731092467,0.013866453109593205,0.9066133784579276,0.042577876555088545,69
chr11,6478575,8.571428571428559e-05,0.006136814872751405,0.937789394448454,0.027894683047967432,70
chr11,6478621,-8.571428571428559e-05,0.006136814872751405,0.937789394448454,0.027894683047967432,70
chr11,6511102,0.00014563492063492085,0.0174058698559742,0.8954225822311507,0.04797195706592194,71
chr11,6517246,-0.0003899159663865546,0.12078577500288004,0.7292732453313284,0.1371097189998782,69
chr11,6612481,0.00011764705882352951,0.010589226264489719,0.9183512215867243,0.03699119197388165,68
chr11,6627416,-3.4722222222217925e-06,9.229172519384747e-06,0.997585229989886,0.001049989542921958,68
chr11,6635834,6.45424836601309e-05,0.003337111542136406,0.95410305612892,0.02040471304133245,70
chr11,6635860,6.45424836601309e-05,0.003337111542136406,0.95410305612892,0.02040471304133245,70
chr11,6636014,0.00013290043290043336,0.013693599689988253,0.9071998486802102,0.04229703089093407,68
chr11,6636270,-0.00021428571428571446,0.03676788649537198,0.8485098348441774,0.07134311952921256,70
chr11,6644642,0.00038991596638655483,0.12078577500288004,0.7292732453313284,0.1371097189998782,69
chr12,5440,-0.0015185009487666038,1.7430739320104438,0.19152655423594972,0.7177710046788877,65
chr12,6454,-0.0015467171717171721,1.9342132922683932,0.16890026612186965,0.7723696661473546,69
chr12,75435,0.0014752100840336134,1.7390019694363152,0.19175521852264082,0.7172528081104173,69
chr12,92039,0.0012857142857142856,1.3453703432306476,0.2501455242432018,0.6018072633736942,70
chr12,109334,-0.0011843434343434347,1.1124679570915839,0.2953347881969866,0.529685393427306,69
chr12,115121,-0.0010218487394957985,0.8622516280893083,0.35644270527039623,0.4480102688545724,69
chr12,115247,0.0008935064935064942,0.6481487843874192,0.42366615994605195,0.37297622359782995,68
chr12,131191,-0.0014079831932773106,1.6032682750410916,0.20982544664333572,0.6781418437562384,69
chr12,131207,-0.0014079831932773106,1.6032682750410916,0.20982544664333572,0.6781418437562384,69
chr12,136149,-0.0011544117647058817,1.0795727135224698,0.30247362984006965,0.5193124818847373,70
chr12,157088,0.0009856418918918917,0.7711898303165502,0.38298763349748477,0.41681524898310235,69
chr12,157424,0.0010264069264069268,0.8111057456393633,0.37106813455268883,0.43054633905494805,68
chr12,183084,-0.0013541666666666667,1.4413199047907024,0.23421713746115153,0.6303813311572627,68
chr12,202162,-0.001212121212121212,1.1925863356115332,0.27883972419056585,0.5546453555101057,67
chr12,207735,-0.001293697478991597,1.327020753961239,0.2534298869426622,0.5961421701593645,69
chr12,207753,-0.001293697478991597,1.327020753961239,0.2534298869426622,0.5961421701593645,69
chr12,245873,-0.0014651260504201676,1.7690159821665805,0.18801393307138045,0.7258099654607915,69
chr12,274706,-0.0009691964285714285,0.7460466038638661,0.39090692431425844,0.40792663664158413,67
chr12,274771,0.000969196428571429,0.7460466038638661,0.39090692431425844,0.40792663664158413,67
chr12,288965,0.0006333333333333334,0.30864814172278826,0.5804181261182075,0.23625903326015552,67
chr12,299785,-0.0004288617886178862,0.1476225072586362,0.7019993527602097,0.15366328828728726,71
chr12,302041,0.0004288617886178862,0.1476225072586362,0.7019993527602097,0.15366328828728726,71
chr12,342453,0.00010423588039867126,0.00851920720610731,0.9267275045871148,0.033047947248501124,71
chr12,378092,2.5278058645096223e-06,4.401818263470622e-06,0.9983325247452165,0.0007247797460846584,66
chr12,387645,0.0003183783783783781,0.06454246041480276,0.8003239444747927,0.09673418948151001,62
chr12,412124,-0.00029212454212454225,0.06246869113354132,0.8034121005934288,0.09506163142762604,68
chr12,424442,-0.00024869337979094086,0.046659128113183936,0.8296383898170309,0.08111116006652115,69
chr12,424484,-0.00024869337979094086,0.046659128113183936,0.8296383898170309,0.08111116006652115,69
chr12,471146,4.4973544973544974e-05,0.0015203309222494871,0.969013180041654,0.013670315848683818,69
chr12,484206,-0.0003911627906976744,0.11034224644314891,0.7408074964885172,0.13029463152708873,68
chr12,484274,-0.00012331649831649844,0.011765691481188155,0.91393787333544,0.03908332525591495,71
chr12,499058,-0.00015821678321678324,0.018653435519614705,0.8917682533851108,0.04974799243166311,70
chr12,517545,0.0005145502645502645,0.21582796038066834,0.643743545776389,0.191287112199686,69
chr12,539044,-0.0002738095238095237,0.055926769764300784,0.8137752113831993,0.08949554343758134,69
chr12,563350,8.489681050656641e-05,0.005313513012672978,0.9421144363746743,0.02589634129681094,67
chr12,587614,0.00032635467980295606,0.08457530606849166,0.772062615070759,0.1123474765075549,71
chr12,587637,0.00032635467980295606,0.08457530606849166,0.772062615070759,0.1123474765075549,71
chr12,588126,0.00036367595818815354,0.09934869838005912,0.7535922474128617,0.12286357800065294,69
chr12,609430,-0.00035531135531135524,0.09296351814440523,0.7614170866349876,0.11837738159568995,67
chr12,609442,-0.0005030946065428824,0.19076975890628609,0.663702381411178,0.1780266240757841,68
chr12,609551,0.00037678571428571427,0.10721559972515772,0.74437302895055,0.12820937115404807,68
chr12,640130,-0.0004577235772357724,0.16821074255035784,0.6829775759080763,0.16559355520464067,71
chr12,671037,-0.0005137931034482761,0.20102616165206785,0.6553404652770194,0.18353301485487722,69
chr12,709935,0.00029444444444444445,0.06508839427254277,0.7994451995802209,0.09721130094289085,66
chr12,709980,0.00040709459459459474,0.12910479415253606,0.720491990446666,0.14237084278080422,69
chr12,729243,-0.00024006359300476955,0.04724056465943215,0.8285778429548007,0.08166668437482924,71
chr12,736539,-0.0003635620915032677,0.10683089976097289,0.7447853357236482,0.12796888288197283,70
chr12,736560,-0.0003635620915032677,0.10683089976097289,0.7447853357236482,0.12796888288197283,70
chr12,745562,9.248310810810831e-05,0.006713067659942348,0.9349440219553208,0.02921439092821395,69
chr12,745585,0.0001242371403661727,0.011738612631550512,0.9140508386862383,0.03902964852559624,68
chr12,754265,-1.430842607313189e-05,0.00016770654954611868,0.9897049304978254,0.0044942661675844995,71
chr12,768948,1.430842607313199e-05,0.00016770654954611868,0.9897049304978254,0.0044942661675844995,71
chr12,783624,0.0002676767676767681,0.05818360902350927,0.8101268670908671,0.09144696462371601,69
chr12,783713,-0.0002676767676767681,0.05818360902350927,0.8101268670908671,0.09144696462371601,69
chr12,786075,-9.313725490196085e-05,0.006949432039350285,0.9338076277729621,0.029742582872361447,70
chr12,786131,9.313725490196077e-05,0.006949432039350285,0.9338076277729621,0.029742582872361447,70
chr12,800527,-0.00013185913185913192,0.014043455382481316,0.9060168422211431,0.04286372901665333,70
chr12,800698,0.00037500000000000006,0.10695765440291007,0.7447020157312261,0.12801747062317595,66
chr12,805505,9.34343434343434e-05,0.0068114191950535054,0.9344702841897805,0.02943450446984161,69
chr12,805738,0.00010931899641577084,0.008783519181520372,0.9256195335747972,0.0335674889372135,67
chr12,805816,0.00010931899641577084,0.008783519181520372,0.9256195335747972,0.0335674889372135,67
chr12,805818,0.00010931899641577084,0.008783519181520372,0.9256195335747972,0.0335674889372135,67
chr12,808150,0.00040534804753820025,0.12786724588121007,0.72177767823196,0.141596553103038,69
chr12,866938,-0.0009272875816993466,0.7252353235641328,0.39742117117784936,0.40074900113961975,70
chr12,885139,-0.0005800653594771235,0.2726147974734358,0.6032798874300884,0.21948115325765657,70
chr12,907416,-5.49258936355711e-05,0.002396463472233433,0.9611040469872602,0.017229594031336386,68
chr12,907420,-0.00011502546689303925,0.010759850450593716,0.917693733416517,0.03730223391832338,69
chr12,907458,0.0005937499999999998,0.28935681636013133,0.5924154130544196,0.22737365083042813,69
chr12,907468,0.0005937499999999998,0.28935681636013133,0.5924154130544196,0.22737365083042813,69
chr12,922017,0.0003700657894736843,0.10996886531457471,0.7411994735227689,0.13006489783430236,70
chr12,922251,-0.00023086124401913862,0.04354699609040401,0.8353135099670917,0.07815049446303841,71
chr12,931257,0.00046706081081081084,0.17004479306781173,0.6813884944798384,0.16660520394410813,69
chr12,931479,0.00046706081081081084,0.17004479306781173,0.6813884944798384,0.16660520394410813,69
chr12,953630,-0.0005921474358974362,0.2861251766843805,0.5944340361114523,0.22589633169668058,71
chr12,953780,-0.0005921474358974362,0.2861251766843805,0.5944340361114523,0.22589633169668058,71
chr12,996888,-0.000511513157894737,0.20930221383008563,0.6487732776208037,0.18790704662185803,70
chr12,1021914,-0.0008448275862068969,0.5435462603255695,0.4635408425461752,0.33391199418189077,69
chr12,1021925,-0.0007999999999999999,0.5038203287798108,0.4802532846238473,0.3185296561609406,70
chr12,1021957,-0.0008448275862068969,0.5435462603255695,0.4635408425461752,0.33391199418189077,69
chr12,1022119,-0.001017857142857143,0.774178315107766,0.38212011399429413,0.41780010136728196,68
chr12,1056051,0.001354323308270677,1.4057419333294017,0.24014800843988918,0.6195210106371486,66
chr12,1059793,0.0008033550792171483,0.4720639644530834,0.49452138936902934,0.3058149192659024,66
chr12,1059796,-0.0008033550792171486,0.4720639644530834,0.49452138936902934,0.3058149192659024,66
chr12,1113439,-0.0009328683522231908,0.6611729713241125,0.41906978613437773,0.3777136495649304,68
chr12,1119690,-0.0014848484848484851,1.571612903225806,0.21483580047797823,0.6678933456237874,62
chr12,1249060,-0.0010518341307814985,0.9153775780958037,0.34203187035127613,0.4659334247250888,71
chr12,1255945,-0.0010583333333333334,0.8521409547280314,0.3594145853991195,0.44440430277010295,66
chr12,1255969,-0.0010583333333333334,0.8521409547280314,0.3594145853991195,0.44440430277010295,66
chr12,1256033,-0.0012926374650512585,1.2813049166603778,0.2618799592729407,0.5818977352906645,66
chr12,1256160,-0.0012926374650512585,1.2813049166603778,0.2618799592729407,0.5818977352906645,66
chr12,1265552,-0.0010596491228070178,0.8595355938324128,0.3572466947326123,0.44703178063644117,68
chr12,1280570,-0.0018529106029106035,2.459364533666345,0.12199931436048735,0.9136426100653637,63
chr12,1312291,-0.001289898132427844,1.3248321714672502,0.2538178838077237,0.5954777811168825,69
chr12,1369970,-0.0011933811802232852,1.1828298880824746,0.2805651234701195,0.5519663162936322,71
chr12,1373278,0.001404513888888889,1.5979632987888928,0.2106383713414177,0.6764625118594972,68
chr12,1382346,0.0013736559139784948,1.4617202033592538,0.23103612041400245,0.6363201167737907,67
chr12,1397862,0.0013486842105263164,1.4902025712343272,0.2264011429984609,0.6451213849189634,70
chr12,1406833,-0.0015883064516129034,2.0988846994005432,0.15193607901630812,0.8183390855370618,71
chr12,1523543,0.0006209150326797381,0.30925143402628585,0.579965233344377,0.23659803991851852,70
chr12,1565236,-0.0005871212121212125,0.27111629324132336,0.6043005022532275,0.21874704479553733,69
chr12,1581404,-0.0011301075268817214,0.9300701251751887,0.3387810451765195,0.4700808964686286,61
chr12,1594606,0.0006619047619047625,0.341592322017517,0.5609041297090112,0.251111362445051,68
chr12,1597864,0.0006629570747217811,0.36191622316435723,0.5494154924284406,0.260099098498784,71
chr12,1602612,0.0006931818181818182,0.38343289002054953,0.5378716525463212,0.26932134374031524,69
chr12,1602709,0.0006467532467532472,0.3249854161308124,0.5705624485274989,0.24369681475736868,68
chr12,1758897,0.0008198198198198204,0.5471179796643287,0.4620436755466921,0.3353169700014524,70
chr12,1771418,-0.0010757211538461543,0.9533625921329558,0.33227574482326694,0.4785013598163093,71
chr12,1771508,-0.0010757211538461543,0.9533625921329558,0.33227574482326694,0.4785013598163093,71
chr12,1794108,-0.0005748552522746071,0.26164140016309073,0.6106517718569537,0.21420637842149612,70
chr12,1845688,0.0008229729729729727,0.5374492706592376,0.46612752849526906,0.3314952478064164,67
chr12,1868449,-0.00033613782051282074,0.0919416409822481,0.7626354756192801,0.1176829964563316,71
chr12,1874107,0.0007348484848484846,0.43753945792815024,0.510887537748181,0.29167469108013316,61
chr12,1902724,9.910714285714264e-05,0.007789557857764823,0.9299426043212131,0.031543855097459536,67
chr12,1939076,-0.00038726790450928356,0.11264940786147533,0.7382123438047238,0.13181869714976688,68
chr12,2000612,-0.00020689655172413782,0.03242140524702853,0.8576748126860725,0.0666773436498403,66
chr12,2000630,0.00020689655172413776,0.03242140524702853,0.8576748126860725,0.0666773436498403,66
chr12,2000906,-0.00044435483870967717,0.1597977778003049,0.6905775440419057,0.16078754799242706,71
chr12,2142940,0.0002896634615384614,0.06825209580372929,0.7946771501661902,0.0998092743360745,71
chr12,2143049,0.00024999999999999995,0.04924212675724503,0.8250725186065416,0.08350787806033418,68
chr12,2143179,0.00024999999999999995,0.04924212675724503,0.8250725186065416,0.08350787806033418,68
chr12,2145654,0.00026799007444168677,0.056589202594755854,0.8126857388739182,0.09007736124225389,70
chr12,2145682,0.0002740709459459457,0.05904038299343847,0.8087614859423591,0.09217953847661034,69
chr12,2145688,0.0002896634615384614,0.06825209580372929,0.7946771501661902,0.0998092743360745,71
chr12,2145768,0.0002896634615384614,0.06825209580372929,0.7946771501661902,0.0998092743360745,71
chr12,2169995,0.000420255183413078,0.14451633706529465,0.7049995148660109,0.1518111818612069,71
chr12,2197846,0.0005607142857142857,0.23208314017846843,0.6315771209904429,0.1995736107846598,68
chr12,2198956,0.0008333333333333333,0.5508781161612841,0.4605532598613782,0.33672013935114686,69
chr12,2235880,-0.0005731707317073171,0.2641295623077358,0.6089391949776981,0.21542607124898105,71
chr12,2236047,0.0004869638351555932,0.1850256822655187,0.668449522795263,0.17493138241720205,70
chr12,2248263,-0.0005374564459930313,0.2178250386599408,0.6422162575047627,0.19231870460066006,69
chr12,2248406,-0.0005731707317073171,0.2641295623077358,0.6089391949776981,0.21542607124898105,71
chr12,2248412,-0.0005731707317073171,0.2641295623077358,0.6089391949776981,0.21542607124898105,71
chr12,2274965,0.0008596338273757629,0.5762866720858845,0.4504743154598214,0.3463299659991564,68
chr12,2277089,0.000445833333333333,0.15645918773587197,0.6936758467296316,0.15884342704387183,70
chr12,2277240,0.0005302419354838708,0.22776429499996592,0.6346947639793765,0.19743508445623992,71
chr12,2277276,0.0005302419354838708,0.22776429499996592,0.6346947639793765,0.19743508445623992,71
chr12,2280156,0.0005124999999999998,0.20586873949791773,0.6514696708758789,0.1861057980294432,70
chr12,2280199,0.0004245689655172413,0.13713851829834026,0.712310601493254,0.1473305918961194,69
chr12,2304101,0.00022934472934472904,0.03820563867014607,0.8456500371251094,0.07280932772947904,66
chr12,2304453,-0.0003417329796640139,0.09074373086167573,0.7641808093536653,0.11680387281936606,68
chr12,2377865,-0.0004987179487179488,0.1913668966433929,0.6631882941728832,0.17836314805034792,69
chr12,2377890,-0.0004987179487179488,0.1913668966433929,0.6631882941728832,0.17836314805034792,69
chr12,2377935,-0.0004987179487179488,0.1913668966433929,0.6631882941728832,0.17836314805034792,69
chr12,2571527,0.00021823956442831188,0.036161211584255844,0.8497755976538641,0.07069574436492673,67
chr12,2598295,0.0002866379310344824,0.06343506822528205,0.8019177872931864,0.09587015335556842,69
chr12,2620331,-6.710158434296377e-05,0.0035330679145028727,0.9527871737205076,0.021004097893772368,66
chr12,2620443,-0.00015675675675675644,0.019850909075282846,0.8883900035806358,0.05139633690226002,67
chr12,2638623,-0.0003986543313709002,0.12389164267298446,0.7259399022575361,0.13909933136362632,70
chr12,2651564,-0.0004865853658536586,0.19015291910253715,0.6641506913118622,0.17773337096300074,71
chr12,2662998,-0.000271164021164021,0.05480197494392606,0.8156225943749246,0.08851075190268125,69
chr12,2665410,0.0002392857142857141,0.04428091269131642,0.8339801508447175,0.07884428567064679,68
chr12,2665455,-0.0002392857142857141,0.04428091269131642,0.8339801508447175,0.07884428567064679,68
chr12,2675424,0.00028114617940199345,0.06202484316445977,0.8040635970595525,0.09470959956036706,71
chr12,2688712,0.0003937282229965157,0.11647613018291277,0.7339563059919436,0.13432979380521431,69
chr12,2690436,0.0004429392446633824,0.15595550317518558,0.694125967357021,0.15856170827172925,71
chr12,2704060,-0.00035119047619047613,0.0950552462337595,0.7587887211775788,0.11987913319553202,70
chr12,2706399,-0.00035119047619047613,0.0950552462337595,0.7587887211775788,0.11987913319553202,70
chr12,2772608,0.00012500000000000014,0.012027650601322387,0.9129935955100537,0.03953226895463722,70
chr12,2773642,-0.0003244773519163763,0.08291023205728207,0.7742804517696169,0.11110170521503628,69
chr12,2873238,2.5641025641025735e-05,0.0004559724245248017,0.9830311462987673,0.0074327217900464065,65
chr12,2891768,-0.00011138211382113829,0.009937637852332554,0.9208813340838338,0.035796329925769865,71
chr12,2896271,5.298570227081565e-05,0.002207809274963518,0.9626610506093317,0.0165265994403003,70
chr12,2919325,1.5979814970563833e-05,0.000198702468348812,0.9887945194701886,0.004893949385570042,70
chr12,2951709,1.5979814970563833e-05,0.000198702468348812,0.9887945194701886,0.004893949385570042,70
chr12,2993391,0.0008990740740740737,0.5951269879362614,0.44323887095859227,0.35336216005180454,67
chr12,3049775,-0.0002018196856906533,0.03224303203876352,0.858029297717724,0.06649788275746307,70
chr12,3062785,0.0001085737179487181,0.009580957278570036,0.9223094887786714,0.03512332328999372,71
chr12,3062806,0.0001085737179487181,0.009580957278570036,0.9223094887786714,0.03512332328999372,71
chr12,3117328,-0.00020609756097560964,0.03403686830991951,0.8541695816822596,0.068455898541089,71
chr12,3132706,0.000429266136162688,0.1396808003054202,0.7097964474065676,0.14886617866493382,68
chr12,3145745,-0.0001619433198380567,0.018619764880420532,0.8919043009998253,0.04968174178681695,64
chr12,3163757,-0.0004281358885017424,0.14021878994325385,0.7092461719334199,0.1492029995753652,69
chr12,3164885,-0.00014837398373983724,0.01763665494931509,0.8947356645651625,0.04830525113870707,71
chr12,3164958,0.00014837398373983724,0.01763665494931509,0.8947356645651625,0.04830525113870707,71
chr12,3165129,0.00043589743589743575,0.13895827526673185,0.7105316417303796,0.14841657709904713,67
chr12,3191445,0.0004281358885017424,0.14021878994325385,0.7092461719334199,0.1492029995753652,69
chr12,3238555,0.0002896825396825393,0.06313464112986424,0.8023774491781935,0.09562128566447976,69
chr12,3238567,0.0002896825396825393,0.06313464112986424,0.8023774491781935,0.09562128566447976,69
chr12,3238568,0.0002896825396825393,0.06313464112986424,0.8023774491781935,0.09562128566447976,69
chr12,3238640,2.339901477832506e-05,0.00043423993794203274,0.9834346894537801,0.0072544765699101964,71
chr12,3238641,2.339901477832506e-05,0.00043423993794203274,0.9834346894537801,0.0072544765699101964,71
chr12,3238657,2.339901477832506e-05,0.00043423993794203274,0.9834346894537801,0.0072544765699101964,71
chr12,3264554,0.00022287636669470135,0.040292895336434494,0.8415081710596519,0.0749416626603625,70
chr12,3270359,0.0003780487804878053,0.113442419116944,0.737311271815174,0.13234912666965076,69
chr12,3335792,0.0007273148148148145,0.404115698110274,0.5272032548393067,0.2780219171652095,67
chr12,3335872,-0.00032246039142590867,0.07890959309130685,0.77968671604154,0.10807986503417019,66
chr12,3377918,-0.0006232578397212542,0.29497947487684434,0.5888495009907126,0.22999568864425546,69
chr12,3378802,-0.0008911149825783976,0.6097401877273463,0.43763596666157,0.3588869931628046,69
chr12,3385020,-0.0006108058608058603,0.27628457974245313,0.6009354916174825,0.22117214553170578,67
chr12,3404371,0.0006101626016260161,0.29947580401305973,0.5859769415333562,0.2321194733366073,71
chr12,3404546,0.0006101626016260161,0.29947580401305973,0.5859769415333562,0.2321194733366073,71
chr12,3404832,-0.0007199327165685448,0.4057194449402449,0.5262888233284988,0.27877585289417967,70
chr12,3435553,0.0007202380952380953,0.4015998031507978,0.5283901205283792,0.2770453111182979,70
chr12,3449847,-0.0008981481481481476,0.6118685404034709,0.436840946387246,0.3596766606957364,69
chr12,3465252,0.001277439024390244,1.1024262426455285,0.2977453551817085,0.5261550047727672,65
chr12,3486211,-0.001265116279069767,1.17627401837928,0.28206176445440456,0.5496557816642427,68
chr12,3542894,8.750000000000015e-05,0.005767182541484616,0.939702163696811,0.02700977316539855,66
chr12,3564864,-0.00033068783068783056,0.08465094337639271,0.7719895938254013,0.11238855377652479,69
chr12,3565032,-0.0003897560975609757,0.11937825419300553,0.7308429042007365,0.13617596527312334,66
chr12,3565063,-0.0004697560975609757,0.17441796004568558,0.677612719876098,0.16901845019778822,66
chr12,3596529,-0.001062962962962963,0.8578269255626751,0.357773690310926,0.44639159941118073,67
chr12,3596638,-0.0005626576955424729,0.24600690754355337,0.621500244897317,0.20655869589195436,70
chr12,3636334,0.0005817669172932331,0.24666937353827342,0.6211318044564829,0.20681623255397186,66
chr12,3636348,0.0005817669172932331,0.24666937353827342,0.6211318044564829,0.20681623255397186,66
chr12,3636423,0.0008560344827586207,0.568210293862243,0.4536119727782135,0.34331549105763404,69
chr12,3687181,0.00034261715296198073,0.08865630884701191,0.7668276455804159,0.11530223837796591,68
chr12,3687254,0.00034261715296198073,0.08865630884701191,0.7668276455804159,0.11530223837796591,68
chr12,3692348,0.00033705541770057904,0.09067429128395084,0.7642405351513006,0.11676993115210688,70
chr12,3710963,0.00043974358974358977,0.150300016258941,0.6994777514333339,0.15522609472955182,69
chr12,3711190,0.00019391025641025638,0.030569836317478317,0.8617155684733862,0.06463606065660253,71
chr12,3722971,0.00018482905982906,0.023244635779350004,0.8793341701764933,0.05584605020052862,62
chr12,3726983,0.00021171171171171163,0.033285493379097315,0.8558302280750318,0.06761237822326793,64
chr12,3750346,0.00043974358974358977,0.150300016258941,0.6994777514333339,0.15522609472955182,69
chr12,3750382,0.0004728070175438598,0.1694094979474683,0.6819707365569376,0.16623426057007662,68
chr12,3762270,0.0004383223684210528,0.15324103966126582,0.6966811566229444,0.1569659358201697,70
chr12,3763050,0.0005694444444444441,0.24043019269010335,0.6255724628056751,0.20372237681962277,66
chr12,3769815,0.00023996723996724017,0.04581637034103848,0.8311504887440575,0.08032033540477847,70
chr12,3769842,0.00023996723996724017,0.04581637034103848,0.8311504887440575,0.08032033540477847,70
chr12,3770729,0.00044214527027027054,0.15377235214550639,0.6962007494221509,0.15726551355714613,69
chr12,3782211,0.00021144674085850568,0.036643572609401244,0.8487547352081122,0.07121778977298272,71
chr12,3823049,-0.0003005733005733009,0.07226939631985102,0.788874710389144,0.10299196625487321,70
chr12,3835379,-0.00014433497536945808,0.015986451121370326,0.8997947342960009,0.045856552705105934,64
chr12,3836978,-0.0002803030303030303,0.061148408484497416,0.8054461485229516,0.0939634908513905,69
chr12,3853822,-4.117647058823562e-05,0.0013302471553022705,0.971014014205006,0.012774502071416552,69
chr12,3853845,-4.117647058823562e-05,0.0013302471553022705,0.971014014205006,0.012774502071416552,69
chr12,3933116,-0.0005848214285714289,0.2721937602106357,0.6036372702659338,0.21922395350358684,67
chr12,3959467,-0.00047794117647058804,0.1848356426768256,0.6686094641115141,0.17482748029756826,70
chr12,3964861,5.4112554112554255e-05,0.0023628218386738866,0.9613778034884387,0.017105909182378094,68
chr12,3967743,0.00043627450980392174,0.152810289334334,0.6970861772751203,0.15671352892990897,70
chr12,3985887,-3.53535353535353e-05,0.0010194632710642311,0.9746235700064206,0.011163089979195982,69
chr12,4099092,-0.00016050420168067198,0.02054766565687263,0.8864483072888548,0.05234658495168991,69
chr12,4099167,0.0008636363636363635,0.5854713368622602,0.4469881639788701,0.3497039766146415,66
chr12,4229905,0.00012173202614379053,0.011872538437833627,0.9135541825890244,0.03926568968900113,70
chr12,4263188,-0.00019761029411764663,0.031449969794357546,0.8598003120312561,0.0656024016086047,66
chr12,4266439,9.417229729729716e-05,0.007194573227507494,0.9326567797916618,0.03027814839303515,69
chr12,4315330,-0.00015724815724815734,0.019764673824599226,0.8886119281166684,0.05128786138495213,70
chr12,4327609,-0.00017946428571428573,0.0241105486649235,0.8770851464183408,0.05695824377801856,67
chr12,4347994,-7.3529411764706604e-06,4.330923608381072e-05,0.9947684482104688,0.0022779980154867792,70
chr12,4356892,0.00020588235294117675,0.03358639096885444,0.8551512277247697,0.06795707643120004,68
chr12,4411361,6.535947712418572e-06,3.415939360170045e-05,0.9953538201659982,0.002022512388780733,70
chr12,4514240,0.00028156565656565683,0.061796210790130736,0.8044395591133561,0.09450658068817068,69
chr12,4522634,-0.00040071770334928233,0.13136668680170832,0.7181270036980405,0.14379874220953567,71
chr12,4522659,0.0004007177033492825,0.13136668680170832,0.7181270036980405,0.14379874220953567,71
chr12,4522751,0.0004197792869269948,0.13671614640274707,0.7127338479444134,0.14707261593796445,69
chr12,4631309,-0.0002960304054054047,0.0714909196426545,0.7899995886860304,0.10237313482529761,69
chr12,4645193,-8.826013513513527e-05,0.00605736973305818,0.9381959600193153,0.027706441507274426,69
chr12,4685906,-8.826013513513527e-05,0.00605736973305818,0.9381959600193153,0.027706441507274426,69
chr12,4687230,-6.423611111111116e-05,0.0031221182802317247,0.9556094642217781,0.01971955770937201,68
chr12,4701363,0.00031691368788142954,0.08015763723114128,0.7779700345914704,0.10903713059668442,68
chr12,4702006,-6.100478468899561e-05,0.0030389885248800603,0.956196581250432,0.019452813397734758,71
chr12,4739764,-0.00041829004329004314,0.11778394131648492,0.7326704221315025,0.1350913405537441,61
chr12,4739849,-0.0004263392857142852,0.1185918168262214,0.7318123467767503,0.13560026758543475,60
chr12,4747492,-0.0002628205128205132,0.053610853566738,0.8176008639748368,0.08745865828164005,69
chr12,4815984,-0.0002890492359932092,0.0672221033741341,0.79622015526123,0.09896683302177361,69
chr12,4816018,0.0002890492359932092,0.0672221033741341,0.79622015526123,0.09896683302177361,69
chr12,4819675,-0.0004573365231259969,0.17121041962793457,0.6803216189624922,0.16728572800028288,71
chr12,4836721,-0.0002842197035745428,0.06353835795089606,0.8017716862665291,0.095949284472782,68
chr12,4853201,-0.0004913151364764269,0.19153351518475303,0.6630302828145559,0.17846663545810262,70
chr12,4856399,0.0006076576576576582,0.27310716219104647,0.6030317783239076,0.21965980098245713,67
chr12,4856487,0.0009521072796934872,0.6677993078931429,0.4168996277939232,0.3799684926096524,65
chr12,4856499,-0.000720876048462256,0.3742397306710061,0.5428694153530694,0.2653046253134733,66
chr12,4856509,-0.000720876048462256,0.3742397306710061,0.5428694153530694,0.2653046253134733,66
chr12,4857683,-0.00028632478632478666,0.055252591260166344,0.814963566400641,0.08886180630890701,62
chr12,4859261,-0.0003930288461538465,0.12575893732595964,0.723952064012278,0.140290189361103,71
chr12,4933046,8.54700854700873e-06,5.2674680351102445e-05,0.9942317941612794,0.0025123528365115113,66
chr12,4984659,-0.00022742200328407263,0.041044513399372436,0.8400482216437186,0.07569578323254543,71
chr12,4984982,0.00031933152664860044,0.07584426651409643,0.7838705714698886,0.10575563978587864,68
chr12,4993056,1.4905149051490387e-05,0.00016903361707388165,0.9896659825233055,0.004511357345701947,68
chr12,5216609,0.0004338624338624343,0.1400040695243835,0.7094585352761764,0.14907298206271746,69
chr12,5216622,0.0004338624338624343,0.1400040695243835,0.7094585352761764,0.14907298206271746,69
chr12,5295009,-0.00045403377110694176,0.14808532055720391,0.7016281220454827,0.1538930122811132,67
chr13,71168,-0.0006009290540540537,0.292769388296479,0.5902458504084009,0.22896705744884302,69
chr13,551158,2.804232804232801e-05,0.0006056205293444093,0.9804482194427853,0.008575337849424172,62
chr13,584565,-1.0714285714285673e-05,8.677110493756133e-05,0.992598130464097,0.003226547121660411,63
chr13,584875,-0.00011309523809523786,0.00979858226571318,0.9214673234366587,0.03552006088198264,64
chr13,584998,0.0004,0.1283858078996901,0.7212055080517442,0.14194096510639675,71
chr13,585058,0.0004543103448275863,0.15707140759579852,0.6931266601049004,0.1591873963285368,69
chr13,601362,3.928866832092624e-05,0.0012303970996871958,0.9721210934123398,0.012279633298871781,70
chr13,601363,3.928866832092624e-05,0.0012303970996871958,0.9721210934123398,0.012279633298871781,70
chr13,601488,-0.00011587436332767363,0.010485495313963158,0.9187460684002614,0.03680450638472819,69
chr13,850012,-0.000428861788617886,0.14762250725863504,0.7019993527602097,0.15366328828728726,71
chr13,981872,-0.0005041666666666665,0.20020869735886626,0.6559745673784727,0.18311299821778956,70
chr13,1207404,-0.0003749999999999997,0.11524989642574578,0.7352908644503116,0.13354082984420657,70
chr13,1234771,-0.0007519893899204244,0.42673496286500395,0.5158647349559945,0.2874641599295459,68
chr13,1236527,0.000568468468468468,0.2535137446305751,0.6163138788447173,0.2101980522306935,67
chr13,1260422,0.0003010610079575594,0.06812186883863013,0.794903916791625,0.09968536307816968,68
chr13,1266572,-0.0005164473684210526,0.21185819511285633,0.6467833513031609,0.18924116769301091,70
chr13,1312018,0.0004887820512820513,0.1946943678563575,0.660417505590443,0.1801814234762175,71
chr13,1332235,-0.0008498759305210918,0.5806393967293394,0.4486967462419489,0.3480470797744599,70
chr13,1429348,0.0005559293523969722,0.2401378593338369,0.6256839347320382,0.20364499596829613,70
chr13,1486599,-0.0005467332123411973,0.2191525060606126,0.6412524208776023,0.19297098231396836,67
chr13,1505325,0.0002628145386766074,0.05364490944872942,0.8175770027169609,0.08747133312617972,66
chr13,1529670,-0.0006171477079796267,0.3111277806483366,0.5788479895453122,0.237435470761785,69
chr13,1535340,-0.0005181488203266786,0.20592541104937884,0.651491480957326,0.18609125884228495,67
chr13,1618422,-0.0006597560975609754,0.3503937705766088,0.5558249771687782,0.2550619411807343,71
chr13,1640488,0.0004904214559386971,0.17791707043018287,0.6746052900335822,0.17095025753847767,65
chr13,1650724,0.0006405172413793104,0.3139887616703808,0.5771117224858664,0.23874010406731982,69
chr13,1669687,-0.0007030172413793101,0.3834080442223459,0.537884787980643,0.269310737907194,69
chr13,1755162,0.0005508684863523574,0.24095446760802627,0.625098039937131,0.20405186287262914,70
chr13,1764229,0.0007524671052631579,0.45697657380306184,0.5013330816695132,0.2998736364751477,70
chr13,1811299,0.0005407470288624788,0.226154804985496,0.6359366135883431,0.19658617010739965,69
chr13,1812721,-0.0004257518796992482,0.14161098003691674,0.7079293599945634,0.1500100757779236,66
chr13,1824865,0.0004235197368421052,0.14903662666020517,0.7006629377621592,0.15449085432186405,70
chr13,1855666,4.384236453201958e-05,0.0014625112164117536,0.969616976005239,0.013399789505284627,64
chr13,1894392,-0.000586842105263158,0.26271303069537477,0.6099735239197288,0.2146890152598996,68
chr13,1910129,0.0005508684863523574,0.24095446760802627,0.625098039937131,0.20405186287262914,70
chr13,1943811,0.0005932802829354555,0.26441408807985445,0.6088212427050053,0.21551020277392388,68
chr13,1944069,0.00048333333333333334,0.1830420156770619,0.6701238476156197,0.17384492660432796,70
chr13,1957570,0.00014651162790697687,0.015468457701101623,0.9013985646806187,0.045083137802409086,68
chr13,1957621,-0.00014651162790697687,0.015468457701101623,0.9013985646806187,0.045083137802409086,68
chr13,1962967,0.00045868945868945846,0.1546214163948967,0.6954643534394318,0.15772512519931764,66
chr13,1962999,0.00045868945868945846,0.1546214163948967,0.6954643534394318,0.15772512519931764,66
chr13,1963017,0.00045868945868945846,0.1546214163948967,0.6954643534394318,0.15772512519931764,66
chr13,1997911,0.00021428571428571406,0.031063923655493802,0.8606543752014458,0.06517121913663271,66
chr13,2003583,3.3102766798419115e-05,0.0007455663625109409,0.978300080452111,0.009527910759460375,67
chr13,2010769,-0.000575996677740864,0.2610906251575329,0.6110029734972153,0.21395667622178247,71
chr13,2019982,-0.0006845238095238097,0.365247658057034,0.5476173773727027,0.26152277898703996,70
chr13,2019985,0.0005759966777408639,0.2610906251575329,0.6110029734972153,0.21395667622178247,71
chr13,2031234,-0.0005753968253968254,0.24746457181474907,0.6204947314305049,0.20726190170815753,69
chr13,2053160,0.000494301994301994,0.18655829070221083,0.6672484042206138,0.17571245619015197,66
chr13,2053198,0.0004148148148148147,0.13382803771742688,0.7156834597049889,0.14527901973150936,67
chr13,2053229,0.0004148148148148147,0.13382803771742688,0.7156834597049889,0.14527901973150936,67
chr13,2056294,-0.0008218390804597699,0.5398713211922875,0.4649759555574168,0.33256950439762273,71
chr13,2056376,0.0008218390804597699,0.5398713211922875,0.4649759555574168,0.33256950439762273,71
chr13,2106333,-0.0007380952380952379,0.4218857936021167,0.5181856470492767,0.28551462047722076,70
chr13,2223128,-0.0007962962962962965,0.4741269301467579,0.49347211556065274,0.30673738281254553,69
chr13,2228855,-0.0008502943650126156,0.5644416795252044,0.4550684360906945,0.34192328646026865,70
chr13,2228927,-0.0008502943650126156,0.5644416795252044,0.4550684360906945,0.34192328646026865,70
chr13,2235680,-0.0007380952380952379,0.4218857936021167,0.5181856470492767,0.28551462047722076,70
chr13,2261365,-0.0008218390804597699,0.5398713211922875,0.4649759555574168,0.33256950439762273,71
chr13,2275533,0.0010555555555555555,0.8769669846992165,0.3523970683682648,0.4529677131906976,69
chr13,2281900,-0.0014166666666666663,1.5879094694315037,0.21193243209970855,0.6738025779557354,70
chr13,2286044,-0.0010796064400715568,0.8778475579091501,0.3521569975010468,0.45326367758004493,69
chr13,2307365,0.0015858175248419154,1.901674269031918,0.17254662159414644,0.7630935396317444,68
chr13,2343353,-0.0013131229235880401,1.3788432121509562,0.2443351669781641,0.6120140208472509,71
chr13,2343469,-0.0013131229235880401,1.3788432121509562,0.2443351669781641,0.6120140208472509,71
chr13,2343494,-0.0013131229235880401,1.3788432121509562,0.2443351669781641,0.6120140208472509,71
chr13,2343570,-0.0014285714285714286,1.6199918107031632,0.20742750080080607,0.6831336652359355,70
chr13,2353803,-0.0012698412698412698,1.2185877255989377,0.2735869221161701,0.5629046664129166,69
chr13,2388394,-0.0012377260981912147,1.1842857712152766,0.280327267560343,0.5523346561639824,70
chr13,2388526,-0.001341269841269841,1.3760615722703282,0.2449267656226566,0.6109637525353246,69
chr13,2388571,-0.001341269841269841,1.3760615722703282,0.2449267656226566,0.6109637525353246,69
chr13,2400414,-0.0013131229235880401,1.3788432121509562,0.2443351669781641,0.6120140208472509,71
chr13,2484313,0.0009814814814814814,0.7650892783512326,0.38486528205629056,0.41469126399355016,69
chr13,2594343,-0.0014289318755256524,1.626857180816535,0.20647851670511833,0.6851251283261403,70
chr13,2618423,-0.0014982142857142854,1.7159724682271789,0.19475350100078254,0.7105147264581988,68
chr13,2618494,-0.0014982142857142854,1.7159724682271789,0.19475350100078254,0.7105147264581988,68
chr13,2620340,-0.0004385964912280703,0.13681812128652798,0.7127673754008914,0.1470521869280066,62
chr13,2649396,-0.001496747967479675,1.842170540879468,0.17911985956274296,0.746856259933435,71
chr13,2649512,-0.0014289318755256524,1.626857180816535,0.20647851670511833,0.6851251283261403,70
chr13,2689989,-0.0006490384615384611,0.2945459454553634,0.5892070698775813,0.2297320507119587,66
chr13,2692911,0.0007401610017889088,0.40976543715672464,0.5242716938705708,0.28044358979280387,69
chr13,2698364,0.000824175824175824,0.49787372715312755,0.4829189737005848,0.316125731001421,68
chr13,2704295,-0.0008555456171735237,0.5409445553784944,0.46460848703973867,0.3329128611718985,69
chr13,2704343,-0.0008555456171735237,0.5409445553784944,0.46460848703973867,0.3329128611718985,69
chr13,2716281,-0.0009444444444444446,0.6846853673198261,0.4109155105893165,0.38624746536695176,69
chr13,2773035,0.0012930555555555555,1.2071950738331134,0.2758209569804512,0.559372739047802,69
chr13,2784248,-0.0012513888888888893,1.1339014681936435,0.2907672376800156,0.5364545293685509,69
chr13,2856837,-0.0013555555555555554,1.3803570201117044,0.24413810310008804,0.6123644341235401,70
chr13,2857094,-0.0011888888888888889,1.0306934022269012,0.3136480978980735,0.5035573418740581,69
chr13,2879471,0.0012930555555555553,1.2071950738331136,0.2758209569804512,0.559372739047802,69
chr13,2879484,0.0012930555555555553,1.2071950738331136,0.2758209569804512,0.559372739047802,69
chr13,2879499,0.0012930555555555553,1.2071950738331136,0.2758209569804512,0.559372739047802,69
chr13,2883567,-0.0014437229437229435,1.443634386226416,0.23412174186523885,0.6305582533958576,64
chr13,2888710,0.0012955555555555554,1.2681356531846302,0.26407536343001903,0.5782721138460085,70
chr13,2905567,-0.0012007113821138212,1.0044278520802086,0.320075416390239,0.4947476808576261,65
chr13,2928789,-0.001258741258741258,1.258710246195342,0.2658414508107766,0.5753773015916864,70
chr13,2928941,-0.0011818181818181814,1.069378314654864,0.3048041423207374,0.5159791351840964,69
chr13,3003815,-0.0015422222222222224,1.7974368594096821,0.18448444219706644,0.7340402525556292,70
chr13,3003831,-0.0015422222222222224,1.7974368594096821,0.18448444219706644,0.7340402525556292,70
chr13,3004021,-0.0016145299145299147,2.0447758671581315,0.15724209327089056,0.8034311833081571,71
chr13,3004070,0.0016145299145299144,2.0447758671581315,0.15724209327089056,0.8034311833081571,71
chr13,3044960,0.0012826086956521745,1.2542799956886737,0.26661984777756564,0.574107523866537,71
chr13,3045099,0.0011992753623188408,1.0552894091417422,0.3079323975547564,0.5115446165885991,70
chr13,3095611,0.0005367494824016563,0.19248420492020624,0.6623118978135515,0.17893744318901655,67
chr13,3167933,-0.00013182238667900072,0.012386815259709685,0.9117094306780538,0.040143552856140595,70
chr13,3167952,-0.00013182238667900072,0.012386815259709685,0.9117094306780538,0.040143552856140595,70
chr13,3325554,-0.00019913043478260846,0.029706032821323558,0.8636634763767349,0.0636554459729793,71
chr13,3460459,-0.00019913043478260846,0.029706032821323558,0.8636634763767349,0.0636554459729793,71
chr13,3460463,-0.00038222222222222254,0.11224370234957745,0.7386353477274448,0.13156991282957162,70
chr13,3460471,-0.00019913043478260846,0.029706032821323558,0.8636634763767349,0.0636554459729793,71
chr13,3465159,-0.00018222222222222237,0.024334317778838963,0.8764994512760428,0.05724835145593789,70
chr13,3484682,-0.0004347826086956521,0.131597038084576,0.7179237915499509,0.1439216541781821,69
chr13,3552021,0.00044871794871794904,0.15373895316732283,0.6961960694205909,0.15726843298187526,71
chr13,3572567,-0.00035402097902097906,0.09465960431917056,0.7592753456626544,0.11960070181640582,70
chr13,3572639,0.0001830808080808084,0.02593880189617687,0.8725204942686862,0.0592243632876712,71
chr13,3572653,-0.0001830808080808085,0.02593880189617687,0.8725204942686862,0.0592243632876712,71
chr13,3639621,-0.0002770979020979021,0.057434194863514726,0.8113191730071104,0.09080826070056383,70
chr13,3653353,-0.001463932806324111,1.5225652070339273,0.2216747096738048,0.6542838516560383,67
chr13,3663411,-0.0006793381037567086,0.3448549635932098,0.5590139962128684,0.2525773184070986,69
chr13,3663433,0.0006793381037567086,0.3448549635932098,0.5590139962128684,0.2525773184070986,69
chr13,3663462,-0.0005546942291128337,0.23708237022112008,0.6278872108759666,0.20211836278105474,70
chr13,3683170,0.000977777777777778,0.7112601787659273,0.4019827164849905,0.395792619295032,70
chr13,3683192,0.000843162393162393,0.5459028672786448,0.46250260295413526,0.33488581871859935,71
chr13,3683208,0.000843162393162393,0.5459028672786448,0.46250260295413526,0.33488581871859935,71
chr13,3774040,-0.0013783670033670036,1.5016932640389513,0.22457749394754092,0.6486337687519426,71
chr13,3803491,-0.0008958333333333336,0.5932486605905811,0.44391391291436233,0.35270124333406916,68
chr13,3820197,-0.0014283216783216783,1.5625035650901555,0.21558389271111608,0.6663836904611818,70
chr13,3837640,0.0016590909090909089,2.0794297760380216,0.1539542377288765,0.8126083522499874,69
chr13,3888423,0.0013534798534798535,1.4016058978528958,0.2407012708161642,0.6185216168002061,68
chr13,3888880,0.000916666666666666,0.6496330253055419,0.42305364753059516,0.3736045561493596,70
chr13,3916175,0.0015064102564102562,1.7233407054989092,0.1940257179410379,0.7121407008965022,65
chr13,3925259,-0.0006459948320413435,0.33194528135877366,0.5664179793742576,0.24686296962072435,70
chr13,3978697,-0.0009563008130081298,0.6437259790458145,0.42538105590373254,0.37122185505310706,65
chr13,4011248,-0.0004523809523809522,0.15787002797517605,0.6923695996004702,0.1596620092767279,70
chr13,4011408,0.0011785714285714286,0.9859474766904429,0.324657422804117,0.4885746631869879,63
chr13,4015161,-0.00029583333333333306,0.07167939536271625,0.7897175163902107,0.10252822897789056,70
chr13,4015197,-0.00029583333333333306,0.07167939536271625,0.7897175163902107,0.10252822897789056,70
chr13,4022758,-0.00047820512820512826,0.17744717969724064,0.6749246666743127,0.17074469927781352,69
chr13,4043814,0.0010379403794037938,0.8086342643016273,0.37179353166243556,0.4296981702062601,68
chr13,4043853,0.0010379403794037938,0.8086342643016273,0.37179353166243556,0.4296981702062601,68
chr13,4043893,0.0010379403794037938,0.8086342643016273,0.37179353166243556,0.4296981702062601,68
chr13,4043927,-0.0009089721254355407,0.6378154769127875,0.4273248831932652,0.3692418174124193,69
chr13,4043946,-0.0009089721254355407,0.6378154769127875,0.4273248831932652,0.3692418174124193,69
chr13,4046532,-0.00047820512820512826,0.17744717969724064,0.6749246666743127,0.17074469927781352,69
chr13,4069440,-0.0002261904761904762,0.03932950153205325,0.8433890177027357,0.07397205850511793,70
chr13,4069451,-0.0001399835796387517,0.01554475591077727,0.901140515394696,0.04520748393497255,71
chr13,4069459,-0.0001399835796387517,0.01554475591077727,0.901140515394696,0.04520748393497255,71
chr13,4069586,-0.0003373015873015875,0.08483270305741226,0.7717518692723098,0.1125223099331153,69
chr13,4076420,-0.00033730158730158733,0.08483270305741225,0.7717518692723098,0.1125223099331153,69
chr13,4076424,0.0003373015873015872,0.08483270305741225,0.7717518692723098,0.1125223099331153,69
chr13,4162820,-0.000100732600732601,0.007597412123171462,0.9308057562131945,0.031140939648417684,68
chr13,4176128,0.0001399835796387517,0.01554475591077727,0.901140515394696,0.04520748393497255,71
chr13,4176522,0.00033333333333333283,0.0868347863620259,0.7691380630222582,0.11399569579430108,70
chr13,4241919,-0.0011069330199764975,0.8228210645059482,0.3681100143623659,0.43402236749450307,60
chr13,4262731,0.0005242673992673989,0.20099966882330078,0.6554060810737398,0.18348953340753793,67
chr13,4263086,-0.0006008620689655172,0.2782365773358354,0.5996018253103319,0.2221370537407056,69
chr13,4296062,0.0006113360323886641,0.26173729955831015,0.6107464836723338,0.2141390247656565,64
chr13,4373950,-0.0006509671993271659,0.3296926070397906,0.5677347234337426,0.24585454291657227,70
chr13,4387151,0.0008208333333333332,0.555760370022266,0.4585427003808493,0.33862021577084217,70
chr13,4408931,0.0009184981684981681,0.6499302978603191,0.42307735052121864,0.37358022403516267,67
chr13,4409022,0.0010258620689655169,0.8577764824985998,0.3577877329893532,0.44637455361314227,67
chr13,4414724,0.0007199327165685446,0.405719444940245,0.5262888233284988,0.27877585289417967,70
chr13,4418340,-0.0003428571428571424,0.09146986678464532,0.7632678760972023,0.117323015526569,68
chr13,4418362,-0.0006181034482758616,0.29504590378339096,0.588807635925283,0.23002656650562675,69
chr13,4418620,-0.0006181034482758616,0.29504590378339096,0.588807635925283,0.23002656650562675,69
chr13,4418626,0.0006181034482758616,0.29504590378339096,0.588807635925283,0.23002656650562675,69
chr13,4425451,0.00034062237174095893,0.09418692935004915,0.7598581812516628,0.1192674562022471,70
chr13,4425547,0.000610162601626016,0.2994758040130581,0.5859769415333562,0.2321194733366073,71
chr13,4437942,-0.00075,0.4446424938728455,0.5071465297891768,0.29486654188034955,70
chr13,4438231,-0.0006974358974358976,0.37582676265084514,0.5419206766013005,0.2660642784717585,69
chr13,4438306,-0.0005894736842105262,0.26458699615047226,0.608704379502065,0.2155935735768124,68
chr13,4438319,0.0005894736842105262,0.26458699615047226,0.608704379502065,0.2155935735768124,68
chr13,4452719,-0.0012115384615384612,1.0655684031834312,0.30577419374850506,0.5145991702825823,67
chr13,4464373,-0.0008274853801169589,0.5179090283419705,0.4743963525762023,0.32385865872920283,65
chr13,4490794,-0.0007037037037037033,0.37825315228384726,0.5406543954823821,0.2670802618755366,68
chr13,4491001,-0.0008269230769230772,0.5065817481359095,0.47916910313646444,0.31951119306018927,67
chr13,4499720,0.0009347222222222222,0.6884985597963119,0.40971262097223093,0.38752065763784543,67
chr13,4503506,0.0008965517241379303,0.6312805225255398,0.42965029311116365,0.36688488759193355,70
chr13,4525321,0.0009999999999999998,0.7624655524494931,0.38567689618782164,0.41377637658293664,69
chr13,4541278,-0.000784051724137931,0.47755684439995416,0.49191850120345737,0.3081068431868175,69
chr13,4552120,0.0008840517241379303,0.5986785411807359,0.4418042654488348,0.3547700954995559,69
chr13,4592071,-0.0012507122507122504,1.2994795505037453,0.2585566357041774,0.5874443118361118,66
chr13,4592077,0.0012507122507122506,1.2994795505037453,0.2585566357041774,0.5874443118361118,66
chr13,4606819,-0.0009958333333333336,0.8211622484571873,0.3680404073186567,0.43410449732608164,70
chr13,4610206,-0.0005249999999999996,0.21487227648582716,0.6445001734062159,0.1907769614613112,68
chr13,4621961,0.0008965517241379303,0.6312805225255398,0.42965029311116365,0.36688488759193355,70
chr13,4672037,-0.0007833333333333331,0.4949795612631826,0.4840817875991805,0.3150812563261935,71
chr13,4744599,0.0005135135135135136,0.21353612511378786,0.6455068985262096,0.1900991120716787,69
chr13,4752602,-0.0005263157894736843,0.2304395135989491,0.6327387167573615,0.19877559060859745,70
chr13,4800644,-0.0009481907894736845,0.733430288583919,0.39478147089003457,0.40364323918136524,70
chr13,4800651,-0.0009481907894736845,0.733430288583919,0.39478147089003457,0.40364323918136524,70
chr13,4810727,-0.0010520833333333335,0.8881984873610339,0.34940300185971584,0.4566733681409821,68
chr13,4819226,-0.001227344992050875,1.256421868257725,0.2662155636857541,0.5747665580827713,71
chr13,4845239,0.0017792792792792804,2.647704864328231,0.10832488920043305,0.9652717465092823,70
chr13,4854157,-0.001565359477124182,2.0211884239524323,0.15968808651581554,0.7967274830690166,70
chr13,4886857,0.0016920821114369496,2.135688860844429,0.14895576840368013,0.8269426738025487,64
chr13,4886878,0.0016920821114369496,2.135688860844429,0.14895576840368013,0.8269426738025487,64
chr13,4896917,0.0016128472222222221,2.0448037660683016,0.15744369323511753,0.8028747313313095,68
chr13,4900876,-0.0015050420168067223,1.8317417952715032,0.18047060560986264,0.7435935242902025,69
chr13,4929231,0.0016654040404040398,2.268632143934882,0.13671681921850037,0.8641780542364325,69
chr13,4929289,0.0014325892857142855,1.6191826843061345,0.20773889131019865,0.6824821905121856,67
chr13,4929303,0.0014325892857142855,1.6191826843061345,0.20773889131019865,0.6824821905121856,67
chr13,4929313,0.0014325892857142855,1.6191826843061345,0.20773889131019865,0.6824821905121856,67
chr13,4929339,0.0014325892857142855,1.6191826843061345,0.20773889131019865,0.6824821905121856,67
chr13,4966850,0.0016508403361344536,2.2282226957937863,0.14020386337154278,0.8532400190524873,69
chr13,5005857,-0.001819952305246424,2.8242779247613443,0.09737071473146261,1.0115716421248355,71
chr13,5005864,0.0018199523052464237,2.8242779247613443,0.09737071473146261,1.0115716421248355,71
chr13,5005895,0.0017099673202614371,2.452404795789376,0.12198712180386607,0.9136860154296008,70
chr13,5005987,0.0017099673202614371,2.452404795789376,0.12198712180386607,0.9136860154296008,70
chr13,5009615,-0.001819952305246424,2.8242779247613443,0.09737071473146261,1.0115716421248355,71
chr13,5009651,0.0018199523052464237,2.8242779247613443,0.09737071473146261,1.0115716421248355,71
chr13,5009704,-0.0017655228758169928,2.5921012304648845,0.1120306403763905,0.950663181557504,70
chr13,5092346,-0.0018667279411764706,2.636814685758383,0.10932832795374714,0.9612672938600727,66
chr13,5101138,-0.0015467171717171717,2.0054280183547304,0.16136942021663364,0.7921787613701168,69
chr13,5107433,0.0018199523052464237,2.8242779247613443,0.09737071473146261,1.0115716421248355,71
chr13,5107528,0.0018199523052464237,2.8242779247613443,0.09737071473146261,1.0115716421248355,71
chr13,5107587,0.0018199523052464237,2.8242779247613443,0.09737071473146261,1.0115716421248355,71
chr13,5107595,0.0017238562091503253,2.485720213815607,0.11952497731678566,0.922541330051715,70
chr13,5127678,-0.00197804054054054,3.2014861398031016,0.07809107797906586,1.107398582074052,69
chr13,5127687,-0.00197804054054054,3.2014861398031016,0.07809107797906586,1.107398582074052,69
chr13,5127728,-0.00197804054054054,3.2014861398031016,0.07809107797906586,1.107398582074052,69
chr13,5142252,0.0019251082251082255,2.9875715925767974,0.08858188618853421,1.0526550764496467,68
chr13,5142814,0.001793073593073593,2.5521088302262025,0.1149243084057292,0.9395881010775811,68
chr13,5166714,-0.0019444444444444446,3.0437647058823534,0.0857027767998955,1.0670051065559714,68
chr13,5173230,-0.0017927927927927937,2.6818407584088333,0.1061180990933375,0.9742105381909166,70
chr13,5184373,0.0021477768090671315,3.7610156228520832,0.05673717613458018,1.2461322832685462,68
chr13,5186059,-0.0018728070175438591,2.9879900633598617,0.08835682074203557,1.053759919317477,71
chr13,5195668,0.001490953947368422,1.8120878855833726,0.18272855110148836,0.7381935893903822,70
chr13,5195690,0.001581885856079404,2.0548611094759752,0.15630324322859393,0.8060320104538219,70
chr13,5213536,0.0007653153153153149,0.47736373180100766,0.4920789802393376,0.30796518599424083,67
chr13,5311724,0.0004931941923774951,0.1877746425031307,0.6662099271514004,0.1763889002024031,67
chr13,5353687,-0.001152981427174975,0.9673324322236561,0.3291689789145318,0.4825810997083698,64
chr13,5385854,0.0016725225225225218,2.1806229496006457,0.14458655200094586,0.8398720989044266,67
chr13,5570737,-0.0012499999999999992,1.2998933957014518,0.25817489189920817,0.5880859961510948,71
chr13,5570770,0.0012499999999999987,1.2998933957014518,0.25817489189920817,0.5880859961510948,71
chr13,5571602,0.0012499999999999987,1.2998933957014518,0.25817489189920817,0.5880859961510948,71
chr13,5588289,-0.001522875816993463,1.9140708503377204,0.17103694417785256,0.7669100713644351,70
chr13,5628629,0.0009090909090909089,0.6331479323762819,0.4291444147014408,0.3673965354287658,66
chr13,5639018,-0.0012,1.174388094771881,0.2823289803876551,0.5492445402857498,70
chr13,5639020,-0.0012,1.174388094771881,0.2823289803876551,0.5492445402857498,70
chr13,5639226,-0.0012630952380952374,1.3342747351243487,0.25203071458840426,0.5985465292049138,71
chr13,5639295,-0.0012630952380952374,1.3342747351243487,0.25203071458840426,0.5985465292049138,71
chr13,5639413,-0.0013333333333333333,1.3124311499025503,0.256220706093306,0.591385776313833,66
chr13,5640882,-0.0012630952380952374,1.3342747351243487,0.25203071458840426,0.5985465292049138,71
chr13,5663758,0.0011426767676767672,1.0308880886248524,0.31360274598334376,0.5036201431808632,69
chr13,5663808,-0.0009264069264069265,0.6861572193685583,0.4104600235308147,0.3867291342946117,68
chr13,5663818,-0.001209967320261437,1.1872841150784432,0.2797244755233242,0.5532695317705161,70
chr13,5663841,-0.0011426767676767672,1.0308880886248524,0.31360274598334376,0.5036201431808632,69
chr13,5663914,-0.001209967320261437,1.1872841150784432,0.2797244755233242,0.5532695317705161,70
chr13,5663971,-0.001209967320261437,1.1872841150784432,0.2797244755233242,0.5532695317705161,70
chr13,5776557,-0.0012204861111111106,1.1582908677857924,0.28573870324458606,0.5440309305408023,68
chr13,5776561,-0.0012204861111111106,1.1582908677857924,0.28573870324458606,0.5440309305408023,68
chr13,5780511,0.0010444078947368424,0.9165364000760144,0.34177748379039696,0.4662565518776718,70
chr13,5838995,0.0006831932773109239,0.37019290799770316,0.5449563856987711,0.26363825406886715,69
chr13,5838999,0.0006831932773109239,0.37019290799770316,0.5449563856987711,0.26363825406886715,69
chr13,5844583,0.0011501782531194295,1.022679965350396,0.3156338997690602,0.5008163587832797,67
chr13,5921981,-0.0002726890756302516,0.058397009697130464,0.8097857947472615,0.0916298458893992,69
chr13,5922004,0.00027268907563025174,0.058397009697130464,0.8097857947472615,0.0916298458893992,69
chr13,5923340,-0.0003357843137254901,0.0904390712275041,0.7645372830231824,0.11660133115888191,70
chr13,5923422,0.0003357843137254898,0.0904390712275041,0.7645372830231824,0.11660133115888191,70
chr13,5923505,-0.0003155462184873946,0.07764130912540441,0.7813778598867647,0.10713889854408475,69
chr13,5923509,0.0003357843137254898,0.0904390712275041,0.7645372830231824,0.11660133115888191,70
chr13,5942739,-0.000521114864864865,0.2146435046716293,0.6446534430112247,0.19067369348274796,69
chr13,5976994,-0.00016994266994267007,0.023256564871543928,0.8792433740819952,0.055890895812236434,70
chr13,6180270,-0.00017911877394636002,0.022746557798022964,0.8805998820985852,0.05522137702313998,65
chr13,6274632,0.0012369281045751632,1.248089886560814,0.2678493858153644,0.5721093451369458,70
chr13,6744144,-0.0005692055692055692,0.27079542078996727,0.6044889242752203,0.2186116520740469,70
chr13,6842726,0.0009106364428945078,0.6377034779071075,0.42740788844402144,0.36915746655170134,68
chr13,6905302,-0.0010430622009569377,0.8999750727821473,0.3460992777576165,0.4607993069936765,71
chr13,6979522,-0.0007133838383838378,0.39820453726301897,0.5301648401824679,0.275589077472524,69
chr14,166505,0.001035416666666667,0.7586663336573849,0.38721799998309137,0.41204446254227745,62
chr14,186270,0.0013392857142857139,1.2779643745432838,0.2627032093462428,0.5805346215692782,63
chr14,249718,-0.0012766233766233772,1.2809754467571166,0.2618132518808746,0.5820083750767687,68
chr14,268954,0.0006571428571428566,0.34797581620314294,0.557216343746117,0.25397615374366767,70
chr14,276542,-0.0006571428571428566,0.34797581620314294,0.557216343746117,0.25397615374366767,70
chr14,318304,-0.0007368663594470044,0.420511757164423,0.5190018111375295,0.28483112661076637,66
chr14,376441,0.001110219594594594,0.9782016478855091,0.32620164150582376,0.4865138578416426,69
chr14,376443,0.001110219594594594,0.9782016478855091,0.32620164150582376,0.4865138578416426,69
chr14,376503,-0.0011102195945945947,0.9782016478855121,0.32620164150582376,0.4865138578416426,69
chr14,439394,0.0016752136752136758,1.9503161558072675,0.16769771946013506,0.775472843372528,62
chr14,439409,0.0016752136752136758,1.9503161558072675,0.16769771946013506,0.775472843372528,62
chr14,530723,-0.0016847290640394097,2.3270028118555652,0.13171734124964443,0.8803570442238853,71
chr14,556155,-0.001953026196928636,2.9339325033315578,0.09143045233390681,1.0389091316415562,68
chr14,599024,0.001681244743481918,2.2613075690179967,0.13727254298887462,0.8624163208906546,70
chr14,599063,-0.0016847290640394097,2.3270028118555652,0.13171734124964443,0.8803570442238853,71
chr14,599069,-0.0016847290640394097,2.3270028118555652,0.13171734124964443,0.8803570442238853,71
chr14,605221,-0.0016823361823361822,2.1511319235156976,0.1473615869729006,0.8316157100987566,66
chr14,605222,-0.0016823361823361822,2.1511319235156976,0.1473615869729006,0.8316157100987566,66
chr14,615801,-0.0016324642556770404,2.1389275293651075,0.14820890894493452,0.829125689815969,70
chr14,615802,-0.0016324642556770404,2.1389275293651075,0.14820890894493452,0.829125689815969,70
chr14,615816,-0.0016324642556770404,2.1389275293651075,0.14820890894493452,0.829125689815969,70
chr14,634163,0.0016761133603238865,2.014341151689866,0.16082710380662382,0.7936407588106551,64
chr14,660122,-0.0018438644688644685,2.7229416281408576,0.10374010599252173,0.9840533126182792,67
chr14,687454,-0.002139837398373984,3.873200793117966,0.053082692052686405,1.275047060299312,71
chr14,690102,-0.0020538461538461552,3.4058009572184726,0.06938677023103175,1.158723327288296,69
chr14,693224,-0.002092307692307693,3.528958757340441,0.06465722901282041,1.1893829116983023,69
chr14,693290,-0.002092307692307693,3.528958757340441,0.06465722901282041,1.1893829116983023,69
chr14,694837,0.0022146551724137936,3.9568895588462256,0.05076507277720727,1.2944349868714156,69
chr14,694840,0.0022146551724137936,3.9568895588462256,0.05076507277720727,1.2944349868714156,69
chr14,695176,-0.002233618233618234,3.998144538197755,0.04979931803348401,1.302776604555999,66
chr14,695185,-0.002233618233618234,3.998144538197755,0.04979931803348401,1.302776604555999,66
chr14,695231,0.0022336182336182334,3.998144538197755,0.04979931803348401,1.302776604555999,66
chr14,721972,0.0011599437148217637,1.064153913424356,0.30609283831985623,0.5141468315086863,67
chr14,722274,-0.001613846153846154,1.8551754019205855,0.17811095694318307,0.7493093629983333,64
chr14,728612,-0.0011534391534391531,1.0987761605062882,0.29830148875772516,0.5253445791634099,69
chr14,768791,-0.0014971428571428573,1.771471427476776,0.1878499731602428,0.7261888626520168,67
chr14,789199,0.0016847290640394097,2.3270028118555652,0.13171734124964443,0.8803570442238853,71
chr14,807962,0.0012203532380151388,1.1789480185336432,0.28140450699227554,0.5506689511578454,70
chr14,820037,0.0012766830870279149,1.3173819215429252,0.25502641651997904,0.5934148315085771,71
chr14,823133,0.0014583333333333336,1.6898895198034247,0.1980048261826096,0.7033242240872973,70
chr14,928066,0.000925,0.6786631641106277,0.4129275344432677,0.3841261569458921,70
chr14,985317,-0.0009543103448275868,0.6954096933821878,0.40729370688333777,0.39009230016923097,69
chr14,1004307,0.0009853658536585362,0.7865152526152969,0.37823665696639297,0.4222363836169441,71
chr14,1004337,0.0009853658536585362,0.7865152526152969,0.37823665696639297,0.4222363836169441,71
chr14,1004343,0.0009853658536585362,0.7865152526152969,0.37823665696639297,0.4222363836169441,71
chr14,1004383,0.0009853658536585362,0.7865152526152969,0.37823665696639297,0.4222363836169441,71
chr14,1005316,0.0011888141295206057,1.1338783810659399,0.2907161107600104,0.5365309000483021,70
chr14,1021352,-0.0005579133510167999,0.23496859580665053,0.6294688450724737,0.20102575999287847,68
chr14,1084804,-0.0009298387096774194,0.7052415220549849,0.4039284561090607,0.3936955504056022,71
chr14,1086194,0.0009999999999999998,0.732012651565861,0.3953744731246728,0.40299137381589756,67
chr14,1092218,-0.00021277777777777793,0.03153963988718849,0.8596501333677588,0.06567826510929105,61
chr14,1092437,-0.000867659222497932,0.6009279427521164,0.4409116671983053,0.3556484089241823,70
chr14,1114295,0.0007627334465195247,0.45734749680107634,0.5011941726388909,0.29999398717007913,69
chr14,1154809,-0.0004154154154154156,0.12800979064894577,0.7217197223902462,0.14163142660160208,64
chr14,1155902,0.0008875000000000002,0.6211199031685827,0.43337023965470123,0.3631409158069626,70
chr14,1165402,0.0008439516129032261,0.5799309431857376,0.44893443053546744,0.34781708558042296,71
chr14,1171758,0.0008439516129032261,0.5799309431857376,0.44893443053546744,0.34781708558042296,71
chr14,1172991,0.00038365384615384596,0.12018602624695429,0.7299701035751966,0.13669492634282954,66
chr14,1197671,-0.000943859649122807,0.6824290027746489,0.41172790494027456,0.3853896976105118,68
chr14,1236209,0.0005372786579683131,0.21757570684007713,0.6424772253785518,0.192142262654609,66
chr14,1236614,0.0006774839743589749,0.37501725532180874,0.542295000110206,0.2657643996850645,71
chr14,1258913,-0.0003152709359605911,0.07207927266782332,0.7892243806402802,0.10279950703111133,64
chr14,1260259,-0.0002166666666666668,0.03605231185116378,0.8500084454589346,0.07057675922924708,66
chr14,1264102,0.0003292383292383299,0.08672946125801691,0.7692740573519231,0.11391891326468465,70
chr14,1264311,-0.0004007177033492823,0.13136668680170832,0.7181270036980405,0.14379874220953567,71
chr14,1286623,-0.0003234234234234236,0.08206084115882475,0.7754348995700199,0.11045465683719038,67
chr14,1288453,-6.076388888888878e-05,0.002914131099279173,0.9571120261250562,0.01903722682028302,68
chr14,1327993,0.0004671052631578948,0.17408049727418431,0.6778248526326034,0.16888251168139765,70
chr14,1335036,0.0005976013234077753,0.28585630215364494,0.594632167888336,0.22575160041444048,70
chr14,1348299,-3.136200716846028e-06,7.56941773378967e-06,0.9978132434087192,0.0009507362144762048,67
chr14,1360808,-0.0007005231037489103,0.3885767066866753,0.5351968384894501,0.2714864606935996,68
chr14,1376935,-0.00024324324324324377,0.04731250528726983,0.8284588611147811,0.08172905252458615,70
chr14,1378693,-0.0003157894736842108,0.07662245135585663,0.7827800262378242,0.10636026452319075,69
chr14,1512463,-0.0005245098039215688,0.2040218375031507,0.6530701037927792,0.18504019689305762,64
chr14,1512503,0.0005245098039215688,0.2040218375031507,0.6530701037927792,0.18504019689305762,64
chr14,1658901,-5.391705069124453e-05,0.0022449923552548424,0.9623568385198752,0.01666386323782149,66
chr14,1689834,7.843137254901934e-05,0.004927982607120229,0.9442408409793543,0.02491721908335252,70
chr14,1689868,0.00015500794912559653,0.019687795080557874,0.8888213311117941,0.05118553116779698,71
chr14,1690062,-0.00039655172413793075,0.10458974721084649,0.7475943973815579,0.12633396196868843,58
chr14,1707150,0.0002840038314176246,0.060624085094385105,0.8063127159165087,0.0934964911260767,65
chr14,1727371,-3.88888888888891e-05,0.001159926964547684,0.9729371377541977,0.011915218938651053,66
chr14,1739680,-9.027777777777806e-05,0.006401210227015111,0.9364733466458545,0.02850457874721071,68
chr14,1799142,0.00015500794912559653,0.019687795080557874,0.8888213311117941,0.05118553116779698,71
chr14,1799144,0.00015500794912559653,0.019687795080557874,0.8888213311117941,0.05118553116779698,71
chr14,1804621,0.0002109851787271142,0.035955500516492274,0.8501893768294037,0.07048432587229952,68
chr14,1811653,0.00015500794912559653,0.019687795080557874,0.8888213311117941,0.05118553116779698,71
chr14,1816831,0.0002886977886977886,0.06715955597279444,0.79630118585081,0.09892263752242068,70
chr14,1825206,0.00020346320346320361,0.031815104128705675,0.8589804376424957,0.06601672664682295,68
chr14,1836116,4.7619047619047505e-06,1.8604442983639306e-05,0.9965709520696727,0.001491775743835559,71
chr14,1866532,-4.901960784313733e-05,0.0019187954479398803,0.9651889696521571,0.015387649927957991,70
chr14,1893223,-0.00012723214285714283,0.011872452069243778,0.9135692766802419,0.039258514168932154,67
chr14,1936611,2.8571428571428496e-05,0.0006511975331105815,0.9797160750359958,0.008899766053230581,70
chr14,1977400,0.0004616755793226384,0.16263231710382234,0.6880679918163176,0.16236864459638223,67
chr14,1998552,-0.00024006359300476917,0.04724056465943215,0.8285778429548007,0.08166668437482924,71
chr14,1999102,-0.0001580671580671581,0.01997115261835498,0.8880355105639385,0.05156966740426264,70
chr14,1999263,0.00024006359300476925,0.04724056465943215,0.8285778429548007,0.08166668437482924,71
chr14,2021760,-0.00010606060606060605,0.008747788960590537,0.9257619531808431,0.03350067175276497,69
chr14,2055238,-0.00040937996820349776,0.13755720919131825,0.7118579299428418,0.1476066726530518,71
chr14,2120375,-0.00040937996820349776,0.13755720919131825,0.7118579299428418,0.1476066726530518,71
chr14,2128371,-0.00024577702702702735,0.04734205727745876,0.8284158533332394,0.08175159863751039,69
chr14,2145756,-0.0003300573300573301,0.08716204156328479,0.7687160872494115,0.11423403016978281,70
chr14,2145794,-0.0003300573300573301,0.08716204156328479,0.7687160872494115,0.11423403016978281,70
chr14,2146770,-0.000279513888888889,0.06075174184176199,0.8060767023605722,0.09362363086610198,68
chr14,2160607,0.0007728040540540541,0.4859782922535624,0.48813871325796676,0.31145674799274375,69
chr14,2165320,0.0005142857142857142,0.21270515543541163,0.6461271771714374,0.18968199143566933,70
chr14,2332308,0.0002058823529411761,0.030796584915314503,0.8612578062854639,0.0648668286996015,65
chr14,2384075,-0.0012571428571428573,1.2910717087713786,0.2598391648193355,0.5852953883553939,70
chr14,2386371,-0.0014062499999999993,1.5739082188799622,0.21413283607896477,0.669316730956568,67
chr14,2386381,-0.001314285714285714,1.406419830316301,0.2397790306111749,0.6201887999196402,70
chr14,2386395,-0.0015735294117647056,2.0708598641980696,0.15479243183610028,0.8102502768066691,69
chr14,2386398,-0.0014696969696969698,1.7681543658011993,0.1881881753629963,0.7254076685598575,68
chr14,2386401,-0.0014696969696969698,1.7681543658011993,0.1881881753629963,0.7254076685598575,68
chr14,2395697,-0.0015714285714285713,2.1269775617826476,0.149329469940497,0.8258544764708112,70
chr14,2396733,-0.0013279220779220775,1.320323291001364,0.2551710162849286,0.5931686566843004,61
chr14,2407051,0.0011911764705882352,1.135810515867084,0.29036487123403554,0.5370559263742775,69
chr14,2420473,0.0015714285714285713,2.1269775617826476,0.149329469940497,0.8258544764708112,70
chr14,2420479,-0.0015714285714285713,2.1269775617826476,0.149329469940497,0.8258544764708112,70
chr14,2453837,-0.0012571428571428573,1.2910717087713786,0.2598391648193355,0.5852953883553939,70
chr14,2459756,0.0010121212121212116,0.7260359049191695,0.39750412994143736,0.40065835480258194,63
chr14,2528102,0.0010874458874458876,0.9229334841597586,0.3402123467852889,0.4682499292789489,68
chr14,2528109,0.0010874458874458876,0.9229334841597586,0.3402123467852889,0.4682499292789489,68
chr14,2530068,0.0018423295454545448,2.700090458072492,0.10532475811873118,0.9774695295694596,65
chr14,2538653,-0.0015267137096774185,1.8210524041537703,0.18217536606806212,0.7395103491193233,63
chr14,2540563,-0.001227272727272727,1.1873367038783866,0.2799533296327866,0.5529143628446657,66
chr14,2547936,0.001273546273546274,1.3169552876260557,0.25516070425670034,0.5931862078447598,70
chr14,2548014,0.0012108585858585856,1.1619917457523503,0.28491863980988735,0.5452791376268868,69
chr14,2550678,0.0016212121212121214,2.171352709686594,0.14550423089600456,0.8371243783064329,66
chr14,2555270,-0.0013333333333333333,1.3868194842406871,0.24330363895983134,0.6138513955149024,66
chr14,2570906,-0.0014648692810457504,1.7603136278646,0.1890237151452018,0.7234837052945509,70
chr14,2570982,-0.0014648692810457504,1.7603136278646,0.1890237151452018,0.7234837052945509,70
chr14,2621255,-0.0008100840336134446,0.5233344124828513,0.4719409080478366,0.3261123761865481,69
chr14,2719460,0.0017794117647058822,2.6262168905219796,0.10988039488106793,0.9590797885092054,68
chr14,2719546,0.0017794117647058822,2.6262168905219796,0.10988039488106793,0.9590797885092054,68
chr14,2740559,0.0013088235294117646,1.3620390489440535,0.24738376447713292,0.6066288060381897,68
chr14,2740561,0.0014331932773109241,1.660307007310743,0.201993680383754,0.6946622177682109,69
chr14,2744575,0.0014678308823529408,1.6052371590139676,0.20975383620915142,0.6782900875708685,66
chr14,2744613,0.0015222816399286996,1.7773971609548576,0.1871231043995342,0.7278725861304786,67
chr14,2744952,0.001529004329004329,1.846634868289197,0.17880121804419274,0.7476295269938494,68
chr14,2744959,0.001529004329004329,1.846634868289197,0.17880121804419274,0.7476295269938494,68
chr14,2745094,0.0014331932773109241,1.6603070073107429,0.201993680383754,0.6946622177682109,69
chr14,2745143,0.0014331932773109241,1.6603070073107429,0.201993680383754,0.6946622177682109,69
chr14,2745848,0.001632575757575757,2.1459470221002674,0.1476237561946604,0.8308437485152361,69
chr14,2746000,0.0015941971383147862,2.1466164381886172,0.14742645652383277,0.8314245728454681,71
chr14,2791579,0.001495098039215685,1.852991297763251,0.17792976963422166,0.7497513835279623,70
chr14,2800131,0.001536764705882352,1.9459260442799657,0.16756642608272734,0.7758129930305903,70
chr14,2818951,0.0013088235294117646,1.3620390489440537,0.24738376447713292,0.6066288060381897,68
chr14,2833293,0.0011666666666666668,1.019199157686646,0.3165107458985925,0.4996115406063799,66
chr14,2849367,0.0013428571428571433,1.4770834357638043,0.2284342738233952,0.6412387348584767,70
chr14,2849409,0.001403968253968253,1.6560364846942857,0.20243988426165943,0.6937039196567543,71
chr14,2862003,0.001323502304147466,1.3538868175491632,0.24891950087276818,0.6039410785232567,66
chr14,2862072,0.001323502304147466,1.3538868175491632,0.24891950087276818,0.6039410785232567,66
chr14,2866808,0.0014795751633986918,1.800026093881879,0.18417268286153388,0.7347747854436499,70
chr14,2866834,0.0014795751633986918,1.800026093881879,0.18417268286153388,0.7347747854436499,70
chr14,2878110,0.0014180672268907558,1.6211755313154121,0.20732795501415535,0.6833421359676072,69
chr14,2878936,0.00153235294117647,1.8808669817661583,0.1748113607967135,0.7574303464670972,69
chr14,2879051,0.00153235294117647,1.8808669817661583,0.1748113607967135,0.7574303464670972,69
chr14,2892602,0.0014240196078431362,1.6821876066063213,0.19901758812766196,0.7011085412322096,70
chr14,3009072,-0.001410256410256411,1.6798958873939998,0.19932013193782472,0.7004488340243087,70
chr14,3010058,-0.0015470793374019183,1.8715686658746211,0.1759353219556075,0.7546469599148323,68
chr14,3014910,0.0016694444444444448,2.0794925493782315,0.1541656905990835,0.8120122672799013,66
chr14,3014961,0.0017899305555555552,2.638141766721844,0.10909225465792745,0.9622060823972676,68
chr14,3019650,0.00146146953405018,1.6511040352306914,0.20336881321832712,0.6917156457379877,67
chr14,3020637,0.0017328370554177011,2.4537616163762075,0.12188573367286944,0.914047124157943,70
chr14,3041917,0.001061494252873563,0.7989413323306631,0.3751686911292299,0.4257734118632271,59
chr14,3045460,-0.0014911317567567566,1.7916180949463918,0.1852536192155338,0.7322332986523793,69
chr14,3045469,-0.0014911317567567566,1.7916180949463918,0.1852536192155338,0.7322332986523793,69
chr14,3062013,-0.0017105263157894742,2.398183937024716,0.1261180402632124,0.8992227863342614,70
chr14,3062193,-0.0017105263157894742,2.398183937024716,0.1261180402632124,0.8992227863342614,70
chr14,3084994,-0.0015618686868686862,1.9738867509991103,0.16465551192719421,0.7834237264795691,69
chr14,3086836,0.0014424242424242424,1.6545826633533085,0.2028304346742814,0.6928668786316053,68
chr14,3094549,0.0015081699346405216,1.8722083515996226,0.17572654274868757,0.7551626352112184,70
chr14,3095001,0.0011479779411764702,1.0315147494064947,0.31362740918542686,0.5035859895532419,66
chr14,3115623,0.0013823529411764706,1.5025971884404483,0.22462818399628345,0.6485357539243006,68
chr14,3117533,0.0015081699346405216,1.8722083515996226,0.17572654274868757,0.7551626352112184,70
chr14,3120226,-0.001737373737373737,2.4724874789288482,0.12056525174395766,0.9187778426962008,69
chr14,3120412,-0.0017552182163187858,2.5210402375525107,0.11734312694654582,0.9305423429346201,65
chr14,3127682,0.0017484848484848486,2.4269579578393117,0.1240467417008836,0.9064146387268062,68
chr14,3240803,-0.0015937499999999997,2.025767336112161,0.15936089604693385,0.7976182369829715,68
chr14,3242818,0.0016746411483253584,2.3685549495991407,0.1283752212768236,0.8915187948126156,71
chr14,3249281,-0.0016452380952380957,2.2154327370949827,0.14162559302901195,0.8488582586029451,65
chr14,3259476,0.0014701298701298702,1.7107803849574175,0.19542154923515576,0.7090275480998286,68
chr14,3259544,0.001574494949494949,1.9998723321601242,0.1619426546184486,0.7906387459003086,69
chr14,3262822,0.0017101254480286745,2.4693408926818905,0.1209420815140974,0.9174225610954877,67
chr14,3303583,0.0019642857142857144,2.9226809304683363,0.09218751198169345,1.0353279058960967,66
chr14,3303683,-0.001703879310344828,2.3895452490830276,0.12685982825740127,0.8966758808852161,69
chr14,3303691,0.001703879310344828,2.3895452490830276,0.12685982825740127,0.8966758808852161,69
chr14,3303737,-0.0018553571428571425,2.7721414984431454,0.10065836803193574,0.9971501150721043,68
chr14,3374800,-0.0015068226120857698,1.7009131473346635,0.1969134973824068,0.7057245142438232,65
chr14,3375176,0.0019285714285714286,2.854264634509424,0.09585097136205871,1.0184034815856635,68
chr14,3408909,-0.0016750000000000003,2.2654386498742056,0.13691984220716386,0.8635336100351648,70
chr14,3425644,-0.0014980158730158732,1.5891384855014337,0.21217283188325298,0.6733102270254709,64
chr14,3430545,-0.0016233421750663133,2.064557654555401,0.1554824609982022,0.8083185939123907,68
chr14,3430573,-0.0017185344827586207,2.350444010937213,0.12995603200657932,0.8862035575914076,69
chr14,3434920,-0.0016026315789473683,1.9782471693486825,0.1642663808382755,0.7844513112479589,68
chr14,3478786,0.0015577249575551787,1.9462049258109042,0.1676039212639565,0.7757158248264062,69
chr14,3539410,0.0015111662531017373,1.8763786355433694,0.17525266461242023,0.7563353701220855,70
chr14,3562388,0.0015508771929824566,1.8946027432162702,0.17333566005673484,0.7611120814136006,68
chr14,3562400,0.0015508771929824566,1.8946027432162702,0.17333566005673484,0.7611120814136006,68
chr14,3562419,0.0015508771929824566,1.8946027432162702,0.17333566005673484,0.7611120814136006,68
chr14,3562431,0.0015508771929824566,1.8946027432162702,0.17333566005673484,0.7611120814136006,68
chr14,3562445,0.0015508771929824566,1.8946027432162702,0.17333566005673484,0.7611120814136006,68
chr14,3570217,0.0014524617996604418,1.694313706567644,0.19749115412203502,0.7044523521996685,69
chr14,3627340,-0.001616935483870968,2.177640393164571,0.14457799893964818,0.839897790486012,71
chr14,3627526,0.001741666666666666,2.4687412470588046,0.12077269766023263,0.9180312328974316,70
chr14,3646403,0.0017250000000000002,2.4156332542418437,0.12477157312504437,0.9038843492784785,70
chr14,3646488,0.001616935483870968,2.177640393164571,0.14457799893964818,0.839897790486012,71
chr14,3663387,-0.0014471544715447151,1.7191242861427927,0.1941525067467011,0.711856997807958,71
chr14,3663444,-0.0014471544715447151,1.7191242861427927,0.1941525067467011,0.711856997807958,71
chr14,3663579,-0.0016181034482758614,2.0493933721328657,0.15691529498056597,0.8043347224301624,69
chr14,3663738,-0.0015735912531539106,1.9830154834737366,0.16362874855049092,0.7861403911293732,70
chr14,3729965,-0.0014681034482758623,1.7048131073852797,0.19612532890579987,0.7074663150845267,69
chr14,3774601,-0.0007271929824561403,0.42863566208848913,0.5149343921603389,0.288248100935145,68
chr14,3774631,-0.0007271929824561403,0.42863566208848913,0.5149343921603389,0.288248100935145,68
chr14,3777134,-0.0013166666666666665,1.386794849695651,0.24305229208010623,0.6143002789998545,70
chr14,3912052,0.0006774839743589745,0.37501725532180885,0.542295000110206,0.2657643996850645,71
chr14,3912185,0.0007808105872622003,0.4858320452052769,0.48816857335337227,0.31143018243322046,70
chr14,3944806,0.0002964527027027029,0.0690415932158452,0.793543659953653,0.1004291738173534,69
chr14,3961327,0.0005246415770609322,0.20401960907493008,0.6529992965156929,0.18508728659554974,67
chr14,3966985,0.0004058558558558558,0.12228754890160522,0.7276970834190832,0.13804936571004,67
chr14,4009146,-0.0004166666666666669,0.14312791790633128,0.706387103867407,0.1509572380408324,69
chr14,4009334,0.0004166666666666669,0.14312791790633128,0.706387103867407,0.1509572380408324,69
chr14,4013963,0.00045641447368421065,0.1674159502304092,0.6837045322155964,0.16513154119152207,70
chr14,4013967,0.00045641447368421065,0.1674159502304092,0.6837045322155964,0.16513154119152207,70
chr14,4014044,0.00045641447368421065,0.1674159502304092,0.6837045322155964,0.16513154119152207,70
chr14,4190909,-0.00018918918918918947,0.028916194946844855,0.8654775909149524,0.06274417246562107,70
chr14,4194893,-0.00031578947368421026,0.08152489708317148,0.776096834330314,0.11008408803097636,71
chr14,4195221,-0.00011568627450980389,0.009168346650861465,0.9240267718060764,0.034315445793729075,64
chr14,4211450,-0.0001222109533468559,0.01093165344560958,0.9170723074992845,0.03759642058961236,63
chr14,4211454,-0.0001222109533468559,0.01093165344560958,0.9170723074992845,0.03759642058961236,63
chr14,4352173,-0.0005848484848484854,0.27523789496526724,0.6015973528118084,0.2206940834233184,68
chr14,4353879,-0.00020606060606060615,0.03295762590954467,0.8564982859794393,0.06727350180578676,68
chr14,4372075,0.000551470588235294,0.24630480192407492,0.6212895614040985,0.20670594312386031,70
chr14,4374383,-0.0002865079365079366,0.06741438314661181,0.7959124620543608,0.09913469524891817,71
chr14,4374443,-0.0002865079365079366,0.06741438314661181,0.7959124620543608,0.09913469524891817,71
chr14,4400090,0.00010606060606060642,0.008401535995101142,0.9272590968223845,0.0327988973572543,65
chr14,4410443,-0.0003142857142857145,0.07928080706859533,0.7791295039882558,0.10839034952514345,70
chr14,4424785,-0.00023015873015873044,0.04348942757019466,0.8354208106207377,0.07809471051070933,71
chr14,4534882,-0.00038571428571428594,0.12117567686486094,0.7288381964169848,0.1373688752523488,70
chr14,4576401,7.074721780604167e-05,0.004100244718776916,0.9491289763524446,0.022674767644191657,71
chr14,4588922,-0.0001630252100840339,0.02066988536957144,0.8861134466982051,0.05251067301026269,69
chr14,4588953,0.00016302521008403385,0.02066988536957144,0.8861134466982051,0.05251067301026269,69
chr14,4747803,-0.0003792613636363638,0.10580909778872435,0.7460446521229007,0.12723517843853602,65
chr14,4749271,0.0004684343434343434,0.1816586364039737,0.671317918854382,0.17307176044844824,69
chr14,4752713,2.857142857142839e-05,0.0006083751615630735,0.9803975303513546,0.008597791418460139,67
chr14,4791370,0.00020198412698412742,0.03348885963266585,0.8553349738554165,0.06786376970841655,71
chr14,4921364,0.000750919117647059,0.4450471153996924,0.5070946572093866,0.29491096519005816,66
chr14,4971793,-0.0003442396313364059,0.08820216392338996,0.7674370682641898,0.114957227611257,66
chr14,4971808,-0.0003442396313364059,0.08820216392338996,0.7674370682641898,0.114957227611257,66
chr14,4980233,0.0001623376623376626,0.0204196113808865,0.8868067312235022,0.05217101907341685,68
chr14,5048850,-5.17676767676772e-05,0.0020993130312320397,0.9635913963845955,0.016107086340128033,69
chr14,5048880,-5.17676767676772e-05,0.0020993130312320397,0.9635913963845955,0.016107086340128033,69
chr14,5116739,-0.00023722943722943762,0.04327140776778548,0.8358556437126818,0.07786872082940695,68
chr14,5126322,0.00036764705882352957,0.10445523744891111,0.7475690834583952,0.12634866764774866,68
chr14,5126429,0.00029857397504456354,0.06708334848035842,0.7964502283675671,0.09884135887189471,67
chr14,5151605,0.00026893939393939396,0.056698447363648596,0.8125191238101608,0.09016640848141337,69
chr14,5151623,0.00026893939393939396,0.056698447363648596,0.8125191238101608,0.09016640848141337,69
chr14,5155168,0.00019873949579831947,0.03078821842120454,0.861242927318597,0.06487433157385963,69
chr14,5164352,-0.00013724662162162206,0.014833521922772392,0.9034275581411504,0.04410666585997981,69
chr14,5179628,-0.00012247474747474732,0.011780103660307574,0.913894773766197,0.039103806239365796,69
chr14,5224628,0.00041414141414141363,0.13964100655045691,0.7098180361587907,0.14885296961970224,69
chr14,5224651,-0.00016503267973856173,0.021785714874587237,0.883095353487966,0.05399240032068662,70
chr14,5266612,0.0003190476190476193,0.07596918757424176,0.7837380932142425,0.10582904404401067,65
chr14,5271085,0.00028857890148212766,0.06326343228931605,0.8021918936775226,0.09572173097180936,68
chr14,5295247,-0.00022718894009216532,0.042478988636747074,0.8373636708729495,0.07708588495620546,66
chr14,5295344,-0.0002843317972350225,0.06719586261336485,0.7962962145071402,0.09892534885062325,66
chr14,5309446,-0.0001428571428571423,0.014775159595176189,0.9036398296946905,0.044004634950217315,65
chr14,5451750,-0.00019246031746031678,0.030403869749801415,0.8620876059739152,0.06444859860937507,71
chr14,5490467,-0.0010294117647058824,0.8314650650980077,0.3651678722421784,0.4375074390285212,68
chr14,5543486,-0.0014419191919191924,1.687507855364727,0.1983825699752929,0.7024964879080611,69
chr14,5543524,-0.0014419191919191924,1.687507855364727,0.1983825699752929,0.7024964879080611,69
chr14,5562202,-0.001506535947712417,1.8951932828266118,0.17313327889815153,0.7616194459737571,70
chr14,5682661,0.0012256944444444438,1.155195214817836,0.28637787635157497,0.5430605357690457,68
chr14,5710610,0.0011499999999999998,0.9631144950147545,0.3303441900934442,0.4810333269139222,62
chr14,5756486,-0.0006861607142857142,0.3659201572071345,0.5473426218365529,0.2617407318178516,67
chr14,5758103,-0.0007142857142857142,0.41588789619437994,0.5211659005679343,0.283024007540512,70
chr14,5766807,0.001202702702702703,1.1737511490063084,0.28245842432326684,0.5490454679003975,70
chr14,5766836,0.001202702702702703,1.1737511490063084,0.28245842432326684,0.5490454679003975,70
chr14,5773922,0.000751262626262626,0.469242428777489,0.49569899373163984,0.30478196271122937,69
chr14,5773983,0.000751262626262626,0.469242428777489,0.49569899373163984,0.30478196271122937,69
chr14,5774183,0.000751262626262626,0.469242428777489,0.49569899373163984,0.30478196271122937,69
chr14,5777564,0.0008576388888888887,0.5856585439499806,0.4468308787600377,0.3498568221013959,68
chr14,5796478,-0.0016107142857142859,2.1963461147526657,0.14289110897541601,0.8449947932037334,71
chr14,5856822,-0.0016563620071684587,2.1962276863200643,0.14318096859289797,0.8441147039860157,67
chr14,5918024,-0.0017361111111111114,2.355511732568388,0.1297700354026327,0.8868255768855126,66
chr14,5920662,-0.0020488721804511286,3.262157471352612,0.0755980968700475,1.1214891374252505,66
chr14,5934004,0.002294245858761987,4.472509563853966,0.038224475615676934,1.417658463764694,68
chr14,5934183,0.0019290865384615395,3.162763139844228,0.07974087162525581,1.0983190214956708,71
chr14,5936228,-0.0022201754385964916,3.9908907540478658,0.049871196074876965,1.3021502158504175,68
chr14,6021231,0.0006254310344827585,0.31466972188050657,0.5766999981186871,0.23905005000585974,69
chr14,6021334,-0.0006254310344827585,0.31466972188050657,0.5766999981186871,0.23905005000585974,69
chr14,6021335,-0.0006254310344827585,0.31466972188050657,0.5766999981186871,0.23905005000585974,69
chr14,6046669,0.0003101736972704713,0.07939704575735787,0.7789719426608916,0.10847818464706828,70
chr14,6048204,-0.00038095238095238075,0.11440433629339185,0.7363272250425985,0.1329291415752034,64
chr14,6134383,-8.913412563667209e-05,0.006204038681151265,0.9374537456688373,0.028050151329688657,69
chr14,6134408,8.913412563667209e-05,0.006204038681151265,0.9374537456688373,0.028050151329688657,69
chr14,6139037,0.0005396396396396392,0.22306602856557117,0.6382954987385079,0.19497821820519476,67
chr14,6139077,0.0005396396396396392,0.22306602856557117,0.6382954987385079,0.19497821820519476,67
chr14,6139303,0.0004019524617996601,0.13041700188656413,0.7191363275976999,0.1431887720494566,69
chr14,6304136,-8.275261324041775e-06,5.183647510013531e-05,0.9942768709003402,0.002492663126948124,69
chr15,26311,0.001572413793103449,2.0287557166419754,0.15898807503523674,0.7986354488909523,69
chr15,107533,-0.001262931034482759,1.237454437321766,0.26993770810886836,0.5687364437883352,69
chr15,113110,-0.0014333333333333331,1.7234835114749714,0.19365868481007045,0.712963021887222,70
chr15,259827,-0.0003041666666666666,0.07237274524203276,0.7887274587253545,0.10307303940052748,70
chr15,259837,-0.0003041666666666666,0.07237274524203276,0.7887274587253545,0.10307303940052748,70
chr15,259976,-0.00048284823284823307,0.1752935739858622,0.6769199778888186,0.16946266841294766,63
chr15,335573,-0.00095650406504065,0.7406279772925201,0.3924403524486104,0.4062263429211897,71
chr15,335705,-0.0008958333333333333,0.6361452668974764,0.4278865212383035,0.3686713939180901,70
chr15,336180,-0.0009331501831501831,0.6410430318386386,0.42625019183150703,0.37033541254760727,67
chr15,382498,0.0006840770791075049,0.36430912572496843,0.5483607195955604,0.26093366233234,63
chr15,392382,0.0007008064516129027,0.3988463546796968,0.5297724200218138,0.27591065484232713,71
chr15,392387,0.0007008064516129027,0.3988463546796968,0.5297724200218138,0.27591065484232713,71
chr15,392454,0.0007008064516129027,0.3988463546796968,0.5297724200218138,0.27591065484232713,71
chr15,417188,0.00039382940108892916,0.118296960276339,0.7319991352795435,0.13548943197923718,67
chr15,417203,0.00039382940108892916,0.118296960276339,0.7319991352795435,0.13548943197923718,67
chr15,452667,0.0004911463187325254,0.18081485611339845,0.6721002777728661,0.1725659251092668,66
chr15,469038,0.0007008064516129027,0.3988463546796968,0.5297724200218138,0.27591065484232713,71
chr15,646387,-0.0004251644736842107,0.1441597049809059,0.7053634461303535,0.1515870504173516,70
chr15,670901,0.00025740131578947387,0.052504785661815497,0.8194484841729152,0.08647834379290348,70
chr15,684956,-6.14250614250614e-05,0.003141146880767255,0.9554695672909032,0.019783141123998885,70
chr15,754387,-4.138513513513499e-05,0.0013272905708755574,0.9710462295224075,0.01276009372890843,69
chr15,791912,-0.0003572580645161294,0.10320945719220356,0.7489827475630463,0.12552818593799986,71
chr15,791945,-0.0003572580645161294,0.10320945719220356,0.7489827475630463,0.12552818593799986,71
chr15,810883,0.0006195054945054946,0.29357624536858007,0.5897904476346776,0.2293022656484862,67
chr15,829899,0.0004542682926829271,0.15546872108226995,0.6946153420382526,0.1582556286138385,69
chr15,830378,0.0009115826702033599,0.6835577298144538,0.4113434351230266,0.3857954294689936,68
chr15,844018,-0.0006919850885368125,0.36016395342256796,0.5505343442282156,0.25921558306180403,66
chr15,845384,0.0005069444444444445,0.16415515716740126,0.6868500003282425,0.16313809720907405,60
chr15,845408,0.0005069444444444445,0.16415515716740126,0.6868500003282425,0.16313809720907405,60
chr15,884946,-0.0007821428571428574,0.4727613004428348,0.4941288615007924,0.30615977872651773,68
chr15,885032,-0.0007821428571428574,0.4727613004428348,0.4941288615007924,0.30615977872651773,68
chr15,901289,6.403940886699522e-05,0.0032527223116058735,0.9546840296452308,0.020140342434534456,71
chr15,984604,0.00039124668435013303,0.11497225631535925,0.7356292884486484,0.13334098802774214,68
chr15,984623,0.00039124668435013303,0.11497225631535925,0.7356292884486484,0.13334098802774214,68
chr15,1038711,0.0007311276794035414,0.39901938193442293,0.5298460354590709,0.2758503108985807,66
chr15,1071700,0.0006630067567567569,0.34912896552963424,0.5565946854822363,0.25446094474426423,69
chr15,1120728,-0.0001406250000000001,0.016932465693381048,0.8968889520227381,0.04726132563959213,64
chr15,1125308,0.0007393939393939397,0.4369502171939861,0.5110870938568188,0.29150508585661233,63
chr15,1328591,-0.000736607142857143,0.4233814560872116,0.5175480935792478,0.28604928682642267,67
chr15,1339964,0.0007311688311688317,0.4342127373666919,0.5122215165869034,0.29054218233245904,68
chr15,1358730,0.0010535880708294504,0.8297221614424278,0.365770992039557,0.4367907398018901,66
chr15,1358736,0.0010535880708294504,0.8297221614424278,0.365770992039557,0.4367907398018901,66
chr15,1363165,-0.0007886977886977888,0.5007256227131122,0.4815997627232822,0.31731373572032034,70
chr15,1363186,0.0007886977886977888,0.5007256227131122,0.4815997627232822,0.31731373572032034,70
chr15,1434422,0.0007886977886977888,0.5007256227131122,0.4815997627232822,0.31731373572032034,70
chr15,1439302,0.0005288624787775892,0.2183775901896512,0.6417951970363098,0.1926035373315594,69
chr15,1439407,0.0005288624787775892,0.2183775901896512,0.6417951970363098,0.1926035373315594,69
chr15,1439442,-0.0005797697368421053,0.27054883164381593,0.6046531888770685,0.2184936523619905,70
chr15,1453496,0.0008493038493038495,0.5784007896772462,0.4495689272511114,0.3472037134303764,70
chr15,1453624,0.0008493038493038495,0.5784007896772462,0.4495689272511114,0.3472037134303764,70
chr15,1525860,-0.0002693984306887532,0.05565361812554705,0.8142329046774404,0.0892513509481595,68
chr15,1590556,-0.0008353808353808355,0.5859659048767015,0.4466321570641434,0.3500500113748724,70
chr15,1629677,0.000578696343402226,0.27542084004536665,0.6014005496550956,0.2208361793082218,71
chr15,1653041,0.0002373737373737372,0.046236459708553834,0.830399723460645,0.08071280412415292,69
chr15,1654944,-0.00035947712418300614,0.10801263254208725,0.7434281550678857,0.12876099535345384,70
chr15,1678710,-0.00027098214285714236,0.05668012151807968,0.8125711588228272,0.0901385964649168,67
chr15,1689015,0.000404983108108108,0.12827283956969546,0.7213555358136453,0.14185063100284123,69
chr15,1689226,0.00048689598689598707,0.19036807110167,0.6639926249301766,0.1778367443818556,70
chr15,1757649,-0.0006722943722943725,0.3667286072828428,0.5468697779411975,0.26211607669125764,68
chr15,1790713,0.0005456730769230773,0.24282305160365752,0.6237390569780707,0.20499706066431062,71
chr15,1801455,0.0002109181141439206,0.036690163406771004,0.8486680573126135,0.07126214375705392,70
chr15,1805395,-0.0004157258064516125,0.13982971354366927,0.7095969608986927,0.1489882531928944,71
chr15,1843499,-0.0002240384615384613,0.03513190597427209,0.8519124947433132,0.06960501204294212,66
chr15,1843581,-0.0005624999999999997,0.25101033025084685,0.6179825372724665,0.209023796874547,70
chr15,1889821,-4.0229885057471116e-05,0.0012690839533356572,0.9716895349601167,0.012472474571332135,68
chr15,1890434,-0.00017192982456140348,0.023201548204731644,0.8793988144709015,0.05581412419401628,68
chr15,1890485,-0.00017192982456140348,0.023201548204731644,0.8793988144709015,0.05581412419401628,68
chr15,1912480,0.00033538899430740035,0.08811445221576682,0.767564549035867,0.11488509192724011,65
chr15,1912747,-0.0005000000000000002,0.19216244480594968,0.662622422475993,0.17873387211715697,65
chr15,1913501,5.208333333333519e-06,2.2044328071795463e-05,0.9962673832551293,0.0016240877931542699,71
chr15,1993928,-7.217741935483831e-05,0.004206641101287239,0.948474109046742,0.022974519758555606,71
chr15,2008288,0.00039787798408488084,0.12472933314742939,0.7250862339373207,0.13961034005516018,68
chr15,2008335,-0.00039787798408488074,0.12472933314742939,0.7250862339373207,0.13961034005516018,68
chr15,2008440,-7.217741935483831e-05,0.004206641101287239,0.948474109046742,0.022974519758555606,71
chr15,2016006,2.4561403508771834e-05,0.00045260791695081064,0.9830908067897152,0.007406365111638392,68
chr15,2027025,0.0002811671087533154,0.06131139529883368,0.8052038098487346,0.09409417889966733,68
chr15,2029368,0.00028093645484949826,0.05235021157221305,0.8198011311430617,0.08629148678939867,62
chr15,2029380,0.00028093645484949826,0.05235021157221305,0.8198011311430617,0.08629148678939867,62
chr15,2035650,-0.00026491228070175466,0.05489377036653662,0.8154818855599542,0.08858568157493722,68
chr15,2035719,-0.00026491228070175466,0.05489377036653662,0.8154818855599542,0.08858568157493722,68
chr15,2056253,2.0833333333333655e-05,0.00034086121995832844,0.9853240166434599,0.0064209314307012814,70
chr15,2064976,-0.00015704584040747053,0.01898754579457059,0.8908154801011133,0.0502122446419522,69
chr15,2069933,3.205128205128193e-05,0.0007902942244165491,0.9776562548098321,0.009813816869742172,69
chr15,2070160,-3.035714285714294e-05,0.0006754344723213278,0.9793444362474102,0.00906453960274622,68
chr15,2100343,0.00041880341880341906,0.11824636115517617,0.7321464755322431,0.13540202392575787,62
chr15,2125343,-2.083333333333356e-05,0.00034086121995832844,0.9853240166434599,0.0064209314307012814,70
chr15,2148129,2.0833333333333655e-05,0.00034086121995832844,0.9853240166434599,0.0064209314307012814,70
chr15,2155411,0.0005231481481481482,0.19919321160242887,0.6569532058622738,0.18246556371199457,63
chr15,2155672,0.00020130475302889079,0.02996405137499589,0.8631181243974863,0.06392976365513545,66
chr15,2231057,-0.000162820512820513,0.02115315498223203,0.8847991732686509,0.05315529183168108,69
chr15,2370479,0.00018922413793103472,0.027601784778067018,0.8685488069181875,0.061205771943791,69
chr15,2370517,0.00018922413793103472,0.027601784778067018,0.8685488069181875,0.061205771943791,69
chr15,2394650,0.0006461538461538468,0.32535881655002186,0.5703128742454362,0.24388682453861335,69
chr15,2394812,-0.0005397022332506204,0.2329681787166647,0.630881882795033,0.200051944166564,70
chr15,2394831,-0.0005397022332506204,0.2329681787166647,0.630881882795033,0.200051944166564,70
chr15,2396301,-0.0008135135135135134,0.5154806312923903,0.4753485885096044,0.3229877913372731,67
chr15,2421241,0.00030432937181663856,0.07224489379079904,0.7889217598518303,0.10296606516761306,69
chr15,2421621,-0.00047410865874363364,0.17375721622372142,0.6781265348887453,0.16868926147715266,69
chr15,2446441,0.0005460304054054055,0.23152189306307663,0.6319653807734726,0.1993067118297194,69
chr15,2446505,0.0005460304054054055,0.23152189306307663,0.6319653807734726,0.1993067118297194,69
chr15,2558839,0.0015303030303030303,1.7290563159455923,0.19322370406553926,0.7139395967953409,66
chr15,2558841,0.0015303030303030303,1.7290563159455923,0.19322370406553926,0.7139395967953409,66
chr15,2558966,0.001380718954248365,1.5740068445439805,0.21392123443692238,0.6697461039695403,70
chr15,2581664,0.0010407523510971787,0.7544097753199347,0.38854469336806285,0.41055901813272766,62
chr15,2583138,-0.0012941176470588238,1.353530645537172,0.2488507630013892,0.6040610233274927,68
chr15,2608692,-0.0009531746031746025,0.7535591546471592,0.3883609345257002,0.4107644625261313,71
chr15,2608770,-0.0010506535947712415,0.8959043757921757,0.34723372233920413,0.4593781040178688,70
chr15,2623328,-0.001255462184873949,1.3047214277015282,0.25741823294516475,0.5893606952442406,69
chr15,2628653,-0.0010506535947712415,0.8959043757921757,0.34723372233920413,0.4593781040178688,70
chr15,2636867,-0.0012536796536796535,1.2622027466494818,0.26530454117830893,0.576255316200099,68
chr15,2646528,-0.0011966386554621846,1.1822338782124742,0.2807978170343141,0.5516062728016223,69
chr15,2666936,-0.0008446519524618,0.5587758698249714,0.4573694681362166,0.33973283024640094,69
chr15,2689215,-0.0005872235872235875,0.27667041055198693,0.6006032067464584,0.22141235334154347,70
chr15,2721929,-0.0006766233766233765,0.3636129243201407,0.5485730977859969,0.2607654941605248,68
chr15,2738448,0.0005931372549019601,0.2829906526117121,0.5964815052974621,0.22440301766300907,70
chr15,2738521,0.0005931372549019601,0.2829906526117121,0.5964815052974621,0.22440301766300907,70
chr15,2768570,-0.0005023809523809521,0.2076953485949126,0.6500108335947508,0.18707940500143544,71
chr15,2768641,-0.0005931372549019604,0.2829906526117121,0.5964815052974621,0.22440301766300907,70
chr15,2768687,-0.0005931372549019604,0.2829906526117121,0.5964815052974621,0.22440301766300907,70
chr15,2772672,0.0005784313725490193,0.2686015842362189,0.6059537013931378,0.21756055734793625,70
chr15,2784811,0.0014737394957983197,1.7632693872414578,0.1892469413238082,0.722971130992628,62
chr15,2801374,-0.0005023809523809521,0.2076953485949126,0.6500108335947508,0.18707940500143544,71
chr15,2824620,0.0005167487684729065,0.20543297222103354,0.6519531336126871,0.18578362289531541,64
chr15,2862639,-0.0008777310924369749,0.6388435191759301,0.4269544040192762,0.36961850235238863,69
chr15,2873502,-0.0007348484848484851,0.42793526966785533,0.5152430389724738,0.2879878669068562,69
chr15,2907972,-0.0004890756302521008,0.18622245457249054,0.6674648574982874,0.17557159527627064,69
chr15,2907987,-0.0004890756302521008,0.18622245457249054,0.6674648574982874,0.17557159527627064,69
chr15,2943645,-0.0008336134453781513,0.571379610113202,0.45236070175251275,0.34451513087599867,69
chr15,2999402,-0.0007343749999999999,0.39877593566383046,0.5300435424425571,0.27568845216188453,64
chr15,2999418,0.0007343749999999999,0.39877593566383046,0.5300435424425571,0.27568845216188453,64
chr15,3014212,-0.000796345811051694,0.49745400539272394,0.4831408934980791,0.315926201865713,67
chr15,3020744,0.0002794117647058823,0.06248576137658048,0.8033630145815123,0.09508816629727805,70
chr15,3022244,0.0005674107142857142,0.2512713533741427,0.6178747692670747,0.20909953870968986,67
chr15,3022272,0.0005674107142857142,0.2512713533741427,0.6178747692670747,0.20909953870968986,67
chr15,3022364,0.00048090277777777796,0.18448535664052745,0.6689455839983076,0.17460920888455786,68
chr15,3033721,-0.0002647058823529412,0.05617510241315423,0.8133593832360886,0.08971751877292106,70
chr15,3033782,0.00026470588235294115,0.05617510241315423,0.8133593832360886,0.08971751877292106,70
chr15,3063360,-0.0002647058823529412,0.05617510241315423,0.8133593832360886,0.08971751877292106,70
chr15,3063660,0.0001836248012718603,0.02763133052467394,0.868464643149698,0.061247857812796055,71
chr15,3095766,0.00029391891891891904,0.07090384247561335,0.790843061401791,0.10190969138159757,69
chr15,3096678,7.83549783549782e-05,0.004698954705298658,0.945555935348099,0.024312774915729377,68
chr15,3109228,-9.375000000000014e-05,0.006734566618166717,0.9348438691479792,0.029260915790016842,68
chr15,3120922,0.00021354166666666687,0.03477932124743637,0.8526308846921387,0.06923894003460687,68
chr15,3120925,-0.00032901785714285726,0.08116523804162229,0.7766302463360739,0.1097856995985468,67
chr15,3130999,-4.084967320261419e-05,0.0013926077431939468,0.9703410632031131,0.01307558961776012,70
chr15,3194454,0.00043407043407043443,0.1572173002077826,0.6929730925725323,0.15928362826574197,70
chr15,3201603,0.00043407043407043443,0.1572173002077826,0.6929730925725323,0.15928362826574197,70
chr15,3218613,-0.00018362480127186027,0.02763133052467394,0.868464643149698,0.061247857812796055,71
chr15,3218626,0.0001836248012718603,0.02763133052467394,0.868464643149698,0.061247857812796055,71
chr15,3219297,0.00048141891891891904,0.18775910321526335,0.6661801567409336,0.1764083076194174,69
chr15,3262378,0.0001836248012718603,0.02763133052467394,0.868464643149698,0.061247857812796055,71
chr15,3277906,-0.00027859477124182996,0.06236161807220879,0.8035543581764187,0.09498473911524997,70
chr15,3294316,0.0002619047619047623,0.05214829352012197,0.8201059821205443,0.08613002020659317,65
chr15,3357010,6.538796861377612e-06,3.385011942139879e-05,0.9953754158656514,0.0020130898183750327,68
chr15,3357018,6.538796861377612e-06,3.385011942139879e-05,0.9953754158656514,0.0020130898183750327,68
chr15,3365127,1.815878378378386e-05,0.0002694822468000592,0.9869513704075077,0.00570424559173637,69
chr15,3365139,1.815878378378386e-05,0.0002694822468000592,0.9869513704075077,0.00570424559173637,69
chr15,3365188,1.815878378378386e-05,0.0002694822468000592,0.9869513704075077,0.00570424559173637,69
chr15,3367919,-0.00034409888357256763,0.09681833774104659,0.7566198073453453,0.1211222936166477,71
chr15,3373809,0.00034409888357256747,0.09681833774104659,0.7566198073453453,0.1211222936166477,71
chr15,3399922,-0.0002399159663865549,0.04731240559568612,0.8284687412824416,0.0817238731766302,69
chr15,3399938,-0.00022058823529411763,0.038848920863309565,0.8443540011478845,0.07347543428408061,68
chr15,3401840,7.887700534759358e-05,0.0048974864764200505,0.9444228121014443,0.024833531281869135,67
chr15,3401914,7.887700534759358e-05,0.0048974864764200505,0.9444228121014443,0.024833531281869135,67
chr15,3410277,-0.00011746031746031764,0.011321624287707428,0.9155712675435067,0.0383078448125911,71
chr15,3442225,-0.0003823529411764706,0.11677872808874598,0.7336086591033113,0.1345355511403905,70
chr15,3475166,-0.00047420634920634875,0.18499188459285848,0.6684582927892222,0.1749256845524152,71
chr15,3484780,-0.00011471861471861486,0.010434762992409474,0.9189467927187124,0.03670963366026145,68
chr15,3484783,-0.00011471861471861486,0.010434762992409474,0.9189467927187124,0.03670963366026145,68
chr15,3498262,0.00047420634920634875,0.18499188459285848,0.6684582927892222,0.1749256845524152,71
chr15,3580503,1.3910969793322649e-05,0.00015851890111018104,0.9899908897683607,0.004368801909050478,71
chr15,3580556,-1.391096979332264e-05,0.00015851890111018104,0.9899908897683607,0.004368801909050478,71
chr15,3580652,1.3910969793322649e-05,0.00015851890111018104,0.9899908897683607,0.004368801909050478,71
chr15,3580781,-0.0001272885789014819,0.012127826199892767,0.9126433059659874,0.03969892730581346,68
chr15,3586071,-0.000277777777777778,0.058028622618107144,0.8104094029493131,0.0912955286234553,66
chr15,3613145,0.0001913006756756753,0.02851775110146589,0.8664061181815035,0.062278489574004975,69
chr15,3613336,0.00011284722222222201,0.009704969281866479,0.9218229030552623,0.035352505858977715,68
chr15,3631844,0.00010620915032679742,0.009104161446284611,0.9242652511006936,0.03420337449656221,70
chr15,3656874,3.7878787878790673e-06,1.138436803927909e-05,0.9973179106158323,0.001166381489367006,69
chr15,3665843,0.00047687400318979317,0.186191462889728,0.6674507658005163,0.17558076431508637,71
chr15,3706454,0.0005692599620493362,0.23881469569606084,0.6267603840966701,0.20289846196723355,65
chr15,3706475,0.0005692599620493362,0.23881469569606084,0.6267603840966701,0.20289846196723355,65
chr15,3743080,-0.0003333333333333334,0.07989328159107434,0.7783990003284439,0.10879773048908697,63
chr15,3745767,-0.001048847926267281,0.8479602113919174,0.36058815586499315,0.44298854252475,66
chr15,3791022,0.00045888157894736847,0.1671512554609201,0.6839408617833316,0.1649814487353197,70
chr15,3803508,-0.0004768740031897926,0.186191462889728,0.6674507658005163,0.17558076431508637,71
chr15,3803524,-0.0004768740031897926,0.186191462889728,0.6674507658005163,0.17558076431508637,71
chr15,3803536,-0.0004768740031897926,0.186191462889728,0.6674507658005163,0.17558076431508637,71
chr15,3803611,-0.0004768740031897926,0.186191462889728,0.6674507658005163,0.17558076431508637,71
chr15,3803623,-0.0004768740031897926,0.186191462889728,0.6674507658005163,0.17558076431508637,71
chr15,3813946,-0.0007537878787878793,0.44411204021747114,0.5074327218581894,0.29462153068101465,69
chr15,3813965,-0.0007537878787878793,0.44411204021747114,0.5074327218581894,0.29462153068101465,69
chr15,3837163,0.00024377880184331795,0.0450739225130231,0.8325428871042249,0.07959338526552635,66
chr15,3967274,-0.0005770609318996414,0.2466337423274163,0.6211308503712467,0.2068168996495361,67
chr15,3968958,-0.0006351351351351353,0.3320338538683388,0.5663388255589693,0.2469236641406911,71
chr15,3968998,-0.0006351351351351353,0.3320338538683388,0.5663388255589693,0.2469236641406911,71
chr15,3994624,-0.00026969696969697,0.051834756485070715,0.8206622656605309,0.08583553513062558,63
chr15,3996979,-0.0005101351351351354,0.2032096836154937,0.653597979516082,0.18468929901905073,69
chr15,4003326,-0.0004093286835222319,0.12782475745544314,0.7218389342409864,0.14155969685396233,68
chr15,4003341,-0.0004093286835222319,0.12782475745544314,0.7218389342409864,0.14155969685396233,68
chr15,4003369,-0.0004093286835222319,0.12782475745544314,0.7218389342409864,0.14155969685396233,68
chr15,4040490,0.0007222222222222222,0.40732213810356954,0.5255073076564719,0.27942124033447374,69
chr15,4053139,-0.0008571428571428569,0.5922485121207728,0.4442160657102664,0.35240573862152974,70
chr15,4053141,-0.0008571428571428569,0.5922485121207728,0.4442160657102664,0.35240573862152974,70
chr15,4053145,-0.0008571428571428569,0.5922485121207728,0.4442160657102664,0.35240573862152974,70
chr15,4053213,-0.0008571428571428569,0.5922485121207728,0.4442160657102664,0.35240573862152974,70
chr15,4057322,0.000993464052287581,0.7999103897029591,0.3742749211820524,0.4268092724237624,70
chr15,4119926,-0.0007943722943722944,0.5072685093544699,0.4788339553428731,0.3198150602389596,68
chr15,4120354,-0.0010753968253968255,0.9620689486268286,0.3300928723644939,0.4813638532104012,71
chr15,4127769,-0.0009520202020202025,0.7175714386366012,0.39995743614936863,0.39798622424461655,69
chr15,4127905,-0.0009520202020202025,0.7175714386366012,0.39995743614936863,0.39798622424461655,69
chr15,4154762,0.0015381558028616858,1.9940628220168588,0.16241093983813015,0.7893847204685246,71
chr15,4181274,-0.0014419191919191922,1.6673687837317885,0.20104866780102212,0.6966988002958712,69
chr15,4188817,-0.0011181917211328975,0.8391234304038961,0.3633766698647678,0.43964295945574255,61
chr15,4214884,0.0015978705978705989,2.0935149390720964,0.15251965622902597,0.8166741822733035,70
chr15,4222400,0.0015372645372645378,1.9323723635313634,0.16903289553763,0.7720287689943354,70
chr15,4242137,-0.0013832720588235292,1.5235516615731362,0.2215959370196339,0.6544382066968993,66
chr15,4255239,-0.0015381558028616854,1.9940628220168588,0.16241093983813015,0.7893847204685246,71
chr15,4284090,-0.001617647058823529,2.081840974212032,0.15409369009307802,0.8122151446291702,64
chr15,4284355,0.0017272727272727275,2.3278504830968942,0.13224576710022048,0.8786182198934328,63
chr15,4306267,-0.0015228758169934637,1.909927957058783,0.17149444997491062,0.7657499303400036,70
chr15,4354346,-0.0011222222222222215,1.0489760520480895,0.3093204007364763,0.5095914358484189,71
chr15,4384907,0.0013684419713831486,1.5688519928087779,0.21460243938711435,0.6683653457142346,71
chr15,4385239,-0.0014758394758394762,1.786204677284943,0.18584411150816432,0.730851195020369,70
chr15,4386052,-0.001487557603686636,1.8051785359178367,0.183832176383734,0.7355784711714201,66
chr15,4394870,-0.0013552083333333333,1.3473011983340006,0.2503479498582681,0.6014559607615249,62
chr15,4421616,0.001647058823529412,2.1553489050182733,0.14682407280704585,0.8332027330428469,68
chr15,4440318,0.0020152129817444225,3.0150358630793566,0.08754392897177932,1.057773966147937,63
chr15,4447087,0.0018265873015873009,2.8504704128654708,0.0958623241729803,1.01835204578796,71
chr15,4454551,0.0015530303030303033,1.71616621511885,0.19509925608525208,0.7097443865700436,63
chr15,4457177,0.0017428571428571428,2.537639153545282,0.11579904152253329,0.9362950352821364,70
chr15,4457197,0.0017428571428571428,2.537639153545282,0.11579904152253329,0.9362950352821364,70
chr15,4457762,0.0019223856209150314,3.0893673417281393,0.08330592050826832,1.0793241324143368,70
chr15,4459934,0.0018265873015873009,2.8504704128654708,0.0958623241729803,1.01835204578796,71
chr15,4459935,0.0018265873015873009,2.8504704128654708,0.0958623241729803,1.01835204578796,71
chr15,4460889,0.0018265873015873009,2.8504704128654708,0.0958623241729803,1.01835204578796,71
chr15,4461325,0.0018265873015873009,2.8504704128654708,0.0958623241729803,1.01835204578796,71
chr15,4462930,0.001941176470588235,2.9800669617405866,0.08897443901240658,1.0507347415605233,68
chr15,4495451,0.001957603686635945,3.124441226305035,0.0818930755271699,1.0867528184773854,66
chr15,4506673,0.0021700460829493094,3.6211059461639987,0.061551121902521724,1.2107640267028692,66
chr15,4507494,0.0021307631160572345,3.930958048077713,0.0513878044352756,1.2891399373258015,71
chr15,4507619,0.0025544763513513516,5.762569770637251,0.019155205148077625,1.7177131924566282,69
chr15,4507655,0.0025544763513513516,5.762569770637251,0.019155205148077625,1.7177131924566282,69
chr15,4507707,0.0025544763513513516,5.762569770637251,0.019155205148077625,1.7177131924566282,69
chr15,4577882,0.00233655462184874,4.556563788392423,0.03645458235099545,1.4382478729792354,69
chr15,4578045,0.002223856209150326,4.198821352921499,0.04431310054567645,1.353467861731677,70
chr15,4581062,0.0021392301392301398,3.8443505241501543,0.0540115745634182,1.267513161836816,70
chr15,4603817,0.002063472563472564,3.5895996659010767,0.06239515298506962,1.2048491461124153,70
chr15,4603875,-0.002063472563472564,3.5895996659010767,0.06239515298506962,1.2048491461124153,70
chr15,4604350,0.0022462121212121215,4.167155703925057,0.045156233014853296,1.345282294583616,69
chr15,4617959,-0.002108530405405406,3.669722598750462,0.059678196637475915,1.2241843088970872,69
chr15,4618163,-0.0020057565789473684,3.375910818736323,0.07052553027569176,1.1516536397356443,70
chr15,4702955,0.0018779688779688793,2.9400284773483154,0.09096371712529362,1.0411318010245947,70
chr15,4703105,0.0017791068580542263,2.685135605802934,0.10584093948077389,0.9753463138554654,71
chr15,4740937,0.0018779688779688793,2.9400284773483154,0.09096371712529362,1.0411318010245947,70
chr15,4777979,0.0017610153256704985,2.25278757230794,0.13836945577264395,0.8589597672014612,65
chr15,4783813,0.0020067567567567572,3.294537801248327,0.07398655008529233,1.1308472228993145,69
chr15,4802916,0.0017791068580542263,2.685135605802934,0.10584093948077389,0.9753463138554654,71
chr15,4843523,0.0012794871794871798,1.3041584139221007,0.2575199458669199,0.5891891276151597,69
chr15,4868045,0.001248949579831933,1.0905593754166012,0.30053655664849654,0.5221026937607544,62
chr15,4929680,-0.0018693284936479127,2.7943507704350887,0.09940501201798263,1.0025917178473793,67
chr15,4968335,0.0015921052631578953,2.0751211346501446,0.1543067410088133,0.8116151010335316,70
chr15,5001634,0.0015479511769834354,1.874280667477451,0.17562687398172433,0.7554090286977203,68
chr15,5011541,0.0016200716845878136,2.1099931670259005,0.1511504874410376,0.8205904479396108,67
chr15,5011544,0.0014564080209241502,1.7081213997805116,0.1957647303205395,0.7082655495446623,68
chr15,5011712,0.0016246730601569312,2.0613368507609584,0.15580029261012804,0.8074317310097662,68
chr15,5030947,-0.0014729729729729732,1.8341577834862852,0.18018728670394688,0.744275854361945,69
chr15,5051198,-0.0016052631578947377,2.114469560857393,0.15051283361564677,0.8224264679715746,70
chr15,5082387,-0.0016254385964912287,2.033078035955966,0.1586214304862805,0.7996381378684218,68
chr15,5103451,-0.0014762308998302214,1.7516829949274773,0.19016382451522085,0.7208720967975778,69
chr15,5103460,0.0013552631578947374,1.4419036751217542,0.2341234419565338,0.6305550997477534,68
chr15,5103473,-0.0014762308998302214,1.7516829949274773,0.19016382451522085,0.7208720967975778,69
chr15,5105975,0.0016052631578947372,2.047519244545615,0.15710222698165668,0.8038176586329114,69
chr15,5107628,0.0013999172870140613,1.5988236459162621,0.21038676759303937,0.6769815788816282,70
chr15,5122026,0.0014960127591706535,1.8771984317635593,0.17509460913032074,0.7567272249102442,71
chr15,5122050,0.0014960127591706535,1.8771984317635593,0.17509460913032074,0.7567272249102442,71
chr15,5122101,0.0015903716216216224,2.0191121938472185,0.15996752336377373,0.7959681789412524,69
chr15,5163356,-0.0020577342047930283,2.859096482552928,0.09613531941073815,1.0171170264092915,61
chr15,5165961,0.001641228070175439,2.088893898503446,0.15310505768647986,0.8150104625411322,68
chr15,5166185,-0.0016266025641025641,2.2192719736507858,0.1408543541568854,0.8512297233528203,71
chr15,5169938,-0.001720394736842106,2.4399245721107023,0.12292419469572917,0.9103626281901025,70
chr15,5173932,0.0016286186931348215,2.1543661234294813,0.146775524899165,0.8333463578220187,70
chr15,5174030,-0.0016658692185007968,2.34296614537976,0.1304218063650074,0.8846497890317774,71
chr15,5189928,0.0018057432432432433,2.634998736102071,0.10922834556370607,0.9616646443743585,69
chr15,5210929,0.0016266025641025644,2.219271973650784,0.1408543541568854,0.8512297233528203,71
chr15,5251182,-0.0019610837438423646,3.1152641715395006,0.08248660630302954,1.0836165639459638,64
chr15,5415670,0.0013421474358974361,1.4955897983363162,0.22551173041467867,0.6468308625582411,71
chr15,5425620,-0.0013391232423490484,1.4417424349631707,0.23402359207741133,0.6307403588609234,70
chr15,5425669,-0.001342147435897436,1.4955897983363162,0.22551173041467867,0.6468308625582411,71
chr15,5433285,-0.001342147435897436,1.4955897983363162,0.22551173041467867,0.6468308625582411,71
chr15,5442199,-0.0014177419354838706,1.662025358996183,0.20163523879642237,0.6954335660883495,71
chr15,5443857,-0.001550675675675676,1.957030835696156,0.16644356929750986,0.778732979555419,69
chr15,5443988,0.0012284628378378376,1.2528089859461258,0.26701335244849894,0.5734670204717212,69
chr15,5444000,0.0012284628378378376,1.2528089859461258,0.26701335244849894,0.5734670204717212,69
chr15,5444001,0.0012284628378378376,1.2528089859461258,0.26701335244849894,0.5734670204717212,69
chr15,5450813,0.0014613486842105265,1.743050430379496,0.1911796325193784,0.7185583775181197,70
chr15,5468172,0.0014154040404040407,1.671235819075283,0.20053342231317706,0.6978132344327195,69
chr15,5470891,0.002318965517241379,4.368511320641215,0.04065090803832408,1.3909297489228278,65
chr15,5498595,-0.0014966216216216219,1.8018042869148927,0.18402531475358042,0.7351224307862362,69
chr15,5512474,0.001953125,2.980787574077379,0.0892383717340059,1.0494483625633193,64
chr15,5544890,-0.0015243221690590105,1.950943773958958,0.16696170103507993,0.7773831392517455,71
chr15,5548302,-0.0015243221690590105,1.950943773958958,0.16696170103507993,0.7773831392517455,71
chr15,5548371,-0.001453125,1.6763353826169978,0.19985636911726462,0.69928200688145,69
chr15,5582418,-0.0017070707070707073,2.3532912297616657,0.12972769834553668,0.8869672871823571,69
chr15,5635319,-0.0015603448275862066,1.7648055225801287,0.18881850309859063,0.7239554496572665,65
chr15,5645002,0.0017751842751842757,2.635059797136871,0.10915538221130654,0.9619548453232131,70
chr15,5645030,-0.0016375598086124396,2.2614233856656023,0.13719572864300797,0.8626594094430291,71
chr15,5645041,-0.0016375598086124396,2.2614233856656023,0.13719572864300797,0.8626594094430291,71
chr15,5648878,-0.0016579861111111105,2.175551086009074,0.14497390323708545,0.8387101681109315,68
chr15,5648931,-0.0016579861111111105,2.175551086009074,0.14497390323708545,0.8387101681109315,68
chr15,5657616,-0.002049107142857143,3.5994522230721406,0.06224250203655503,1.205912957810961,67
chr15,5696638,-0.0019525641025641034,3.075875184916066,0.08403487033550738,1.0755404657017835,69
chr15,5696699,0.0018747731397459162,2.6748407656699036,0.10677939149213973,0.9715125584018682,67
chr15,5700075,-0.0018701406120760953,2.87787626209797,0.09437806117333787,1.025128948696498,70
chr15,5765497,-0.0014990601503759395,1.6407931579226815,0.20483901388441741,0.6885873235698564,66
chr15,5803130,-0.0015700549450549447,1.894523165486483,0.17341585539183543,0.7609111975496354,67
chr15,5809574,0.0013752122241086594,1.50995709788243,0.22344419639065913,0.650830920968913,69
chr15,5809742,0.001374689826302729,1.5217946866983696,0.2215951299312412,0.6544397884708181,70
chr15,5816622,-0.001313701923076923,1.4315651065780552,0.2356042658224806,0.6278168505301299,71
chr15,5816655,0.001313701923076923,1.4315651065780552,0.2356042658224806,0.6278168505301299,71
chr15,5877212,0.0021528340080971663,3.6257106494263978,0.06153620669475732,1.210869278681835,64
chr15,5881848,-0.0017836617405582922,2.6190034087706118,0.11015326817836273,0.9580026130772358,71
chr15,5904172,-0.0023225806451612906,4.531140280860403,0.03696379806347077,1.4322234110108676,69
chr15,5944446,-0.001991666666666667,3.2648061277923444,0.07520553213314439,1.1237502114492,70
chr15,5958750,0.0020475806451612896,3.5598836385861294,0.06339976660835173,1.1979123408704997,71
chr15,5958755,0.0020475806451612896,3.5598836385861294,0.06339976660835173,1.1979123408704997,71
chr15,5985415,0.0020041666666666662,3.31523448060923,0.07304044187268695,1.1364366081149244,70
chr15,5995042,0.002039787798408488,3.336822958766614,0.0722677715153908,1.1410553371941388,68
chr15,6066950,-0.0005624417520969251,0.23294793902403466,0.6309933433743058,0.19997522229478154,66
chr15,6119023,-0.00033613782051282063,0.0919416409822481,0.7626354756192801,0.1176829964563316,71
chr15,6119097,-0.00033613782051282063,0.0919416409822481,0.7626354756192801,0.1176829964563316,71
chr15,6120125,-0.0004480574324324324,0.16447013909836958,0.6863660494573662,0.16344420665407805,69
chr15,6126898,-0.00031825657894736845,0.08029887925011965,0.777753721057092,0.10915790239129881,70
chr15,6126953,-0.000653846153846154,0.3368406443978567,0.5636055229803609,0.2490247597285045,69
chr15,6152447,-0.00022101133391455967,0.03754328737759007,0.846958209241503,0.07213801817409854,68
chr15,6167543,-0.00016427364864864884,0.021146155192907932,0.884818099430511,0.05314600222111206,69
chr15,6350800,0.0006530214424951264,0.3273056232619181,0.5692858586524085,0.2446696041482348,65
chr15,6368301,-0.0008016826923076926,0.526264414772282,0.4706349217012723,0.3273158507692878,71
chr15,6368401,0.0008016826923076923,0.526264414772282,0.4706349217012723,0.3273158507692878,71
chr15,6368403,0.0008016826923076923,0.526264414772282,0.4706349217012723,0.3273158507692878,71
chr15,6368449,0.0008016826923076923,0.526264414772282,0.4706349217012723,0.3273158507692878,71
chr15,6371511,-0.0007245657568238213,0.4179455190986863,0.5201400789916322,0.28387968071030023,70
chr15,6371650,-0.0006423076923076921,0.3190664506122779,0.5740556786460747,0.2410459825915086,69
chr15,6372375,0.0010527777777777777,0.8963313107999481,0.347328332729571,0.45925978839604265,66
chr15,6372695,0.0008118118118118118,0.4916793107107044,0.4858027452890039,0.31354003531002195,64
chr15,6388022,0.0004768713204373423,0.1792982646504883,0.6733133110014762,0.17178279970501326,70
chr15,6388214,0.0004768713204373423,0.1792982646504883,0.6733133110014762,0.17178279970501326,70
chr15,6398525,0.00026206896551724115,0.05541335602607295,0.8146159936043619,0.08904706753023982,69
chr15,6398621,0.0004596299411269976,0.16712415826020627,0.6839650675379654,0.16496607863501744,70
chr15,6412903,-1.666666666666637e-05,0.00021976406065810992,0.988215649723097,0.0051482727552769085,70
chr15,6425781,0.0001247731397459164,0.011271261422529846,0.9157774652646822,0.038210047455635894,67
chr15,6425989,-0.00024490662139219034,0.0461948205633347,0.8304749229830126,0.08067347696879139,69
chr15,6426219,-1.666666666666637e-05,0.00021976406065810992,0.988215649723097,0.0051482727552769085,70
chr15,6448455,0.0006038461538461541,0.2848881018513574,0.5952815666233695,0.22527756552098444,69
chr15,6486038,-0.00022615131578947395,0.041027049251247935,0.8400905334820341,0.07567390908929693,70
chr15,6486068,-0.00022615131578947395,0.041027049251247935,0.8400905334820341,0.07567390908929693,70
chr16,16269,-0.0005899621212121216,0.27712309819566805,0.6004415907791898,0.2215292331171196,65
chr16,25640,-0.00022348484848484852,0.039352161578952986,0.8433533212459176,0.0739904404166452,69
chr16,83260,-0.00019403714565004897,0.030182485876767137,0.8626428118590649,0.06416899217572443,64
chr16,83583,-0.00047575757575757616,0.18665091120845909,0.6672421320537872,0.1757165385981846,63
chr16,165228,-0.00022063492063492,0.03996272580856729,0.8421414736754851,0.07461494404017581,71
chr16,232586,-0.0001906158357771262,0.026977150317635933,0.8700708191511333,0.060445396674699045,64
chr16,232632,-0.0001906158357771262,0.026977150317635933,0.8700708191511333,0.060445396674699045,64
chr16,296517,0.0002396661367249606,0.04708416178683984,0.8288573531409502,0.08152020536567442,71
chr16,296798,-0.0002017857142857146,0.031464126967856075,0.8597604938253788,0.06562251468286877,67
chr16,296824,-0.0002017857142857146,0.031464126967856075,0.8597604938253788,0.06562251468286877,67
chr16,296904,-0.0002017857142857146,0.031464126967856075,0.8597604938253788,0.06562251468286877,67
chr16,313979,0.0003629032258064519,0.10235865357228821,0.7500128782471106,0.12493127940344796,69
chr16,388079,0.00044285714285714284,0.15141564324302625,0.6984580494261369,0.15585967322891103,67
chr16,388134,0.00036764705882353,0.10181133500590292,0.7507058077862263,0.12453022422985344,66
chr16,388151,0.0007800207039337474,0.3974205539571289,0.5307045684080217,0.27514717386325543,65
chr16,406067,-0.00030769230769230814,0.07702238819257477,0.7822037157973916,0.10668012529712,71
chr16,414803,-0.00029414261460101836,0.06762391055145454,0.7956257919497951,0.09929114671412512,69
chr16,448006,0.0006421098517872711,0.33578299828218555,0.56424629195451,0.2485312862847354,68
chr16,448057,0.0006421098517872711,0.33578299828218555,0.56424629195451,0.2485312862847354,68
chr16,459256,-0.00024385964912280732,0.0449514003473759,0.832746815441466,0.07948701944596372,68
chr16,471280,-0.0004591733870967744,0.15103596232913777,0.698900504816163,0.15558464583495393,63
chr16,572152,-0.0007205882352941178,0.4003425747677022,0.5290985372212593,0.27646343914383337,68
chr16,572321,0.0006714285714285717,0.35342879902575547,0.5542423250000892,0.2563003121660019,67
chr16,593444,0.0009954637096774193,0.75199724808683,0.3892431325610821,0.4097790409747087,63
chr16,593471,-0.0009954637096774195,0.75199724808683,0.3892431325610821,0.4097790409747087,63
chr16,616282,5.158730158730169e-05,0.0021835066063761724,0.9628649914601154,0.016434603399191446,71
chr16,616283,5.158730158730169e-05,0.0021835066063761724,0.9628649914601154,0.016434603399191446,71
chr16,616321,5.158730158730169e-05,0.0021835066063761724,0.9628649914601154,0.016434603399191446,71
chr16,636503,-0.00019444444444444457,0.030620778385332517,0.8616091052547924,0.06468972017778808,70
chr16,636512,-0.00019444444444444457,0.030620778385332517,0.8616091052547924,0.06468972017778808,70
chr16,658835,0.0001489898989898992,0.01723413130488716,0.895948145540712,0.04771712511154912,69
chr16,658982,0.000656756756756757,0.3266387716114727,0.5696161155007551,0.2444177321976668,67
chr16,673308,-0.0005632083696599831,0.24537523221145852,0.6219957981508433,0.2062125491453008,68
chr16,673338,0.0005632083696599828,0.24537523221145852,0.6219957981508433,0.2062125491453008,68
chr16,673340,0.0005632083696599828,0.24537523221145852,0.6219957981508433,0.2062125491453008,68
chr16,673378,0.0005632083696599828,0.24537523221145852,0.6219957981508433,0.2062125491453008,68
chr16,742023,-0.0010904761904761908,0.9610280999918854,0.3306777006513779,0.48059509087579605,65
chr16,742024,-0.0010904761904761908,0.9610280999918854,0.3306777006513779,0.48059509087579605,65
chr16,763943,-8.931419457735257e-05,0.006514245286680471,0.9359055369798297,0.028767983354517235,71
chr16,777404,6.334459459459517e-05,0.0031491417752024264,0.9554154452001947,0.01980774221218198,69
chr16,781162,-8.931419457735257e-05,0.006514245286680471,0.9359055369798297,0.028767983354517235,71
chr16,783510,0.0003822916666666666,0.10930142798248574,0.7420925909394063,0.12954190439032098,62
chr16,793183,-8.931419457735257e-05,0.006514245286680471,0.9359055369798297,0.028767983354517235,71
chr16,794099,-8.931419457735257e-05,0.006514245286680471,0.9359055369798297,0.028767983354517235,71
chr16,794105,-8.931419457735257e-05,0.006514245286680471,0.9359055369798297,0.028767983354517235,71
chr16,803704,8.931419457735255e-05,0.006514245286680471,0.9359055369798297,0.028767983354517235,71
chr16,851559,6.334459459459517e-05,0.0031491417752024264,0.9554154452001947,0.01980774221218198,69
chr16,882748,8.931419457735255e-05,0.006514245286680471,0.9359055369798297,0.028767983354517235,71
chr16,927549,-1.3091216216216442e-05,0.0001410193933565982,0.9905605067270096,0.004118991165236069,69
chr16,935011,0.00010528673835125441,0.008503874458424024,0.9268096932180655,0.03300943270564467,67
chr16,1024725,-0.000345351043643264,0.08951137858279572,0.765784024487473,0.11589369799003583,65
chr16,1033642,-4.7186147186147126e-05,0.0017048864671793855,0.9671891453325028,0.014488586163671938,68
chr16,1040827,-0.00018193277310924377,0.026864384827096882,0.870300483057288,0.060330775423948976,69
chr16,1040842,-0.00018193277310924377,0.026864384827096882,0.870300483057288,0.060330775423948976,69
chr16,1085173,-0.00016428571428571382,0.022151041147954794,0.8821201251522204,0.05447226958653656,71
chr16,1089977,0.0003030303030303033,0.0715987783458454,0.7898834779641501,0.10243697024066173,66
chr16,1094713,-0.0006799107142857144,0.36234600114973065,0.5493002129643749,0.26019023260209834,67
chr16,1134731,-2.857142857142835e-05,0.0006613820940524854,0.979558107954381,0.008969796304853242,70
chr16,1148651,0.00016428571428571382,0.022151041147954794,0.8821201251522204,0.05447226958653656,71
chr16,1148653,-0.00016428571428571382,0.022151041147954794,0.8821201251522204,0.05447226958653656,71
chr16,1195029,0.00020084033613445394,0.0317732474063292,0.8590641059508879,0.06597442659725887,69
chr16,1221634,0.00016428571428571393,0.022151041147954794,0.8821201251522204,0.05447226958653656,71
chr16,1224778,-0.00046874999999999966,0.16882695268929426,0.6824874710210596,0.16590531691191301,68
chr16,1224801,-0.00046874999999999966,0.16882695268929426,0.6824874710210596,0.16590531691191301,68
chr16,1232237,-0.0007044642857142856,0.3892767051334276,0.5348634417857816,0.2717570853603445,67
chr16,1257460,-0.0001142857142857139,0.010336915434144894,0.9193217834398616,0.03653244910156187,69
chr16,1257535,-0.0001142857142857139,0.010336915434144894,0.9193217834398616,0.03653244910156187,69
chr16,1257721,-0.0011526497695852535,0.8828581577594824,0.35138488257344647,0.4542169268366281,59
chr16,1329751,-2.8571428571428794e-05,0.0006544565604458607,0.9796653924367454,0.008922233524270037,70
chr16,1366444,-0.0004934640522875817,0.19562154493111433,0.6596820583863243,0.18066532742443575,70
chr16,1389382,0.000519747899159664,0.2133635021103229,0.6456401810961014,0.1900094493434627,69
chr16,1389407,0.000519747899159664,0.2133635021103229,0.6456401810961014,0.1900094493434627,69
chr16,1389626,-0.00021168831168831212,0.03659166162331027,0.8488860678284225,0.07115059413029268,68
chr16,1409507,0.0005587301587301585,0.2570836643025915,0.6137474790465951,0.21201027871973094,71
chr16,1459464,-0.00047420634920634897,0.18499188459285845,0.6684582927892222,0.1749256845524152,71
chr16,1487009,0.0002840073529411765,0.060263519764248576,0.8068654301427193,0.09319889132472557,66
chr16,1508576,0.00047420634920634897,0.18499188459285845,0.6684582927892222,0.1749256845524152,71
chr16,1603052,0.0014277310924369752,1.7010752331811272,0.1966102775440153,0.7063937837368942,69
chr16,1605007,0.0012077922077922082,1.1596270670793876,0.28546338077722677,0.544449595111268,68
chr16,1629815,0.0010940476190476188,0.9962149625687121,0.3217155890325013,0.4925278944391495,71
chr16,1629913,-0.0010285714285714284,0.8588803991891462,0.35732987167821395,0.4469306765970491,70
chr16,1640464,0.0010285714285714284,0.8588803991891462,0.35732987167821395,0.4469306765970491,70
chr16,1648218,0.001221590909090909,1.130458101744173,0.2917361727226064,0.535009718838994,65
chr16,1648314,-0.001221590909090909,1.130458101744173,0.2917361727226064,0.535009718838994,65
chr16,1702020,-0.0010285714285714284,0.8588803991891462,0.35732987167821395,0.4469306765970491,70
chr16,1725309,0.0010768907563025207,0.9159183094730681,0.34198964434018053,0.4659870444526588,69
chr16,1725435,0.0010768907563025207,0.9159183094730681,0.34198964434018053,0.4659870444526588,69
chr16,1736413,-0.0015069264069264069,1.9588691375608833,0.16631710503718983,0.7790630830640083,68
chr16,1756158,-0.0010940476190476188,0.9962149625687121,0.3217155890325013,0.4925278944391495,71
chr16,1767516,-0.0011453726453726461,1.062810883916879,0.3062278607265429,0.5139552995640728,70
chr16,1771547,-0.001058028616852147,0.9293308423393986,0.33840337835003886,0.47056530996086243,71
chr16,1785225,-0.0011250000000000001,0.9390536071148939,0.3362865508722763,0.4732905011027079,64
chr16,1785288,0.001241003787878788,1.1665929496619463,0.2842200080394491,0.5463453526039429,65
chr16,1785325,0.001241003787878788,1.1665929496619463,0.2842200080394491,0.5463453526039429,65
chr16,1809401,-0.000827020202020202,0.5374125535570047,0.4660642546697443,0.33155420450140727,69
chr16,1839369,-0.0012247899159663863,1.2457513146011134,0.26835250760260315,0.5712943421213649,69
chr16,1858582,0.000313940092165899,0.06521965113139286,0.799347833623043,0.09726419771827291,59
chr16,1905469,0.0010790441176470587,0.92399071149588,0.3400470499362189,0.468460988504844,66
chr16,1905801,0.0007638888888888884,0.4741723273143678,0.4934166322217233,0.30678621528330613,70
chr16,1905830,0.0007638888888888884,0.4741723273143678,0.4934166322217233,0.30678621528330613,70
chr16,1905900,0.0007638888888888884,0.4741723273143678,0.4934166322217233,0.30678621528330613,70
chr16,1911140,-0.0007433155080213903,0.44189038697127686,0.5085630838467576,0.2936551680760082,67
chr16,1911649,-0.0008080065359477122,0.5270366906595949,0.4703467570564026,0.3275818459993415,70
chr16,1911981,-0.0008668300653594766,0.6042266804710447,0.4396658105873682,0.35687730479318497,70
chr16,1915338,-0.0006881313131313128,0.3749589890740093,0.5423862110864857,0.2656913599322381,69
chr16,1927801,0.0006241071428571427,0.29672040768416785,0.5878098461274432,0.2307631435390053,67
chr16,1927814,-0.0006241071428571432,0.29672040768416863,0.5878098461274432,0.2307631435390053,67
chr16,1927897,0.00041182266009852207,0.11952173687389939,0.7307241210940685,0.1362465564221983,64
chr16,1927902,0.0003761904761904762,0.10314235782291963,0.749153801468372,0.12542901237793713,65
chr16,1927918,-0.00041182266009852207,0.11952173687389939,0.7307241210940685,0.1362465564221983,64
chr16,1967879,-0.001066919191919192,0.9394794388402501,0.33589781706613686,0.47379281854360417,69
chr16,1968319,-0.0007919642857142858,0.47400277974812954,0.49360143213624896,0.3066235889100498,67
chr16,1968325,-0.0007919642857142858,0.47400277974812954,0.49360143213624896,0.3066235889100498,67
chr16,1968357,-0.0007919642857142858,0.47400277974812954,0.49360143213624896,0.3066235889100498,67
chr16,1968374,-0.000670138888888889,0.3447609305892138,0.5590972745633065,0.25251262479552444,68
chr16,2139670,0.0007926944971537004,0.47260684148005183,0.49431352223903813,0.3059975089940648,65
chr16,2139882,0.0009581339712918658,0.7578418035318584,0.387023404678979,0.41226277085813584,71
chr16,2145222,-0.0008856907894736843,0.6300571219924123,0.430095600630094,0.3664349997426896,70
chr16,2145286,-0.0008856907894736843,0.6300571219924123,0.430095600630094,0.3664349997426896,70
chr16,2145289,-0.0008856907894736843,0.6300571219924123,0.430095600630094,0.3664349997426896,70
chr16,2151336,0.0013712121212121214,1.6397162290536544,0.20477972211840081,0.6887130506654205,69
chr16,2177157,-0.0011846092503987236,1.1652124835894342,0.28414602910491404,0.5464584087724237,71
chr16,2193875,0.0006828703703703704,0.34223161445522904,0.5605692838319991,0.25137070291490055,67
chr16,2194420,-0.001256810897435898,1.3079600104100857,0.2567166305221936,0.5905459961120755,71
chr16,2194440,0.001256810897435898,1.3079600104100857,0.2567166305221936,0.5905459961120755,71
chr16,2194618,0.0006141439205955334,0.2711347815624075,0.604661634859587,0.21848758604488253,57
chr16,2194620,0.0006141439205955334,0.2711347815624075,0.604661634859587,0.21848758604488253,57
chr16,2194644,0.0006141439205955334,0.2711347815624075,0.604661634859587,0.21848758604488253,57
chr16,2194710,-0.0005372208436724567,0.20802983152337381,0.6501119313060503,0.1870118634131728,57
chr16,2194720,-0.0005372208436724567,0.20802983152337381,0.6501119313060503,0.1870118634131728,57
chr16,2194745,-0.0005372208436724567,0.20802983152337381,0.6501119313060503,0.1870118634131728,57
chr16,2194755,-0.0005372208436724567,0.20802983152337381,0.6501119313060503,0.1870118634131728,57
chr16,2207412,0.0013167907361455748,1.3937324897465655,0.24188887499691328,0.6163841053402961,70
chr16,2267243,-0.0008666666666666667,0.5544894196214222,0.45939583781955406,0.33781294388237043,62
chr16,2277043,-0.0010430107526881722,0.8717922218943905,0.3537633212524489,0.4512871974393757,70
chr16,2301281,-0.0008412563667232598,0.576077037054158,0.45051613999307416,0.34628964556312297,69
chr16,2329054,-0.001373411978221416,1.4630147483750384,0.23083196174732631,0.6367040575203778,67
chr16,2329072,0.0014724108658743635,1.7933708193752584,0.18504157729365997,0.7327306782972438,69
chr16,2338037,0.0013497920997921002,1.3572149440102454,0.24855640195710946,0.6045750464503903,63
chr16,2373370,0.0016076421248835046,2.0774650318749193,0.15436348022326846,0.8114554385437419,66
chr16,2384696,-0.0015895161290322582,2.102180440065355,0.15161963759017216,0.8192445457704195,71
chr16,2406571,-0.0016799007444168739,2.3087156320662645,0.1332865205343074,0.8752137692176046,70
chr16,2560051,0.001598143236074271,1.9863543091655274,0.16341718204325548,0.7867022827223864,68
chr16,2560133,0.001598143236074271,1.9863543091655274,0.16341718204325548,0.7867022827223864,68
chr16,2595625,0.0019904718693284935,3.194327388758444,0.07855635105747893,1.104818697731368,67
chr16,2599221,0.0019628378378378384,3.0051260047449544,0.08789342601069995,1.0560436067697558,65
chr16,2661120,-0.0017791068580542255,2.6851356058029254,0.1058409394807752,0.97534631385546,71
chr16,2670844,0.001580671580671581,2.1456154720902187,0.1475860026040675,0.8309548300473821,70
chr16,2672770,0.001779106858054226,2.6851356058029254,0.1058409394807752,0.97534631385546,71
chr16,2672974,0.0016568627450980395,1.895469587655539,0.17378834577705643,0.7599793506400491,61
chr16,2683943,0.0018306451612903223,2.7149898763838163,0.10409194375484894,0.9825828816153567,69
chr16,2706256,0.0018371794871794866,2.689369507093957,0.10570701336068977,0.9758961975288772,69
chr16,2706448,-0.0018257211538461543,2.819427474625252,0.09765293533848461,1.0103146977714506,71
chr16,2706449,-0.0018257211538461543,2.819427474625252,0.09765293533848461,1.0103146977714506,71
chr16,2731063,0.0016385964912280703,2.070949712270859,0.15485390906367075,0.8100778270307745,68
chr16,2788906,-0.0015895161290322582,2.102180440065355,0.15161963759017216,0.8192445457704195,71
chr16,2877153,-0.002861904761904762,6.937613949653831,0.0105374668867595,1.977263777104589,67
chr16,2888086,0.0024188311688311684,4.577321998391024,0.03634213959016753,1.4395895078246341,64
chr16,2888175,0.001875,2.9407496028399365,0.09092491536979765,1.0413170945014274,70
chr16,2923564,0.0017313636363636364,2.2551353140610795,0.13787033994658496,0.8605291535703294,69
chr16,2954011,0.001703255813953488,2.115382374614215,0.15056504129050138,0.822275852418461,68
chr16,2957457,-0.002022727272727272,2.9618567693498647,0.09008135958925602,1.0453650676786124,66
chr16,2958397,0.0016635375494071145,1.8967114285477849,0.1731712410980174,0.7615242305027671,67
chr16,3024560,0.0016261726078799252,2.006416795948367,0.16140966768651355,0.7920704566203665,67
chr16,3097678,0.0017777777777777776,2.4776380246259753,0.12011708058953877,0.9203952317449627,70
chr16,3097684,0.0017777777777777776,2.4776380246259753,0.12011708058953877,0.9203952317449627,70
chr16,3101229,-0.0016346153846153845,2.0139658288407816,0.16049308360116818,0.7945436786396031,69
chr16,3101259,-0.0016399999999999995,1.9484545682519732,0.16743158928394508,0.7761626003604537,68
chr16,3101264,-0.0016346153846153845,2.0139658288407816,0.16049308360116818,0.7945436786396031,69
chr16,3108857,-0.0013958333333333333,1.37566390209143,0.24512153383162427,0.6106185344702771,67
chr16,3110048,0.0015178571428571428,1.8988540398477214,0.1727244128224393,0.762646275027962,70
chr16,3110063,0.0015178571428571428,1.8988540398477214,0.1727244128224393,0.762646275027962,70
chr16,3134208,0.001117724867724868,0.9402693752478819,0.33569614348817756,0.4740536479430043,69
chr16,3155371,-0.0011249999999999997,0.9882232325389808,0.32370135055475147,0.48985548861950756,70
chr16,3179782,-0.0009377177700348434,0.698799713844664,0.40615868685854795,0.3913042537077661,69
chr16,3179819,-0.0009377177700348434,0.698799713844664,0.40615868685854795,0.3913042537077661,69
chr16,3224242,-0.0013342366757000904,1.315661071996174,0.25551342869978744,0.5925862702574043,68
chr16,3307119,-0.0011362126245847177,1.0271831181602362,0.31436201297001776,0.502569938950171,71
chr16,3307158,-0.0011362126245847177,1.0271831181602362,0.31436201297001776,0.502569938950171,71
chr16,3308016,0.0008644688644688647,0.563848131089304,0.4553829028527696,0.3416232788067007,68
chr16,3310989,-0.0011362126245847177,1.0271831181602362,0.31436201297001776,0.502569938950171,71
chr16,3312593,0.0011362126245847177,1.0271831181602362,0.31436201297001776,0.502569938950171,71
chr16,3324289,0.000985238095238095,0.6833457519127354,0.41146126888016465,0.3856710389529748,67
chr16,3364671,0.0007716450216450214,0.3936246275918712,0.532704137756173,0.2735139298386089,64
chr16,3386716,-0.0012678571428571426,1.125602707385998,0.29270261913873047,0.5335733914288359,66
chr16,3408075,0.0010719696969696967,0.9005284236358297,0.34595200667562487,0.4609841459518781,71
chr16,3436024,-0.0008914728682170541,0.6349598604825192,0.4283152843494431,0.36823642761093717,70
chr16,3441506,-0.0008081395348837204,0.5039988906903181,0.48021191007114117,0.31856707290449743,69
chr16,3441717,0.0008081395348837204,0.5039988906903181,0.48021191007114117,0.31856707290449743,69
chr16,3470973,-0.0013062015503875971,1.306966155270709,0.257137873211609,0.5898339524685668,67
chr16,3477558,-0.0012038461538461537,1.086014934659135,0.30127654746814414,0.5210346741732845,66
chr16,3477678,-0.001397748592870544,1.4355630489743008,0.23520923996991128,0.6285456214176527,67
chr16,3485639,0.0007519762845849804,0.3907965955652675,0.5340695556549494,0.27240217804641137,67
chr16,3510943,0.0011416083916083915,0.9899514631803515,0.32328165766622663,0.4904189356616428,70
chr16,3565658,-0.0010622222222222222,0.8367648227827947,0.36355604524076646,0.4394286294745824,70
chr16,3579772,-0.0009829545454545455,0.6834045133509083,0.4113955926823126,0.38574036525190347,68
chr16,3631508,0.0014323858742463394,1.5873857412586299,0.21200694654279806,0.6736499089024724,70
chr16,3745940,-0.0012614130434782606,1.1011069125168267,0.29816301531323214,0.5255462282255199,63
chr16,3745941,0.001261413043478261,1.1011069125168267,0.29816301531323214,0.5255462282255199,63
chr16,3747806,-0.001251507321274763,1.205138683881404,0.27616911773081726,0.5588248874842408,70
chr16,3779150,-0.0011033591731266152,0.9478200143949947,0.33372539270637847,0.476610747217845,70
chr16,3820732,0.0010687830687830687,0.8949292070762054,0.34754437277449424,0.4589897389275278,69
chr16,3838309,0.0013012820512820515,1.3393799317455433,0.25151248253496616,0.5994404560890496,65
chr16,3847841,-0.001031219512195122,0.8477843681578516,0.36063763385041003,0.44292895503805063,66
chr16,3847928,-0.0010858348968105062,0.9764988719484633,0.326729005081586,0.4858123097004708,67
chr16,3876433,0.000777472527472528,0.466300392474441,0.4970841129037509,0.30357011694245756,68
chr16,3880962,0.0009592592592592595,0.7021612005357201,0.4051291986724984,0.3924064550011446,67
chr16,4019675,0.0012541528239202657,1.2555780871872135,0.26637473692556174,0.5745069661912405,71
chr16,4019802,-0.0011825396825396821,1.0713394669328677,0.30436459438391333,0.5166058688462872,69
chr16,4035184,-0.00114808362369338,1.0529837603331444,0.3085114806100381,0.5107286699684506,69
chr16,4040587,-0.001254152823920266,1.2555780871872135,0.26637473692556174,0.5745069661912405,71
chr16,4060210,0.0004978466838931955,0.1879015911871893,0.6660409160354548,0.1764990905555256,70
chr16,4060408,0.0005701058201058201,0.24210706508487148,0.6242967770830504,0.20460890709763865,69
chr16,4060535,0.0006096153846153847,0.2700652930797928,0.6050807819495607,0.21818664053278644,66
chr16,4089782,0.0010431818181818177,0.7221904603188183,0.39880467940434017,0.3992397545039106,62
chr16,4089796,-0.0010431818181818177,0.7221904603188183,0.39880467940434017,0.3992397545039106,62
chr16,4205985,0.0002764550264550263,0.05696328910852509,0.812090116513138,0.0903957750287646,69
chr16,4315003,0.0008542039355992845,0.5381445416229119,0.46576194991510755,0.3318359937250885,69
chr16,4318281,-0.0009536713286713289,0.6843542540412031,0.41098504710756845,0.38617397879742255,70
chr16,4318305,0.0011713636363636357,1.0134498193890236,0.3176997541822321,0.497983121204774,69
chr16,4318508,0.0010147584973166364,0.7803796557409978,0.38018389188949486,0.42000628781698474,69
chr17,116086,0.00032554112554112604,0.08153181545845091,0.7761263945041998,0.11006754682715231,68
chr17,136755,0.000409313725490196,0.13380006385031473,0.715659565543695,0.14529351954352862,70
chr17,136916,0.0006740196078431372,0.38125535879706346,0.5389944146045449,0.2684157352195576,70
chr17,140006,0.00042857142857142866,0.1440890026685707,0.7054867302743678,0.15151115061667356,67
chr17,170766,-0.0005142857142857143,0.21270515543541163,0.6461271771714374,0.18968199143566933,70
chr17,205186,-0.0003932773109243703,0.12221857652723045,0.7277371000781705,0.13802548415712992,69
chr17,224949,-0.00030637254901960795,0.07583010772871106,0.7838649822979601,0.10575873641339484,70
chr17,261121,-0.0001780303030303032,0.025157507451485695,0.8744523362158437,0.058263857634802955,69
chr17,279243,-0.0004766233766233765,0.1853760466129276,0.6681960715367343,0.1750960819976988,68
chr17,302321,-0.000646638655462185,0.3412433956184656,0.5610741423358394,0.2509797457318041,69
chr17,302452,-0.0006740196078431371,0.38125535879706346,0.5389944146045449,0.2684157352195576,70
chr17,318873,-0.0005915966386554621,0.27462418245680775,0.6019759203158186,0.22042088064104964,69
chr17,323640,-0.00045714285714285735,0.16711466093234023,0.6839735519826815,0.16496069133551483,70
chr17,324194,0.0007916666666666664,0.5316123130300904,0.46850936494973505,0.3292817236548705,68
chr17,324259,-0.0007916666666666664,0.5316123130300904,0.46850936494973505,0.3292817236548705,68
chr17,344386,0.0005142857142857143,0.21270515543541163,0.6461271771714374,0.18968199143566933,70
chr17,344458,-0.0005142857142857143,0.21270515543541163,0.6461271771714374,0.18968199143566933,70
chr17,353497,0.0005142857142857143,0.21270515543541163,0.6461271771714374,0.18968199143566933,70
chr17,537479,0.0005504769475357715,0.2491200496903289,0.6192830230208042,0.20811082554419066,71
chr17,583106,0.0005878151260504205,0.28150318904611743,0.5974719227394705,0.22368249889166525,69
chr17,625542,0.0006724598930481284,0.3438184940424306,0.559664203425531,0.25207247003078637,67
chr17,625638,0.0006724598930481284,0.3438184940424306,0.559664203425531,0.25207247003078637,67
chr17,634330,-6.250000000000053e-05,0.0027631292475258275,0.9582498917537301,0.018521221132582713,63
chr17,679440,-0.0004,0.12851467582057377,0.7210876506851442,0.14201194208326154,70
chr17,738635,0.00012626262626262626,0.012398335499402892,0.9116734412651877,0.04016069681823129,69
chr17,787748,0.00034655448717948746,0.09773654167810271,0.7555058812100425,0.12176215056105526,71
chr17,787819,0.00034655448717948746,0.09773654167810271,0.7555058812100425,0.12176215056105526,71
chr17,805270,-0.0007476152623211451,0.4609065864049103,0.4994714835297953,0.30148930203095936,71
chr17,824893,0.0001459330143540666,0.01739396965152047,0.8954581277433786,0.04795471725789556,71
chr17,825023,-0.00012222222222222243,0.010975305562484279,0.9168914344133476,0.0376820844242964,66
chr17,825096,3.584229390680957e-05,0.0009601267308199843,0.9753757232273079,0.010828058053071193,67
chr17,828964,0.0002239631336405531,0.03834947291819973,0.8453635105809386,0.07295650206573658,66
chr17,832121,0.0001361480075901332,0.013772172218163844,0.9069521613740229,0.042415619885006056,65
chr17,832195,0.0002848484848484846,0.06081685426943629,0.8060375282372846,0.09364473744187389,63
chr17,832354,0.00012634408602150545,0.012432399342676629,0.9115629333145339,0.04021334275476842,67
chr17,878193,-0.00014593301435406666,0.01739396965152047,0.8954581277433786,0.04795471725789556,71
chr17,878339,7.125307125307122e-05,0.004057190484743288,0.9493990994071356,0.022551184585951317,70
chr17,878358,-7.125307125307122e-05,0.004057190484743288,0.9493990994071356,0.022551184585951317,70
chr17,878427,-7.125307125307122e-05,0.004057190484743288,0.9493990994071356,0.022551184585951317,70
chr17,965051,0.00035254372019077917,0.10196062413850544,0.7504541077434551,0.12467586086664859,71
chr17,1002027,-0.000301358234295416,0.07106686829089677,0.7906084626790142,0.1020385412767217,69
chr17,1037319,-0.0005284629981024665,0.23207450154862178,0.6316591539236741,0.19951720573836051,65
chr17,1085249,-0.00016543778801843354,0.019789029022024122,0.8885697168275164,0.05130849194909098,66
chr17,1085347,-0.00016543778801843354,0.019789029022024122,0.8885697168275164,0.05130849194909098,66
chr17,1119076,-0.0003587223587223589,0.10298321041241419,0.7492628116533075,0.1253658223125605,70
chr17,1141823,-0.0003587223587223589,0.10298321041241419,0.7492628116533075,0.1253658223125605,70
chr17,1177989,-0.0007130252100840336,0.3996719361508423,0.5294102265549268,0.27620767373834093,69
chr17,1182362,-0.0008218253968253967,0.5586195415600448,0.4573565673560551,0.3397450803353223,71
chr17,1264440,0.0009935661764705883,0.7558690062413045,0.38787336281794094,0.4113100445257532,66
chr17,1265443,0.00043839285714285714,0.14226580233346323,0.7072674893790127,0.15041630446215612,67
chr17,1286552,0.00028770706190061034,0.06919987064667268,0.793324830488715,0.10054895240048765,68
chr17,1289518,-0.0004974747474747475,0.1969397945245171,0.6586322929897273,0.1813569794798357,69
chr17,1295645,-0.0009107142857142852,0.6838724193310626,0.41147971588893084,0.3856515687011235,63
chr17,1326865,-0.0005220588235294114,0.2190249244351034,0.6412804505439955,0.19295199936278268,70
chr17,1348336,-0.0008690878378378376,0.5980526317293592,0.44204196616754154,0.35453649804951337,69
chr17,1348432,-0.0007417763157894737,0.44071902308910543,0.5090202968334221,0.2932649001249094,70
chr17,1349091,0.0005312499999999999,0.22971875419842278,0.6332931795049234,0.1983951892493689,69
chr17,1367089,-0.0009134199134199133,0.6507382672332404,0.4227462487183622,0.3739202374691765,68
chr17,1367110,0.001058377896613191,0.8633429157624642,0.3562427300276988,0.4482539896952087,67
chr17,1368625,0.0008608903020667731,0.6124899238797415,0.4365295753444486,0.35998632704713224,71
chr17,1393248,-0.0008608903020667728,0.6124899238797415,0.4365295753444486,0.35998632704713224,71
chr17,1393340,0.0009926470588235293,0.8045553745405548,0.37289955472893854,0.4284081352197612,70
chr17,1393445,0.0011319327731092435,1.0340463249006266,0.3128682521612188,0.5046385040021775,69
chr17,1393479,-0.0011319327731092437,1.0340463249006266,0.3128682521612188,0.5046385040021775,69
chr17,1393493,-0.0011319327731092437,1.0340463249006266,0.3128682521612188,0.5046385040021775,69
chr17,1393665,-0.0009926470588235289,0.8045553745405548,0.37289955472893854,0.4284081352197612,70
chr17,1393804,0.0008608903020667731,0.6124899238797415,0.4365295753444486,0.35998632704713224,71
chr17,1393868,-0.0008608903020667728,0.6124899238797415,0.4365295753444486,0.35998632704713224,71
chr17,1393919,0.0008608903020667731,0.6124899238797415,0.4365295753444486,0.35998632704713224,71
chr17,1401013,-0.0008608903020667728,0.6124899238797415,0.4365295753444486,0.35998632704713224,71
chr17,1405071,0.0012499999999999996,1.2662714009726206,0.2645428965405706,0.5775038955745669,68
chr17,1405183,-0.0011182432432432434,1.0248277477706904,0.3150185832087754,0.5016638260612654,69
chr17,1414026,0.0009714285714285718,0.7403127124405173,0.39267556899142264,0.4059661182922848,68
chr17,1424879,-0.0008954248366013067,0.6451327880950692,0.42465689028979925,0.3719618248570643,70
chr17,1425024,-0.0008954248366013067,0.6451327880950692,0.42465689028979925,0.3719618248570643,70
chr17,1425107,0.0010890756302521006,0.948791870333427,0.3335307306875982,0.47686414509619135,69
chr17,1425114,0.0010890756302521006,0.948791870333427,0.3335307306875982,0.47686414509619135,69
chr17,1425967,-0.0011764705882352944,1.0818785345463475,0.30207312332345854,0.5198879139573339,68
chr17,1426039,-0.0011764705882352944,1.0818785345463475,0.30207312332345854,0.5198879139573339,68
chr17,1444396,0.0009558035714285715,0.6947822117303774,0.40759513380343404,0.3897710095893892,67
chr17,1451127,-0.001417140151515151,1.5388508804326506,0.21938897505730548,0.6587852007908468,65
chr17,1479814,-0.0012499999999999998,1.2401110989748318,0.26948888322478,0.5694591453333204,68
chr17,1597202,0.0016407563025210082,2.1811104208890018,0.14439872583478003,0.8404366389365008,69
chr17,1701502,0.0007757575757575757,0.44533399191631784,0.5070758922525669,0.2949270364853747,63
chr17,1718430,0.0017876847290640397,2.3699358198753733,0.12878067979630106,0.8901492867217394,64
chr17,1790201,0.0012465192465192473,1.2647172427525284,0.2647141700453724,0.577222810463666,70
chr17,1790229,0.0012465192465192473,1.2647172427525284,0.2647141700453724,0.577222810463666,70
chr17,1831209,0.001171875,1.001617062060324,0.3207481484870489,0.4938358419029284,65
chr17,1856018,-0.0015571428571428576,1.9785172374777642,0.1643840575455377,0.7841403039232895,66
chr17,1883213,-0.0014641047297297297,1.7376280494648604,0.1919285862078794,0.7168603358025675,69
chr17,1925629,0.002110723626852659,3.5246616950995335,0.06488233791670461,1.1878735095054285,68
chr17,1925634,0.002110723626852659,3.5246616950995335,0.06488233791670461,1.1878735095054285,68
chr17,1960283,-0.0018484848484848486,2.766544030102293,0.10092502298062023,0.9960011430288155,69
chr17,1973050,-0.002089682539682539,3.778962126769403,0.055979571352134744,1.2519704313452993,71
chr17,2048669,-0.002153594771241828,3.9092536491506933,0.0520768493368994,1.2833552985756136,70
chr17,2048700,-0.0022504201680672263,4.183362389465417,0.04475258822257404,1.3491818426212083,69
chr17,2052051,-0.0022932773109243694,4.3716279259823345,0.040338160347001675,1.3942839120073363,69
chr17,2083494,0.0022337662337662345,4.047439132585804,0.04832382199750745,1.3158387240809477,68
chr17,2083602,0.002084033613445378,3.5626523274157225,0.06342551261396548,1.1977360140626068,69
chr17,2083619,-0.0020840336134453777,3.5626523274157225,0.06342551261396548,1.1977360140626068,69
chr17,2090349,0.00227965367965368,4.39376572326425,0.0399085437733143,1.3989341189399127,68
chr17,2098028,0.0020147058823529415,3.2327071927013487,0.07675498168676512,1.1148934275920022,68
chr17,2123374,-0.0018218954248366002,2.788419650737154,0.09954533880021338,1.0019790709528975,70
chr17,2124664,0.0021575630252100835,3.862741148278348,0.053516875099074754,1.2715092533652246,69
chr17,2136537,0.001676767676767677,2.27270175784135,0.13637117361461507,0.8652774219315335,69
chr17,2143936,0.0020523809523809527,3.1228692111027683,0.08204389313751473,1.085953739722196,65
chr17,2146546,-0.002007563025210084,3.4552900928102774,0.0674422829497539,1.1710677370829061,69
chr17,2241199,0.0026976351351351347,6.157727609745196,0.015599113853714042,1.8069000721181716,69
chr17,2257946,-0.0028093434343434334,6.809964007729751,0.011171399303614087,1.9518924247558007,69
chr17,2263407,0.002650760135135135,5.948359874215354,0.01738686525695696,1.7597787115179602,69
chr17,2281756,-0.0027750896057347676,6.196017333737803,0.015372893680542836,1.8132443764034532,67
chr17,2442345,0.002685007974481658,6.435786481292773,0.013449515687141487,1.8712933541886334,71
chr17,2442473,-0.002781736281736284,6.7886897954139735,0.011260202297236161,1.9484538070171626,70
chr17,2476562,0.002606060606060606,6.024781468863585,0.016710418825779127,1.7770126649213744,69
chr17,2476592,0.002606060606060606,6.024781468863585,0.016710418825779127,1.7770126649213744,69
chr17,2490367,-0.003168003565062389,8.334888114411722,0.005274852919670027,2.2777896454267124,67
chr17,2495725,-0.0028080286168521477,7.126115874137578,0.009464019494910072,2.0239243737770884,71
chr17,2495928,0.002924019607843135,7.61593129202423,0.007428095387218786,2.129122527942923,70
chr17,2605316,0.002924019607843135,7.61593129202423,0.007428095387218786,2.129122527942923,70
chr17,2694390,0.0028787878787878787,7.2911925095484635,0.008765100269699894,2.0572431113638787,69
chr17,2800761,0.003413602941176471,9.756138290213073,0.002684226895935074,2.5711807763243177,66
chr17,2832785,0.0025795454545454537,5.579239505607035,0.021277544134755147,1.6720784999800782,65
chr17,2890739,0.0028080286168521477,7.126115874137578,0.009464019494910072,2.0239243737770884,71
chr17,2894172,0.003069852941176471,8.00835034702181,0.006213227387157652,2.206682752103808,66
chr17,3031161,0.002537264537264538,5.565290658636825,0.02119931047799637,1.6736782645651764,70
chr17,3170080,0.002709037162162162,6.265190982829256,0.014757961851694356,1.830973616610667,69
chr17,3171479,-0.00309375,8.017177914110425,0.006240034025377704,2.2048130422096444,64
chr17,3171571,-0.003214488636363636,8.815470192487004,0.004220790736646121,2.374606179277182,65
chr17,3287231,-0.00258445945945946,5.90850158064547,0.017751113545143086,1.7507743980262327,69
chr17,3300171,-0.00253215284249767,5.179937937713391,0.02620452962769364,1.5816236314939387,66
chr17,3331046,-0.0026506410256410266,6.2246056786495405,0.014995965065914222,1.824025579966835,71
chr17,3331327,-0.0027565789473684215,6.6374115638977855,0.012162054648937754,1.9149930494615168,70
chr17,3334520,0.0027283531409168092,6.2999844379273595,0.014495998220673219,1.8387518729751988,69
chr17,3352252,0.0025392857142857144,5.748673350707077,0.01938314800831182,1.7125756879863543,67
chr17,3361638,-0.0024943330427201395,5.335921576713509,0.02402654605677784,1.6193086568405255,68
chr17,3371875,0.0026506410256410266,6.224605678649533,0.014995965065914222,1.824025579966835,71
chr17,3381747,0.002319444444444444,4.760279667471392,0.032689706211655734,1.4855889824857094,68
chr17,3514830,0.003063218390804598,7.405107103957402,0.0083986716826976,2.0757893956632865,65
chr17,3514866,0.003063218390804598,7.405107103957402,0.0083986716826976,2.0757893956632865,65
chr17,3514894,0.003063218390804598,7.405107103957402,0.0083986716826976,2.0757893956632865,65
chr17,3517982,-0.0028812448812448824,7.350743738823307,0.008479771300722262,2.0716158604996178,70
chr17,3527972,0.0022816820276497693,3.8144591785193027,0.055727629094129885,1.2539294334060218,59
chr17,3568446,-0.0031054621848739484,8.459737498256004,0.004921386648454519,2.3079125133049203,69
chr17,3675601,-0.0021955128205128215,4.152921518033929,0.045398614531640596,1.3429574006769174,71
chr17,3695454,-0.0021955128205128215,4.152921518033929,0.045398614531640596,1.3429574006769174,71
chr17,3738485,-0.00245608108108108,5.111646601997802,0.027018330806338232,1.568341485217353,69
chr17,3744581,0.0026503923278116824,6.023673013135957,0.016760679817334482,1.7757083702564902,68
chr17,3791323,0.0021955128205128215,4.1529215180339225,0.04539861453164103,1.3429574006769132,71
chr17,3801695,0.0018190476190476188,2.4596110570518697,0.12181717507785778,0.9142914759421601,65
chr17,3801756,0.001913888888888889,2.7789116526689703,0.10039993395497174,0.998266572878258,66
chr17,3882815,-0.0024777680906713164,5.208667264398167,0.025705023492323315,1.5899819948865517,68
chr17,3907711,-0.002441622103386809,4.990474851897744,0.028933628095420567,1.5385971051343266,67
chr17,3916491,0.0023729946524064186,4.588234797264566,0.035944038243530985,1.4443731323366413,67
chr17,3918449,0.0028758620689655168,6.911155349152063,0.01078607382859474,1.9671366113757287,64
chr17,3964609,0.002075348075348076,3.665622440020831,0.059754124969120866,1.2236321089657374,70
chr17,4005617,0.002110521235521235,3.4673335352658774,0.06725733685744167,1.1722603331411514,65
chr17,4023867,0.0022571662571662585,4.309611710075701,0.041681202399026264,1.3800597612121293,70
chr17,4036859,0.002003378378378378,3.3215267882833683,0.07284084575833234,1.137625020235103,69
chr17,4114090,0.002543460925039872,5.720342588090039,0.01949954342415127,1.7099755573909736,71
chr17,4114180,0.002543460925039872,5.720342588090039,0.01949954342415127,1.7099755573909736,71
chr17,4114201,-0.002543460925039872,5.720342588090039,0.01949954342415127,1.7099755573909736,71
chr17,4138359,-0.002258891645988421,4.292161373102894,0.04208433035142522,1.3758795789548675,70
chr17,4147588,-0.002311904761904762,4.25519172724986,0.04325836660067862,1.3639298831795112,65
chr17,4157870,-0.0025217948717948723,5.562166845031638,0.021278225207986487,1.6720645988639318,69
chr17,4172790,0.0022427626137303553,4.236763449747793,0.043392153536986604,1.3625887954568463,70
chr17,4172800,0.0022427626137303553,4.236763449747793,0.043392153536986604,1.3625887954568463,70
chr17,4173192,0.0023092948717948723,4.624118828759498,0.035031764731642046,1.4555379844662142,71
chr17,4175167,-0.0027956140350877193,6.959231169135759,0.01039028471592495,1.983372551686234,68
chr17,4175259,-0.0022750206782464863,4.349453776576508,0.04077627639584842,1.3895924356096327,70
chr17,4175260,-0.002482173174872666,5.2830919841908015,0.02466043494179923,1.6079992679204342,69
chr17,4187646,0.002463815789473685,5.259615208296139,0.02492282321288156,1.6034027631233199,70
chr17,4187748,0.002463815789473685,5.259615208296139,0.02492282321288156,1.6034027631233199,70
chr17,4217069,-0.002352223190932868,4.465331342476986,0.03837478378508694,1.415954058451778,68
chr17,4217107,-0.002352223190932868,4.465331342476986,0.03837478378508694,1.415954058451778,68
chr17,4217176,-0.002352223190932868,4.465331342476986,0.03837478378508694,1.415954058451778,68
chr17,4221197,-0.00255937755937756,5.837874366262343,0.018375291547412836,1.7357657615538014,70
chr17,4233963,-0.002143589743589744,3.834778219169061,0.054365009070842595,1.2646805351697765,69
chr17,4256347,-0.00248015873015873,4.879066635937569,0.030889053153391584,1.5101954039860088,64
chr17,4261196,0.0023946314102564112,4.997397424542759,0.02862400736622759,1.5432695650134411,71
chr17,4269274,-0.0024486486486486477,4.866661435038451,0.0309210206517211,1.5097461791749727,67
chr17,4303176,0.0025815018315018313,5.586994688585507,0.021093802165166323,1.675845131473314,67
chr17,4310006,-0.002757692307692308,6.761372432962725,0.011450372202668301,1.9411803960369525,69
chr17,4324979,0.0024743589743589744,5.227693143490959,0.02534997885398412,1.5960223986029072,70
chr17,4325172,0.0028966861598440545,6.763060044151612,0.011582014332480508,1.9362159019727239,65
chr17,4325379,0.0026570945945945936,5.9430074054556385,0.017435315946982055,1.758570178325995,69
chr17,4326247,0.0023944444444444443,4.687038649418007,0.03412631829041732,1.4669105629491253,66
chr17,4326595,0.0025368589743589754,5.6587916020066835,0.020140273203942557,1.6959346425132882,71
chr17,4377872,0.0021305555555555557,3.643607788063075,0.06077098901461292,1.2163036956899755,66
chr17,4413637,-0.0024077060931899643,4.866007535656257,0.03093189611711619,1.5095934570430305,67
chr17,4413647,-0.0024077060931899643,4.866007535656257,0.03093189611711619,1.5095934570430305,67
chr17,4415562,-0.002807692307692309,6.976972467184179,0.010265878542447895,1.988603878265077,69
chr17,4415634,-0.002845326716294459,7.399671610955118,0.00827457535895625,2.0822542844397476,70
chr17,4426853,0.0029176413255360624,6.750613875774924,0.011655039434576674,1.9334862527148269,65
chr17,4427601,0.00294102564102564,7.698541251298283,0.007154498772709171,2.145420786484427,69
chr17,4448454,-0.0022245331069609513,4.097382108689235,0.046939424630549696,1.3284622381568723,69
chr17,4448466,-0.0022245331069609513,4.097382108689235,0.046939424630549696,1.3284622381568723,69
chr17,4448484,-0.0022245331069609513,4.097382108689235,0.046939424630549696,1.3284622381568723,69
chr17,4459548,0.0023736044657097282,4.929070033335568,0.029696121831952155,1.527300263711636,71
chr17,4459729,-0.0026685855263157902,6.465520039755221,0.01327990235915692,1.876805118118246,70
chr17,4489697,-0.0023736044657097274,4.929070033335568,0.029696121831952155,1.527300263711636,71
chr17,4550744,-0.0022779605263157894,4.431177188079582,0.03898550792305024,1.409096803196776,70
chr17,4554244,-0.0023736044657097274,4.929070033335568,0.029696121831952155,1.527300263711636,71
chr17,4566919,-0.0020078577336641854,3.3728157435104937,0.0706514920553399,1.1508786620594644,70
chr17,4566928,-0.0020078577336641854,3.3728157435104937,0.0706514920553399,1.1508786620594644,70
chr17,4566946,-0.0020078577336641854,3.3728157435104937,0.0706514920553399,1.1508786620594644,70
chr17,4567015,0.0020078577336641854,3.3728157435104937,0.0706514920553399,1.1508786620594644,70
chr17,4602535,0.001905458089668616,2.6252720330482995,0.11016973562842285,0.9579376927322706,65
chr17,4689535,0.0015143853530950305,1.8064933776505803,0.1835315413246308,0.7362892881089029,68
chr17,4775022,-0.0018415657036346688,2.5609931567058464,0.11445501399017805,0.9413651772090149,66
chr17,4775734,0.0019382940108892929,2.9631830484508574,0.08993671180654761,1.046062994802066,67
chr17,4833494,-0.0012561403508771932,1.227309295450825,0.2719520158943924,0.5655077175490645,68
chr17,4841252,-0.0014769736842105263,1.778287021843217,0.18680968221906336,0.7286006183342956,70
chr17,4873483,-0.0013297962648556878,1.4169072027478233,0.23811370868735784,0.6232156006644618,69
chr17,4919088,-0.0013972007722007724,1.4614648076718622,0.2312148492683456,0.6359842777419353,65
chr18,122526,-0.0005781637717121587,0.2655199674805677,0.6080241293651989,0.2160791854604541,70
chr18,150420,-0.000979824561403509,0.7267336562383112,0.397026994676956,0.40117996366339215,68
chr18,156058,-0.0004722222222222221,0.170239399155061,0.6812780770304514,0.1666755860758521,66
chr18,393022,-0.0011432432432432428,1.0132886858286996,0.3178489446031624,0.49777922627783366,67
chr18,421644,-0.0007787828947368427,0.483674411512596,0.4891326227673244,0.310573370882749,70
chr18,421675,-0.0007787828947368427,0.483674411512596,0.4891326227673244,0.310573370882749,70
chr18,453755,0.0006475694444444443,0.32518518883146585,0.5704443301378024,0.24378673212858668,68
chr18,492128,0.0010778050778050784,0.9512119882578035,0.33286787030633047,0.4777281226026571,70
chr18,494612,-0.0007205882352941177,0.4010071614748086,0.5287578435744071,0.2767431772607444,68
chr18,494711,0.0007806722689075632,0.48329556024003634,0.4893374819971734,0.3103915171215413,69
chr18,536969,0.00022727272727272727,0.03927515519141234,0.8435327072318912,0.07389807336538316,66
chr18,595373,-0.0006285714285714286,0.31823631792690105,0.5745254620343268,0.24069071932388442,70
chr18,604757,-0.0004597402597402599,0.16931387661272415,0.6820554839742159,0.1661802948395461,68
chr18,665300,0.00040878378378378377,0.13018051213205922,0.7193800769328684,0.14304159403756736,69
chr18,801811,-0.00010798319327731098,0.0095790971240821,0.9223254604517444,0.03511580265889495,69
chr18,841891,-0.00021554621848739484,0.03666623856206916,0.8487252963874372,0.07123285341689745,69
chr18,844552,-0.00023395721925133684,0.04264043983863176,0.8370492568696548,0.07724898482960761,67
chr18,912210,0.00021005291005290997,0.03135449908185854,0.8600482167171456,0.06547720030620421,62
chr18,1016884,-1.2254901960784449e-05,0.0001253323611473953,0.9911004949531872,0.0038823069770452263,70
chr18,1047102,-0.0008843813387423936,0.5964022216670103,0.44293589995047666,0.3536591187250759,63
chr18,1047110,-0.0008843813387423936,0.5964022216670103,0.44293589995047666,0.3536591187250759,63
chr18,1115546,0.001037835249042146,0.8155358021520858,0.3699286953038181,0.43188197923138494,65
chr18,1134503,-0.0010924831081081082,0.9510378589475119,0.3329632186261561,0.47760373895602254,69
chr18,1159959,0.0006364379084967316,0.32602234678846626,0.5698929806043349,0.24420669221651461,70
chr18,1162000,0.0007130252100840336,0.3996719361508425,0.5294102265549268,0.27620767373834093,69
chr18,1350530,-0.0009848214285714289,0.7304634344647793,0.39587220302188464,0.4024449920543927,67
chr18,1400736,-0.0008746928746928751,0.6169156204245808,0.434923975264877,0.36158665111083715,70
chr18,1401235,-0.0008746928746928751,0.6169156204245808,0.434923975264877,0.36158665111083715,70
chr18,1409275,-0.0008746928746928751,0.6169156204245808,0.434923975264877,0.36158665111083715,70
chr18,1409881,-0.0007326388888888888,0.41256318737750547,0.5228963246925266,0.2815844107068992,68
chr18,1484113,-0.000964052287581699,0.7583605260896287,0.386906111760537,0.4123944098938714,70
chr18,1596095,-0.0009567099567099572,0.7299344815108509,0.3959949712747425,0.4023103291287736,68
chr18,1616556,-0.0015211397058823527,1.8334510240926398,0.18048252446544422,0.7435648430416953,66
chr18,1616558,-0.0015211397058823527,1.8334510240926398,0.18048252446544422,0.7435648430416953,66
chr18,1616609,-0.0015211397058823527,1.8334510240926398,0.18048252446544422,0.7435648430416953,66
chr18,1643788,0.0015825396825396823,2.1178434289435377,0.15012610901661924,0.8235437713424492,71
chr18,1666809,-0.0017728857890148208,2.479800310695044,0.12009865483081199,0.9204618569004015,68
chr18,1723361,-0.001733193277310924,2.570360471131758,0.11358718385462244,0.944670667702573,69
chr18,1723375,-0.001733193277310924,2.570360471131758,0.11358718385462244,0.944670667702573,69
chr18,1765380,-0.0022049632352941174,3.944297946606937,0.05131712068786213,1.2897377191025126,66
chr18,1766440,0.0017647058823529412,2.609497061547244,0.11085619205245704,0.9552400436491028,70
chr18,1766564,-0.0016228139904610492,2.2268839272512473,0.14018547390786565,0.85329698585935,71
chr18,1806464,-0.001661616161616161,2.2348990972139813,0.13962077914744114,0.8550499427621567,69
chr18,1806609,-0.001446218487394958,1.6696354866236458,0.20074645929544777,0.69735210593476,69
chr18,1806610,-0.001661616161616161,2.2348990972139813,0.13962077914744114,0.8550499427621567,69
chr18,1826247,-0.0013571428571428573,1.5207909996530724,0.22174589384095825,0.6541444134296044,70
chr18,1826288,-0.0013571428571428573,1.5207909996530724,0.22174589384095825,0.6541444134296044,70
chr18,1912366,0.001041666666666666,0.839209922004338,0.36295800821426427,0.44014361699068316,68
chr18,1912497,-0.0012105263157894742,1.1804984104194454,0.2810910679260334,0.5511529545066389,70
chr18,1913744,0.0011831314072693387,1.0651402652482234,0.30593011836356104,0.5143777652669971,66
chr18,1918766,-0.0009962121212121217,0.7907085425206551,0.3770675557963965,0.42358083419413645,69
chr18,1954949,0.0009962121212121217,0.7907085425206551,0.3770675557963965,0.42358083419413645,69
chr18,2004751,-0.0007277777777777774,0.4373172088160478,0.5106224106201717,0.2919001284367966,71
chr18,2008527,-0.0006590909090909091,0.31341525551092975,0.5776420644229148,0.23834118856587344,63
chr18,2021587,0.00023778801843318007,0.04137202027288187,0.839466849881803,0.07599644925513677,66
chr18,2121358,0.0006571428571428571,0.3479758162031438,0.557216343746117,0.25397615374366767,70
chr18,2121360,0.0006571428571428571,0.3479758162031438,0.557216343746117,0.25397615374366767,70
chr18,2128392,-0.0006142857142857145,0.30612880920149177,0.581880082292805,0.2351665084164401,70
chr18,2128399,-0.0006142857142857145,0.30612880920149177,0.581880082292805,0.2351665084164401,70
chr18,2129894,0.0006571428571428571,0.3479758162031438,0.557216343746117,0.25397615374366767,70
chr18,2148546,0.0009588068181818183,0.6756938076451688,0.4141737096134439,0.3828174721547391,65
chr18,2150975,-0.0009242424242424243,0.6514645397954639,0.4226263720345034,0.3740434063094717,65
chr18,2163116,0.0007277777777777776,0.4373172088160478,0.5106224106201717,0.2919001284367966,71
chr18,2163128,0.0007277777777777776,0.4373172088160478,0.5106224106201717,0.2919001284367966,71
chr18,2163137,0.0007277777777777776,0.4373172088160478,0.5106224106201717,0.2919001284367966,71
chr18,2163842,-0.0008660130718954245,0.6106458780915692,0.4372570282194891,0.35926320119197086,70
chr18,2163909,0.0008660130718954244,0.6106458780915692,0.4372570282194891,0.35926320119197086,70
chr18,2173574,0.0007277777777777776,0.4373172088160478,0.5106224106201717,0.2919001284367966,71
chr18,2179078,-0.0005091911764705881,0.19923304308023665,0.6568472465968507,0.18253561624439157,66
chr18,2179093,-0.0005091911764705881,0.19923304308023665,0.6568472465968507,0.18253561624439157,66
chr18,2184844,0.00024062499999999993,0.04359799993461223,0.8352562864019774,0.07818024704042578,67
chr18,2191222,-0.0004185094185094187,0.14173549435944946,0.7077339222199296,0.15012998783425013,70
chr18,2282802,0.0003282828282828285,0.08496971767211059,0.7715728498171244,0.11262306275710286,69
chr18,2288483,0.00019281045751633942,0.02979267291154665,0.8634742107638215,0.06375062890164025,70
chr18,2288780,0.0004458333333333337,0.13014932861142478,0.7195443337442777,0.14294244243990092,62
chr18,2296766,-0.00019281045751633986,0.02979267291154665,0.8634742107638215,0.06375062890164025,70
chr18,2302813,-0.0004300356506238863,0.1477395079421858,0.7019596365330644,0.15368785957238518,67
chr18,2302828,-0.0004300356506238863,0.1477395079421858,0.7019596365330644,0.15368785957238518,67
chr18,2314077,0.00022222222222222264,0.03841999716541759,0.8451954735092337,0.07304283750144007,69
chr18,2367222,0.00015045045045045038,0.017217335979678665,0.8960106388375798,0.047686833684945744,67
chr18,2367371,0.00012249346120313864,0.011792849816804028,0.9138532965843635,0.03912351717381072,68
chr18,2371919,0.0005635467980295567,0.24063509970930197,0.6254794720922079,0.20378693905349157,64
chr18,2371942,0.0005635467980295567,0.24063509970930197,0.6254794720922079,0.20378693905349157,64
chr18,2376610,-0.0006587837837837838,0.3276378603749767,0.5690904261542215,0.24481872049493641,65
chr18,2376637,-0.0006587837837837838,0.3276378603749767,0.5690904261542215,0.24481872049493641,65
chr18,2431418,0.0009566964285714289,0.7191015123068182,0.3995507124320171,0.3984280906137234,67
chr18,2433263,-0.0007407094594594594,0.4325821845738005,0.5129780251882498,0.2899012386774485,69
chr18,2433353,0.000691919191919192,0.3803458982297683,0.5395082146098839,0.2680019383164118,69
chr18,2449305,-0.0006065182829888715,0.30265917373574247,0.5839967169991072,0.23358959431427764,71
chr18,2449380,-0.0006065182829888715,0.30265917373574247,0.5839967169991072,0.23358959431427764,71
chr18,2449431,-0.0006065182829888715,0.30265917373574247,0.5839967169991072,0.23358959431427764,71
chr18,2457606,0.0003899159663865547,0.12095209500021105,0.7290944061471015,0.1372162338024637,69
chr18,2459907,-0.0006065182829888715,0.30265917373574247,0.5839967169991072,0.23358959431427764,71
chr18,2459928,0.0006065182829888716,0.30265917373574247,0.5839967169991072,0.23358959431427764,71
chr18,2459979,0.0006065182829888716,0.30265917373574247,0.5839967169991072,0.23358959431427764,71
chr18,2478477,0.000607638888888889,0.2796005512747644,0.5987369547187654,0.2227639358828075,68
chr18,2487639,-0.0005359477124183004,0.23087394720365256,0.632418814858193,0.198995218013167,70
chr18,2493316,-0.0008074324324324325,0.5172459605395746,0.47451992062448034,0.3237455509170056,69
chr18,2520092,0.0005427201394943328,0.2341184864847841,0.6300883115595723,0.20059857668111616,68
chr18,2540033,-0.0007918074324324327,0.49567034782170544,0.48384856452882796,0.31529054306721593,69
chr18,2540072,-0.0007918074324324327,0.49567034782170544,0.48384856452882796,0.31529054306721593,69
chr18,2573558,0.0006562499999999999,0.32809664268134564,0.5687283400246401,0.24509513009202408,68
chr18,2573566,0.0006562499999999999,0.32809664268134564,0.5687283400246401,0.24509513009202408,68
chr18,2573574,0.0006562499999999999,0.32809664268134564,0.5687283400246401,0.24509513009202408,68
chr18,2573595,0.0005871212121212122,0.2700117269137116,0.6050364341600705,0.21821847216035514,69
chr18,2578711,0.0006824324324324324,0.3628554519274926,0.5489579830178326,0.2604608949703462,69
chr18,2634776,0.000579279279279279,0.25860067953562926,0.6128048476887579,0.21267780780732218,67
chr18,2634805,0.000579279279279279,0.25860067953562926,0.6128048476887579,0.21267780780732218,67
chr18,2655033,0.0012346437346437353,1.2496376237628577,0.2675555706605755,0.572586002335166,70
chr18,2655042,0.0012346437346437353,1.2496376237628577,0.2675555706605755,0.572586002335166,70
chr18,2655118,0.0012346437346437353,1.2496376237628577,0.2675555706605755,0.572586002335166,70
chr18,2659351,0.0010862480127186015,0.9802792513349926,0.32558924815049994,0.48732994514035055,71
chr18,2671767,0.0011098484848484844,0.9789792050624729,0.3260108269433989,0.4867679766078457,69
chr18,2688622,-0.0008857142857142857,0.632763328620949,0.4291115087641201,0.36742983753974817,70
chr18,2698020,0.0009249999999999997,0.7092179674086257,0.40261309073895757,0.3951121083761617,71
chr18,2704225,0.0009249999999999997,0.7092179674086257,0.40261309073895757,0.3951121083761617,71
chr18,2707018,0.0011714285714285717,1.1657658025169826,0.28408774692543265,0.5465474975598156,70
chr18,2707045,0.0011714285714285717,1.1657658025169826,0.28408774692543265,0.5465474975598156,70
chr18,2707195,0.0010220588235294106,0.8472025079789377,0.3605988118517798,0.44297570858163077,70
chr18,2716507,-0.0010661764705882347,0.9298535877875285,0.3383178049355271,0.4706751456297792,70
chr18,2746527,0.0007367424242424244,0.3810518952721364,0.5392655932523485,0.268197288106661,65
chr18,2753019,0.0010220588235294106,0.8472025079789377,0.3605988118517798,0.44297570858163077,70
chr18,2753033,0.0010220588235294106,0.8472025079789377,0.3605988118517798,0.44297570858163077,70
chr18,2759993,0.0010012605042016805,0.8090277048385763,0.371629283360715,0.429890072124841,69
chr18,2760040,0.0008618538324420684,0.5883024413529422,0.4458533454516491,0.3508079702899439,67
chr18,2760043,0.0008618538324420684,0.5883024413529422,0.4458533454516491,0.3508079702899439,67
chr18,2760095,0.0008618538324420684,0.5883024413529422,0.4458533454516491,0.3508079702899439,67
chr18,2760096,-0.0008618538324420684,0.5883024413529422,0.4458533454516491,0.3508079702899439,67
chr18,2760123,0.0008618538324420684,0.5883024413529422,0.4458533454516491,0.3508079702899439,67
chr18,2782682,0.0010584260731319561,0.9300386064518266,0.3382207279983832,0.4707997800041974,71
chr18,2944831,0.0011348039215686265,1.0421666233535483,0.3109363904787435,0.5073284472741009,70
chr18,2946370,0.0011936274509803909,1.1607710647394232,0.2851130191211933,0.5449829510405957,70
chr18,2946576,0.0010940476190476186,0.9962149625687122,0.3217155890325013,0.4925278944391495,71
chr18,3063110,0.0012386363636363638,1.2145723736427294,0.27437166696786425,0.5616607381359233,69
chr18,3066048,0.001,0.7835275994865226,0.3792780363462622,0.42104230617620775,68
chr18,3104365,0.0011936274509803909,1.1607710647394232,0.2851130191211933,0.5449829510405957,70
chr18,3105776,0.0011936274509803909,1.1607710647394232,0.2851130191211933,0.5449829510405957,70
chr18,3160589,-0.0014270833333333334,1.5938902892346662,0.21121388875031125,0.6752775273820693,68
chr18,3160612,0.0014270833333333334,1.5938902892346662,0.21121388875031125,0.6752775273820693,68
chr18,3160621,0.0014270833333333334,1.5938902892346662,0.21121388875031125,0.6752775273820693,68
chr18,3160632,0.0014270833333333334,1.5938902892346662,0.21121388875031125,0.6752775273820693,68
chr18,3162641,0.0016446428571428575,2.172113417818144,0.1453597232052778,0.83755591268499,67
chr18,3176082,-0.0011281512605042015,1.011426810696414,0.318179645350798,0.4973276065705741,69
chr18,3182989,0.0013699059561128526,1.34930354743089,0.2500001077220285,0.6020598041956724,62
chr18,3186447,-0.0010563025210084032,0.893034639466075,0.3480518484561108,0.4583560554180405,69
chr18,3194813,0.0010351906158357768,0.8170992090621098,0.369528608087058,0.43235193384993365,64
chr18,3194848,0.0010351906158357768,0.8170992090621098,0.369528608087058,0.43235193384993365,64
chr18,3206122,0.0008958333333333326,0.6427425874768588,0.4255965250516224,0.3710019266647618,68
chr18,3274560,0.0009999999999999998,0.8112661790629047,0.37092512507699027,0.43071374819544567,70
chr18,3295783,-0.001971264367816092,2.8680921272309194,0.09553800094447701,1.0198238502189363,62
chr18,3306216,-0.0006406250000000001,0.3074921372978265,0.5812180850528432,0.23566088075313152,64
chr18,3336649,-0.0011718614718614724,1.131706356172081,0.2912884270590629,0.5356767696264703,68
chr18,3336650,-0.0009142857142857143,0.6732284646270136,0.41483799246764586,0.3821214760933481,69
chr18,3336655,-0.0009142857142857143,0.6732284646270136,0.41483799246764586,0.3821214760933481,69
chr18,3336873,-0.0009142857142857143,0.6732284646270136,0.41483799246764586,0.3821214760933481,69
chr18,3370003,-0.000911764705882353,0.6414376877256494,0.42606446241938556,0.3705246883266542,68
chr18,3374840,-0.0005588235294117648,0.24824697583796093,0.6199684624693333,0.20763040231449603,68
chr18,3374853,-0.0005588235294117648,0.24824697583796093,0.6199684624693333,0.20763040231449603,68
chr18,3405744,0.0008289915966386554,0.5413851267917679,0.4644274139633834,0.3330821528834313,69
chr18,3405917,0.0007369281045751633,0.4370442057493217,0.5107862700533694,0.29176078509734277,70
chr18,3460129,-0.0001488413547237081,0.016692707954689353,0.8975981519858445,0.046918050231381306,67
chr18,3460510,0.0005718487394957983,0.2696851826404439,0.605254365539386,0.2180620694238942,69
chr18,3460531,-0.0005718487394957983,0.2696851826404439,0.605254365539386,0.2180620694238942,69
chr18,3460618,0.0005116883116883118,0.21009252491877864,0.6482006107556418,0.18829056409726752,68
chr18,3464000,0.00028235294117647094,0.05924248188485972,0.8085007918291149,0.09231955041825188,64
chr18,3464030,0.00028235294117647094,0.05924248188485972,0.8085007918291149,0.09231955041825188,64
chr18,3476144,0.0003877005347593582,0.11241430375791882,0.7384917568747211,0.13165434796720032,67
chr18,3499931,-4.7478991596638854e-05,0.0017601202977271249,0.9666603137413163,0.014726111009833757,69
chr18,3547146,0.0002777777777777779,0.06232335090445684,0.8036133806543702,0.09495284059479718,70
chr18,3561107,0.00048611111111111093,0.19288408197047358,0.6619401776693912,0.17918125781411695,69
chr18,3561272,0.00048437499999999983,0.18608494786965346,0.667601060536142,0.17548298208172367,68
chr18,3569583,-0.00032163187855787474,0.07851066819957188,0.7802439565720591,0.1077695865044382,65
chr18,3569592,-0.00024313725490196126,0.04358232012838689,0.8353170001253754,0.0781486798709136,64
chr18,3592085,-0.00027777777777777783,0.062323350904456835,0.8036133806543702,0.09495284059479718,70
chr18,3592261,-0.00027777777777777783,0.062323350904456835,0.8036133806543702,0.09495284059479718,70
chr18,3600128,0.00020959595959595982,0.03454721075899565,0.8531092334307006,0.06899535753241731,69
chr18,3600177,0.00020959595959595982,0.03454721075899565,0.8531092334307006,0.06899535753241731,69
chr18,3600252,0.00020959595959595982,0.03454721075899565,0.8531092334307006,0.06899535753241731,69
chr18,3600364,0.0002499999999999998,0.051958877465962866,0.8203937885388957,0.08597763647224074,68
chr18,3619061,0.0002071428571428574,0.03344824610923232,0.8554377112830063,0.06781160813449334,69
chr18,3639424,0.0001392857142857143,0.01430368754895555,0.9051704708243284,0.04326962237885358,67
chr18,3639453,-0.0007070175438596496,0.3758489346610507,0.5419401553890606,0.26604866847868636,68
chr18,3639498,4.553571428571436e-05,0.0015535652795468273,0.9686801012573232,0.01381962150081644,67
chr18,3653851,-0.0003343750000000003,0.07853072452388131,0.7802624283101286,0.10775930500351924,62
chr18,3659636,-0.00023611111111111144,0.044686487408333586,0.8332138347850545,0.0792435275853991,70
chr18,3686147,0.0002638888888888888,0.05608411353741692,0.8135077522652299,0.08963830412851165,70
chr18,3702251,0.0005845588235294117,0.2598969429359926,0.6119445471462618,0.21328793072946395,66
chr18,3736835,0.000671428571428571,0.3718682326751398,0.5439907278750855,0.2644085026308709,71
chr18,3750792,-3.269537480063799e-05,0.0008728915112100917,0.976515429216493,0.010320890347816216,71
chr18,3750936,0.0002361111111111111,0.044686487408333586,0.8332138347850545,0.0792435275853991,70
chr18,3750944,0.0002361111111111111,0.044686487408333586,0.8332138347850545,0.0792435275853991,70
chr18,3750992,0.0002361111111111111,0.044686487408333586,0.8332138347850545,0.0792435275853991,70
chr18,3750993,0.0002361111111111111,0.044686487408333586,0.8332138347850545,0.0792435275853991,70
chr18,3751011,0.0002361111111111111,0.044686487408333586,0.8332138347850545,0.0792435275853991,70
chr18,3769611,0.00010606060606060631,0.008614302100735962,0.9263330751552016,0.03323282898441389,68
chr18,3789729,-2.2727272727272977e-05,0.0004046164296637477,0.984011355244022,0.006999889890441983,69
chr18,3795051,7.034976152623209e-05,0.004054301264587836,0.9494143927322609,0.02254418884177791,71
chr18,3835742,0.00019732142857142854,0.03134635733035496,0.8600204196453366,0.0654912370889762,67
chr18,3890651,-0.0006717171717171717,0.35205702242309606,0.5549487848578887,0.25574709521954647,69
chr18,3890713,-0.0006717171717171717,0.35205702242309606,0.5549487848578887,0.25574709521954647,69
chr18,3895990,-0.0010458640458640466,0.8854444672502684,0.3500456735293205,0.45587528574222796,70
chr18,3924601,-0.0010458640458640466,0.8854444672502684,0.3500456735293205,0.45587528574222796,70
chr18,3924646,-0.0011372466216216213,1.0209222498581003,0.31593549806266585,0.5004015746437359,69
chr18,3924683,-0.0011842105263157896,0.9626513716461546,0.3304595688985389,0.48088166803423643,62
chr18,3986730,0.0011714285714285715,1.0197533499328755,0.31644035983575486,0.4997081303067291,65
chr18,4015111,-0.001642982456140351,2.1051344943345187,0.1515419065807471,0.8194672531015763,68
chr18,4026640,-0.0014169407894736846,1.636213073854381,0.20519366401113032,0.6878360535382255,70
chr18,4031739,-0.001142686804451511,1.0864370215887509,0.30090031811389134,0.5215773531205555,71
chr18,4032006,-0.001142686804451511,1.0864370215887509,0.30090031811389134,0.5215773531205555,71
chr18,4075024,-0.0015662162162162162,1.8637570806406132,0.17689837169725547,0.7522761646377694,67
chr18,4129545,0.001994281045751632,3.342490165506078,0.07189879058835143,1.143278414835794,70
chr18,4129622,0.001994281045751632,3.342490165506078,0.07189879058835143,1.143278414835794,70
chr18,4129630,0.001994281045751632,3.342490165506078,0.07189879058835143,1.143278414835794,70
chr18,4129675,-0.0019942810457516326,3.342490165506078,0.07189879058835143,1.143278414835794,70
chr18,4157056,-0.0020383986928104564,3.5269303127444713,0.0646680234018629,1.1893104131951868,70
chr18,4167858,-0.002280748663101605,4.403652371076546,0.03975232489445973,1.4006374667733292,67
chr18,4204433,-0.0019111111111111104,3.132634470052185,0.0811575098803658,1.0906712866979202,71
chr18,4241445,-0.0021700460829493086,3.570223549020099,0.06335579494636734,1.198213655474636,66
chr18,4241497,-0.0020727678571428577,3.3413482441899687,0.07214903938521212,1.1417694468640267,67
chr18,4241510,-0.0020727678571428577,3.3413482441899687,0.07214903938521212,1.1417694468640267,67
chr18,4241527,-0.0020727678571428577,3.3413482441899687,0.07214903938521212,1.1417694468640267,67
chr18,4243084,-0.0020228758169934633,3.4439184746007996,0.06781892067905791,1.1686491261895942,70
chr18,4252662,0.0021868686868686863,3.990119804320986,0.04983071084469855,1.3025029174902292,69
chr18,4252721,-0.0021868686868686863,3.990119804320986,0.04983071084469855,1.3025029174902292,69
chr18,4252858,0.0021907308377896624,3.982368228511711,0.050172959156477036,1.2995302839148446,67
chr18,4286529,-0.0021830808080808084,3.98901355313304,0.04986151504599905,1.3022345295602682,69
chr18,4286545,-0.0021830808080808084,3.98901355313304,0.04986151504599905,1.3022345295602682,69
chr18,4286621,-0.0021830808080808084,3.98901355313304,0.04986151504599905,1.3022345295602682,69
chr18,4313853,-0.002766584766584767,6.7206622788441335,0.011656713258697238,1.9334238865264024,70
chr18,4326867,-0.0026555555555555555,5.525514595801312,0.021834447721524736,1.660857788607658,66
chr18,4345730,0.0029242424242424247,7.485888687253478,0.007952447431931284,2.0994991930282225,69
chr18,4391341,-0.0026566985645933,6.288487145371475,0.014509293814726465,1.838353724697407,71
chr18,4413612,-0.0025194444444444444,5.223240280793552,0.025609216133842563,1.5916037145404232,66
chr18,4413617,-0.0025194444444444444,5.223240280793552,0.025609216133842563,1.5916037145404232,66
chr18,4413676,-0.0025194444444444444,5.223240280793552,0.025609216133842563,1.5916037145404232,66
chr18,4414038,0.0027235023041474664,6.274206542738515,0.014807914369610427,1.8295061056620405,66
chr18,4442151,0.0025052083333333345,5.129939350525349,0.027140994044143902,1.5663742502657925,62
chr18,4442164,0.0025052083333333345,5.129939350525349,0.027140994044143902,1.5663742502657925,62
chr18,4447299,0.0026800813008130086,6.276160111211916,0.01460189116146575,1.835590892996382,71
chr18,4474098,-0.0027514332514332533,6.655462454726666,0.012050557547740868,1.9189928589558696,70
chr18,4474196,0.0025526315789473693,5.641319376517178,0.020368113470589314,1.6910491942327643,70
chr18,4479715,0.0027798092209856927,6.969213373232377,0.010245267696268231,1.9894766895328444,71
chr18,4479846,-0.0028652871621621615,7.062505921385479,0.009832336567836109,2.0073432636598207,69
chr18,4480269,-0.0025479797979797974,5.736490997698805,0.019418281206662752,1.7117892139489812,69
chr18,4480415,-0.0025479797979797974,5.736490997698805,0.019418281206662752,1.7117892139489812,69
chr18,4500714,-0.002051609848484848,3.462583052023476,0.06744014928857597,1.1710814770082696,65
chr18,4540909,0.002297402597402597,4.46869883032838,0.038304191459852886,1.416753700488653,68
chr18,4558632,0.002315079365079365,4.696619633035071,0.033676462054784244,1.4726735404144355,71
chr18,4596509,0.0027058823529411765,6.3228522920203725,0.014364239097754132,1.8427173745031469,68
chr18,4596666,0.002596774193548387,5.380809028243041,0.02372277604897508,1.6248344910157269,63
chr18,4640799,0.0027820136852394917,6.329973128309297,0.01447507235476206,1.8393792567407428,64
chr18,4646694,-0.002708110516934046,6.194514713837449,0.015384787267219379,1.8129085045716409,67
chr18,4646715,-0.002708110516934046,6.194514713837449,0.015384787267219379,1.8129085045716409,67
chr18,4653442,-0.002691176470588236,6.064237593045204,0.016496753194153668,1.7826015229748882,66
chr18,4690269,0.0025722689075630247,5.8355567839477525,0.018438807349388627,1.7342671732135324,69
chr18,4690368,0.0025722689075630247,5.8355567839477525,0.018438807349388627,1.7342671732135324,69
chr18,4698188,0.0023776785714285714,4.728137908116067,0.03331892364763705,1.4773090367202972,67
chr18,4698288,0.0023776785714285714,4.728137908116067,0.03331892364763705,1.4773090367202972,67
chr18,4743308,-0.003095588235294116,8.673538714339678,0.004416460011081634,2.3549256975366433,70
chr18,4744677,0.0032766544117647047,8.870267577603947,0.0040907069640122124,2.388201629880906,66
chr18,4782542,-0.0029497695852534573,7.367256357510289,0.008526460593881105,2.0692312107484656,66
chr18,4844844,0.0027218487394957973,6.313990735271762,0.014391933459988297,1.8418808575854284,69
chr18,4845587,0.002699999999999999,6.548790505486143,0.012691931693312095,1.8964722738941484,71
chr18,4845667,-0.002699999999999999,6.548790505486143,0.012691931693312095,1.8964722738941484,71
chr18,4847592,0.0036708333333333332,10.608040848886358,0.0018547388656552461,2.7317172273902837,62
chr18,4849166,-0.002623809523809524,6.0198703441350405,0.016793730167472105,1.7748528291018044,68
chr18,4859794,-0.002699999999999999,6.548790505486143,0.012691931693312095,1.8964722738941484,71
chr18,4905491,-0.0027151515151515155,5.938136489489384,0.017749574258829535,1.750812059468521,63
chr18,4965644,0.002699999999999999,6.548790505486143,0.012691931693312095,1.8964722738941484,71
chr18,4967000,-0.0029393939393939387,7.528518427107625,0.007785309498509321,2.1087241177364553,69
chr18,4996289,-0.0032999999999999995,10.040810227461398,0.0022947579399202923,2.6392631187982794,70
chr18,4996298,-0.0032999999999999995,10.040810227461398,0.0022947579399202923,2.6392631187982794,70
chr18,4996299,-0.0032999999999999995,10.040810227461398,0.0022947579399202923,2.6392631187982794,70
chr18,5011808,-0.003274193548387097,8.725913691610558,0.004475476120386913,2.3491607557765644,62
chr18,5024071,0.0034722222222222216,10.836042589029038,0.001590800198897384,2.7983843633863144,69
chr18,5068247,0.0033685503685503696,10.462393224775832,0.0018820471068867173,2.7253695105554527,70
chr18,5172826,-0.002895424836601305,7.451460287059955,0.008063049170941826,2.0935006917318897,70
chr18,5173426,0.003245378151260504,9.536992279688162,0.0029294251532825575,2.533217593724608,69
chr18,5216964,0.002850396825396825,7.378871401190008,0.008334327350321387,2.079129445605855,71
chr18,5219496,-0.002910675381263617,6.874166826294273,0.011107963379098302,1.9543655607080375,61
chr18,5232308,-0.003028571428571428,8.342956977506011,0.0051888451020228295,2.284929293718414,70
chr18,5235303,-0.0024117647058823533,5.223384847165169,0.02550466824109248,1.593380321299622,68
chr18,5253772,0.0027957516339869263,6.882764799960157,0.010735103191700643,1.9691937765308745,70
chr18,5297508,0.002852579852579853,7.189820830946868,0.009193179946679743,2.0365342389494088,70
chr18,5326553,0.003065359477124181,8.564699280517853,0.004656537836391572,2.331936863863507,70
chr18,5326697,0.0030252525252525255,8.104452807849155,0.005855609797018607,2.2324278712679377,69
chr18,5345590,0.003065359477124181,8.564699280517853,0.004656537836391572,2.331936863863507,70
chr18,5585842,0.003124183006535946,8.834416721632127,0.0040850160349493484,2.3888062343882726,70
chr18,5585847,0.003124183006535946,8.834416721632127,0.0040850160349493484,2.3888062343882726,70
chr18,5640151,-0.0030669934640522854,8.47400436375932,0.004867003819244611,2.3127383129559576,70
chr18,5681335,0.0030815972222222217,8.084284830261556,0.00593736170754002,2.2264064927947325,68
chr18,5687196,0.0032726890756302517,9.528431410420636,0.0029413909442576073,2.5314472489882935,69
chr18,5687198,0.0032726890756302517,9.528431410420636,0.0029413909442576073,2.5314472489882935,69
chr18,5687214,0.0032726890756302517,9.528431410420636,0.0029413909442576073,2.5314472489882935,69
chr18,5714240,0.0035142857142857146,12.159563151549529,0.000860508824060858,3.0652446718543875,70
chr18,5716236,0.0032353174603174588,9.808766252276948,0.002547942487701166,2.593810379145132,71
chr18,5717028,0.00300798319327731,8.289273045460055,0.005348456688518515,2.2717715167362336,69
chr18,5717166,0.0032353174603174588,9.808766252276948,0.002547942487701166,2.593810379145132,71
chr18,5717212,0.003357142857142857,10.412761615332572,0.0019263320993672562,2.7152688384527064,70
chr18,5717326,-0.003357142857142857,10.412761615332572,0.0019263320993672562,2.7152688384527064,70
chr18,5728762,-0.0031478991596638655,8.794931571777465,0.004182357975590353,2.378578797876546,69
chr18,5728764,-0.0031478991596638655,8.794931571777465,0.004182357975590353,2.378578797876546,69
chr18,5766075,0.003158403361344537,9.060316324275595,0.0036799154715228396,2.43416215705279,69
chr18,5766196,0.003077056277056277,8.451387889598838,0.004962543150880826,2.304295703884656,68
chr18,5766661,-0.003428308823529411,10.006257551956306,0.002386555326322867,2.622228493148477,66
chr18,5790621,-0.00287878787878788,7.311056947740221,0.008650133266873328,2.0629772015962415,70
chr18,5804366,0.0029131944444444435,7.532281110260651,0.007798110245216758,2.1080106292979623,68
chr18,5804398,0.0029131944444444435,7.532281110260651,0.007798110245216758,2.1080106292979623,68
chr18,5836038,0.0031670761670761693,9.08607569114233,0.0036176728566316985,2.441570708615892,70
chr18,5846964,-0.002975020475020477,7.848174558906158,0.006619382917864226,2.1791824951309637,70
chr18,5863519,-0.0029202551834130773,7.745065854880159,0.006942161842472032,2.158505265848526,71
chr18,5863585,-0.0029202551834130773,7.745065854880159,0.006942161842472032,2.158505265848526,71
chr18,5863611,-0.0029202551834130773,7.745065854880159,0.006942161842472032,2.158505265848526,71
chr18,5867946,-0.0026214285714285714,5.9796405998474595,0.01727895778021835,1.7624824565301893,65
chr18,5889079,0.0028804258804258826,7.346114008869816,0.00849946238041325,2.070608544003836,70
chr18,5902308,-0.0028198198198198213,6.970226296808696,0.010269998597026717,1.9884296157312122,70
chr18,5929004,-0.002503508771929826,5.0353542581837925,0.028194755761210718,1.5498316631617381,68
chr18,5929137,-0.0024303904923599325,4.888211499996088,0.03045812022492132,1.5162969034010068,69
chr18,5962329,0.0022184684684684684,4.053879825510049,0.04821412132805888,1.3168257435733477,67
chr18,6013388,-0.0014378378378378375,1.61944006016758,0.20770320689566085,0.6825567979938479,67
chr18,6104576,0.0011580086580086583,1.0331639115556088,0.3131284285694644,0.5042775014971907,68
chr18,6104580,0.0011580086580086583,1.0331639115556088,0.3131284285694644,0.5042775014971907,68
chr18,6104623,0.0011580086580086583,1.0331639115556088,0.3131284285694644,0.5042775014971907,68
chr18,6105918,0.0016083333333333338,2.147862306076795,0.14766447261256768,0.8307239813588988,66
chr18,6105968,0.0009683035714285715,0.7287913214411821,0.39641044443074325,0.4018549114549705,67
chr18,6116980,0.000911904761904762,0.6547575381832396,0.42146236775866,0.37524119732485156,65
chr19,10613,0.0010557184750733136,0.8799863557140118,0.3518455076862915,0.4536479896117442,64
chr19,10665,0.0010557184750733136,0.8799863557140118,0.3518455076862915,0.4536479896117442,64
chr19,32832,-0.0010181451612903223,0.7297451311819891,0.3963082667098091,0.4019668684959669,63
chr19,32842,-0.0010181451612903223,0.7297451311819891,0.3963082667098091,0.4019668684959669,63
chr19,90487,0.0002571428571428571,0.05305182859289427,0.8185270083306119,0.08696698592164016,70
chr19,90520,0.0002571428571428571,0.05305182859289427,0.8185270083306119,0.08696698592164016,70
chr19,90555,0.0002571428571428571,0.05305182859289427,0.8185270083306119,0.08696698592164016,70
chr19,99607,-0.0008547979797979796,0.5908206213347088,0.4448029880013875,0.3518323040065837,69
chr19,111343,0.000732467532467533,0.4126101691219978,0.5228727323972179,0.28160400586244577,68
chr19,112816,0.0005305555555555551,0.23172502586902036,0.6317708366433346,0.1994404255616021,71
chr19,112828,0.0005305555555555551,0.23172502586902036,0.6317708366433346,0.1994404255616021,71
chr19,112834,-0.0005305555555555551,0.23172502586902036,0.6317708366433346,0.1994404255616021,71
chr19,150206,-0.0003714285714285712,0.11078228177567824,0.7402792565985064,0.13060441983435986,70
chr19,175597,0.00030347593582887695,0.07201009031558485,0.7892820848318864,0.10276775472276593,67
chr19,276221,0.0009159663865546216,0.6648507502452591,0.41774185148946286,0.3790920127396013,69
chr19,280163,0.0007480127186009542,0.46140006007289697,0.4992426991079485,0.3016882775044609,71
chr19,280165,0.0007480127186009542,0.46140006007289697,0.4992426991079485,0.3016882775044609,71
chr19,280167,0.0007480127186009542,0.46140006007289697,0.4992426991079485,0.3016882775044609,71
chr19,280203,0.0007480127186009542,0.46140006007289697,0.4992426991079485,0.3016882775044609,71
chr19,280363,0.0007480127186009542,0.46140006007289697,0.4992426991079485,0.3016882775044609,71
chr19,288077,0.0007480127186009542,0.46140006007289697,0.4992426991079485,0.3016882775044609,71
chr19,298975,-0.0004028716216216212,0.12761815660929765,0.7220373055999005,0.14144036309846597,69
chr19,305176,-8.71839581517001e-05,0.006069175022372674,0.9381393985385533,0.02773262482133776,68
chr19,337410,-0.001524555903866249,1.7854686116885383,0.18652497523126862,0.7292630090085105,62
chr19,591660,0.0016792527821939591,2.3899304425072403,0.12669355963872156,0.8972454615526708,71
chr19,591720,-0.0016199836199836208,2.1638032342097873,0.14590720223707043,0.8359232700351525,70
chr19,638703,0.0018767885532591424,3.011252735236358,0.0871528152271446,1.0597185796627997,71
chr19,678468,-0.0023452950558213704,4.804058239578605,0.03177017494154191,1.4979803937363676,71
chr19,686252,0.0028481182795698926,6.845154621655237,0.011040838177710581,1.9569979553987702,67
chr19,727828,-0.0025398745519713255,5.163034947333476,0.026388116029176664,1.578591614984173,67
chr19,804368,0.0025642241379310346,5.468189305746615,0.02235853348516339,1.6505566855883018,69
chr19,862634,-0.002547758284600391,5.0633767638814415,0.027937205498289513,1.5538170376409246,65
chr19,902467,0.002701850294365014,6.248247670676331,0.014850048123082197,1.8282721389693153,70
chr19,921005,-0.002667735042735044,5.382123374231708,0.02376372661061157,1.6240854526000879,62
chr19,939985,0.0028205645161290312,7.082993821650494,0.009672287713243966,2.014470793369805,71
chr19,939986,0.0028205645161290312,7.082993821650494,0.009672287713243966,2.014470793369805,71
chr19,963730,0.0034994708994708994,10.157141091173713,0.002283132642410131,2.641468856712393,62
chr19,1004276,0.002870512820512821,6.991596947394213,0.010190349975229688,1.9918109004193802,69
chr19,1041621,0.0028205645161290312,7.082993821650494,0.009672287713243966,2.014470793369805,71
chr19,1041765,0.0028205645161290312,7.082993821650494,0.009672287713243966,2.014470793369805,71
chr19,1043080,0.0029323308270676695,6.77614805490898,0.0114687828308479,1.940482670842908,66
chr19,1043156,0.0029323308270676695,6.77614805490898,0.0114687828308479,1.940482670842908,66
chr19,1043168,0.0029323308270676695,6.77614805490898,0.0114687828308479,1.940482670842908,66
chr19,1053588,-0.002708943089430894,6.424718121114776,0.013526239490035258,1.8688229274030608,71
chr19,1069136,-0.0026135407905803214,5.812136506813389,0.018624050543689173,1.7299258583996473,70
chr19,1099872,-0.002680371352785147,5.894470449692675,0.017923199020074197,1.746584472755795,68
chr19,1128134,-0.003111710963455149,8.529586171817261,0.00471751726930402,2.326286501348571,71
chr19,1128275,-0.003111710963455149,8.529586171817261,0.00471751726930402,2.326286501348571,71
chr19,1240598,0.0029505494505494495,7.2259660670915435,0.009086259611487452,2.04161485873582,68
chr19,1240795,0.003220238095238095,9.063951743469811,0.003656424729180269,2.4369433624935635,70
chr19,1272357,0.0031007326007326,8.48785510214841,0.004875313804218047,2.311997425287661,68
chr19,1272447,0.0030145502645502645,8.298764748341421,0.005323685963718687,2.2737875708244406,69
chr19,1309461,0.003230322003577819,9.025042684275324,0.0037428934306447835,2.4267925381385282,69
chr19,1422902,0.0034459459459459454,9.929186989912075,0.002505042669122907,2.6011848722690694,64
chr19,1535159,0.0037119963369963357,11.902427673888148,0.0009894580822433947,3.0046025996748624,67
chr19,1549792,0.0032992610837438425,9.867684511649145,0.002477623445209674,2.605964697997971,71
chr19,1581822,-0.0034377628259041225,10.725476173326069,0.001664365383992737,2.7787513253816587,70
chr19,1641908,-0.0029355769230769227,7.105553708686458,0.009716760605608948,2.012478496965927,66
chr19,1641934,-0.0029355769230769227,7.105553708686458,0.009716760605608948,2.012478496965927,66
chr19,1667550,0.0032992610837438425,9.867684511649145,0.002477623445209674,2.605964697997971,71
chr19,1667551,0.0032992610837438425,9.867684511649145,0.002477623445209674,2.605964697997971,71
chr19,1667563,-0.0032992610837438425,9.867684511649145,0.002477623445209674,2.605964697997971,71
chr19,1667653,0.0032992610837438425,9.867684511649145,0.002477623445209674,2.605964697997971,71
chr19,1667872,0.0036578185328185325,12.864281365308752,0.0006542160911289853,3.184278778152671,65
chr19,1713363,0.0030125000000000004,7.961535282730193,0.0062586775871740835,2.203517420346003,70
chr19,1713433,0.0030125000000000004,7.961535282730193,0.0062586775871740835,2.203517420346003,70
chr19,1713438,0.0030125000000000004,7.961535282730193,0.0062586775871740835,2.203517420346003,70
chr19,1713454,0.0030125000000000004,7.961535282730193,0.0062586775871740835,2.203517420346003,70
chr19,1715519,0.002998648648648648,7.783765125163121,0.006910572817894883,2.160485952431844,67
chr19,1730601,0.003049596774193547,8.426161128393728,0.004962068982396821,2.304337202485002,71
chr19,1759140,0.0029109756097560964,7.52720232577788,0.007738089490358991,2.111366252006302,71
chr19,1773963,-0.002871320437342306,7.083671500555123,0.00969806345692669,2.013314978510561,70
chr19,1788765,0.002472448057813911,4.984358327766281,0.028975398265148757,1.5379705859711743,68
chr19,1855239,0.0028243902439024386,7.041062540124141,0.009879426344765484,2.005268272268225,71
chr19,1855338,-0.0026258620689655174,5.956423007392503,0.017314146362906034,1.7615989155507508,69
chr19,1907688,0.0022182926829268294,4.179943208698929,0.04472257118176247,1.3494732360261126,71
chr19,1907785,0.0022182926829268294,4.179943208698929,0.04472257118176247,1.3494732360261126,71
chr19,1949374,-0.0015705128205128205,1.7263406094000726,0.1936432935067436,0.7129975394393229,65
chr19,1951146,0.001641056910569106,2.2265360342229994,0.14021596463007086,0.8532025358984354,71
chr19,1951187,-0.001641056910569106,2.2265360342229994,0.14021596463007086,0.8532025358984354,71
chr19,1964198,-0.0017892857142857144,2.4780686339704854,0.12022575962687378,0.9200024702265621,68
chr19,2156766,-0.0018570175438596492,2.678016829910591,0.10650255469791993,0.9726399745923547,68
chr19,2177461,0.001925000000000001,2.975721812030152,0.08934880243416683,1.048911264084118,66
chr19,2177560,0.0020190476190476187,3.208543206127282,0.07805818178008264,1.1075815690177928,65
chr19,2381230,0.0008579033579033581,0.5976809904595731,0.44214333509575876,0.3544369171895032,70
chr19,2387385,-0.0009737678855325915,0.7855842419440254,0.3785174477780947,0.42191409687961956,71
chr19,2434430,0.001142857142857143,1.0586129057367484,0.3071776813354245,0.512610342107285,70
chr19,2474921,0.0011527777777777773,1.0759677710275666,0.3032759261507177,0.5181620623396882,70
chr19,2474932,0.0011527777777777773,1.0759677710275666,0.3032759261507177,0.5181620623396882,70
chr19,2474947,0.0011527777777777773,1.0759677710275666,0.3032759261507177,0.5181620623396882,70
chr19,2474955,0.0011527777777777773,1.0759677710275666,0.3032759261507177,0.5181620623396882,70
chr19,2513160,-0.0005303308823529416,0.22720643926398293,0.6352264761399222,0.19707140887781094,66
chr19,2513231,-0.0005303308823529416,0.22720643926398293,0.6352264761399222,0.19707140887781094,66
chr19,2523591,0.0003289695945945946,0.08531177354640593,0.7711266123028764,0.11287430870645303,69
chr19,2523611,0.0003289695945945946,0.08531177354640593,0.7711266123028764,0.11287430870645303,69
chr19,2523634,0.0003289695945945946,0.08531177354640593,0.7711266123028764,0.11287430870645303,69
chr19,2523645,0.0003289695945945946,0.08531177354640593,0.7711266123028764,0.11287430870645303,69
chr19,2532562,-0.0003952020202020204,0.12455780180757768,0.7252507522112941,0.13951181208607755,69
chr19,2532944,-0.0007500000000000001,0.4705937179606681,0.49511698893518963,0.3052921714786132,68
chr19,2545508,0.0007559523809523805,0.4720686531171036,0.49433987882543573,0.3059743532146487,71
chr19,2545773,0.0008946078431372544,0.6520303570214014,0.4222033227926242,0.37447835306336336,70
chr19,2545837,0.0008946078431372544,0.6520303570214014,0.4222033227926242,0.37447835306336336,70
chr19,2545841,0.0008946078431372544,0.6520303570214014,0.4222033227926242,0.37447835306336336,70
chr19,2546057,-0.0006082251082251083,0.28182469205043964,0.597289686291732,0.22381498437440928,68
chr19,2560814,-0.0011274509803921565,1.0776222330734024,0.30290737215720115,0.5186901566828902,70
chr19,2602184,-0.0007787878787878791,0.4708837467057037,0.4949845803736208,0.3054083298804811,68
chr19,2676885,-0.0008813852813852815,0.6023605192320827,0.44045123580845824,0.35610216714208354,68
chr19,2717547,-0.0011833333333333333,1.0560261624763874,0.3081158365640667,0.5112859792045383,64
chr19,2745042,0.001257142857142857,1.3461078334134293,0.2500170061396668,0.6020304496422679,70
chr19,2762329,0.0009108225108225115,0.657315771331519,0.42042314712626105,0.3763133811488657,68
chr19,2762799,-0.0010302521008403362,0.8571650114934883,0.35785615254209724,0.4462915116563749,69
chr19,2778903,0.0010190476190476193,0.8626609389334661,0.3562329977931108,0.448265854396316,71
chr19,2796600,0.0009731092436974795,0.7563796574704564,0.3875690106846066,0.41165095563241044,69
chr19,2832561,-0.0004411764705882352,0.1569883606609377,0.6932226170626055,0.15912727644679497,68
chr19,2841890,0.0011486486486486493,1.0789552842714987,0.30261084389381265,0.519115513329144,70
chr19,2842100,0.0011386554621848736,1.0350623305405313,0.31263244993138783,0.5049659460393956,69
chr19,2842201,0.0009918300653594767,0.7932340666756468,0.3762644157881536,0.4245068519899592,70
chr19,2842441,0.0009918300653594767,0.7932340666756468,0.3762644157881536,0.4245068519899592,70
chr19,2849821,0.0008243697478991592,0.540356745542615,0.4648502519461649,0.33268692931985877,69
chr19,2866307,0.0010658730158730153,0.9448717547982249,0.3344234227989811,0.4757033124647616,71
chr19,2878831,0.0007805194805194809,0.47462901079171926,0.49328011449432074,0.3069063918142789,68
chr19,2879470,-0.000841503267973856,0.5961356443025028,0.4427314149864152,0.3538596606026056,70
chr19,2887666,-0.0011432773109243696,1.0470945304904307,0.3098577273469012,0.5088376687824234,69
chr19,2887993,0.0015274621212121205,1.712145434246896,0.19546085710520075,0.7089402011594877,65
chr19,2895104,-0.0010658730158730153,0.9448717547982249,0.3344234227989811,0.4757033124647616,71
chr19,2895163,-0.0010658730158730153,0.9448717547982249,0.3344234227989811,0.4757033124647616,71
chr19,2982037,0.0010861344537815125,0.9540346189493643,0.3322080367148841,0.47858986538640613,69
chr19,2986505,0.0009714285714285719,0.7685944756783172,0.3837389147799918,0.4159641569725165,70
chr19,2990979,-0.0009428571428571431,0.7279483323011603,0.39654443014937324,0.40170814583015624,70
chr19,3022659,-0.0013787878787878786,1.4971130269714463,0.22560191468086122,0.6466572188207698,66
chr19,3022856,0.0013787878787878786,1.4971130269714463,0.22560191468086122,0.6466572188207698,66
chr19,3028011,-0.001877310924369748,2.996511604169743,0.0880470324422808,1.0552852770125571,69
chr19,3051294,0.0015266544117647056,1.7781352088717652,0.18710523534006562,0.7279140604556742,66
chr19,3051841,0.0015261904761904763,1.965489529501247,0.16541013905753363,0.7814378732491233,71
chr19,3056820,0.0012841812400635937,1.3778592115883181,0.24450189250468402,0.6117177749814229,71
chr19,3068371,0.00047232142857142877,0.17759640350017172,0.6748374221627822,0.17080084222374478,67
chr19,3079221,0.0006718750000000001,0.32360396777453354,0.5715047970518314,0.24298011990667617,64
chr19,3135888,0.0010095238095238093,0.8464149104418471,0.36077380849360297,0.4427649989560011,71
chr19,3165964,-0.0007843137254901956,0.5172654580895524,0.47447494997842365,0.32378671131533787,70
chr19,3167412,-0.0009558823529411767,0.7195720501029629,0.3993503720770917,0.39864590659659677,68
chr19,3195356,0.0009558823529411767,0.7195720501029629,0.3993503720770917,0.39864590659659677,68
chr19,3195395,0.0009558823529411767,0.7195720501029629,0.3993503720770917,0.39864590659659677,68
chr19,3195886,-0.0011519607843137253,1.0879952717272035,0.30060995870075163,0.5219966360673327,70
chr19,3195911,-0.0011519607843137253,1.0879952717272035,0.30060995870075163,0.5219966360673327,70
chr19,3244699,-0.0012878787878787875,1.3412685584982342,0.2509220498222593,0.600461173299298,69
chr19,3244713,0.0012878787878787875,1.3412685584982342,0.2509220498222593,0.600461173299298,69
chr19,3269141,-0.0005714285714285714,0.2627917761632388,0.6098698602610544,0.21476282892422474,70
chr19,3270440,-0.00035504201680672286,0.10274647996147057,0.7495559270479968,0.12519595734248734,69
chr19,3329787,-0.0006423611111111107,0.3314504893217872,0.5667641263963039,0.24659764642948775,68
chr19,3329835,-0.0006423611111111107,0.3314504893217872,0.5667641263963039,0.24659764642948775,68
chr19,3331091,-0.0006017857142857141,0.28615438312304387,0.5945208240544954,0.22583292891144613,67
chr19,3367064,0.0008040540540540544,0.5336811496308881,0.46753662844863153,0.3301843593155719,71
chr19,3367602,0.0006805555555555549,0.37701446698456137,0.5412542103640394,0.26659871229075904,70
chr19,3367679,-0.000680555555555555,0.37701446698456137,0.5412542103640394,0.26659871229075904,70
chr19,3379034,0.0008040540540540544,0.5336811496308881,0.46753662844863153,0.3301843593155719,71
chr19,3406870,-0.0009952153110047847,0.8183454941289785,0.36881213061058593,0.43319480299096946,71
chr19,3415701,0.0007637314734088926,0.46406146249628955,0.49811523834787463,0.3026701721219303,68
chr19,3415785,-0.0007565789473684216,0.47790874403477773,0.4917245465126934,0.3082781115208444,70
chr19,3417261,-0.000987007168458781,0.779889999910924,0.3804293560490952,0.41972597785917315,67
chr19,3422646,0.0006364379084967315,0.3260223467884662,0.5698929806043349,0.24420669221651461,70
chr19,3532584,0.001228501228501229,1.2800515634888634,0.26186376666150535,0.5819245894998817,70
chr19,3554061,-0.000705128205128205,0.36026881923702164,0.5505100382644774,0.25923475748582975,65
chr19,3554128,-0.0008927875243664715,0.5665026351058051,0.4544552961621102,0.34250883100080987,65
chr19,3554144,-0.0007711538461538459,0.43995142062274073,0.5095280387920421,0.29283191223142985,66
chr19,3576368,-0.00048561464690496936,0.18076950240532397,0.6720958324462156,0.17256879757827617,68
chr19,3579140,-0.0004689826302729523,0.17632451466855725,0.6758749296737937,0.17013366260556978,70
chr19,3603546,0.0008732758620689655,0.5944763358018009,0.44340396255115566,0.35320043006137836,69
chr19,3607917,0.00023275862068965474,0.04165089690887716,0.8389243206043695,0.07627721512641854,67
chr19,3607943,0.0002904509283819628,0.06635872813664102,0.7975156708123955,0.09826077450214805,68
chr19,3607999,0.0002904509283819628,0.06635872813664102,0.7975156708123955,0.09826077450214805,68
chr19,3611714,0.00031904761904761903,0.072264819990183,0.7889456907541325,0.10295289161642081,65
chr19,3616789,0.000507444168734491,0.20478620882846085,0.6523254402824256,0.1855356839352328,70
chr19,3617629,-0.0005862903225806449,0.27866482595137965,0.599271255874243,0.22237655279672874,71
chr19,3617654,0.0005862903225806449,0.27866482595137965,0.599271255874243,0.22237655279672874,71
chr19,3617724,-0.0007416666666666663,0.4379894191940946,0.5103310177481468,0.29214803459256483,70
chr19,3623871,-0.0005112068965517238,0.2113417963582155,0.6472060454440434,0.18895743470430318,69
chr19,3644914,0.0009018567639257293,0.6237202709088046,0.4324964429026915,0.3640174600698847,68
chr19,3645068,0.0005553571428571425,0.23712010544505582,0.6279072345480228,0.20210451310953584,68
chr19,3697708,0.0006999999999999995,0.38594270443749623,0.5365796527587838,0.27036579991254217,68
chr19,3729117,-0.0007374999999999995,0.4253674437279246,0.5165359350589839,0.28689945951716284,68
chr19,3733646,0.0008374999999999998,0.5553412165091867,0.4587115156144489,0.33846035708834654,70
chr19,3755872,0.0007089285714285711,0.4108232896047581,0.5237713720779593,0.2808582426201033,68
chr19,3760142,-0.0011160394265232975,0.9822181111183951,0.32532689554946415,0.4876800310745077,67
chr19,3779527,0.0006301724137931032,0.3216793161127338,0.5724956168954727,0.24222783399313422,69
chr19,3779752,-0.0006301724137931032,0.3216793161127338,0.5724956168954727,0.24222783399313422,69
chr19,3779786,-0.0006301724137931032,0.3216793161127338,0.5724956168954727,0.24222783399313422,69
chr19,3781243,-0.0007875,0.48086545806806685,0.49046385626704236,0.30939299155038286,68
chr19,3781294,-0.0007875,0.48086545806806685,0.49046385626704236,0.30939299155038286,68
chr19,3894144,0.0008098006644518274,0.5179828908270527,0.4741341899490521,0.324098726455285,71
chr19,3960398,0.001004166666666666,0.8072248057769319,0.3721123852721061,0.4293258748163657,70
chr19,4001384,0.0008745945945945944,0.5703843076926156,0.45306081005684584,0.3438435028443281,62
chr19,4021827,-0.0011637630662020906,1.1329101168482596,0.2909764679292453,0.536142132188385,69
chr19,4023564,-0.0013392241379310342,1.4674975110067294,0.22999631930037343,0.6382791140707897,69
chr19,4025273,-0.001173345759552656,1.0518419606924851,0.30894409863704914,0.5101200961407552,66
chr19,4038306,-0.0014184210526315784,1.5827240189562057,0.2128014562028486,0.6720254044846123,68
chr19,4038381,-0.0016250000000000004,2.1390228346085425,0.14820001109635367,0.829151763839248,70
chr19,4038382,-0.0015179487179487184,1.8419225203110032,0.1792802725567613,0.7464674962219496,69
chr19,4038462,-0.0013810810810810812,1.460821099933966,0.2311780456899592,0.6360534119834669,67
chr19,4038566,-0.0011328052190121155,0.9872603908216179,0.32415478794283703,0.48924755924757457,66
chr19,4064198,0.0020630341880341885,3.2004370634710098,0.07866656353772297,1.104209821093122,62
chr19,4088291,0.001625,2.1390228346085425,0.14820001109635367,0.829151763839248,70
chr19,4092518,-0.0014469496021220158,1.6377322908579675,0.20511719192449657,0.687997937656809,68
chr19,4092538,-0.0014469496021220158,1.6377322908579675,0.20511719192449657,0.687997937656809,68
chr19,4092628,-0.0013642241379310345,1.5157511423875873,0.22256786829553707,0.6525375337533105,69
chr19,4092659,-0.0013642241379310345,1.5157511423875873,0.22256786829553707,0.6525375337533105,69
chr19,4159307,-0.0016780487804878045,2.331476244974427,0.1313528198155203,0.8815605995648125,71
chr19,4191234,-0.001531048387096774,1.9460926288303637,0.16748293243316972,0.7760294437182624,71
chr19,4268474,-0.0013514431239388793,1.4672012868930384,0.23004285079904496,0.6381912590597815,69
chr19,4359028,0.0013877192982456143,1.4947964400957254,0.22582181970224866,0.6462340973160209,68
chr19,4374102,0.0016374999999999996,2.1691652524020797,0.14541646775732023,0.8373864088060007,70
chr19,4377515,0.001531048387096774,1.9460926288303637,0.16748293243316972,0.7760294437182624,71
chr19,4381149,0.001531048387096774,1.9460926288303637,0.16748293243316972,0.7760294437182624,71
chr19,4381164,0.001531048387096774,1.9460926288303637,0.16748293243316972,0.7760294437182624,71
chr19,4463642,-0.0005246710526315786,0.21977881251914438,0.6407080038603331,0.19333985067543327,70
chr19,4491305,0.00046542130365659785,0.17790003784075964,0.674495370205356,0.17102102701678712,71
chr19,4550581,-5.3308823529411425e-05,0.0022679689790856923,0.9621648444339937,0.016750515389440803,66
chr19,4583006,0.00040898251192368834,0.1372897062799142,0.7121254714851406,0.14744347999680185,71
chr19,4583014,0.0002012605042016803,0.032067492017242245,0.8584200372943857,0.06630015359473715,69
chr19,4589207,-0.00024411764705882343,0.04678719389542098,0.8294084241084021,0.08123155792158562,69
chr19,4589431,-8.138528138528128e-05,0.005144084666932454,0.9430398294250212,0.02546996438439644,68
chr19,4589446,-8.138528138528128e-05,0.005144084666932454,0.9430398294250212,0.02546996438439644,68
chr19,4589455,8.138528138528112e-05,0.005144084666932454,0.9430398294250212,0.02546996438439644,68
chr19,4589510,-8.138528138528128e-05,0.005144084666932454,0.9430398294250212,0.02546996438439644,68
chr19,4658263,-0.00010420168067226874,0.008486240897566834,0.9268769569114456,0.03297791470245015,69
chr19,4715765,0.00034001782531194327,0.09169180806026278,0.7630042513885298,0.11747304219002773,67
chr19,4743866,-7.478991596638636e-05,0.004388741652559323,0.9473780035341974,0.023476703051823925,69
chr19,4834720,-0.00017142857142857124,0.023568375245504165,0.8784429410336303,0.05628644270485143,70
chr19,4847565,-0.000495454545454546,0.1745775339831236,0.6775423849336277,0.1690635314985468,63
chr19,4849945,0.00011428571428571419,0.010583657587548324,0.9183634590822576,0.036985404818327856,70
chr19,4850103,0.00024369747899159665,0.046442320594520047,0.8300284623544142,0.08090701505582189,69
chr19,4898994,-4.2857142857143093e-05,0.0014159358005086608,0.9700971336497642,0.013184778624369422,68
chr19,4912045,0.00017142857142857124,0.023568375245504165,0.8784429410336303,0.05628644270485143,70
chr21,388266,-0.0009264705882352941,0.6918688493415515,0.408528873313873,0.388777243714784,68
chr21,519622,0.0006504201680672264,0.3353546135057386,0.5644649287691299,0.24836303640544913,69
chr21,519757,0.0007190476190476193,0.39907377709820957,0.5297500774482489,0.2759289711243039,68
chr21,524352,-0.0008322734499205093,0.5721151358094595,0.4519944656293081,0.344866882802262,71
chr21,529083,-0.0009744588744588747,0.7711274234792781,0.383054158799947,0.4167398181851239,68
chr21,529882,0.0007575757575757577,0.4210304720804174,0.5187449926618624,0.2850460824144397,66
chr21,598330,0.0008322734499205092,0.5721151358094595,0.4519944656293081,0.344866882802262,71
chr21,603635,0.0011363636363636365,0.9766048873649037,0.32675997468391493,0.48577114625984746,66
chr21,607210,0.0010872865275142313,0.9297856273067944,0.3386054466686179,0.47030606028762545,65
chr21,617983,0.001045887445887446,0.8770643513845776,0.35242128847823395,0.4529378653298618,68
chr21,787541,0.0009801520270270266,0.761116604804337,0.3860951350003121,0.4133056706780237,69
chr21,797443,-0.0007242063492063494,0.3924092018519557,0.5333354389372829,0.2729995574692916,64
chr21,797889,0.0009705128205128209,0.7384994238558256,0.3932063359815655,0.4053794927227569,69
chr21,919176,0.0009000000000000002,0.623193438944248,0.4327780213539717,0.3637348030009843,66
chr21,952531,0.000843012704174229,0.5312219572851543,0.4687115918406318,0.32909430568574466,67
chr21,1019948,0.001190587138863001,1.0852204744103857,0.3014519488658178,0.5207819041060271,66
chr21,1019954,0.001190587138863001,1.0852204744103857,0.3014519488658178,0.5207819041060271,66
chr21,1020052,0.0011018018018018015,0.9540160623043356,0.33232040244205474,0.47844299487536446,67
chr21,1020077,-0.0011018018018018017,0.9540160623043356,0.33232040244205474,0.47844299487536446,67
chr21,1051353,0.0004583333333333333,0.16396751704113152,0.6868799764981139,0.16311914372420375,66
chr21,1051428,0.0007190860215053763,0.398473971350461,0.5300920378267657,0.2756487189840416,67
chr21,1069482,-0.000495888157894737,0.19625888771047345,0.6591638393093961,0.18100662536910536,70
chr21,1072091,0.0004958881578947369,0.19625888771047345,0.6591638393093961,0.18100662536910536,70
chr21,1105787,0.0007133995037220842,0.4081004251057436,0.5250812065956857,0.2797735254528986,70
chr21,1118871,0.0004958881578947369,0.19625888771047345,0.6591638393093961,0.18100662536910536,70
chr21,1128241,0.0004065464895635673,0.11810863882756709,0.73223928447988,0.1353469750240483,65
chr21,1128285,-0.0004065464895635673,0.11810863882756709,0.73223928447988,0.1353469750240483,65
chr21,1156324,0.0006093366093366095,0.29663943984044067,0.5877786532434923,0.23078619054462834,70
chr21,1192261,7.606490872210937e-05,0.004148139669521834,0.9488575123884184,0.022798999616458544,63
chr21,1194623,0.00041385135135135114,0.13261603431042907,0.7168816784161418,0.14455251888087403,69
chr21,1200483,0.0004346349745331065,0.1464558980299634,0.7031568985862309,0.15294775807059108,69
chr21,1228627,-0.0008819776714513552,0.641082227437993,0.4260675446807346,0.3705215465385638,71
chr21,1229029,-0.0007058080808080808,0.3945852729654823,0.5320344200476028,0.27406027004858974,69
chr21,1229052,-0.0007058080808080808,0.3945852729654823,0.5320344200476028,0.27406027004858974,69
chr21,1238305,-0.0009090909090909091,0.6571598271549784,0.4204346550827648,0.3763014936644546,69
chr21,1266178,0.0007647058823529405,0.47168167825789475,0.4945500372628828,0.3057897610783596,70
chr21,1266550,0.0007977678571428569,0.48156434849754226,0.4901872979192772,0.3096379466845916,67
chr21,1266561,-0.0007977678571428569,0.48156434849754226,0.4901872979192772,0.3096379466845916,67
chr21,1273172,0.0009114583333333329,0.645565678422856,0.4245868345262068,0.3720334764471407,68
chr21,1287584,-0.0007710084033613441,0.4677898645846412,0.4963645223791938,0.3041992672328716,69
chr21,1289259,0.0007780748663101611,0.4533382878216379,0.503140946722518,0.29831033739097884,67
chr21,1292240,0.0006969696969696971,0.3810971460498605,0.539173305016289,0.26827161827377083,67
chr21,1295950,-0.000213995943204868,0.032077641617524334,0.8584509252400214,0.06628452695226823,63
chr21,1296136,-0.0003914956011730206,0.11158054911977931,0.739479080779649,0.13107410730666655,64
chr21,1296563,0.0011969696969696968,1.1075790010759,0.2965661890426274,0.5278783635882359,66
chr21,1321417,0.0006100713012477716,0.2856607170807468,0.5948382623522785,0.22560110371093073,67
chr21,1355776,-0.00121985446985447,1.0822714879629738,0.30229588723342793,0.5195677614029899,63
chr21,1398645,0.0006714285714285712,0.3660528906607928,0.5471774812000882,0.26187178407993406,70
chr21,1403937,0.0007142857142857143,0.4115066954559989,0.5233621879113084,0.2811976576508003,70
chr21,1403938,0.0007142857142857143,0.4115066954559989,0.5233621879113084,0.2811976576508003,70
chr21,1404120,-0.0007142857142857143,0.4115066954559989,0.5233621879113084,0.2811976576508003,70
chr21,1445181,-0.0009232026143790843,0.6948115273359184,0.4074510523210939,0.38992455620905775,70
chr21,1463325,0.0007841269841269838,0.508176700194611,0.4783331446928799,0.3202695249225241,71
chr21,1467872,0.000845098039215686,0.5301695153064969,0.4692767325825997,0.32857097820065034,64
chr21,1504965,0.0002220893141945772,0.04029869963632061,0.8414882429845483,0.07495194747497132,71
chr21,1505098,-0.00022208931419457763,0.04029869963632061,0.8414882429845483,0.07495194747497132,71
chr21,1505110,-0.00022208931419457763,0.04029869963632061,0.8414882429845483,0.07495194747497132,71
chr21,1545119,0.00030139230139230124,0.07266419298269963,0.7883128104966022,0.10330141586667398,70
chr21,1554214,-0.00048108552631578974,0.19242731261741985,0.6622946129704246,0.17894877744100746,70
chr21,1557014,0.00032954545454545395,0.08454963674426218,0.7721222136498239,0.11231395288583734,69
chr21,1583836,-0.000268282988871224,0.05900961311727922,0.808788869914455,0.09216483388589153,71
chr21,1591933,-0.00014285714285714268,0.015791861593106315,0.9003967432034813,0.04556608454148071,65
chr21,1598205,8.0542264752791e-05,0.005297404685715922,0.94218915547585,0.02586189876484237,71
chr21,1614312,-0.0001580671580671579,0.01997115261835498,0.8880355105639385,0.05156966740426264,70
chr21,1620203,-5.884917175239753e-05,0.002609030423778373,0.9594171102585116,0.017992540587034495,68
chr21,1622098,8.0542264752791e-05,0.005297404685715922,0.94218915547585,0.02586189876484237,71
chr21,1622216,2.4070945945945755e-05,0.00045471778585870845,0.9830504884638493,0.007424176676339085,69
chr21,1667288,-0.000472563472563473,0.17891790303867736,0.6736395528808823,0.1715724210725286,70
chr21,1671402,-0.0007179276315789476,0.4185376025891056,0.519845562575059,0.2841256588331794,70
chr21,1671558,-0.0007179276315789476,0.4185376025891056,0.519845562575059,0.2841256588331794,70
chr21,1682161,0.0006578029642545769,0.33067302127481596,0.5672182742411714,0.24624978580408785,68
chr21,1691341,-0.000472563472563473,0.17891790303867736,0.6736395528808823,0.1715724210725286,70
chr21,1693305,0.0008830236486486485,0.6398929365079538,0.42657672641249234,0.37000284290054586,69
chr21,1695948,0.0004983108108108103,0.1947947253289707,0.6603767007249637,0.18020825782759994,69
chr21,1699780,0.0006169763513513513,0.3000754478959911,0.5856555244185011,0.23235775571086567,69
chr21,1699874,0.0006169763513513513,0.3000754478959911,0.5856555244185011,0.23235775571086567,69
chr21,1699886,0.0006169763513513513,0.3000754478959911,0.5856555244185011,0.23235775571086567,69
chr21,1734903,-0.0010294117647058824,0.9395809364431902,0.3359245195826769,0.4737582952627909,68
chr21,1734945,-0.0010294117647058824,0.9395809364431902,0.3359245195826769,0.4737582952627909,68
chr21,1735353,0.0006857142857142859,0.37906472592133833,0.5401595301614703,0.2674779571458813,70
chr21,1811255,0.0006617647058823531,0.3425781149873129,0.5603407902499544,0.25154776172720195,68
chr21,1853755,0.0005325311942959002,0.22264804267504534,0.63860979196385,0.1947644265994805,67
chr21,1864253,0.00034848484848484893,0.09467566888191284,0.7592988784791078,0.11958724159540682,67
chr21,1874015,0.00046486928104575175,0.1735508572068666,0.6782872338362886,0.16858635679113215,70
chr21,1938716,-0.0010142857142857145,0.7834864447388177,0.3793397433460548,0.42097165397089115,67
chr21,2055093,0.0009812091503267968,0.7761436213513887,0.3814264450028091,0.41858919980430437,70
chr21,2079959,-0.0015308035714285716,1.838970462231566,0.17976400867432607,0.7452972558663631,67
chr21,2083391,0.0013529411764705882,1.4773878915465093,0.2285136847731881,0.6410877866509352,68
chr21,2093766,-0.0007714285714285716,0.5006969274589427,0.4816122770369622,0.31730245077546504,70
chr21,2101965,-0.0009857142857142857,0.7838858703547652,0.3790755087336096,0.42127427351458124,70
chr21,2121237,-0.0009255050505050505,0.6715103355270016,0.41543105142910275,0.3815010452098848,69
chr21,2204727,0.0006758064516129035,0.30851610997369344,0.5806922700392604,0.23605395509572444,61
chr21,2204759,0.0006758064516129035,0.30851610997369344,0.5806922700392604,0.23605395509572444,61
chr21,2240524,-0.0013880455407969644,1.4684842115339556,0.23011049534688802,0.6380635726947175,65
chr21,2277053,0.0007529411764705887,0.4567680721917566,0.5014645142494956,0.2997597940710817,69
chr21,2277260,-0.0008696969696969696,0.5975997501965804,0.44225514453352643,0.3543271064577474,68
chr21,2320553,-0.0010015898251192373,0.8316648635458207,0.36496681288256394,0.43774662496065586,71
chr21,2320556,-0.0010015898251192373,0.8316648635458207,0.36496681288256394,0.43774662496065586,71
chr21,2360666,-0.0011183456183456188,1.0164912442448053,0.31692694526282655,0.4990408353395739,70
chr21,2360859,0.0013719758064516122,1.4150516812248108,0.2388292198865257,0.6219125399415025,63
chr21,2397257,-0.0011305147058823526,0.9926871016742715,0.3228387096241433,0.49101439722057805,66
chr21,2462578,0.0008946078431372541,0.6520303570214017,0.4222033227926242,0.37447835306336336,70
chr21,2544252,-0.0009362745098039209,0.7095329145042318,0.4025518376578321,0.39517818645344865,70
chr21,2544330,0.0009362745098039207,0.7095329145042318,0.4025518376578321,0.39517818645344865,70
chr21,2544381,0.001001589825119237,0.8316648635458207,0.36496681288256394,0.43774662496065586,71
chr21,2602953,0.0008100840336134453,0.5233344124828513,0.4719409080478366,0.3261123761865481,69
chr21,2602957,0.0008100840336134453,0.5233344124828513,0.4719409080478366,0.3261123761865481,69
chr21,2602993,-0.0008100840336134451,0.5233344124828513,0.4719409080478366,0.3261123761865481,69
chr21,2603008,-0.0008100840336134451,0.5233344124828513,0.4719409080478366,0.3261123761865481,69
chr21,2617486,0.001001589825119237,0.8316648635458207,0.36496681288256394,0.43774662496065586,71
chr21,2632081,-0.0008815126050420163,0.6153244208237066,0.4355547905743742,0.3609572051858519,69
chr21,2705294,0.0005119047619047616,0.21566954235072225,0.6438215239032363,0.1912345083025505,71
chr21,2709901,-0.0003155080213903744,0.07468793241858662,0.7854960625279724,0.10485598761530021,67
chr21,2721744,0.0005119047619047616,0.21566954235072225,0.6438215239032363,0.1912345083025505,71
chr21,2721798,-0.0005119047619047616,0.21566954235072225,0.6438215239032363,0.1912345083025505,71
chr21,2728119,-4.53781512605041e-05,0.0016242469613582905,0.9679722563577975,0.014137090091797843,69
chr21,2744179,0.00014285714285714268,0.016440051834516287,0.898354302910671,0.04655234768435986,70
chr21,2760886,-0.0001832273449920507,0.027511796187987318,0.8687468231208992,0.06110677054984215,71
chr21,2794635,-0.0003173628173628175,0.0811750195630946,0.7765772708155276,0.10981532471432053,70
chr21,2808744,0.0002967171717171715,0.06903651661038022,0.7935510749007395,0.10042511574755757,69
chr21,2808760,0.0002967171717171715,0.06903651661038022,0.7935510749007395,0.10042511574755757,69
chr21,2808801,0.0002967171717171715,0.06903651661038022,0.7935510749007395,0.10042511574755757,69
chr21,2846437,0.0008357843137254895,0.5632009778066791,0.45556239369025,0.3414521337740087,70
chr21,2846679,0.0014696969696969696,1.6457572643592702,0.2041639167312958,0.6900210112657871,66
chr21,2863496,0.000626406926406926,0.3024744149369005,0.5841917960657453,0.23344454621285257,68
chr21,2863522,-0.0006264069264069262,0.30247441493690136,0.5841917960657453,0.23344454621285257,68
chr21,2867436,-0.0006432539682539678,0.34116315653537754,0.5610633661084038,0.2509880870555295,71
chr21,2868639,0.0006432539682539678,0.34116315653537754,0.5610633661084038,0.2509880870555295,71
chr21,2899739,-0.00039151785714285726,0.11436302810515409,0.7363204028642039,0.13293316539512506,67
chr21,2906952,-0.0004558823529411763,0.16041539154143047,0.690067922650301,0.16110816001575232,68
chr21,2914195,0.0005714285714285714,0.2627917761632388,0.6098698602610544,0.21476282892422474,70
chr21,2914196,0.0006432539682539678,0.34116315653537754,0.5610633661084038,0.2509880870555295,71
chr21,2914229,0.0006432539682539678,0.34116315653537754,0.5610633661084038,0.2509880870555295,71
chr21,2946592,-0.0006571428571428572,0.35057331368126976,0.5558117504101745,0.2550722760466717,68
chr21,2947907,0.0005285714285714283,0.22639325285265274,0.635736247374988,0.19672302596744234,70
chr21,2966124,0.0005555555555555552,0.2557953082211989,0.6146836469619534,0.21134834069182576,69
chr21,2984889,0.0003790849673202612,0.11531001108982801,0.7352244843906032,0.13358003853887548,70
chr21,3087678,5.6451612903225675e-05,0.002623616834970762,0.9593062999401074,0.018042703429285333,67
chr21,3126281,0.00021184419713831442,0.03678153337574453,0.8484738042009917,0.07136156155676932,71
chr21,3126290,-0.00021184419713831423,0.03678153337574453,0.8484738042009917,0.07136156155676932,71
chr21,3126320,-0.00021184419713831423,0.03678153337574453,0.8484738042009917,0.07136156155676932,71
chr21,3143848,0.0005780701754385963,0.25121531926043766,0.6178882918414403,0.2090900340083225,68
chr21,3143862,0.0005780701754385963,0.25121531926043766,0.6178882918414403,0.2090900340083225,68
chr21,3144125,0.0005780701754385963,0.25121531926043766,0.6178882918414403,0.2090900340083225,68
chr21,3148022,0.0009212523719165081,0.6709662293752001,0.41580288603757276,0.3811125006085838,65
chr21,3148042,0.0009212523719165081,0.6709662293752001,0.41580288603757276,0.3811125006085838,65
chr21,3148045,-0.0009212523719165079,0.6709662293752001,0.41580288603757276,0.3811125006085838,65
chr21,3148052,-0.0009212523719165079,0.6709662293752001,0.41580288603757276,0.3811125006085838,65
chr21,3161374,-0.00029650238473767843,0.07209001702918892,0.7891188011176167,0.10285760922928103,71
chr21,3174634,-0.0001456349206349205,0.0174058698559742,0.8954225822311507,0.04797195706592194,71
chr21,3207473,-8.602150537634411e-05,0.005855371011276816,0.939229783990128,0.02722814393135456,70
chr21,3236805,0.00015053763440860222,0.018125100686867287,0.8933025186910621,0.049001441504212116,70
chr21,3236806,0.00015053763440860222,0.018125100686867287,0.8933025186910621,0.049001441504212116,70
chr21,3271281,0.000697435897435898,0.3773666263283777,0.5410964078302507,0.2667253492030282,69
chr21,3271346,0.0008112290008841736,0.49714356283288397,0.48323888324579123,0.31583812798858013,68
chr21,3361703,0.0011729390681003587,1.054867069174427,0.30819580145323483,0.5111732819644917,67
chr21,3368641,-0.0010715460526315793,0.9262055096831371,0.33926077363852425,0.4694663518997132,70
chr21,3396851,0.001174037674037675,1.1175593336970195,0.2941857850145113,0.5313783161051115,70
chr21,3396864,0.0010862480127186017,0.9802792513349926,0.32558924815049994,0.48732994514035055,71
chr21,3436825,0.0010212418300653582,0.8431125127101675,0.361753575934316,0.44158716718649144,70
chr21,3438974,-0.0008511029411764711,0.5266987094253587,0.4706437407728514,0.3273077127453951,66
chr21,3439000,-0.0008511029411764711,0.5266987094253587,0.4706437407728514,0.3273077127453951,66
chr21,3439534,-0.0013319256756756759,1.426441434714252,0.23655726123832074,0.6260637165338913,69
chr21,3443662,0.0008271908271908278,0.5744361155048319,0.4511201704445341,0.345707754332306,70
chr21,3443671,0.0008271908271908278,0.5744361155048319,0.4511201704445341,0.345707754332306,70
chr21,3443808,-0.001205978705978707,1.1912801864080194,0.27892367819347214,0.5545146163460968,70
chr21,3443819,0.001205978705978707,1.1912801864080194,0.27892367819347214,0.5545146163460968,70
chr21,3443938,0.0013163006756756758,1.3879299346758565,0.24292251194040237,0.6145322367038655,69
chr21,3455489,0.0010303030303030305,0.8086085814881828,0.37185119378162845,0.42963081992628455,67
chr21,3487997,0.0009256756756756757,0.702358386962233,0.40497222991232695,0.39257475656147117,69
chr21,3517226,-0.0012746543778801847,1.3155704592953865,0.25565850072900825,0.5923397622633872,66
chr21,3518059,-0.0011605241605241617,1.0935260319258822,0.2993943251504566,0.5237564357204191,70
chr21,3518137,0.0011605241605241617,1.0935260319258822,0.2993943251504566,0.5237564357204191,70
chr21,3550514,-0.0006118226600985222,0.28355557720821395,0.5962835202637304,0.2245471932660761,64
chr21,3551676,-0.0010425880425880434,0.8753967541214964,0.3527764841066643,0.4525003724152061,70
chr21,3554091,-0.001309938971229294,1.331099558895762,0.2527706184222508,0.5972734090236376,68
chr21,3558005,-0.0010015898251192375,0.8316648635458218,0.36496681288256394,0.43774662496065586,71
chr21,3576122,-0.0006578029642545774,0.33067302127481596,0.5672182742411714,0.24624978580408785,68
chr21,3688900,-0.00018181818181818192,0.022447123478529785,0.8814062581737518,0.05482387023104838,62
chr21,3688936,-0.00018181818181818192,0.022447123478529785,0.8814062581737518,0.05482387023104838,62
chr21,3690115,-0.0003627450980392158,0.10504211636868287,0.7468556133709439,0.12676335049685108,70
chr21,3690230,-0.0003627450980392158,0.10504211636868287,0.7468556133709439,0.12676335049685108,70
chr21,3709481,-0.0005076013513513513,0.20026745947879326,0.6559485875757242,0.1831301987450209,69
chr21,3709537,-0.0005076013513513513,0.20026745947879326,0.6559485875757242,0.1831301987450209,69
chr21,3729694,1.47058823529417e-05,0.00016548238114102185,0.9897751065546097,0.0044634731576370075,68
chr21,3757220,0.0002488095238095238,0.050828693708428865,0.822293929970915,0.08497291561444552,71
chr21,3757457,0.00033578431372548976,0.09043907122750408,0.7645372830231824,0.11660133115888191,70
chr21,3775233,0.000665962837837838,0.3549953423440747,0.553306415124356,0.257034294475966,69
chr21,3775331,0.000665962837837838,0.3549953423440747,0.553306415124356,0.257034294475966,69
chr21,3790158,-0.0006423611111111112,0.31867288968883023,0.5743198826620848,0.2408461484046096,68
chr21,3815095,0.00045328282828282845,0.1600617830990007,0.6903723682330574,0.16091659933812252,69
chr21,3815110,-0.00045328282828282845,0.1600617830990007,0.6903723682330574,0.16091659933812252,69
chr21,3827738,-0.00014653716216216162,0.01822248697832087,0.8930239572323196,0.04913689009887159,69
chr21,3850174,0.00012344028520499056,0.011387386422585574,0.9153463760342332,0.038414533545793446,67
chr21,3860480,-0.0005487394957983193,0.2379171278437219,0.6273068993700537,0.20251993589345593,69
chr21,3876673,-0.0007857142857142862,0.5022708404551444,0.48092667187927174,0.3179211365698224,70
chr21,3880743,-0.0006411764705882352,0.3217359316612631,0.5724619065064389,0.24225340740637477,69
chr21,4034693,0.0007365546218487399,0.4266557858580203,0.5158697805659171,0.287459912169072,69
chr21,4055261,-0.0006038602941176473,0.2855332283066891,0.5949487098409751,0.2255204729154357,66
chr21,4057458,0.000628571428571429,0.3172210388333618,0.5751350345645007,0.24023017638661553,70
chr21,4115094,0.0006852941176470585,0.3676940696687839,0.5463130141228257,0.26255845371494396,69
chr21,4172868,-0.00036875000000000026,0.10634157987967453,0.745395860389928,0.12761302346144346,67
chr21,4213767,-1.6386554621848907e-05,0.00021179934401129036,0.9884317846142665,0.005053297607635306,69
chr21,4225150,-0.0002070707070707074,0.03403883002194125,0.8541815500817671,0.06844981336367231,69
chr21,4240530,0.0002825396825396828,0.05784201314449597,0.8107596973287818,0.09110784811759505,62
chr21,4240549,-8.394758394758397e-05,0.005673418518457332,0.9401795969800772,0.02678917775435226,70
chr21,4240551,-0.0002070707070707074,0.03403883002194125,0.8541815500817671,0.06844981336367231,69
chr21,4243150,0.00021184419713831483,0.036781533375745135,0.8484738042009917,0.07136156155676932,71
chr21,4243180,0.00021184419713831483,0.036781533375745135,0.8484738042009917,0.07136156155676932,71
chr21,4243216,0.00021184419713831483,0.036781533375745135,0.8484738042009917,0.07136156155676932,71
chr21,4243242,8.394758394758397e-05,0.005673418518457332,0.9401795969800772,0.02678917775435226,70
chr21,4243475,0.0003131313131313132,0.07689487399353696,0.7824041349377886,0.10656886300583417,69
chr21,4249853,4.2229729729728434e-06,1.4199215570905282e-05,0.9970046280878087,0.001302825692023356,69
chr21,4305354,0.00016517857142857144,0.01760082814908898,0.8949150663623983,0.04821818028236896,60
chr21,4330198,0.0001448479729729728,0.016383720706745767,0.8985332579100566,0.04646584347486596,69
chr21,4396886,-9.330357142857186e-05,0.00683453271958728,0.9343670212893087,0.02948249849026745,67
chr21,4416449,-0.00021184419713831458,0.03678153337574513,0.8484738042009917,0.07136156155676932,71
chr21,4416456,-0.00021184419713831458,0.03678153337574513,0.8484738042009917,0.07136156155676932,71
chr21,4431448,-0.0003248663101604279,0.08347083960926205,0.7735672312829948,0.1115019354793364,67
chr21,4441520,-8.500435919790758e-05,0.005761901837148587,0.93972256078025,0.027000346514073358,68
chr21,4441540,-8.500435919790758e-05,0.005761901837148587,0.93972256078025,0.027000346514073358,68
chr21,4449823,5.707196029776655e-05,0.002577300075408767,0.9596599268021065,0.01788263995925942,70
chr21,4450601,0.0001480263157894734,0.01757114911742295,0.8949358340091575,0.04820810204133982,70
chr21,4456980,-0.0004097096188747736,0.13383366318010056,0.7156777496256705,0.14528248476314923,67
chr21,4461542,0.00029487179487179495,0.06594397111774915,0.7981476828485229,0.09791674284470567,67
chr21,4467270,0.0001866935483870966,0.028154127561015006,0.8672378094567992,0.06186179621101478,71
chr21,4494933,2.0678246484698003e-05,0.000352466047360283,0.9850763104725219,0.006530124899924821,70
chr21,4507841,-0.00011842105263157901,0.0110439981259485,0.9166379329320086,0.03780217445084532,65
chr21,4542668,-0.0005416666666666664,0.21874478239967007,0.6415623341608135,0.1927611412112572,67
chr21,4552108,-0.0007572393822393827,0.43312726470401086,0.5128562444092564,0.2900043522546307,65
chr21,4613540,-0.000375448028673835,0.10830171878007454,0.7431439857904255,0.12892703257053686,67
chr21,4613818,-0.0001720720720720719,0.0228108648849807,0.8804177018653306,0.05531123401379928,67
chr21,4613860,-2.6095060577818955e-05,0.0005137010897074747,0.9819880327491596,0.00789380482269657,66
chr21,4613882,-2.6095060577818955e-05,0.0005137010897074747,0.9819880327491596,0.00789380482269657,66
chr21,4613884,-2.6095060577818955e-05,0.0005137010897074747,0.9819880327491596,0.00789380482269657,66
chr21,4623044,-0.0004603365384615384,0.17263757414048594,0.6790675725268387,0.16808700787650996,71
chr21,4660313,-0.0004387387387387388,0.15722842048028168,0.6930199757764072,0.15925424699795707,67
chr21,4671625,-0.0002965260545905706,0.07062810593594068,0.7912285359936131,0.1016980581132541,70
chr21,4675807,0.00023508771929824565,0.04286571685620899,0.8366157784535331,0.07747394894653913,68
chr21,4681886,0.0006107142857142853,0.2915440186763285,0.5911986045797117,0.22826659968773394,63
chr21,4705312,0.00038873873873873876,0.1250680204509459,0.7247460352928026,0.13981415176484888,67
chr21,4730136,0.00046033653846153853,0.17263757414048725,0.6790675725268387,0.16808700787650996,71
chr21,4871345,0.0001252122241086588,0.012655553611716714,0.9107658008390946,0.040593285463261165,69
chr21,4871577,0.0001943755169561619,0.031158008764864895,0.8604130014397465,0.06529303574287633,70
chr22,473,0.0030287828947368435,8.178423096966714,0.005624736483980421,2.249897819213749,70
chr22,164991,0.0025635944700460834,5.529326693650012,0.021790807006369626,1.6617266856820025,66
chr22,225216,-0.0030192307692307697,7.777144362887117,0.006881213953484973,2.162334938684147,69
chr22,225381,-0.002978070175438597,7.383211934223685,0.008399183561447553,2.0757629272703464,68
chr22,237977,0.0030345528455284557,8.257970456787092,0.005388461029234127,2.268535253727308,71
chr22,238018,0.0030345528455284557,8.257970456787092,0.005388461029234127,2.268535253727308,71
chr22,274330,-0.002995833333333334,7.863525463204777,0.00656928885162277,2.1824816417845674,70
chr22,279339,-0.002995833333333334,7.863525463204777,0.00656928885162277,2.1824816417845674,70
chr22,280928,0.0030159482758620694,7.7025810827184475,0.007140179410732182,2.1462908756030883,69
chr22,308604,-0.002813288477712364,7.0845699961143795,0.009693669715735253,2.0135117817122152,70
chr22,389817,-0.003085192697768762,7.376666102125499,0.008584340462539785,2.066293066197029,63
chr22,412301,-0.003204954954954955,8.951107077056978,0.003915628657553723,2.4071985016549737,67
chr22,412567,-0.0030345528455284557,8.257970456787092,0.005388461029234127,2.268535253727308,71
chr22,462190,-0.0029089285714285714,7.161949285031058,0.009382673386236126,2.0276734013364277,68
chr22,548404,0.002272222222222222,4.177685755303378,0.045079435878322395,1.3460215273301153,66
chr22,589391,-0.0017739583333333342,2.1582995938310887,0.1470254778604973,0.8326074003847594,62
chr22,612056,0.0024234904880066177,5.212506679444651,0.025555920273774492,1.5925084753964405,70
chr22,616465,0.0023803056027164684,4.907623451403101,0.03014149592715086,1.5208351973835303,69
chr22,671286,0.0023207941483803563,4.297401688431796,0.042473457175979605,1.3718823876708737,62
chr22,697466,0.002186507936507937,3.7673649027299647,0.056811289855232754,1.2455653502993862,64
chr22,715405,-0.0025591133004926113,5.6169326526144205,0.020588734249852268,1.6863703520318818,71
chr22,718799,-0.0025591133004926113,5.6169326526144205,0.020588734249852268,1.6863703520318818,71
chr22,749151,0.002284146341463415,4.448039962358472,0.03857267734409651,1.4137202155437927,71
chr22,754090,-0.002868126747437093,7.1545527750018225,0.009481261007067863,2.02313389768398,66
chr22,789697,-0.0025217948717948715,5.488226243616017,0.02212341091822464,1.6551479140417107,69
chr22,830421,-0.0026329365079365077,5.606169674627553,0.02103093492014871,1.677141420531153,64
chr22,837837,0.0023169761273209547,4.431012381597754,0.03910223259854021,1.4077984452244583,68
chr22,857043,0.0024882404181184683,5.251182310473117,0.02508211725921316,1.6006358061514316,69
chr22,857103,0.0024882404181184683,5.251182310473117,0.02508211725921316,1.6006358061514316,69
chr22,881293,0.0016981216457960645,2.178681911758462,0.14461883494685412,0.8397751414758411,69
chr22,903301,0.001276683087027914,1.3173819215429252,0.25502641651997904,0.5934148315085771,71
chr22,903311,-0.001276683087027914,1.3173819215429252,0.25502641651997904,0.5934148315085771,71
chr22,903573,0.001805,2.3111640265407907,0.13345111461892767,0.8746777945192,65
chr22,910351,0.0014886459209419688,1.845244537308424,0.17882711085210146,0.7475666398973485,70
chr22,912182,-0.0011593776282590416,1.0775423466984355,0.3029251544389208,0.518664662023922,70
chr22,913131,0.001276683087027914,1.3173819215429252,0.25502641651997904,0.5934148315085771,71
chr22,947228,0.0010025862068965517,0.807042552133999,0.37221320210790154,0.4292082268502632,69
chr22,971856,0.0008154761904761903,0.5133391385839343,0.4761504916097754,0.32225576293881,70
chr22,972135,0.0012539949537426415,1.2431888007543548,0.26878248705678676,0.5705990318324128,70
chr22,972621,0.0015208333333333332,1.9465390933282911,0.1675004480291629,0.775984026977387,70
chr22,984578,0.0008629531388152083,0.5660935937688569,0.4544905275317328,0.34247516389100907,68
chr22,984668,0.0008629531388152083,0.5660935937688569,0.4544905275317328,0.34247516389100907,68
chr22,987281,0.0010142977291841889,0.8100887708168459,0.3712704657638928,0.4303095971404601,70
chr22,992453,0.001369208494208494,1.4528826582001413,0.23257393143185526,0.6334389657458629,65
chr22,1154960,0.0011636636636636636,0.9944989330409485,0.32252155873608035,0.4914412499366726,64
chr22,1157389,0.0011146616541353384,0.9466123756073493,0.33424610378705466,0.4759336464852589,66
chr22,1157398,0.0011146616541353384,0.9466123756073493,0.33424610378705466,0.4759336464852589,66
chr22,1159879,0.0005947368421052633,0.26617072240175743,0.6076362338116854,0.21635633672616236,68
chr22,1160262,-0.00044482173174872685,0.1529058986323193,0.6970144288835436,0.15675823148643478,69
chr22,1161313,-0.0004499999999999999,0.15930700872746667,0.6910460903729013,0.16049298572698864,70
chr22,1167155,-0.0004623655913978495,0.1695725765079185,0.6817871085627885,0.16635121480113646,70
chr22,1177106,-0.0005461538461538461,0.2292220497621562,0.6336600714920524,0.1981436579954835,69
chr22,1183982,0.0004623655913978495,0.1695725765079185,0.6817871085627885,0.16635121480113646,70
chr22,1189203,-0.0005535087719298247,0.236625140625084,0.628265710432184,0.2018566426180802,68
chr22,1196573,-0.00047518610421836235,0.17881571507807223,0.6737272708233293,0.17151587311876834,70
chr22,1215617,-0.0005290322580645164,0.2267228408671617,0.6354687855473631,0.19690577728538555,71
chr22,1216069,0.000513647642679901,0.2083502952317781,0.6495181444770644,0.1874087122796379,70
chr22,1216165,0.000513647642679901,0.2083502952317781,0.6495181444770644,0.1874087122796379,70
chr22,1244785,0.0006666666666666668,0.3524537323489676,0.5546971792935809,0.2559440425587841,70
chr22,1261145,0.00025939849624060187,0.05022340944276302,0.8233888714496634,0.08439500702600346,66
chr22,1261176,0.00037878787878787906,0.10316744450967082,0.7491773808289142,0.12541534332226756,62
chr22,1261177,0.00037878787878787906,0.10316744450967082,0.7491773808289142,0.12541534332226756,62
chr22,1261180,0.00037878787878787906,0.10316744450967082,0.7491773808289142,0.12541534332226756,62
chr22,1278031,0.0005290322580645164,0.2267228408671617,0.6354687855473631,0.19690577728538555,71
chr22,1279426,-0.0004623655913978495,0.1695725765079185,0.6817871085627885,0.16635121480113646,70
chr22,1279434,-0.0004623655913978495,0.1695725765079185,0.6817871085627885,0.16635121480113646,70
chr22,1279496,-0.0004623655913978495,0.1695725765079185,0.6817871085627885,0.16635121480113646,70
chr22,1279504,-0.0004623655913978495,0.1695725765079185,0.6817871085627885,0.16635121480113646,70
chr22,1279513,-0.0004623655913978495,0.1695725765079185,0.6817871085627885,0.16635121480113646,70
chr22,1279558,-0.0005290322580645164,0.2267228408671617,0.6354687855473631,0.19690577728538555,71
chr22,1279802,-0.0005290322580645164,0.2267228408671617,0.6354687855473631,0.19690577728538555,71
chr22,1315158,0.0009009725906277634,0.6064804260007506,0.438899372795688,0.35763503977832667,68
chr22,1398707,-0.0007294354838709681,0.4323072938783992,0.5130464093362909,0.2898433475450572,71
chr22,1424841,0.0013024231127679404,1.2974891477118464,0.2589179912600386,0.586837770988515,66
chr22,1433098,0.00095650406504065,0.7406279772925202,0.3924403524486104,0.4062263429211897,71
chr22,1433321,0.00095650406504065,0.7406279772925202,0.3924403524486104,0.4062263429211897,71
chr22,1463024,0.00095650406504065,0.7406279772925202,0.3924403524486104,0.4062263429211897,71
chr22,1464662,0.0008958333333333334,0.6361452668974761,0.4278865212383035,0.3686713939180901,70
chr22,1464688,-0.0008958333333333334,0.6361452668974761,0.4278865212383035,0.3686713939180901,70
chr22,1464928,-0.0009392857142857141,0.6787736572146587,0.4129766853675054,0.38407446578197724,68
chr22,1478915,0.000838095238095238,0.47129340611188275,0.4950373864588308,0.3053620008247477,62
chr22,1525742,0.0007442434210526317,0.44697729913069917,0.5060371497214773,0.295817599115127,70
chr22,1525845,0.0007442434210526317,0.44697729913069917,0.5060371497214773,0.295817599115127,70
chr22,1548817,-0.000813667232597623,0.5119931379181609,0.4767635881617521,0.3216969203489271,69
chr22,1583357,-0.0012381154499151103,1.2604401543895343,0.26557488874728963,0.575812991781652,69
chr22,1610405,-0.0011115384615384624,0.9548023875613064,0.33201493237059776,0.4788423834636815,69
chr22,1644274,-0.0010427631578947372,0.8764832678421514,0.35247976950890425,0.45286580418401273,70
chr22,1664613,-0.0009346405228758162,0.7034755597826622,0.40455710507870735,0.39302016707978626,70
chr22,1664739,-0.0009346405228758162,0.7034755597826622,0.40455710507870735,0.39302016707978626,70
chr22,1671964,-0.0009451510333863281,0.7396019382022766,0.3927666967728912,0.40586534374896693,71
chr22,1715282,0.0010050505050505048,0.792181392179153,0.3766261533221197,0.42408952539979317,69
chr22,1718744,0.0010155610155610161,0.8315758108221665,0.36503886498104055,0.4376608945894315,70
chr22,1724604,0.0008790849673202606,0.6247287588898071,0.43204334824143475,0.3644726768943626,70
chr22,1729686,-0.0009451510333863281,0.7396019382022766,0.3927666967728912,0.40586534374896693,71
chr22,1729687,-0.0009451510333863281,0.7396019382022766,0.3927666967728912,0.40586534374896693,71
chr22,1729753,-0.0009451510333863281,0.7396019382022766,0.3927666967728912,0.40586534374896693,71
chr22,1755614,0.0009451510333863276,0.7396019382022766,0.3927666967728912,0.40586534374896693,71
chr22,1755616,0.0009451510333863276,0.7396019382022766,0.3927666967728912,0.40586534374896693,71
chr22,1755640,-0.0009451510333863281,0.7396019382022766,0.3927666967728912,0.40586534374896693,71
chr22,1759342,-0.0008929738562091498,0.6436679027332167,0.4251807564225174,0.37142639976641817,70
chr22,1836907,0.0007142857142857142,0.40944517769920596,0.5244013529272227,0.2803361965241553,70
chr22,1838446,-0.0007277777777777772,0.4373172088160478,0.5106224106201717,0.2919001284367966,71
chr22,1838498,-0.0007277777777777772,0.4373172088160478,0.5106224106201717,0.2919001284367966,71
chr22,1840375,-0.0009714285714285719,0.7974112133415832,0.37501790169961546,0.42594800047549725,70
chr22,1840401,-0.0009714285714285719,0.7974112133415832,0.37501790169961546,0.42594800047549725,70
chr22,1856998,-0.0008128342245989309,0.5118410126346734,0.47690508281425803,0.32156804886740903,67
chr22,1896272,-0.0002025518341307814,0.0335170204850201,0.8552748478682496,0.0678942996213455,71
chr22,1908609,-0.00010606060606060633,0.008747788960590539,0.9257619531808431,0.03350067175276497,69
chr22,1914618,-0.0002631578947368422,0.0549810118426471,0.8153167150197074,0.08867365400074374,70
chr22,1927808,-0.0002025518341307814,0.0335170204850201,0.8552748478682496,0.0678942996213455,71
chr22,1936743,0.00020255183413078116,0.0335170204850201,0.8552748478682496,0.0678942996213455,71
chr22,1936861,-0.0002025518341307814,0.0335170204850201,0.8552748478682496,0.0678942996213455,71
chr22,2113227,0.00010895270270270254,0.009187467938641768,0.9239248094871315,0.03436337093741035,69
chr22,2113328,-7.73026315789473e-05,0.004747487501309563,0.9452698303486766,0.024444203020525235,70
chr22,2140710,-4.138513513513507e-05,0.0013272905708755574,0.9710462295224075,0.01276009372890843,69
chr22,2140858,-0.00011677631578947363,0.010799923314079364,0.9175366107114276,0.03737659790667736,70
chr22,2157421,-0.00037878787878787906,0.11733850695977735,0.7330444630707854,0.13486968227476662,67
chr22,2157482,-0.00037878787878787906,0.11733850695977735,0.7330444630707854,0.13486968227476662,67
chr22,2157676,-0.00040625000000000014,0.13089667554393775,0.718695946833148,0.14345480438905941,66
chr22,2165320,1.3923013923014221e-05,0.00015490299467957823,0.9901062261739998,0.0043182084667541636,70
chr22,2169865,5.176767676767672e-05,0.0020993130312320397,0.9635913963845955,0.016107086340128033,69
chr22,2169995,5.176767676767672e-05,0.0020993130312320397,0.9635913963845955,0.016107086340128033,69
chr22,2177756,-0.00023172905525846744,0.04163833801928921,0.8389482665712032,0.07626481895123823,67
chr22,2218432,0.0004934210526315792,0.1957464175526964,0.6595804457197831,0.180732228166813,70
chr22,2218445,0.0004934210526315792,0.1957464175526964,0.6595804457197831,0.180732228166813,70
chr22,2218448,0.0004934210526315792,0.1957464175526964,0.6595804457197831,0.180732228166813,70
chr22,2218478,0.0004934210526315792,0.1957464175526964,0.6595804457197831,0.180732228166813,70
chr22,2218644,0.000375,0.11446734095850286,0.7361416742809258,0.13303859539439236,71
chr22,2222428,0.0009815789473684214,0.734257722348413,0.3946072622575705,0.4038349263586211,68
chr22,2222484,0.0009815789473684214,0.734257722348413,0.3946072622575705,0.4038349263586211,68
chr22,2333703,-0.001626602564102565,2.2192719736507884,0.1408543541568854,0.8512297233528203,71
chr22,2415268,0.0016266025641025652,2.2192719736507884,0.1408543541568854,0.8512297233528203,71
chr22,2415503,-0.0014887387387387385,1.6761023810221642,0.2000234263184514,0.6989191377108313,67
chr22,2425445,-0.0017598684210526317,2.577063784092972,0.11305714813416007,0.946701973813265,70
chr22,2425747,-0.001626602564102565,2.2192719736507884,0.1408543541568854,0.8512297233528203,71
chr22,2464835,0.0015061028770706197,1.8040110161766754,0.18382888680136508,0.7355862427176276,68
chr22,2464839,0.0015061028770706197,1.8040110161766754,0.18382888680136508,0.7355862427176276,68
chr22,2473450,0.0018898443898443895,3.0019657840240157,0.0876969740075427,1.0570153917479737,70
chr22,2481851,0.0018898443898443895,3.0019657840240157,0.0876969740075427,1.0570153917479737,70
chr22,2490595,-0.0015240709459459457,1.9323977676953148,0.16909755167726168,0.7718626804019786,69
chr22,2514393,0.0019078282828282821,2.994217487706304,0.08816612046108757,1.0546982688755329,69
chr22,2514405,0.0019078282828282821,2.994217487706304,0.08816612046108757,1.0546982688755329,69
chr22,2514525,-0.0019078282828282821,2.994217487706304,0.08816612046108757,1.0546982688755329,69
chr22,2531574,0.001790335790335791,2.6742060439061905,0.10660725294506221,0.9722132474026491,70
chr22,2541377,-0.001691071428571428,2.293963931230409,0.13472575082544497,0.8705493874057986,67
chr22,2569978,-0.0016658692185007968,2.34296614537976,0.1304218063650074,0.8846497890317774,71
chr22,2569979,-0.0016658692185007968,2.34296614537976,0.1304218063650074,0.8846497890317774,71
chr22,2570125,-0.0017146381578947375,2.410136666891288,0.125193947245841,0.9024166674616507,70
chr22,2609142,-0.0016323529411764704,2.0891014301830135,0.15323230087253667,0.8146496771834318,66
chr22,2634200,0.0018203497615262325,2.8255621587106297,0.09729614448883893,1.0119043689854776,71
chr22,2669975,0.002190972222222222,4.073505191122954,0.04762810693022179,1.322136680006303,68
chr22,2671015,-0.0019509803921568618,3.2074657931958566,0.07775343631171629,1.1092804082401817,70
chr22,2688422,0.0018203497615262325,2.8255621587106297,0.09729614448883893,1.0119043689854776,71
chr22,2693413,0.0017784602784602789,2.6202060762024173,0.11014007450861509,0.958054634058936,70
chr22,2693539,0.0017186147186147194,2.450233071659667,0.12228991872401779,0.9126093436422947,68
chr22,2693609,0.0017186147186147194,2.450233071659667,0.12228991872401779,0.9126093436422947,68
chr22,2699172,0.0016176470588235286,2.256245258356717,0.137706166991122,0.8610466099954984,70
chr22,2718781,-0.002071889400921659,3.255417881367864,0.07589343873335411,1.1197957688353612,66
chr22,2718835,-0.0019638392857142858,2.9728522767240024,0.08942563282163174,1.0485379778776758,67
chr22,2718916,-0.0013146167557932264,1.5189169874907906,0.22222279790019414,0.6532113887148514,67
chr22,2720291,-0.0018203497615262325,2.8255621587106297,0.09729614448883893,1.0119043689854776,71
chr22,2734310,0.0017165178571428568,2.0166243191844826,0.16093786758648998,0.7933417573371109,60
chr22,2734311,0.0017165178571428568,2.0166243191844826,0.16093786758648998,0.7933417573371109,60
chr22,2734312,0.0017165178571428568,2.0166243191844826,0.16093786758648998,0.7933417573371109,60
chr22,2734455,-0.0018926406926406928,2.8315222743901267,0.09715613974116581,1.0125297491408423,68
chr22,2738034,0.0018648897058823532,2.645583039234709,0.10875230468322367,0.9635615306896393,66
chr22,2759486,-0.0021428571428571425,3.89198099288759,0.05258429582064527,1.2791439375337037,70
chr22,2759578,-0.0021928571428571422,4.184523207345942,0.04460906536815445,1.3505768758327006,71
chr22,2775418,0.0021225108225108227,3.805655540234654,0.05532754619063923,1.2570585905755882,68
chr22,2775419,0.0021225108225108227,3.805655540234654,0.05532754619063923,1.2570585905755882,68
chr22,2788177,-0.0021928571428571422,4.184523207345942,0.04460906536815445,1.3505768758327006,71
chr22,2814158,0.0018892857142857134,2.656178602843569,0.10830191542205422,0.9653638623970939,63
chr22,2814222,0.0018892857142857134,2.656178602843569,0.10830191542205422,0.9653638623970939,63
chr22,2838133,0.0022656249999999994,4.374539168690965,0.040331737720046786,1.3943530657194039,68
chr22,2838206,0.0022656249999999994,4.374539168690965,0.040331737720046786,1.3943530657194039,68
chr22,2838963,0.002308823529411763,4.556226639624627,0.03640682797757601,1.4388171582494202,70
chr22,2842415,0.002308823529411763,4.556226639624627,0.03640682797757601,1.4388171582494202,70
chr22,2992777,-0.0019647177419354835,3.102128293525181,0.08320138309737433,1.0798694541592166,63
chr22,2992820,-0.0019647177419354835,3.102128293525181,0.08320138309737433,1.0798694541592166,63
chr22,3025311,-0.0024633838383838393,5.163145681789814,0.02628580675422084,1.5802786892360217,69
chr22,3027963,-0.002463383838383839,5.163145681789809,0.02628580675422084,1.5802786892360217,69
chr22,3028007,-0.002463383838383839,5.163145681789809,0.02628580675422084,1.5802786892360217,69
chr22,3028591,-0.002186974789915966,3.997648969280478,0.04962160292956114,1.3043292107969944,69
chr22,3035949,-0.0023421717171717175,4.555533837634785,0.03647506467557909,1.4380039293667326,69
chr22,3035984,-0.0023421717171717175,4.555533837634785,0.03647506467557909,1.4380039293667326,69
chr22,3088419,0.0023950892857142847,5.14031462902172,0.0271195941253887,1.5667168144518422,60
chr22,3102239,-0.0021646825396825385,4.071381510579332,0.0475062908198573,1.3232488769551043,71
chr22,3102285,-0.002128571428571429,3.8302059124998737,0.05444347269837966,1.2640541809403625,70
chr22,3102462,0.002280228758169933,4.436749858016427,0.038866512354155364,1.4104244285815348,70
chr22,3110370,-0.0020391414141414147,3.552504504334551,0.06379376425362202,1.1952217708493242,69
chr22,3140949,-0.002148582600195503,3.5013307959901208,0.06603988242950007,1.1801937085810308,64
chr22,3176754,-0.0023357903357903373,4.658401884970711,0.0344355861538878,1.4629925201642877,70
chr22,3183628,0.002179738562091501,4.024117407577706,0.04883420012595335,1.311275921362416,70
chr22,3183646,0.002237100737100738,4.241048633179263,0.043289444524747665,1.363617986868402,70
chr22,3183649,0.002237100737100738,4.241048633179263,0.043289444524747665,1.363617986868402,70
chr22,3304278,0.002050420168067226,3.5938392721959,0.06230821459042293,1.2054546930501078,69
chr22,3403271,-0.0020698529411764697,3.4362489593099665,0.06839014404641555,1.1650064815353203,66
chr22,3403286,-0.0020698529411764697,3.4362489593099665,0.06839014404641555,1.1650064815353203,66
chr22,3420249,0.0017134199134199142,2.4470912273455685,0.12252541331972387,0.9117738237904597,68
chr22,3425004,-0.0019934640522875804,3.3655371058037473,0.07094868668674305,1.1490556392477955,70
chr22,3444266,-0.0019843750000000005,2.944613611380625,0.09132401294840854,1.039415013048442,62
chr22,3481377,0.0024212121212121213,4.603620789649579,0.03589321388560737,1.4449876531102264,63
chr22,3487194,-0.0017669340463458113,2.64451475001106,0.10874683717083534,0.963583365354735,67
chr22,3506617,-0.0022,4.1150497575912235,0.04642190972189653,1.333276997343658,70
chr22,3540330,-0.0021612903225806447,3.7222736632623445,0.05842430393995721,1.233406453036487,62
chr22,3542885,0.0018484848484848489,2.953895164422025,0.09035860586630988,1.0440304783851346,68
chr22,3542891,-0.0014831818181818182,1.7799626716525965,0.18667101363535377,0.7289231142713237,69
chr22,3543032,-0.001941176470588235,3.292102279884112,0.07415883393174108,1.1298371076255844,68
chr22,3566661,0.0009651260504201681,0.7792979524711761,0.38051238071988636,0.4196312080370246,69
chr22,3607937,-0.0012683691756272407,1.2191293302801751,0.2736023241457297,0.5628802177729065,67
chr22,3666922,-0.0013406926406926412,1.4396093521391504,0.23449194811433396,0.6298720653137182,68
chr22,3681865,0.0006617647058823529,0.371859436298376,0.5440862820784809,0.26433222372232984,68
chr22,3682030,-0.0012444444444444439,1.2944282506695937,0.25916878037977464,0.5864173150136012,71
chr22,3744159,-0.0009864433811802228,0.8038157931680969,0.37307237489192824,0.4282069082257938,71
chr22,3757840,0.0010074106364428945,0.7734895794886082,0.3823306876851287,0.4175608420347637,68
chr22,3758208,-0.0008061403508771926,0.5017617960055553,0.4812213910033092,0.3176550758703901,68
chr22,3763996,0.0009864433811802226,0.8038157931680944,0.37307237489192824,0.4282069082257938,71
chr22,3764608,-0.0009116071428571425,0.7147378741608084,0.4009768035798096,0.39688075049371935,67
chr22,3767886,-0.0005444444444444442,0.23180189946348306,0.6318331201362397,0.19939761249955185,66
chr22,3780573,0.0006255411255411254,0.3263744731837026,0.5697421451759132,0.24432165356359795,68
chr22,3866309,0.001015693112467306,0.7939901148920525,0.3761332433336484,0.42465828115259896,68
chr22,3877235,0.0012757352941176472,1.2006503244221436,0.277298018873287,0.5570532331825888,66
chr22,3877446,0.0010486111111111102,0.8399822499574362,0.36273866680756983,0.4404061475182709,68
chr22,3881260,0.0009864433811802226,0.8038157931680944,0.37307237489192824,0.4282069082257938,71
chr22,3902791,0.0009388794567062814,0.693104366583592,0.40806824613229975,0.3892671985765528,69
chr22,3920063,-0.0009432565789473684,0.7155101002222195,0.4005874272956881,0.3973026854513074,70
chr22,3923361,-0.0006537828947368422,0.3562305787270475,0.5525892302837818,0.25759758354166357,70
chr22,3937868,0.0007888888888888887,0.47623187785398713,0.49262907326117356,0.30747996118487875,66
chr22,4022875,-0.0007374999999999997,0.42985167864088814,0.5142738846588251,0.28880552902624235,70
chr22,4038409,-0.0006956162117452443,0.3850299074981638,0.5369977043662009,0.270027570880002,70
chr22,4044024,0.0006956162117452443,0.3850299074981638,0.5369977043662009,0.270027570880002,70
chr22,4069467,0.0010076576576576576,0.8005429120035191,0.3742323550387725,0.426858667377558,67
chr22,4096492,0.0007417998317914216,0.4354877859032221,0.5115374512516436,0.2911225647347855,70
chr22,4109867,-0.0004864864864864864,0.18255897057919393,0.6706400738095746,0.1735104990515808,65
chr22,4134613,0.0010935897435897439,0.9404798658266456,0.33564243223761625,0.47412314044836035,69
chr22,4142285,-0.0011900756938603865,1.1678517625558291,0.28366096581051514,0.5472004227499312,70
chr22,4142398,-0.0011894599303135895,1.1259345632474547,0.2924542300028507,0.5339420927017158,69
chr22,4166717,0.0010038461538461538,0.7806712600568522,0.3800954077023472,0.42010737749391813,69
chr22,4182769,0.0009583333333333331,0.7276937940900864,0.39662656694817244,0.40161819912575647,70
chr22,4182773,0.0009583333333333331,0.7276937940900864,0.39662656694817244,0.40161819912575647,70
chr22,4206669,0.000970833333333333,0.7483427773553494,0.3900430619006634,0.40888744293901985,70
chr22,4308395,0.0007306451612903223,0.4337513588980981,0.5123456496909555,0.29043694702110123,71
chr22,4382097,0.00027083333333333294,0.05765409828729387,0.8109652806984206,0.0909977385432922,70
chr22,4392072,-0.00038750000000000004,0.11751990346348176,0.7327975587218869,0.1350159861679617,70
chr22,4407495,0.0010638211382113826,0.9184802683527677,0.34122045426405767,0.4669649431910388,71
chr22,4417998,0.0010751915708812263,0.8632663750130204,0.3563726289831254,0.44809565911909,65
chr22,4425143,-0.0009807881773399015,0.7549786570093509,0.38825572021249233,0.4108821370458424,64
chr22,4448394,0.0008180314309346565,0.5309488718792077,0.46871031331776436,0.3290954903293363,70
chr22,4448702,0.0005557432432432436,0.213801511265279,0.6455047259774791,0.1901005737563102,61
chr22,4448712,0.000451388888888889,0.13877994840704597,0.7108547891768467,0.14821910630263585,60
chr22,4448776,0.0005557432432432436,0.213801511265279,0.6455047259774791,0.1901005737563102,61
chr22,4529374,0.0009628205128205129,0.7253706456411151,0.3974218433023896,0.40074826665501423,69
chr23,11144,-0.0005516129032258064,0.23434694538207312,0.6299716546460223,0.2006789910349313,66
chr23,139911,-0.0013752122241086587,1.50995709788243,0.22344419639065913,0.650830920968913,69
chr23,195890,0.001313701923076924,1.4315651065780568,0.2356042658224795,0.6278168505301319,71
chr23,196109,-0.0013137019230769237,1.4315651065780568,0.2356042658224795,0.6278168505301319,71
chr23,198791,0.0016195054945054943,2.024571099924841,0.1595544662093028,0.7970910346362001,67
chr23,198851,-0.0016195054945054943,2.024571099924841,0.1595544662093028,0.7970910346362001,67
chr23,198859,-0.0016195054945054943,2.024571099924841,0.1595544662093028,0.7970910346362001,67
chr23,198874,-0.0016195054945054943,2.024571099924841,0.1595544662093028,0.7970910346362001,67
chr23,203859,-0.0013225806451612906,1.3810666140032934,0.24407905350806391,0.6124694894734092,69
chr23,203864,-0.0013225806451612906,1.3810666140032934,0.24407905350806391,0.6124694894734092,69
chr23,203889,-0.0013225806451612906,1.3810666140032934,0.24407905350806391,0.6124694894734092,69
chr23,264717,-0.0019222972972972963,3.001867934614811,0.08776967737087026,1.0566554980466025,69
chr23,264741,0.0019222972972972963,3.001867934614811,0.08776967737087026,1.0566554980466025,69
chr23,276568,0.001779411764705883,2.786397688541328,0.09980487749235673,1.000848234100855,68
chr23,277267,-0.0021212121212121214,3.670884594224443,0.059839731760572404,1.223010361921074,66
chr23,283184,0.0014248084291187742,1.542708702535538,0.21881899217379683,0.6599149865510291,65
chr23,283213,0.0014248084291187742,1.542708702535538,0.21881899217379683,0.6599149865510291,65
chr23,292048,-0.0019188804554079696,2.854160055152333,0.09608141727775855,1.0173605993669097,65
chr23,292127,-0.0019188804554079696,2.854160055152333,0.09608141727775855,1.0173605993669097,65
chr23,314261,0.0020178855325914155,3.5049078795370145,0.06542555646097387,1.1842525748875063,71
chr23,325526,0.001945982142857143,3.099288436619972,0.08303061909258014,1.0807617238798448,67
chr23,340373,0.0011189075630252102,1.0848085221956436,0.30136816954462614,0.5209026197092864,69
chr23,352522,-0.0012974789915966376,1.3986707192497867,0.24112617601635972,0.617755641209458,69
chr23,362783,-0.0013428571428571428,1.5402251707237027,0.218848724492601,0.65985598022491,70
chr23,467342,-0.001256756756756757,1.2812928826836951,0.261754716289482,0.5821054844722557,68
chr23,467401,-0.001256756756756757,1.2812928826836951,0.261754716289482,0.5821054844722557,68
chr23,470146,0.0012567567567567572,1.2812928826836951,0.261754716289482,0.5821054844722557,68
chr23,470180,0.0012567567567567572,1.2812928826836951,0.261754716289482,0.5821054844722557,68
chr23,492823,0.0014222222222222223,1.5639466693314732,0.21564121048837376,0.6662682389517968,66
chr23,517709,-0.0014757085020242911,1.6539266760258877,0.20320754337102104,0.6920601744215693,64
chr23,558758,0.0015598290598290592,1.852545511905186,0.17826099902576456,0.748943663895038,66
chr23,558845,-0.0015598290598290594,1.852545511905186,0.17826099902576456,0.748943663895038,66
chr23,581529,-0.001974358974358974,2.791342605998898,0.09973594897957813,1.0011482756960064,65
chr23,581578,-0.0017051282051282052,2.072034034078816,0.15505135837758852,0.809524424632673,64
chr23,581584,-0.0017051282051282052,2.072034034078816,0.15505135837758852,0.809524424632673,64
chr23,586457,-0.001476016260162601,1.7901766977178815,0.1852975869080538,0.7321302363710129,71
chr23,586463,-0.001476016260162601,1.7901766977178815,0.1852975869080538,0.7321302363710129,71
chr23,706967,-0.0012237174095878892,1.2360290892193542,0.27015302561246685,0.5683901641623923,70
chr23,707000,-0.0011685344827586206,1.103044803904952,0.2973724196832659,0.5266993133352776,69
chr23,709009,-0.00165475189234651,2.2164298003374583,0.14117184037963865,0.8502519235913925,70
chr23,711131,-0.0012748257839721258,1.2965871850295407,0.2588926658430147,0.5868802524968552,69
chr23,711137,-0.0012748257839721258,1.2965871850295407,0.2588926658430147,0.5868802524968552,69
chr23,711657,-0.00110787037037037,0.9878687739763938,0.3239495230715127,0.4895226550999256,67
chr23,714064,-0.0012643678160919544,1.271617111185965,0.2635463854494017,0.5791429357766434,68
chr23,714275,-0.0015331564986737398,1.8359855616108711,0.18004198348383924,0.7446262111782305,68
chr23,769408,0.0010134408602150537,0.7889453364282917,0.3776943742010389,0.42285948398804624,67
chr23,769409,0.000968202764976959,0.7010371232201282,0.40555118966011927,0.39195432028436317,66
chr23,809236,0.0010701830863121184,0.8759160150417463,0.3527346323571525,0.45255189813455515,68
chr23,1095792,-7.97619047619047e-05,0.00522010251719716,0.942611757302487,0.02566714753867099,71
chr23,1095805,-7.97619047619047e-05,0.00522010251719716,0.942611757302487,0.02566714753867099,71
chr23,1232362,-0.0007465277777777777,0.4492238029349267,0.5050422761511699,0.2966722663750129,68
chr23,1270538,0.00048018018018018016,0.17638304072122976,0.6758852406664335,0.17012703715927427,67
chr23,1352210,-0.0003107869142351904,0.0758785826697562,0.7838229239696624,0.1057820391381644,68
chr23,1515249,-0.0014904214559386985,0.8101539980899026,0.37139740687445577,0.4301611328634604,67
chr23,1515310,0.0003525437201907794,0.10196062413850544,0.7504541077434551,0.12467586086664859,71
chr23,1530201,-0.0004255050505050511,0.14107703651348089,0.7083991962267353,0.14972194024663196,69
chr23,1534446,-0.00044389844389844423,0.15782156418484755,0.6924143580249422,0.15963393509711798,70
chr23,1557026,8.564814814814813e-05,0.005473018453175398,0.9412854311739391,0.026278663090077727,59
chr23,1565034,-0.00017287014061207577,0.023653420784048224,0.8782255671431493,0.05639392374773252,70
chr23,1565038,-0.00017287014061207577,0.023653420784048224,0.8782255671431493,0.05639392374773252,70
chr23,1570458,0.0003904761904761904,0.12467874646665192,0.7251931415290794,0.13954631187128902,65
chr23,1570522,-0.00020805921052631575,0.034467055826206315,0.8532695251467062,0.06891376508688214,70
chr23,1570580,-0.00020805921052631575,0.034467055826206315,0.8532695251467062,0.06891376508688214,70
chr23,1570707,-0.00020805921052631575,0.034467055826206315,0.8532695251467062,0.06891376508688214,70
chr23,1622610,0.0001439205955334984,0.01639281450399641,0.8984996287170663,0.046482098016512804,70
chr23,1684098,9.634974533106993e-05,0.007171750940389778,0.9327634168346947,0.03022849536634461,69
chr23,1703853,0.0002626126126126126,0.052928999121093945,0.818765284788121,0.08684057947383708,67
chr23,1739283,9.583333333333334e-05,0.007213352361995889,0.9325654445212364,0.03032068102369287,70
chr23,1739320,-9.583333333333332e-05,0.007213352361995889,0.9325654445212364,0.03032068102369287,70
chr23,1739475,-0.00018669354838709667,0.028154127561015017,0.8672378094567992,0.06186179621101478,71
chr23,1791691,0.0007453007518796995,0.43091757577941886,0.5138924657709418,0.2891277495031737,66
chr23,1878501,0.0002398132427843808,0.04437067931315421,0.8338047984704899,0.07893560987743685,69
chr23,1880590,0.00011762360446570962,0.011299057403012507,0.9156551322069724,0.03826806604946248,71
chr23,1955825,-0.00016994266994266988,0.023256564871543928,0.8792433740819952,0.055890895812236434,70
chr23,1955827,-0.00016994266994266988,0.023256564871543928,0.8792433740819952,0.055890895812236434,70
chr23,1955852,-0.00016994266994266988,0.023256564871543928,0.8792433740819952,0.055890895812236434,70
chr23,2021086,0.00016792929292929292,0.022007764645643135,0.8825120300333783,0.054279365779795884,69
chr23,2021112,-0.00016792929292929292,0.022007764645643135,0.8825120300333783,0.054279365779795884,69
chr23,2021133,-0.00016792929292929292,0.022007764645643135,0.8825120300333783,0.054279365779795884,69
chr23,2097977,-0.0005568181818181817,0.2552099378546236,0.6150880552821769,0.211062706686881,69
chr23,2099724,-0.00010073710073710055,0.008110040030616907,0.9285076392635687,0.0322145187671027,70
chr23,2101594,0.00018362480127186013,0.027631330524673932,0.868464643149698,0.061247857812796055,71
chr23,2103293,0.00018362480127186013,0.027631330524673932,0.868464643149698,0.061247857812796055,71
chr23,2103439,-0.00010073710073710055,0.008110040030616907,0.9285076392635687,0.0322145187671027,70
chr23,2103447,-0.00010073710073710055,0.008110040030616907,0.9285076392635687,0.0322145187671027,70
chr23,2103692,-0.00021180555555555574,0.035603696094693195,0.8509152570442848,0.07011368930509278,68
chr23,2115401,2.3923444976076546e-05,0.000467339525710008,0.9828150399723306,0.007528206153074786,71
chr23,2139470,0.0005862903225806451,0.2786648259513812,0.599271255874243,0.22237655279672874,71
chr23,2139476,0.0005862903225806451,0.2786648259513812,0.599271255874243,0.22237655279672874,71
chr23,2158333,-0.0005862903225806451,0.2786648259513812,0.599271255874243,0.22237655279672874,71
chr23,2179357,-0.001129741379310345,0.9931793074246189,0.3225522757165665,0.4913998896630931,69
chr23,2215716,-0.0012815614617940195,1.3121123367635834,0.2559700121232213,0.5918109109860409,71
chr23,2226782,0.00128156146179402,1.3121123367635867,0.2559700121232213,0.5918109109860409,71
chr23,2236198,-0.0012815614617940195,1.3121123367635834,0.2559700121232213,0.5918109109860409,71
chr23,2246264,-0.0012962962962962963,1.2826341661223772,0.2615075639864743,0.5825157448461219,68
chr23,2282257,0.0017047038327526142,2.4789069700085102,0.12009300812022784,0.9204822767202897,69
chr23,2384766,-0.001673076923076923,2.277243279021723,0.13598662602278364,0.8665038014100079,69
chr23,2401525,0.0015756756756756753,1.911336058506327,0.17154678429833206,0.7656174185263696,67
chr23,2401645,0.0015756756756756753,1.911336058506327,0.17154678429833206,0.7656174185263696,67
chr24,115684,-0.000214285714285714,0.035638531013692895,0.8508707442062868,0.07013640858931135,65
chr24,167103,1.8939393939394078e-05,0.00028398473591934823,0.9866048908529796,0.0058567359596305955,69
chr24,221458,0.00021450304259634895,0.030923857185109187,0.860992848551913,0.06500045580225737,63
chr24,438467,0.0007405405405405403,0.4240991266260558,0.5171945128040898,0.2863460914319113,67
chr24,438587,0.0007405405405405403,0.4240991266260558,0.5171945128040898,0.2863460914319113,67
chr24,442029,-0.0003853681267474369,0.11797825007326901,0.7323634880740781,0.13527331554895655,66
chr24,477901,0.0008697916666666662,0.5905336822622743,0.444953875224957,0.35168500648762674,68
chr24,499357,0.0007518610421836228,0.45024010235135825,0.5044938531233918,0.2971441209451184,70
chr24,499630,0.0007518610421836228,0.45024010235135825,0.5044938531233918,0.2971441209451184,70
chr24,499708,0.0007518610421836228,0.45024010235135825,0.5044938531233918,0.2971441209451184,70
chr24,543755,0.0011138411138411142,1.0487460959008874,0.30942544401978445,0.5094439771814182,70
chr24,546999,0.0012483108108108105,1.2944070987214413,0.25928963618599765,0.5862148416463175,69
chr24,547168,0.0012673611111111108,1.3395311637118417,0.25128820449925376,0.5998278967680053,68
chr24,548719,0.0007911547911547915,0.50924534598,0.47790788477699675,0.3206558042000839,70
chr24,548973,0.0011302083333333329,1.040436385013223,0.31144448256459606,0.5066193585223016,68
chr24,577240,-0.0014285714285714275,1.5784298504373002,0.21377723386169464,0.6700385467169935,63
chr24,654632,-0.001092857142857143,0.8645101497802627,0.3560287339276633,0.4485149501095834,65
chr24,665819,-0.0015503978779840854,1.8877709837573844,0.17410196907297312,0.759196317034933,68
chr24,665869,-0.0012279202279202278,1.1472953977534481,0.28813878810628724,0.540398274775337,66
chr24,693571,-0.0011996527777777778,1.1595219451985512,0.28548502863135733,0.5444166620355522,68
chr24,693587,0.0011996527777777778,1.1595219451985512,0.28548502863135733,0.5444166620355522,68
chr24,773387,0.0010139802631578955,0.8281835877221254,0.36601282543156677,0.4365036962543131,70
chr24,786041,-0.001203547297297297,1.1985641689858633,0.27752895581481174,0.556691698326717,69
chr24,824875,-0.0011674710424710425,1.0647851161405897,0.3060715013407617,0.5141771061643128,65
chr24,848301,0.0006916666666666665,0.3777963626216666,0.5408362544821261,0.2669342035424011,70
chr24,877141,-0.000764519056261343,0.44378631064026103,0.5076581248081128,0.2944286587636157,67
chr24,882848,0.000721794871794872,0.4084985903698731,0.5249117063776321,0.2799137416564786,69
chr24,883119,-0.0008717948717948713,0.5652887676827365,0.45485104901059104,0.34213079935051455,67
chr24,883178,-0.0006993810786914236,0.3706873905979293,0.5447197865422946,0.26382684901535325,68
chr24,886546,-0.0006192982456140353,0.2921595069441495,0.5906594700819466,0.22866282857281647,68
chr24,902316,-0.0006916666666666664,0.3777963626216666,0.5408362544821261,0.2669342035424011,70
chr24,929621,-0.0007108013937282236,0.3866683169192155,0.5361661755770474,0.27070058726397306,69
chr24,929697,-0.0007108013937282236,0.3866683169192155,0.5361661755770474,0.27070058726397306,69
chr24,952812,-0.000543313708999159,0.23047792097334868,0.6327104199167959,0.19879501321731213,70
chr24,978128,0.0008465517241379308,0.5504046331450074,0.46074525962850843,0.3365391243189189,69
chr24,978251,0.000675225225225225,0.3372287159773965,0.5634412994623501,0.24915132300299386,67
chr24,1009502,-0.0015779727095516568,1.8548592979581573,0.17806948315268595,0.7494105018392706,65
chr24,1013571,-0.0009249999999999998,0.6786631641106277,0.4129275344432677,0.3841261569458921,70
chr24,1013608,-0.0009749999999999997,0.7604962720770979,0.3862420409132338,0.41314045675306976,70
chr24,1119770,0.0012748397435897445,1.3464918418039002,0.24989154172362513,0.6022484435331068,71
chr24,1119783,0.0012748397435897445,1.3464918418039002,0.24989154172362513,0.6022484435331068,71
chr24,1171704,-0.0014877192982456144,1.7296390189546553,0.1930080414960955,0.7144245961496033,68
chr24,1175378,-0.0015269230769230772,1.8519342561207013,0.17811870823523995,0.7492904631497384,69
chr24,1187329,-0.0013887510339123245,1.561021098421149,0.2157993015708538,0.6659499652342714,70
chr24,1187628,0.0015410231660231664,1.748085682887391,0.19089794562711598,0.7191987452973131,65
chr24,1226279,-0.0012262423714036615,1.1715568443443678,0.2830203451636538,0.5481823437169947,68
chr24,1396546,-0.002125,3.255527440662877,0.07612032383566211,1.118499372779369,63
chr24,1397126,0.0018565823888404527,2.796718616883751,0.09919202504739856,1.003523243341132,68
chr24,1425448,-0.0018565823888404543,2.796718616883761,0.09919202504739753,1.0035232433411365,68
chr24,1437170,-0.002358620689655172,5.017457086737453,0.0286875893825904,1.5423059439751232,64
chr24,1473788,0.001719298245614035,2.307687686845851,0.13351160945659216,0.8744809687284684,68
chr24,1480925,0.0016203473945409432,2.142859877245664,0.14784228922920106,0.8302013213410101,70
chr24,1522109,-0.001801656495204883,2.709050543508759,0.10453472526848194,0.9807394178080635,68
chr24,1522232,-0.001801656495204883,2.709050543508759,0.10453472526848194,0.9807394178080635,68
chr24,1579828,-0.0013171452702702704,1.387052286681104,0.2430700253036359,0.6142685938010751,69
chr24,1579856,-0.0015607638888888887,2.004320421680372,0.16155343952925733,0.7916837912664222,68
chr24,1683660,0.002137152777777777,3.70915816234098,0.05842391612364231,1.2334093358614964,68
chr24,1727644,-0.001419856459330143,1.686388854776078,0.19840104924519922,0.7024560354066625,71
chr24,1727841,-0.001419856459330143,1.686388854776078,0.19840104924519922,0.7024560354066625,71
chr24,1727892,-0.001419856459330143,1.686388854776078,0.19840104924519922,0.7024560354066625,71
chr24,1732398,-0.0016584766584766596,2.3695821596639153,0.12836090949781956,0.8915672143835996,70
chr24,1782357,0.0015320723684210534,1.920727735601511,0.17030480332508063,0.7687731028996471,70
chr24,1782366,0.0015320723684210534,1.920727735601511,0.17030480332508063,0.7687731028996471,70
chr24,1782374,-0.0015320723684210532,1.920727735601511,0.17030480332508063,0.7687731028996471,70
chr24,1851196,-0.0017706925675675673,2.643657387768859,0.10865886123467594,0.9639348507663873,69
chr24,1855784,-0.0013656250000000003,1.452189214110669,0.2325460706893338,0.6334909943264361,67
chr24,1875578,-0.001360176282051283,1.5369406897970306,0.219273598956282,0.6590136552254934,71
chr24,1875812,-0.001360176282051283,1.5369406897970306,0.219273598956282,0.6590136552254934,71
chr24,1875879,-0.0008194444444444447,0.4746602427162396,0.4934632678542479,0.306745169563601,63
chr24,1894079,-0.0014755996691480566,1.7676038539895678,0.18812194687414932,0.7255605353888283,70
chr24,2000647,-0.0014755996691480566,1.7676038539895678,0.18812194687414932,0.7255605353888283,70
chr24,2008154,-0.0020284313725490205,3.301863658766036,0.07403481587181171,1.1305639993882024,64
chr24,2008189,-0.0020284313725490205,3.301863658766036,0.07403481587181171,1.1305639993882024,64
chr24,2012951,-0.001523986765922251,1.9030600364962234,0.17225604587681234,0.7638255261990953,70
chr24,2013530,-0.0016487179487179489,2.176524220428184,0.14481472193266062,0.8391872853134886,69
chr24,2068012,0.002305501930501931,4.341712751819408,0.04125186477783798,1.3845564145220577,65
chr24,2146222,0.001675,2.116703569692715,0.15051229717499637,0.8224280158371213,67
chr24,2148638,0.0018163919413919406,2.567381205739383,0.11393719755843942,0.94333446681609,67
chr24,2179620,0.0020310185185185184,3.2582762242155696,0.07569557066604442,1.1209295325418713,67
chr24,2179662,0.0020310185185185184,3.2582762242155696,0.07569557066604442,1.1209295325418713,67
chr24,2179666,0.0020310185185185184,3.2582762242155696,0.07569557066604442,1.1209295325418713,67
chr24,2285816,-0.0018205574912891994,2.73350957797378,0.10294168430493017,0.9874087302149264,69
chr24,2285950,-0.0019634146341463415,3.0998223772934996,0.08293342156040145,1.0812704166851042,68
chr24,2355438,-0.0017243386243386235,2.0877729812955863,0.1536849482109488,0.8133686648947067,62
chr24,2355446,-0.0017243386243386235,2.0877729812955863,0.1536849482109488,0.8133686648947067,62
chr24,2355462,-0.0017243386243386235,2.0877729812955863,0.1536849482109488,0.8133686648947067,62
chr24,2355479,-0.0017243386243386235,2.0877729812955863,0.1536849482109488,0.8133686648947067,62
chr24,2356808,0.0018205574912891994,2.73350957797378,0.10294168430493017,0.9874087302149264,69
chr24,2435108,0.0014871794871794868,1.6885999770748974,0.19830641020425482,0.7026632471091675,68
chr24,2452509,-0.0010143518518518518,0.7800092116357135,0.3803931668029973,0.4197672931184468,67
chr24,2513821,-0.0008143631436314367,0.5106602320353888,0.4773731975469352,0.32114196841312226,68
chr24,2513848,-0.0008143631436314367,0.5106602320353888,0.4773731975469352,0.32114196841312226,68
chr24,2514136,0.0005710594315245478,0.24868917671769133,0.6196089400316787,0.207882324646828,70
chr24,2547363,-0.00012916666666666719,0.013039892516868348,0.909421814966666,0.041234632266369475,70
chr24,2547414,-0.00012916666666666719,0.013039892516868348,0.909421814966666,0.041234632266369475,70
chr24,2573843,-4.258241758241743e-05,0.001375813933307002,0.9705253600317745,0.012993111921199148,67
chr24,2673373,-8.750000000000031e-05,0.006076931915382422,0.9380930372663199,0.0277540874549911,70
chr24,2713983,0.000957957957957958,0.7071501136966837,0.4036231117792599,0.394023973676897,64
chr24,2734437,-1.2820512820510874e-06,1.258675018357908e-06,0.9991081817977217,0.0003874845326833171,69
chr24,2740512,0.0006127819548872183,0.27868565075975976,0.5993896183119861,0.22229078349391668,66
chr24,2745854,-0.00024894869638351555,0.048259889656280766,0.8267774713428978,0.08261136586763862,70
chr24,2745889,-0.00014837398373983748,0.017636654949315097,0.8947356645651625,0.04830525113870707,71
chr24,2775586,-7.820512820512818e-05,0.0046994900018377285,0.9455497517176911,0.02431561507065321,69
chr24,2775601,-7.820512820512818e-05,0.0046994900018377285,0.9455497517176911,0.02431561507065321,69
chr24,2775602,-7.820512820512818e-05,0.0046994900018377285,0.9455497517176911,0.02431561507065321,69
chr24,2775624,-7.820512820512818e-05,0.0046994900018377285,0.9455497517176911,0.02431561507065321,69
chr24,2775633,1.695616211745237e-05,0.0002270880336240262,0.9880209081644266,0.005233864922129593,70
chr24,2775772,-1.695616211745237e-05,0.0002270880336240262,0.9880209081644266,0.005233864922129593,70
chr24,2777766,1.754385964912297e-05,0.0002516816433133426,0.9873903698950459,0.0055111128080380205,68
chr24,2788090,9.457236842105262e-05,0.007416018211755116,0.9316270293088625,0.03075791976230349,70
chr24,2815527,-4.055299539170534e-05,0.0012428790171369684,0.9719865410987323,0.012339748620043332,66
chr24,2849605,-0.00012417763157894694,0.012252083302136051,0.9121889165702124,0.03991520890021088,70
chr24,2865373,0.00020654121863799326,0.03273485135221518,0.8569872502915604,0.067025639184398,67
chr24,2970298,9.762308998301957e-06,7.485413522951465e-05,0.9931226358632607,0.002997119288960515,69
chr24,3084304,-0.000620833333333333,0.3040503376405856,0.5831617379983252,0.23421097838231905,70
chr24,3105246,-0.0003308270676691727,0.09033587488192611,0.7647247950522983,0.11649482823683713,66
chr24,3131651,0.0012603448275862066,1.239835210339565,0.2694816247223719,0.5694708429215796,69
chr24,3132298,0.0010534062237174094,0.8811330810030452,0.3512138500326698,0.4544283661310796,70
chr24,3132582,-0.0012522893772893772,1.1429717787999008,0.2889794883405947,0.5391329822145033,67
chr24,3238955,0.0014020979020979013,1.4967415712649947,0.22539602726190489,0.6470537429191834,70
chr24,3283624,0.001203636363636364,1.0730776319998772,0.30397571960643077,0.5171611047533341,69
chr24,3289443,-0.001136686991869919,0.9121119602099627,0.34320504581071554,0.46444633576610134,65
chr24,3388206,-0.0015487804878048786,1.8215281432426105,0.18174272484478723,0.7405429649146004,68
chr24,3466421,-0.0015641025641025636,1.878785541222384,0.17526046115743804,0.7563160498956474,66
chr24,3493462,-0.0017836617405582924,2.619003408770611,0.11015326817836273,0.9580026130772358,71
chr24,3500537,-0.0016711833785004516,2.1229642390886756,0.14984698826584167,0.8243519813981509,68
chr24,3562316,0.0012979487179487178,1.263139636495273,0.26539044031595466,0.5761147250013635,64
chr24,3565571,0.0019391025641025642,2.5534800654943592,0.11521927776816365,0.9384748513997564,63
chr24,3565632,-0.0019391025641025642,2.5534800654943592,0.11521927776816365,0.9384748513997564,63
chr24,3588373,-0.0019464285714285718,3.0801502125469398,0.08375732689927644,1.0769771915419504,70
chr24,3599008,0.0019378306878306874,2.9303122123693854,0.09155630113262236,1.0383117611060588,69
chr24,3609811,-0.0018009259259259254,2.353996020135472,0.13013300604246253,0.885612537995484,63
chr24,3609844,-0.0018009259259259254,2.353996020135472,0.13013300604246253,0.885612537995484,63
chr24,3662853,0.001475562072336266,1.7910778185496445,0.18568236433272414,0.7312293425536568,64
chr24,3694321,0.001416118421052632,1.6304924145941386,0.20597814144583557,0.6861788648402782,70
chr24,3790442,0.0014416666666666657,1.748447852175266,0.19043848556500892,0.7202452808489395,71
chr24,3891379,0.001514285714285714,1.8894307334685208,0.17377919352390891,0.7600022225863065,70
chr25,5932,0.0004913151364764264,0.1915335151847529,0.6630302828145559,0.17846663545810262,70
chr25,21585,-1.6666666666667176e-05,0.00021976406065810992,0.988215649723097,0.0051482727552769085,70
chr25,34120,0.0002777777777777781,0.05557718313322134,0.8144051290325872,0.08915949986053871,64
chr25,34135,0.0002777777777777781,0.05557718313322134,0.8144051290325872,0.08915949986053871,64
chr25,47210,3.292682926829224e-05,0.0008683503816548122,0.9765765789410228,0.010293695532793747,71
chr25,102140,-2.3237179487179268e-05,0.00043880217479337115,0.9833479099545186,0.007292800945677394,71
chr25,115594,0.00012613730355665848,0.012684428730282353,0.9106595523844689,0.04064395250544916,70
chr25,169038,0.00017763157894736843,0.02306278945268882,0.8797716217700405,0.05563005089228536,66
chr25,176859,-5.810810810810816e-05,0.002584760898379796,0.9596084966675705,0.01790591531080978,67
chr25,191385,-0.00017927631578947348,0.025587004375464194,0.8733872779266589,0.05879313845829066,70
chr25,191493,-0.00017927631578947348,0.025587004375464194,0.8733872779266589,0.05879313845829066,70
chr25,290639,0.00016486486486486476,0.02071273184089487,0.8860095598895829,0.052561592125483426,67
chr25,308610,-0.0005575414123801223,0.23721877430291838,0.6278358295647696,0.20215390345239645,68
chr25,312426,-0.0007278225806451612,0.37213475658271994,0.5441088704038228,0.2643141938955465,63
chr25,380365,-0.00017916666666666672,0.025334692501610776,0.8740077283046915,0.058484727153648615,70
chr25,380366,-0.00017916666666666672,0.025334692501610776,0.8740077283046915,0.058484727153648615,70
chr25,380378,-0.00025512820512820525,0.05037237347464459,0.8230996255365579,0.08454759589072616,69
chr25,380382,-0.00025512820512820525,0.05037237347464459,0.8230996255365579,0.08454759589072616,69
chr25,380396,-0.0001763925729442975,0.02335181269040901,0.8790119745104144,0.056005208625461184,68
chr25,406261,-4.094827586206917e-05,0.0012823780033410666,0.9715400946429052,0.012539271726210836,69
chr25,407549,-8.252032520325234e-05,0.0054543864038915785,0.9413403901286885,0.026253306621983507,71
chr25,407620,-0.00015416666666666676,0.018670591772240203,0.8917188057859149,0.04977207426547202,70
chr25,462961,-0.0002465517241379307,0.048344570471457404,0.8266378404225376,0.0826847182043784,69
chr25,462988,-0.00014014146772767437,0.015414501791810573,0.9015697854003919,0.04500065136940522,68
chr25,467492,-0.00033214285714285713,0.08503128191695097,0.7715060847073424,0.11266064439746011,68
chr25,467646,-0.0003967770034843206,0.12383169149639282,0.7260196974202411,0.13905159642818057,69
chr25,480987,7.569386038687963e-05,0.004645090189005329,0.9458623412368924,0.024172065280492098,70
chr25,483591,-0.00034137931034482763,0.09041038007930807,0.7645871723858191,0.11657299249118243,69
chr25,494072,-0.0005009259259259261,0.19098228811523657,0.6635487711773831,0.17812715075766905,67
chr25,497154,0.00012233169129720868,0.011870924919758627,0.9135553917792922,0.039265114852474366,71
chr25,497262,-0.00012233169129720868,0.011870924919758627,0.9135553917792922,0.039265114852474366,71
chr25,634257,0.00019259882253995,0.028876871754554917,0.8655682003966731,0.06269870723511947,70
chr25,672254,0.0006600353669319189,0.33967651751397854,0.5620020659022243,0.250262087974912,68
chr25,701183,-0.0007020161290322584,0.4002324516067558,0.5290602426162407,0.27649487324610683,71
chr25,701228,-0.0007020161290322584,0.4002324516067558,0.5290602426162407,0.27649487324610683,71
chr25,702871,-0.0007824648469809762,0.4879076227047296,0.48724419161165666,0.31225332935973393,70
chr25,736423,0.0007020161290322584,0.4002324516067558,0.5290602426162407,0.27649487324610683,71
chr25,781749,0.0007824648469809762,0.4879076227047296,0.48724419161165666,0.31225332935973393,70
chr25,786538,-0.0007020161290322584,0.4002324516067558,0.5290602426162407,0.27649487324610683,71
chr25,786569,-0.0007824648469809762,0.4879076227047296,0.48724419161165666,0.31225332935973393,70
chr25,797777,0.0007824648469809762,0.4879076227047296,0.48724419161165666,0.31225332935973393,70
chr25,801417,0.0007262808349146111,0.4186204049291106,0.5199767663087798,0.2840160611523456,65
chr25,801432,0.0007262808349146111,0.4186204049291106,0.5199767663087798,0.2840160611523456,65
chr25,814494,0.0010648148148148149,0.8279613814734119,0.36644415319492085,0.435992203307599,63
chr25,826925,0.0007696443341604634,0.4711034080997613,0.4948138187790735,0.30555818023189035,70
chr25,874594,-0.0007020161290322584,0.4002324516067558,0.5290602426162407,0.27649487324610683,71
chr25,874653,0.0007020161290322584,0.4002324516067558,0.5290602426162407,0.27649487324610683,71
chr25,887972,0.0007541666666666672,0.46855381164740373,0.49597968684691995,0.30453610994315583,70
chr25,906994,-0.001597097097097097,2.0610444897972413,0.15613272168460446,0.8065060696612762,64
chr25,919039,-0.001110421836228288,0.9972444874186377,0.32151858047062454,0.49279392425548285,70
chr25,928816,-0.0008958333333333334,0.6374999569023833,0.4273973292457458,0.3691681960171977,70
chr25,928944,-0.0010051282051282053,0.792206443137817,0.3766186520988829,0.42409817528316684,69
chr25,948961,0.001233217088055798,1.2373607837102902,0.27001565874101324,0.5686110495164777,68
chr25,955439,-0.0012212121212121215,1.1836869288379632,0.28056379239004453,0.5519683767140284,68
chr25,981418,-0.0009472128378378375,0.7058382374109121,0.4038169990039795,0.39381540302923873,69
chr25,1032880,0.0012584033613445374,1.266036984654587,0.26452612227975086,0.5775314343971225,69
chr25,1062280,0.001222222222222222,1.097315311520496,0.29898899426469205,0.5243447976892258,63
chr25,1065840,0.0012922201138519922,1.1972039780669914,0.278047084772447,0.5558816539907021,65
chr25,1065956,0.0012922201138519922,1.1972039780669914,0.278047084772447,0.5558816539907021,65
chr25,1094697,-0.0011947415329768274,1.0979888582692445,0.29858865361599746,0.5249266995098097,67
chr25,1127139,0.0013737373737373734,1.5197273096848813,0.22196891025104307,0.6537078501076855,69
chr25,1132872,0.0012837837837837845,1.3769894258887405,0.24464938342129505,0.6114558744352779,71
chr25,1132923,0.0012837837837837845,1.3769894258887405,0.24464938342129505,0.6114558744352779,71
chr25,1132960,0.0012837837837837845,1.3769894258887405,0.24464938342129505,0.6114558744352779,71
chr25,1226227,-0.001425347222222222,1.5889072276987635,0.2119205821027988,0.6738268617904488,68
chr25,1261995,-0.001095054945054945,0.7845518632858486,0.3793485629085841,0.42096155684059966,61
chr25,1318741,-0.0012216905901116424,1.240634716335693,0.26921376937928465,0.5699027311772124,71
chr25,1394768,-0.0015067567567567572,1.8396670112063773,0.17954318740435055,0.7458310691167401,69
chr25,1401469,0.0024032258064516122,4.805566835793142,0.03195501272669063,1.4954610051493664,67
chr25,1401502,0.0024032258064516122,4.805566835793142,0.03195501272669063,1.4954610051493664,67
chr25,1401637,0.001989268680445152,3.401336690039689,0.06943676286819583,1.158410534105325,71
chr25,1412192,0.0020391414141414143,3.4090119246015824,0.06925876340360004,1.1595252669272917,69
chr25,1438616,-0.0021678571428571432,3.6984782136004846,0.05884469551064701,1.2302926800471379,67
chr25,1474334,-0.0018390756302521006,2.7783903451303136,0.10021262024697165,0.9990775822762824,69
chr25,1492143,0.0024785714285714285,4.799464867905211,0.03217600206169271,1.4924679189197059,65
chr25,1550746,-0.001937091503267973,3.1447966303504593,0.0806472654193876,1.093410354045693,70
chr25,1564234,-0.0018296963946869073,2.590366337409058,0.11251544709253074,0.9487878497613291,65
chr25,1569256,-0.001968907563025209,3.19703714980348,0.07829350250384143,1.1062742780929486,69
chr25,1633434,-0.0019307400379506641,3.014678082278838,0.08740204771924512,1.0584783922769148,65
chr25,1674472,0.0022297979797979797,4.157585107902761,0.04539644152434954,1.342978188704742,69
chr25,1674538,0.0022297979797979797,4.157585107902761,0.04539644152434954,1.342978188704742,69
chr25,1681372,0.002218614718614719,3.983111200669829,0.05008823443001882,1.3002642765718997,68
chr25,1696071,-0.0021262626262626267,3.7230636154748358,0.057901880835239714,1.2373073287924408,69
chr25,1782768,-0.001953431372549019,3.2480013655464917,0.07594260766020962,1.119514494462535,70
chr25,1782781,-0.001953431372549019,3.2480013655464917,0.07594260766020962,1.119514494462535,70
chr25,1782784,-0.001953431372549019,3.2480013655464917,0.07594260766020962,1.119514494462535,70
chr25,1782830,-0.001953431372549019,3.2480013655464917,0.07594260766020962,1.119514494462535,70
chr25,1829559,-0.0017584821428571428,2.627159492937066,0.1098910808985285,0.9590375548353054,67
chr25,1838459,-0.0018276785714285715,2.7052286357415367,0.10484789289505991,0.9794402930311937,67
chr25,1838476,-0.002031249999999999,3.3096395154856015,0.07341085369295089,1.1342397254996959,68
chr25,1899974,-0.001974462365591398,3.0833257294762375,0.08380936014003507,1.0767074750432521,67
chr25,1902037,-0.0019144265232974916,2.8967911305347815,0.09353480103453045,1.0290267732426104,67
chr25,1927364,0.0019742398648648646,3.223314012580663,0.07710624250421547,1.1129104601411748,69
chr25,1927519,0.0019132519616390585,2.939154089559812,0.09114873532443672,1.0402493527405334,68
chr25,1935743,-0.0016977687626774849,2.1384873255481813,0.14877670938271748,0.8274650511709357,63
chr25,1935744,-0.0016977687626774849,2.1384873255481813,0.14877670938271748,0.8274650511709357,63
chr25,1935766,-0.0016977687626774849,2.1384873255481813,0.14877670938271748,0.8274650511709357,63
chr25,1937666,-0.0012747747747747747,1.1949945899947636,0.27855367414031024,0.5550911087954951,64
chr25,1952868,0.0020057899090157156,3.4863646140214457,0.06618733030010789,1.1792251360490436,70
chr25,2011990,0.00101105216622458,0.8043072195998109,0.37306839591045204,0.42821154019275326,68
chr25,2027268,-0.0007768090671316476,0.5020287573642445,0.4811051955834751,0.3177599530100327,68
chr25,2027275,-0.0007768090671316476,0.5020287573642445,0.4811051955834751,0.3177599530100327,68
chr25,2027287,-0.0007768090671316476,0.5020287573642445,0.4811051955834751,0.3177599530100327,68
chr25,2059908,-0.0004428945074106362,0.15399273628926102,0.6960130425393171,0.15738262209951895,68
chr25,2073173,0.0006288006756756761,0.3078118386896216,0.5808735390346635,0.23591840681345264,69
chr25,2080837,-0.0002050420168067224,0.03311724208998901,0.8561467686887144,0.06745177811748722,69
chr25,2104326,2.8571428571428598e-05,0.0006818136242405423,0.9792448340045897,0.009108710889841894,70
chr25,2108080,0.00017892156862745108,0.025653537916756192,0.8732241913554248,0.05887424132451017,70
chr25,2207759,-3.365384615384639e-05,0.0009203952899499396,0.9758850593100735,0.010601330947004288,71
chr25,2214363,-3.365384615384639e-05,0.0009203952899499396,0.9758850593100735,0.010601330947004288,71
chr25,2214439,2.051282051282034e-05,0.0003223357070761901,0.9857291398723896,0.006242404753517607,69
chr25,2319765,0.00020312499999999975,0.03209596206257918,0.8583578817061603,0.06633160067790235,69
chr25,2361379,-0.0004573055028462998,0.16331709599892705,0.6874893659535315,0.16273401508812774,65
chr25,2361437,0.0005161290322580645,0.21358386530033213,0.6455400649296719,0.19007679842017083,66
chr25,2417496,5.098684210526323e-05,0.002068900778528888,0.9638539081335835,0.015988787362244752,70
chr25,2428108,0.0013038277511961721,1.1967969999923571,0.27848544970311173,0.5551974908986047,60
chr25,2439064,0.0001832770270270267,0.026456496477282036,0.8712800317277725,0.0598422391506099,69
chr25,2445013,-0.0003611111111111112,0.10162605445487782,0.7509250518861633,0.1244034067728789,66
chr25,2451473,0.00013716108452950575,0.01536528629149336,0.9017098797934452,0.04493317185067567,71
chr25,2464820,-0.00010857371794871806,0.00958095727857004,0.9223094887786714,0.03512332328999372,71
chr25,2464821,-0.00010857371794871806,0.00958095727857004,0.9223094887786714,0.03512332328999372,71
chr25,2487453,0.0006967479674796748,0.39101668666670086,0.5338281866070691,0.2725984988049133,71
chr25,2524899,0.0010114942528735634,0.8023868415529359,0.3736361780645191,0.42755107898077604,68
chr25,2524990,-0.001388888888888889,1.465730102713856,0.2304726582926749,0.6373805889595193,66
chr25,2524994,-0.001388888888888889,1.465730102713856,0.2304726582926749,0.6373805889595193,66
chr25,2566039,-0.0006904761904761906,0.36891913685772404,0.5456170179950366,0.2631120923360441,70
chr25,2566332,-0.0005677506775067746,0.23944533450688077,0.6262293802386303,0.20326656083888578,68
chr25,2586023,-0.0007724137931034485,0.47518340023168926,0.4929926932934542,0.30715951740806263,69
chr25,2596211,-0.0011614802354920105,1.0662002975384608,0.30546380061354894,0.5150402490066233,70
chr25,2596300,-0.0011614802354920105,1.0662002975384608,0.30546380061354894,0.5150402490066233,70
chr25,2614091,0.0011267241379310344,0.9797842335413229,0.32581342881463504,0.487031019659477,69
chr25,2631225,-0.0009833333333333335,0.7679565001573491,0.38393526250512733,0.4157419983069179,70
chr25,2631512,0.000983333333333333,0.7679565001573491,0.38393526250512733,0.4157419983069179,70
chr25,2636707,0.0010430894308943086,0.8825770325301119,0.3507739880245694,0.45497261962825225,71
chr25,2644385,-0.0010430894308943086,0.8825770325301119,0.3507739880245694,0.45497261962825225,71
chr25,2644608,-0.0011208333333333337,1.0005044664905955,0.3207346431128476,0.49385412862727807,70
chr25,2667396,0.0011614802354920101,1.0662002975384608,0.30546380061354894,0.5150402490066233,70
chr25,2667554,-0.001158333333333334,1.077308213623583,0.3029772790994425,0.5185899389291184,70
chr25,2667568,0.0011583333333333335,1.077308213623583,0.3029772790994425,0.5185899389291184,70
chr25,2667608,0.0011583333333333335,1.077308213623583,0.3029772790994425,0.5185899389291184,70
chr25,2667653,-0.001158333333333334,1.077308213623583,0.3029772790994425,0.5185899389291184,70
chr25,2667670,0.0012767241379310346,1.2753274232259795,0.2627967513845257,0.5803800076986136,69
chr25,2667768,-0.0012767241379310346,1.2753274232259795,0.2627967513845257,0.5803800076986136,69
chr25,2730005,0.0008820512820512822,0.6096799356278626,0.43765850567594067,0.3588646268166657,69
chr25,2733034,0.0014556530214424955,1.5055527788120713,0.22438462578369234,0.6490069030577811,65
chr25,2783463,0.0013776132404181188,1.4861601387418362,0.2270878615517523,0.6438060793513016,69
chr25,2833184,-0.0011211685823754789,0.9374974243155412,0.3366247886889603,0.47285390620203677,65
chr25,2900104,0.001014478764478765,0.8090070833888711,0.37183911473203735,0.4296449275851433,65
chr25,2934168,0.0008635467980295567,0.5224358627030976,0.47252230799430484,0.32557768342957066,64
chr26,18937,-0.00014593301435406703,0.01739396965152048,0.8954581277433786,0.04795471725789556,71
chr26,75324,0.0004093799682034978,0.13755720919131825,0.7118579299428418,0.1476066726530518,71
chr26,75356,-0.0004093799682034978,0.13755720919131825,0.7118579299428418,0.1476066726530518,71
chr26,75373,0.0004093799682034978,0.13755720919131825,0.7118579299428418,0.1476066726530518,71
chr26,75441,-0.0004093799682034978,0.13755720919131825,0.7118579299428418,0.1476066726530518,71
chr26,154882,-0.0006377171215880894,0.32330996170021203,0.5714983707295116,0.24298500338626947,70
chr26,154972,-0.0006377171215880894,0.32330996170021203,0.5714983707295116,0.24298500338626947,70
chr26,222862,-0.000494117647058823,0.18517197475235467,0.6684578350758219,0.17492598192694736,64
chr26,222867,-0.000494117647058823,0.18517197475235467,0.6684578350758219,0.17492598192694736,64
chr26,265458,-0.0006133391455972101,0.2990901679130038,0.5862977559428628,0.23188176807598532,68
chr26,265533,-0.0006133391455972101,0.2990901679130038,0.5862977559428628,0.23188176807598532,68
chr26,279374,1.8108078389582463e-19,0.0,1.0,-0.0,68
chr26,281252,0.0003154560810810809,0.0781874415615239,0.7806303480635177,0.10755456893957187,69
chr26,290480,0.00043120393120393136,0.1486417319062595,0.7010402290848139,0.15425705939675924,70
chr26,344248,0.0011057692307692305,0.9314201515265415,0.3380712079965158,0.4709918145660399,67
chr26,344340,0.0010648148148148142,0.8555421816009632,0.3584105038700983,0.4456192710356486,67
chr26,344716,0.0008664021164021163,0.5910577108118183,0.4447120458008582,0.3519211067687603,69
chr26,406365,0.0008710526315789472,0.5998946060894301,0.4413841650922531,0.35518325145622337,68
chr26,406450,0.0008710526315789472,0.5998946060894301,0.4413841650922531,0.35518325145622337,68
chr26,424213,-0.0004228448275862066,0.13775679639476543,0.7116923797192107,0.14770768425543349,69
chr26,434009,-0.00042284482758620716,0.13775679639476546,0.7116923797192107,0.14770768425543349,69
chr26,466546,0.0007196428571428572,0.40489307836425004,0.5267736711477728,0.2783759397865399,68
chr26,466562,0.0007196428571428572,0.40489307836425004,0.5267736711477728,0.2783759397865399,68
chr26,466569,0.0007196428571428572,0.40489307836425004,0.5267736711477728,0.2783759397865399,68
chr26,509450,0.0003983739837398374,0.10648621298052226,0.7452621259680889,0.12769094894419347,65
chr26,574789,-0.000383536585365854,0.09219390852828059,0.7624745648199566,0.11777463925013819,61
chr26,629568,-0.000646730462519936,0.343228814263321,0.5598828807304346,0.2519028115155012,71
chr26,629570,-0.000646730462519936,0.343228814263321,0.5598828807304346,0.2519028115155012,71
chr26,629613,0.0006467304625199361,0.343228814263321,0.5598828807304346,0.2519028115155012,71
chr26,629714,0.0007313677313677312,0.4301326091709761,0.5141368798796172,0.28892124236182387,70
chr26,647538,0.0008074003795066411,0.501403946916178,0.4814955815342916,0.3174076938438706,65
chr26,652215,0.00041765704584040774,0.13505039643557254,0.7144103416675361,0.14605226731010817,69
chr26,676571,0.0011398026315789479,1.06112322289434,0.30660924005057094,0.5134147612803783,70
chr26,685347,0.0005468749999999998,0.23332592616107467,0.6306670968723037,0.20019982640250816,68
chr26,698770,8.88888888888889e-05,0.006643819076771024,0.9352910442296157,0.029053224170859933,66
chr26,700867,0.0005626535626535624,0.2526486574186741,0.6168402490199729,0.209827296181194,70
chr26,900588,-0.000994444444444444,0.7382136849089147,0.39344049218916377,0.4051209453080213,66
chr26,900642,-0.000994444444444444,0.7382136849089147,0.39344049218916377,0.4051209453080213,66
chr26,903393,-0.0007878306878306878,0.4252923919042921,0.5167986047525653,0.2866786675150616,62
chr26,975877,-0.0005581494057724958,0.2429919814984103,0.6236651898583194,0.2050484956063047,69
chr26,979563,-0.0008675438596491226,0.5974132839475528,0.44232603271997184,0.35425749984828536,68
chr26,983733,-0.0007676547515257193,0.4487240297173651,0.5052784827419632,0.2964691957760239,68
chr26,1001736,-0.0006842105263157895,0.374606796512101,0.5425449788097086,0.2655642515087096,70
chr26,1001781,-0.0006842105263157895,0.374606796512101,0.5425449788097086,0.2655642515087096,70
chr26,1002058,0.0006842105263157898,0.374606796512101,0.5425449788097086,0.2655642515087096,70
chr26,1004546,0.0006842105263157898,0.374606796512101,0.5425449788097086,0.2655642515087096,70
chr26,1028679,-0.0004511884550084885,0.15984137819367517,0.6905743476919672,0.16078955813649423,69
chr26,1036836,0.0006002722323049,0.27407538606957976,0.6023913542381667,0.22012126993086376,67
chr26,1036889,0.0006002722323049,0.27407538606957976,0.6023913542381667,0.22012126993086376,67
chr26,1037263,0.0009597883597883592,0.7355075817618582,0.39451658983388604,0.40393472953485476,62
chr26,1041822,-0.000789909015715467,0.5182497616940392,0.47405641817346034,0.3241699692049468,70
chr26,1085510,0.0006504934210526317,0.3420160399747351,0.5606033590661379,0.2513443043290015,70
chr26,1126513,0.0012366912366912372,1.2975025552038917,0.25866679886807187,0.5872593114988731,70
chr26,1126878,0.0012951388888888886,1.353404715957889,0.24887255675594747,0.6040229905210118,68
chr26,1155556,-0.0012009803921568627,1.0887307597252183,0.3008040503111846,0.5217163202879924,64
chr26,1166085,0.0008263888888888884,0.5326964256300442,0.46805804511097704,0.3297002855834886,68
chr26,1171722,0.0011653225806451612,1.0688356367032248,0.30503984479615315,0.5156434287027553,67
chr26,1188976,0.0007879464285714284,0.48025279003516314,0.49077661914318316,0.3091161354702352,67
chr26,1198478,-0.0010098039215686268,0.8225953397681852,0.36762528517781157,0.4345946255896634,70
chr26,1235461,0.001304668304668305,1.3879299650882313,0.2428614637125324,0.6146413918426197,70
chr26,1237139,0.0013876262626262628,1.5366446237335758,0.21944236622671912,0.6586795224210873,69
chr26,1245003,0.0012129186602870808,1.2225682379146459,0.2726976236738504,0.5643186465461976,71
chr26,1245028,0.0012129186602870808,1.2225682379146459,0.2726976236738504,0.5643186465461976,71
chr26,1253734,-0.0012506142506142509,1.266738065578426,0.26433629840864525,0.577843195868802,70
chr26,1257378,-0.0010073710073710078,0.8554313657918018,0.358291031401466,0.4457640627844965,70
chr26,1257398,-0.0010073710073710078,0.8554313657918018,0.358291031401466,0.4457640627844965,70
chr26,1258438,0.0012129186602870808,1.2225682379146459,0.2726976236738504,0.5643186465461976,71
chr26,1258976,-0.0011095238095238096,0.9684387362242953,0.3288342194179067,0.4830229948695501,65
chr26,1260422,0.0011603618421052633,1.0867195741182267,0.300891266326034,0.52159041791448,70
chr26,1262635,0.001037593984962406,0.7652674959519524,0.38495620994331914,0.41458867013203377,66
chr26,1285615,0.0011315359477124176,1.08557012482334,0.30114502964063794,0.5212243004079204,70
chr26,1285636,0.0011315359477124176,1.08557012482334,0.30114502964063794,0.5212243004079204,70
chr26,1290084,-0.0012473382473382475,1.2664106647713762,0.2643974724756217,0.5777427008321503,70
chr26,1295666,0.0011313344594594589,1.0197529193417427,0.31621071786065463,0.5000234138824489,69
chr26,1341878,-0.001223856209150326,1.2345375403368746,0.2704396593771628,0.5679296197360372,70
chr26,1342057,-0.0010658730158730157,0.9448717547982246,0.3344234227989811,0.4757033124647616,71
chr26,1342090,-0.0010658730158730157,0.9448717547982246,0.3344234227989811,0.4757033124647616,71
chr26,1342129,-0.0010658730158730157,0.9448717547982246,0.3344234227989811,0.4757033124647616,71
chr26,1342149,-0.0010658730158730157,0.9448717547982246,0.3344234227989811,0.4757033124647616,71
chr26,1389014,0.0010021645021645019,0.8163586753468238,0.3695329990075983,0.4323467733801086,68
chr26,1390655,0.00024188640973630846,0.045600941954806164,0.8316149878050427,0.08007769218524119,63
chr26,1401264,0.001314285714285714,1.4136047471214694,0.23859430174478558,0.6223399326285741,70
chr26,1407025,0.0013484848484848484,1.4139435252641335,0.23879601078733528,0.6219729325992784,66
chr26,1413336,-0.0006663602941176469,0.33768821638474605,0.5632076426536157,0.24933146050697405,66
chr26,1413339,-0.0006663602941176469,0.33768821638474605,0.5632076426536157,0.24933146050697405,66
chr26,1413363,-0.0006663602941176469,0.33768821638474605,0.5632076426536157,0.24933146050697405,66
chr26,1446218,-0.00047420634920634886,0.18499188459285848,0.6684582927892222,0.1749256845524152,71
chr26,1446228,0.00047420634920634886,0.18499188459285848,0.6684582927892222,0.1749256845524152,71
chr26,1456679,0.0004280303030303031,0.13313512077698406,0.7164253619831449,0.14482904820775522,65
chr26,1456684,0.0004612903225806453,0.16338073703695907,0.6874104314596075,0.16278388172603867,66
chr26,1456718,0.00036249999999999976,0.10346688629715058,0.7487403842543925,0.1256687420210927,67
chr26,1456763,0.00036249999999999976,0.10346688629715058,0.7487403842543925,0.1256687420210927,67
chr26,1502124,-0.00047420634920634886,0.18499188459285848,0.6684582927892222,0.1749256845524152,71
chr26,1526927,-0.00047420634920634886,0.18499188459285848,0.6684582927892222,0.1749256845524152,71
chr26,1551319,-0.0006911764705882355,0.36566793577222473,0.5474485230379519,0.2616567115775469,68
chr26,1564349,0.00047420634920634886,0.18499188459285848,0.6684582927892222,0.1749256845524152,71
chr26,1564834,0.0002410130718954244,0.04851026466691124,0.8263360110115804,0.08284332065171653,70
chr26,1730351,-0.00020588235294117632,0.03433104940497625,0.8535559576186043,0.0687680020379857,70
chr26,1785067,-0.00047058823529411744,0.17434373452204063,0.6776351239850522,0.16900409122878376,68
chr26,1841120,0.00020255183413078133,0.03351702048502011,0.8552748478682496,0.0678942996213455,71
chr26,1949744,-8.804258804258825e-05,0.006240474902661529,0.9372672781179578,0.028136544801187095,70
chr26,1953342,-4.671717171717169e-05,0.0017373620656445632,0.9668764274329299,0.014629027792200813,69
chr26,1953387,-0.001714622641509434,1.7028250018765896,0.1963830860919377,0.706895919467899,69
chr26,1953388,0.0020803167420814484,2.6014279037851273,0.11146823127277514,0.9528488900044445,69
chr26,1957685,0.00040860215053763465,0.12447319247383212,0.725429333802873,0.1394048870639011,64
chr26,1963737,-0.0002025518341307814,0.03351702048502011,0.8552748478682496,0.0678942996213455,71
chr26,1988694,0.00012858312858312859,0.013214315574237172,0.908820719923861,0.04152178017396749,70
chr26,1988746,0.00012858312858312859,0.013214315574237172,0.908820719923861,0.04152178017396749,70
chr26,2007495,9.543918918918929e-05,0.007061885372990027,0.9332791714972477,0.02998842645144756,69
chr26,2061389,4.252782193958655e-05,0.001481565468050793,0.9694072704464426,0.013493727440853464,71
chr26,2061425,0.00016339869281045753,0.02155225522561002,0.8837188496696413,0.053685881432683755,70
chr26,2061429,-2.9411764705882276e-05,0.000695329702167093,0.979042505029564,0.009198452937338161,68
chr26,2061466,4.252782193958655e-05,0.001481565468050793,0.9694072704464426,0.013493727440853464,71
chr26,2061785,-1.801801801801792e-05,0.00025813086337530264,0.9872284250442028,0.005582348588262273,70
chr26,2076356,0.00016427364864864824,0.021146155192907485,0.884818099430511,0.05314600222111206,69
chr26,2077492,-0.0003361378205128209,0.09194164098224812,0.7626354756192801,0.1176829964563316,71
chr26,2077549,0.00039062499999999997,0.1219583905894433,0.7280318562699508,0.13784961697877293,68
chr26,2079406,-0.0006800348735832607,0.37196236846202574,0.544030711644061,0.264376582799866,68
chr26,2079733,0.0003361378205128207,0.09194164098224812,0.7626354756192801,0.1176829964563316,71
chr26,2080064,-3.140916808149392e-05,0.0008021702525836469,0.9774890423999251,0.009888102322807025,69
chr26,2080125,3.140916808149392e-05,0.0008021702525836469,0.9774890423999251,0.009888102322807025,69
chr26,2080972,0.0005140612076095949,0.2127095794059611,0.6461237539144877,0.189684292384452,70
chr26,2081100,0.0005140612076095949,0.2127095794059611,0.6461237539144877,0.189684292384452,70
chr26,2081611,7.738095238095257e-05,0.004363011918959034,0.947548084571862,0.02339874195688086,64
chr26,2112060,-8.663594470046084e-05,0.00595592160499664,0.9387253974713355,0.02746143201968341,66
chr26,2181334,-0.0005242165242165241,0.20664580801463217,0.6509473275152229,0.1864541516698436,66
chr26,2210097,0.0003923578751164962,0.11197778857533827,0.7389978080099089,0.13135684979274234,66
chr26,2245351,-0.0001469827586206898,0.016727856101102584,0.8974791096098631,0.0469756515928193,69
chr26,2253026,0.00017249103942652342,0.0231249610043622,0.8796035959758801,0.055713003834565206,67
noOrient_tig00001000_pilon_64852,46534,1.1538461538461523e-05,0.00010403575333302244,0.9918921951806886,0.0035355270215722562,69
noOrient_tig00001624_pilon_246163,35334,-0.0003811605723370431,0.11921499566272756,0.7309378289304278,0.1361195610731983,71
noOrient_tig00001624_pilon_246163,76257,0.0003811605723370431,0.11921499566272756,0.7309378289304278,0.1361195610731983,71
noOrient_tig00001624_pilon_246163,77300,0.0005588235294117645,0.2395511808648614,0.6261532440708091,0.203319365017029,68
noOrient_tig00001624_pilon_246163,77546,-0.0005588235294117645,0.2395511808648614,0.6261532440708091,0.203319365017029,68
noOrient_tig00001624_pilon_246163,109613,-0.00075,0.4411352037538617,0.5088888336921761,0.29337707854127704,68
noOrient_tig00001624_pilon_246163,145519,-0.0003674242424242424,0.1005589748113564,0.7522083952860256,0.12366182379044972,65
noOrient_tig00001624_pilon_246163,149052,-0.0003811605723370431,0.11921499566272756,0.7309378289304278,0.1361195610731983,71
noOrient_tig00001624_pilon_246163,149427,0.00014155844155844155,0.01623961934792489,0.8989837789342948,0.046248144510244706,68
noOrient_tig00001648_pilon_227981,27022,-0.0005676470588235294,0.2537605069533205,0.6160919243577201,0.21035448383743907,69
noOrient_tig00001648_pilon_227981,83394,-0.0005138528138528139,0.2073957727781915,0.6503109835378234,0.18687891083973232,68
noOrient_tig00001648_pilon_227981,148906,-0.0006779081133919843,0.3476805551150698,0.55757180463002,0.2536991958196563,64
noOrient_tig00001648_pilon_227981,152988,-0.00046486928104575126,0.17355085720686664,0.6782872338362886,0.16858635679113215,70
noOrient_tig00001648_pilon_227981,153132,-0.00046486928104575126,0.17355085720686664,0.6782872338362886,0.16858635679113215,70
noOrient_tig00000340_pilon_15884,9488,-0.0010866454689984102,0.9810069485576678,0.32541100104428033,0.4875677691248318,71
noOrient_tig00001631_pilon_362455,33164,-0.0010866454689984102,0.9810069485576678,0.32541100104428033,0.4875677691248318,71
noOrient_tig00001631_pilon_362455,56544,-0.0010101010101010103,0.8088866460058504,0.371670731993594,0.42984163700526984,69
noOrient_tig00001631_pilon_362455,57798,-0.0009666666666666669,0.762716092917278,0.3856463888081393,0.41381073101490573,68
noOrient_tig00001631_pilon_362455,145693,-0.001073529411764706,0.9390609230572058,0.3360573418282945,0.47358661214927406,68
noOrient_tig00001631_pilon_362455,149221,-0.0007013888888888889,0.3943941997165933,0.5321657124418205,0.2739531105757178,68
noOrient_tig00001631_pilon_362455,149342,-0.0010620535714285716,0.9293039199189415,0.33861671167171203,0.4702916120637373,67
noOrient_tig00001631_pilon_362455,175820,-0.0011388888888888896,1.1226336874288139,0.29315691060383187,0.532899863711023,69
noOrient_tig00001631_pilon_362455,187592,-0.0009725634725634729,0.770049277532414,0.38329171432677467,0.41647056885171135,70
noOrient_tig00001631_pilon_362455,199801,-0.001471428571428572,1.7556551383741588,0.18973650448399806,0.7218491046897457,68
noOrient_tig00001631_pilon_362455,294567,-0.0010866454689984102,0.9810069485576678,0.32541100104428033,0.4875677691248318,71
noOrient_tig00001631_pilon_362455,294731,-0.0009444444444444449,0.7052176230736253,0.4040226719893323,0.3935942634943719,69
noOrient_tig00000832_pilon_152307,113203,-0.0010384290540540538,0.8555049087967362,0.3583191435571672,0.44572998859875834,69
noOrient_tig00000832_pilon_152307,124022,0.00031783681214421223,0.0789044560439683,0.7797080493615106,0.10806798229177549,65
noOrient_tig00001450_pilon_528679,37065,0.00010526315789473715,0.008325571910025215,0.9275746304725795,0.03265113799484914,68
noOrient_tig00001450_pilon_528679,37067,0.00010526315789473715,0.008325571910025215,0.9275746304725795,0.03265113799484914,68
noOrient_tig00001450_pilon_528679,37069,0.00010526315789473715,0.008325571910025215,0.9275746304725795,0.03265113799484914,68
noOrient_tig00001450_pilon_528679,37086,0.00010526315789473715,0.008325571910025215,0.9275746304725795,0.03265113799484914,68
noOrient_tig00001450_pilon_528679,37104,0.00010526315789473715,0.008325571910025215,0.9275746304725795,0.03265113799484914,68
noOrient_tig00001450_pilon_528679,37115,0.00010526315789473715,0.008325571910025215,0.9275746304725795,0.03265113799484914,68
noOrient_tig00001450_pilon_528679,48622,0.0001804511278195489,0.024173897433564743,0.87693260525713,0.05703378210672782,66
noOrient_tig00001450_pilon_528679,48649,0.0001804511278195489,0.024173897433564743,0.87693260525713,0.05703378210672782,66
noOrient_tig00001450_pilon_528679,274817,0.0001697635135135133,0.022624970383194415,0.8808883482409569,0.055079134511597676,69
noOrient_tig00001450_pilon_528679,277125,5.098684210526323e-05,0.0020689007785288883,0.9638539081335835,0.015988787362244752,70
noOrient_tig00001450_pilon_528679,277182,0.00013716108452950537,0.015365286291493361,0.9017098797934452,0.04493317185067567,71
noOrient_tig00001450_pilon_528679,299184,0.00013716108452950537,0.015365286291493361,0.9017098797934452,0.04493317185067567,71
noOrient_tig00001450_pilon_528679,341654,-0.00043095238095238126,0.1453907840971056,0.7042625245959924,0.1522654207858376,65
noOrient_tig00001450_pilon_528679,344850,-0.00021494932432432464,0.0377808646699758,0.8464719857930985,0.07238741040418396,69
noOrient_tig00001450_pilon_528679,344985,-0.00045765765765765786,0.16384877271758563,0.6869665148865425,0.1630644314330523,67
noOrient_tig00001450_pilon_528679,404163,-4.074702886247886e-05,0.0012937538586518282,0.9714141957750596,0.012595554248068817,69
noOrient_tig00001450_pilon_528679,404470,0.00022807017543859646,0.04086941865322177,0.840412048768608,0.07550772985460244,68
noOrient_tig00001450_pilon_528679,404700,-8.294501397949675e-05,0.00536846182021684,0.9418199484644144,0.026032115107707955,66
noOrient_tig00001450_pilon_528679,409293,4.111842105263074e-06,1.3554485663680876e-05,0.9970732611407982,0.0012729302136548232,70
noOrient_tig00001450_pilon_528679,409477,-8.190008190008194e-05,0.0055844617607470745,0.940649536807082,0.026572154023407756,70
noOrient_tig00001450_pilon_528679,409514,-8.190008190008194e-05,0.0055844617607470745,0.940649536807082,0.026572154023407756,70
noOrient_tig00001450_pilon_528679,414493,0.00013716108452950537,0.015365286291493361,0.9017098797934452,0.04493317185067567,71
noOrient_tig00001450_pilon_528679,437572,5.396825396825373e-05,0.0020939345815711445,0.9636538785905154,0.01607892627393402,62
noOrient_tig00001450_pilon_528679,437616,5.396825396825373e-05,0.0020939345815711445,0.9636538785905154,0.01607892627393402,62
noOrient_tig00001450_pilon_528679,454969,0.00012118570183086289,0.011285257702113409,0.9157204409527436,0.03823709126926317,68
noOrient_tig00001450_pilon_528679,455176,0.00028296478296478315,0.06494859235377243,0.7996080307402421,0.0971228527622016,70
noOrient_tig00001450_pilon_528679,458832,-0.0006969696969696975,0.26450015558832735,0.608712660530154,0.21558766532239282,70
noOrient_tig00001450_pilon_528679,482617,2.111486486486484e-05,0.00034562111093197265,0.9852227248080908,0.006465579430442711,69
noOrient_tig00001450_pilon_528679,482665,2.111486486486484e-05,0.00034562111093197265,0.9852227248080908,0.006465579430442711,69
noOrient_tig00001450_pilon_528679,482750,-0.00013894523326572015,0.015319619217392784,0.9019023879006903,0.044840463223091785,63
noOrient_tig00001450_pilon_528679,482980,0.00019679054054054027,0.03061255758333742,0.8616352366521736,0.0646765488341638,69
noOrient_tig00001450_pilon_528679,483010,-2.4305555555555913e-05,0.0004754491664129277,0.9826694565971966,0.007592542510551525,68
noOrient_tig00001450_pilon_528679,486831,-8.913412563667224e-05,0.006204038681151267,0.9374537456688373,0.028050151329688657,69
noOrient_tig00001450_pilon_528679,486885,5.098684210526323e-05,0.0020689007785288883,0.9638539081335835,0.015988787362244752,70
noOrient_tig00001450_pilon_528679,488911,-0.0004576576576576574,0.1639083075538173,0.6869127297695857,0.16309843526505663,67
noOrient_tig00001450_pilon_528679,489144,-0.0004576576576576574,0.1639083075538173,0.6869127297695857,0.16309843526505663,67
noOrient_tig00001450_pilon_528679,499675,0.0005135135135135135,0.20309471926748554,0.6537816013402431,0.18456730545775876,65
noOrient_tig00000990_pilon_52906,1810,0.0005409628378378377,0.22872434085066834,0.6340281969278494,0.1978914274528627,69
noOrient_tig00000990_pilon_52906,1846,0.0005409628378378377,0.22872434085066834,0.6340281969278494,0.1978914274528627,69
noOrient_tig00000990_pilon_52906,1868,0.0005409628378378377,0.22872434085066834,0.6340281969278494,0.1978914274528627,69
noOrient_tig00000990_pilon_52906,1869,0.0005409628378378377,0.22872434085066834,0.6340281969278494,0.1978914274528627,69
noOrient_tig00000990_pilon_52906,1874,0.0005409628378378377,0.22872434085066834,0.6340281969278494,0.1978914274528627,69
noOrient_tig00000990_pilon_52906,1881,0.0005409628378378377,0.22872434085066834,0.6340281969278494,0.1978914274528627,69
noOrient_tig00000990_pilon_52906,9112,-0.0007410636442894514,0.4258284298544443,0.5163095036299041,0.2870898808872355,68
noOrient_tig00000990_pilon_52906,10156,-0.0004438984438984444,0.1578215641848488,0.6924143580249422,0.15963393509711798,70
noOrient_tig00000990_pilon_52906,10160,-0.0004438984438984444,0.1578215641848488,0.6924143580249422,0.15963393509711798,70
noOrient_tig00000990_pilon_52906,10164,-0.0004438984438984444,0.1578215641848488,0.6924143580249422,0.15963393509711798,70
noOrient_tig00000990_pilon_52906,10168,-0.0004438984438984444,0.1578215641848488,0.6924143580249422,0.15963393509711798,70
noOrient_tig00000990_pilon_52906,10170,-0.00041596283783783803,0.13440046955609908,0.7150676476522393,0.14565287062917906,69
noOrient_tig00000990_pilon_52906,10178,-0.00041596283783783803,0.13440046955609908,0.7150676476522393,0.14565287062917906,69
noOrient_tig00000365_pilon_63758,59215,-0.0002791563275434244,0.06217197548013119,0.803847047970884,0.09482657879068584,70
noOrient_tig00001097_pilon_49019,289,0.0002062818336162993,0.03324173269564508,0.8558796643119552,0.06758729233108103,69
noOrient_tig00001097_pilon_49019,16206,0.0001617117117117115,0.02116484632807952,0.8847809816430402,0.05316422109391078,67
noOrient_tig00001097_pilon_49019,30099,0.000560185185185185,0.23323587979133886,0.6308635913099113,0.20006453607391417,63
noOrient_tig00001097_pilon_49019,31610,0.00035361842105263155,0.1038310598989891,0.7482683444644925,0.125942627241471,70
noOrient_tig00000591_pilon_104854,74968,0.0007277960526315785,0.4420059382776155,0.5084043687417615,0.2937907261898469,70
noOrient_tig00000569_pilon_318490,6600,-0.0016651260504201679,2.2591666748949155,0.13752463363525316,0.8616195033343851,69
noOrient_tig00000569_pilon_318490,20618,-0.0016293650793650786,2.249172081785358,0.13824777828921705,0.8593418392962219,71
noOrient_tig00000569_pilon_318490,135255,-0.0020347222222222216,3.347522901090329,0.07182320129958483,1.1437352414299427,68
noOrient_tig00000569_pilon_318490,135317,-0.0020347222222222216,3.347522901090329,0.07182320129958483,1.1437352414299427,68
noOrient_tig00000569_pilon_318490,304730,-0.0016323529411764704,2.1509101585437453,0.1472342183549797,0.831991244918852,68
noOrient_tig00000569_pilon_318490,304921,-0.0016293650793650786,2.249172081785358,0.13824777828921705,0.8593418392962219,71
noOrient_tig00000818_pilon_136553,24317,-0.0017369281045751625,2.5057478063914296,0.11807190658313535,0.927853423870875,70
noOrient_tig00000818_pilon_136553,24402,-0.0017369281045751625,2.5057478063914296,0.11807190658313535,0.927853423870875,70
noOrient_tig00000818_pilon_136553,30472,-0.0019565972222222216,3.0591875145859535,0.08493080207352968,1.070934774485078,68
noOrient_tig00000818_pilon_136553,30501,-0.0019565972222222216,3.0591875145859535,0.08493080207352968,1.070934774485078,68
noOrient_tig00000818_pilon_136553,89277,-0.0015999999999999999,2.109298806120735,0.15100518891600986,0.8210081290056951,70
noOrient_tig00000818_pilon_136553,123969,-0.001585714285714286,2.0736879622204425,0.15444699745419221,0.8112205302356357,70
noOrient_tig00000818_pilon_136553,123982,-0.0016293650793650786,2.249172081785358,0.13824777828921705,0.8593418392962219,71
noOrient_tig00000845_pilon_22831,2184,-0.0018358585858585853,2.736819574271479,0.1027376014269972,0.9882705777899898,69
noOrient_tig00000845_pilon_22831,2288,-0.0016293650793650786,2.249172081785358,0.13824777828921705,0.8593418392962219,71
noOrient_tig00000845_pilon_22831,2621,-0.0018964646464646453,2.9570850930480814,0.09011870942578735,1.0451850363586856,69
noOrient_tig00000864_pilon_59115,9325,-0.0017297979797979794,2.397791136095563,0.1262176371280959,0.8988799543453243,69
noOrient_tig00000864_pilon_59115,9418,-0.001771861471861472,2.448657618750928,0.12240794147218587,0.9121904055101671,68
noOrient_tig00000873_pilon_52174,8967,-0.001909722222222222,2.918257225262855,0.09228199638047441,1.034883018749498,68
noOrient_tig00000937_pilon_80045,9663,-0.0017369281045751625,2.5057478063914296,0.11807190658313535,0.927853423870875,70
noOrient_tig00000937_pilon_80045,20674,-0.0016293650793650786,2.249172081785358,0.13824777828921705,0.8593418392962219,71
noOrient_tig00001651_pilon_69433,17182,-0.0017959821428571432,2.5543816862617823,0.1148391209529978,0.9399101405113337,67
noOrient_tig00001738_pilon_267032,1004,-0.001413398692810457,1.7090402857710525,0.19551315629689062,0.7088240131279777,70
noOrient_tig00001738_pilon_267032,117885,-0.0015757575757575758,2.075036870945693,0.15460074055818634,0.8107884300841651,66
noOrient_tig00001738_pilon_267032,133306,-0.0018964646464646453,2.9570850930480814,0.09011870942578735,1.0451850363586856,69
noOrient_tig00001738_pilon_267032,188666,-0.0018948306595365425,2.7944739122521036,0.09939771337478992,1.0026236063484966,67
noOrient_tig00001792_pilon_128194,55575,-0.0019129464285714288,2.846582221389289,0.09636222279287851,1.0160931906626147,67
noOrient_tig00001792_pilon_128194,119491,-0.0016293650793650786,2.249172081785358,0.13824777828921705,0.8593418392962219,71
noOrient_tig00001792_pilon_128194,119553,-0.0016293650793650786,2.249172081785358,0.13824777828921705,0.8593418392962219,71
noOrient_tig00001159_pilon_21758,16716,0.0027499999999999994,6.169008976590018,0.015588162381428674,1.8072050788229497,67
noOrient_tig00000288_pilon_64439,10217,-0.00041258169934640476,0.14235439543627362,0.7071265478498246,0.15050285761069726,70
noOrient_tig00000288_pilon_64439,12129,-0.0005660714285714284,0.24262362929573894,0.6239773463769221,0.2048311771798952,67
noOrient_tig00000288_pilon_64439,51309,-0.00048529411764705924,0.1809799112651023,0.6719164321353754,0.17268473783799784,68
noOrient_tig00000911_pilon_96407,51914,-0.002311538461538461,3.978074257937735,0.05035928746318601,1.2979204233814046,66
noOrient_tig00001173_pilon_14872,13148,0.0021254355400696866,3.5880465419751157,0.06251411006925266,1.2040219469183855,69
noOrient_tig00000970_pilon_78179,63637,0.0012572595281306715,1.2442711797939885,0.26875654499476576,0.5706409506279677,67
noOrient_tig00000955_pilon_67684,9530,0.0007471665213600692,0.42195122184761813,0.5182194309730264,0.2854863068921606,68
noOrient_tig00000955_pilon_67684,9615,0.0007471665213600692,0.42195122184761813,0.5182194309730264,0.2854863068921606,68
noOrient_tig00000955_pilon_67684,60029,0.0010731907894736847,0.96847967089369,0.3285482942292236,0.48340078325586927,70
noOrient_tig00000955_pilon_67684,60037,0.0008481570512820517,0.5895856413295181,0.4451992073633205,0.351445617558449,71
noOrient_tig00001593_pilon_64768,21718,-0.0024956011730205277,5.175026508771713,0.02638345669889107,1.5786683048129218,64
noOrient_tig00001065_pilon_26454,20013,-0.0011215447154471548,1.0223760087723603,0.31548872489444485,0.5010161571920344,71
noOrient_tig00001119_pilon_16593,10029,-0.00047052631578947375,0.15136906154403099,0.6985852989707382,0.1557805578954301,63
noOrient_tig00001119_pilon_16593,10121,0.0004705263157894734,0.15136906154403038,0.6985852989707382,0.1557805578954301,63
noOrient_tig00001119_pilon_16593,10122,0.0004705263157894734,0.15136906154403038,0.6985852989707382,0.1557805578954301,63
noOrient_tig00001119_pilon_16593,10126,0.0004705263157894734,0.15136906154403038,0.6985852989707382,0.1557805578954301,63
noOrient_tig00001119_pilon_16593,16160,-0.0008336206896551724,0.5541227420586067,0.45924098942383096,0.33795935604969635,69
noOrient_tig00001013_pilon_31063,3224,-0.0010958333333333328,0.9515107977997168,0.3327924714989319,0.4778265069710169,70
noOrient_tig00001013_pilon_31063,17598,0.0008187830687830687,0.5029941547605079,0.4806482184442764,0.3181726630913294,69
noOrient_tig00000383_pilon_498172,150,-0.0008126134301270416,0.5618214057658069,0.4562315921156693,0.34081464495489844,67
noOrient_tig00000383_pilon_498172,11639,-5.320945945945931e-05,0.0022220036897780643,0.9625433615148172,0.01657969689225877,69
noOrient_tig00000383_pilon_498172,11810,2.4671052631578967e-05,0.0004879648882154211,0.9824409143795653,0.007693559355114196,70
noOrient_tig00000383_pilon_498172,102362,-2.927927927927938e-05,0.0006295350377424461,0.9800596190506927,0.008747504473650615,67
noOrient_tig00000383_pilon_498172,151213,-0.00010885167464114805,0.009676387803874573,0.9219247897903466,0.035304507049766426,71
noOrient_tig00000383_pilon_498172,156110,-0.00024824561403508766,0.04826786465382743,0.8267832958741573,0.08260830633473745,68
noOrient_tig00000383_pilon_498172,157975,-0.00010885167464114805,0.009676387803874573,0.9219247897903466,0.035304507049766426,71
noOrient_tig00000383_pilon_498172,158090,-0.00010885167464114805,0.009676387803874573,0.9219247897903466,0.035304507049766426,71
noOrient_tig00000383_pilon_498172,159585,-0.00010885167464114805,0.009676387803874573,0.9219247897903466,0.035304507049766426,71
noOrient_tig00000383_pilon_498172,166755,-0.00018673218673218665,0.027874601387219925,0.8678994620099203,0.061530580841013885,70
noOrient_tig00000383_pilon_498172,166781,-0.00018673218673218665,0.027874601387219925,0.8678994620099203,0.061530580841013885,70
noOrient_tig00000383_pilon_498172,257056,-0.00013267813267813243,0.013999494490939372,0.9061633612552472,0.04279350155470247,70
noOrient_tig00000383_pilon_498172,267218,-2.3975588491717336e-05,0.0004370972465776635,0.983383024160708,0.007277293073480376,68
noOrient_tig00000383_pilon_498172,300202,0.0004295566502463055,0.13220933033289717,0.7173891733191815,0.14424518188812185,64
noOrient_tig00000383_pilon_498172,300228,0.0004295566502463055,0.13220933033289717,0.7173891733191815,0.14424518188812185,64
noOrient_tig00000383_pilon_498172,300275,0.0004295566502463055,0.13220933033289717,0.7173891733191815,0.14424518188812185,64
noOrient_tig00000383_pilon_498172,311009,-0.0010897435897435895,0.9452630885816361,0.33453221810604894,0.4755620498785931,67
noOrient_tig00000383_pilon_498172,311021,-0.0007793987621573829,0.4732188622780625,0.49392070210461725,0.3063427705151539,68
noOrient_tig00000383_pilon_498172,311049,-0.0010897435897435895,0.9452630885816361,0.33453221810604894,0.4755620498785931,67
noOrient_tig00000383_pilon_498172,311072,-0.0010897435897435895,0.9452630885816361,0.33453221810604894,0.4755620498785931,67
noOrient_tig00000383_pilon_498172,311086,-0.0010897435897435895,0.9452630885816361,0.33453221810604894,0.4755620498785931,67
noOrient_tig00000383_pilon_498172,311108,-0.0008478081058726222,0.5977001897196652,0.4421360364943604,0.3544440862865439,70
noOrient_tig00000383_pilon_498172,311149,-0.0008478081058726222,0.5977001897196652,0.4421360364943604,0.3544440862865439,70
noOrient_tig00000383_pilon_498172,311154,-0.0008478081058726222,0.5977001897196652,0.4421360364943604,0.3544440862865439,70
noOrient_tig00000383_pilon_498172,311186,-0.0008478081058726222,0.5977001897196652,0.4421360364943604,0.3544440862865439,70
noOrient_tig00000383_pilon_498172,313388,0.0003166666666666666,0.07988634158455782,0.7783496082194019,0.10882528885052814,67
noOrient_tig00000383_pilon_498172,313413,0.0003166666666666666,0.07988634158455782,0.7783496082194019,0.10882528885052814,67
noOrient_tig00000383_pilon_498172,355412,0.00018402777777777778,0.02702927697843141,0.8699141469985435,0.060523606375179485,68
noOrient_tig00000383_pilon_498172,355442,0.00018402777777777778,0.02702927697843141,0.8699141469985435,0.060523606375179485,68
noOrient_tig00000383_pilon_498172,355447,0.00018402777777777778,0.02702927697843141,0.8699141469985435,0.060523606375179485,68
noOrient_tig00000383_pilon_498172,355451,0.00018402777777777778,0.02702927697843141,0.8699141469985435,0.060523606375179485,68
noOrient_tig00000383_pilon_498172,355457,0.00018402777777777778,0.02702927697843141,0.8699141469985435,0.060523606375179485,68
noOrient_tig00000383_pilon_498172,355515,0.00018402777777777778,0.02702927697843141,0.8699141469985435,0.060523606375179485,68
noOrient_tig00000383_pilon_498172,355518,0.00018402777777777778,0.02702927697843141,0.8699141469985435,0.060523606375179485,68
noOrient_tig00000383_pilon_498172,355519,0.00018402777777777778,0.02702927697843141,0.8699141469985435,0.060523606375179485,68
noOrient_tig00000383_pilon_498172,356400,2.1646859083191313e-05,0.0003620544160139698,0.9848755375672981,0.00661864946487096,69
noOrient_tig00000383_pilon_498172,356404,2.1646859083191313e-05,0.0003620544160139698,0.9848755375672981,0.00661864946487096,69
noOrient_tig00000383_pilon_498172,356444,-0.000470864661654135,0.17112822833996835,0.6804940271500022,0.16717568234481875,66
noOrient_tig00000383_pilon_498172,356458,-0.00024824561403508766,0.04826786465382743,0.8267832958741573,0.08260830633473745,68
noOrient_tig00000383_pilon_498172,375908,-0.0003659539473684213,0.11121349084551557,0.7397929537576287,0.1308898094882556,70
noOrient_tig00000383_pilon_498172,375909,-0.0003659539473684213,0.11121349084551557,0.7397929537576287,0.1308898094882556,70
noOrient_tig00000383_pilon_498172,401289,2.4671052631578967e-05,0.0004879648882154211,0.9824409143795653,0.007693559355114196,70
noOrient_tig00000383_pilon_498172,401381,2.4671052631578967e-05,0.0004879648882154211,0.9824409143795653,0.007693559355114196,70
noOrient_tig00000383_pilon_498172,401384,2.4671052631578967e-05,0.0004879648882154211,0.9824409143795653,0.007693559355114196,70
noOrient_tig00000383_pilon_498172,403177,-0.0005121527777777776,0.2083396886735126,0.6495704318868236,0.18737375217921537,68
noOrient_tig00000383_pilon_498172,403277,-0.00017321867321867305,0.023942491605389436,0.8774896868453341,0.05675797910428403,70
noOrient_tig00000383_pilon_498172,417585,-0.0007025089605734768,0.3980604310059011,0.5303049130939006,0.2754743492727518,67
noOrient_tig00000383_pilon_498172,417620,-0.000931578947368421,0.7567536244472568,0.38749925562894205,0.4117291274197443,68
noOrient_tig00000383_pilon_498172,417645,-0.000931578947368421,0.7567536244472568,0.38749925562894205,0.4117291274197443,68
noOrient_tig00000383_pilon_498172,417651,-0.000931578947368421,0.7567536244472568,0.38749925562894205,0.4117291274197443,68
noOrient_tig00000383_pilon_498172,417670,-0.000931578947368421,0.7567536244472568,0.38749925562894205,0.4117291274197443,68
noOrient_tig00000383_pilon_498172,417674,-0.000931578947368421,0.7567536244472568,0.38749925562894205,0.4117291274197443,68
noOrient_tig00000383_pilon_498172,417709,-0.000931578947368421,0.7567536244472568,0.38749925562894205,0.4117291274197443,68
noOrient_tig00000383_pilon_498172,420804,-0.00010885167464114805,0.009676387803874573,0.9219247897903466,0.035304507049766426,71
noOrient_tig00000383_pilon_498172,420812,-0.00010885167464114805,0.009676387803874573,0.9219247897903466,0.035304507049766426,71
noOrient_tig00000383_pilon_498172,420847,-0.00010885167464114805,0.009676387803874573,0.9219247897903466,0.035304507049766426,71
noOrient_tig00000383_pilon_498172,420851,-0.00010885167464114805,0.009676387803874573,0.9219247897903466,0.035304507049766426,71
noOrient_tig00000383_pilon_498172,420857,-0.00010885167464114805,0.009676387803874573,0.9219247897903466,0.035304507049766426,71
noOrient_tig00000383_pilon_498172,420880,-0.00010885167464114805,0.009676387803874573,0.9219247897903466,0.035304507049766426,71
noOrient_tig00000383_pilon_498172,420918,-0.00010885167464114805,0.009676387803874573,0.9219247897903466,0.035304507049766426,71
noOrient_tig00000383_pilon_498172,420963,-0.00010885167464114805,0.009676387803874573,0.9219247897903466,0.035304507049766426,71
noOrient_tig00000383_pilon_498172,420970,-0.00010885167464114805,0.009676387803874573,0.9219247897903466,0.035304507049766426,71
noOrient_tig00000383_pilon_498172,420975,-0.00010885167464114805,0.009676387803874573,0.9219247897903466,0.035304507049766426,71
noOrient_tig00000383_pilon_498172,429068,0.0001000957854406129,0.007021970394283409,0.9334833807354618,0.029893409604706416,65
noOrient_tig00000383_pilon_498172,429148,0.0001000957854406129,0.007021970394283409,0.9334833807354618,0.029893409604706416,65
noOrient_tig00000383_pilon_498172,429154,0.0001000957854406129,0.007021970394283409,0.9334833807354618,0.029893409604706416,65
noOrient_tig00000383_pilon_498172,429164,0.0001000957854406129,0.007021970394283409,0.9334833807354618,0.029893409604706416,65
noOrient_tig00000383_pilon_498172,429183,0.0001000957854406129,0.007021970394283409,0.9334833807354618,0.029893409604706416,65
noOrient_tig00000383_pilon_498172,429216,0.0001000957854406129,0.007021970394283409,0.9334833807354618,0.029893409604706416,65
noOrient_tig00000383_pilon_498172,429217,0.0001000957854406129,0.007021970394283409,0.9334833807354618,0.029893409604706416,65
noOrient_tig00000383_pilon_498172,429258,-0.00019722222222222206,0.029821236557524597,0.863441430649491,0.06376711635757637,66
noOrient_tig00000383_pilon_498172,429285,-0.00019722222222222206,0.029821236557524597,0.863441430649491,0.06376711635757637,66
noOrient_tig00000383_pilon_498172,429291,-0.00019722222222222206,0.029821236557524597,0.863441430649491,0.06376711635757637,66
noOrient_tig00000383_pilon_498172,429340,-0.00011576576576576617,0.010497239866908795,0.9187101345255271,0.03682149278526134,67
noOrient_tig00000383_pilon_498172,429344,-0.00011576576576576617,0.010497239866908795,0.9187101345255271,0.03682149278526134,67
noOrient_tig00000383_pilon_498172,429381,-0.00011576576576576617,0.010497239866908795,0.9187101345255271,0.03682149278526134,67
noOrient_tig00000383_pilon_498172,429408,-0.0003254901960784312,0.07513788478616083,0.7849090734087352,0.10518065052101862,64
noOrient_tig00000383_pilon_498172,429454,-0.0007324973876698021,0.38001113531923747,0.5399292321451852,0.2676631588860938,62
noOrient_tig00000383_pilon_498172,429489,-0.0006019269776876267,0.26071108207550436,0.6114749649802869,0.21362131915669855,63
noOrient_tig00000383_pilon_498172,429506,-0.0006019269776876267,0.26071108207550436,0.6114749649802869,0.21362131915669855,63
noOrient_tig00000383_pilon_498172,429507,-0.0006019269776876267,0.26071108207550436,0.6114749649802869,0.21362131915669855,63
noOrient_tig00000383_pilon_498172,433428,-0.00034932088285229206,0.09814406761672363,0.7550414817536459,0.12202918770614749,69
noOrient_tig00000383_pilon_498172,433461,-0.00034932088285229206,0.09814406761672363,0.7550414817536459,0.12202918770614749,69
noOrient_tig00000383_pilon_498172,433464,-0.00034932088285229206,0.09814406761672363,0.7550414817536459,0.12202918770614749,69
noOrient_tig00000383_pilon_498172,433480,-0.00034932088285229206,0.09814406761672363,0.7550414817536459,0.12202918770614749,69
noOrient_tig00000383_pilon_498172,435312,0.00010505666957279851,0.008532279313339438,0.926683614944628,0.03306851584156439,68
noOrient_tig00000383_pilon_498172,435334,0.00010505666957279851,0.008532279313339438,0.926683614944628,0.03306851584156439,68
noOrient_tig00000383_pilon_498172,435388,0.00010505666957279851,0.008532279313339438,0.926683614944628,0.03306851584156439,68
noOrient_tig00000383_pilon_498172,435442,0.00010505666957279851,0.008532279313339438,0.926683614944628,0.03306851584156439,68
noOrient_tig00000383_pilon_498172,450219,-0.0006174603174603173,0.2803145360737397,0.5984487145631288,0.22297306152586643,62
noOrient_tig00000383_pilon_498172,451440,-0.0002916666666666667,0.06279856416848724,0.8029683008054278,0.09530159925060817,63
noOrient_tig00000383_pilon_498172,451513,-0.0002916666666666667,0.06279856416848724,0.8029683008054278,0.09530159925060817,63
noOrient_tig00000383_pilon_498172,451531,-0.0002916666666666667,0.06279856416848724,0.8029683008054278,0.09530159925060817,63
noOrient_tig00000383_pilon_498172,456654,-0.0003659539473684213,0.11121349084551557,0.7397929537576287,0.1308898094882556,70
noOrient_tig00000383_pilon_498172,456713,-0.00023641765704584053,0.04547817136456869,0.8317747800235052,0.07999425187523686,69
noOrient_tig00000383_pilon_498172,456769,-0.0003659539473684213,0.11121349084551557,0.7397929537576287,0.1308898094882556,70
noOrient_tig00000383_pilon_498172,456772,-0.0003659539473684213,0.11121349084551557,0.7397929537576287,0.1308898094882556,70
noOrient_tig00000383_pilon_498172,456820,-0.0003659539473684216,0.11121349084551553,0.7397929537576287,0.1308898094882556,70
noOrient_tig00000383_pilon_498172,456833,-0.0003659539473684216,0.11121349084551553,0.7397929537576287,0.1308898094882556,70
noOrient_tig00000383_pilon_498172,456935,-0.0003659539473684216,0.11121349084551553,0.7397929537576287,0.1308898094882556,70
noOrient_tig00000383_pilon_498172,487161,-0.0005852826510721246,0.27653440951511177,0.600827987929659,0.22124984511124057,65
noOrient_tig00000383_pilon_498172,487162,-0.0005852826510721246,0.27653440951511177,0.600827987929659,0.22124984511124057,65
noOrient_tig00000462_pilon_378347,56328,-2.220394736842128e-05,0.0003923495013139474,0.9842546911254738,0.006892506611340107,70
noOrient_tig00000462_pilon_378347,106508,-0.00010885167464114805,0.009676387803874573,0.9219247897903466,0.035304507049766426,71
noOrient_tig00000462_pilon_378347,106748,-0.00044383445945945973,0.16017366694898097,0.690269899500842,0.16098106441512394,69
noOrient_tig00000462_pilon_378347,139301,-0.00016258445945945943,0.020490828325193593,0.8866043779222132,0.0522701285490177,69
noOrient_tig00000462_pilon_378347,199959,-0.0003626852659110724,0.10404975674829643,0.7480424845298664,0.1260737359952612,68
noOrient_tig00000462_pilon_378347,205137,-0.00018673218673218665,0.027874601387219925,0.8678994620099203,0.061530580841013885,70
noOrient_tig00000462_pilon_378347,205316,2.4671052631578967e-05,0.0004879648882154211,0.9824409143795653,0.007693559355114196,70
noOrient_tig00000462_pilon_378347,205577,-0.00010885167464114805,0.009676387803874573,0.9219247897903466,0.035304507049766426,71
noOrient_tig00000462_pilon_378347,214019,-0.00018673218673218665,0.027874601387219925,0.8678994620099203,0.061530580841013885,70
noOrient_tig00000462_pilon_378347,225758,-0.00018673218673218665,0.027874601387219925,0.8678994620099203,0.061530580841013885,70
noOrient_tig00000462_pilon_378347,239503,-0.00010885167464114805,0.009676387803874573,0.9219247897903466,0.035304507049766426,71
noOrient_tig00000462_pilon_378347,253783,-0.00015782828282828287,0.019381233826331695,0.8896966961624053,0.05075802215636191,69
noOrient_tig00000462_pilon_378347,253792,-7.862407862407856e-05,0.00491775028744321,0.9442986630867498,0.0248906251761267,70
noOrient_tig00000462_pilon_378347,260893,-0.0002952380952380955,0.06340620216820933,0.8020107364464525,0.09581981781528871,65
noOrient_tig00000462_pilon_378347,286208,-0.00027142857142857155,0.06023832583911564,0.8069174280410878,0.09317090441158506,65
noOrient_tig00000462_pilon_378347,290978,-2.105734767025101e-05,0.0003364813853874252,0.9854210731708198,0.006378154600235445,67
noOrient_tig00000462_pilon_378347,306136,-0.00010885167464114805,0.009676387803874573,0.9219247897903466,0.035304507049766426,71
noOrient_tig00000462_pilon_378347,316876,-0.00022727272727272716,0.04160566560245522,0.8389825201809498,0.07624708740495789,70
noOrient_tig00000633_pilon_228425,138,-0.00010885167464114805,0.009676387803874573,0.9219247897903466,0.035304507049766426,71
noOrient_tig00000633_pilon_228425,494,-0.00010885167464114805,0.009676387803874573,0.9219247897903466,0.035304507049766426,71
noOrient_tig00000633_pilon_228425,58164,-0.00018673218673218665,0.027874601387219925,0.8678994620099203,0.061530580841013885,70
noOrient_tig00000633_pilon_228425,58484,-0.00018673218673218665,0.027874601387219925,0.8678994620099203,0.061530580841013885,70
noOrient_tig00000633_pilon_228425,199211,0.0005149122807017546,0.21996496160848458,0.6406121955861215,0.1934047977587717,68
noOrient_tig00000633_pilon_228425,228079,-0.00010885167464114805,0.009676387803874573,0.9219247897903466,0.035304507049766426,71
noOrient_tig00000739_pilon_113526,31762,-4.498106060606032e-05,0.0015752516257201423,0.968466230110001,0.013915518292910795,65
noOrient_tig00000739_pilon_113526,58076,-0.00018673218673218665,0.027874601387219925,0.8678994620099203,0.061530580841013885,70
noOrient_tig00000739_pilon_113526,60563,2.1646859083191516e-05,0.00036651069346007713,0.9847827554227867,0.006659564961283354,69
noOrient_tig00000739_pilon_113526,60657,-0.00010885167464114805,0.009676387803874573,0.9219247897903466,0.035304507049766426,71
noOrient_tig00000739_pilon_113526,60878,-0.00015782828282828287,0.019381233826331695,0.8896966961624053,0.05075802215636191,69
noOrient_tig00000739_pilon_113526,60880,-0.00015782828282828287,0.019381233826331695,0.8896966961624053,0.05075802215636191,69
noOrient_tig00000739_pilon_113526,77931,-0.00014324618736383436,0.01501257060653231,0.9028990241199821,0.04436081637483843,61
noOrient_tig00000739_pilon_113526,90517,-0.00010885167464114805,0.009676387803874573,0.9219247897903466,0.035304507049766426,71
noOrient_tig00000739_pilon_113526,90758,-0.00010885167464114805,0.009676387803874573,0.9219247897903466,0.035304507049766426,71
noOrient_tig00000764_pilon_109116,62450,-0.00022028862478777603,0.039608621797465667,0.8428504914060987,0.07424945564316063,69
noOrient_tig00000764_pilon_109116,62529,-0.0003659539473684213,0.11121349084551557,0.7397929537576287,0.1308898094882556,70
noOrient_tig00000764_pilon_109116,63455,-0.00045945945945945926,0.16624128932350624,0.6847937140266537,0.16444023486137535,68
noOrient_tig00000764_pilon_109116,63620,-0.00018673218673218665,0.027874601387219925,0.8678994620099203,0.061530580841013885,70
noOrient_tig00000764_pilon_109116,68401,-0.00018673218673218665,0.027874601387219925,0.8678994620099203,0.061530580841013885,70
noOrient_tig00000764_pilon_109116,69591,-0.0003659539473684213,0.11121349084551557,0.7397929537576287,0.1308898094882556,70
noOrient_tig00000764_pilon_109116,69634,-0.00010885167464114805,0.009676387803874573,0.9219247897903466,0.035304507049766426,71
noOrient_tig00001136_pilon_33507,2750,-0.00010885167464114805,0.009676387803874573,0.9219247897903466,0.035304507049766426,71
noOrient_tig00001136_pilon_33507,14469,-0.000430320945945946,0.1502812161831047,0.6994956121179358,0.15521500545942257,69
noOrient_tig00001136_pilon_33507,22681,-8.47039473684209e-05,0.005681797462726486,0.9401355243338894,0.026809536583389814,70
noOrient_tig00001136_pilon_33507,22682,-8.47039473684209e-05,0.005681797462726486,0.9401355243338894,0.026809536583389814,70
noOrient_tig00001136_pilon_33507,22965,-0.00018673218673218665,0.027874601387219925,0.8678994620099203,0.061530580841013885,70
noOrient_tig00001747_pilon_74125,14050,-0.00042720139494333036,0.14372083711614853,0.7058266009118929,0.15130197815010674,68
noOrient_tig00001747_pilon_74125,14131,-0.00042720139494333036,0.14372083711614853,0.7058266009118929,0.15130197815010674,68
noOrient_tig00001747_pilon_74125,50019,-0.0007428571428571428,0.4217844727694085,0.518408867971365,0.28532757797448316,65
noOrient_tig00000298_pilon_510753,5268,0.0007655462184873945,0.4611398001206149,0.499430955558122,0.30152454285885477,69
noOrient_tig00000298_pilon_510753,5301,-0.0006857142857142855,0.37906472592133844,0.5401595301614703,0.2674779571458813,70
noOrient_tig00000298_pilon_510753,53645,-0.0005672268907563024,0.2547473668438448,0.6154080394853749,0.21083683457323757,69
noOrient_tig00000298_pilon_510753,53712,0.0005672268907563027,0.2547473668438448,0.6154080394853749,0.21083683457323757,69
noOrient_tig00000298_pilon_510753,53941,0.0006175115207373272,0.29427118342860453,0.589380416406013,0.22960429873397833,66
noOrient_tig00000298_pilon_510753,54023,0.0006175115207373272,0.29427118342860453,0.589380416406013,0.22960429873397833,66
noOrient_tig00000298_pilon_510753,54026,0.0006175115207373272,0.29427118342860453,0.589380416406013,0.22960429873397833,66
noOrient_tig00000298_pilon_510753,189829,-0.0003142981691368784,0.0787040075235418,0.7799389639822237,0.10793938274913377,68
noOrient_tig00000298_pilon_510753,192583,5.5921052631579015e-05,0.002523916977361495,0.9600795304803738,0.017692789649866175,70
noOrient_tig00000298_pilon_510753,211777,-0.00010885167464114805,0.009676387803874573,0.9219247897903466,0.035304507049766426,71
noOrient_tig00000298_pilon_510753,226465,-0.00010571687840290391,0.008589709824187053,0.9264423081547811,0.033181620090511864,67
noOrient_tig00000298_pilon_510753,256801,0.00021519524617996617,0.03682549456161111,0.8484011917061843,0.07139873012358466,69
noOrient_tig00000298_pilon_510753,264920,8.557347670250917e-05,0.005476045317439124,0.9412374041381764,0.026300822583951826,67
noOrient_tig00000298_pilon_510753,266161,-0.0003659539473684216,0.11121349084551553,0.7397929537576287,0.1308898094882556,70
noOrient_tig00000298_pilon_510753,287265,-0.0003659539473684213,0.11121349084551557,0.7397929537576287,0.1308898094882556,70
noOrient_tig00000298_pilon_510753,394784,-2.4411508282475764e-05,0.00045472923679094494,0.9830512334986264,0.007423847533152948,68
noOrient_tig00000298_pilon_510753,432214,-0.000581578947368421,0.27824631461349036,0.5996217890047162,0.22212259418169292,68
noOrient_tig00000298_pilon_510753,442901,-0.00021701388888888923,0.03559948093281421,0.8509239766900004,0.0701092389505077,68
noOrient_tig00001109_pilon_30453,15051,-0.0015,1.8313579483021656,0.1805843152720071,0.7433199732175817,68
noOrient_tig00001109_pilon_30453,21046,0.0012966386554621849,1.4100456186780475,0.2392416783888805,0.6211631594764812,69
noOrient_tig00000909_pilon_88595,14654,-0.0004749575551782681,0.1742826182963332,0.6776682032451656,0.16898289133965647,69
noOrient_tig00000909_pilon_88595,54145,-0.0007958333333333331,0.5010609158597265,0.4814535776849166,0.3174455817008549,70
noOrient_tig00000909_pilon_88595,54316,-0.0008737903225806449,0.6220401245521837,0.43299169668814663,0.3635204318616356,71
noOrient_tig00000598_pilon_46059,39157,-6.944444444444447e-05,0.004024792162657361,0.9496012628006152,0.02245871651874082,70
noOrient_tig00000663_pilon_152077,10118,-0.00030882352941176487,0.07397034680112406,0.7864903217702013,0.10430661725894928,68
noOrient_tig00000663_pilon_152077,61430,0.00035982142857142837,0.10095836175578639,0.7517010928913409,0.12395481833667243,67
noOrient_tig00000308_pilon_184722,25158,0.0002046218487394961,0.03320499477140619,0.8559584345632334,0.06754732419914743,69
noOrient_tig00000308_pilon_184722,93179,-3.219696969696928e-05,0.0007796730871469415,0.9778121261719809,0.00974458120909974,65
noOrient_tig00000489_pilon_156511,15558,0.00013324420677361884,0.013435711368532471,0.9080792446145179,0.041876250601043406,67
noOrient_tig00000489_pilon_156511,15609,0.00013324420677361884,0.013435711368532471,0.9080792446145179,0.041876250601043406,67
noOrient_tig00000489_pilon_156511,23604,0.00016176470588235266,0.020536485419127826,0.886478989875421,0.05233155300079285,69
noOrient_tig00000489_pilon_156511,32156,-4.4642857142833896e-07,1.6145159830430316e-07,0.9996806323518411,0.00013872176009422691,67
noOrient_tig00000489_pilon_156511,32488,-4.4642857142833896e-07,1.6145159830430316e-07,0.9996806323518411,0.00013872176009422691,67
noOrient_tig00000788_pilon_175246,72917,-8.080808080808062e-05,0.005132939604465564,0.9430982325098234,0.025443069070659106,69
noOrient_tig00000788_pilon_175246,72997,1.7316017316019521e-06,2.3039617425056065e-06,0.9987934855392332,0.0005242989234031532,68
noOrient_tig00000788_pilon_175246,75553,0.00028571428571428584,0.06620195490478567,0.7977261878400843,0.09814615064933632,70
noOrient_tig00000928_pilon_68749,9956,-0.00012408088235294154,0.011538618715159083,0.9147934376164722,0.038676959519133296,66
noOrient_tig00000928_pilon_68749,9957,0.00012408088235294154,0.011538618715159083,0.9147934376164722,0.038676959519133296,66
noOrient_tig00000928_pilon_68749,50537,2.0424836601307405e-05,0.00033664895589514255,0.9854149689222789,0.006380844871167067,70
noOrient_tig00000928_pilon_68749,50546,2.0424836601307405e-05,0.00033664895589514255,0.9854149689222789,0.006380844871167067,70
noOrient_tig00000928_pilon_68749,50726,1.7316017316019521e-06,2.3039617425056065e-06,0.9987934855392332,0.0005242989234031532,68
noOrient_tig00000928_pilon_68749,54146,2.0424836601307405e-05,0.00033664895589514255,0.9854149689222789,0.006380844871167067,70
noOrient_tig00000928_pilon_68749,59338,-0.00042310924369747904,0.14076454185194504,0.7087072454351747,0.14953312722658774,69
noOrient_tig00001052_pilon_38617,6291,0.000515597147950089,0.2046151563865693,0.6525272066887335,0.18540137599204123,67
noOrient_tig00001052_pilon_38617,15406,-6.596638655462185e-05,0.003530605526715684,0.9527953353958767,0.021000377697392575,69
noOrient_tig00001052_pilon_38617,23348,9.03361344537818e-05,0.006356647327594791,0.9366907868767861,0.02840375139185884,69
noOrient_tig00001052_pilon_38617,23396,9.03361344537818e-05,0.006356647327594791,0.9366907868767861,0.02840375139185884,69
noOrient_tig00001515_pilon_160006,136056,-0.0016199134199134204,2.1187595615590737,0.15024470981590243,0.8232008107608922,68
noOrient_tig00001516_pilon_320660,96358,0.00018235294117647055,0.02476408820673779,0.8754677038416467,0.05775987048523857,64
noOrient_tig00001516_pilon_320660,124161,-0.00012173202614379095,0.01187253843783363,0.9135541825890244,0.03926568968900113,70
noOrient_tig00000479_pilon_274116,99615,-0.0007689393939393939,0.46042064772194213,0.49991244510597965,0.30110605153791287,65
noOrient_tig00000479_pilon_274116,207386,-0.00032857142857142867,0.08730305118970161,0.7685345296528219,0.11433661521589848,70
noOrient_tig00000479_pilon_274116,210735,-0.00032857142857142867,0.08730305118970161,0.7685345296528219,0.11433661521589848,70
noOrient_tig00000479_pilon_274116,230416,-0.00020198412698412707,0.03348885963266585,0.8553349738554165,0.06786376970841655,71
noOrient_tig00000647_pilon_179951,37224,-0.00044526143790849643,0.16585588528823372,0.6851005836365965,0.16424566250536432,70
noOrient_tig00000647_pilon_179951,142656,0.00020198412698412707,0.03348885963266585,0.8553349738554165,0.06786376970841655,71
noOrient_tig00001128_pilon_11455,5958,-0.00016666666666666666,0.020009301844865657,0.8879554303422944,0.05160883246709278,66
noOrient_tig00001128_pilon_11455,5962,-0.00016666666666666666,0.020009301844865657,0.8879554303422944,0.05160883246709278,66
noOrient_tig00001086_pilon_35940,17855,-0.0006597222222222219,0.34641760346946743,0.5581570316166418,0.2532435996819523,68
noOrient_tig00001086_pilon_35940,23191,0.0007852292020373515,0.4787928154144645,0.4913606802162187,0.30859959968408635,69
noOrient_tig00000541_pilon_277767,8234,0.0026355098389982106,5.489311380014357,0.022110752624025076,1.6553964742960938,69
noOrient_tig00000541_pilon_277767,8237,0.0026355098389982106,5.489311380014357,0.022110752624025076,1.6553964742960938,69
noOrient_tig00000541_pilon_277767,10229,0.002632867132867133,5.608047367874182,0.020727530713170784,1.6834524326634672,70
noOrient_tig00000541_pilon_277767,221206,-0.0019485714285714286,2.8906536164746157,0.09387541894667895,1.0274481118165382,67
noOrient_tig00000541_pilon_277767,224911,0.002283720930232558,3.9520395617606034,0.05096534012579869,1.2927250731047881,68
noOrient_tig00000541_pilon_277767,229864,-0.0021721824686940965,3.689033773751747,0.05902835911860476,1.2289392892104531,69
noOrient_tig00000637_pilon_198092,80458,-0.0017893996247654788,2.341509101004769,0.1308199891602918,0.8833258911895728,67
noOrient_tig00000637_pilon_198092,140356,-0.0017487714987714984,1.9953622181291146,0.1632183233291557,0.7872310877754903,59
noOrient_tig00001443_pilon_190853,65081,-0.0018087121212121214,2.4824204849833404,0.11990662330472625,0.9211568270325174,68
noOrient_tig00001443_pilon_190853,155148,0.002286111111111111,3.909917081163204,0.05211833287644765,1.2830094846351834,69
noOrient_tig00001443_pilon_190853,155157,0.002286111111111111,3.909917081163204,0.05211833287644765,1.2830094846351834,69
noOrient_tig00001443_pilon_190853,155744,0.0020264957264957265,3.277287962484393,0.0745990424879346,1.1272667468554158,71
noOrient_tig00001443_pilon_190853,156564,-0.0021711111111111115,3.650375655693413,0.060273878972298675,1.2198708582739797,70
noOrient_tig00001443_pilon_190853,159794,-0.0024525691699604744,4.260585268500969,0.04300225850860468,1.3665087343723616,67
noOrient_tig00001443_pilon_190853,165976,-0.0022911111111111114,4.159123916564973,0.04529924561934094,1.3439090303510857,70
noOrient_tig00001443_pilon_190853,166092,-0.0020585664335664336,3.3100493953711143,0.073259871195027,1.1351338492442038,70
noOrient_tig00001699_pilon_378412,148958,-0.001935470085470085,2.977065809078973,0.08892857190868621,1.0509586819017787,71
noOrient_tig00001699_pilon_378412,148997,-0.001935470085470085,2.977065809078973,0.08892857190868621,1.0509586819017787,71
noOrient_tig00001699_pilon_378412,242023,-0.0011942105263157896,0.9914414411300125,0.3233238289597056,0.49036228671430965,63
noOrient_tig00001699_pilon_378412,257919,-0.0009578947368421052,0.7244826924185813,0.39775511716455736,0.40038422439782395,68
noOrient_tig00001699_pilon_378412,257964,-0.0010179487179487181,0.8368790138845278,0.3635715862413452,0.4394100650011573,69
noOrient_tig00001699_pilon_378412,257972,-0.0010179487179487181,0.8368790138845278,0.3635715862413452,0.4394100650011573,69
noOrient_tig00001699_pilon_378412,258905,-0.0016130952380952381,1.9734934758237384,0.16483857957620268,0.7829411364725827,67
noOrient_tig00001699_pilon_378412,258912,-0.001814814814814815,2.4618114777533484,0.12157554456875586,0.9151537764365195,66
noOrient_tig00001699_pilon_378412,258928,-0.001814814814814815,2.4618114777533484,0.12157554456875586,0.9151537764365195,66
noOrient_tig00001699_pilon_378412,258935,-0.001814814814814815,2.4618114777533484,0.12157554456875586,0.9151537764365195,66
noOrient_tig00001699_pilon_378412,259117,-0.0011875,1.1403437568763624,0.2893561484972305,0.5385672849263233,70
noOrient_tig00001699_pilon_378412,259170,-0.0011875,1.1403437568763624,0.2893561484972305,0.5385672849263233,70
noOrient_tig00001699_pilon_378412,259192,-0.0011875,1.1403437568763624,0.2893561484972305,0.5385672849263233,70
noOrient_tig00001856_pilon_46646,20131,-0.0004537422037422041,0.15671227269581764,0.6935829031119956,0.15890162080236492,63
noOrient_tig00001855_pilon_186703,20450,-0.00010620915032679712,0.009104161446284313,0.9242652511006936,0.03420337449656221,70
noOrient_tig00001855_pilon_186703,46430,-0.00014483065953654222,0.016389006119226723,0.8985287587651593,0.04646801808407149,67
noOrient_tig00000979_pilon_67283,20253,-0.0023193548387096773,4.533457796723937,0.03709151278874267,1.4307254534763196,66
noOrient_tig00000979_pilon_67283,21235,-0.001503361344537815,1.808466646820626,0.18322714058507555,0.7370101958793388,69
noOrient_tig00000979_pilon_67283,38939,-0.0012428571428571432,1.2708569961184808,0.2635682108819602,0.5791069714341771,70
noOrient_tig00000979_pilon_67283,39143,-0.0014509803921568625,1.7293702396433195,0.19290885851632955,0.7146478287769285,70
noOrient_tig00000538_pilon_243350,36579,-0.0010206782464846978,0.8301999922069098,0.3654334445929195,0.4371917083861172,70
noOrient_tig00000538_pilon_243350,48466,0.000867063492063492,0.5992917673240745,0.44179044990647887,0.35478367641783415,64
noOrient_tig00000538_pilon_243350,69436,0.0008810786914235192,0.5817293619413537,0.44835273360456607,0.3483801780054962,68
noOrient_tig00000538_pilon_243350,98674,0.0010206782464846978,0.8301999922069098,0.3654334445929195,0.4371917083861172,70
noOrient_tig00000538_pilon_243350,99443,-0.000572972972972973,0.26881093470205203,0.6058910821126196,0.21760543967673637,67
noOrient_tig00000538_pilon_243350,119760,0.0008487068965517242,0.5555065795072928,0.4586831236416363,0.3384872385995287,69
noOrient_tig00000538_pilon_243350,126457,0.0009883064516129029,0.7977779920057525,0.37486322982905496,0.4261271572458663,71
noOrient_tig00000538_pilon_243350,137808,0.0009883064516129029,0.7977779920057525,0.37486322982905496,0.4261271572458663,71
noOrient_tig00000538_pilon_243350,151221,0.001107142857142857,0.8672757999229559,0.3552657031204668,0.4494467167000157,65
noOrient_tig00000538_pilon_243350,157637,0.000667550839964633,0.34772852743427146,0.5574151664774951,0.25382121892397475,68
noOrient_tig00001595_pilon_392707,31957,0.0007333333333333337,0.41527234516142963,0.5215389957636591,0.28271321358104545,68
noOrient_tig00001595_pilon_392707,32156,0.0005911764705882348,0.27389838155527435,0.6024553273531998,0.2200751509162212,69
noOrient_tig00001595_pilon_392707,42939,0.0010273704789833815,0.8540795276504928,0.35898377052427344,0.4449251852129803,64
noOrient_tig00001595_pilon_392707,47683,0.0005428571428571426,0.23708024685396473,0.6278887481175002,0.20211729950936105,70
noOrient_tig00001595_pilon_392707,151063,0.0006302083333333332,0.31319748440875794,0.5778080016471197,0.23821644821849508,62
noOrient_tig00001595_pilon_392707,167406,0.0004555555555555555,0.1706910943461509,0.6807794737707131,0.16699354716921178,71
noOrient_tig00001595_pilon_392707,184971,0.0007489177489177489,0.4476232603819625,0.5057994111738948,0.296021680575001,68
noOrient_tig00001595_pilon_392707,212370,0.0003131313131313131,0.07658249415554054,0.7828352200820408,0.10632964348517446,69
noOrient_tig00001595_pilon_392707,293237,0.0004555555555555555,0.1706910943461509,0.6807794737707131,0.16699354716921178,71
noOrient_tig00001595_pilon_392707,293428,-0.0012032085561497327,1.2100597912798174,0.2753776535052795,0.5600713050126753,67
noOrient_tig00001634_pilon_172913,21166,0.0010151515151515147,0.7977430748383926,0.37511528844293185,0.4258352350998913,66
noOrient_tig00001634_pilon_172913,24596,0.0011666666666666665,1.0659355476650632,0.3057511025180408,0.5146319682519778,66
noOrient_tig00001634_pilon_172913,27444,0.0005428571428571426,0.23708024685396473,0.6278887481175002,0.20211729950936105,70
noOrient_tig00001634_pilon_172913,69963,0.0007088235294117646,0.40138237974551855,0.5285330761970322,0.27692782886675166,69
noOrient_tig00001634_pilon_172913,93042,0.0004555555555555555,0.1706910943461509,0.6807794737707131,0.16699354716921178,71
noOrient_tig00001634_pilon_172913,95749,-0.0005428571428571426,0.23708024685396473,0.6278887481175002,0.20211729950936105,70
noOrient_tig00001634_pilon_172913,107203,0.0008437499999999999,0.5404139199754724,0.46494660877865135,0.3325969155920006,66
noOrient_tig00001634_pilon_172913,134441,0.0007026143790849668,0.414491852544386,0.5218639469077935,0.28244270544353345,70
noOrient_tig00001634_pilon_172913,160467,0.0005428571428571426,0.23708024685396473,0.6278887481175002,0.20211729950936105,70
noOrient_tig00001800_pilon_122100,53937,0.0016410658307210039,1.9206791226397024,0.1709114138757779,0.7672289330794729,62
noOrient_tig00001800_pilon_122100,78831,-0.0015434966216216217,1.9050359349666948,0.1721037530529972,0.7642096589435905,69
noOrient_tig00001800_pilon_122100,87150,0.0018080065359477114,2.736361055174235,0.10269715046846573,0.9884416065778932,70
noOrient_tig00001800_pilon_122100,106341,-0.001123376623376624,1.0821045258195663,0.3020230429666742,0.5199599211107201,68
noOrient_tig00001850_pilon_142024,8443,0.001836182336182336,2.5682894649004058,0.11395007798925916,0.943285373245402,66
noOrient_tig00001850_pilon_142024,8554,-0.001898351648351648,2.841952492720053,0.09662769367116295,1.0148983861632312,67
noOrient_tig00002013_pilon_17517,12849,-0.0002393092105263156,0.04581451531961232,0.8311538543621845,0.08031857679855597,70
noOrient_tig00002013_pilon_17517,14107,-0.0005903508771929829,0.27207823960702227,0.6036871450394022,0.2191880719482381,68
noOrient_tig00002013_pilon_17517,14162,-0.0005903508771929829,0.27207823960702227,0.6036871450394022,0.2191880719482381,68
noOrient_tig00001062_pilon_64369,13892,-0.0010594736842105264,0.8149676090987641,0.3702067188697874,0.43155570351505934,63
noOrient_tig00001062_pilon_64369,21130,-0.00032342954159592536,0.08177779537925199,0.7757848185724375,0.11025872341439626,69
noOrient_tig00001062_pilon_64369,29858,-0.00043341604631927204,0.14895779149702862,0.7007382126546859,0.15444419891492084,70
noOrient_tig00001062_pilon_64369,30050,-0.00033613782051282063,0.0919416409822481,0.7626354756192801,0.1176829964563316,71
noOrient_tig00001666_pilon_166600,116881,-0.00030209241499564067,0.06946613673017264,0.7929368270587145,0.10076141136167813,68
noOrient_tig00001666_pilon_166600,133212,-0.0005871794871794875,0.2684511162290308,0.6060794846602862,0.2174704162863498,69
noOrient_tig00001666_pilon_166600,143508,-0.0005772222222222226,0.21969874815387275,0.6409968311909472,0.19314411743857335,61
noOrient_tig00001666_pilon_166600,158816,-0.0002588682432432432,0.05187916940463371,0.82051871404527,0.08591150929228847,69
noOrient_tig00000855_pilon_96617,15316,0.00023930921052631578,0.04581451531961232,0.8311538543621845,0.08031857679855597,70
noOrient_tig00000855_pilon_96617,48525,-0.00033613782051282063,0.0919416409822481,0.7626354756192801,0.1176829964563316,71
noOrient_tig00000855_pilon_96617,52210,-0.0005140612076095947,0.21270957940596047,0.6461237539144877,0.189684292384452,70
noOrient_tig00000498_pilon_300192,3663,-0.00039236111111111123,0.12367747181700577,0.7262000270748155,0.13894373923138492,68
noOrient_tig00000498_pilon_300192,3783,-0.0006338383838383841,0.3188810467170318,0.5741666982712628,0.24096200023456857,69
noOrient_tig00000498_pilon_300192,13505,-0.0005142857142857145,0.2127051554354116,0.6461271771714374,0.18968199143566933,70
noOrient_tig00000498_pilon_300192,187010,0.0005012315270935965,0.1998317977295153,0.6562567116192921,0.18292624197940685,71
noOrient_tig00000498_pilon_300192,187097,0.0005012315270935965,0.1998317977295153,0.6562567116192921,0.18292624197940685,71
noOrient_tig00000498_pilon_300192,187138,0.0005012315270935965,0.1998317977295153,0.6562567116192921,0.18292624197940685,71
noOrient_tig00000498_pilon_300192,187155,0.0005012315270935965,0.1998317977295153,0.6562567116192921,0.18292624197940685,71
noOrient_tig00000498_pilon_300192,238066,-0.0004620596205962062,0.17287215686755134,0.6789205442079749,0.16818104932949277,68
noOrient_tig00000498_pilon_300192,238107,-0.0004620596205962062,0.17287215686755134,0.6789205442079749,0.16818104932949277,68
noOrient_tig00000498_pilon_300192,238118,-0.0004620596205962062,0.17287215686755134,0.6789205442079749,0.16818104932949277,68
noOrient_tig00000498_pilon_300192,280105,0.0005302419354838711,0.22776429499996595,0.6346947639793765,0.19743508445623992,71
noOrient_tig00000498_pilon_300192,280271,-0.0006087675765095123,0.29449829162930297,0.5891265202082326,0.22979142655809615,70
noOrient_tig00000498_pilon_300192,285949,0.0011453867660764215,0.9521574869640822,0.33284469787791526,0.47775835684571655,66
noOrient_tig00000951_pilon_69009,58739,-0.0003277056277056282,0.08704070289992322,0.7688996276236517,0.11413034942387663,68
noOrient_tig00000951_pilon_69009,58791,-0.00013697478991596661,0.015225125646931046,0.9021675768072487,0.04471278515975414,69
noOrient_tig00000951_pilon_69009,58814,-0.0003277056277056282,0.08704070289992322,0.7688996276236517,0.11413034942387663,68
noOrient_tig00000951_pilon_69009,58888,-0.00042098214285714314,0.14015739949785072,0.709343166603007,0.14914361064765083,67
noOrient_tig00000727_pilon_165674,9102,0.0005534539473684207,0.24464303338192253,0.6224668734097192,0.20588375600439268,70
noOrient_tig00002000_pilon_27976,25080,-0.00031794871794871786,0.07822955320114149,0.7805728254477338,0.10758657214716813,69
noOrient_tig00001998_pilon_70501,44690,-0.00016112956810631208,0.02036055935346236,0.88695053211204,0.052100601396982194,71
noOrient_tig00001998_pilon_70501,45735,5.747126436781958e-06,2.6195913979777298e-05,0.9959310585557453,0.0017707237500874803,71
noOrient_tig00001998_pilon_70501,45745,5.747126436781958e-06,2.6195913979777298e-05,0.9959310585557453,0.0017707237500874803,71
noOrient_tig00001063_pilon_34828,21024,-0.0003761261261261267,0.09735981086250746,0.7561213222081773,0.12140851489798837,61
noOrient_tig00001150_pilon_31802,24110,-0.0009756944444444441,0.7605168873921371,0.38632831205276474,0.4130434634375543,68
noOrient_tig00001064_pilon_35205,13186,0.0008809121621621621,0.6354433292331905,0.42818161532191423,0.36837198378528113,69
noOrient_tig00001955_pilon_69177,10273,-0.0017430213464696225,2.496746726547331,0.11865537876048288,0.9257125700210154,71
noOrient_tig00001955_pilon_69177,10292,-0.0017430213464696225,2.496746726547331,0.11865537876048288,0.9257125700210154,71
noOrient_tig00001956_pilon_117609,38091,-0.0020214285714285716,3.2855716007590354,0.07443950965345987,1.1281964963083042,68
noOrient_tig00001956_pilon_117609,38095,-0.0018000871080139375,2.5218729305544922,0.11698554389515041,0.9318678014543034,69
noOrient_tig00001956_pilon_117609,80437,0.0017720797720797718,2.307227819376591,0.13369846020870046,0.8738735944337184,66
noOrient_tig00000774_pilon_116304,59647,0.001531048387096774,1.9460926288303633,0.16748293243316972,0.7760294437182624,71
noOrient_tig00000774_pilon_116304,61763,-0.001531048387096774,1.9460926288303633,0.16748293243316972,0.7760294437182624,71
noOrient_tig00000935_pilon_96169,29991,-0.0010271551724137934,0.8885754031745787,0.349250326614544,0.45686317906681456,69
noOrient_tig00001110_pilon_5950,3392,-0.0001217948717948718,0.011874506783545877,0.9135518263089248,0.03926680984233661,69
noOrient_tig00001110_pilon_5950,3443,-0.0001217948717948718,0.011874506783545877,0.9135518263089248,0.03926680984233661,69
unMap_tig00000004_pilon_26047,24774,-0.0010506535947712413,0.8959043757921727,0.34723372233920413,0.4593781040178688,70
unMap_tig00000094_pilon_26754,24842,0.0014298780487804882,1.6393520121973657,0.2048294163073277,0.6886076725861011,69
unMap_tig00000098_pilon_31263,29819,0.0009421052631578944,0.7118954233404213,0.40186305244511067,0.39592192129448184,68
unMap_tig00000331_pilon_35134,24542,0.0008221561969439731,0.5541590683382703,0.45922633136128677,0.33797321809036956,69
unMap_tig00000384_pilon_192157,17775,0.0004648692810457514,0.17355085720686664,0.6782872338362886,0.16858635679113215,70
unMap_tig00000384_pilon_192157,21154,-0.0006705767350928644,0.34233933948591644,0.5606055010299718,0.25134264497166575,64
unMap_tig00000384_pilon_192157,22844,-0.0006247899159663863,0.31143694700751134,0.5786598584803891,0.23757664351362334,69
unMap_tig00000384_pilon_192157,30172,-0.0005659536541889485,0.24381283747188873,0.6231301709280012,0.205421220418605,67
unMap_tig00000384_pilon_192157,42516,0.00033734402852049906,0.08853627065530963,0.7669952288584185,0.11520733759848442,67
unMap_tig00000384_pilon_192157,55066,-0.00046486928104575126,0.17355085720686664,0.6782872338362886,0.16858635679113215,70
unMap_tig00000384_pilon_192157,57957,-0.0003811605723370431,0.11921499566272756,0.7309378289304278,0.1361195610731983,71
unMap_tig00000384_pilon_192157,57982,-0.0003811605723370431,0.11921499566272756,0.7309378289304278,0.1361195610731983,71
unMap_tig00000384_pilon_192157,103165,0.0005303030303030302,0.2086238278214775,0.6493946618697453,0.18749128566696494,66
unMap_tig00000384_pilon_192157,103221,0.0006571428571428569,0.3364420647629984,0.5638651837675266,0.2488247203867255,68
unMap_tig00000384_pilon_192157,104160,-0.0004613970588235299,0.16516429756743353,0.6858014961275312,0.16380157177397306,66
unMap_tig00000384_pilon_192157,104744,0.0004138528138528137,0.13186753915964555,0.7176639927112249,0.14407884303773114,68
unMap_tig00000384_pilon_192157,110493,0.0004848484848484847,0.17136462048551843,0.6802859043264728,0.16730852762336956,66
unMap_tig00000384_pilon_192157,114740,0.0003811605723370431,0.11921499566272756,0.7309378289304278,0.1361195610731983,71
unMap_tig00000384_pilon_192157,130140,0.0004648692810457514,0.17355085720686664,0.6782872338362886,0.16858635679113215,70
unMap_tig00000384_pilon_192157,130182,-0.0005390756302521005,0.22786878864960464,0.6346621517635752,0.19745740017405358,69
unMap_tig00000427_pilon_343620,237172,0.0002224137931034483,0.03839974756218047,0.8452357472579036,0.073022143767674,69
unMap_tig00000427_pilon_343620,237306,0.00022083333333333316,0.03812962579620534,0.8457653683899535,0.07275010190969873,70
unMap_tig00000427_pilon_343620,237328,0.000197967479674797,0.031403281327277176,0.8598628379163601,0.06557082025281466,71
unMap_tig00000427_pilon_343620,237333,0.000197967479674797,0.031403281327277176,0.8598628379163601,0.06557082025281466,71
unMap_tig00000427_pilon_343620,260066,0.0005064655172413792,0.2034738641634478,0.6533879255365751,0.1848288954517811,69
unMap_tig00000427_pilon_343620,260245,0.0003831908831908833,0.10743665833701269,0.744151411036813,0.12833869041163293,66
unMap_tig00000427_pilon_343620,262180,0.00020689655172413774,0.0320583876150504,0.8584480906199545,0.06628596100266022,68
unMap_tig00000427_pilon_343620,306711,-0.00045579133510167974,0.15722186749875602,0.6930064055242675,0.1592627511443456,68
unMap_tig00000427_pilon_343620,324705,0.0007406015037593988,0.42143569612908244,0.5185445208880465,0.28521395027600055,66
unMap_tig00000427_pilon_343620,324706,0.0007406015037593988,0.42143569612908244,0.5185445208880465,0.28521395027600055,66
unMap_tig00000464_pilon_105346,101472,-0.0004273809523809527,0.15018609719998613,0.6995504668130186,0.15518094926677542,71
unMap_tig00000484_pilon_401613,31493,0.000618131868131868,0.29653618698958156,0.5879255153219899,0.23067769149813455,67
unMap_tig00000484_pilon_401613,31685,-0.000618131868131868,0.29653618698958156,0.5879255153219899,0.23067769149813455,67
unMap_tig00000484_pilon_401613,216140,-0.0002826678765880219,0.059407832338792536,0.8082019941101518,0.092480082339341,67
unMap_tig00000484_pilon_401613,240620,0.000197967479674797,0.031403281327277176,0.8598628379163601,0.06557082025281466,71
unMap_tig00000484_pilon_401613,240683,0.000197967479674797,0.031403281327277176,0.8598628379163601,0.06557082025281466,71
unMap_tig00000484_pilon_401613,361359,-8.596491228070168e-05,0.005772070001346586,0.9396695014189491,0.02702486868621175,68
unMap_tig00000484_pilon_401613,378698,0.0004500000000000003,0.15965043599954976,0.6907494583050211,0.16067944699086828,69
unMap_tig00000639_pilon_219053,29715,0.0005915966386554621,0.27462418245680775,0.6019759203158186,0.22042088064104964,69
unMap_tig00000639_pilon_219053,32700,-0.0004093137254901962,0.13380006385031587,0.715659565543695,0.14529351954352862,70
unMap_tig00000639_pilon_219053,48297,-0.0004273809523809527,0.15018609719998613,0.6995504668130186,0.15518094926677542,71
unMap_tig00000639_pilon_219053,110597,-0.0005142857142857143,0.21270515543541163,0.6461271771714374,0.18968199143566933,70
unMap_tig00000639_pilon_219053,122893,-0.0005294117647058824,0.23406048532743734,0.6301306271115175,0.20056941125572628,68
unMap_tig00000639_pilon_219053,156505,0.0003832720588235293,0.11558033893698125,0.7349915704748717,0.13371764175558926,66
unMap_tig00000639_pilon_219053,213910,0.000409313725490196,0.13380006385031473,0.715659565543695,0.14529351954352862,70
unMap_tig00000641_pilon_42203,32440,0.0012442434210526321,1.2574590647326902,0.2660770126240129,0.5749926441324852,70
unMap_tig00000683_pilon_9901,873,-0.00036261261261261277,0.09385859007899601,0.7604064417838203,0.11895421266493655,61
unMap_tig00000686_pilon_217140,23632,-0.0006944444444444438,0.39140427456806726,0.5336563597136761,0.2727383106130465,70
unMap_tig00000686_pilon_217140,44973,-3.661616161616134e-05,0.0010912632223455078,0.9737454717951404,0.011554548912658754,69
unMap_tig00000686_pilon_217140,45023,3.661616161616134e-05,0.0010912632223455078,0.9737454717951404,0.011554548912658754,69
unMap_tig00000686_pilon_217140,45024,3.661616161616134e-05,0.0010912632223455078,0.9737454717951404,0.011554548912658754,69
unMap_tig00000686_pilon_217140,45027,-3.661616161616134e-05,0.0010912632223455078,0.9737454717951404,0.011554548912658754,69
unMap_tig00000686_pilon_217140,45120,3.661616161616134e-05,0.0010912632223455078,0.9737454717951404,0.011554548912658754,69
unMap_tig00000686_pilon_217140,57190,0.0007023809523809523,0.3614375504777801,0.5498660745991684,0.25974307440592287,65
unMap_tig00000686_pilon_217140,187183,0.0005696790540540534,0.26291446950641395,0.60981133520682,0.2148045072057643,69
unMap_tig00000744_pilon_72326,47877,0.002088744588744589,3.1609173062671823,0.08032463696281081,1.095151228619946,64
unMap_tig00000747_pilon_29940,1880,0.0006794117647058817,0.3658327563272116,0.5473276416742509,0.2617526181402321,69
unMap_tig00000781_pilon_32728,8556,-0.0009595238095238096,0.7215673798982912,0.39884675536903913,0.39919393659771785,65
unMap_tig00000781_pilon_32728,8821,0.0008686635944700461,0.6077957419039404,0.4384925146272538,0.3580378159440654,66
unMap_tig00000781_pilon_32728,8876,-0.0008686635944700461,0.6077957419039404,0.4384925146272538,0.3580378159440654,66
unMap_tig00000782_pilon_26727,23848,-0.0012589126559714797,1.3097433829905685,0.25663798017369877,0.5906790714245658,67
unMap_tig00000791_pilon_40371,30459,-7.9769736842105e-05,0.005064293675082553,0.9434762367785191,0.025269033883710747,70
unMap_tig00000801_pilon_121330,58417,0.0007277960526315785,0.4420059382776155,0.5084043687417615,0.2937907261898469,70
unMap_tig00000801_pilon_121330,58590,0.0008280984719864174,0.5580484705116239,0.4576612294133884,0.33945587709643077,69
unMap_tig00000801_pilon_121330,63958,0.0007565922920892495,0.40101631113071035,0.5289319939188877,0.2766001626800387,63
unMap_tig00000811_pilon_73098,45464,-0.0004457070707070703,0.15482277269928496,0.6952178530551456,0.1578790838209261,69
unMap_tig00000811_pilon_73098,52391,0.0004787581699346404,0.1844940895104463,0.6688971679580038,0.17464064280176222,70
unMap_tig00000811_pilon_73098,52395,0.0004787581699346404,0.1844940895104463,0.6688971679580038,0.17464064280176222,70
unMap_tig00000816_pilon_26157,14966,-0.000702614379084967,0.4144918525443882,0.5218639469077935,0.28244270544353345,70
unMap_tig00000819_pilon_137906,46211,-0.0007813267813267819,0.48910480097758036,0.48671234745302305,0.3127276359576588,70
unMap_tig00000819_pilon_137906,63714,-0.0004457070707070707,0.16382483362478364,0.6869485631739192,0.1630757805038325,69
unMap_tig00000819_pilon_137906,81857,-0.0010416666666666662,0.9177458383878153,0.3414612950621899,0.46665851685376375,70
unMap_tig00000819_pilon_137906,98079,-0.0009479934479934484,0.7312198916077818,0.3954909404103024,0.4028634605225073,70
unMap_tig00000831_pilon_40212,15914,0.0010500000000000006,0.853511929789304,0.35887607470972194,0.4450554939317231,69
unMap_tig00000865_pilon_95668,38310,-0.000217857142857143,0.035620066227483156,0.8509287656848402,0.07010679475074705,63
unMap_tig00000865_pilon_95668,47571,-0.00033613782051282063,0.0919416409822481,0.7626354756192801,0.1176829964563316,71
unMap_tig00000865_pilon_95668,49290,-0.0005105263157894739,0.2015826391847974,0.6549172117946691,0.18381359578402018,68
unMap_tig00000865_pilon_95668,49598,-0.0004040747028862487,0.1295936688363804,0.7199860191387328,0.14267593672130396,69
unMap_tig00000884_pilon_75284,14649,-0.00017892156862745119,0.025653537916756192,0.8732241913554248,0.05887424132451017,70
unMap_tig00000884_pilon_75284,14680,-0.00017892156862745119,0.025653537916756192,0.8732241913554248,0.05887424132451017,70
unMap_tig00000884_pilon_75284,14732,-0.00023774509803921572,0.04508177171281067,0.8324889129660233,0.0796215416891978,70
unMap_tig00000930_pilon_22969,7784,0.0006740196078431372,0.38125535879706346,0.5389944146045449,0.2684157352195576,70
unMap_tig00000939_pilon_84056,397,2.4671052631578967e-05,0.0004879648882154211,0.9824409143795653,0.007693559355114196,70
unMap_tig00000939_pilon_84056,3098,-0.00010885167464114805,0.009676387803874573,0.9219247897903466,0.035304507049766426,71
unMap_tig00000939_pilon_84056,3308,-0.00018673218673218665,0.027874601387219925,0.8678994620099203,0.061530580841013885,70
unMap_tig00000963_pilon_27923,14738,0.0004273809523809527,0.15018609719998613,0.6995504668130186,0.15518094926677542,71
unMap_tig00000999_pilon_67664,46927,-0.00030637254901960795,0.07583010772871106,0.7838649822979601,0.10575873641339484,70
unMap_tig00000999_pilon_67664,49229,0.00034374999999999987,0.09044874731740267,0.7646136715830254,0.11655794089718402,64
unMap_tig00001041_pilon_48055,30716,-0.00042424242424242425,0.1325485803649735,0.7170041408340955,0.1444783361924436,66
unMap_tig00001057_pilon_43327,13812,-0.0019577950043066323,3.0426612713706276,0.08562138736626218,1.0674177393534905,70
unMap_tig00001072_pilon_70125,4395,0.00012452651515151492,0.011609444603324229,0.914538694102608,0.03879791481332916,65
unMap_tig00001072_pilon_70125,14294,0.000676470588235294,0.35381388137293546,0.5539959558866674,0.25649340556491873,68
unMap_tig00001081_pilon_26363,5208,0.0003344226579520693,0.07248263158508743,0.7886950850975208,0.10309086555368398,61
unMap_tig00001081_pilon_26363,5209,0.0003344226579520693,0.07248263158508743,0.7886950850975208,0.10309086555368398,61
unMap_tig00001081_pilon_26363,5215,0.0003344226579520693,0.07248263158508743,0.7886950850975208,0.10309086555368398,61
unMap_tig00001081_pilon_26363,5223,0.0003344226579520693,0.07248263158508743,0.7886950850975208,0.10309086555368398,61
unMap_tig00001081_pilon_26363,5234,0.0003344226579520693,0.07248263158508743,0.7886950850975208,0.10309086555368398,61
unMap_tig00001081_pilon_26363,5247,0.0003344226579520693,0.07248263158508743,0.7886950850975208,0.10309086555368398,61
unMap_tig00001081_pilon_26363,5328,-0.00010885167464114805,0.009676387803874573,0.9219247897903466,0.035304507049766426,71
unMap_tig00001081_pilon_26363,5340,-0.00010885167464114805,0.009676387803874573,0.9219247897903466,0.035304507049766426,71
unMap_tig00001081_pilon_26363,5372,-0.00010885167464114805,0.009676387803874573,0.9219247897903466,0.035304507049766426,71
unMap_tig00001081_pilon_26363,5395,-7.862407862407856e-05,0.00491775028744321,0.9442986630867498,0.0248906251761267,70
unMap_tig00001081_pilon_26363,5405,-7.862407862407856e-05,0.00491775028744321,0.9442986630867498,0.0248906251761267,70
unMap_tig00001081_pilon_26363,5517,-7.862407862407856e-05,0.00491775028744321,0.9442986630867498,0.0248906251761267,70
unMap_tig00001081_pilon_26363,5838,-0.0002447916666666667,0.045451555470481575,0.831833050464452,0.0799638282014505,68
unMap_tig00001081_pilon_26363,5867,-0.0002447916666666667,0.045451555470481575,0.831833050464452,0.0799638282014505,68
unMap_tig00001081_pilon_26363,5876,-0.0002447916666666667,0.045451555470481575,0.831833050464452,0.0799638282014505,68
unMap_tig00001081_pilon_26363,5917,-0.0002447916666666667,0.045451555470481575,0.831833050464452,0.0799638282014505,68
unMap_tig00001081_pilon_26363,5962,-0.0003659539473684216,0.11121349084551553,0.7397929537576287,0.1308898094882556,70
unMap_tig00001081_pilon_26363,6010,-0.0003659539473684216,0.11121349084551553,0.7397929537576287,0.1308898094882556,70
unMap_tig00001081_pilon_26363,6041,-0.0003659539473684216,0.11121349084551553,0.7397929537576287,0.1308898094882556,70
unMap_tig00001081_pilon_26363,6046,-0.0003659539473684216,0.11121349084551553,0.7397929537576287,0.1308898094882556,70
unMap_tig00001081_pilon_26363,6048,-0.0003659539473684216,0.11121349084551553,0.7397929537576287,0.1308898094882556,70
unMap_tig00001081_pilon_26363,6072,-0.0005677083333333335,0.2586029663229052,0.6127772567293227,0.21269736194635852,68
unMap_tig00001081_pilon_26363,6078,-0.0005677083333333335,0.2586029663229052,0.6127772567293227,0.21269736194635852,68
unMap_tig00001081_pilon_26363,6096,-0.0005677083333333335,0.2586029663229052,0.6127772567293227,0.21269736194635852,68
unMap_tig00001081_pilon_26363,6114,-0.0005677083333333335,0.2586029663229052,0.6127772567293227,0.21269736194635852,68
unMap_tig00001081_pilon_26363,6160,-0.0005677083333333335,0.2586029663229052,0.6127772567293227,0.21269736194635852,68
unMap_tig00001081_pilon_26363,6163,-0.0005677083333333335,0.2586029663229052,0.6127772567293227,0.21269736194635852,68
unMap_tig00001081_pilon_26363,6209,-0.0005677083333333335,0.2586029663229052,0.6127772567293227,0.21269736194635852,68
unMap_tig00001081_pilon_26363,9693,-0.00021338383838383822,0.03542305280778898,0.8512808213985024,0.06992715076670858,69
unMap_tig00001081_pilon_26363,9721,-0.00021338383838383822,0.03542305280778898,0.8512808213985024,0.06992715076670858,69
unMap_tig00001081_pilon_26363,9740,-0.00021338383838383822,0.03542305280778898,0.8512808213985024,0.06992715076670858,69
unMap_tig00001081_pilon_26363,9780,-0.00018673218673218665,0.027874601387219925,0.8678994620099203,0.061530580841013885,70
unMap_tig00001081_pilon_26363,9804,-0.00018673218673218665,0.027874601387219925,0.8678994620099203,0.061530580841013885,70
unMap_tig00001081_pilon_26363,9805,-0.00018673218673218665,0.027874601387219925,0.8678994620099203,0.061530580841013885,70
unMap_tig00001081_pilon_26363,9809,-0.00018673218673218665,0.027874601387219925,0.8678994620099203,0.061530580841013885,70
unMap_tig00001081_pilon_26363,9835,-0.00010885167464114805,0.009676387803874573,0.9219247897903466,0.035304507049766426,71
unMap_tig00001081_pilon_26363,9860,-0.00010885167464114805,0.009676387803874573,0.9219247897903466,0.035304507049766426,71
unMap_tig00001081_pilon_26363,9864,-0.00010885167464114805,0.009676387803874573,0.9219247897903466,0.035304507049766426,71
unMap_tig00001115_pilon_15777,13013,-0.0012289272030651338,1.1097192994715217,0.2961665452923314,0.5284640005599343,65
unMap_tig00001115_pilon_15777,13167,-0.001163054187192118,0.9697024246585374,0.32858175825350655,0.4833565507906335,64
unMap_tig00001118_pilon_43555,24764,0.00020691287878787866,0.031081540777079825,0.860624099081825,0.06518649702673888,65
unMap_tig00001118_pilon_43555,25208,0.00017678571428571458,0.023567400827897624,0.8784663762609821,0.05627485668863368,67
unMap_tig00001118_pilon_43555,27070,-0.0004273809523809527,0.15018609719998613,0.6995504668130186,0.15518094926677542,71
unMap_tig00001118_pilon_43555,38004,0.0004273809523809527,0.15018609719998613,0.6995504668130186,0.15518094926677542,71
unMap_tig00001124_pilon_21235,925,-0.001157986111111111,1.0886444811288825,0.30057846825417145,0.5220421330415983,68
unMap_tig00001167_pilon_32072,6251,0.00023774509803921564,0.04508177171281067,0.8324889129660233,0.0796215416891978,70
unMap_tig00001167_pilon_32072,7841,-0.0005024509803921567,0.2113380962118226,0.6471870824786836,0.188970159603778,70
unMap_tig00001167_pilon_32072,28286,-0.0005024509803921567,0.2113380962118226,0.6471870824786836,0.188970159603778,70
unMap_tig00001167_pilon_32072,29079,-0.00023774509803921572,0.04508177171281067,0.8324889129660233,0.0796215416891978,70
unMap_tig00001184_pilon_16527,4673,0.0009363327674023773,0.7255202113002513,0.3973734484855964,0.4008011547436306,69
unMap_tig00001187_pilon_20704,8937,-0.0013072916666666665,1.3162163608411723,0.25561052160779374,0.5924212734316406,65
unMap_tig00001239_pilon_16084,15803,0.0002846283783783783,0.06578011819464785,0.7983689446715154,0.09779636478194036,69
unMap_tig00001241_pilon_8079,5140,0.0009883064516129029,0.7977779920057525,0.37486322982905496,0.4261271572458663,71
unMap_tig00001264_pilon_10493,10069,-0.00048359966358284295,0.1901199525192714,0.6641979572550243,0.1777024644109776,70
unMap_tig00001278_pilon_30812,24512,-0.0026971153846153868,6.465426469711106,0.01324630724580937,1.8779051757867842,71
unMap_tig00001278_pilon_30812,24619,-0.0026971153846153868,6.465426469711106,0.01324630724580937,1.8779051757867842,71
unMap_tig00001454_pilon_103922,18712,0.0007018716577540107,0.3712190719150762,0.5444643292819229,0.26403056788889173,67
unMap_tig00001454_pilon_103922,18861,0.0007018716577540107,0.3712190719150762,0.5444643292819229,0.26403056788889173,67
unMap_tig00001454_pilon_103922,18880,0.0007018716577540107,0.3712190719150762,0.5444643292819229,0.26403056788889173,67
unMap_tig00001491_pilon_83558,32181,0.0002924448217317487,0.06602838186178497,0.7979972135709691,0.097998625106495,69
unMap_tig00001504_pilon_58132,1496,0.0008082386363636358,0.5199352532610754,0.47353670321780683,0.32464635375215223,65
unMap_tig00001504_pilon_58132,4040,0.0010519480519480518,0.9330673879847678,0.3375933815967882,0.4716060761582573,68
unMap_tig00001504_pilon_58132,5842,0.0009303030303030302,0.6955562202156901,0.4072893044323703,0.39009699449782725,68
unMap_tig00001504_pilon_58132,16164,-0.0009000000000000002,0.6442697768762687,0.42504986666907607,0.37156011571727304,68
unMap_tig00001528_pilon_192341,164305,-8.93141945773526e-05,0.006514245286680474,0.9359055369798297,0.028767983354517235,71
unMap_tig00001534_pilon_71199,50290,-0.00019932432432432468,0.03239258490124762,0.8577119828171624,0.0666585224919897,69
unMap_tig00001534_pilon_71199,50455,-0.00029206625980819525,0.0677555091686757,0.795443608869993,0.0993906032262788,68
unMap_tig00001548_pilon_104191,23682,0.0009416118421052633,0.743120165769285,0.3916930872671135,0.4070540929612965,70
unMap_tig00001548_pilon_104191,23796,-0.0009416118421052636,0.743120165769285,0.3916930872671135,0.4070540929612965,70
unMap_tig00001548_pilon_104191,23919,0.0009416118421052633,0.743120165769285,0.3916930872671135,0.4070540929612965,70
unMap_tig00001548_pilon_104191,32497,0.0012563344594594592,1.2556956344520573,0.2664680665384577,0.5743548292531797,69
unMap_tig00001548_pilon_104191,61836,0.0010880893300248135,0.9481576101124688,0.33363991143335114,0.47672200276306015,70
unMap_tig00001548_pilon_104191,62090,-0.0012530288909599252,1.2537201992232365,0.26702769320856234,0.5734436959987654,66
unMap_tig00001548_pilon_104191,76779,0.0011430288461538466,1.0783212520550498,0.3026987214481223,0.5189894134312631,71
unMap_tig00001548_pilon_104191,82550,-0.0011430288461538464,1.0783212520550483,0.3026987214481223,0.5189894134312631,71
unMap_tig00001548_pilon_104191,82722,0.0014267990074441684,1.7205411142938247,0.19403477519379872,0.712120428207241,70
unMap_tig00001548_pilon_104191,94848,0.0014305555555555556,1.5548586814790322,0.21696377124588762,0.663612778877538,66
unMap_tig00001548_pilon_104191,94999,-0.0012715780296425456,1.2485788718687014,0.26787519740911386,0.5720674958991313,68
unMap_tig00001548_pilon_104191,101178,0.0010074441687344914,0.8213547811278559,0.3679845981718186,0.4341703581443342,70
unMap_tig00001551_pilon_65803,37275,0.00013716108452950537,0.015365286291493361,0.9017098797934452,0.04493317185067567,71
unMap_tig00001551_pilon_65803,37326,5.098684210526323e-05,0.0020689007785288883,0.9638539081335835,0.015988787362244752,70
unMap_tig00001551_pilon_65803,37419,5.098684210526323e-05,0.0020689007785288883,0.9638539081335835,0.015988787362244752,70
unMap_tig00001551_pilon_65803,58605,-9.991039426523324e-05,0.007810984283626962,0.9298465725379943,0.03158870542145891,67
unMap_tig00001551_pilon_65803,58820,-0.00015244932432432448,0.0188243377357414,0.8912827491666893,0.049984499192165625,69
unMap_tig00001551_pilon_65803,58880,-0.0006281249999999997,0.3367850843113502,0.5636973519136277,0.24895400536430795,67
unMap_tig00001567_pilon_56512,27154,0.00015625000000000025,0.019334544485913648,0.8898226466316275,0.05069654533781634,70
unMap_tig00001567_pilon_56512,29600,-0.00047962648556876096,0.18703619986029896,0.6667837514628709,0.1760149918314251,69
unMap_tig00001576_pilon_76660,20417,0.0011232423490488007,1.0240304006895937,0.3151521550127807,0.5014797188193143,70
unMap_tig00001584_pilon_39859,24361,0.0002495755517826824,0.050849007288720036,0.8222788870515059,0.08498086060395728,69
unMap_tig00001590_pilon_60593,3712,0.0005142857142857143,0.21270515543541163,0.6461271771714374,0.18968199143566933,70
unMap_tig00001590_pilon_60593,31258,-0.001267463235294117,1.2256996716438757,0.2723888026667301,0.5648107493290117,66
unMap_tig00001590_pilon_60593,51423,-0.0008824884792626727,0.5979316718085196,0.4422149952955613,0.3543665347928096,66
unMap_tig00001601_pilon_55013,33227,0.000495045045045045,0.19060930195203113,0.6638568356334354,0.17792556852078584,67
unMap_tig00001601_pilon_55013,33277,-0.0004950450450450451,0.19060930195203113,0.6638568356334354,0.17792556852078584,67
unMap_tig00001604_pilon_41347,35729,-0.0010866454689984102,0.9810069485576678,0.32541100104428033,0.4875677691248318,71
unMap_tig00001604_pilon_41347,35945,-0.0010866454689984102,0.9810069485576678,0.32541100104428033,0.4875677691248318,71
unMap_tig00001621_pilon_33979,9782,-0.0010866454689984102,0.9810069485576678,0.32541100104428033,0.4875677691248318,71
unMap_tig00001621_pilon_33979,9861,-0.0010866454689984102,0.9810069485576678,0.32541100104428033,0.4875677691248318,71
unMap_tig00001647_pilon_63484,27907,-0.001345238095238095,1.42190271102341,0.23723502117940098,0.6248211990249871,70
unMap_tig00001649_pilon_33435,16413,-0.00022064393939393953,0.03867604749063378,0.8447248908045802,0.07328470863514358,65
unMap_tig00001649_pilon_33435,20605,-0.00044526143790849643,0.16585588528823372,0.6851005836365965,0.16424566250536432,70
unMap_tig00001671_pilon_34049,17873,-0.0009413489736070383,0.6619383740824005,0.4189901002724862,0.3777962382456937,64
unMap_tig00001671_pilon_34049,17902,-0.0009413489736070383,0.6619383740824005,0.4189901002724862,0.3777962382456937,64
unMap_tig00001689_pilon_41968,27294,0.0006875000000000001,0.351513447661888,0.5554141493753604,0.2553830606365935,64
unMap_tig00001689_pilon_41968,27322,0.0006875000000000001,0.351513447661888,0.5554141493753604,0.2553830606365935,64
unMap_tig00001691_pilon_90707,62832,7.563025210084177e-06,4.6732734715164426e-05,0.9945659105292892,0.0023664306082596042,69
unMap_tig00001691_pilon_90707,62879,4.411764705882367e-05,0.0015458363911746394,0.9687562424505386,0.013785485979220179,68
unMap_tig00001718_pilon_142280,36212,-0.00034040671971706483,0.085925134705502,0.7703425628580859,0.11331610589872038,68
unMap_tig00001718_pilon_142280,36324,-0.0002650862068965515,0.053149073271226324,0.8183740380907368,0.0870481565353578,69
unMap_tig00001718_pilon_142280,62674,0.00027083333333333327,0.05765409828729386,0.8109652806984206,0.0909977385432922,70
unMap_tig00001718_pilon_142280,62885,0.0003279727095516568,0.07886578044676884,0.7797606190663785,0.1080387021488521,65
unMap_tig00001718_pilon_142280,72690,-9.561403508771921e-05,0.0071689354286398254,0.9327804022152131,0.03022058704818338,68
unMap_tig00001718_pilon_142280,72728,9.561403508771921e-05,0.0071689354286398254,0.9327804022152131,0.03022058704818338,68
unMap_tig00001718_pilon_142280,73909,-0.0006027777777777778,0.2657394885418477,0.6079803720929692,0.21611044117021164,66
unMap_tig00001731_pilon_34555,13303,-0.0005,0.20066293444850247,0.6556102253451264,0.1833542814951737,70
unMap_tig00001736_pilon_62821,34979,0.0006740196078431372,0.38125535879706346,0.5389944146045449,0.2684157352195576,70
unMap_tig00001739_pilon_62723,26580,-0.00036889991728701426,0.1073091645596937,0.7442350669415307,0.1282898707020033,70
unMap_tig00001739_pilon_62723,29907,-0.00033613782051282063,0.0919416409822481,0.7626354756192801,0.1176829964563316,71
unMap_tig00001739_pilon_62723,29925,-0.00033613782051282063,0.0919416409822481,0.7626354756192801,0.1176829964563316,71
unMap_tig00001739_pilon_62723,29935,-0.00033613782051282063,0.0919416409822481,0.7626354756192801,0.1176829964563316,71
unMap_tig00001752_pilon_58495,14122,-0.00013701923076923087,0.01526013139301609,0.9020450518503523,0.04477177145872148,71
unMap_tig00001752_pilon_58495,14345,-6.41447368421053e-05,0.0032745617857930197,0.9545347489796061,0.020208256882258947,70
unMap_tig00001755_pilon_113164,25479,8.868092691622133e-05,0.006754753052608857,0.9347503333554598,0.029304371293388806,67
unMap_tig00001757_pilon_136162,36831,1.0416666666666658e-05,8.521967954816198e-05,0.9926623202011878,0.0031984628986419525,68
unMap_tig00001757_pilon_136162,69112,0.0005505514705882354,0.23485695066766918,0.6296001381835676,0.20093518533076707,66
unMap_tig00001757_pilon_136162,69135,0.0005505514705882354,0.23485695066766918,0.6296001381835676,0.20093518533076707,66
unMap_tig00001766_pilon_54153,18258,-0.00039302884615384655,0.12575893732595966,0.723952064012278,0.140290189361103,71
unMap_tig00001766_pilon_54153,18441,-0.00039302884615384655,0.12575893732595966,0.723952064012278,0.140290189361103,71
unMap_tig00001766_pilon_54153,19429,-0.00039292196007259566,0.12052273790519835,0.7295897718982215,0.1369212630010476,67
unMap_tig00001766_pilon_54153,19471,-0.0005475382003395595,0.23801856838026475,0.627233635539222,0.2025706605637302,69
unMap_tig00001794_pilon_95214,24263,0.0006106321839080462,0.2892187779378006,0.5926163622481606,0.22722636173887809,65
unMap_tig00001794_pilon_95214,32260,-0.0005428571428571427,0.23816823517997548,0.6271021993438113,0.20266167608447141,70
unMap_tig00001794_pilon_95214,36166,0.00042795698924731184,0.1314720488417239,0.7182063074483065,0.1437507851219955,61
unMap_tig00001794_pilon_95214,72895,0.0010496323529411765,0.8800546962141289,0.3517136107099934,0.4538108249106104,66
unMap_tig00001795_pilon_139039,36799,-0.00146167097329888,1.654552867437605,0.20270279135040853,0.6931402707459031,70
unMap_tig00001795_pilon_139039,96232,-0.001817499999999999,2.3800072349450816,0.12790549025198472,0.8931108133402167,65
unMap_tig00001798_pilon_37430,7489,0.0008061403508771934,0.5199013821007646,0.4734301740411915,0.32474406579440407,68
unMap_tig00001798_pilon_37430,7783,-0.0009187840290381129,0.6577897399991574,0.4203011921482265,0.37643937815382517,67
unMap_tig00001807_pilon_75264,21944,-0.0004392712550607289,0.13866566785571555,0.7108810173818001,0.1482030825595041,64
unMap_tig00001807_pilon_75264,21991,-0.0004392712550607289,0.13866566785571555,0.7108810173818001,0.1482030825595041,64
unMap_tig00001807_pilon_75264,22002,-0.0004392712550607289,0.13866566785571555,0.7108810173818001,0.1482030825595041,64
unMap_tig00001807_pilon_75264,22026,-0.0004392712550607289,0.13866566785571555,0.7108810173818001,0.1482030825595041,64
unMap_tig00001810_pilon_131194,93488,-0.0004303209459459459,0.1502812161831047,0.6994956121179358,0.15521500545942257,69
unMap_tig00001810_pilon_131194,93510,-0.0004303209459459459,0.1502812161831047,0.6994956121179358,0.15521500545942257,69
unMap_tig00001810_pilon_131194,93515,-0.0004303209459459459,0.1502812161831047,0.6994956121179358,0.15521500545942257,69
unMap_tig00001810_pilon_131194,93526,-0.0004303209459459459,0.1502812161831047,0.6994956121179358,0.15521500545942257,69
unMap_tig00001810_pilon_131194,93537,-0.0004303209459459459,0.1502812161831047,0.6994956121179358,0.15521500545942257,69
unMap_tig00001810_pilon_131194,93543,-0.0004303209459459459,0.1502812161831047,0.6994956121179358,0.15521500545942257,69
unMap_tig00001810_pilon_131194,93567,-0.0004303209459459459,0.1502812161831047,0.6994956121179358,0.15521500545942257,69
unMap_tig00001810_pilon_131194,93606,-0.0004303209459459459,0.1502812161831047,0.6994956121179358,0.15521500545942257,69
unMap_tig00001810_pilon_131194,93646,-0.0004230769230769234,0.13837267828499197,0.7110781236836521,0.14808268222264662,69
unMap_tig00001810_pilon_131194,93661,-0.0004230769230769234,0.13837267828499197,0.7110781236836521,0.14808268222264662,69
unMap_tig00001810_pilon_131194,93688,-0.0004230769230769234,0.13837267828499197,0.7110781236836521,0.14808268222264662,69
unMap_tig00001810_pilon_131194,118597,-0.00024116161616161608,0.045337636175331854,0.8320309363790732,0.07986052557353004,69
unMap_tig00001810_pilon_131194,118629,-0.00024116161616161608,0.045337636175331854,0.8320309363790732,0.07986052557353004,69
unMap_tig00001810_pilon_131194,118655,-0.00024116161616161608,0.045337636175331854,0.8320309363790732,0.07986052557353004,69
unMap_tig00001810_pilon_131194,118656,-0.00024116161616161608,0.045337636175331854,0.8320309363790732,0.07986052557353004,69
unMap_tig00001810_pilon_131194,118698,-0.00024116161616161608,0.045337636175331854,0.8320309363790732,0.07986052557353004,69
unMap_tig00001810_pilon_131194,120096,-5.0892857142857295e-05,0.001923775003233608,0.9651497793137253,0.015405284291601483,67
unMap_tig00001810_pilon_131194,120139,-5.0892857142857295e-05,0.001923775003233608,0.9651497793137253,0.015405284291601483,67
unMap_tig00001810_pilon_131194,120171,-5.0892857142857295e-05,0.001923775003233608,0.9651497793137253,0.015405284291601483,67
unMap_tig00001810_pilon_131194,120172,5.0892857142856895e-05,0.001923775003233608,0.9651497793137253,0.015405284291601483,67
unMap_tig00001810_pilon_131194,120177,-5.0892857142857295e-05,0.001923775003233608,0.9651497793137253,0.015405284291601483,67
unMap_tig00001810_pilon_131194,120187,0.00010606060606060627,0.008587828068176834,0.9264547869759302,0.03317577035046961,66
unMap_tig00001810_pilon_131194,120204,-0.00013413547237076654,0.013525914630270471,0.9077726019836853,0.04202292909136443,67
unMap_tig00001810_pilon_131194,120209,-0.00013413547237076654,0.013525914630270471,0.9077726019836853,0.04202292909136443,67
unMap_tig00001810_pilon_131194,125034,-0.00036491228070175454,0.1049078140527754,0.7470418961017553,0.12665504110886214,68
unMap_tig00001810_pilon_131194,125040,-5.399274047186934e-05,0.00236047912752549,0.9613991924807044,0.017096246989274776,67
unMap_tig00001810_pilon_131194,125044,-5.399274047186934e-05,0.00236047912752549,0.9613991924807044,0.017096246989274776,67
unMap_tig00001826_pilon_220708,48953,-0.0019437209302325582,2.9581382930408924,0.09013258306399577,1.0451181825298281,68
unMap_tig00001826_pilon_220708,50316,0.002013350559862188,3.2510990143467002,0.07580614677151742,1.120295577999615,70
unMap_tig00001826_pilon_220708,80573,-0.0020133505598621875,3.2510990143466976,0.0758061467715183,1.1202955779996102,70
unMap_tig00001826_pilon_220708,158949,-0.001550387596899225,1.9574893759423109,0.16632704134343806,0.7790371377225835,70
unMap_tig00001841_pilon_78640,54274,4.5638945233266156e-05,0.00162221751283395,0.9680040169770685,0.014122840473264339,63
unMap_tig00001843_pilon_56848,10259,0.0011430288461538466,1.0783212520550498,0.3026987214481223,0.5189894134312631,71
unMap_tig00001893_pilon_66635,20665,-0.002191111111111111,3.728560306508709,0.05765962593589882,1.2391281794036204,70
unMap_tig00001893_pilon_66635,61872,-0.0023045454545454545,3.685566452429317,0.05948938305315609,1.2255605349916474,64
unMap_tig00001893_pilon_66635,62221,-0.001956565656565657,2.9306075709918438,0.09168253834473576,1.037713371229093,67
unMap_tig00001893_pilon_66635,62308,-0.0024090909090909093,4.321018059208097,0.041535415231870945,1.3815814435107978,68
unMap_tig00001912_pilon_26430,8679,0.0004043859649122807,0.12608942408527932,0.7236538776014045,0.14046910644196006,68
unMap_tig00001928_pilon_45998,15825,-0.00024710424710424727,0.045034029380328786,0.8326265676152664,0.07954973567284881,65
unMap_tig00001960_pilon_39414,20425,0.0006093749999999995,0.3058458429666562,0.5820812352091697,0.23501640101827828,69
unMap_tig00001963_pilon_70016,58195,-0.00030637254901960795,0.07583010772871106,0.7838649822979601,0.10575873641339484,70
unMap_tig00001983_pilon_53968,39633,-0.0010242165242165242,0.7627205135842177,0.3857436205688306,0.4137012475711372,66
unMap_tig00001983_pilon_53968,39757,-0.0004818031430934659,0.1855348166286868,0.668021504656177,0.17520955668135985,70
unMap_tig00001983_pilon_53968,48322,-7.857733664185295e-05,0.005089964310533811,0.9433334057165285,0.02533478587139232,70
unMap_tig00001997_pilon_32547,10373,0.0007096774193548384,0.4045689640418275,0.5269386524279482,0.27823994354054393,68
unMap_tig00002005_pilon_31202,26832,0.0001684981684981687,0.020998407562236202,0.8852316899471504,0.052943047385049444,67
unMap_tig00002025_pilon_35782,14780,-0.0006740196078431371,0.38125535879706346,0.5389944146045449,0.2684157352195576,70
unMap_tig00002025_pilon_35782,14880,0.0006628787878787881,0.3577928763376555,0.5517512951306561,0.258256638741863,69
